policy,day,date,horizon_days,far_terminal_soc,forecast_origin,max_history_day,n_scenarios,scenario_expected,solve_seconds,planned_cost,emergency_cost,total_cost,adjusted_cost,planned_kwh,emergency_kwh,spill_kwh,emergency_slots,emergency_day,events,initial_soc,terminal_soc,balance_residual,soc_residual
H2_E1200,31,2025-02-01,2,1200.0,2025-02-01,30,28,95469.08652760641,0.13402843899984873,27445.143032721564,0.0,27445.143032721564,25850.85688324445,52999.05294065118,0.0,10954.904817432089,0,0,0,6000.0,9864.415659922983,5.684341886080802e-14,9.094947017729282e-13
H2_E1200,32,2025-02-02,2,1200.0,2025-02-02,31,28,124767.65134445179,0.13170446899994204,58364.98055921135,0.0,58364.98055921135,58548.846247995665,91769.12139813617,0.0,9860.00940667769,0,0,0,9864.415659922983,9418.740680375759,1.1368683772161603e-13,9.094947017729282e-13
H2_E1200,33,2025-02-03,2,1200.0,2025-02-03,32,28,120403.89143571703,0.1330978339997273,55884.29442450108,0.0,55884.29442450108,56040.07412431696,88782.54683051247,0.0,4669.938808533647,0,0,0,9418.740680375759,9041.143778048008,1.4210854715202004e-13,9.094947017729282e-13
H2_E1200,34,2025-02-04,2,1200.0,2025-02-04,33,28,117001.25935352192,0.1352112429999579,57261.48875311694,0.0,57261.48875311694,57155.68926990705,90721.58039415532,0.0,4776.897691904881,0,0,0,9041.143778048008,9297.592835114794,4.263256414560601e-14,9.094947017729282e-13
H2_E1200,35,2025-02-05,2,1200.0,2025-02-05,34,28,113541.66964135547,0.13854563199993208,56079.6990597751,0.0,56079.6990597751,56176.26513104762,88962.28726456393,0.0,3995.2358517610082,0,0,0,9297.592835114794,9063.524792709002,1.7053025658242404e-13,9.094947017729282e-13
H2_E1200,36,2025-02-06,2,1200.0,2025-02-06,35,28,79081.84732038465,0.1452962639996258,56019.79122252376,194.11759737967617,56213.90881990344,56219.83888037341,88834.27913669992,33.29996604625569,4248.336485887356,2,1,1,9063.524792709002,9049.15082442735,5.684341886080802e-14,9.094947017729282e-13
H2_E1200,37,2025-02-07,2,1200.0,2025-02-07,36,28,43916.5002625791,0.15482727100015836,22848.819256050756,0.0,22848.819256050756,22841.608682240527,44025.802653426705,0.0,8614.908005822104,0,0,0,9049.15082442735,9066.62864944541,1.1368683772161603e-13,9.094947017729282e-13
H2_E1200,38,2025-02-08,2,1200.0,2025-02-08,37,28,73803.28523208114,0.13448401300001933,20979.44212539352,0.0,20979.44212539352,20972.083992145865,40468.92135046159,0.0,5309.850371934862,0,0,0,9066.62864944541,9084.464146140515,5.684341886080802e-14,9.094947017729282e-13
H2_E1200,39,2025-02-09,2,1200.0,2025-02-09,38,28,104513.64233426946,0.13382110800012015,52451.42247295624,2023.3464614749096,54474.76893443115,54688.25839694379,83876.82461059994,304.7615169845736,567.5088289036671,6,1,3,9084.464146140515,8566.983628334487,5.684341886080802e-14,8.846257060213247e-13
H2_E1200,40,2025-02-10,2,1200.0,2025-02-10,39,28,105335.41378611747,0.12956418299972938,52052.91117740389,365.61995657205375,52418.53113397594,52464.08294503243,83760.30169128683,79.94990559718244,5481.1800748179085,5,1,2,8566.983628334487,8456.569866010657,1.1368683772161603e-13,9.094947017729282e-13
H2_E1200,41,2025-02-11,2,1200.0,2025-02-11,40,28,105340.35607860486,0.1423219479997897,52525.25324294444,255.63802992791364,52780.89127287235,52706.45710465542,84319.19080695813,53.83714020977297,4663.8697030844705,5,1,3,8456.569866010657,8636.992035133311,5.684341886080802e-14,9.094947017729282e-13
H2_E1200,42,2025-02-12,2,1200.0,2025-02-12,41,28,105114.15613152423,0.13505191800004468,52344.82026727074,20.40497967128736,52365.22524694203,52286.19499496033,83869.55302730546,4.3563150451083175,4147.872173458792,1,1,1,8636.992035133311,8828.554725097036,5.684341886080802e-14,9.094947017729282e-13
H2_E1200,43,2025-02-13,2,1200.0,2025-02-13,42,28,72402.066027893,0.1364855209999405,51995.18348323766,0.0,51995.18348323766,52199.58387579871,82831.64611374724,0.0,8281.803231801967,0,0,0,8828.554725097036,8333.105349107422,1.1368683772161603e-13,9.094947017729282e-13
H2_E1200,44,2025-02-14,2,1200.0,2025-02-14,43,28,38396.50091523829,0.13719337899965467,19862.21551818605,0.0,19862.21551818605,19715.72680271075,37743.434494055255,0.0,4113.811511019041,0,0,0,8333.105349107422,8688.181686106538,5.684341886080802e-14,9.094947017729282e-13
H2_E1200,45,2025-02-15,2,1200.0,2025-02-15,44,28,69052.30947438211,0.12734143199986647,19590.282330655642,0.0,19590.282330655642,19463.43364048218,37212.83628915573,0.0,4196.1229620156755,0,0,0,8688.181686106538,8995.652252107386,5.684341886080802e-14,9.094947017729282e-13
H2_E1200,46,2025-02-16,2,1200.0,2025-02-16,45,28,98511.53435021742,0.1320781059998808,49945.504819926166,356.3460463022474,50301.850866228415,50381.00763459356,80371.25995888893,86.04579588316261,850.1990970870581,2,1,2,8995.652252107386,8803.782897061257,5.684341886080802e-14,9.094947017729282e-13
H2_E1200,47,2025-02-17,2,1200.0,2025-02-17,46,28,99346.56270958368,0.13878015800037247,48852.255406624405,792.1403389890944,49644.395745613496,49741.86847445401,79275.50065559743,116.77745025644424,4440.443456977274,2,1,2,8803.782897061257,8567.517192896274,5.684341886080802e-14,9.094947017729282e-13
H2_E1200,48,2025-02-18,2,1200.0,2025-02-18,47,28,100518.14362962144,0.13786370599973452,50154.63006367104,0.0,50154.63006367104,49939.850373096895,80978.7892353448,0.0,4260.731955157811,0,0,0,8567.517192896274,9088.125115106683,5.684341886080802e-14,9.094947017729282e-13
H2_E1200,49,2025-02-19,2,1200.0,2025-02-19,48,28,99877.342839548,0.1342928240001129,49837.94087810446,174.0319046969306,50011.97278280139,50186.87210224514,80328.15264078617,39.73784785864382,3584.299867562894,1,1,1,9088.125115106683,8664.183861405158,1.1368683772161603e-13,9.094947017729282e-13
H2_E1200,50,2025-02-20,2,1200.0,2025-02-20,49,28,68770.21897602828,0.1306871609999689,49695.56481947508,56.405014673997336,49751.96983414908,49886.93840980008,79863.92005797705,12.042061202817536,5255.722075393914,1,1,1,8664.183861405158,8337.031375313314,8.526512829121202e-14,9.094947017729282e-13
H2_E1200,51,2025-02-21,2,1200.0,2025-02-21,50,28,37137.861501498126,0.13193422699987423,19113.73024245337,0.0,19113.73024245337,19157.74014080808,36159.46436873125,0.0,7449.166985225071,0,0,0,8337.031375313314,8230.355079813073,5.684341886080802e-14,9.094947017729282e-13
H2_E1200,52,2025-02-22,2,1200.0,2025-02-22,51,28,67096.55814519324,0.13476920399989467,19426.200387344263,0.0,19426.200387344263,18991.73627762266,37109.19555374993,0.0,4796.188875396367,0,0,0,8230.355079813073,9283.459574155768,5.684341886080802e-14,9.094947017729282e-13
H2_E1200,53,2025-02-23,2,1200.0,2025-02-23,52,28,96425.65541029366,0.13530219999984183,48734.08118012824,12.350764731446807,48746.43194485969,48922.34709557531,78687.05433821812,2.636798619010847,3436.478269617845,1,1,1,9283.459574155768,8857.056030810612,1.1368683772161603e-13,9.094947017729282e-13
H2_E1200,54,2025-02-24,2,1200.0,2025-02-24,53,28,96639.33301790175,0.13860189899969555,47650.35374552016,774.4718541955908,48424.82559971575,48498.44433150181,77690.97033151347,132.0887056929339,5788.345110397149,5,1,2,8857.056030810612,8678.610411076023,1.1368683772161603e-13,9.094947017729282e-13
H2_E1200,55,2025-02-25,2,1200.0,2025-02-25,54,28,97599.70953299144,0.13638492900008714,48687.634959588206,100.76651852289655,48788.401478111104,48679.81266797326,78972.97450400158,22.641790208732118,9154.219173608783,2,1,2,8678.610411076023,8941.820562231587,1.1368683772161603e-13,9.094947017729282e-13
H2_E1200,56,2025-02-26,2,1200.0,2025-02-26,55,28,95181.51047967956,0.13948973099968498,47667.91858523907,0.0,47667.91858523907,47537.681474232326,77406.96212128375,0.0,4209.624439007985,0,0,0,8941.820562231587,9257.504375606419,1.1368683772161603e-13,9.094947017729282e-13
H2_E1200,57,2025-02-27,2,1200.0,2025-02-27,56,28,64954.538792221094,0.13961148599992157,46286.2581358428,804.6702445270835,47090.928380369885,47779.895078070724,74707.47150946029,162.93488753162868,5446.257294763747,3,1,1,9257.504375606419,7587.506993622157,1.1368683772161603e-13,9.094947017729282e-13
H2_E1200,58,2025-02-28,2,1200.0,2025-02-28,57,28,36507.11966444627,0.12867692600002556,18675.915083067026,0.0,18675.915083067026,18616.229591720105,35554.68482605885,0.0,8941.828433346498,0,0,0,7587.506993622157,7732.179609329746,5.684341886080802e-14,8.526512829121202e-13
H2_E1200,59,2025-03-01,2,1200.0,2025-03-01,58,28,64891.89631334511,0.13108132800016392,19264.250812730308,0.0,19264.250812730308,18604.643144810936,36944.11789104456,0.0,8475.149663475191,0,0,0,7732.179609329746,9331.013170136192,5.684341886080802e-14,9.094947017729282e-13
H2_E1200,60,2025-03-02,2,1200.0,2025-03-02,59,28,92571.87109980974,0.15102715500006525,46661.38968901064,11405.17076056788,58066.56044957852,58364.51622697162,75743.06997976045,1684.9939923316108,1700.041707046247,8,1,2,9331.013170136192,8608.793402687263,5.684341886080802e-14,8.988365607365267e-13
H2_E1200,61,2025-03-03,2,1200.0,2025-03-03,60,28,95917.1343584873,0.13703316600003745,47071.79233496403,5634.304822411163,52706.097157375196,52730.59785196627,76816.88793522239,870.3131015921639,1254.5257890041114,10,1,2,8608.793402687263,8549.405777769494,5.684341886080802e-14,9.094947017729282e-13
H2_E1200,62,2025-03-04,2,1200.0,2025-03-04,61,28,100210.56941535804,0.14146975699986797,49881.01689689018,0.0,49881.01689689018,49728.29895893433,80454.12833210525,0.0,6960.247521237326,0,0,0,8549.405777769494,8919.581226625578,1.1368683772161603e-13,9.094947017729282e-13
H2_E1200,63,2025-03-05,2,1200.0,2025-03-05,62,28,98983.05821742801,0.14164535800000522,48846.75662187436,5.267273480358757,48852.023895354716,48855.748039418504,79134.93039647496,1.1577697506008917,9331.242514865582,1,1,1,8919.581226625578,8910.554214351387,1.1368683772161603e-13,9.094947017729282e-13
H2_E1200,64,2025-03-06,2,1200.0,2025-03-06,63,28,66174.95480434557,0.13379881899982138,46772.73989576634,0.0,46772.73989576634,47522.74134491073,75105.03567997128,0.0,7398.89714795221,0,0,0,8910.554214351387,7092.613723562396,1.1368683772161603e-13,9.094947017729282e-13
H2_E1200,65,2025-03-07,2,1200.0,2025-03-07,64,28,35469.727293639895,0.1371393130002616,17650.60639092393,0.0,17650.60639092393,17787.385562896558,33172.55326566237,0.0,9745.013400472955,0,0,0,7092.613723562396,6761.072504129688,5.684341886080802e-14,8.526512829121202e-13
H2_E1200,66,2025-03-08,2,1200.0,2025-03-08,65,28,63578.55501847611,0.12997965099975772,18384.008684904817,0.0,18384.008684904817,17307.57284725199,35108.265667959146,0.0,10082.955253988539,0,0,0,6761.072504129688,9370.262522679492,5.684341886080802e-14,9.094947017729282e-13
H2_E1200,67,2025-03-09,2,1200.0,2025-03-09,66,28,88236.07344329216,0.14680154899997433,44135.64547182838,0.0,44135.64547182838,44353.103559013594,72146.44847689763,0.0,5348.435526275204,0,0,0,9370.262522679492,8843.162392147056,5.684341886080802e-14,9.023892744153272e-13
H2_E1200,68,2025-03-10,2,1200.0,2025-03-10,67,28,87629.04947238136,0.14171923799995056,42424.22834540451,11830.978155067392,54255.206500471904,54317.7166389912,70012.24089590096,1901.3465890632556,93.03264699117437,11,1,2,8843.162392147056,8691.643069046144,5.684341886080802e-14,9.094947017729282e-13
H2_E1200,69,2025-03-11,2,1200.0,2025-03-11,68,28,92098.38271369475,0.14820482499999343,45677.10516807445,0.0,45677.10516807445,45454.22701510707,75023.03602339144,0.0,6657.238118060843,0,0,0,8691.643069046144,9231.880983591363,1.1368683772161603e-13,8.952838470577262e-13
H2_E1200,70,2025-03-12,2,1200.0,2025-03-12,69,28,90402.15126930221,0.14164324900002612,44420.728597281995,0.0,44420.728597281995,44530.46044465285,72700.81203525358,0.0,6760.350077108596,0,0,0,9231.880983591363,8965.900206231365,5.684341886080802e-14,9.094947017729282e-13
H2_E1200,71,2025-03-13,2,1200.0,2025-03-13,70,28,60516.30110634188,0.12574752899990926,41954.45528988243,4884.758736178332,46839.21402606076,48272.56140354323,67773.87657620701,807.7211965923274,775.0140542435311,7,1,2,8965.900206231365,5491.586606085334,1.1368683772161603e-13,9.094947017729282e-13
H2_E1200,72,2025-03-14,2,1200.0,2025-03-14,71,28,34430.126501390085,0.1254372590001367,17037.988132582526,0.0,17037.988132582526,16825.654729330454,32149.105695485036,0.0,12742.330147102713,0,0,0,5491.586606085334,6006.264933386343,5.684341886080802e-14,7.958078640513122e-13
H2_E1200,73,2025-03-15,2,1200.0,2025-03-15,72,28,61869.901858384925,0.13125767900010032,18406.14266590179,0.0,18406.14266590179,17195.270636251193,35412.81967826818,0.0,8246.524548904501,0,0,0,6006.264933386343,8941.31698478827,5.684341886080802e-14,9.094947017729282e-13
H2_E1200,74,2025-03-16,2,1200.0,2025-03-16,73,28,87779.6479066202,0.14266080499965028,43600.974018151486,7.461180000000455,43608.435198151485,43502.01942385805,71732.09733656696,1.6400000000001,4156.762470483846,1,1,1,8941.31698478827,9199.259879655201,1.1368683772161603e-13,8.668621376273222e-13
H2_E1200,75,2025-03-17,2,1200.0,2025-03-17,74,28,87814.41894017915,0.15229503599994132,42198.0712252559,0.0,42198.0712252559,42337.4088425902,69895.80936883707,0.0,8726.171145237899,0,0,0,9199.259879655201,8861.517203649633,1.1368683772161603e-13,9.094947017729282e-13
H2_E1200,76,2025-03-18,2,1200.0,2025-03-18,75,28,87905.83137431323,0.14480627199964147,42883.66178517301,0.0,42883.66178517301,42815.83162297295,70804.76090163637,0.0,5445.795234603786,0,0,0,8861.517203649633,9025.931817115976,1.1368683772161603e-13,9.094947017729282e-13
H2_E1200,77,2025-03-19,2,1200.0,2025-03-19,76,28,87842.77289030481,0.13863954699991154,42793.051904233726,0.0,42793.051904233726,42742.6863094157,70527.22032773678,0.0,6987.201272184997,0,0,0,9025.931817115976,9148.013786779924,1.4210854715202004e-13,8.419931418757187e-13
H2_E1200,78,2025-03-20,2,1200.0,2025-03-20,77,28,59050.779034415864,0.13540171100021325,40761.7520145047,0.0,40761.7520145047,42293.00269451027,65740.7293018532,0.0,3678.0843430662494,0,0,0,9148.013786779924,5436.39080804301,1.1368683772161603e-13,9.094947017729282e-13
H2_E1200,79,2025-03-21,2,1200.0,2025-03-21,78,28,33053.38746412296,0.1276939920003315,16243.176136781607,0.0,16243.176136781607,16285.090122556649,30883.366500850454,0.0,16169.989892255551,0,0,0,5436.39080804301,5334.794828518267,5.684341886080802e-14,9.094947017729282e-13
H2_E1200,80,2025-03-22,2,1200.0,2025-03-22,79,28,59594.72773797218,0.1304363630001717,18213.559874887935,0.0,18213.559874887935,16489.403839049664,35458.47089509087,0.0,12249.121202446862,0,0,0,5334.794828518267,9514.00418013271,5.684341886080802e-14,9.094947017729282e-13
H2_E1200,81,2025-03-23,2,1200.0,2025-03-23,80,28,83317.78610798823,0.14162059199998112,41208.168068596235,115.37619526438046,41323.54426386062,41643.65828209024,68041.46682867398,21.239584532976117,6271.613380473981,2,1,2,9514.00418013271,8738.07469883279,5.684341886080802e-14,9.094947017729282e-13
H2_E1200,82,2025-03-24,2,1200.0,2025-03-24,81,28,82772.25305398992,0.14139676800004963,40158.865222021836,0.0,40158.865222021836,40214.30952175808,66872.0222691901,0.0,5056.325665962777,0,0,0,8738.07469883279,8603.682375206023,5.684341886080802e-14,9.094947017729282e-13
H2_E1200,83,2025-03-25,2,1200.0,2025-03-25,82,28,83368.22019173794,0.14169298199976765,40868.72451007402,6.520130801975029,40875.24464087599,40855.86581079483,67928.47532863081,1.391554967874299,2878.9516695694447,1,1,1,8603.682375206023,8650.655030937372,1.1368683772161603e-13,8.668621376273222e-13
H2_E1200,84,2025-03-26,2,1200.0,2025-03-26,83,28,84471.36038918563,0.1484585880002669,41142.19153123521,0.0,41142.19153123521,41077.49571022306,68357.01383084216,0.0,8869.75779698757,0,0,0,8650.655030937372,8807.472264740041,1.1368683772161603e-13,9.094947017729282e-13
H2_E1200,85,2025-03-27,2,1200.0,2025-03-27,84,28,56999.12636218106,0.13761875099999088,39382.73123878209,0.0,39382.73123878209,40885.84150304458,63893.53265155168,0.0,5463.636686818094,0,0,0,8807.472264740041,5164.059289150925,5.684341886080802e-14,9.094947017729282e-13
H2_E1200,86,2025-03-28,2,1200.0,2025-03-28,85,28,32103.17304013363,0.13029147799989005,15960.692043695395,0.0,15960.692043695395,15827.764141634423,30788.684853279963,0.0,16910.806739804924,0,0,0,5164.059289150925,5486.265353936475,5.684341886080802e-14,6.821210263296962e-13
H2_E1200,87,2025-03-29,2,1200.0,2025-03-29,86,28,57762.15952042434,0.1318396040001062,17502.63706447004,0.0,17502.63706447004,15956.616463504091,34648.50052928865,0.0,20119.889631486363,0,0,0,5486.265353936475,9233.689379978363,5.684341886080802e-14,9.094947017729282e-13
H2_E1200,88,2025-03-30,2,1200.0,2025-03-30,87,28,78922.85579198123,0.15202395400001478,39400.19489872302,0.0,39400.19489872302,39472.491131301285,65250.34565979055,0.0,6347.370886802055,0,0,0,9233.689379978363,9058.449387195065,5.684341886080802e-14,9.094947017729282e-13
H2_E1200,89,2025-03-31,2,1200.0,2025-03-31,88,28,77857.17033758783,0.15128946899994844,37598.18997345613,3734.46764352239,41332.65761697852,41458.45671641567,62881.070677724056,546.484781261829,3113.8796349163076,3,1,2,9058.449387195065,8753.522940942887,1.1368683772161603e-13,9.094947017729282e-13
H2_E1200,90,2025-04-01,2,1200.0,2025-04-01,89,28,79388.80887235087,0.14243253600034222,39220.75787030938,0.0,39220.75787030938,39169.00628228416,65325.457200984805,0.0,1243.0198684014426,0,0,0,8753.522940942887,8878.964441677339,5.684341886080802e-14,9.094947017729282e-13
H2_E1200,91,2025-04-02,2,1200.0,2025-04-02,90,28,80269.98624792071,0.14489608699977907,39164.38346612248,5186.889313042615,44351.2727791651,44358.283870507636,65552.92808998766,1046.4165458434709,2157.6378861449816,10,1,1,8878.964441677339,8861.970145398629,5.684341886080802e-14,8.952838470577262e-13
H2_E1200,92,2025-04-03,2,1200.0,2025-04-03,91,28,55398.44491197085,0.13286583099989002,37959.66865477657,0.0,37959.66865477657,39688.94932125702,62159.83949023777,0.0,7027.506163706599,0,0,0,8861.970145398629,4670.339119725562,1.1368683772161603e-13,8.988365607365267e-13
H2_E1200,93,2025-04-04,2,1200.0,2025-04-04,92,28,31414.463868692175,0.12952147300029537,15470.454415111548,0.0,15470.454415111548,15226.878904112738,30132.12818912407,0.0,20474.32220611864,0,0,0,4670.339119725562,5260.7456909588755,5.684341886080802e-14,9.094947017729282e-13
H2_E1200,94,2025-04-05,2,1200.0,2025-04-05,93,28,56295.89682125432,0.13085662899993622,17205.8239789308,0.0,17205.8239789308,15575.731666137413,34298.22935608215,0.0,15275.632282423961,0,0,0,5260.7456909588755,9211.952482001287,5.684341886080802e-14,9.094947017729282e-13
H2_E1200,95,2025-04-06,2,1200.0,2025-04-06,94,28,78297.82765557888,0.14754114200013646,39145.2174066334,0.0,39145.2174066334,39340.679333409775,65689.21753105367,0.0,8072.894068586032,0,0,0,9211.952482001287,8738.169195982595,1.1368683772161603e-13,9.094947017729282e-13
H2_E1200,96,2025-04-07,2,1200.0,2025-04-07,95,28,77556.73034640928,0.1507334279999668,37427.18357872429,0.0,37427.18357872429,37439.30180587101,63386.147304289945,0.0,6439.4366285368005,0,0,0,8738.169195982595,8708.79563166252,1.1368683772161603e-13,8.872902412804251e-13
H2_E1200,97,2025-04-08,2,1200.0,2025-04-08,96,28,78408.09776902507,0.15069102200004636,38841.014115628175,0.0,38841.014115628175,38818.47099074461,65389.85030581289,0.0,6978.94380476813,0,0,0,8708.79563166252,8763.438272102087,1.1368683772161603e-13,9.094947017729282e-13
H2_E1200,98,2025-04-09,2,1200.0,2025-04-09,97,28,78055.8452625591,0.14256426400015698,38487.16232245077,0.0,38487.16232245077,38403.19545617623,64620.426578960076,0.0,1294.4978927984616,0,0,0,8763.438272102087,8966.966900292451,1.1368683772161603e-13,8.988365607365267e-13
H2_E1200,99,2025-04-10,2,1200.0,2025-04-10,98,28,53754.800447138296,0.12640189900002952,36925.682927112925,0.0,36925.682927112925,38721.17143271858,60591.74985614825,0.0,7076.642056182311,0,0,0,8966.966900292451,4614.853635964187,1.1368683772161603e-13,8.757439218243235e-13
H2_E1200,100,2025-04-11,2,1200.0,2025-04-11,99,28,30614.93042222604,0.1148107739995794,14939.151296594733,0.0,14939.151296594733,14835.55810206529,29226.151107288286,0.0,21131.250591737175,0,0,0,4614.853635964187,4865.954834662004,5.684341886080802e-14,9.094947017729282e-13
H2_E1200,101,2025-04-12,2,1200.0,2025-04-12,100,28,54223.337541957786,0.1290203339999607,17017.400298715394,0.0,17017.400298715394,15148.268121208195,34110.23742678816,0.0,17607.295276047193,0,0,0,4865.954834662004,9396.574171469114,5.684341886080802e-14,9.023892744153272e-13
H2_E1200,102,2025-04-13,2,1200.0,2025-04-13,101,28,74057.20465946582,0.1465825240002232,37314.83786679841,0.0,37314.83786679841,37527.170244562134,62840.44086703191,0.0,5280.16686068942,0,0,0,9396.574171469114,8881.898329865679,1.1368683772161603e-13,9.094947017729282e-13
H2_E1200,103,2025-04-14,2,1200.0,2025-04-14,102,28,74449.23726191846,0.14325093899969943,36108.93862703764,693.6626947446192,36802.60132178226,36918.4689379292,61385.45423821422,100.90037804610608,5415.106229892402,2,1,1,8881.898329865679,8601.044964575494,5.684341886080802e-14,9.094947017729282e-13
H2_E1200,104,2025-04-15,2,1200.0,2025-04-15,103,28,75852.46053923694,0.14835082399986277,37717.42762466421,0.0,37717.42762466421,37538.73920647051,63630.63816025503,0.0,9449.555866058045,0,0,0,8601.044964575494,9034.170675252388,1.1368683772161603e-13,9.094947017729282e-13
H2_E1200,105,2025-04-16,2,1200.0,2025-04-16,104,28,74522.99143407246,0.14452495600016846,36827.13715644309,0.0,36827.13715644309,36878.68155297386,61953.715375408065,0.0,2537.495211150742,0,0,0,9034.170675252388,8909.231389290379,5.684341886080802e-14,9.094947017729282e-13
H2_E1200,106,2025-04-17,2,1200.0,2025-04-17,105,28,51432.228781261394,0.12574202599989803,35228.93192356918,0.0,35228.93192356918,37138.111073919405,57891.033595628316,0.0,6451.229181275099,0,0,0,8909.231389290379,4281.541555422336,1.1368683772161603e-13,9.094947017729282e-13
H2_E1200,107,2025-04-18,2,1200.0,2025-04-18,106,28,29239.704369470375,0.10500141600005009,14293.464098999495,0.0,14293.464098999495,14153.37698416343,28078.09117498147,0.0,18949.005793362077,0,0,0,4281.541555422336,4621.100950392599,5.684341886080802e-14,9.094947017729282e-13
H2_E1200,108,2025-04-19,2,1200.0,2025-04-19,107,28,52261.36220132732,0.125372755999706,16230.564826543266,0.0,16230.564826543266,14285.838129481117,32946.11388587095,0.0,18390.622387774878,0,0,0,4621.100950392599,9334.955050462446,5.684341886080802e-14,9.094947017729282e-13
H2_E1200,109,2025-04-20,2,1200.0,2025-04-20,108,28,72617.98699454253,0.14918278799996187,36346.70929123882,0.0,36346.70929123882,36430.50118417748,61353.70586536707,0.0,5840.5624104779445,0,0,0,9334.955050462446,9131.850542935385,1.1368683772161603e-13,9.094947017729282e-13
H2_E1200,110,2025-04-21,2,1200.0,2025-04-21,109,28,72616.1812963608,0.14682858900005158,35555.21168779681,0.0,35555.21168779681,35785.56550632037,60379.96935951503,0.0,8924.250601388714,0,0,0,9131.850542935385,8573.492243255332,1.1368683772161603e-13,9.094947017729282e-13
H2_E1200,111,2025-04-22,2,1200.0,2025-04-22,110,28,72717.8556780938,0.13978251399976216,36112.35181007421,0.0,36112.35181007421,35964.57742775008,60904.515152050735,0.0,4740.729119463912,0,0,0,8573.492243255332,8931.684928662587,5.684341886080802e-14,9.094947017729282e-13
H2_E1200,112,2025-04-23,2,1200.0,2025-04-23,111,28,72704.18467574977,0.14465053100002478,36173.25873928845,0.0,36173.25873928845,36092.78156851067,61287.98878400979,0.0,6173.125360515168,0,0,0,8931.684928662587,9126.75482820476,5.684341886080802e-14,8.739675649849232e-13
H2_E1200,113,2025-04-24,2,1200.0,2025-04-24,112,28,48577.918378961025,0.12441490099990915,33085.25743993213,0.0,33085.25743993213,35400.10661463443,54136.87946664485,0.0,9813.865747934766,0,0,0,9126.75482820476,3515.7549433890513,5.684341886080802e-14,9.094947017729282e-13
H2_E1200,114,2025-04-25,2,1200.0,2025-04-25,113,28,27665.570750269657,0.10457099199993536,13410.397598467433,0.0,13410.397598467433,13349.415738365446,26960.294014663417,0.0,22463.091698983364,0,0,0,3515.7549433890513,3663.569848026239,5.684341886080802e-14,8.526512829121202e-13
H2_E1200,115,2025-04-26,2,1200.0,2025-04-26,114,28,49243.84642927245,0.12248883599977489,15874.074111412636,0.0,15874.074111412636,13627.331995814855,32876.02799701389,0.0,24408.036640472186,0,0,0,3663.569848026239,9109.48394454658,5.684341886080802e-14,9.094947017729282e-13
H2_E1200,116,2025-04-27,2,1200.0,2025-04-27,115,28,67222.18956932255,0.1459563049997996,33566.183298428994,4733.1542697012355,38299.33756813023,38480.107149284886,56953.616423453066,689.9257134900903,5864.160372459255,2,1,1,9109.48394454658,8671.313669730542,0.0,8.881784197001252e-13
H2_E1200,117,2025-04-28,2,1200.0,2025-04-28,116,28,68183.26438737636,0.15212072500025897,33586.36858592538,24522.293207966137,58108.661793891515,58105.0710830077,56963.11644694614,3641.1266938311637,769.1095378103128,14,1,1,8671.313669730542,8680.017251188745,5.684341886080802e-14,9.094947017729282e-13
H2_E1200,118,2025-04-29,2,1200.0,2025-04-29,117,28,72132.4799492545,0.1375218240000322,35507.34848669738,178.2367365955318,35685.58522329291,35560.397989403886,60067.98806748225,25.54999091105674,8993.510652115963,1,1,1,8680.017251188745,8983.460586766765,1.1368683772161603e-13,9.094947017729282e-13
H2_E1200,119,2025-04-30,2,1200.0,2025-04-30,118,28,71838.05932423644,0.14174953900010223,35450.039887704595,0.0,35450.039887704595,35552.617143014424,59856.39086821611,0.0,8512.313748991006,0,0,0,8983.460586766765,8734.821939368845,5.684341886080802e-14,8.983924715266767e-13
H2_E1200,120,2025-05-01,2,1200.0,2025-05-01,119,28,48142.63456902716,0.12650110800041148,32356.912546082218,10004.04148607994,42360.95403216216,45136.84449769324,52477.20846061778,1585.2583073487565,6726.534163946412,11,1,1,8734.821939368845,2006.2967064629217,5.684341886080802e-14,9.094947017729282e-13
H2_E1200,121,2025-05-02,2,1200.0,2025-05-02,120,28,29313.98554314963,0.1015103309996448,14211.092021880375,8143.921761438584,22355.01378331896,22176.03689985268,28343.983445344904,1329.616872014091,12320.634952626497,10,1,2,2006.2967064629217,2440.1216327210677,5.684341886080802e-14,7.958078640513122e-13
H2_E1200,122,2025-05-03,2,1200.0,2025-05-03,121,28,53924.93505350272,0.12031351299992821,17132.173415153153,4110.521480702813,21242.694895855966,18760.401995712018,34939.379976625256,724.988941030489,17628.565681349974,8,1,1,2440.1216327210677,8456.99103786395,5.684341886080802e-14,8.526512829121202e-13
H2_E1200,123,2025-05-04,2,1200.0,2025-05-04,122,28,74788.84626275887,0.13513751300024524,36941.55808471868,5021.359343178434,41962.91742789711,41993.6334472295,62175.50365492604,802.382666583708,8016.4674258677005,9,1,1,8456.99103786395,8382.537988041311,5.684341886080802e-14,8.881784197001252e-13
H2_E1200,124,2025-05-05,2,1200.0,2025-05-05,123,28,75592.0915862757,0.1333417159999044,36293.43352716253,6511.916665412325,42805.35019257486,42790.37081054966,61167.23241221022,974.9157718537228,3138.9313700367293,6,1,2,8382.537988041311,8418.846751366582,1.1368683772161603e-13,9.094947017729282e-13
H2_E1200,125,2025-05-06,2,1200.0,2025-05-06,124,28,79178.43938145998,0.13548159700030737,38274.80128816859,1183.665201433185,39458.46648960178,39501.35660201381,64130.35344147804,192.22081067254715,7723.562932543313,5,1,3,8418.846751366582,8314.884722896813,1.1368683772161603e-13,9.094947017729282e-13
H2_E1200,126,2025-05-07,2,1200.0,2025-05-07,125,28,81708.67525909033,0.13494313599994712,39000.79295419759,2023.6631454552737,41024.45609965287,40889.85111236543,65269.32318088584,290.0893270434739,6399.622524348791,1,1,1,8314.884722896813,8641.155901347374,5.684341886080802e-14,9.094947017729282e-13
H2_E1200,127,2025-05-08,2,1200.0,2025-05-08,126,28,59280.73565754125,0.12033064499973989,38163.0243272832,243.2289326250005,38406.253259908204,40190.22715666851,60343.33626985953,35.999250000000075,5835.377784438099,1,1,1,8641.155901347374,4316.953081298166,5.684341886080802e-14,9.094947017729282e-13
H2_E1200,128,2025-05-09,2,1200.0,2025-05-09,127,28,36730.705217558,0.10558867000008831,16941.96555047457,0.0,16941.96555047457,16582.633676085465,30469.12537088283,0.0,18651.95257035657,0,0,0,4316.953081298166,5187.943350488027,0.0,4.547473508864641e-13
H2_E1200,129,2025-05-10,2,1200.0,2025-05-10,128,28,60576.170097290174,0.1204765249999582,19189.26117745621,0.0,19189.26117745621,17139.992287940222,35796.33525187097,0.0,15678.942600932658,0,0,0,5187.943350488027,10155.198940480996,5.684341886080802e-14,8.597567102697212e-13
H2_E1200,130,2025-05-11,2,1200.0,2025-05-11,129,28,81741.53648550267,0.13424883100014995,40044.75787531394,277.36103945833383,40322.118914772276,40593.28812911457,65400.356225726115,41.18071666666674,7229.133031627247,2,1,1,10155.198940480996,9497.907551016788,5.684341886080802e-14,9.094947017729282e-13
H2_E1200,131,2025-05-12,2,1200.0,2025-05-12,130,28,82200.99810942665,0.13562442600004943,38977.73156830069,0.0,38977.73156830069,38958.608408328044,64203.484204631925,0.0,9135.494110520558,0,0,0,9497.907551016788,9544.26048388881,5.684341886080802e-14,9.094947017729282e-13
H2_E1200,132,2025-05-13,2,1200.0,2025-05-13,131,28,83271.2145825429,0.13135664099991118,40218.240418562695,0.0,40218.240418562695,40167.12641825446,65957.95677099095,0.0,9297.74464053643,0,0,0,9544.26048388881,9668.156525573184,5.684341886080802e-14,9.094947017729282e-13
H2_E1200,133,2025-05-14,2,1200.0,2025-05-14,132,28,83064.49490144843,0.1323513880001883,39993.784470485,0.0,39993.784470485,39952.17987892956,65487.70579974809,0.0,9053.055245827689,0,0,0,9668.156525573184,9769.002559507733,5.684341886080802e-14,9.094947017729282e-13
H2_E1200,134,2025-05-15,2,1200.0,2025-05-15,133,28,57927.287044608165,0.12102383800038297,37089.37077994457,0.0,37089.37077994457,39224.37395302609,58115.55270287393,0.0,7793.4204172473355,0,0,0,9769.002559507733,4593.934270325495,1.7053025658242404e-13,9.094947017729282e-13
H2_E1200,135,2025-05-16,2,1200.0,2025-05-16,134,28,35760.69455792941,0.10463147899963587,16237.943461986482,0.0,16237.943461986482,16335.426855504642,28964.953246643578,0.0,24193.864722900464,0,0,0,4593.934270325495,4357.642715878031,5.329070518200751e-15,9.094947017729282e-13
H2_E1200,136,2025-05-17,2,1200.0,2025-05-17,135,28,58699.81589172638,0.12070583199965768,18953.44074508352,0.0,18953.44074508352,16646.480702437537,35705.97581094053,0.0,16658.025632031946,0,0,0,4357.642715878031,9949.52000750579,5.684341886080802e-14,9.094947017729282e-13
H2_E1200,137,2025-05-18,2,1200.0,2025-05-18,136,28,78672.46990659612,0.12968733099978635,38682.107076688175,0.0,38682.107076688175,38766.82889642898,62908.23628882223,0.0,6065.844917999388,0,0,0,9949.52000750579,9744.161435551225,5.684341886080802e-14,8.348877145181177e-13
H2_E1200,138,2025-05-19,2,1200.0,2025-05-19,137,28,78629.65012269306,0.13517644599960477,37427.419975891564,451.90398166666745,37879.323957558234,38154.70920417586,61645.074547206605,67.00333333333344,11674.267726279983,1,1,1,9744.161435551225,9076.650738120945,1.1368683772161603e-13,8.86402062860725e-13
H2_E1200,139,2025-05-20,2,1200.0,2025-05-20,138,28,78998.18984242655,0.13292511100007687,38368.649234547476,0.0,38368.649234547476,38259.001220762584,63087.89618536649,0.0,4943.4177043273685,0,0,0,9076.650738120945,9342.42830991304,1.1368683772161603e-13,9.094947017729282e-13
H2_E1200,140,2025-05-21,2,1200.0,2025-05-21,139,28,79550.12151305312,0.13394238699993366,38610.025773795096,0.0,38610.025773795096,38585.24047144621,63572.64890575442,0.0,8997.255597430008,0,0,0,9342.42830991304,9402.505800120414,5.684341886080802e-14,9.094947017729282e-13
H2_E1200,141,2025-05-22,2,1200.0,2025-05-22,140,28,55261.31378655086,0.12175215200022649,35404.54152370474,0.0,35404.54152370474,37716.25993962878,55993.61011233654,0.0,8182.000938193252,0,0,0,9402.505800120414,3799.094611508419,1.1368683772161603e-13,9.094947017729282e-13
H2_E1200,142,2025-05-23,2,1200.0,2025-05-23,141,28,34291.46249699169,0.1049931170000491,15425.536274143102,0.0,15425.536274143102,15292.340248609571,28180.68986156969,0.0,19087.739774781774,0,0,0,3799.094611508419,4121.9505850612795,3.552713678800501e-15,8.988365607365267e-13
H2_E1200,143,2025-05-24,2,1200.0,2025-05-24,142,28,57944.595184605205,0.1207212599997547,18494.653991088402,0.0,18494.653991088402,16064.44419323367,35225.35860649323,0.0,22646.11628975577,0,0,0,4121.9505850612795,10012.574926750638,5.684341886080802e-14,7.958078640513122e-13
H2_E1200,144,2025-05-25,2,1200.0,2025-05-25,143,28,76255.609988762,0.1317214860000604,37441.44772245869,0.0,37441.44772245869,37750.18173998391,61534.800233859016,0.0,10700.499340000648,0,0,0,10012.574926750638,9264.229610907109,1.1368683772161603e-13,9.094947017729282e-13
H2_E1200,145,2025-05-26,2,1200.0,2025-05-26,144,28,75441.13206031665,0.13827486199988925,36005.28546540845,0.0,36005.28546540845,36036.524688862155,59327.53279699555,0.0,1241.825614780756,0,0,0,9264.229610907109,9188.50835825876,2.842170943040401e-14,9.023892744153272e-13
H2_E1200,146,2025-05-27,2,1200.0,2025-05-27,145,28,77739.78228308623,0.13394159500012393,37928.94679358415,0.0,37928.94679358415,37926.92226324483,62537.39605420844,0.0,9954.400095296409,0,0,0,9188.50835825876,9193.41564968185,1.1368683772161603e-13,9.094947017729282e-13
H2_E1200,147,2025-05-28,2,1200.0,2025-05-28,146,28,76252.1413295294,0.13467678000006345,37351.34890239515,0.0,37351.34890239515,37268.968476638845,61702.871520521854,0.0,5772.925090702378,0,0,0,9193.41564968185,9393.098879363166,5.684341886080802e-14,9.094947017729282e-13
H2_E1200,148,2025-05-29,2,1200.0,2025-05-29,147,28,53166.12883575923,0.11738404800007629,34139.30186604484,119.77769558333367,34259.079561628176,36779.490529152084,54432.86942132453,17.817433333333383,3515.947113937138,1,1,1,9393.098879363166,3283.8344819176486,5.684341886080802e-14,9.094947017729282e-13
H2_E1200,149,2025-05-30,2,1200.0,2025-05-30,148,28,33285.91210329616,0.10618865499964159,15296.514214207033,0.0,15296.514214207033,15040.54964140413,28381.71469694419,0.0,18884.30838278282,0,0,0,3283.8344819176486,3904.2710979225308,0.0,9.094947017729282e-13
H2_E1200,150,2025-05-31,2,1200.0,2025-05-31,149,28,56399.63252761978,0.11833947500008435,18041.855330122773,0.0,18041.855330122773,15733.277401785055,34897.01472459985,0.0,17859.222562708306,0,0,0,3904.2710979225308,9500.070008517592,5.684341886080802e-14,9.094947017729282e-13
H2_E1200,151,2025-06-01,2,1200.0,2025-06-01,150,28,75616.98046574267,0.13210799399985262,37728.07867390694,55888.316782679336,93616.39545658627,94408.34323167428,62454.31243389853,9794.70970745027,15.901242223280178,55,1,4,9500.070008517592,7580.4551483527375,1.1368683772161603e-13,8.846257060213247e-13
H2_E1200,152,2025-06-02,2,1200.0,2025-06-02,151,28,83340.48952999168,0.13467398200009484,39591.72019106679,44990.95086869219,84582.67105975898,84581.3683555322,66461.5594714126,7086.204905561438,1002.2649991449548,32,1,2,7580.4551483527375,7583.612793933413,5.684341886080802e-14,9.094947017729282e-13
H2_E1200,153,2025-06-03,2,1200.0,2025-06-03,152,28,93286.93867500138,0.13324931400029527,44528.929161082575,8539.47615223967,53068.40531332225,52850.550471230235,73502.64985236703,1374.7639374895698,1911.549606590039,16,1,4,7583.612793933413,8111.674625020969,5.684341886080802e-14,8.757439218243235e-13
H2_E1200,154,2025-06-04,2,1200.0,2025-06-04,153,28,97951.64332225453,0.13570475099959367,45942.640529957454,3886.0721535445464,49828.712683502,49821.05567491626,75371.16915253522,621.1552561263107,2331.6434147166765,13,1,4,8111.674625020969,8130.234570421383,5.684341886080802e-14,8.841816168114747e-13
H2_E1200,155,2025-06-05,2,1200.0,2025-06-05,154,28,71292.1916525355,0.13238425600002302,45441.98413471013,2447.6727632956386,47889.65689800577,50176.70861015701,71983.00434497825,406.47849684221325,3158.3946013038,12,1,4,8130.234570421383,2586.6133990340627,5.684341886080802e-14,9.094947017729282e-13
H2_E1200,156,2025-06-06,2,1200.0,2025-06-06,155,28,45785.48552617097,0.13662930099962978,19816.59274350542,11746.030212959446,31562.622956464864,31303.688499589567,35720.622299495255,1746.1738916854015,3276.654192603375,7,1,2,2586.6133990340627,3214.2487644737766,0.0,8.988365607365267e-13
H2_E1200,157,2025-06-07,2,1200.0,2025-06-07,156,28,85775.84133767863,0.13897059600003558,24388.933082849006,0.0,24388.933082849006,22066.30805836345,44700.01067975865,0.0,4812.347817697257,0,0,0,3214.2487644737766,8844.096655766532,5.684341886080802e-14,8.171241461241152e-13
H2_E1200,158,2025-06-08,2,1200.0,2025-06-08,157,28,119872.6473494858,0.1324906199997713,58224.1978365792,0.0,58224.1978365792,57677.76715782326,91454.80810342586,0.0,21993.766331998064,0,0,0,8844.096655766532,10168.598704999893,1.1368683772161603e-13,9.094947017729282e-13
H2_E1200,159,2025-06-09,2,1200.0,2025-06-09,158,28,111660.83185605025,0.1297046960003172,50597.641365710566,0.0,50597.641365710566,50911.952227473754,80628.43202056352,0.0,6567.813546929459,0,0,0,10168.598704999893,9406.735587340676,1.1368683772161603e-13,9.094947017729282e-13
H2_E1200,160,2025-06-10,2,1200.0,2025-06-10,159,28,116103.80360087426,0.13714880699990317,54852.347591180325,0.0,54852.347591180325,54611.103638186825,86365.62487251232,0.0,10430.254115450602,0,0,0,9406.735587340676,9991.490657887807,5.684341886080802e-14,9.094947017729282e-13
H2_E1200,161,2025-06-11,2,1200.0,2025-06-11,160,28,115321.3716940464,0.131005130000176,54199.64010480269,838.9515500096854,55038.59165481237,55085.684323401816,85776.71231786262,173.54592490534787,5702.611276723272,2,1,1,9991.490657887807,9877.341986380943,1.1368683772161603e-13,9.094947017729282e-13
H2_E1200,162,2025-06-12,2,1200.0,2025-06-12,161,28,86630.28613031885,0.13620286400009718,54558.73671568108,0.0,54558.73671568108,55613.98497078898,84422.92443923568,0.0,11132.623853132262,0,0,0,9877.341986380943,7319.508887546815,5.684341886080802e-14,9.094947017729282e-13
H2_E1200,163,2025-06-13,2,1200.0,2025-06-13,162,28,55965.42044416764,0.1431695330002185,24909.39674222674,0.0,24909.39674222674,24599.233803924533,42298.91408666297,0.0,10713.166715779105,0,0,0,7319.508887546815,8071.317787282844,7.105427357601002e-15,9.094947017729282e-13
H2_E1200,164,2025-06-14,2,1200.0,2025-06-14,163,28,89102.07733123627,0.13793741500012402,26155.104190492133,0.0,26155.104190492133,25219.085855417903,45342.79731704826,0.0,14387.457901488173,0,0,0,8071.317787282844,10340.14757873667,5.684341886080802e-14,9.094947017729282e-13
H2_E1200,165,2025-06-15,2,1200.0,2025-06-15,164,28,116758.65180926929,0.13009402500028955,55856.82580330505,0.0,55856.82580330505,55785.20611983742,87519.40276792509,0.0,13072.605427587314,0,0,0,10340.14757873667,10513.747673325593,1.1368683772161603e-13,9.094947017729282e-13
H2_E1200,166,2025-06-16,2,1200.0,2025-06-16,165,28,114454.92826292984,0.1320071000000098,52483.13273601074,52.69981830876797,52535.83255431951,52897.17721926674,82897.77448463262,7.8178042291600605,7182.2731042266805,1,1,1,10513.747673325593,9637.878568955783,1.4921397450962104e-13,9.094947017729282e-13
H2_E1200,167,2025-06-17,2,1200.0,2025-06-17,166,28,117995.71332652576,0.13829307500009236,55661.01199238376,0.0,55661.01199238376,55554.43353348763,87646.70380440974,0.0,8789.502445674458,0,0,0,9637.878568955783,9896.215797629415,5.684341886080802e-14,9.094947017729282e-13
H2_E1200,168,2025-06-18,2,1200.0,2025-06-18,167,28,118334.43862311536,0.13160974499987788,55941.35560917569,0.0,55941.35560917569,55882.835000182975,88089.50523580532,0.0,13575.280639903962,0,0,0,9896.215797629415,10038.064836394422,7.105427357601002e-14,9.094947017729282e-13
H2_E1200,169,2025-06-19,2,1200.0,2025-06-19,168,28,84177.86515473323,0.13866228599999886,52939.24796276113,292.96119204060585,53232.209154801734,54295.58154550986,82495.43284493723,43.48061983107516,13519.539233283946,2,1,1,10038.064836394422,7460.539515529055,1.1368683772161603e-13,8.846257060213247e-13
H2_E1200,170,2025-06-20,2,1200.0,2025-06-20,169,28,52285.60735914471,0.14677262599980168,22697.93319198575,0.0,22697.93319198575,22890.472761682115,38410.07169436758,0.0,14101.001377548877,0,0,0,7460.539515529055,6993.839777509321,7.105427357601002e-15,8.952838470577262e-13
H2_E1200,171,2025-06-21,2,1200.0,2025-06-21,170,28,81696.09396884395,0.13357443100039745,23578.146516693072,0.0,23578.146516693072,22209.72671050659,41473.653600426114,0.0,15791.241161447793,0,0,0,6993.839777509321,10310.774400638413,5.684341886080802e-14,9.094947017729282e-13
H2_E1200,172,2025-06-22,2,1200.0,2025-06-22,171,28,106576.47443144264,0.12936505899961048,49567.489143182334,169.26311018290858,49736.752253365245,50145.15342503668,78807.3466827851,25.10838308900236,8864.718855709341,2,1,2,10310.774400638413,9320.84427808443,5.684341886080802e-14,9.094947017729282e-13
H2_E1200,173,2025-06-23,2,1200.0,2025-06-23,172,28,106778.83513329818,0.13146231800010355,49915.37168434578,4.919136940528247,49920.29082128631,49899.82997731796,80195.15629876114,0.7297340069022766,9178.579036489156,1,1,1,9320.84427808443,9370.439644557679,1.1368683772161603e-13,9.094947017729282e-13
H2_E1200,174,2025-06-24,2,1200.0,2025-06-24,173,28,106555.90431649466,0.13225536700019802,50493.43165286505,8451.10351856351,58944.535171428564,58875.15556087673,80475.90035174791,1763.2527804855683,1530.8020688185725,9,1,1,9370.439644557679,9538.609990629993,5.684341886080802e-14,8.952838470577262e-13
H2_E1200,175,2025-06-25,2,1200.0,2025-06-25,174,28,111230.06463446876,0.12539371100001517,52505.11211513567,0.0,52505.11211513567,52552.92292541701,83518.21507279947,0.0,9330.671632970687,0,0,0,9538.609990629993,9422.720604006754,8.526512829121202e-14,9.094947017729282e-13
H2_E1200,176,2025-06-26,2,1200.0,2025-06-26,175,28,79656.67298441697,0.14583593199995448,51075.943211898,64.69591812516803,51140.63913002316,52569.575039942065,79827.62842773284,9.60378803906599,12395.49827137664,1,1,1,9422.720604006754,5959.100030543213,8.526512829121202e-14,8.988365607365267e-13
H2_E1200,177,2025-06-27,2,1200.0,2025-06-27,176,28,48293.9683369959,0.13659316400026,21290.795148606438,0.0,21290.795148606438,21199.831558629547,37275.25129780888,0.0,14945.689023465819,0,0,0,5959.100030543213,6179.588129059783,5.684341886080802e-14,9.094947017729282e-13
H2_E1200,178,2025-06-28,2,1200.0,2025-06-28,177,28,78398.1569392999,0.1340889450002578,22490.660083987157,0.0,22490.660083987157,21080.517851050925,40668.44235618992,0.0,12582.254827761624,0,0,0,6179.588129059783,9597.654408732846,5.684341886080802e-14,8.668621376273222e-13
H2_E1200,179,2025-06-29,2,1200.0,2025-06-29,178,28,106537.50000095666,0.13569062799979292,50295.5582257358,0.0,50295.5582257358,50399.28934582909,80366.22905017337,0.0,7695.404032067652,0,0,0,9597.654408732846,9346.218890058002,5.684341886080802e-14,9.094947017729282e-13
H2_E1200,180,2025-06-30,2,1200.0,2025-06-30,179,28,105635.33245851954,0.13279764900016744,49672.15376210188,531.1942015745466,50203.347963676424,50296.45889426325,79531.64462781089,78.8217331315492,6134.5354153475955,3,1,2,9346.218890058002,9120.525818342021,5.684341886080802e-14,9.094947017729282e-13
H2_E1200,181,2025-07-01,2,1200.0,2025-07-01,180,42,105860.78487150966,0.2343385929998476,50582.4072717392,17639.751202933603,68222.1584746728,68820.454471343,81043.68328216832,2972.0377470948397,2458.045628280721,25,1,4,9120.525818342021,7670.3065966798495,1.1368683772161603e-13,9.094947017729282e-13
H2_E1200,182,2025-07-02,2,1200.0,2025-07-02,181,42,108564.39640339032,0.2764989809998042,51886.990216274586,9967.130710466401,61854.12092674099,61766.4221015932,83556.67903922318,1532.8687986655614,8116.768847244497,17,1,2,7670.3065966798495,7882.88117958589,1.9184653865522705e-13,9.094947017729282e-13
H2_E1200,183,2025-07-03,2,1200.0,2025-07-03,182,42,77224.41507470426,0.2804588280000644,48978.36457050753,12358.911337166388,61337.27590767392,63500.19261197283,76633.51391326697,2049.7575122121875,422.876230960793,23,1,5,7882.88117958589,2640.1528362812296,5.684341886080802e-14,9.094947017729282e-13
H2_E1200,184,2025-07-04,2,1200.0,2025-07-04,183,42,51504.67083025576,0.2740687360001175,23379.76575160047,8359.742808253739,31739.508559854206,31673.991300160225,40267.44006289696,1692.071518876183,10243.995302857662,24,1,5,2640.1528362812296,2798.961168423923,2.842170943040401e-14,8.553158181712206e-13
H2_E1200,185,2025-07-05,2,1200.0,2025-07-05,184,42,83654.52462438578,0.2853161110001565,26886.84079568502,3289.477544457671,30176.31834014269,27856.089167744616,47942.93080159019,492.11774198843364,10682.607792156436,5,1,3,2798.961168423923,8423.00171557789,0.0,9.094947017729282e-13
H2_E1200,186,2025-07-06,2,1200.0,2025-07-06,185,42,111303.69084609627,0.28388624800027173,53471.24628187172,10710.944402173718,64182.19068404543,64069.1450055437,85084.63675767634,1580.179448931875,2405.7433406555006,11,1,2,8423.00171557789,8697.014941140927,5.684341886080802e-14,9.094947017729282e-13
H2_E1200,187,2025-07-07,2,1200.0,2025-07-07,186,42,125615.24021024452,0.2818684639996718,55316.9847104906,300.75358873209643,55617.7382992227,55494.765206158576,87468.76266383484,44.641904557193584,10296.072182431855,4,1,2,8697.014941140927,8995.09138541163,5.684341886080802e-14,9.094947017729282e-13
H2_E1200,188,2025-07-08,2,1200.0,2025-07-08,187,42,134519.955020822,0.275755707999906,64482.71947471635,0.0,64482.71947471635,63738.09439849784,100062.55845197223,0.0,19095.78664980483,0,0,0,8995.09138541163,10800.0,1.1368683772161603e-13,9.094947017729282e-13
H2_E1200,189,2025-07-09,2,1200.0,2025-07-09,188,42,124678.89320099802,0.2758811459998469,57703.511504805494,0.0,57703.511504805494,57906.19942280011,89587.27881546867,0.0,12683.470615976566,0,0,0,10800.0,10308.70151846173,1.1368683772161603e-13,9.094947017729282e-13
H2_E1200,190,2025-07-10,2,1200.0,2025-07-10,189,42,92037.39778210541,0.26542277199996533,55198.23742897391,0.0,55198.23742897391,57073.71025679081,84300.2128194679,0.0,12952.988566997365,0,0,0,10308.70151846173,5762.712978102962,1.1368683772161603e-13,7.833733661755105e-13
H2_E1200,191,2025-07-11,2,1200.0,2025-07-11,190,42,62960.23195502105,0.24096693199999208,28515.95022518379,0.0,28515.95022518379,28491.53377008635,46410.20216286442,0.0,11187.294427679091,0,0,0,5762.712978102962,5821.896413566729,1.4210854715202004e-14,9.094947017729282e-13
H2_E1200,192,2025-07-12,2,1200.0,2025-07-12,191,42,93226.66252189514,0.27342067099971246,30498.722206759132,0.0,30498.722206759132,28689.791746438197,51790.361980623624,0.0,13254.81945002668,0,0,0,5821.896413566729,10206.591846609666,0.0,9.094947017729282e-13
H2_E1200,193,2025-07-13,2,1200.0,2025-07-13,192,42,119100.25054896517,0.28151803999980984,56828.83233661331,101.11441505876255,56929.946751672076,56996.12237696104,88964.7581027525,15.04119227352362,16601.00761595353,1,1,1,10206.591846609666,10046.1876915866,1.1368683772161603e-13,9.094947017729282e-13
H2_E1200,194,2025-07-14,2,1200.0,2025-07-14,193,42,118579.32097634289,0.2773378770002637,53146.596859422476,0.0,53146.596859422476,53325.72106192448,83933.99561116815,0.0,9115.65187799616,0,0,0,10046.1876915866,9612.005676364935,5.684341886080802e-14,9.094947017729282e-13
H2_E1200,195,2025-07-15,2,1200.0,2025-07-15,194,42,122952.220552914,0.26551060799965853,58643.77224192538,0.0,58643.77224192538,58153.658583741264,91412.64557808664,0.0,14262.226706505951,0,0,0,9612.005676364935,10800.0,1.1368683772161603e-13,8.952838470577262e-13
H2_E1200,196,2025-07-16,2,1200.0,2025-07-16,195,42,118644.51325627981,0.26437811200003125,55609.01092332108,0.0,55609.01092332108,55796.103007764716,87084.12435806583,0.0,12067.566838040275,0,0,0,10800.0,10346.504508485667,1.1368683772161603e-13,9.094947017729282e-13
H2_E1200,197,2025-07-17,2,1200.0,2025-07-17,196,42,88059.29881219173,0.23706988599997203,52884.169565958306,0.0,52884.169565958306,54801.337532724974,81075.13960513938,0.0,9700.148714702349,0,0,0,10346.504508485667,5699.4504549171215,1.1368683772161603e-13,9.094947017729282e-13
H2_E1200,198,2025-07-18,2,1200.0,2025-07-18,197,42,61212.11532297477,0.21679627399998935,28044.056882590077,0.0,28044.056882590077,27964.378650241033,45729.62074482516,0.0,11750.431792854086,0,0,0,5699.4504549171215,5892.583794842087,1.4210854715202004e-14,6.252776074688882e-13
H2_E1200,199,2025-07-19,2,1200.0,2025-07-19,198,42,89017.3007427599,0.23517182399973535,29506.708746545864,0.0,29506.708746545864,27946.269595709902,50162.09575846798,0.0,16200.211106765495,0,0,0,5892.583794842087,9674.957174191306,1.0658141036401503e-14,9.094947017729282e-13
H2_E1200,200,2025-07-20,2,1200.0,2025-07-20,199,42,112254.64942205325,0.24940892399990844,53458.374867817634,0.0,53458.374867817634,53453.09374098395,84361.70752179233,0.0,8658.943057723482,0,0,0,9674.957174191306,9687.75818186789,5.684341886080802e-14,9.094947017729282e-13
H2_E1200,201,2025-07-21,2,1200.0,2025-07-21,200,42,111924.91041841228,0.25310664800008453,52739.7370882712,0.0,52739.7370882712,52786.785031723964,83561.74984664026,0.0,5871.8973509618945,0,0,0,9687.75818186789,9573.717920334118,8.526512829121202e-14,9.094947017729282e-13
H2_E1200,202,2025-07-22,2,1200.0,2025-07-22,201,42,113110.84383176501,0.2557982289999927,53678.35361842029,135.98662961603907,53814.34024803633,53872.67780116905,84918.35814899486,20.148666267272347,7551.60557144629,2,1,1,9573.717920334118,9432.312593591743,1.1368683772161603e-13,9.094947017729282e-13
H2_E1200,203,2025-07-23,2,1200.0,2025-07-23,202,42,112166.36698271173,0.25310042299997804,53801.77867188431,18.60526979023712,53820.38394167455,53883.24095048101,85359.37479210472,2.7534453920666238,7372.6223325718565,2,1,2,9432.312593591743,9279.952486061931,1.1368683772161603e-13,9.094947017729282e-13
H2_E1200,204,2025-07-24,2,1200.0,2025-07-24,203,42,82391.79723345951,0.23886274899996351,50759.80738679935,0.0,50759.80738679935,52537.835301530446,78653.30175763457,0.0,6113.981642182895,0,0,0,9279.952486061931,4970.162226816077,1.1368683772161603e-13,9.094947017729282e-13
H2_E1200,205,2025-07-25,2,1200.0,2025-07-25,204,42,56283.185928161285,0.21472909300018728,25514.4215204523,0.0,25514.4215204523,25733.09401753557,42493.11431492219,0.0,14006.906013259457,0,0,0,4970.162226816077,4440.118468736502,1.0658141036401503e-14,8.526512829121202e-13
H2_E1200,206,2025-07-26,2,1200.0,2025-07-26,205,42,84473.08998931733,0.2251480330000959,28689.243126153007,0.0,28689.243126153007,26588.448300064392,49368.868651134355,0.0,12724.67551386004,0,0,0,4440.118468736502,9532.268599304109,7.105427357601002e-15,6.821210263296962e-13
H2_E1200,207,2025-07-27,2,1200.0,2025-07-27,206,42,108811.2803052452,0.2550330959998064,52324.08828598888,2895.2143474834375,55219.30263347232,55274.278755827974,83212.33556375341,566.708773900288,6121.703211474753,4,1,1,9532.268599304109,9399.01109830736,1.1368683772161603e-13,9.094947017729282e-13
H2_E1200,208,2025-07-28,2,1200.0,2025-07-28,207,42,109904.15966357371,0.2551919259999522,51751.8155187139,3640.947206843109,55392.762725557004,55695.505765645146,82438.34317628547,573.9270689479176,1702.9234535733012,8,1,3,9399.01109830736,8665.18740835495,4.263256414560601e-14,9.094947017729282e-13
H2_E1200,209,2025-07-29,2,1200.0,2025-07-29,208,42,114644.75785134052,0.263804059999984,54885.61882520899,321.90698338691317,55207.52580859591,54917.544619878296,87275.52567027176,47.549401655614474,6645.924413313034,3,1,2,8665.18740835495,9368.0774429519,4.263256414560601e-14,9.094947017729282e-13
H2_E1200,210,2025-07-30,2,1200.0,2025-07-30,209,42,113892.57992383231,0.2673526909998145,54622.95017483173,0.0,54622.95017483173,54548.57421617646,86523.71758610883,0.0,8513.600634953531,0,0,0,9368.0774429519,9548.358516988372,1.4210854715202004e-13,9.094947017729282e-13
H2_E1200,211,2025-07-31,2,1200.0,2025-07-31,210,42,82610.6826225631,0.2523944949998622,51407.95319391618,95.91767312210386,51503.870867038284,53526.77791206162,79890.6122340474,14.26815516877707,6686.01851700821,1,1,1,9548.358516988372,4645.001822883882,1.1368683772161603e-13,9.094947017729282e-13
H2_E1200,212,2025-08-01,2,1200.0,2025-08-01,211,42,55382.96828219113,0.23274621700011267,25596.40874125802,0.0,25596.40874125802,25600.449215544806,42742.79312463604,0.0,19123.357046506717,0,0,0,4645.001822883882,4635.208052730078,1.4210854715202004e-14,9.094947017729282e-13
H2_E1200,213,2025-08-02,2,1200.0,2025-08-02,212,42,81923.8172178526,0.24689201699993646,27757.42418569597,0.0,27757.42418569597,25757.87938328131,47939.52722282731,0.0,19140.56474985572,0,0,0,4635.208052730078,9481.936633859072,0.0,9.094947017729282e-13
H2_E1200,214,2025-08-03,2,1200.0,2025-08-03,213,42,102826.81383829631,0.2694552070001919,49737.23573691263,1170.466610565314,50907.70234747795,51294.49363984895,79143.72904837572,173.68913740392702,14044.5281650644,6,1,1,9481.936633859072,8544.387042870912,1.1368683772161603e-13,9.094947017729282e-13
H2_E1200,215,2025-08-04,2,1200.0,2025-08-04,214,42,100201.17130052275,0.2704242949998843,47813.68776246588,37.040741519070586,47850.72850398495,47656.343667772846,76196.40256991122,5.501372570781314,6736.740413729662,1,1,1,8544.387042870912,9015.55955186875,5.684341886080802e-14,9.094947017729282e-13
H2_E1200,216,2025-08-05,2,1200.0,2025-08-05,215,42,100592.84929848136,0.27188203800005795,48757.1873537895,0.0,48757.1873537895,48681.63651088894,77344.33858357041,0.0,8482.597422603223,0,0,0,9015.55955186875,9198.688446591364,5.684341886080802e-14,9.094947017729282e-13
H2_E1200,217,2025-08-06,2,1200.0,2025-08-06,216,42,98941.97752663025,0.2675953970001501,48064.230579312396,3689.8702446353655,51754.10082394776,52019.85459255891,76355.22502161379,547.059052690401,5880.852957571973,5,1,3,9198.688446591364,8554.523642524475,1.1368683772161603e-13,9.094947017729282e-13
H2_E1200,218,2025-08-07,2,1200.0,2025-08-07,217,42,75197.67764879749,0.25821613600010096,46070.16684071522,78.30905372951891,46148.47589444474,48117.37064601456,71070.50666662613,11.59298754655299,9388.668249311875,2,1,2,8554.523642524475,3782.088209147585,1.1368683772161603e-13,9.094947017729282e-13
H2_E1200,219,2025-08-08,2,1200.0,2025-08-08,218,42,52351.240951142616,0.23361463899982482,24736.30994146217,0.0,24736.30994146217,24505.021267948458,41726.28094799941,0.0,22884.01531162922,0,0,0,3782.088209147585,4342.71251876875,1.4210854715202004e-14,8.100187187665142e-13
H2_E1200,220,2025-08-09,2,1200.0,2025-08-09,219,42,75671.90786916243,0.25036029900002177,26543.082938617263,0.0,26543.082938617263,24482.687618589018,46358.46709760987,0.0,19381.608198985778,0,0,0,4342.71251876875,9336.93764137963,4.884981308350689e-15,8.384404281969182e-13
H2_E1200,221,2025-08-10,2,1200.0,2025-08-10,220,42,96200.82666326528,0.2709744590001719,47130.42392159515,245.7419923592571,47376.16591395441,47443.3659614788,74322.04335147832,35.86800300955656,5833.880411940829,2,1,1,9336.93764137963,9174.05037293916,5.684341886080802e-14,9.094947017729282e-13
H2_E1200,222,2025-08-11,2,1200.0,2025-08-11,221,42,95696.03739010819,0.27180484999962573,46243.31220593558,1325.3393957825983,47568.65160171818,47717.39348012919,73377.26836985617,196.59451995093548,5655.652059720549,6,1,2,9174.05037293916,8813.5125583151,1.1368683772161603e-13,9.094947017729282e-13
H2_E1200,223,2025-08-12,2,1200.0,2025-08-12,222,42,96897.25493137851,0.2706404410000687,47092.92624994906,4498.574940296677,51591.50119024573,51561.53696946233,74830.74549406444,656.1753900433733,4153.909246350635,9,1,2,8813.5125583151,8886.143311627957,5.684341886080802e-14,8.597567102697212e-13
H2_E1200,224,2025-08-13,2,1200.0,2025-08-13,223,42,98677.97731863034,0.26367970199999036,48196.86970228382,441.7931796038009,48638.66288188762,48477.492747931756,76567.27464357458,65.25186160331998,6590.347022027192,3,1,2,8886.143311627957,9276.806173357767,1.1368683772161603e-13,8.739675649849232e-13
H2_E1200,225,2025-08-14,2,1200.0,2025-08-14,224,42,73350.9008672001,0.2404144870001801,45309.43648381608,286.8766099775311,45596.313093793615,47881.56768742005,69994.12210875409,41.457752455250784,6343.767208304242,2,1,2,9276.806173357767,3737.541066264327,1.1368683772161603e-13,8.86402062860725e-13
H2_E1200,226,2025-08-15,2,1200.0,2025-08-15,225,42,51200.20598901512,0.22238169999991442,24605.27316691844,0.0,24605.27316691844,24414.64049042501,41342.93285027202,0.0,21176.382596176427,0,0,0,3737.541066264327,4199.6186553946445,1.1368683772161603e-13,9.094947017729282e-13
H2_E1200,227,2025-08-16,2,1200.0,2025-08-16,226,42,74879.81960987831,0.24853466000013213,26566.136415222267,0.0,26566.136415222267,24493.58908895368,46462.376282889774,0.0,21445.89583764462,0,0,0,4199.6186553946445,9223.299220010133,2.842170943040401e-14,9.094947017729282e-13
H2_E1200,228,2025-08-17,2,1200.0,2025-08-17,227,42,94300.88127970434,0.26039764999995896,46681.60003034654,717.623748365366,47399.22377871191,47475.93070463708,73628.97922912915,106.56570241219163,7164.318370892939,4,1,1,9223.299220010133,9037.368077180457,5.684341886080802e-14,9.094947017729282e-13
H2_E1200,229,2025-08-18,2,1200.0,2025-08-18,228,42,94178.36024577881,0.27885151999998925,45557.58028830515,1114.3798958081015,46671.96018411325,46808.648969957256,72112.49693916974,164.151610523469,4420.03960806686,7,1,3,9037.368077180457,8706.045946128477,5.684341886080802e-14,9.094947017729282e-13
H2_E1200,230,2025-08-19,2,1200.0,2025-08-19,229,42,96666.32232110082,0.24679567800012592,47759.69883406649,819.6479922336503,48579.34682630014,48408.111437115826,75379.43445285046,121.49704622480601,7264.747265711298,4,1,2,8706.045946128477,9121.10614075784,1.1368683772161603e-13,9.094947017729282e-13
H2_E1200,231,2025-08-20,2,1200.0,2025-08-20,230,42,96171.98212870139,0.26611044499986747,47151.95853857462,5796.587919079753,52948.546457654375,53089.93127983664,74335.54302788094,1075.2768093371142,1146.3119600015996,11,1,4,9121.10614075784,8778.401212225557,1.1368683772161603e-13,9.094947017729282e-13
H2_E1200,232,2025-08-21,2,1200.0,2025-08-21,231,42,74348.7120011383,0.23209107499997117,46643.68148970251,8.978780493809221,46652.66027019632,48406.977242567686,72149.60808022905,1.331274444926862,7573.622732669454,1,1,1,8778.401212225557,4526.084284850856,5.684341886080802e-14,9.094947017729282e-13
H2_E1200,233,2025-08-22,2,1200.0,2025-08-22,232,42,50745.75206507465,0.2173760040000161,24487.505605916966,0.0,24487.505605916966,24547.73770796139,41266.40322595945,0.0,17617.052315080993,0,0,0,4526.084284850856,4380.086730743715,5.684341886080802e-14,9.094947017729282e-13
H2_E1200,234,2025-08-23,2,1200.0,2025-08-23,233,42,76255.43285798776,0.23388262399976156,27056.215770436393,0.0,27056.215770436393,25017.80742798134,46913.870843775905,0.0,16465.183794695862,0,0,0,4380.086730743715,9321.017267262829,1.1368683772161603e-13,9.094947017729282e-13
H2_E1200,235,2025-08-24,2,1200.0,2025-08-24,234,42,98323.82150807531,0.25757391800016194,48635.900200460674,0.0,48635.900200460674,48682.375793876454,76922.69812078422,0.0,9620.153073098898,0,0,0,9321.017267262829,9208.364334124653,1.1368683772161603e-13,9.094947017729282e-13
H2_E1200,236,2025-08-25,2,1200.0,2025-08-25,235,42,97566.54282049033,0.25819281899975977,47331.82690717008,5576.281186666,52908.108093836076,53089.516364562645,74905.3973744272,813.3890902417114,1528.0690018695063,4,1,2,9208.364334124653,8768.645929454806,1.1368683772161603e-13,9.094947017729282e-13
H2_E1200,237,2025-08-26,2,1200.0,2025-08-26,236,42,101116.74024854628,0.25699032700003954,49433.83434598495,0.0,49433.83434598495,49148.016322665186,78332.7907794044,0.0,8297.757034848171,0,0,0,8768.645929454806,9461.444800954374,1.1368683772161603e-13,9.094947017729282e-13
H2_E1200,238,2025-08-27,2,1200.0,2025-08-27,237,42,100625.53723743348,0.24929297800008499,49123.3082202924,0.0,49123.3082202924,49241.601479761346,77295.72278531047,0.0,5747.333894088946,0,0,0,9461.444800954374,9174.711880076227,5.684341886080802e-14,9.094947017729282e-13
H2_E1200,239,2025-08-28,2,1200.0,2025-08-28,238,42,76156.72948841755,0.2298633420000442,47366.54217080421,345.92636282098306,47712.46853362519,49507.10021472143,72882.39117487686,51.31704733839763,3054.745519007509,3,1,2,9174.711880076227,4824.675486360595,5.684341886080802e-14,8.86402062860725e-13
H2_E1200,240,2025-08-29,2,1200.0,2025-08-29,239,42,52644.86621873161,0.21272281700021267,25616.73113754866,0.0,25616.73113754866,25473.805931141294,42626.71594640592,0.0,17040.324117173397,0,0,0,4824.675486360595,5171.114176817451,2.6645352591003757e-15,7.958078640513122e-13
H2_E1200,241,2025-08-30,2,1200.0,2025-08-30,240,42,78436.37737561543,0.24640881100003753,27307.992951670643,0.0,27307.992951670643,25638.173331311566,47027.482897831855,0.0,21494.052126316317,0,0,0,5171.114176817451,9218.616623149715,0.0,9.094947017729282e-13
H2_E1200,242,2025-08-31,2,1200.0,2025-08-31,241,42,99682.61033340417,0.2593099440000515,49271.19907282232,90.0155687772153,49361.21464159953,49316.9725814927,77677.42593212347,13.058824444520042,7191.6479620439995,2,1,2,9218.616623149715,9325.855659228753,5.684341886080802e-14,9.094947017729282e-13
H2_E1200,243,2025-09-01,2,1200.0,2025-09-01,242,42,99401.5054453979,0.2602332589999605,47978.61687674934,0.0,47978.61687674934,47370.45043927338,75882.19576586848,0.0,17624.06082229621,0,0,0,9325.855659228753,10800.0,1.1368683772161603e-13,9.094947017729282e-13
H2_E1200,244,2025-09-02,2,1200.0,2025-09-02,243,42,96664.10250685689,0.2629465679997338,47208.588581937,0.0,47208.588581937,47208.588581937,74228.5111286527,0.0,16706.915282188394,0,0,0,10800.0,10800.0,1.1368683772161603e-13,9.094947017729282e-13
H2_E1200,245,2025-09-03,2,1200.0,2025-09-03,244,42,93275.3164931952,0.2658328900001834,44952.82040100623,0.0,44952.82040100623,44952.82040100623,70829.18227640059,0.0,12156.147212889433,0,0,0,10800.0,10800.0,1.1368683772161603e-13,9.094947017729282e-13
H2_E1200,246,2025-09-04,2,1200.0,2025-09-04,245,42,67557.91497896901,0.24865745400029482,42313.80170388348,0.0,42313.80170388348,44041.2020848872,64929.11726541067,0.0,12204.71691530304,0,0,0,10800.0,6612.926628323876,5.684341886080802e-14,9.094947017729282e-13
H2_E1200,247,2025-09-05,2,1200.0,2025-09-05,246,42,44473.11958648692,0.21621569399985674,20725.33739419611,0.0,20725.33739419611,20818.042523940625,35166.850159342684,0.0,25956.747678013853,0,0,0,6612.926628323876,6388.217183750582,5.684341886080802e-14,6.821210263296962e-13
H2_E1200,248,2025-09-06,2,1200.0,2025-09-06,247,42,65298.85466405035,0.25340136499971777,22376.673230779495,0.0,22376.673230779495,20612.733072985004,39770.1791508747,0.0,24559.441113551067,0,0,0,6388.217183750582,10663.859903963463,5.684341886080802e-14,8.100187187665142e-13
H2_E1200,249,2025-09-07,2,1200.0,2025-09-07,248,42,76632.5805777146,0.2713585410001542,39999.70352827506,0.0,39999.70352827506,40453.30039368924,63407.94019328715,0.0,6025.387461144668,0,0,0,10663.859903963463,9564.379217529939,1.1368683772161603e-13,9.094947017729282e-13
H2_E1200,250,2025-09-08,2,1200.0,2025-09-08,249,42,72081.82974952545,0.2758651300000565,34437.90838244111,32561.10803936295,66999.01642180406,67592.03521891577,56536.79549002453,4954.1455151683085,3.181816511865236,19,1,1,9564.379217529939,8126.951484159226,5.684341886080802e-14,9.094947017729282e-13
H2_E1200,251,2025-09-09,2,1200.0,2025-09-09,250,42,80289.62912497898,0.28531595300000845,39883.64975801404,3086.593645338502,42970.24340335254,42828.28891481977,65383.87085935,461.13866950051994,8583.015381887546,6,1,3,8126.951484159226,8471.037236056596,1.1368683772161603e-13,9.094947017729282e-13
H2_E1200,252,2025-09-10,2,1200.0,2025-09-10,251,42,80381.94979630699,0.2767342329998428,39179.975359642354,12691.022480896005,51870.99784053836,51834.7212334514,63594.73127032355,2063.7670174730742,348.83309483330015,15,1,4,8471.037236056596,8558.968683345218,5.684341886080802e-14,9.094947017729282e-13
H2_E1200,253,2025-09-11,2,1200.0,2025-09-11,252,42,59818.05129158855,0.25112110800000664,38924.69327983591,399.4819442277761,39324.175224063685,41067.44377832681,61944.99289628729,82.64182024984159,9425.188063739666,4,1,2,8558.968683345218,4333.432193076409,1.1368683772161603e-13,9.094947017729282e-13
H2_E1200,254,2025-09-12,2,1200.0,2025-09-12,253,42,37363.84854065953,0.22336869600030695,17980.793181685476,0.0,17980.793181685476,17945.982196695364,32630.235047323506,0.0,18236.220066658636,0,0,0,4333.432193076409,4417.811095557152,5.684341886080802e-14,9.094947017729282e-13
H2_E1200,255,2025-09-13,2,1200.0,2025-09-13,254,42,61360.264470265356,0.26397939200023757,20168.268773491913,0.0,20168.268773491913,18302.97408757365,37883.88359758763,0.0,22134.100693187826,0,0,0,4417.811095557152,8939.128675213595,5.684341886080802e-14,8.899547765395255e-13
H2_E1200,256,2025-09-14,2,1200.0,2025-09-14,255,42,78428.76666590678,0.29086334799967517,39584.25189430048,1707.8497286293357,41292.10162292982,41555.74596677379,64020.56890107281,266.07270798438685,931.6693731990454,3,1,1,8939.128675213595,8300.0769395293,5.684341886080802e-14,9.094947017729282e-13
H2_E1200,257,2025-09-15,2,1200.0,2025-09-15,256,42,79345.42359864671,0.2901085880002938,37884.66445650655,12112.732344571803,49997.39680107836,50014.735119492536,62613.6555329142,1867.6123283735858,5403.809349755628,16,1,3,8300.0769395293,8258.050312616404,5.684341886080802e-14,8.837375276016246e-13
H2_E1200,258,2025-09-16,2,1200.0,2025-09-16,257,42,83149.16521940439,0.2742911189998267,40517.833434093765,2407.7483627861493,42925.58179687992,42942.053556863684,65652.17163407782,391.6043564208032,2737.3359718382067,8,1,3,8258.050312616404,8218.1241505227,5.684341886080802e-14,9.094947017729282e-13
H2_E1200,259,2025-09-17,2,1200.0,2025-09-17,258,42,85591.00243870736,0.2692457410003044,41784.538032495344,111.47998588228799,41896.01801837763,41796.95236050024,68048.25255248288,18.63419707553828,3830.0735835083224,2,1,2,8218.1241505227,8458.250980820718,5.684341886080802e-14,9.094947017729282e-13
H2_E1200,260,2025-09-18,2,1200.0,2025-09-18,259,42,62519.79202394049,0.2553399809999064,40810.86512665893,888.4339777653979,41699.299104424324,43255.86366015683,64628.46170903811,155.6034477255794,6158.670769081416,5,1,2,8458.250980820718,4685.269294423589,5.684341886080802e-14,9.094947017729282e-13
H2_E1200,261,2025-09-19,2,1200.0,2025-09-19,260,42,39714.19248678761,0.22203417599985187,19337.023209955492,0.0,19337.023209955492,18860.018353135496,34656.39995671476,0.0,14573.66903891748,0,0,0,4685.269294423589,5841.488985072648,5.684341886080802e-14,9.094947017729282e-13
H2_E1200,262,2025-09-20,2,1200.0,2025-09-20,261,42,66517.9578033961,0.25334782300024017,20989.990270850656,0.0,20989.990270850656,19482.27785215634,38310.97850242699,0.0,15764.623385877814,0,0,0,5841.488985072648,9496.057196289677,5.684341886080802e-14,9.094947017729282e-13
H2_E1200,263,2025-09-21,2,1200.0,2025-09-21,262,42,92608.1520975979,0.2639184109998496,45322.89827993563,0.0,45322.89827993563,45445.683424670526,72268.3314375486,0.0,10959.545672464905,0,0,0,9496.057196289677,9198.436322975898,5.684341886080802e-14,9.094947017729282e-13
H2_E1200,264,2025-09-22,2,1200.0,2025-09-22,263,42,92970.0665305553,0.271392279000338,44223.190939388995,131.78740035000044,44354.978339739,44395.0167436709,70852.73305516534,19.555900000000065,6691.566129047396,2,1,1,9198.436322975898,9101.386596235494,5.684341886080802e-14,9.094947017729282e-13
H2_E1200,265,2025-09-23,2,1200.0,2025-09-23,264,42,94646.90773420702,0.2683680299996922,46182.904819404095,0.0,46182.904819404095,46015.02517404458,73797.57863765449,0.0,7415.416452033059,0,0,0,9101.386596235494,9508.312749813636,1.7053025658242404e-13,9.094947017729282e-13
H2_E1200,266,2025-09-24,2,1200.0,2025-09-24,265,42,94568.81086899184,0.26698443599980237,45525.38006660223,0.0,45525.38006660223,45524.64012608287,72544.80364303134,0.0,7723.941222017635,0,0,0,9508.312749813636,9510.10630345604,5.684341886080802e-14,8.757439218243235e-13
H2_E1200,267,2025-09-25,2,1200.0,2025-09-25,266,42,67252.93579798056,0.24757210500001747,44077.977316791184,103.4974316666667,44181.474748457855,45593.63859812815,68627.57504367988,15.37166666666667,8551.514286960388,1,1,1,9510.10630345604,6087.13979469422,1.1368683772161603e-13,9.094947017729282e-13
H2_E1200,268,2025-09-26,2,1200.0,2025-09-26,267,42,41767.3259960532,0.23349063499972544,20121.903669691557,0.0,20121.903669691557,19915.59519783293,35623.17865562007,0.0,14703.867962757424,0,0,0,6087.13979469422,6587.214194567003,5.684341886080802e-14,9.094947017729282e-13
H2_E1200,269,2025-09-27,2,1200.0,2025-09-27,268,42,69641.58994388659,0.26156579400003466,21591.39532871105,0.0,21591.39532871105,20460.38446448432,38885.79381940204,0.0,15099.52473727273,0,0,0,6587.214194567003,9328.689491642297,5.684341886080802e-14,9.094947017729282e-13
H2_E1200,270,2025-09-28,2,1200.0,2025-09-28,269,42,96091.77188045811,0.2703536859999076,46616.3101710156,15.168266348326869,46631.47843736393,46590.92357775748,74124.24575666533,2.249983883160553,6684.9761458267385,1,1,1,9328.689491642297,9426.991063540501,8.526512829121202e-14,9.094947017729282e-13
H2_E1200,271,2025-09-29,2,1200.0,2025-09-29,270,42,96824.90709400136,0.2718978560001233,46066.76180687055,134.7362566666671,46201.49806353722,46308.40769237216,73570.9337825618,26.015016666666725,7279.858953280551,2,1,2,9426.991063540501,9167.851106763115,5.684341886080802e-14,8.668621376273222e-13
H2_E1200,272,2025-09-30,2,1200.0,2025-09-30,271,42,98034.56352489244,0.26414933800015206,47472.79246988112,64.65347536819512,47537.44594524931,47357.502119345394,75198.25583943196,9.569077979456097,5371.106477051343,1,1,1,9167.851106763115,9604.019820238807,1.1368683772161603e-13,9.094947017729282e-13
H2_E1200,273,2025-10-01,2,1200.0,2025-10-01,272,42,98362.08020762178,0.2691118190000452,47409.67068157729,0.0,47409.67068157729,46916.26241408248,75367.43637931353,0.0,21311.612161447272,0,0,0,9604.019820238807,10800.0,1.1368683772161603e-13,9.023892744153272e-13
H2_E1200,274,2025-10-02,2,1200.0,2025-10-02,273,42,65881.46934150848,0.2505538410000554,43086.90207403044,0.0,43086.90207403044,44149.71856650458,66852.38867021559,0.0,14570.479893480679,0,0,0,10800.0,8223.822129742186,1.1368683772161603e-13,9.094947017729282e-13
H2_E1200,275,2025-10-03,2,1200.0,2025-10-03,274,42,39680.33082375028,0.24318789299968557,18362.966235375767,0.0,18362.966235375767,18399.499122917558,32804.355217079705,0.0,22182.719084655582,0,0,0,8223.822129742186,8135.269480166071,5.684341886080802e-14,9.094947017729282e-13
H2_E1200,276,2025-10-04,2,1200.0,2025-10-04,275,42,64116.82242427605,0.2432198100000278,20193.361823620013,0.0,20193.361823620013,19101.46989102705,36755.55366653041,0.0,17682.61365114439,0,0,0,8135.269480166071,10781.923774089226,5.684341886080802e-14,9.094947017729282e-13
H2_E1200,277,2025-10-05,2,1200.0,2025-10-05,276,42,86336.7096848083,0.26687177800022255,41900.068954078655,0.0,41900.068954078655,42143.2079497823,66865.15548305877,0.0,9234.877057169742,0,0,0,10781.923774089226,10192.575279251412,5.684341886080802e-14,9.094947017729282e-13
H2_E1200,278,2025-10-06,2,1200.0,2025-10-06,277,42,85647.78287313644,0.26369363100002374,40272.17621877359,0.0,40272.17621877359,40476.223886637,64791.47198399517,0.0,3815.9333283265764,0,0,0,10192.575279251412,9697.98087828972,5.684341886080802e-14,9.094947017729282e-13
H2_E1200,279,2025-10-07,2,1200.0,2025-10-07,278,42,86367.29907914739,0.27246238899988384,43072.16624382562,0.0,43072.16624382562,42906.34655738356,69043.61932201852,0.0,7107.2710484222835,0,0,0,9697.98087828972,10099.913864548413,1.1368683772161603e-13,8.641976023682219e-13
H2_E1200,280,2025-10-08,2,1200.0,2025-10-08,279,42,83532.65545493556,0.28089060899992546,40256.15606669584,124.6769856733346,40380.83305236918,40906.87939117407,65928.87656350798,18.239169988002118,7089.41033758392,2,1,1,10099.913864548413,8824.821742478918,5.684341886080802e-14,8.846257060213247e-13
H2_E1200,281,2025-10-09,2,1200.0,2025-10-09,280,42,59178.74430814939,0.2585646729999098,39768.30810934659,0.0,39768.30810934659,40888.423045489624,64194.189474844476,0.0,7662.9281073584825,0,0,0,8824.821742478918,6109.757259503611,1.1368683772161603e-13,9.094947017729282e-13
H2_E1200,282,2025-10-10,2,1200.0,2025-10-10,281,42,35805.75413579655,0.25763704399969356,17553.678345728003,0.0,17553.678345728003,17267.01305907638,33413.21952168248,0.0,20444.910346423752,0,0,0,6109.757259503611,6804.609826124833,5.684341886080802e-14,9.094947017729282e-13
H2_E1200,283,2025-10-11,2,1200.0,2025-10-11,282,42,60328.59476516894,0.2654819980002685,18984.78344382662,0.0,18984.78344382662,17941.55756997682,36439.346295240866,0.0,16587.15974579228,0,0,0,6804.609826124833,9333.301683019046,5.684341886080802e-14,7.389644451905042e-13
H2_E1200,284,2025-10-12,2,1200.0,2025-10-12,283,42,83041.37608105273,0.2942762299999231,41258.36926052991,98.03580773333336,41356.405068263244,41517.31831721288,67122.98745215,20.929933333333338,5279.029596430324,1,1,1,9333.301683019046,8943.261488958522,5.684341886080802e-14,9.094947017729282e-13
H2_E1200,285,2025-10-13,2,1200.0,2025-10-13,284,42,83952.26720698956,0.27706860100033737,40398.6474745162,0.0,40398.6474745162,40473.10686531258,66219.41974100393,0.0,5415.1961360033365,0,0,0,8943.261488958522,8762.778182422719,5.684341886080802e-14,8.979483823168266e-13
H2_E1200,286,2025-10-14,2,1200.0,2025-10-14,285,42,85416.82934799987,0.2908976809999331,42342.829454867635,0.0,42342.829454867635,42169.4063500704,68695.7381316465,0.0,3524.989556966883,0,0,0,8762.778182422719,9183.141215866062,1.1368683772161603e-13,9.094947017729282e-13
H2_E1200,287,2025-10-15,2,1200.0,2025-10-15,286,42,85804.52992181144,0.295932793999782,42039.31094636345,0.0,42039.31094636345,42201.252477580085,68566.6061230319,0.0,3176.6714363128594,0,0,0,9183.141215866062,8790.60855199594,5.684341886080802e-14,9.094947017729282e-13
H2_E1200,288,2025-10-16,2,1200.0,2025-10-16,287,42,61513.58791083433,0.27766288900011205,42131.72898839081,4713.694396399572,46845.42338479038,47853.75816003759,67710.14755554657,686.7191158282496,4145.231157576603,3,1,1,8790.60855199594,6346.489786247248,0.0,8.988365607365267e-13
H2_E1200,289,2025-10-17,2,1200.0,2025-10-17,288,42,36872.03482109072,0.2730112449999069,18398.22470822037,0.0,18398.22470822037,18151.252920330913,34673.01833247446,0.0,15112.04690463732,0,0,0,6346.489786247248,6945.1286472774345,5.684341886080802e-14,9.094947017729282e-13
H2_E1200,290,2025-10-18,2,1200.0,2025-10-18,289,42,63940.933499032675,0.2857394870002281,19279.65760761633,0.0,19279.65760761633,18133.50348570443,36546.64507999043,0.0,14548.773177198527,0,0,0,6945.1286472774345,9723.30992850746,5.684341886080802e-14,9.094947017729282e-13
H2_E1200,291,2025-10-19,2,1200.0,2025-10-19,290,42,89178.66249862128,0.2903379999997924,43894.72049834649,0.0,43894.72049834649,44246.067861167656,71140.8975077766,0.0,4052.088153865682,0,0,0,9723.30992850746,8871.673444427077,5.684341886080802e-14,8.970602038971265e-13
H2_E1200,292,2025-10-20,2,1200.0,2025-10-20,291,42,91927.06605759746,0.30990962999976546,44768.887618717636,1628.2637552774586,46397.1513739951,46338.160237259886,72426.97840879898,339.48433350370726,4067.4529508739615,5,1,1,8871.673444427077,9014.663002901863,1.1368683772161603e-13,9.094947017729282e-13
H2_E1200,293,2025-10-21,2,1200.0,2025-10-21,292,42,93495.09462257905,0.3017705419997583,46527.035728975374,0.0,46527.035728975374,46327.04418645866,74956.13537480164,0.0,3894.1166996688135,0,0,0,9014.663002901863,9499.425696855644,5.684341886080802e-14,9.094947017729282e-13
H2_E1200,294,2025-10-22,2,1200.0,2025-10-22,293,42,93889.80936658569,0.30142401700004484,46023.577737319785,258.2622499316858,46281.83998725147,46475.779048519784,74430.6060994462,53.426307912144296,5230.757118588286,2,1,1,9499.425696855644,9029.333708863509,5.684341886080802e-14,9.094947017729282e-13
H2_E1200,295,2025-10-23,2,1200.0,2025-10-23,294,42,66066.8915057017,0.26617018699971595,46184.346728606964,0.0,46184.346728606964,46953.343719763034,73316.19076976215,0.0,8137.295913771332,0,0,0,9029.333708863509,7165.349620416262,1.1368683772161603e-13,9.094947017729282e-13
H2_E1200,296,2025-10-24,2,1200.0,2025-10-24,295,42,36921.25666690129,0.26895754399993166,18395.226145035555,0.0,18395.226145035555,18372.39448029132,34381.169092826465,0.0,12805.025035867891,0,0,0,7165.349620416262,7220.691657232341,5.684341886080802e-14,9.094947017729282e-13
H2_E1200,297,2025-10-25,2,1200.0,2025-10-25,296,42,66443.5641150902,0.28549577800004045,19587.43342802315,0.0,19587.43342802315,18756.092101692215,37119.02465272225,0.0,12479.5905031597,0,0,0,7220.691657232341,9235.793175405894,5.684341886080802e-14,7.958078640513122e-13
H2_E1200,298,2025-10-26,2,1200.0,2025-10-26,297,42,93652.03779106594,0.29215135499998723,46692.12883180159,0.0,46692.12883180159,46557.414375005086,74990.08129247722,0.0,6195.629851775073,0,0,0,9235.793175405894,9562.3296987478,5.684341886080802e-14,9.094947017729282e-13
H2_E1200,299,2025-10-27,2,1200.0,2025-10-27,298,42,92759.69520854228,0.3012544439998237,45089.465764807304,92.48526773333361,45181.95103254064,45472.83722868593,72720.78233124348,19.744933333333393,5843.313328623295,1,1,1,9562.3296987478,8857.246002193087,1.1368683772161603e-13,8.952838470577262e-13
H2_E1200,300,2025-10-28,2,1200.0,2025-10-28,299,42,94168.7515165205,0.2948589420002463,46677.558335486,0.0,46677.558335486,46490.82665658968,75020.45067264832,0.0,4439.094867736788,0,0,0,8857.246002193087,9309.867900945288,1.1368683772161603e-13,9.094947017729282e-13
H2_E1200,301,2025-10-29,2,1200.0,2025-10-29,300,42,94098.99313312696,0.30405423899992456,46733.650882312286,169.141678135672,46902.79256044796,46995.12026427798,74894.04648074301,35.325356567724654,1453.8188543589822,2,1,1,9309.867900945288,9086.073305073976,1.1368683772161603e-13,9.094947017729282e-13
H2_E1200,302,2025-10-30,2,1200.0,2025-10-30,301,42,67117.77419597359,0.27966951200005497,47073.20991163411,6.3513892252307524,47079.56130085934,47767.27917112442,74744.94980418503,1.3559754964198873,8001.998622278173,1,1,1,9086.073305073976,7419.10297585617,5.684341886080802e-14,9.094947017729282e-13
H2_E1200,303,2025-10-31,2,1200.0,2025-10-31,302,42,38359.821726588154,0.281552372999613,19415.418321171503,0.0,19415.418321171503,19269.484843009337,35865.44317709605,0.0,8478.915809923683,0,0,0,7419.10297585617,7772.8334642643285,5.684341886080802e-14,7.958078640513122e-13
H2_E1200,304,2025-11-01,2,1200.0,2025-11-01,303,42,67824.59632778015,0.2634291129998019,19923.259721700266,0.0,19923.259721700266,19148.198700862136,37243.15251653045,0.0,9531.092305917087,0,0,0,7772.8334642643285,9651.516251106008,5.684341886080802e-14,8.526512829121202e-13
H2_E1200,305,2025-11-02,2,1200.0,2025-11-02,304,42,95867.27000494147,0.26995166400001835,47731.58208973853,442.3117495272626,48173.89383926579,48518.974453573996,76504.17449029647,63.404780608839246,4459.17372023256,1,1,1,9651.516251106008,8815.069838831878,5.684341886080802e-14,9.094947017729282e-13
H2_E1200,306,2025-11-03,2,1200.0,2025-11-03,305,42,97257.38555941897,0.28686910299984447,47777.81980714694,0.0,47777.81980714694,47663.80185365309,76851.99840751421,0.0,3004.553470360351,0,0,0,8815.069838831878,9091.439777276442,5.684341886080802e-14,8.86402062860725e-13
H2_E1200,307,2025-11-04,2,1200.0,2025-11-04,306,42,99442.38578438747,0.2876277669997762,49206.336162925756,155.81717803333345,49362.15334095909,49442.01110727795,78834.164929539,33.59955000000002,7527.3038458015035,2,1,1,9091.439777276442,8897.871262094724,1.1368683772161603e-13,9.094947017729282e-13
H2_E1200,308,2025-11-05,2,1200.0,2025-11-05,307,42,98842.80668991564,0.29486533699991924,49209.51486916053,0.0,49209.51486916053,48980.376609943734,78529.67091765585,0.0,4158.007377583239,0,0,0,8897.871262094724,9453.283148157523,1.7053025658242404e-13,9.094947017729282e-13
H2_E1200,309,2025-11-06,2,1200.0,2025-11-06,308,42,68141.93598631672,0.26581728200017096,48079.913039135936,1710.3384255092428,49790.25146464518,50564.3586900631,76204.9208755033,350.5710151258702,3015.992512134485,5,1,1,9453.283148157523,7576.912281267873,1.1368683772161603e-13,9.094947017729282e-13
H2_E1200,310,2025-11-07,2,1200.0,2025-11-07,309,42,38987.669394511155,0.28191357399964545,19852.62317393892,0.0,19852.62317393892,19580.312991278115,36946.78331085651,0.0,9585.968970673252,0,0,0,7576.912281267873,8236.96928206163,5.684341886080802e-14,9.094947017729282e-13
H2_E1200,311,2025-11-08,2,1200.0,2025-11-08,310,42,69761.68257583081,0.2575935239997307,20030.857259553115,0.0,20030.857259553115,19535.008570593818,37677.92841824127,0.0,9404.113652658618,0,0,0,8236.96928206163,9438.864838386347,5.684341886080802e-14,9.094947017729282e-13
H2_E1200,312,2025-11-09,2,1200.0,2025-11-09,311,42,98984.32290799919,0.26196227699983865,49472.86907399693,0.0,49472.86907399693,49635.416411746366,78759.93411698379,0.0,3708.4814511763216,0,0,0,9438.864838386347,9044.8637503861,5.684341886080802e-14,9.094947017729282e-13
H2_E1200,313,2025-11-10,2,1200.0,2025-11-10,312,42,100032.44755682927,0.2687229150001258,48898.9109754376,1638.7307219446518,50537.64169738225,50689.12510086838,78399.53235499775,242.74385780849082,782.6716448873958,3,1,3,9044.8637503861,8677.680709347798,3.730349362740526e-14,9.094947017729282e-13
H2_E1200,314,2025-11-11,2,1200.0,2025-11-11,313,42,103619.7490752183,0.2677612439997574,51472.99437133468,0.0,51472.99437133468,51265.268254327384,81770.4213620298,0.0,5699.2581252527725,0,0,0,8677.680709347798,9181.191361937526,1.1368683772161603e-13,9.094947017729282e-13
H2_E1200,315,2025-11-12,2,1200.0,2025-11-12,314,42,103287.79160742724,0.27294832000006863,51113.06691607098,0.0,51113.06691607098,51198.10137341783,81169.79279046463,0.0,6363.1634820456,0,0,0,9181.191361937526,8975.074982696588,5.684341886080802e-14,8.988365607365267e-13
H2_E1200,316,2025-11-13,2,1200.0,2025-11-13,315,42,71652.76640114712,0.2615585779999492,50870.25329207163,0.0,50870.25329207163,51118.28929316352,80499.29761126454,0.0,4797.4604007868065,0,0,0,8975.074982696588,8373.856558288568,4.263256414560601e-14,9.094947017729282e-13
H2_E1200,317,2025-11-14,2,1200.0,2025-11-14,316,42,40341.83527422432,0.2881591569998818,20489.647666429184,0.0,20489.647666429184,20312.411925274017,37995.01750209607,0.0,6712.098391486318,0,0,0,8373.856558288568,8803.461101891182,2.220446049250313e-15,9.094947017729282e-13
H2_E1200,318,2025-11-15,2,1200.0,2025-11-15,317,42,72161.17806463766,0.2744342199998755,20383.361430295234,0.0,20383.361430295234,20198.96148254889,38119.92587772649,0.0,6064.478729729524,0,0,0,8803.461101891182,9250.431080269067,5.684341886080802e-14,9.059419880941277e-13
H2_E1200,319,2025-11-16,2,1200.0,2025-11-16,318,42,103546.0797987046,0.26610266800025784,51721.49658945354,0.0,51721.49658945354,51830.55976449201,81918.4710722336,0.0,3499.8034241895375,0,0,0,9250.431080269067,8986.07110845483,5.684341886080802e-14,9.094947017729282e-13
H2_E1200,320,2025-11-17,2,1200.0,2025-11-17,319,42,104638.48278452759,0.275316759999896,51408.225737369576,0.0,51408.225737369576,51397.881701857754,81695.93926386492,0.0,4822.297239693842,0,0,0,8986.07110845483,9011.14418133563,1.1368683772161603e-13,9.094947017729282e-13
H2_E1200,321,2025-11-18,2,1200.0,2025-11-18,320,42,105845.30462333119,0.2687116000001879,52626.39074912881,0.0,52626.39074912881,52594.87766485747,83303.91964065173,0.0,4217.1277221816035,0,0,0,9011.14418133563,9087.529249593657,1.1368683772161603e-13,9.094947017729282e-13
H2_E1200,322,2025-11-19,2,1200.0,2025-11-19,321,42,106395.81055199323,0.2783369449998645,52666.410329226244,6.301057500000476,52672.711386726245,52775.95722454806,83392.06034170257,1.3850000000001046,3924.8242965740205,1,1,1,9087.529249593657,8837.270014367059,8.526512829121202e-14,9.094947017729282e-13
H2_E1200,323,2025-11-20,2,1200.0,2025-11-20,322,42,74643.6374671688,0.28573941500008004,52991.99855225996,0.0,52991.99855225996,53149.789072913605,83551.47102841364,0.0,5035.2698150034785,0,0,0,8837.270014367059,8454.799051296006,1.1368683772161603e-13,9.094947017729282e-13
H2_E1200,324,2025-11-21,2,1200.0,2025-11-21,323,42,42595.74955007289,0.3483112369999617,21238.128191753705,0.0,21238.128191753705,21026.888943860275,39562.34692052522,0.0,6824.063420248759,0,0,0,8454.799051296006,8966.825237948548,5.684341886080802e-14,8.952838470577262e-13
H2_E1200,325,2025-11-22,2,1200.0,2025-11-22,324,42,74865.666855944,0.30601127799991445,21138.544566980832,0.0,21138.544566980832,21035.34263239029,39721.68204549428,0.0,5808.983861404072,0,0,0,8966.825237948548,9216.978055431686,5.684341886080802e-14,9.094947017729282e-13
H2_E1200,326,2025-11-23,2,1200.0,2025-11-23,325,42,105893.68158097964,0.2801320880003004,53379.85750355973,0.0,53379.85750355973,53474.941722066695,84434.53598727158,0.0,5056.7647883001355,0,0,0,9216.978055431686,8986.501899610877,5.684341886080802e-14,9.094947017729282e-13
H2_E1200,327,2025-11-24,2,1200.0,2025-11-24,326,42,105885.09333115366,0.2751271170000109,51675.217174139776,844.4950309120088,52519.71220505179,52712.55988457747,82329.35236633403,133.7148443757378,4607.656369353368,4,1,2,8986.501899610877,8519.055329255052,5.684341886080802e-14,9.094947017729282e-13
H2_E1200,328,2025-11-25,2,1200.0,2025-11-25,327,42,108283.60519049979,0.28301963399962915,53778.520787806476,0.0,53778.520787806476,53557.55762159706,85252.8758828851,0.0,4156.337476418263,0,0,0,8519.055329255052,9054.651476813558,5.684341886080802e-14,9.094947017729282e-13
H2_E1200,329,2025-11-26,2,1200.0,2025-11-26,328,42,108612.88355923886,0.2812161570000171,53860.26714534573,154.53999266666654,54014.807138012395,53955.80985123875,85209.2499324513,32.99316666666664,3938.5767037072783,1,1,1,9054.651476813558,9197.655942464726,1.1368683772161603e-13,9.094947017729282e-13
H2_E1200,330,2025-11-27,2,1200.0,2025-11-27,329,42,75800.98518562593,0.2868427729999894,53992.88786386899,0.0,53992.88786386899,54062.70766373094,85094.38451518602,0.0,5300.987114845457,0,0,0,9197.655942464726,9028.418614493416,1.1368683772161603e-13,9.094947017729282e-13
H2_E1200,331,2025-11-28,2,1200.0,2025-11-28,330,42,43020.52580320115,0.3485124240000914,21627.325594008078,0.0,21627.325594008078,21570.934216040787,40658.23272529285,0.0,6081.431455512141,0,0,0,9028.418614493416,9165.106576170123,5.684341886080802e-14,8.917311333789257e-13
H2_E1200,332,2025-11-29,2,1200.0,2025-11-29,331,42,76020.01676661217,0.29696077400012655,21821.356437312395,0.0,21821.356437312395,21761.776408588044,41030.98609839921,0.0,2460.110275708445,0,0,0,9165.106576170123,9309.523559342533,5.684341886080802e-14,9.094947017729282e-13
H2_E1200,333,2025-11-30,2,1200.0,2025-11-30,332,42,109046.8325375991,0.2826140070001202,54780.72105441659,28.398311333333652,54809.11936574992,55012.176338025834,86429.06798446938,6.062833333333401,2093.066280099355,1,1,1,9309.523559342533,8817.330521237696,1.1368683772161603e-13,9.094947017729282e-13
H2_E1200,334,2025-12-01,2,1200.0,2025-12-01,333,42,110572.69727136128,0.28610950900019816,54542.116336560226,26585.068988498075,81127.1853250583,81248.03811215023,86558.08235021682,5003.692140826534,889.4753493503839,22,1,3,8817.330521237696,8524.393520476217,4.263256414560601e-14,9.094947017729282e-13
H2_E1200,335,2025-12-02,2,1200.0,2025-12-02,334,42,116315.42774890155,0.27614368299964553,58060.766088813376,13812.84794156663,71873.61403038,71758.69731774255,91352.2449235105,2816.6503863935623,503.5186217472515,14,1,2,8524.393520476217,8802.941975562975,5.684341886080802e-14,8.589795541524836e-13
H2_E1200,336,2025-12-03,2,1200.0,2025-12-03,335,42,121046.47124271147,0.27984962499976973,60664.917190360895,0.0,60664.917190360895,60531.341474980116,94449.3944337536,0.0,2310.9627685958376,0,0,0,8802.941975562975,9126.71828540057,8.526512829121202e-14,9.094947017729282e-13
H2_E1200,337,2025-12-04,2,1200.0,2025-12-04,336,42,87263.49624089658,0.27494702400008464,60615.94564164612,3489.289728486465,64105.235370132585,64149.063763204766,94495.1700234744,700.3595931822335,3799.095047158099,6,1,3,9126.71828540057,9020.481943453455,1.1368683772161603e-13,9.094947017729282e-13
H2_E1200,338,2025-12-05,2,1200.0,2025-12-05,337,42,53115.92920701497,0.31706188199996177,26556.038293377773,0.0,26556.038293377773,26438.05965322651,49872.478328802026,0.0,4416.818563614365,0,0,0,9020.481943453455,9306.452253542699,5.684341886080802e-14,9.094947017729282e-13
H2_E1200,339,2025-12-06,2,1200.0,2025-12-06,338,42,89235.42595106683,0.2880005120000533,26541.614512674598,0.0,26541.614512674598,26615.102414773177,50144.83825150695,0.0,2806.220099848981,0,0,0,9306.452253542699,9128.323753977065,5.684341886080802e-14,8.881784197001252e-13
H2_E1200,340,2025-12-07,2,1200.0,2025-12-07,339,42,128359.27727511199,0.2654734150000877,62930.22096098206,94.47836710793244,63024.69932808999,63063.75446823954,97713.55779048943,16.265536215534553,5706.907945243243,1,1,1,9128.323753977065,9033.657376022331,1.1368683772161603e-13,9.094947017729282e-13
H2_E1200,341,2025-12-08,2,1200.0,2025-12-08,340,42,131592.35903395925,0.2567078889996992,64147.85675976369,0.0,64147.85675976369,64138.63184010517,99896.16501400212,0.0,7616.497260181264,0,0,0,9033.657376022331,9056.01780611301,1.1368683772161603e-13,9.094947017729282e-13
H2_E1200,342,2025-12-09,2,1200.0,2025-12-09,341,42,131217.97861806452,0.25697272899969903,64887.90159275143,0.0,64887.90159275143,64849.684067854556,100497.39244070477,0.0,8524.908402052197,0,0,0,9056.01780611301,9148.653875079292,8.526512829121202e-14,9.094947017729282e-13
H2_E1200,343,2025-12-10,2,1200.0,2025-12-10,342,42,129956.80453611638,0.264500298999792,63565.35555138462,0.0,63565.35555138462,63622.22497610749,98614.37731900603,0.0,6032.633515038758,0,0,0,9148.653875079292,9010.80716823689,1.1368683772161603e-13,9.094947017729282e-13
H2_E1200,344,2025-12-11,2,1200.0,2025-12-11,343,42,95249.08489247665,0.2951099219999378,64218.41366318134,0.0,64218.41366318134,64162.51208450122,99668.3619320168,0.0,9218.351385029175,0,0,0,9010.80716823689,9146.307897598883,1.1368683772161603e-13,8.810729923425242e-13
H2_E1200,345,2025-12-12,2,1200.0,2025-12-12,344,42,58825.09934249886,0.3055955130002985,28358.305998080403,0.0,28358.305998080403,28313.874588491275,53110.5018878222,0.0,5679.017963224772,0,0,0,9146.307897598883,9254.005900912145,5.684341886080802e-14,9.094947017729282e-13
H2_E1200,346,2025-12-13,2,1200.0,2025-12-13,345,42,94383.19466940443,0.28220238899984906,28960.44733792847,0.0,28960.44733792847,28955.064744651474,54468.28080552511,0.0,7036.1716287504405,0,0,0,9254.005900912145,9267.05285472118,5.684341886080802e-14,9.094947017729282e-13
H2_E1200,347,2025-12-14,2,1200.0,2025-12-14,346,42,128145.66199273994,0.25980684499972995,63560.0169056999,0.0,63560.0169056999,63746.36938379729,98601.34025380512,0.0,5798.503014366068,0,0,0,9267.05285472118,8815.350106841695,1.1368683772161603e-13,8.65085780787922e-13
H2_E1200,348,2025-12-15,2,1200.0,2025-12-15,347,42,129963.07496412554,0.2608586709998235,62812.49820797255,674.2461846021947,63486.74439257475,63516.38755095097,98301.35485055839,97.03585168002394,4384.132157431861,2,1,2,8815.350106841695,8743.497581825277,5.684341886080802e-14,9.094947017729282e-13
H2_E1200,349,2025-12-16,2,1200.0,2025-12-16,348,42,133359.35978351266,0.2621520220000093,66223.95544730508,0.0,66223.95544730508,66068.32514070159,102383.51243415195,0.0,8175.439479275658,0,0,0,8743.497581825277,9120.732367559567,1.1368683772161603e-13,8.739675649849232e-13
H2_E1200,350,2025-12-17,2,1200.0,2025-12-17,349,42,131439.69528077112,0.26276450100021975,64439.24754000311,0.0,64439.24754000311,64475.18809579274,100174.34421161714,0.0,7703.844696406132,0,0,0,9120.732367559567,9033.615480377586,1.1368683772161603e-13,9.094947017729282e-13
H2_E1200,351,2025-12-18,2,1200.0,2025-12-18,350,42,95483.56320458907,0.29218011800003296,63836.043840720886,0.0,63836.043840720886,63833.95340855279,99085.72310162979,0.0,7150.223895224462,0,0,0,9033.615480377586,9038.682512295938,1.1368683772161603e-13,9.094947017729282e-13
H2_E1200,352,2025-12-19,2,1200.0,2025-12-19,351,42,59433.10028500284,0.32012026899974444,28750.395673912135,0.0,28750.395673912135,28723.13777126177,53730.24584720874,0.0,7159.54840988455,0,0,0,9038.682512295938,9104.753377863755,5.684341886080802e-14,9.094947017729282e-13
H2_E1200,353,2025-12-20,2,1200.0,2025-12-20,352,42,93429.63535423255,0.2897720650003066,28191.100979931194,0.0,28191.100979931194,28140.44231823436,53111.16722326182,0.0,6360.216114886603,0,0,0,9104.753377863755,9227.545717015792,5.684341886080802e-14,9.094947017729282e-13
H2_E1200,354,2025-12-21,2,1200.0,2025-12-21,353,42,127177.97708020172,0.2678543210004136,62835.63707187961,0.0,62835.63707187961,62950.05604656159,97535.87303977847,0.0,4223.199998556909,0,0,0,9227.545717015792,8950.203736908634,1.1368683772161603e-13,9.094947017729282e-13
H2_E1200,355,2025-12-22,2,1200.0,2025-12-22,354,42,128316.11573865292,0.2692137300000468,62653.25733961247,379.7956564311003,63033.052996043574,63171.578813013824,97869.11873502539,82.10538297678902,4720.694754770859,4,1,1,8950.203736908634,8614.428796770666,1.1368683772161603e-13,8.881784197001252e-13
H2_E1200,356,2025-12-23,2,1200.0,2025-12-23,355,42,129740.69734945602,0.2621308160000808,64327.033851520406,0.0,64327.033851520406,64066.5674300785,99920.37812154109,0.0,7548.69121055119,0,0,0,8614.428796770666,9245.777515590258,1.1368683772161603e-13,9.094947017729282e-13
H2_E1200,357,2025-12-24,2,1200.0,2025-12-24,356,42,127590.8736768367,0.2608775969997623,62673.98991888089,19.399633026467153,62693.389551907356,62876.19801269306,97696.33524186362,3.339869678310606,5720.886996998329,1,1,1,9245.777515590258,8802.665167873765,1.1368683772161603e-13,9.094947017729282e-13
H2_E1200,358,2025-12-25,2,1200.0,2025-12-25,357,42,92407.24227627141,0.29082541299976583,63001.30212872365,0.0,63001.30212872365,62989.78162011549,98036.5111122044,0.0,5701.773809651653,0,0,0,8802.665167873765,8830.589912682115,5.684341886080802e-14,9.094947017729282e-13
H2_E1200,359,2025-12-26,2,1200.0,2025-12-26,358,42,56725.84767309157,0.3171293360001073,27909.877262262708,0.0,27909.877262262708,27618.554210840695,52579.28085002765,0.0,5060.466142368819,0,0,0,8830.589912682115,9536.73250971904,1.1368683772161603e-13,8.881784197001252e-13
H2_E1200,360,2025-12-27,2,1200.0,2025-12-27,359,42,91746.47554946569,0.28365005600016957,27563.073773371285,0.0,27563.073773371285,27674.32755106761,52032.03267548061,0.0,5288.582143866783,0,0,0,9536.73250971904,9267.06270113651,5.684341886080802e-14,9.094947017729282e-13
H2_E1200,361,2025-12-28,2,1200.0,2025-12-28,360,42,126550.40936509763,0.26741334000007555,62694.20116015623,390.27078362573803,63084.47194378197,63164.07517672563,97389.10292539475,66.9927579523827,6481.243461391025,2,1,1,9267.06270113651,9074.111153468075,1.1368683772161603e-13,9.094947017729282e-13
H2_E1200,362,2025-12-29,2,1200.0,2025-12-29,361,42,125586.94161354983,0.26608159199986403,61428.74612914622,0.0,61428.74612914622,61587.04934323583,96011.3493063398,0.0,4426.399198690799,0,0,0,9074.111153468075,8690.397464589407,5.684341886080802e-14,9.094947017729282e-13
H2_E1200,363,2025-12-30,2,6000.0,2025-12-30,362,42,128506.58670137536,0.26572888300006525,62502.558161506255,97.0634751316275,62599.62163663788,62478.475225829,97607.53013752482,16.6161902134088,6572.302219317191,1,1,1,8690.397464589407,8984.046184567826,1.1368683772161603e-13,9.094947017729282e-13
H2_E1200,364,2025-12-31,1,6000.0,2025-12-31,363,42,62616.28546570264,0.15685683700030495,60307.27355352995,0.0,60307.27355352995,61468.37846598603,93229.64335662426,0.0,2959.9740744188566,0,0,0,8984.046184567826,6169.625443359979,1.1368683772161603e-13,9.094947017729282e-13
H2_E6000,31,2025-02-01,2,6000.0,2025-02-01,30,28,97686.16986093976,0.1377816030003487,27445.143032721564,0.0,27445.143032721564,25850.85688324445,52999.05294065118,0.0,10954.904817432089,0,0,0,6000.0,9864.415659922983,5.684341886080802e-14,9.094947017729282e-13
H2_E6000,32,2025-02-02,2,6000.0,2025-02-02,31,28,126984.73467778513,0.12877804400022796,58364.98055921135,0.0,58364.98055921135,58548.846247995665,91769.12139813617,0.0,9860.00940667769,0,0,0,9864.415659922983,9418.740680375759,1.1368683772161603e-13,9.094947017729282e-13
H2_E6000,33,2025-02-03,2,6000.0,2025-02-03,32,28,122620.97476905036,0.1317260399996485,55884.29442450108,0.0,55884.29442450108,56040.07412431696,88782.54683051247,0.0,4669.938808533647,0,0,0,9418.740680375759,9041.143778048008,1.4210854715202004e-13,9.094947017729282e-13
H2_E6000,34,2025-02-04,2,6000.0,2025-02-04,33,28,119218.34268685525,0.12865314900000158,57261.48875311694,0.0,57261.48875311694,57155.68926990705,90721.58039415532,0.0,4776.897691904881,0,0,0,9041.143778048008,9297.592835114794,4.263256414560601e-14,9.094947017729282e-13
H2_E6000,35,2025-02-05,2,6000.0,2025-02-05,34,28,115758.75297468879,0.13314099899980647,56079.6990597751,0.0,56079.6990597751,56176.26513104762,88962.28726456393,0.0,3995.2358517610082,0,0,0,9297.592835114794,9063.524792709002,1.7053025658242404e-13,9.094947017729282e-13
H2_E6000,36,2025-02-06,2,6000.0,2025-02-06,35,28,81298.93065371801,0.13704171099971063,56019.79122252376,194.11759737967617,56213.90881990344,56219.83888037341,88834.27913669992,33.29996604625569,4248.336485887356,2,1,1,9063.524792709002,9049.15082442735,5.684341886080802e-14,9.094947017729282e-13
H2_E6000,37,2025-02-07,2,6000.0,2025-02-07,36,28,46133.58359591243,0.14792674199998146,22848.819256050756,0.0,22848.819256050756,22841.608682240527,44025.802653426705,0.0,8614.908005822104,0,0,0,9049.15082442735,9066.62864944541,1.1368683772161603e-13,9.094947017729282e-13
H2_E6000,38,2025-02-08,2,6000.0,2025-02-08,37,28,76020.36856541445,0.1473151529999086,20979.44212539352,0.0,20979.44212539352,20972.083992145865,40468.92135046159,0.0,5309.850371934862,0,0,0,9066.62864944541,9084.464146140515,5.684341886080802e-14,9.094947017729282e-13
H2_E6000,39,2025-02-09,2,6000.0,2025-02-09,38,28,106730.72566760276,0.1355523539996284,52451.42247295624,2023.3464614749096,54474.76893443115,54688.25839694379,83876.82461059994,304.7615169845736,567.5088289036671,6,1,3,9084.464146140515,8566.983628334487,5.684341886080802e-14,8.846257060213247e-13
H2_E6000,40,2025-02-10,2,6000.0,2025-02-10,39,28,107552.49711945081,0.1391740359999858,52052.91117740389,365.61995657205375,52418.53113397594,52464.08294503243,83760.30169128683,79.94990559718244,5481.1800748179085,5,1,2,8566.983628334487,8456.569866010657,1.1368683772161603e-13,9.094947017729282e-13
H2_E6000,41,2025-02-11,2,6000.0,2025-02-11,40,28,107557.43941193816,0.1337135640001179,52525.25324294444,255.63802992791364,52780.89127287235,52706.45710465542,84319.19080695813,53.83714020977297,4663.8697030844705,5,1,3,8456.569866010657,8636.992035133311,5.684341886080802e-14,9.094947017729282e-13
H2_E6000,42,2025-02-12,2,6000.0,2025-02-12,41,28,107331.23946485757,0.1344552929999736,52344.82026727074,20.40497967128736,52365.22524694203,52286.19499496033,83869.55302730546,4.3563150451083175,4147.872173458792,1,1,1,8636.992035133311,8828.554725097036,5.684341886080802e-14,9.094947017729282e-13
H2_E6000,43,2025-02-13,2,6000.0,2025-02-13,42,28,74619.14936122636,0.13808064399972864,51995.18348323766,0.0,51995.18348323766,52199.58387579871,82831.64611374724,0.0,8281.803231801967,0,0,0,8828.554725097036,8333.105349107422,1.1368683772161603e-13,9.094947017729282e-13
H2_E6000,44,2025-02-14,2,6000.0,2025-02-14,43,28,40613.58424857164,0.13640836000013223,19862.21551818605,0.0,19862.21551818605,19715.72680271075,37743.434494055255,0.0,4113.811511019041,0,0,0,8333.105349107422,8688.181686106538,5.684341886080802e-14,9.094947017729282e-13
H2_E6000,45,2025-02-15,2,6000.0,2025-02-15,44,28,71269.39280771546,0.12811592800017024,19590.282330655642,0.0,19590.282330655642,19463.43364048218,37212.83628915573,0.0,4196.1229620156755,0,0,0,8688.181686106538,8995.652252107386,5.684341886080802e-14,9.094947017729282e-13
H2_E6000,46,2025-02-16,2,6000.0,2025-02-16,45,28,100728.61768355074,0.14242478400001346,49945.504819926166,356.3460463022474,50301.850866228415,50381.00763459356,80371.25995888893,86.04579588316261,850.1990970870581,2,1,2,8995.652252107386,8803.782897061257,5.684341886080802e-14,9.094947017729282e-13
H2_E6000,47,2025-02-17,2,6000.0,2025-02-17,46,28,101563.64604291703,0.13680107700020017,48852.255406624405,792.1403389890944,49644.395745613496,49741.86847445401,79275.50065559743,116.77745025644424,4440.443456977274,2,1,2,8803.782897061257,8567.517192896274,5.684341886080802e-14,9.094947017729282e-13
H2_E6000,48,2025-02-18,2,6000.0,2025-02-18,47,28,102735.2269629548,0.13097760499977085,50154.63006367104,0.0,50154.63006367104,49939.850373096895,80978.7892353448,0.0,4260.731955157811,0,0,0,8567.517192896274,9088.125115106683,5.684341886080802e-14,9.094947017729282e-13
H2_E6000,49,2025-02-19,2,6000.0,2025-02-19,48,28,102094.42617288131,0.13568701399981364,49837.94087810446,174.0319046969306,50011.97278280139,50186.87210224514,80328.15264078617,39.73784785864382,3584.299867562894,1,1,1,9088.125115106683,8664.183861405158,1.1368683772161603e-13,9.094947017729282e-13
H2_E6000,50,2025-02-20,2,6000.0,2025-02-20,49,28,70987.3023093616,0.1297029880001901,49695.56481947508,56.405014673997336,49751.96983414908,49886.93840980008,79863.92005797705,12.042061202817536,5255.722075393914,1,1,1,8664.183861405158,8337.031375313314,8.526512829121202e-14,9.094947017729282e-13
H2_E6000,51,2025-02-21,2,6000.0,2025-02-21,50,28,39354.94483483146,0.12553106000041225,19113.73024245337,0.0,19113.73024245337,19157.74014080808,36159.46436873125,0.0,7449.166985225071,0,0,0,8337.031375313314,8230.355079813073,5.684341886080802e-14,9.094947017729282e-13
H2_E6000,52,2025-02-22,2,6000.0,2025-02-22,51,28,69313.64147852655,0.12766944099985267,19426.200387344263,0.0,19426.200387344263,18991.73627762266,37109.19555374993,0.0,4796.188875396367,0,0,0,8230.355079813073,9283.459574155768,5.684341886080802e-14,9.094947017729282e-13
H2_E6000,53,2025-02-23,2,6000.0,2025-02-23,52,28,98642.73874362701,0.14183807900008105,48734.08118012824,12.350764731446807,48746.43194485969,48922.34709557531,78687.05433821812,2.636798619010847,3436.478269617845,1,1,1,9283.459574155768,8857.056030810612,1.1368683772161603e-13,9.094947017729282e-13
H2_E6000,54,2025-02-24,2,6000.0,2025-02-24,53,28,98856.41635123506,0.14201974499974312,47650.35374552016,774.4718541955908,48424.82559971575,48498.44433150181,77690.97033151347,132.0887056929339,5788.345110397149,5,1,2,8857.056030810612,8678.610411076023,1.1368683772161603e-13,9.094947017729282e-13
H2_E6000,55,2025-02-25,2,6000.0,2025-02-25,54,28,99816.79286632479,0.13214337099998374,48687.634959588206,100.76651852289655,48788.401478111104,48679.81266797326,78972.97450400158,22.641790208732118,9154.219173608783,2,1,2,8678.610411076023,8941.820562231587,1.1368683772161603e-13,9.094947017729282e-13
H2_E6000,56,2025-02-26,2,6000.0,2025-02-26,55,28,97398.59381301292,0.13871331599966652,47667.91858523907,0.0,47667.91858523907,47537.681474232326,77406.96212128375,0.0,4209.624439007985,0,0,0,8941.820562231587,9257.504375606419,1.1368683772161603e-13,9.094947017729282e-13
H2_E6000,57,2025-02-27,2,6000.0,2025-02-27,56,28,67171.62212555445,0.1347571850001259,46286.2581358428,804.6702445270835,47090.928380369885,47779.895078070724,74707.47150946029,162.93488753162868,5446.257294763747,3,1,1,9257.504375606419,7587.506993622157,1.1368683772161603e-13,9.094947017729282e-13
H2_E6000,58,2025-02-28,2,6000.0,2025-02-28,57,28,38724.202997779605,0.12297594999972716,18675.915083067026,0.0,18675.915083067026,18616.229591720105,35554.68482605885,0.0,8941.828433346498,0,0,0,7587.506993622157,7732.179609329746,5.684341886080802e-14,8.526512829121202e-13
H2_E6000,59,2025-03-01,2,6000.0,2025-03-01,58,28,67108.97964667843,0.1295888049999121,19264.250812730308,0.0,19264.250812730308,18604.643144810936,36944.11789104456,0.0,8475.149663475191,0,0,0,7732.179609329746,9331.013170136192,5.684341886080802e-14,9.094947017729282e-13
H2_E6000,60,2025-03-02,2,6000.0,2025-03-02,59,28,94788.95443314304,0.14928641100004825,46661.38968901064,11405.17076056788,58066.56044957852,58364.51622697162,75743.06997976045,1684.9939923316108,1700.041707046247,8,1,2,9331.013170136192,8608.793402687263,5.684341886080802e-14,8.988365607365267e-13
H2_E6000,61,2025-03-03,2,6000.0,2025-03-03,60,28,98134.21769182065,0.1387287370002923,47071.79233496403,5634.304822411163,52706.097157375196,52730.59785196627,76816.88793522239,870.3131015921639,1254.5257890041114,10,1,2,8608.793402687263,8549.405777769494,5.684341886080802e-14,9.094947017729282e-13
H2_E6000,62,2025-03-04,2,6000.0,2025-03-04,61,28,102427.65274869138,0.13865359300007185,49881.01689689018,0.0,49881.01689689018,49728.29895893433,80454.12833210525,0.0,6960.247521237326,0,0,0,8549.405777769494,8919.581226625578,1.1368683772161603e-13,9.094947017729282e-13
H2_E6000,63,2025-03-05,2,6000.0,2025-03-05,62,28,101200.14155076133,0.13406099800022275,48846.75662187436,5.267273480358757,48852.023895354716,48855.748039418504,79134.93039647496,1.1577697506008917,9331.242514865582,1,1,1,8919.581226625578,8910.554214351387,1.1368683772161603e-13,9.094947017729282e-13
H2_E6000,64,2025-03-06,2,6000.0,2025-03-06,63,28,68392.0381376789,0.13579898899979526,46772.73989576634,0.0,46772.73989576634,47522.74134491073,75105.03567997128,0.0,7398.89714795221,0,0,0,8910.554214351387,7092.613723562396,1.1368683772161603e-13,9.094947017729282e-13
H2_E6000,65,2025-03-07,2,6000.0,2025-03-07,64,28,37686.81062697322,0.13441052299958756,17650.60639092393,0.0,17650.60639092393,17787.385562896558,33172.55326566237,0.0,9745.013400472955,0,0,0,7092.613723562396,6761.072504129688,5.684341886080802e-14,8.526512829121202e-13
H2_E6000,66,2025-03-08,2,6000.0,2025-03-08,65,28,65795.63835180944,0.1290197220000664,18384.008684904817,0.0,18384.008684904817,17307.57284725199,35108.265667959146,0.0,10082.955253988539,0,0,0,6761.072504129688,9370.262522679492,5.684341886080802e-14,9.094947017729282e-13
H2_E6000,67,2025-03-09,2,6000.0,2025-03-09,66,28,90453.15677662547,0.14336818099991433,44135.64547182838,0.0,44135.64547182838,44353.103559013594,72146.44847689763,0.0,5348.435526275204,0,0,0,9370.262522679492,8843.162392147056,5.684341886080802e-14,9.023892744153272e-13
H2_E6000,68,2025-03-10,2,6000.0,2025-03-10,67,28,89846.1328057147,0.14671911899995393,42424.22834540451,11830.978155067392,54255.206500471904,54317.7166389912,70012.24089590096,1901.3465890632556,93.03264699117437,11,1,2,8843.162392147056,8691.643069046144,5.684341886080802e-14,9.094947017729282e-13
H2_E6000,69,2025-03-11,2,6000.0,2025-03-11,68,28,94315.46604702811,0.1495917150000423,45677.10516807445,0.0,45677.10516807445,45454.22701510707,75023.03602339144,0.0,6657.238118060843,0,0,0,8691.643069046144,9231.880983591363,1.1368683772161603e-13,8.952838470577262e-13
H2_E6000,70,2025-03-12,2,6000.0,2025-03-12,69,28,92619.23460263557,0.14640367399988463,44420.728597281995,0.0,44420.728597281995,44530.46044465285,72700.81203525358,0.0,6760.350077108596,0,0,0,9231.880983591363,8965.900206231365,5.684341886080802e-14,9.094947017729282e-13
H2_E6000,71,2025-03-13,2,6000.0,2025-03-13,70,28,62733.384439675196,0.12959503299998687,41954.45528988243,4884.758736178332,46839.21402606076,48272.56140354323,67773.87657620701,807.7211965923274,775.0140542435311,7,1,2,8965.900206231365,5491.586606085334,1.1368683772161603e-13,9.094947017729282e-13
H2_E6000,72,2025-03-14,2,6000.0,2025-03-14,71,28,36647.20983472341,0.12438866499996948,17037.988132582526,0.0,17037.988132582526,16825.654729330454,32149.105695485036,0.0,12742.330147102713,0,0,0,5491.586606085334,6006.264933386343,5.684341886080802e-14,7.958078640513122e-13
H2_E6000,73,2025-03-15,2,6000.0,2025-03-15,72,28,64086.98519171828,0.12812419300007605,18406.14266590179,0.0,18406.14266590179,17195.270636251193,35412.81967826818,0.0,8246.524548904501,0,0,0,6006.264933386343,8941.31698478827,5.684341886080802e-14,9.094947017729282e-13
H2_E6000,74,2025-03-16,2,6000.0,2025-03-16,73,28,89996.73123995356,0.1411782340001082,43600.974018151486,7.461180000000455,43608.435198151485,43502.01942385805,71732.09733656696,1.6400000000001,4156.762470483846,1,1,1,8941.31698478827,9199.259879655201,1.1368683772161603e-13,8.668621376273222e-13
H2_E6000,75,2025-03-17,2,6000.0,2025-03-17,74,28,90031.50227351245,0.1509368719998747,42198.0712252559,0.0,42198.0712252559,42337.4088425902,69895.80936883707,0.0,8726.171145237899,0,0,0,9199.259879655201,8861.517203649633,1.1368683772161603e-13,9.094947017729282e-13
H2_E6000,76,2025-03-18,2,6000.0,2025-03-18,75,28,90122.91470764657,0.14598571399983484,42883.66178517301,0.0,42883.66178517301,42815.83162297295,70804.76090163637,0.0,5445.795234603786,0,0,0,8861.517203649633,9025.931817115976,1.1368683772161603e-13,9.094947017729282e-13
H2_E6000,77,2025-03-19,2,6000.0,2025-03-19,76,28,90059.85622363814,0.1413935959999435,42793.051904233726,0.0,42793.051904233726,42742.6863094157,70527.22032773678,0.0,6987.201272184997,0,0,0,9025.931817115976,9148.013786779924,1.4210854715202004e-13,8.419931418757187e-13
H2_E6000,78,2025-03-20,2,6000.0,2025-03-20,77,28,61267.86236774919,0.13645803999997952,40761.7520145047,0.0,40761.7520145047,42293.00269451027,65740.7293018532,0.0,3678.0843430662494,0,0,0,9148.013786779924,5436.39080804301,1.1368683772161603e-13,9.094947017729282e-13
H2_E6000,79,2025-03-21,2,6000.0,2025-03-21,78,28,35270.4707974563,0.12637215399990964,16243.176136781607,0.0,16243.176136781607,16285.090122556649,30883.366500850454,0.0,16169.989892255551,0,0,0,5436.39080804301,5334.794828518267,5.684341886080802e-14,9.094947017729282e-13
H2_E6000,80,2025-03-22,2,6000.0,2025-03-22,79,28,61811.81107130549,0.1277600129997154,18213.559874887935,0.0,18213.559874887935,16489.403839049664,35458.47089509087,0.0,12249.121202446862,0,0,0,5334.794828518267,9514.00418013271,5.684341886080802e-14,9.094947017729282e-13
H2_E6000,81,2025-03-23,2,6000.0,2025-03-23,80,28,85534.86944132156,0.1410788279999906,41208.168068596235,115.37619526438046,41323.54426386062,41643.65828209024,68041.46682867398,21.239584532976117,6271.613380473981,2,1,2,9514.00418013271,8738.07469883279,5.684341886080802e-14,9.094947017729282e-13
H2_E6000,82,2025-03-24,2,6000.0,2025-03-24,81,28,84989.33638732326,0.1478657480001857,40158.865222021836,0.0,40158.865222021836,40214.30952175808,66872.0222691901,0.0,5056.325665962777,0,0,0,8738.07469883279,8603.682375206023,5.684341886080802e-14,9.094947017729282e-13
H2_E6000,83,2025-03-25,2,6000.0,2025-03-25,82,28,85585.30352507127,0.15263315799984412,40868.72451007402,6.520130801975029,40875.24464087599,40855.86581079483,67928.47532863081,1.391554967874299,2878.9516695694447,1,1,1,8603.682375206023,8650.655030937372,1.1368683772161603e-13,8.668621376273222e-13
H2_E6000,84,2025-03-26,2,6000.0,2025-03-26,83,28,86688.443722519,0.15001448399971196,41142.19153123521,0.0,41142.19153123521,41077.49571022306,68357.01383084216,0.0,8869.75779698757,0,0,0,8650.655030937372,8807.472264740041,1.1368683772161603e-13,9.094947017729282e-13
H2_E6000,85,2025-03-27,2,6000.0,2025-03-27,84,28,59216.20969551442,0.13501759100017807,39382.73123878209,0.0,39382.73123878209,40885.84150304458,63893.53265155168,0.0,5463.636686818094,0,0,0,8807.472264740041,5164.059289150925,5.684341886080802e-14,9.094947017729282e-13
H2_E6000,86,2025-03-28,2,6000.0,2025-03-28,85,28,34320.25637346697,0.12781634300017686,15960.692043695395,0.0,15960.692043695395,15827.764141634423,30788.684853279963,0.0,16910.806739804924,0,0,0,5164.059289150925,5486.265353936475,5.684341886080802e-14,6.821210263296962e-13
H2_E6000,87,2025-03-29,2,6000.0,2025-03-29,86,28,59979.242853757685,0.12893716999997196,17502.63706447004,0.0,17502.63706447004,15956.616463504091,34648.50052928865,0.0,20119.889631486363,0,0,0,5486.265353936475,9233.689379978363,5.684341886080802e-14,9.094947017729282e-13
H2_E6000,88,2025-03-30,2,6000.0,2025-03-30,87,28,81139.93912531457,0.15324327799999082,39400.19489872302,0.0,39400.19489872302,39472.491131301285,65250.34565979055,0.0,6347.370886802055,0,0,0,9233.689379978363,9058.449387195065,5.684341886080802e-14,9.094947017729282e-13
H2_E6000,89,2025-03-31,2,6000.0,2025-03-31,88,28,80074.25367092116,0.14524368499996854,37598.18997345613,3734.46764352239,41332.65761697852,41458.45671641567,62881.070677724056,546.484781261829,3113.8796349163076,3,1,2,9058.449387195065,8753.522940942887,1.1368683772161603e-13,9.094947017729282e-13
H2_E6000,90,2025-04-01,2,6000.0,2025-04-01,89,28,81605.89220568418,0.15411378799990416,39220.75787030938,0.0,39220.75787030938,39169.00628228416,65325.457200984805,0.0,1243.0198684014426,0,0,0,8753.522940942887,8878.964441677339,5.684341886080802e-14,9.094947017729282e-13
H2_E6000,91,2025-04-02,2,6000.0,2025-04-02,90,28,82487.06958125404,0.15122349800003576,39164.38346612248,5186.889313042615,44351.2727791651,44358.283870507636,65552.92808998766,1046.4165458434709,2157.6378861449816,10,1,1,8878.964441677339,8861.970145398629,5.684341886080802e-14,8.952838470577262e-13
H2_E6000,92,2025-04-03,2,6000.0,2025-04-03,91,28,57615.52824530419,0.1361426130001746,37959.66865477657,0.0,37959.66865477657,39688.94932125702,62159.83949023777,0.0,7027.506163706599,0,0,0,8861.970145398629,4670.339119725562,1.1368683772161603e-13,8.988365607365267e-13
H2_E6000,93,2025-04-04,2,6000.0,2025-04-04,92,28,33631.5472020255,0.13012901699994472,15470.454415111548,0.0,15470.454415111548,15226.878904112738,30132.12818912407,0.0,20474.32220611864,0,0,0,4670.339119725562,5260.7456909588755,5.684341886080802e-14,9.094947017729282e-13
H2_E6000,94,2025-04-05,2,6000.0,2025-04-05,93,28,58512.98015458764,0.12405037000007724,17205.8239789308,0.0,17205.8239789308,15575.731666137413,34298.22935608215,0.0,15275.632282423961,0,0,0,5260.7456909588755,9211.952482001287,5.684341886080802e-14,9.094947017729282e-13
H2_E6000,95,2025-04-06,2,6000.0,2025-04-06,94,28,80514.9109889122,0.14454442200030826,39145.2174066334,0.0,39145.2174066334,39340.679333409775,65689.21753105367,0.0,8072.894068586032,0,0,0,9211.952482001287,8738.169195982595,1.1368683772161603e-13,9.094947017729282e-13
H2_E6000,96,2025-04-07,2,6000.0,2025-04-07,95,28,79773.8136797426,0.1487186809999912,37427.18357872429,0.0,37427.18357872429,37439.30180587101,63386.147304289945,0.0,6439.4366285368005,0,0,0,8738.169195982595,8708.79563166252,1.1368683772161603e-13,8.872902412804251e-13
H2_E6000,97,2025-04-08,2,6000.0,2025-04-08,96,28,80625.18110235837,0.14958584800024255,38841.014115628175,0.0,38841.014115628175,38818.47099074461,65389.85030581289,0.0,6978.94380476813,0,0,0,8708.79563166252,8763.438272102087,1.1368683772161603e-13,9.094947017729282e-13
H2_E6000,98,2025-04-09,2,6000.0,2025-04-09,97,28,80272.92859589243,0.14353132699989146,38487.16232245077,0.0,38487.16232245077,38403.19545617623,64620.426578960076,0.0,1294.4978927984616,0,0,0,8763.438272102087,8966.966900292451,1.1368683772161603e-13,8.988365607365267e-13
H2_E6000,99,2025-04-10,2,6000.0,2025-04-10,98,28,55971.88378047163,0.12664985600031287,36925.682927112925,0.0,36925.682927112925,38721.17143271858,60591.74985614825,0.0,7076.642056182311,0,0,0,8966.966900292451,4614.853635964187,1.1368683772161603e-13,8.757439218243235e-13
H2_E6000,100,2025-04-11,2,6000.0,2025-04-11,99,28,32832.01375555938,0.11069024900007207,14939.151296594733,0.0,14939.151296594733,14835.55810206529,29226.151107288286,0.0,21131.250591737175,0,0,0,4614.853635964187,4865.954834662004,5.684341886080802e-14,9.094947017729282e-13
H2_E6000,101,2025-04-12,2,6000.0,2025-04-12,100,28,56440.420875291136,0.1279661430003216,17017.400298715394,0.0,17017.400298715394,15148.268121208195,34110.23742678816,0.0,17607.295276047193,0,0,0,4865.954834662004,9396.574171469114,5.684341886080802e-14,9.023892744153272e-13
H2_E6000,102,2025-04-13,2,6000.0,2025-04-13,101,28,76274.28799279915,0.14324455699988903,37314.83786679841,0.0,37314.83786679841,37527.170244562134,62840.44086703191,0.0,5280.16686068942,0,0,0,9396.574171469114,8881.898329865679,1.1368683772161603e-13,9.094947017729282e-13
H2_E6000,103,2025-04-14,2,6000.0,2025-04-14,102,28,76666.32059525177,0.1412166459999753,36108.93862703764,693.6626947446192,36802.60132178226,36918.4689379292,61385.45423821422,100.90037804610608,5415.106229892402,2,1,1,8881.898329865679,8601.044964575494,5.684341886080802e-14,9.094947017729282e-13
H2_E6000,104,2025-04-15,2,6000.0,2025-04-15,103,28,78069.54387257028,0.138289832999817,37717.42762466421,0.0,37717.42762466421,37538.73920647051,63630.63816025503,0.0,9449.555866058045,0,0,0,8601.044964575494,9034.170675252388,1.1368683772161603e-13,9.094947017729282e-13
H2_E6000,105,2025-04-16,2,6000.0,2025-04-16,104,28,76740.0747674058,0.1449373979999109,36827.13715644309,0.0,36827.13715644309,36878.68155297386,61953.715375408065,0.0,2537.495211150742,0,0,0,9034.170675252388,8909.231389290379,5.684341886080802e-14,9.094947017729282e-13
H2_E6000,106,2025-04-17,2,6000.0,2025-04-17,105,28,53649.31211459472,0.1317725439998867,35228.93192356918,0.0,35228.93192356918,37138.111073919405,57891.033595628316,0.0,6451.229181275099,0,0,0,8909.231389290379,4281.541555422336,1.1368683772161603e-13,9.094947017729282e-13
H2_E6000,107,2025-04-18,2,6000.0,2025-04-18,106,28,31456.787702803696,0.10475945000007414,14293.464098999495,0.0,14293.464098999495,14153.37698416343,28078.09117498147,0.0,18949.005793362077,0,0,0,4281.541555422336,4621.100950392599,5.684341886080802e-14,9.094947017729282e-13
H2_E6000,108,2025-04-19,2,6000.0,2025-04-19,107,28,54478.44553466066,0.12460763600029168,16230.564826543266,0.0,16230.564826543266,14285.838129481117,32946.11388587095,0.0,18390.622387774878,0,0,0,4621.100950392599,9334.955050462446,5.684341886080802e-14,9.094947017729282e-13
H2_E6000,109,2025-04-20,2,6000.0,2025-04-20,108,28,74835.07032787587,0.14324536999993143,36346.70929123882,0.0,36346.70929123882,36430.50118417748,61353.70586536707,0.0,5840.5624104779445,0,0,0,9334.955050462446,9131.850542935385,1.1368683772161603e-13,9.094947017729282e-13
H2_E6000,110,2025-04-21,2,6000.0,2025-04-21,109,28,74833.26462969414,0.149474103999637,35555.21168779681,0.0,35555.21168779681,35785.56550632037,60379.96935951503,0.0,8924.250601388714,0,0,0,9131.850542935385,8573.492243255332,1.1368683772161603e-13,9.094947017729282e-13
H2_E6000,111,2025-04-22,2,6000.0,2025-04-22,110,28,74934.93901142711,0.13832746700018106,36112.35181007421,0.0,36112.35181007421,35964.57742775008,60904.515152050735,0.0,4740.729119463912,0,0,0,8573.492243255332,8931.684928662587,5.684341886080802e-14,9.094947017729282e-13
H2_E6000,112,2025-04-23,2,6000.0,2025-04-23,111,28,74921.26800908314,0.1387832549999075,36173.25873928845,0.0,36173.25873928845,36092.78156851067,61287.98878400979,0.0,6173.125360515168,0,0,0,8931.684928662587,9126.75482820476,5.684341886080802e-14,8.739675649849232e-13
H2_E6000,113,2025-04-24,2,6000.0,2025-04-24,112,28,50795.00171229434,0.12599360500007606,33085.25743993213,0.0,33085.25743993213,35400.10661463443,54136.87946664485,0.0,9813.865747934766,0,0,0,9126.75482820476,3515.7549433890513,5.684341886080802e-14,9.094947017729282e-13
H2_E6000,114,2025-04-25,2,6000.0,2025-04-25,113,28,29882.65408360299,0.1037131230000341,13410.397598467433,0.0,13410.397598467433,13349.415738365446,26960.294014663417,0.0,22463.091698983364,0,0,0,3515.7549433890513,3663.569848026239,5.684341886080802e-14,8.526512829121202e-13
H2_E6000,115,2025-04-26,2,6000.0,2025-04-26,114,28,51460.92976260579,0.12468186700016304,15874.074111412636,0.0,15874.074111412636,13627.331995814855,32876.02799701389,0.0,24408.036640472186,0,0,0,3663.569848026239,9109.48394454658,5.684341886080802e-14,9.094947017729282e-13
H2_E6000,116,2025-04-27,2,6000.0,2025-04-27,115,28,69439.27290265587,0.1401643399999557,33566.183298428994,4733.1542697012355,38299.33756813023,38480.107149284886,56953.616423453066,689.9257134900903,5864.160372459255,2,1,1,9109.48394454658,8671.313669730542,0.0,8.881784197001252e-13
H2_E6000,117,2025-04-28,2,6000.0,2025-04-28,116,28,70400.34772070969,0.1486764520000179,33586.36858592538,24522.293207966137,58108.661793891515,58105.0710830077,56963.11644694614,3641.1266938311637,769.1095378103128,14,1,1,8671.313669730542,8680.017251188745,5.684341886080802e-14,9.094947017729282e-13
H2_E6000,118,2025-04-29,2,6000.0,2025-04-29,117,28,74349.56328258781,0.1407233630002338,35507.34848669738,178.2367365955318,35685.58522329291,35560.397989403886,60067.98806748225,25.54999091105674,8993.510652115963,1,1,1,8680.017251188745,8983.460586766765,1.1368683772161603e-13,9.094947017729282e-13
H2_E6000,119,2025-04-30,2,6000.0,2025-04-30,118,28,74055.1426575698,0.14189867000004597,35450.039887704595,0.0,35450.039887704595,35552.617143014424,59856.39086821611,0.0,8512.313748991006,0,0,0,8983.460586766765,8734.821939368845,5.684341886080802e-14,8.983924715266767e-13
H2_E6000,120,2025-05-01,2,6000.0,2025-05-01,119,28,50359.717902360484,0.12478348100012226,32356.912546082218,10004.04148607994,42360.95403216216,45136.84449769324,52477.20846061778,1585.2583073487565,6726.534163946412,11,1,1,8734.821939368845,2006.2967064629217,5.684341886080802e-14,9.094947017729282e-13
H2_E6000,121,2025-05-02,2,6000.0,2025-05-02,120,28,31531.068876482957,0.10327896599983433,14211.092021880375,8143.921761438584,22355.01378331896,22176.03689985268,28343.983445344904,1329.616872014091,12320.634952626497,10,1,2,2006.2967064629217,2440.1216327210677,5.684341886080802e-14,7.958078640513122e-13
H2_E6000,122,2025-05-03,2,6000.0,2025-05-03,121,28,56142.01838683605,0.12239787699991211,17132.173415153153,4110.521480702813,21242.694895855966,18760.401995712018,34939.379976625256,724.988941030489,17628.565681349974,8,1,1,2440.1216327210677,8456.99103786395,5.684341886080802e-14,8.526512829121202e-13
H2_E6000,123,2025-05-04,2,6000.0,2025-05-04,122,28,77005.92959609222,0.13775330499993288,36941.55808471868,5021.359343178434,41962.91742789711,41993.6334472295,62175.50365492604,802.382666583708,8016.4674258677005,9,1,1,8456.99103786395,8382.537988041311,5.684341886080802e-14,8.881784197001252e-13
H2_E6000,124,2025-05-05,2,6000.0,2025-05-05,123,28,77809.17491960904,0.13390933200025756,36293.43352716253,6511.916665412325,42805.35019257486,42790.37081054966,61167.23241221022,974.9157718537228,3138.9313700367293,6,1,2,8382.537988041311,8418.846751366582,1.1368683772161603e-13,9.094947017729282e-13
H2_E6000,125,2025-05-06,2,6000.0,2025-05-06,124,28,81395.52271479332,0.13854890399989017,38274.80128816859,1183.665201433185,39458.46648960178,39501.35660201381,64130.35344147804,192.22081067254715,7723.562932543313,5,1,3,8418.846751366582,8314.884722896813,1.1368683772161603e-13,9.094947017729282e-13
H2_E6000,126,2025-05-07,2,6000.0,2025-05-07,125,28,83925.75859242368,0.13526500200032388,39000.79295419759,2023.6631454552737,41024.45609965287,40889.85111236543,65269.32318088584,290.0893270434739,6399.622524348791,1,1,1,8314.884722896813,8641.155901347374,5.684341886080802e-14,9.094947017729282e-13
H2_E6000,127,2025-05-08,2,6000.0,2025-05-08,126,28,61497.81899087459,0.11741717999984758,38163.0243272832,243.2289326250005,38406.253259908204,40190.22715666851,60343.33626985953,35.999250000000075,5835.377784438099,1,1,1,8641.155901347374,4316.953081298166,5.684341886080802e-14,9.094947017729282e-13
H2_E6000,128,2025-05-09,2,6000.0,2025-05-09,127,28,38947.78855089133,0.10517176100029246,16941.96555047457,0.0,16941.96555047457,16582.633676085465,30469.12537088283,0.0,18651.95257035657,0,0,0,4316.953081298166,5187.943350488027,0.0,4.547473508864641e-13
H2_E6000,129,2025-05-10,2,6000.0,2025-05-10,128,28,62793.25343062349,0.1207883470001434,19189.26117745621,0.0,19189.26117745621,17139.992287940222,35796.33525187097,0.0,15678.942600932658,0,0,0,5187.943350488027,10155.198940480996,5.684341886080802e-14,8.597567102697212e-13
H2_E6000,130,2025-05-11,2,6000.0,2025-05-11,129,28,83958.61981883603,0.1338784160002433,40044.75787531394,277.36103945833383,40322.118914772276,40593.28812911457,65400.356225726115,41.18071666666674,7229.133031627247,2,1,1,10155.198940480996,9497.907551016788,5.684341886080802e-14,9.094947017729282e-13
H2_E6000,131,2025-05-12,2,6000.0,2025-05-12,130,28,84418.08144275995,0.1374250479998409,38977.73156830069,0.0,38977.73156830069,38958.608408328044,64203.484204631925,0.0,9135.494110520558,0,0,0,9497.907551016788,9544.26048388881,5.684341886080802e-14,9.094947017729282e-13
H2_E6000,132,2025-05-13,2,6000.0,2025-05-13,131,28,85488.29791587625,0.1289803680001569,40218.240418562695,0.0,40218.240418562695,40167.12641825446,65957.95677099095,0.0,9297.74464053643,0,0,0,9544.26048388881,9668.156525573184,5.684341886080802e-14,9.094947017729282e-13
H2_E6000,133,2025-05-14,2,6000.0,2025-05-14,132,28,85281.57823478177,0.13291222299994843,39993.784470485,0.0,39993.784470485,39952.17987892956,65487.70579974809,0.0,9053.055245827689,0,0,0,9668.156525573184,9769.002559507733,5.684341886080802e-14,9.094947017729282e-13
H2_E6000,134,2025-05-15,2,6000.0,2025-05-15,133,28,60144.370377941494,0.12211843700015379,37089.37077994457,0.0,37089.37077994457,39224.37395302609,58115.55270287393,0.0,7793.4204172473355,0,0,0,9769.002559507733,4593.934270325495,1.7053025658242404e-13,9.094947017729282e-13
H2_E6000,135,2025-05-16,2,6000.0,2025-05-16,134,28,37977.77789126275,0.10316161700029625,16237.943461986482,0.0,16237.943461986482,16335.426855504642,28964.953246643578,0.0,24193.864722900464,0,0,0,4593.934270325495,4357.642715878031,5.329070518200751e-15,9.094947017729282e-13
H2_E6000,136,2025-05-17,2,6000.0,2025-05-17,135,28,60916.899225059715,0.12093311299986453,18953.44074508352,0.0,18953.44074508352,16646.480702437537,35705.97581094053,0.0,16658.025632031946,0,0,0,4357.642715878031,9949.52000750579,5.684341886080802e-14,9.094947017729282e-13
H2_E6000,137,2025-05-18,2,6000.0,2025-05-18,136,28,80889.55323992949,0.13359975899993515,38682.107076688175,0.0,38682.107076688175,38766.82889642898,62908.23628882223,0.0,6065.844917999388,0,0,0,9949.52000750579,9744.161435551225,5.684341886080802e-14,8.348877145181177e-13
H2_E6000,138,2025-05-19,2,6000.0,2025-05-19,137,28,80846.7334560264,0.13322913899992272,37427.419975891564,451.90398166666745,37879.323957558234,38154.70920417586,61645.074547206605,67.00333333333344,11674.267726279983,1,1,1,9744.161435551225,9076.650738120945,1.1368683772161603e-13,8.86402062860725e-13
H2_E6000,139,2025-05-20,2,6000.0,2025-05-20,138,28,81215.27317575985,0.1350874679997105,38368.649234547476,0.0,38368.649234547476,38259.001220762584,63087.89618536649,0.0,4943.4177043273685,0,0,0,9076.650738120945,9342.42830991304,1.1368683772161603e-13,9.094947017729282e-13
H2_E6000,140,2025-05-21,2,6000.0,2025-05-21,139,28,81767.20484638646,0.13370627399990553,38610.025773795096,0.0,38610.025773795096,38585.24047144621,63572.64890575442,0.0,8997.255597430008,0,0,0,9342.42830991304,9402.505800120414,5.684341886080802e-14,9.094947017729282e-13
H2_E6000,141,2025-05-22,2,6000.0,2025-05-22,140,28,57478.39711988419,0.12036572500028342,35404.54152370474,0.0,35404.54152370474,37716.25993962878,55993.61011233654,0.0,8182.000938193252,0,0,0,9402.505800120414,3799.094611508419,1.1368683772161603e-13,9.094947017729282e-13
H2_E6000,142,2025-05-23,2,6000.0,2025-05-23,141,28,36508.54583032503,0.10605943299970022,15425.536274143102,0.0,15425.536274143102,15292.340248609571,28180.68986156969,0.0,19087.739774781774,0,0,0,3799.094611508419,4121.9505850612795,3.552713678800501e-15,8.988365607365267e-13
H2_E6000,143,2025-05-24,2,6000.0,2025-05-24,142,28,60161.67851793854,0.121684247000303,18494.653991088402,0.0,18494.653991088402,16064.44419323367,35225.35860649323,0.0,22646.11628975577,0,0,0,4121.9505850612795,10012.574926750638,5.684341886080802e-14,7.958078640513122e-13
H2_E6000,144,2025-05-25,2,6000.0,2025-05-25,143,28,78472.69332209537,0.1335406090001925,37441.44772245869,0.0,37441.44772245869,37750.18173998391,61534.800233859016,0.0,10700.499340000648,0,0,0,10012.574926750638,9264.229610907109,1.1368683772161603e-13,9.094947017729282e-13
H2_E6000,145,2025-05-26,2,6000.0,2025-05-26,144,28,77658.21539364998,0.13828627700013385,36005.28546540845,0.0,36005.28546540845,36036.524688862155,59327.53279699555,0.0,1241.825614780756,0,0,0,9264.229610907109,9188.50835825876,2.842170943040401e-14,9.023892744153272e-13
H2_E6000,146,2025-05-27,2,6000.0,2025-05-27,145,28,79956.86561641959,0.13344271799996932,37928.94679358415,0.0,37928.94679358415,37926.92226324483,62537.39605420844,0.0,9954.400095296409,0,0,0,9188.50835825876,9193.41564968185,1.1368683772161603e-13,9.094947017729282e-13
H2_E6000,147,2025-05-28,2,6000.0,2025-05-28,146,28,78469.22466286272,0.13212506899981236,37351.34890239515,0.0,37351.34890239515,37268.968476638845,61702.871520521854,0.0,5772.925090702378,0,0,0,9193.41564968185,9393.098879363166,5.684341886080802e-14,9.094947017729282e-13
H2_E6000,148,2025-05-29,2,6000.0,2025-05-29,147,28,55383.21216909256,0.12139034299980267,34139.30186604484,119.77769558333367,34259.079561628176,36779.490529152084,54432.86942132453,17.817433333333383,3515.947113937138,1,1,1,9393.098879363166,3283.8344819176486,5.684341886080802e-14,9.094947017729282e-13
H2_E6000,149,2025-05-30,2,6000.0,2025-05-30,148,28,35502.995436629506,0.10289019500032737,15296.514214207033,0.0,15296.514214207033,15040.54964140413,28381.71469694419,0.0,18884.30838278282,0,0,0,3283.8344819176486,3904.2710979225308,0.0,9.094947017729282e-13
H2_E6000,150,2025-05-31,2,6000.0,2025-05-31,149,28,58616.7158609531,0.12106595800014475,18041.855330122773,0.0,18041.855330122773,15733.277401785055,34897.01472459985,0.0,17859.222562708306,0,0,0,3904.2710979225308,9500.070008517592,5.684341886080802e-14,9.094947017729282e-13
H2_E6000,151,2025-06-01,2,6000.0,2025-06-01,150,28,77834.06379907602,0.13292874800026766,37728.07867390694,55888.316782679336,93616.39545658627,94408.34323167428,62454.31243389853,9794.70970745027,15.901242223280178,55,1,4,9500.070008517592,7580.4551483527375,1.1368683772161603e-13,8.846257060213247e-13
H2_E6000,152,2025-06-02,2,6000.0,2025-06-02,151,28,85557.57286332501,0.132832086000235,39591.72019106679,44990.95086869219,84582.67105975898,84581.3683555322,66461.5594714126,7086.204905561438,1002.2649991449548,32,1,2,7580.4551483527375,7583.612793933413,5.684341886080802e-14,9.094947017729282e-13
H2_E6000,153,2025-06-03,2,6000.0,2025-06-03,152,28,95504.02200833474,0.13432641300005344,44528.929161082575,8539.47615223967,53068.40531332225,52850.550471230235,73502.64985236703,1374.7639374895698,1911.549606590039,16,1,4,7583.612793933413,8111.674625020969,5.684341886080802e-14,8.757439218243235e-13
H2_E6000,154,2025-06-04,2,6000.0,2025-06-04,153,28,100168.72665558787,0.12996778799970343,45942.640529957454,3886.0721535445464,49828.712683502,49821.05567491626,75371.16915253522,621.1552561263107,2331.6434147166765,13,1,4,8111.674625020969,8130.234570421383,5.684341886080802e-14,8.841816168114747e-13
H2_E6000,155,2025-06-05,2,6000.0,2025-06-05,154,28,73509.27498586883,0.13075144499998714,45441.98413471013,2447.6727632956386,47889.65689800577,50176.70861015701,71983.00434497825,406.47849684221325,3158.3946013038,12,1,4,8130.234570421383,2586.6133990340627,5.684341886080802e-14,9.094947017729282e-13
H2_E6000,156,2025-06-06,2,6000.0,2025-06-06,155,28,48002.5688595043,0.13649275799980387,19816.59274350542,11746.030212959446,31562.622956464864,31303.688499589567,35720.622299495255,1746.1738916854015,3276.654192603375,7,1,2,2586.6133990340627,3214.2487644737766,0.0,8.988365607365267e-13
H2_E6000,157,2025-06-07,2,6000.0,2025-06-07,156,28,87992.92467101193,0.13298881500031712,24388.933082849006,0.0,24388.933082849006,22066.30805836345,44700.01067975865,0.0,4812.347817697257,0,0,0,3214.2487644737766,8844.096655766532,5.684341886080802e-14,8.171241461241152e-13
H2_E6000,158,2025-06-08,2,6000.0,2025-06-08,157,28,122089.7306828191,0.12710510599981717,58224.1978365792,0.0,58224.1978365792,57677.76715782326,91454.80810342586,0.0,21993.766331998064,0,0,0,8844.096655766532,10168.598704999893,1.1368683772161603e-13,9.094947017729282e-13
H2_E6000,159,2025-06-09,2,6000.0,2025-06-09,158,28,113877.91518938358,0.13372470900003464,50597.641365710566,0.0,50597.641365710566,50911.952227473754,80628.43202056352,0.0,6567.813546929459,0,0,0,10168.598704999893,9406.735587340676,1.1368683772161603e-13,9.094947017729282e-13
H2_E6000,160,2025-06-10,2,6000.0,2025-06-10,159,28,118320.88693420762,0.12701653300018734,54852.347591180325,0.0,54852.347591180325,54611.103638186825,86365.62487251232,0.0,10430.254115450602,0,0,0,9406.735587340676,9991.490657887807,5.684341886080802e-14,9.094947017729282e-13
H2_E6000,161,2025-06-11,2,6000.0,2025-06-11,160,28,117538.45502737976,0.12694488800025283,54199.64010480269,838.9515500096854,55038.59165481237,55085.684323401816,85776.71231786262,173.54592490534787,5702.611276723272,2,1,1,9991.490657887807,9877.341986380943,1.1368683772161603e-13,9.094947017729282e-13
H2_E6000,162,2025-06-12,2,6000.0,2025-06-12,161,28,88847.36946365218,0.13525319700011096,54558.73671568108,0.0,54558.73671568108,55613.98497078898,84422.92443923568,0.0,11132.623853132262,0,0,0,9877.341986380943,7319.508887546815,5.684341886080802e-14,9.094947017729282e-13
H2_E6000,163,2025-06-13,2,6000.0,2025-06-13,162,28,58182.50377750098,0.13977089400032128,24909.39674222674,0.0,24909.39674222674,24599.233803924533,42298.91408666297,0.0,10713.166715779105,0,0,0,7319.508887546815,8071.317787282844,7.105427357601002e-15,9.094947017729282e-13
H2_E6000,164,2025-06-14,2,6000.0,2025-06-14,163,28,91319.16066456959,0.1314928870001495,26155.104190492133,0.0,26155.104190492133,25219.085855417903,45342.79731704826,0.0,14387.457901488173,0,0,0,8071.317787282844,10340.14757873667,5.684341886080802e-14,9.094947017729282e-13
H2_E6000,165,2025-06-15,2,6000.0,2025-06-15,164,28,118975.73514260263,0.1292680259998633,55856.82580330505,0.0,55856.82580330505,55785.20611983742,87519.40276792509,0.0,13072.605427587314,0,0,0,10340.14757873667,10513.747673325593,1.1368683772161603e-13,9.094947017729282e-13
H2_E6000,166,2025-06-16,2,6000.0,2025-06-16,165,28,116672.01159626315,0.13322887600043032,52483.13273601074,52.69981830876797,52535.83255431951,52897.17721926674,82897.77448463262,7.8178042291600605,7182.2731042266805,1,1,1,10513.747673325593,9637.878568955783,1.4921397450962104e-13,9.094947017729282e-13
H2_E6000,167,2025-06-17,2,6000.0,2025-06-17,166,28,120212.7966598591,0.130469931999869,55661.01199238376,0.0,55661.01199238376,55554.43353348763,87646.70380440974,0.0,8789.502445674458,0,0,0,9637.878568955783,9896.215797629415,5.684341886080802e-14,9.094947017729282e-13
H2_E6000,168,2025-06-18,2,6000.0,2025-06-18,167,28,120551.5219564487,0.13081691699971998,55941.35560917569,0.0,55941.35560917569,55882.835000182975,88089.50523580532,0.0,13575.280639903962,0,0,0,9896.215797629415,10038.064836394422,7.105427357601002e-14,9.094947017729282e-13
H2_E6000,169,2025-06-19,2,6000.0,2025-06-19,168,28,86394.94848806657,0.13683419700009836,52939.24796276113,292.96119204060585,53232.209154801734,54295.58154550986,82495.43284493723,43.48061983107516,13519.539233283946,2,1,1,10038.064836394422,7460.539515529055,1.1368683772161603e-13,8.846257060213247e-13
H2_E6000,170,2025-06-20,2,6000.0,2025-06-20,169,28,54502.69069247804,0.14803781900036483,22697.93319198575,0.0,22697.93319198575,22890.472761682115,38410.07169436758,0.0,14101.001377548877,0,0,0,7460.539515529055,6993.839777509321,7.105427357601002e-15,8.952838470577262e-13
H2_E6000,171,2025-06-21,2,6000.0,2025-06-21,170,28,83913.17730217725,0.13330124699996304,23578.146516693072,0.0,23578.146516693072,22209.72671050659,41473.653600426114,0.0,15791.241161447793,0,0,0,6993.839777509321,10310.774400638413,5.684341886080802e-14,9.094947017729282e-13
H2_E6000,172,2025-06-22,2,6000.0,2025-06-22,171,28,108793.557764776,0.13254475799976717,49567.489143182334,169.26311018290858,49736.752253365245,50145.15342503668,78807.3466827851,25.10838308900236,8864.718855709341,2,1,2,10310.774400638413,9320.84427808443,5.684341886080802e-14,9.094947017729282e-13
H2_E6000,173,2025-06-23,2,6000.0,2025-06-23,172,28,108995.91846663154,0.13243339500013462,49915.37168434578,4.919136940528247,49920.29082128631,49899.82997731796,80195.15629876114,0.7297340069022766,9178.579036489156,1,1,1,9320.84427808443,9370.439644557679,1.1368683772161603e-13,9.094947017729282e-13
H2_E6000,174,2025-06-24,2,6000.0,2025-06-24,173,28,108772.98764982799,0.12938899099981427,50493.43165286505,8451.10351856351,58944.535171428564,58875.15556087673,80475.90035174791,1763.2527804855683,1530.8020688185725,9,1,1,9370.439644557679,9538.609990629993,5.684341886080802e-14,8.952838470577262e-13
H2_E6000,175,2025-06-25,2,6000.0,2025-06-25,174,28,113447.14796780207,0.1342796119997729,52505.11211513567,0.0,52505.11211513567,52552.92292541701,83518.21507279947,0.0,9330.671632970687,0,0,0,9538.609990629993,9422.720604006754,8.526512829121202e-14,9.094947017729282e-13
H2_E6000,176,2025-06-26,2,6000.0,2025-06-26,175,28,81873.75631775033,0.14404504799995266,51075.943211898,64.69591812516803,51140.63913002316,52569.575039942065,79827.62842773284,9.60378803906599,12395.49827137664,1,1,1,9422.720604006754,5959.100030543213,8.526512829121202e-14,8.988365607365267e-13
H2_E6000,177,2025-06-27,2,6000.0,2025-06-27,176,28,50511.05167032922,0.1484751560001314,21290.795148606438,0.0,21290.795148606438,21199.831558629547,37275.25129780888,0.0,14945.689023465819,0,0,0,5959.100030543213,6179.588129059783,5.684341886080802e-14,9.094947017729282e-13
H2_E6000,178,2025-06-28,2,6000.0,2025-06-28,177,28,80615.24027263327,0.13558882799998173,22490.660083987157,0.0,22490.660083987157,21080.517851050925,40668.44235618992,0.0,12582.254827761624,0,0,0,6179.588129059783,9597.654408732846,5.684341886080802e-14,8.668621376273222e-13
H2_E6000,179,2025-06-29,2,6000.0,2025-06-29,178,28,108754.58333428997,0.126877266000065,50295.5582257358,0.0,50295.5582257358,50399.28934582909,80366.22905017337,0.0,7695.404032067652,0,0,0,9597.654408732846,9346.218890058002,5.684341886080802e-14,9.094947017729282e-13
H2_E6000,180,2025-06-30,2,6000.0,2025-06-30,179,28,107852.41579185292,0.13541757800021514,49672.15376210188,531.1942015745466,50203.347963676424,50296.45889426325,79531.64462781089,78.8217331315492,6134.5354153475955,3,1,2,9346.218890058002,9120.525818342021,5.684341886080802e-14,9.094947017729282e-13
H2_E6000,181,2025-07-01,2,6000.0,2025-07-01,180,42,108077.868204843,0.21809206199986875,50582.4072717392,17639.751202933603,68222.1584746728,68820.454471343,81043.68328216832,2972.0377470948397,2458.045628280721,25,1,4,9120.525818342021,7670.3065966798495,1.1368683772161603e-13,9.094947017729282e-13
H2_E6000,182,2025-07-02,2,6000.0,2025-07-02,181,42,110781.47973672366,0.2783214820001376,51886.990216274586,9967.130710466401,61854.12092674099,61766.4221015932,83556.67903922318,1532.8687986655614,8116.768847244497,17,1,2,7670.3065966798495,7882.88117958589,1.9184653865522705e-13,9.094947017729282e-13
H2_E6000,183,2025-07-03,2,6000.0,2025-07-03,182,42,79441.49840803754,0.27915400499978205,48978.36457050753,12358.911337166388,61337.27590767392,63500.19261197283,76633.51391326697,2049.7575122121875,422.876230960793,23,1,5,7882.88117958589,2640.1528362812296,5.684341886080802e-14,9.094947017729282e-13
H2_E6000,184,2025-07-04,2,6000.0,2025-07-04,183,42,53721.75416358911,0.26546798000026683,23379.76575160047,8359.742808253739,31739.508559854206,31673.991300160225,40267.44006289696,1692.071518876183,10243.995302857662,24,1,5,2640.1528362812296,2798.961168423923,2.842170943040401e-14,8.553158181712206e-13
H2_E6000,185,2025-07-05,2,6000.0,2025-07-05,184,42,85871.60795771916,0.2622593149999375,26886.84079568502,3289.477544457671,30176.31834014269,27856.089167744616,47942.93080159019,492.11774198843364,10682.607792156436,5,1,3,2798.961168423923,8423.00171557789,0.0,9.094947017729282e-13
H2_E6000,186,2025-07-06,2,6000.0,2025-07-06,185,42,113520.7741794296,0.28201843499982715,53471.24628187172,10710.944402173718,64182.19068404543,64069.1450055437,85084.63675767634,1580.179448931875,2405.7433406555006,11,1,2,8423.00171557789,8697.014941140927,5.684341886080802e-14,9.094947017729282e-13
H2_E6000,187,2025-07-07,2,6000.0,2025-07-07,186,42,127832.32354357786,0.2771947870000986,55316.9847104906,300.75358873209643,55617.7382992227,55494.765206158576,87468.76266383484,44.641904557193584,10296.072182431855,4,1,2,8697.014941140927,8995.09138541163,5.684341886080802e-14,9.094947017729282e-13
H2_E6000,188,2025-07-08,2,6000.0,2025-07-08,187,42,136737.03835415532,0.2792472259998249,64482.71947471635,0.0,64482.71947471635,63738.09439849784,100062.55845197223,0.0,19095.78664980483,0,0,0,8995.09138541163,10800.0,1.1368683772161603e-13,9.094947017729282e-13
H2_E6000,189,2025-07-09,2,6000.0,2025-07-09,188,42,126895.97653433135,0.28361499799984813,57703.511504805494,0.0,57703.511504805494,57906.19942280011,89587.27881546867,0.0,12683.470615976566,0,0,0,10800.0,10308.70151846173,1.1368683772161603e-13,9.094947017729282e-13
H2_E6000,190,2025-07-10,2,6000.0,2025-07-10,189,42,94254.48111543874,0.2665095620000102,55198.23742897391,0.0,55198.23742897391,57073.71025679081,84300.2128194679,0.0,12952.988566997365,0,0,0,10308.70151846173,5762.712978102962,1.1368683772161603e-13,7.833733661755105e-13
H2_E6000,191,2025-07-11,2,6000.0,2025-07-11,190,42,65177.31528835438,0.2392580440000529,28515.95022518379,0.0,28515.95022518379,28491.53377008635,46410.20216286442,0.0,11187.294427679091,0,0,0,5762.712978102962,5821.896413566729,1.4210854715202004e-14,9.094947017729282e-13
H2_E6000,192,2025-07-12,2,6000.0,2025-07-12,191,42,95443.74585522847,0.2669512779998513,30498.722206759132,0.0,30498.722206759132,28689.791746438197,51790.361980623624,0.0,13254.81945002668,0,0,0,5821.896413566729,10206.591846609666,0.0,9.094947017729282e-13
H2_E6000,193,2025-07-13,2,6000.0,2025-07-13,192,42,121317.33388229852,0.2693064340001001,56828.83233661331,101.11441505876255,56929.946751672076,56996.12237696104,88964.7581027525,15.04119227352362,16601.00761595353,1,1,1,10206.591846609666,10046.1876915866,1.1368683772161603e-13,9.094947017729282e-13
H2_E6000,194,2025-07-14,2,6000.0,2025-07-14,193,42,120796.4043096762,0.2776661809998586,53146.596859422476,0.0,53146.596859422476,53325.72106192448,83933.99561116815,0.0,9115.65187799616,0,0,0,10046.1876915866,9612.005676364935,5.684341886080802e-14,9.094947017729282e-13
H2_E6000,195,2025-07-15,2,6000.0,2025-07-15,194,42,125169.30388624735,0.25475864800000636,58643.77224192538,0.0,58643.77224192538,58153.658583741264,91412.64557808664,0.0,14262.226706505951,0,0,0,9612.005676364935,10800.0,1.1368683772161603e-13,8.952838470577262e-13
H2_E6000,196,2025-07-16,2,6000.0,2025-07-16,195,42,120861.59658961312,0.2676464180003677,55609.01092332108,0.0,55609.01092332108,55796.103007764716,87084.12435806583,0.0,12067.566838040275,0,0,0,10800.0,10346.504508485667,1.1368683772161603e-13,9.094947017729282e-13
H2_E6000,197,2025-07-17,2,6000.0,2025-07-17,196,42,90276.38214552504,0.23562671900026544,52884.169565958306,0.0,52884.169565958306,54801.337532724974,81075.13960513938,0.0,9700.148714702349,0,0,0,10346.504508485667,5699.4504549171215,1.1368683772161603e-13,9.094947017729282e-13
H2_E6000,198,2025-07-18,2,6000.0,2025-07-18,197,42,63429.198656308115,0.21308321800006524,28044.056882590077,0.0,28044.056882590077,27964.378650241033,45729.62074482516,0.0,11750.431792854086,0,0,0,5699.4504549171215,5892.583794842087,1.4210854715202004e-14,6.252776074688882e-13
H2_E6000,199,2025-07-19,2,6000.0,2025-07-19,198,42,91234.38407609325,0.24083937700015667,29506.708746545864,0.0,29506.708746545864,27946.269595709902,50162.09575846798,0.0,16200.211106765495,0,0,0,5892.583794842087,9674.957174191306,1.0658141036401503e-14,9.094947017729282e-13
H2_E6000,200,2025-07-20,2,6000.0,2025-07-20,199,42,114471.73275538659,0.24819543900002827,53458.374867817634,0.0,53458.374867817634,53453.09374098395,84361.70752179233,0.0,8658.943057723482,0,0,0,9674.957174191306,9687.75818186789,5.684341886080802e-14,9.094947017729282e-13
H2_E6000,201,2025-07-21,2,6000.0,2025-07-21,200,42,114141.99375174561,0.2637263389997315,52739.7370882712,0.0,52739.7370882712,52786.785031723964,83561.74984664026,0.0,5871.8973509618945,0,0,0,9687.75818186789,9573.717920334118,8.526512829121202e-14,9.094947017729282e-13
H2_E6000,202,2025-07-22,2,6000.0,2025-07-22,201,42,115327.92716509834,0.2600873770002181,53678.35361842029,135.98662961603907,53814.34024803633,53872.67780116905,84918.35814899486,20.148666267272347,7551.60557144629,2,1,1,9573.717920334118,9432.312593591743,1.1368683772161603e-13,9.094947017729282e-13
H2_E6000,203,2025-07-23,2,6000.0,2025-07-23,202,42,114383.45031604505,0.2594110959998943,53801.77867188431,18.60526979023712,53820.38394167455,53883.24095048101,85359.37479210472,2.7534453920666238,7372.6223325718565,2,1,2,9432.312593591743,9279.952486061931,1.1368683772161603e-13,9.094947017729282e-13
H2_E6000,204,2025-07-24,2,6000.0,2025-07-24,203,42,84608.88056679285,0.23784323499967286,50759.80738679935,0.0,50759.80738679935,52537.835301530446,78653.30175763457,0.0,6113.981642182895,0,0,0,9279.952486061931,4970.162226816077,1.1368683772161603e-13,9.094947017729282e-13
H2_E6000,205,2025-07-25,2,6000.0,2025-07-25,204,42,58500.26926149464,0.21086963500010825,25514.4215204523,0.0,25514.4215204523,25733.09401753557,42493.11431492219,0.0,14006.906013259457,0,0,0,4970.162226816077,4440.118468736502,1.0658141036401503e-14,8.526512829121202e-13
H2_E6000,206,2025-07-26,2,6000.0,2025-07-26,205,42,86690.17332265066,0.23572262299967406,28689.243126153007,0.0,28689.243126153007,26588.448300064392,49368.868651134355,0.0,12724.67551386004,0,0,0,4440.118468736502,9532.268599304109,7.105427357601002e-15,6.821210263296962e-13
H2_E6000,207,2025-07-27,2,6000.0,2025-07-27,206,42,111028.36363857855,0.2512787790001312,52324.08828598888,2895.2143474834375,55219.30263347232,55274.278755827974,83212.33556375341,566.708773900288,6121.703211474753,4,1,1,9532.268599304109,9399.01109830736,1.1368683772161603e-13,9.094947017729282e-13
H2_E6000,208,2025-07-28,2,6000.0,2025-07-28,207,42,112121.24299690705,0.2546284239997476,51751.8155187139,3640.947206843109,55392.762725557004,55695.505765645146,82438.34317628547,573.9270689479176,1702.9234535733012,8,1,3,9399.01109830736,8665.18740835495,4.263256414560601e-14,9.094947017729282e-13
H2_E6000,209,2025-07-29,2,6000.0,2025-07-29,208,42,116861.84118467383,0.25896446700016895,54885.61882520899,321.90698338691317,55207.52580859591,54917.544619878296,87275.52567027176,47.549401655614474,6645.924413313034,3,1,2,8665.18740835495,9368.0774429519,4.263256414560601e-14,9.094947017729282e-13
H2_E6000,210,2025-07-30,2,6000.0,2025-07-30,209,42,116109.66325716565,0.27384169200013275,54622.95017483173,0.0,54622.95017483173,54548.57421617646,86523.71758610883,0.0,8513.600634953531,0,0,0,9368.0774429519,9548.358516988372,1.4210854715202004e-13,9.094947017729282e-13
H2_E6000,211,2025-07-31,2,6000.0,2025-07-31,210,42,84827.76595589642,0.24769617999982074,51407.95319391618,95.91767312210386,51503.870867038284,53526.77791206162,79890.6122340474,14.26815516877707,6686.01851700821,1,1,1,9548.358516988372,4645.001822883882,1.1368683772161603e-13,9.094947017729282e-13
H2_E6000,212,2025-08-01,2,6000.0,2025-08-01,211,42,57600.051615524455,0.22874127600016436,25596.40874125802,0.0,25596.40874125802,25600.449215544806,42742.79312463604,0.0,19123.357046506717,0,0,0,4645.001822883882,4635.208052730078,1.4210854715202004e-14,9.094947017729282e-13
H2_E6000,213,2025-08-02,2,6000.0,2025-08-02,212,42,84140.9005511859,0.24810972200020842,27757.42418569597,0.0,27757.42418569597,25757.87938328131,47939.52722282731,0.0,19140.56474985572,0,0,0,4635.208052730078,9481.936633859072,0.0,9.094947017729282e-13
H2_E6000,214,2025-08-03,2,6000.0,2025-08-03,213,42,105043.89717162962,0.26607553200028633,49737.23573691263,1170.466610565314,50907.70234747795,51294.49363984895,79143.72904837572,173.68913740392702,14044.5281650644,6,1,1,9481.936633859072,8544.387042870912,1.1368683772161603e-13,9.094947017729282e-13
H2_E6000,215,2025-08-04,2,6000.0,2025-08-04,214,42,102418.25463385606,0.26790428399999655,47813.68776246588,37.040741519070586,47850.72850398495,47656.343667772846,76196.40256991122,5.501372570781314,6736.740413729662,1,1,1,8544.387042870912,9015.55955186875,5.684341886080802e-14,9.094947017729282e-13
H2_E6000,216,2025-08-05,2,6000.0,2025-08-05,215,42,102809.93263181469,0.27710851500023637,48757.1873537895,0.0,48757.1873537895,48681.63651088894,77344.33858357041,0.0,8482.597422603223,0,0,0,9015.55955186875,9198.688446591364,5.684341886080802e-14,9.094947017729282e-13
H2_E6000,217,2025-08-06,2,6000.0,2025-08-06,216,42,101159.06085996359,0.2690315820000251,48064.230579312396,3689.8702446353655,51754.10082394776,52019.85459255891,76355.22502161379,547.059052690401,5880.852957571973,5,1,3,9198.688446591364,8554.523642524475,1.1368683772161603e-13,9.094947017729282e-13
H2_E6000,218,2025-08-07,2,6000.0,2025-08-07,217,42,77414.7609821308,0.25426064900011625,46070.16684071522,78.30905372951891,46148.47589444474,48117.37064601456,71070.50666662613,11.59298754655299,9388.668249311875,2,1,2,8554.523642524475,3782.088209147585,1.1368683772161603e-13,9.094947017729282e-13
H2_E6000,219,2025-08-08,2,6000.0,2025-08-08,218,42,54568.324284475944,0.23271651599998222,24736.30994146217,0.0,24736.30994146217,24505.021267948458,41726.28094799941,0.0,22884.01531162922,0,0,0,3782.088209147585,4342.71251876875,1.4210854715202004e-14,8.100187187665142e-13
H2_E6000,220,2025-08-09,2,6000.0,2025-08-09,219,42,77888.9912024958,0.250441843000317,26543.082938617263,0.0,26543.082938617263,24482.687618589018,46358.46709760987,0.0,19381.608198985778,0,0,0,4342.71251876875,9336.93764137963,4.884981308350689e-15,8.384404281969182e-13
H2_E6000,221,2025-08-10,2,6000.0,2025-08-10,220,42,98417.90999659861,0.270671830000083,47130.42392159515,245.7419923592571,47376.16591395441,47443.3659614788,74322.04335147832,35.86800300955656,5833.880411940829,2,1,1,9336.93764137963,9174.05037293916,5.684341886080802e-14,9.094947017729282e-13
H2_E6000,222,2025-08-11,2,6000.0,2025-08-11,221,42,97913.12072344152,0.27430327499996565,46243.31220593558,1325.3393957825983,47568.65160171818,47717.39348012919,73377.26836985617,196.59451995093548,5655.652059720549,6,1,2,9174.05037293916,8813.5125583151,1.1368683772161603e-13,9.094947017729282e-13
H2_E6000,223,2025-08-12,2,6000.0,2025-08-12,222,42,99114.33826471186,0.2629971609999302,47092.92624994906,4498.574940296677,51591.50119024573,51561.53696946233,74830.74549406444,656.1753900433733,4153.909246350635,9,1,2,8813.5125583151,8886.143311627957,5.684341886080802e-14,8.597567102697212e-13
H2_E6000,224,2025-08-13,2,6000.0,2025-08-13,223,42,100895.06065196363,0.2582087349996982,48196.86970228382,441.7931796038009,48638.66288188762,48477.492747931756,76567.27464357458,65.25186160331998,6590.347022027192,3,1,2,8886.143311627957,9276.806173357767,1.1368683772161603e-13,8.739675649849232e-13
H2_E6000,225,2025-08-14,2,6000.0,2025-08-14,224,42,75567.98420053344,0.2438544560000082,45309.43648381608,286.8766099775311,45596.313093793615,47881.56768742005,69994.12210875409,41.457752455250784,6343.767208304242,2,1,2,9276.806173357767,3737.541066264327,1.1368683772161603e-13,8.86402062860725e-13
H2_E6000,226,2025-08-15,2,6000.0,2025-08-15,225,42,53417.289322348464,0.2206677980002496,24605.27316691844,0.0,24605.27316691844,24414.64049042501,41342.93285027202,0.0,21176.382596176427,0,0,0,3737.541066264327,4199.6186553946445,1.1368683772161603e-13,9.094947017729282e-13
H2_E6000,227,2025-08-16,2,6000.0,2025-08-16,226,42,77096.90294321165,0.2350670529999661,26566.136415222267,0.0,26566.136415222267,24493.58908895368,46462.376282889774,0.0,21445.89583764462,0,0,0,4199.6186553946445,9223.299220010133,2.842170943040401e-14,9.094947017729282e-13
H2_E6000,228,2025-08-17,2,6000.0,2025-08-17,227,42,96517.96461303768,0.2528463520002333,46681.60003034654,717.623748365366,47399.22377871191,47475.93070463708,73628.97922912915,106.56570241219163,7164.318370892939,4,1,1,9223.299220010133,9037.368077180457,5.684341886080802e-14,9.094947017729282e-13
H2_E6000,229,2025-08-18,2,6000.0,2025-08-18,228,42,96395.4435791121,0.26641163900012543,45557.58028830515,1114.3798958081015,46671.96018411325,46808.648969957256,72112.49693916974,164.151610523469,4420.03960806686,7,1,3,9037.368077180457,8706.045946128477,5.684341886080802e-14,9.094947017729282e-13
H2_E6000,230,2025-08-19,2,6000.0,2025-08-19,229,42,98883.40565443413,0.24972834199979843,47759.69883406649,819.6479922336503,48579.34682630014,48408.111437115826,75379.43445285046,121.49704622480601,7264.747265711298,4,1,2,8706.045946128477,9121.10614075784,1.1368683772161603e-13,9.094947017729282e-13
H2_E6000,231,2025-08-20,2,6000.0,2025-08-20,230,42,98389.0654620347,0.2613119490001736,47151.95853857462,5796.587919079753,52948.546457654375,53089.93127983664,74335.54302788094,1075.2768093371142,1146.3119600015996,11,1,4,9121.10614075784,8778.401212225557,1.1368683772161603e-13,9.094947017729282e-13
H2_E6000,232,2025-08-21,2,6000.0,2025-08-21,231,42,76565.79533447164,0.23720474899982946,46643.68148970251,8.978780493809221,46652.66027019632,48406.977242567686,72149.60808022905,1.331274444926862,7573.622732669454,1,1,1,8778.401212225557,4526.084284850856,5.684341886080802e-14,9.094947017729282e-13
H2_E6000,233,2025-08-22,2,6000.0,2025-08-22,232,42,52962.835398407995,0.20403071500004444,24487.505605916966,0.0,24487.505605916966,24547.73770796139,41266.40322595945,0.0,17617.052315080993,0,0,0,4526.084284850856,4380.086730743715,5.684341886080802e-14,9.094947017729282e-13
H2_E6000,234,2025-08-23,2,6000.0,2025-08-23,233,42,78472.5161913211,0.23705205600026602,27056.215770436393,0.0,27056.215770436393,25017.80742798134,46913.870843775905,0.0,16465.183794695862,0,0,0,4380.086730743715,9321.017267262829,1.1368683772161603e-13,9.094947017729282e-13
H2_E6000,235,2025-08-24,2,6000.0,2025-08-24,234,42,100540.90484140864,0.25832209500003955,48635.900200460674,0.0,48635.900200460674,48682.375793876454,76922.69812078422,0.0,9620.153073098898,0,0,0,9321.017267262829,9208.364334124653,1.1368683772161603e-13,9.094947017729282e-13
H2_E6000,236,2025-08-25,2,6000.0,2025-08-25,235,42,99783.62615382366,0.24702822300014304,47331.82690717008,5576.281186666,52908.108093836076,53089.516364562645,74905.3973744272,813.3890902417114,1528.0690018695063,4,1,2,9208.364334124653,8768.645929454806,1.1368683772161603e-13,9.094947017729282e-13
H2_E6000,237,2025-08-26,2,6000.0,2025-08-26,236,42,103333.82358187964,0.25529144100028134,49433.83434598495,0.0,49433.83434598495,49148.016322665186,78332.7907794044,0.0,8297.757034848171,0,0,0,8768.645929454806,9461.444800954374,1.1368683772161603e-13,9.094947017729282e-13
H2_E6000,238,2025-08-27,2,6000.0,2025-08-27,237,42,102842.62057076683,0.25353540700007215,49123.3082202924,0.0,49123.3082202924,49241.601479761346,77295.72278531047,0.0,5747.333894088946,0,0,0,9461.444800954374,9174.711880076227,5.684341886080802e-14,9.094947017729282e-13
H2_E6000,239,2025-08-28,2,6000.0,2025-08-28,238,42,78373.8128217509,0.2333699370001341,47366.54217080421,345.92636282098306,47712.46853362519,49507.10021472143,72882.39117487686,51.31704733839763,3054.745519007509,3,1,2,9174.711880076227,4824.675486360595,5.684341886080802e-14,8.86402062860725e-13
H2_E6000,240,2025-08-29,2,6000.0,2025-08-29,239,42,54861.949552064936,0.21147941300023376,25616.73113754866,0.0,25616.73113754866,25473.805931141294,42626.71594640592,0.0,17040.324117173397,0,0,0,4824.675486360595,5171.114176817451,2.6645352591003757e-15,7.958078640513122e-13
H2_E6000,241,2025-08-30,2,6000.0,2025-08-30,240,42,80653.46070894877,0.2367780159997892,27307.992951670643,0.0,27307.992951670643,25638.173331311566,47027.482897831855,0.0,21494.052126316317,0,0,0,5171.114176817451,9218.616623149715,0.0,9.094947017729282e-13
H2_E6000,242,2025-08-31,2,6000.0,2025-08-31,241,42,101899.6936667375,0.26358299999992596,49271.19907282232,90.0155687772153,49361.21464159953,49316.9725814927,77677.42593212347,13.058824444520042,7191.6479620439995,2,1,2,9218.616623149715,9325.855659228753,5.684341886080802e-14,9.094947017729282e-13
H2_E6000,243,2025-09-01,2,6000.0,2025-09-01,242,42,101618.58877873125,0.2514510569999402,47978.61687674934,0.0,47978.61687674934,47370.45043927338,75882.19576586848,0.0,17624.06082229621,0,0,0,9325.855659228753,10800.0,1.1368683772161603e-13,9.094947017729282e-13
H2_E6000,244,2025-09-02,2,6000.0,2025-09-02,243,42,98881.1858401902,0.2655457050000223,47208.588581937,0.0,47208.588581937,47208.588581937,74228.5111286527,0.0,16706.915282188394,0,0,0,10800.0,10800.0,1.1368683772161603e-13,9.094947017729282e-13
H2_E6000,245,2025-09-03,2,6000.0,2025-09-03,244,42,95492.39982652855,0.26618765200009875,44952.82040100623,0.0,44952.82040100623,44952.82040100623,70829.18227640059,0.0,12156.147212889433,0,0,0,10800.0,10800.0,1.1368683772161603e-13,9.094947017729282e-13
H2_E6000,246,2025-09-04,2,6000.0,2025-09-04,245,42,69774.99831230234,0.25391652000007525,42313.80170388348,0.0,42313.80170388348,44041.2020848872,64929.11726541067,0.0,12204.71691530304,0,0,0,10800.0,6612.926628323876,5.684341886080802e-14,9.094947017729282e-13
H2_E6000,247,2025-09-05,2,6000.0,2025-09-05,246,42,46690.20291982026,0.22252622799987876,20725.33739419611,0.0,20725.33739419611,20818.042523940625,35166.850159342684,0.0,25956.747678013853,0,0,0,6612.926628323876,6388.217183750582,5.684341886080802e-14,6.821210263296962e-13
H2_E6000,248,2025-09-06,2,6000.0,2025-09-06,247,42,67515.93799738368,0.24153029699982653,22376.673230779495,0.0,22376.673230779495,20612.733072985004,39770.1791508747,0.0,24559.441113551067,0,0,0,6388.217183750582,10663.859903963463,5.684341886080802e-14,8.100187187665142e-13
H2_E6000,249,2025-09-07,2,6000.0,2025-09-07,248,42,78849.66391104793,0.27631301200017333,39999.70352827506,0.0,39999.70352827506,40453.30039368924,63407.94019328715,0.0,6025.387461144668,0,0,0,10663.859903963463,9564.379217529939,1.1368683772161603e-13,9.094947017729282e-13
H2_E6000,250,2025-09-08,2,6000.0,2025-09-08,249,42,74298.91308285878,0.2815208380002332,34437.90838244111,32561.10803936295,66999.01642180406,67592.03521891577,56536.79549002453,4954.1455151683085,3.181816511865236,19,1,1,9564.379217529939,8126.951484159226,5.684341886080802e-14,9.094947017729282e-13
H2_E6000,251,2025-09-09,2,6000.0,2025-09-09,250,42,82506.71245831232,0.2813719270002366,39883.64975801404,3086.593645338502,42970.24340335254,42828.28891481977,65383.87085935,461.13866950051994,8583.015381887546,6,1,3,8126.951484159226,8471.037236056596,1.1368683772161603e-13,9.094947017729282e-13
H2_E6000,252,2025-09-10,2,6000.0,2025-09-10,251,42,82599.03312964032,0.2640487610001401,39179.975359642354,12691.022480896005,51870.99784053836,51834.7212334514,63594.73127032355,2063.7670174730742,348.83309483330015,15,1,4,8471.037236056596,8558.968683345218,5.684341886080802e-14,9.094947017729282e-13
H2_E6000,253,2025-09-11,2,6000.0,2025-09-11,252,42,62035.13462492188,0.24545037400002911,38924.69327983591,399.4819442277761,39324.175224063685,41067.44377832681,61944.99289628729,82.64182024984159,9425.188063739666,4,1,2,8558.968683345218,4333.432193076409,1.1368683772161603e-13,9.094947017729282e-13
H2_E6000,254,2025-09-12,2,6000.0,2025-09-12,253,42,39580.93187399286,0.23118111100029637,17980.793181685476,0.0,17980.793181685476,17945.982196695364,32630.235047323506,0.0,18236.220066658636,0,0,0,4333.432193076409,4417.811095557152,5.684341886080802e-14,9.094947017729282e-13
H2_E6000,255,2025-09-13,2,6000.0,2025-09-13,254,42,63577.347803598685,0.2550722589999168,20168.268773491913,0.0,20168.268773491913,18302.97408757365,37883.88359758763,0.0,22134.100693187826,0,0,0,4417.811095557152,8939.128675213595,5.684341886080802e-14,8.899547765395255e-13
H2_E6000,256,2025-09-14,2,6000.0,2025-09-14,255,42,80645.84999924013,0.27993004700010715,39584.25189430048,1707.8497286293357,41292.10162292982,41555.74596677379,64020.56890107281,266.07270798438685,931.6693731990454,3,1,1,8939.128675213595,8300.0769395293,5.684341886080802e-14,9.094947017729282e-13
H2_E6000,257,2025-09-15,2,6000.0,2025-09-15,256,42,81562.50693198004,0.2879151280003498,37884.66445650655,12112.732344571803,49997.39680107836,50014.735119492536,62613.6555329142,1867.6123283735858,5403.809349755628,16,1,3,8300.0769395293,8258.050312616404,5.684341886080802e-14,8.837375276016246e-13
H2_E6000,258,2025-09-16,2,6000.0,2025-09-16,257,42,85366.24855273773,0.271904763999828,40517.833434093765,2407.7483627861493,42925.58179687992,42942.053556863684,65652.17163407782,391.6043564208032,2737.3359718382067,8,1,3,8258.050312616404,8218.1241505227,5.684341886080802e-14,9.094947017729282e-13
H2_E6000,259,2025-09-17,2,6000.0,2025-09-17,258,42,87808.0857720407,0.2782359589996304,41784.538032495344,111.47998588228799,41896.01801837763,41796.95236050024,68048.25255248288,18.63419707553828,3830.0735835083224,2,1,2,8218.1241505227,8458.250980820718,5.684341886080802e-14,9.094947017729282e-13
H2_E6000,260,2025-09-18,2,6000.0,2025-09-18,259,42,64736.87535727384,0.25575098100034666,40810.86512665893,888.4339777653979,41699.299104424324,43255.86366015683,64628.46170903811,155.6034477255794,6158.670769081416,5,1,2,8458.250980820718,4685.269294423589,5.684341886080802e-14,9.094947017729282e-13
H2_E6000,261,2025-09-19,2,6000.0,2025-09-19,260,42,41931.27582012094,0.23516111700018882,19337.023209955492,0.0,19337.023209955492,18860.018353135496,34656.39995671476,0.0,14573.66903891748,0,0,0,4685.269294423589,5841.488985072648,5.684341886080802e-14,9.094947017729282e-13
H2_E6000,262,2025-09-20,2,6000.0,2025-09-20,261,42,68735.04113672944,0.26601267100022596,20989.990270850656,0.0,20989.990270850656,19482.27785215634,38310.97850242699,0.0,15764.623385877814,0,0,0,5841.488985072648,9496.057196289677,5.684341886080802e-14,9.094947017729282e-13
H2_E6000,263,2025-09-21,2,6000.0,2025-09-21,262,42,94825.23543093122,0.26814114699982383,45322.89827993563,0.0,45322.89827993563,45445.683424670526,72268.3314375486,0.0,10959.545672464905,0,0,0,9496.057196289677,9198.436322975898,5.684341886080802e-14,9.094947017729282e-13
H2_E6000,264,2025-09-22,2,6000.0,2025-09-22,263,42,95187.14986388864,0.2719225659998301,44223.190939388995,131.78740035000044,44354.978339739,44395.0167436709,70852.73305516534,19.555900000000065,6691.566129047396,2,1,1,9198.436322975898,9101.386596235494,5.684341886080802e-14,9.094947017729282e-13
H2_E6000,265,2025-09-23,2,6000.0,2025-09-23,264,42,96863.99106754034,0.27147249199970247,46182.904819404095,0.0,46182.904819404095,46015.02517404458,73797.57863765449,0.0,7415.416452033059,0,0,0,9101.386596235494,9508.312749813636,1.7053025658242404e-13,9.094947017729282e-13
H2_E6000,266,2025-09-24,2,6000.0,2025-09-24,265,42,96785.89420232516,0.2727258009999787,45525.38006660223,0.0,45525.38006660223,45524.64012608287,72544.80364303134,0.0,7723.941222017635,0,0,0,9508.312749813636,9510.10630345604,5.684341886080802e-14,8.757439218243235e-13
H2_E6000,267,2025-09-25,2,6000.0,2025-09-25,266,42,69470.01913131391,0.2533881280000969,44077.977316791184,103.4974316666667,44181.474748457855,45593.63859812815,68627.57504367988,15.37166666666667,8551.514286960388,1,1,1,9510.10630345604,6087.13979469422,1.1368683772161603e-13,9.094947017729282e-13
H2_E6000,268,2025-09-26,2,6000.0,2025-09-26,267,42,43984.40932938654,0.23071009599971148,20121.903669691557,0.0,20121.903669691557,19915.59519783293,35623.17865562007,0.0,14703.867962757424,0,0,0,6087.13979469422,6587.214194567003,5.684341886080802e-14,9.094947017729282e-13
H2_E6000,269,2025-09-27,2,6000.0,2025-09-27,268,42,71858.67327721993,0.2597780880000755,21591.39532871105,0.0,21591.39532871105,20460.38446448432,38885.79381940204,0.0,15099.52473727273,0,0,0,6587.214194567003,9328.689491642297,5.684341886080802e-14,9.094947017729282e-13
H2_E6000,270,2025-09-28,2,6000.0,2025-09-28,269,42,98308.85521379145,0.27570181900000534,46616.3101710156,15.168266348326869,46631.47843736393,46590.92357775748,74124.24575666533,2.249983883160553,6684.9761458267385,1,1,1,9328.689491642297,9426.991063540501,8.526512829121202e-14,9.094947017729282e-13
H2_E6000,271,2025-09-29,2,6000.0,2025-09-29,270,42,99041.99042733469,0.2698786790001577,46066.76180687055,134.7362566666671,46201.49806353722,46308.40769237216,73570.9337825618,26.015016666666725,7279.858953280551,2,1,2,9426.991063540501,9167.851106763115,5.684341886080802e-14,8.668621376273222e-13
H2_E6000,272,2025-09-30,2,6000.0,2025-09-30,271,42,100251.64685822575,0.26970180899979823,47472.79246988112,64.65347536819512,47537.44594524931,47357.502119345394,75198.25583943196,9.569077979456097,5371.106477051343,1,1,1,9167.851106763115,9604.019820238807,1.1368683772161603e-13,9.094947017729282e-13
H2_E6000,273,2025-10-01,2,6000.0,2025-10-01,272,42,100579.16354095512,0.2595381090000046,47409.67068157729,0.0,47409.67068157729,46916.26241408248,75367.43637931353,0.0,21311.612161447272,0,0,0,9604.019820238807,10800.0,1.1368683772161603e-13,9.023892744153272e-13
H2_E6000,274,2025-10-02,2,6000.0,2025-10-02,273,42,68098.5526748418,0.2558385810002619,43086.90207403044,0.0,43086.90207403044,44149.71856650458,66852.38867021559,0.0,14570.479893480679,0,0,0,10800.0,8223.822129742186,1.1368683772161603e-13,9.094947017729282e-13
H2_E6000,275,2025-10-03,2,6000.0,2025-10-03,274,42,41897.414157083615,0.24321579900015422,18362.966235375767,0.0,18362.966235375767,18399.499122917558,32804.355217079705,0.0,22182.719084655582,0,0,0,8223.822129742186,8135.269480166071,5.684341886080802e-14,9.094947017729282e-13
H2_E6000,276,2025-10-04,2,6000.0,2025-10-04,275,42,66333.90575760938,0.24884661299984145,20193.361823620013,0.0,20193.361823620013,19101.46989102705,36755.55366653041,0.0,17682.61365114439,0,0,0,8135.269480166071,10781.923774089226,5.684341886080802e-14,9.094947017729282e-13
H2_E6000,277,2025-10-05,2,6000.0,2025-10-05,276,42,88553.79301814165,0.2690300859999297,41900.068954078655,0.0,41900.068954078655,42143.2079497823,66865.15548305877,0.0,9234.877057169742,0,0,0,10781.923774089226,10192.575279251412,5.684341886080802e-14,9.094947017729282e-13
H2_E6000,278,2025-10-06,2,6000.0,2025-10-06,277,42,87864.86620646979,0.2744703230000596,40272.17621877359,0.0,40272.17621877359,40476.223886637,64791.47198399517,0.0,3815.9333283265764,0,0,0,10192.575279251412,9697.98087828972,5.684341886080802e-14,9.094947017729282e-13
H2_E6000,279,2025-10-07,2,6000.0,2025-10-07,278,42,88584.3824124807,0.2721241170002031,43072.16624382562,0.0,43072.16624382562,42906.34655738356,69043.61932201852,0.0,7107.2710484222835,0,0,0,9697.98087828972,10099.913864548413,1.1368683772161603e-13,8.641976023682219e-13
H2_E6000,280,2025-10-08,2,6000.0,2025-10-08,279,42,85749.73878826889,0.28337945499970374,40256.15606669584,124.6769856733346,40380.83305236918,40906.87939117407,65928.87656350798,18.239169988002118,7089.41033758392,2,1,1,10099.913864548413,8824.821742478918,5.684341886080802e-14,8.846257060213247e-13
H2_E6000,281,2025-10-09,2,6000.0,2025-10-09,280,42,61395.82764148272,0.2601833969997642,39768.30810934659,0.0,39768.30810934659,40888.423045489624,64194.189474844476,0.0,7662.9281073584825,0,0,0,8824.821742478918,6109.757259503611,1.1368683772161603e-13,9.094947017729282e-13
H2_E6000,282,2025-10-10,2,6000.0,2025-10-10,281,42,38022.83746912988,0.25035067299995717,17553.678345728003,0.0,17553.678345728003,17267.01305907638,33413.21952168248,0.0,20444.910346423752,0,0,0,6109.757259503611,6804.609826124833,5.684341886080802e-14,9.094947017729282e-13
H2_E6000,283,2025-10-11,2,6000.0,2025-10-11,282,42,62545.67809850227,0.26493862600000284,18984.78344382662,0.0,18984.78344382662,17941.55756997682,36439.346295240866,0.0,16587.15974579228,0,0,0,6804.609826124833,9333.301683019046,5.684341886080802e-14,7.389644451905042e-13
H2_E6000,284,2025-10-12,2,6000.0,2025-10-12,283,42,85258.45941438606,0.28780212500032576,41258.36926052991,98.03580773333336,41356.405068263244,41517.31831721288,67122.98745215,20.929933333333338,5279.029596430324,1,1,1,9333.301683019046,8943.261488958522,5.684341886080802e-14,9.094947017729282e-13
H2_E6000,285,2025-10-13,2,6000.0,2025-10-13,284,42,86169.35054032289,0.28374635699992723,40398.6474745162,0.0,40398.6474745162,40473.10686531258,66219.41974100393,0.0,5415.1961360033365,0,0,0,8943.261488958522,8762.778182422719,5.684341886080802e-14,8.979483823168266e-13
H2_E6000,286,2025-10-14,2,6000.0,2025-10-14,285,42,87633.9126813332,0.2918762389999756,42342.829454867635,0.0,42342.829454867635,42169.4063500704,68695.7381316465,0.0,3524.989556966883,0,0,0,8762.778182422719,9183.141215866062,1.1368683772161603e-13,9.094947017729282e-13
H2_E6000,287,2025-10-15,2,6000.0,2025-10-15,286,42,88021.61325514477,0.30415154299998903,42039.31094636345,0.0,42039.31094636345,42201.252477580085,68566.6061230319,0.0,3176.6714363128594,0,0,0,9183.141215866062,8790.60855199594,5.684341886080802e-14,9.094947017729282e-13
H2_E6000,288,2025-10-16,2,6000.0,2025-10-16,287,42,63730.67124416767,0.2786980690002565,42131.72898839081,4713.694396399572,46845.42338479038,47853.75816003759,67710.14755554657,686.7191158282496,4145.231157576603,3,1,1,8790.60855199594,6346.489786247248,0.0,8.988365607365267e-13
H2_E6000,289,2025-10-17,2,6000.0,2025-10-17,288,42,39089.118154424046,0.2754931760000545,18398.22470822037,0.0,18398.22470822037,18151.252920330913,34673.01833247446,0.0,15112.04690463732,0,0,0,6346.489786247248,6945.1286472774345,5.684341886080802e-14,9.094947017729282e-13
H2_E6000,290,2025-10-18,2,6000.0,2025-10-18,289,42,66158.01683236599,0.28410503800023434,19279.65760761633,0.0,19279.65760761633,18133.50348570443,36546.64507999043,0.0,14548.773177198527,0,0,0,6945.1286472774345,9723.30992850746,5.684341886080802e-14,9.094947017729282e-13
H2_E6000,291,2025-10-19,2,6000.0,2025-10-19,290,42,91395.74583195461,0.31154493000030925,43894.72049834649,0.0,43894.72049834649,44246.067861167656,71140.8975077766,0.0,4052.088153865682,0,0,0,9723.30992850746,8871.673444427077,5.684341886080802e-14,8.970602038971265e-13
H2_E6000,292,2025-10-20,2,6000.0,2025-10-20,291,42,94144.14939093083,0.30766309000000547,44768.887618717636,1628.2637552774586,46397.1513739951,46338.160237259886,72426.97840879898,339.48433350370726,4067.4529508739615,5,1,1,8871.673444427077,9014.663002901863,1.1368683772161603e-13,9.094947017729282e-13
H2_E6000,293,2025-10-21,2,6000.0,2025-10-21,292,42,95712.1779559124,0.2997737139999117,46527.035728975374,0.0,46527.035728975374,46327.04418645866,74956.13537480164,0.0,3894.1166996688135,0,0,0,9014.663002901863,9499.425696855644,5.684341886080802e-14,9.094947017729282e-13
H2_E6000,294,2025-10-22,2,6000.0,2025-10-22,293,42,96106.892699919,0.31223407600009523,46023.577737319785,258.2622499316858,46281.83998725147,46475.779048519784,74430.6060994462,53.426307912144296,5230.757118588286,2,1,1,9499.425696855644,9029.333708863509,5.684341886080802e-14,9.094947017729282e-13
H2_E6000,295,2025-10-23,2,6000.0,2025-10-23,294,42,68283.97483903504,0.28479060199970263,46184.346728606964,0.0,46184.346728606964,46953.343719763034,73316.19076976215,0.0,8137.295913771332,0,0,0,9029.333708863509,7165.349620416262,1.1368683772161603e-13,9.094947017729282e-13
H2_E6000,296,2025-10-24,2,6000.0,2025-10-24,295,42,39138.34000023462,0.2711648219997187,18395.226145035555,0.0,18395.226145035555,18372.39448029132,34381.169092826465,0.0,12805.025035867891,0,0,0,7165.349620416262,7220.691657232341,5.684341886080802e-14,9.094947017729282e-13
H2_E6000,297,2025-10-25,2,6000.0,2025-10-25,296,42,68660.64744842352,0.28475233300014224,19587.43342802315,0.0,19587.43342802315,18756.092101692215,37119.02465272225,0.0,12479.5905031597,0,0,0,7220.691657232341,9235.793175405894,5.684341886080802e-14,7.958078640513122e-13
H2_E6000,298,2025-10-26,2,6000.0,2025-10-26,297,42,95869.12112439927,0.30745967799975915,46692.12883180159,0.0,46692.12883180159,46557.414375005086,74990.08129247722,0.0,6195.629851775073,0,0,0,9235.793175405894,9562.3296987478,5.684341886080802e-14,9.094947017729282e-13
H2_E6000,299,2025-10-27,2,6000.0,2025-10-27,298,42,94976.77854187561,0.3126562779998494,45089.465764807304,92.48526773333361,45181.95103254064,45472.83722868593,72720.78233124348,19.744933333333393,5843.313328623295,1,1,1,9562.3296987478,8857.246002193087,1.1368683772161603e-13,8.952838470577262e-13
H2_E6000,300,2025-10-28,2,6000.0,2025-10-28,299,42,96385.83484985384,0.3052149569998619,46677.558335486,0.0,46677.558335486,46490.82665658968,75020.45067264832,0.0,4439.094867736788,0,0,0,8857.246002193087,9309.867900945288,1.1368683772161603e-13,9.094947017729282e-13
H2_E6000,301,2025-10-29,2,6000.0,2025-10-29,300,42,96316.07646646028,0.2967825390001053,46733.650882312286,169.141678135672,46902.79256044796,46995.12026427798,74894.04648074301,35.325356567724654,1453.8188543589822,2,1,1,9309.867900945288,9086.073305073976,1.1368683772161603e-13,9.094947017729282e-13
H2_E6000,302,2025-10-30,2,6000.0,2025-10-30,301,42,69334.85752930692,0.2830488370000239,47073.20991163411,6.3513892252307524,47079.56130085934,47767.27917112442,74744.94980418503,1.3559754964198873,8001.998622278173,1,1,1,9086.073305073976,7419.10297585617,5.684341886080802e-14,9.094947017729282e-13
H2_E6000,303,2025-10-31,2,6000.0,2025-10-31,302,42,40576.90505992149,0.3097540150001805,19415.418321171503,0.0,19415.418321171503,19269.484843009337,35865.44317709605,0.0,8478.915809923683,0,0,0,7419.10297585617,7772.8334642643285,5.684341886080802e-14,7.958078640513122e-13
H2_E6000,304,2025-11-01,2,6000.0,2025-11-01,303,42,70041.67966111348,0.2623972080000385,19923.259721700266,0.0,19923.259721700266,19148.198700862136,37243.15251653045,0.0,9531.092305917087,0,0,0,7772.8334642643285,9651.516251106008,5.684341886080802e-14,8.526512829121202e-13
H2_E6000,305,2025-11-02,2,6000.0,2025-11-02,304,42,98084.35333827483,0.29189951599983033,47731.58208973853,442.3117495272626,48173.89383926579,48518.974453573996,76504.17449029647,63.404780608839246,4459.17372023256,1,1,1,9651.516251106008,8815.069838831878,5.684341886080802e-14,9.094947017729282e-13
H2_E6000,306,2025-11-03,2,6000.0,2025-11-03,305,42,99474.46889275232,0.2901101470001777,47777.81980714694,0.0,47777.81980714694,47663.80185365309,76851.99840751421,0.0,3004.553470360351,0,0,0,8815.069838831878,9091.439777276442,5.684341886080802e-14,8.86402062860725e-13
H2_E6000,307,2025-11-04,2,6000.0,2025-11-04,306,42,101659.46911772079,0.280178382000031,49206.336162925756,155.81717803333345,49362.15334095909,49442.01110727795,78834.164929539,33.59955000000002,7527.3038458015035,2,1,1,9091.439777276442,8897.871262094724,1.1368683772161603e-13,9.094947017729282e-13
H2_E6000,308,2025-11-05,2,6000.0,2025-11-05,307,42,101059.89002324897,0.304683173000285,49209.51486916053,0.0,49209.51486916053,48980.376609943734,78529.67091765585,0.0,4158.007377583239,0,0,0,8897.871262094724,9453.283148157523,1.7053025658242404e-13,9.094947017729282e-13
H2_E6000,309,2025-11-06,2,6000.0,2025-11-06,308,42,70359.01931965003,0.2671361950001483,48079.913039135936,1710.3384255092428,49790.25146464518,50564.3586900631,76204.9208755033,350.5710151258702,3015.992512134485,5,1,1,9453.283148157523,7576.912281267873,1.1368683772161603e-13,9.094947017729282e-13
H2_E6000,310,2025-11-07,2,6000.0,2025-11-07,309,42,41204.7527278445,0.2789764239996657,19852.62317393892,0.0,19852.62317393892,19580.312991278115,36946.78331085651,0.0,9585.968970673252,0,0,0,7576.912281267873,8236.96928206163,5.684341886080802e-14,9.094947017729282e-13
H2_E6000,311,2025-11-08,2,6000.0,2025-11-08,310,42,71978.76590916413,0.26137048200007484,20030.857259553115,0.0,20030.857259553115,19535.008570593818,37677.92841824127,0.0,9404.113652658618,0,0,0,8236.96928206163,9438.864838386347,5.684341886080802e-14,9.094947017729282e-13
H2_E6000,312,2025-11-09,2,6000.0,2025-11-09,311,42,101201.40624133254,0.2610017409997454,49472.86907399693,0.0,49472.86907399693,49635.416411746366,78759.93411698379,0.0,3708.4814511763216,0,0,0,9438.864838386347,9044.8637503861,5.684341886080802e-14,9.094947017729282e-13
H2_E6000,313,2025-11-10,2,6000.0,2025-11-10,312,42,102249.5308901626,0.2740174499999739,48898.9109754376,1638.7307219446518,50537.64169738225,50689.12510086838,78399.53235499775,242.74385780849082,782.6716448873958,3,1,3,9044.8637503861,8677.680709347798,3.730349362740526e-14,9.094947017729282e-13
H2_E6000,314,2025-11-11,2,6000.0,2025-11-11,313,42,105836.83240855164,0.27258851700025843,51472.99437133468,0.0,51472.99437133468,51265.268254327384,81770.4213620298,0.0,5699.2581252527725,0,0,0,8677.680709347798,9181.191361937526,1.1368683772161603e-13,9.094947017729282e-13
H2_E6000,315,2025-11-12,2,6000.0,2025-11-12,314,42,105504.87494076058,0.27982586300004186,51113.06691607098,0.0,51113.06691607098,51198.10137341783,81169.79279046463,0.0,6363.1634820456,0,0,0,9181.191361937526,8975.074982696588,5.684341886080802e-14,8.988365607365267e-13
H2_E6000,316,2025-11-13,2,6000.0,2025-11-13,315,42,73869.84973448042,0.2649919079999563,50870.25329207163,0.0,50870.25329207163,51118.28929316352,80499.29761126454,0.0,4797.4604007868065,0,0,0,8975.074982696588,8373.856558288568,4.263256414560601e-14,9.094947017729282e-13
H2_E6000,317,2025-11-14,2,6000.0,2025-11-14,316,42,42558.91860755766,0.2887151299996731,20489.647666429184,0.0,20489.647666429184,20312.411925274017,37995.01750209607,0.0,6712.098391486318,0,0,0,8373.856558288568,8803.461101891182,2.220446049250313e-15,9.094947017729282e-13
H2_E6000,318,2025-11-15,2,6000.0,2025-11-15,317,42,74378.261397971,0.29627386599986494,20383.361430295234,0.0,20383.361430295234,20198.96148254889,38119.92587772649,0.0,6064.478729729524,0,0,0,8803.461101891182,9250.431080269067,5.684341886080802e-14,9.059419880941277e-13
H2_E6000,319,2025-11-16,2,6000.0,2025-11-16,318,42,105763.16313203798,0.28894209999998566,51721.49658945354,0.0,51721.49658945354,51830.55976449201,81918.4710722336,0.0,3499.8034241895375,0,0,0,9250.431080269067,8986.07110845483,5.684341886080802e-14,9.094947017729282e-13
H2_E6000,320,2025-11-17,2,6000.0,2025-11-17,319,42,106855.56611786092,0.27107828799989875,51408.225737369576,0.0,51408.225737369576,51397.881701857754,81695.93926386492,0.0,4822.297239693842,0,0,0,8986.07110845483,9011.14418133563,1.1368683772161603e-13,9.094947017729282e-13
H2_E6000,321,2025-11-18,2,6000.0,2025-11-18,320,42,108062.38795666453,0.29102485900011743,52626.39074912881,0.0,52626.39074912881,52594.87766485747,83303.91964065173,0.0,4217.1277221816035,0,0,0,9011.14418133563,9087.529249593657,1.1368683772161603e-13,9.094947017729282e-13
H2_E6000,322,2025-11-19,2,6000.0,2025-11-19,321,42,108612.89388532656,0.30176644600032887,52666.410329226244,6.301057500000476,52672.711386726245,52775.95722454806,83392.06034170257,1.3850000000001046,3924.8242965740205,1,1,1,9087.529249593657,8837.270014367059,8.526512829121202e-14,9.094947017729282e-13
H2_E6000,323,2025-11-20,2,6000.0,2025-11-20,322,42,76860.72080050212,0.29621338800006924,52991.99855225996,0.0,52991.99855225996,53149.789072913605,83551.47102841364,0.0,5035.2698150034785,0,0,0,8837.270014367059,8454.799051296006,1.1368683772161603e-13,9.094947017729282e-13
H2_E6000,324,2025-11-21,2,6000.0,2025-11-21,323,42,44812.83288340622,0.32402684499993484,21238.128191753705,0.0,21238.128191753705,21026.888943860275,39562.34692052522,0.0,6824.063420248759,0,0,0,8454.799051296006,8966.825237948548,5.684341886080802e-14,8.952838470577262e-13
H2_E6000,325,2025-11-22,2,6000.0,2025-11-22,324,42,77082.75018927737,0.31187106900006256,21138.544566980832,0.0,21138.544566980832,21035.34263239029,39721.68204549428,0.0,5808.983861404072,0,0,0,8966.825237948548,9216.978055431686,5.684341886080802e-14,9.094947017729282e-13
H2_E6000,326,2025-11-23,2,6000.0,2025-11-23,325,42,108110.76491431298,0.28036798600032853,53379.85750355973,0.0,53379.85750355973,53474.941722066695,84434.53598727158,0.0,5056.7647883001355,0,0,0,9216.978055431686,8986.501899610877,5.684341886080802e-14,9.094947017729282e-13
H2_E6000,327,2025-11-24,2,6000.0,2025-11-24,326,42,108102.17666448701,0.28282916699981797,51675.217174139776,844.4950309120088,52519.71220505179,52712.55988457747,82329.35236633403,133.7148443757378,4607.656369353368,4,1,2,8986.501899610877,8519.055329255052,5.684341886080802e-14,9.094947017729282e-13
H2_E6000,328,2025-11-25,2,6000.0,2025-11-25,327,42,110500.68852383313,0.2770995569999286,53778.520787806476,0.0,53778.520787806476,53557.55762159706,85252.8758828851,0.0,4156.337476418263,0,0,0,8519.055329255052,9054.651476813558,5.684341886080802e-14,9.094947017729282e-13
H2_E6000,329,2025-11-26,2,6000.0,2025-11-26,328,42,110829.96689257222,0.2930017680000674,53860.26714534573,154.53999266666654,54014.807138012395,53955.80985123875,85209.2499324513,32.99316666666664,3938.5767037072783,1,1,1,9054.651476813558,9197.655942464726,1.1368683772161603e-13,9.094947017729282e-13
H2_E6000,330,2025-11-27,2,6000.0,2025-11-27,329,42,78018.06851895926,0.3004738190002172,53992.88786386899,0.0,53992.88786386899,54062.70766373094,85094.38451518602,0.0,5300.987114845457,0,0,0,9197.655942464726,9028.418614493416,1.1368683772161603e-13,9.094947017729282e-13
H2_E6000,331,2025-11-28,2,6000.0,2025-11-28,330,42,45237.60913653447,0.3171233050002229,21627.325594008078,0.0,21627.325594008078,21570.934216040787,40658.23272529285,0.0,6081.431455512141,0,0,0,9028.418614493416,9165.106576170123,5.684341886080802e-14,8.917311333789257e-13
H2_E6000,332,2025-11-29,2,6000.0,2025-11-29,331,42,78237.10009994551,0.30755424600010883,21821.356437312395,0.0,21821.356437312395,21761.776408588044,41030.98609839921,0.0,2460.110275708445,0,0,0,9165.106576170123,9309.523559342533,5.684341886080802e-14,9.094947017729282e-13
H2_E6000,333,2025-11-30,2,6000.0,2025-11-30,332,42,111263.91587093244,0.27048044299999674,54780.72105441659,28.398311333333652,54809.11936574992,55012.176338025834,86429.06798446938,6.062833333333401,2093.066280099355,1,1,1,9309.523559342533,8817.330521237696,1.1368683772161603e-13,9.094947017729282e-13
H2_E6000,334,2025-12-01,2,6000.0,2025-12-01,333,42,112789.78060469464,0.27790746099981334,54542.116336560226,26585.068988498075,81127.1853250583,81248.03811215023,86558.08235021682,5003.692140826534,889.4753493503839,22,1,3,8817.330521237696,8524.393520476217,4.263256414560601e-14,9.094947017729282e-13
H2_E6000,335,2025-12-02,2,6000.0,2025-12-02,334,42,118532.51108223488,0.28959496900006343,58060.766088813376,13812.84794156663,71873.61403038,71758.69731774255,91352.2449235105,2816.6503863935623,503.5186217472515,14,1,2,8524.393520476217,8802.941975562975,5.684341886080802e-14,8.589795541524836e-13
H2_E6000,336,2025-12-03,2,6000.0,2025-12-03,335,42,123263.5545760448,0.2687677089998033,60664.917190360895,0.0,60664.917190360895,60531.341474980116,94449.3944337536,0.0,2310.9627685958376,0,0,0,8802.941975562975,9126.71828540057,8.526512829121202e-14,9.094947017729282e-13
H2_E6000,337,2025-12-04,2,6000.0,2025-12-04,336,42,89480.57957422992,0.2937470850001773,60615.94564164612,3489.289728486465,64105.235370132585,64149.063763204766,94495.1700234744,700.3595931822335,3799.095047158099,6,1,3,9126.71828540057,9020.481943453455,1.1368683772161603e-13,9.094947017729282e-13
H2_E6000,338,2025-12-05,2,6000.0,2025-12-05,337,42,55333.012540348296,0.3163729820003027,26556.038293377773,0.0,26556.038293377773,26438.05965322651,49872.478328802026,0.0,4416.818563614365,0,0,0,9020.481943453455,9306.452253542699,5.684341886080802e-14,9.094947017729282e-13
H2_E6000,339,2025-12-06,2,6000.0,2025-12-06,338,42,91452.50928440018,0.286873753999771,26541.614512674598,0.0,26541.614512674598,26615.102414773177,50144.83825150695,0.0,2806.220099848981,0,0,0,9306.452253542699,9128.323753977065,5.684341886080802e-14,8.881784197001252e-13
H2_E6000,340,2025-12-07,2,6000.0,2025-12-07,339,42,130576.36060844535,0.26437399300039033,62930.22096098206,94.47836710793244,63024.69932808999,63063.75446823954,97713.55779048943,16.265536215534553,5706.907945243243,1,1,1,9128.323753977065,9033.657376022331,1.1368683772161603e-13,9.094947017729282e-13
H2_E6000,341,2025-12-08,2,6000.0,2025-12-08,340,42,133809.4423672926,0.25284478300000046,64147.85675976369,0.0,64147.85675976369,64138.63184010517,99896.16501400212,0.0,7616.497260181264,0,0,0,9033.657376022331,9056.01780611301,1.1368683772161603e-13,9.094947017729282e-13
H2_E6000,342,2025-12-09,2,6000.0,2025-12-09,341,42,133435.06195139786,0.26200973499999236,64887.90159275143,0.0,64887.90159275143,64849.684067854556,100497.39244070477,0.0,8524.908402052197,0,0,0,9056.01780611301,9148.653875079292,8.526512829121202e-14,9.094947017729282e-13
H2_E6000,343,2025-12-10,2,6000.0,2025-12-10,342,42,132173.8878694497,0.2638569460000326,63565.35555138462,0.0,63565.35555138462,63622.22497610749,98614.37731900603,0.0,6032.633515038758,0,0,0,9148.653875079292,9010.80716823689,1.1368683772161603e-13,9.094947017729282e-13
H2_E6000,344,2025-12-11,2,6000.0,2025-12-11,343,42,97466.16822580999,0.2863698529999965,64218.41366318134,0.0,64218.41366318134,64162.51208450122,99668.3619320168,0.0,9218.351385029175,0,0,0,9010.80716823689,9146.307897598883,1.1368683772161603e-13,8.810729923425242e-13
H2_E6000,345,2025-12-12,2,6000.0,2025-12-12,344,42,61042.18267583219,0.312600755999938,28358.305998080403,0.0,28358.305998080403,28313.874588491275,53110.5018878222,0.0,5679.017963224772,0,0,0,9146.307897598883,9254.005900912145,5.684341886080802e-14,9.094947017729282e-13
H2_E6000,346,2025-12-13,2,6000.0,2025-12-13,345,42,96600.27800273777,0.28881801399984397,28960.44733792847,0.0,28960.44733792847,28955.064744651474,54468.28080552511,0.0,7036.1716287504405,0,0,0,9254.005900912145,9267.05285472118,5.684341886080802e-14,9.094947017729282e-13
H2_E6000,347,2025-12-14,2,6000.0,2025-12-14,346,42,130362.74532607326,0.2670849740002268,63560.0169056999,0.0,63560.0169056999,63746.36938379729,98601.34025380512,0.0,5798.503014366068,0,0,0,9267.05285472118,8815.350106841695,1.1368683772161603e-13,8.65085780787922e-13
H2_E6000,348,2025-12-15,2,6000.0,2025-12-15,347,42,132180.15829745887,0.2620388909999747,62812.49820797255,674.2461846021947,63486.74439257475,63516.38755095097,98301.35485055839,97.03585168002394,4384.132157431861,2,1,2,8815.350106841695,8743.497581825277,5.684341886080802e-14,9.094947017729282e-13
H2_E6000,349,2025-12-16,2,6000.0,2025-12-16,348,42,135576.44311684603,0.26472868299970287,66223.95544730508,0.0,66223.95544730508,66068.32514070159,102383.51243415195,0.0,8175.439479275658,0,0,0,8743.497581825277,9120.732367559567,1.1368683772161603e-13,8.739675649849232e-13
H2_E6000,350,2025-12-17,2,6000.0,2025-12-17,349,42,133656.77861410446,0.2716046720001941,64439.24754000311,0.0,64439.24754000311,64475.18809579274,100174.34421161714,0.0,7703.844696406132,0,0,0,9120.732367559567,9033.615480377586,1.1368683772161603e-13,9.094947017729282e-13
H2_E6000,351,2025-12-18,2,6000.0,2025-12-18,350,42,97700.6465379224,0.2846358340002553,63836.043840720886,0.0,63836.043840720886,63833.95340855279,99085.72310162979,0.0,7150.223895224462,0,0,0,9033.615480377586,9038.682512295938,1.1368683772161603e-13,9.094947017729282e-13
H2_E6000,352,2025-12-19,2,6000.0,2025-12-19,351,42,61650.18361833617,0.3165598900000077,28750.395673912135,0.0,28750.395673912135,28723.13777126177,53730.24584720874,0.0,7159.54840988455,0,0,0,9038.682512295938,9104.753377863755,5.684341886080802e-14,9.094947017729282e-13
H2_E6000,353,2025-12-20,2,6000.0,2025-12-20,352,42,95646.7186875659,0.28865146399994046,28191.100979931194,0.0,28191.100979931194,28140.44231823436,53111.16722326182,0.0,6360.216114886603,0,0,0,9104.753377863755,9227.545717015792,5.684341886080802e-14,9.094947017729282e-13
H2_E6000,354,2025-12-21,2,6000.0,2025-12-21,353,42,129395.06041353504,0.25464773000021523,62835.63707187961,0.0,62835.63707187961,62950.05604656159,97535.87303977847,0.0,4223.199998556909,0,0,0,9227.545717015792,8950.203736908634,1.1368683772161603e-13,9.094947017729282e-13
H2_E6000,355,2025-12-22,2,6000.0,2025-12-22,354,42,130533.19907198624,0.25231612099969425,62653.25733961247,379.7956564311003,63033.052996043574,63171.578813013824,97869.11873502539,82.10538297678902,4720.694754770859,4,1,1,8950.203736908634,8614.428796770666,1.1368683772161603e-13,8.881784197001252e-13
H2_E6000,356,2025-12-23,2,6000.0,2025-12-23,355,42,131957.78068278934,0.2581334380001863,64327.033851520406,0.0,64327.033851520406,64066.5674300785,99920.37812154109,0.0,7548.69121055119,0,0,0,8614.428796770666,9245.777515590258,1.1368683772161603e-13,9.094947017729282e-13
H2_E6000,357,2025-12-24,2,6000.0,2025-12-24,356,42,129807.95701017002,0.2629166549995716,62673.98991888089,19.399633026467153,62693.389551907356,62876.19801269306,97696.33524186362,3.339869678310606,5720.886996998329,1,1,1,9245.777515590258,8802.665167873765,1.1368683772161603e-13,9.094947017729282e-13
H2_E6000,358,2025-12-25,2,6000.0,2025-12-25,357,42,94624.32560960473,0.2996177230002104,63001.30212872365,0.0,63001.30212872365,62989.78162011549,98036.5111122044,0.0,5701.773809651653,0,0,0,8802.665167873765,8830.589912682115,5.684341886080802e-14,9.094947017729282e-13
H2_E6000,359,2025-12-26,2,6000.0,2025-12-26,358,42,58942.93100642491,0.3142455720003454,27909.877262262708,0.0,27909.877262262708,27618.554210840695,52579.28085002765,0.0,5060.466142368819,0,0,0,8830.589912682115,9536.73250971904,1.1368683772161603e-13,8.881784197001252e-13
H2_E6000,360,2025-12-27,2,6000.0,2025-12-27,359,42,93963.55888279901,0.2838480509999499,27563.073773371285,0.0,27563.073773371285,27674.32755106761,52032.03267548061,0.0,5288.582143866783,0,0,0,9536.73250971904,9267.06270113651,5.684341886080802e-14,9.094947017729282e-13
H2_E6000,361,2025-12-28,2,6000.0,2025-12-28,360,42,128767.49269843097,0.26022176500009664,62694.20116015623,390.27078362573803,63084.47194378197,63164.07517672563,97389.10292539475,66.9927579523827,6481.243461391025,2,1,1,9267.06270113651,9074.111153468075,1.1368683772161603e-13,9.094947017729282e-13
H2_E6000,362,2025-12-29,2,6000.0,2025-12-29,361,42,127804.02494688318,0.2685620679999374,61428.74612914622,0.0,61428.74612914622,61587.04934323583,96011.3493063398,0.0,4426.399198690799,0,0,0,9074.111153468075,8690.397464589407,5.684341886080802e-14,9.094947017729282e-13
H2_E6000,363,2025-12-30,2,6000.0,2025-12-30,362,42,128506.58670137536,0.26717896499985727,62502.558161506255,97.0634751316275,62599.62163663788,62478.475225829,97607.53013752482,16.6161902134088,6572.302219317191,1,1,1,8690.397464589407,8984.046184567826,1.1368683772161603e-13,9.094947017729282e-13
H2_E6000,364,2025-12-31,1,6000.0,2025-12-31,363,42,62616.28546570264,0.15728970299960565,60307.27355352995,0.0,60307.27355352995,61468.37846598603,93229.64335662426,0.0,2959.9740744188566,0,0,0,8984.046184567826,6169.625443359979,1.1368683772161603e-13,9.094947017729282e-13
H2_E10800,31,2025-02-01,2,10800.0,2025-02-01,30,28,99962.36986093974,0.13346331100001407,27445.143032721564,0.0,27445.143032721564,25850.85688324445,52999.05294065118,0.0,10954.904817432089,0,0,0,6000.0,9864.415659922983,5.684341886080802e-14,9.094947017729282e-13
H2_E10800,32,2025-02-02,2,10800.0,2025-02-02,31,28,129260.93467778513,0.1315305940001963,58364.98055921135,0.0,58364.98055921135,58548.846247995665,91769.12139813617,0.0,9860.00940667769,0,0,0,9864.415659922983,9418.740680375759,1.1368683772161603e-13,9.094947017729282e-13
H2_E10800,33,2025-02-03,2,10800.0,2025-02-03,32,28,124897.17476905034,0.12691573900019648,55884.29442450108,0.0,55884.29442450108,56040.07412431696,88782.54683051247,0.0,4669.938808533647,0,0,0,9418.740680375759,9041.143778048008,1.4210854715202004e-13,9.094947017729282e-13
H2_E10800,34,2025-02-04,2,10800.0,2025-02-04,33,28,121494.54268685522,0.1270667600001616,57261.48875311694,0.0,57261.48875311694,57155.68926990705,90721.58039415532,0.0,4776.897691904881,0,0,0,9041.143778048008,9297.592835114794,4.263256414560601e-14,9.094947017729282e-13
H2_E10800,35,2025-02-05,2,10800.0,2025-02-05,34,28,118034.95297468879,0.1390782720000061,56079.6990597751,0.0,56079.6990597751,56176.26513104762,88962.28726456393,0.0,3995.2358517610082,0,0,0,9297.592835114794,9063.524792709002,1.7053025658242404e-13,9.094947017729282e-13
H2_E10800,36,2025-02-06,2,10800.0,2025-02-06,35,28,83575.13065371798,0.14257328699977734,56019.79122252376,194.11759737967617,56213.90881990344,56219.83888037341,88834.27913669992,33.29996604625569,4248.336485887356,2,1,1,9063.524792709002,9049.15082442735,5.684341886080802e-14,9.094947017729282e-13
H2_E10800,37,2025-02-07,2,10800.0,2025-02-07,36,28,48409.78359591242,0.14693155700024363,22848.819256050756,0.0,22848.819256050756,22841.608682240527,44025.802653426705,0.0,8614.908005822104,0,0,0,9049.15082442735,9066.62864944541,1.1368683772161603e-13,9.094947017729282e-13
H2_E10800,38,2025-02-08,2,10800.0,2025-02-08,37,28,78296.56856541446,0.1382891200000813,20979.44212539352,0.0,20979.44212539352,20972.083992145865,40468.92135046159,0.0,5309.850371934862,0,0,0,9066.62864944541,9084.464146140515,5.684341886080802e-14,9.094947017729282e-13
H2_E10800,39,2025-02-09,2,10800.0,2025-02-09,38,28,109006.92566760277,0.1324859110000034,52451.42247295624,2023.3464614749096,54474.76893443115,54688.25839694379,83876.82461059994,304.7615169845736,567.5088289036671,6,1,3,9084.464146140515,8566.983628334487,5.684341886080802e-14,8.846257060213247e-13
H2_E10800,40,2025-02-10,2,10800.0,2025-02-10,39,28,109828.69711945081,0.1351719829999638,52052.91117740389,365.61995657205375,52418.53113397594,52464.08294503243,83760.30169128683,79.94990559718244,5481.1800748179085,5,1,2,8566.983628334487,8456.569866010657,1.1368683772161603e-13,9.094947017729282e-13
H2_E10800,41,2025-02-11,2,10800.0,2025-02-11,40,28,109833.63941193817,0.1322096980002243,52525.25324294444,255.63802992791364,52780.89127287235,52706.45710465542,84319.19080695813,53.83714020977297,4663.8697030844705,5,1,3,8456.569866010657,8636.992035133311,5.684341886080802e-14,9.094947017729282e-13
H2_E10800,42,2025-02-12,2,10800.0,2025-02-12,41,28,109607.43946485757,0.1337874250002642,52344.82026727074,20.40497967128736,52365.22524694203,52286.19499496033,83869.55302730546,4.3563150451083175,4147.872173458792,1,1,1,8636.992035133311,8828.554725097036,5.684341886080802e-14,9.094947017729282e-13
H2_E10800,43,2025-02-13,2,10800.0,2025-02-13,42,28,76895.34936122636,0.13804848000017955,51995.18348323766,0.0,51995.18348323766,52199.58387579871,82831.64611374724,0.0,8281.803231801967,0,0,0,8828.554725097036,8333.105349107422,1.1368683772161603e-13,9.094947017729282e-13
H2_E10800,44,2025-02-14,2,10800.0,2025-02-14,43,28,42889.78424857164,0.1325331460002417,19862.21551818605,0.0,19862.21551818605,19715.72680271075,37743.434494055255,0.0,4113.811511019041,0,0,0,8333.105349107422,8688.181686106538,5.684341886080802e-14,9.094947017729282e-13
H2_E10800,45,2025-02-15,2,10800.0,2025-02-15,44,28,73545.59280771547,0.13053426399983437,19590.282330655642,0.0,19590.282330655642,19463.43364048218,37212.83628915573,0.0,4196.1229620156755,0,0,0,8688.181686106538,8995.652252107386,5.684341886080802e-14,9.094947017729282e-13
H2_E10800,46,2025-02-16,2,10800.0,2025-02-16,45,28,103004.81768355076,0.13869027600003392,49945.504819926166,356.3460463022474,50301.850866228415,50381.00763459356,80371.25995888893,86.04579588316261,850.1990970870581,2,1,2,8995.652252107386,8803.782897061257,5.684341886080802e-14,9.094947017729282e-13
H2_E10800,47,2025-02-17,2,10800.0,2025-02-17,46,28,103839.84604291701,0.14568172300005244,48852.255406624405,792.1403389890944,49644.395745613496,49741.86847445401,79275.50065559743,116.77745025644424,4440.443456977274,2,1,2,8803.782897061257,8567.517192896274,5.684341886080802e-14,9.094947017729282e-13
H2_E10800,48,2025-02-18,2,10800.0,2025-02-18,47,28,105011.42696295476,0.13293519400031073,50154.63006367104,0.0,50154.63006367104,49939.850373096895,80978.7892353448,0.0,4260.731955157811,0,0,0,8567.517192896274,9088.125115106683,5.684341886080802e-14,9.094947017729282e-13
H2_E10800,49,2025-02-19,2,10800.0,2025-02-19,48,28,104370.62617288134,0.13416650299996036,49837.94087810446,174.0319046969306,50011.97278280139,50186.87210224514,80328.15264078617,39.73784785864382,3584.299867562894,1,1,1,9088.125115106683,8664.183861405158,1.1368683772161603e-13,9.094947017729282e-13
H2_E10800,50,2025-02-20,2,10800.0,2025-02-20,49,28,73263.50230936162,0.13087594399985392,49695.56481947508,56.405014673997336,49751.96983414908,49886.93840980008,79863.92005797705,12.042061202817536,5255.722075393914,1,1,1,8664.183861405158,8337.031375313314,8.526512829121202e-14,9.094947017729282e-13
H2_E10800,51,2025-02-21,2,10800.0,2025-02-21,50,28,41631.14483483146,0.12533275199984928,19113.73024245337,0.0,19113.73024245337,19157.74014080808,36159.46436873125,0.0,7449.166985225071,0,0,0,8337.031375313314,8230.355079813073,5.684341886080802e-14,9.094947017729282e-13
H2_E10800,52,2025-02-22,2,10800.0,2025-02-22,51,28,71589.84147852658,0.13224477299991122,19426.200387344263,0.0,19426.200387344263,18991.73627762266,37109.19555374993,0.0,4796.188875396367,0,0,0,8230.355079813073,9283.459574155768,5.684341886080802e-14,9.094947017729282e-13
H2_E10800,53,2025-02-23,2,10800.0,2025-02-23,52,28,100918.93874362702,0.1347564620000412,48734.08118012824,12.350764731446807,48746.43194485969,48922.34709557531,78687.05433821812,2.636798619010847,3436.478269617845,1,1,1,9283.459574155768,8857.056030810612,1.1368683772161603e-13,9.094947017729282e-13
H2_E10800,54,2025-02-24,2,10800.0,2025-02-24,53,28,101132.61635123506,0.1380416330002845,47650.35374552016,774.4718541955908,48424.82559971575,48498.44433150181,77690.97033151347,132.0887056929339,5788.345110397149,5,1,2,8857.056030810612,8678.610411076023,1.1368683772161603e-13,9.094947017729282e-13
H2_E10800,55,2025-02-25,2,10800.0,2025-02-25,54,28,102092.99286632477,0.13618706799979918,48687.634959588206,100.76651852289655,48788.401478111104,48679.81266797326,78972.97450400158,22.641790208732118,9154.219173608783,2,1,2,8678.610411076023,8941.820562231587,1.1368683772161603e-13,9.094947017729282e-13
H2_E10800,56,2025-02-26,2,10800.0,2025-02-26,55,28,99674.79381301289,0.1403061930000149,47667.91858523907,0.0,47667.91858523907,47537.681474232326,77406.96212128375,0.0,4209.624439007985,0,0,0,8941.820562231587,9257.504375606419,1.1368683772161603e-13,9.094947017729282e-13
H2_E10800,57,2025-02-27,2,10800.0,2025-02-27,56,28,69447.82212555445,0.13180058899979485,46286.2581358428,804.6702445270835,47090.928380369885,47779.895078070724,74707.47150946029,162.93488753162868,5446.257294763747,3,1,1,9257.504375606419,7587.506993622157,1.1368683772161603e-13,9.094947017729282e-13
H2_E10800,58,2025-02-28,2,10800.0,2025-02-28,57,28,41000.402997779594,0.12420025900019027,18675.915083067026,0.0,18675.915083067026,18616.229591720105,35554.68482605885,0.0,8941.828433346498,0,0,0,7587.506993622157,7732.179609329746,5.684341886080802e-14,8.526512829121202e-13
H2_E10800,59,2025-03-01,2,10800.0,2025-03-01,58,28,69385.17964667844,0.12599804999990738,19264.250812730308,0.0,19264.250812730308,18604.643144810936,36944.11789104456,0.0,8475.149663475191,0,0,0,7732.179609329746,9331.013170136192,5.684341886080802e-14,9.094947017729282e-13
H2_E10800,60,2025-03-02,2,10800.0,2025-03-02,59,28,97065.15443314306,0.1453479580000021,46661.38968901064,11405.17076056788,58066.56044957852,58364.51622697162,75743.06997976045,1684.9939923316108,1700.041707046247,8,1,2,9331.013170136192,8608.793402687263,5.684341886080802e-14,8.988365607365267e-13
H2_E10800,61,2025-03-03,2,10800.0,2025-03-03,60,28,100410.41769182065,0.13976840899977105,47071.79233496403,5634.304822411163,52706.097157375196,52730.59785196627,76816.88793522239,870.3131015921639,1254.5257890041114,10,1,2,8608.793402687263,8549.405777769494,5.684341886080802e-14,9.094947017729282e-13
H2_E10800,62,2025-03-04,2,10800.0,2025-03-04,61,28,104703.85274869137,0.13745278400028837,49881.01689689018,0.0,49881.01689689018,49728.29895893433,80454.12833210525,0.0,6960.247521237326,0,0,0,8549.405777769494,8919.581226625578,1.1368683772161603e-13,9.094947017729282e-13
H2_E10800,63,2025-03-05,2,10800.0,2025-03-05,62,28,103476.34155076132,0.13499460599996382,48846.75662187436,5.267273480358757,48852.023895354716,48855.748039418504,79134.93039647496,1.1577697506008917,9331.242514865582,1,1,1,8919.581226625578,8910.554214351387,1.1368683772161603e-13,9.094947017729282e-13
H2_E10800,64,2025-03-06,2,10800.0,2025-03-06,63,28,70668.2381376789,0.13283735899995008,46772.73989576634,0.0,46772.73989576634,47522.74134491073,75105.03567997128,0.0,7398.89714795221,0,0,0,8910.554214351387,7092.613723562396,1.1368683772161603e-13,9.094947017729282e-13
H2_E10800,65,2025-03-07,2,10800.0,2025-03-07,64,28,39963.01062697323,0.1311014679999971,17650.60639092393,0.0,17650.60639092393,17787.385562896558,33172.55326566237,0.0,9745.013400472955,0,0,0,7092.613723562396,6761.072504129688,5.684341886080802e-14,8.526512829121202e-13
H2_E10800,66,2025-03-08,2,10800.0,2025-03-08,65,28,68071.83835180943,0.13148200200021165,18384.008684904817,0.0,18384.008684904817,17307.57284725199,35108.265667959146,0.0,10082.955253988539,0,0,0,6761.072504129688,9370.262522679492,5.684341886080802e-14,9.094947017729282e-13
H2_E10800,67,2025-03-09,2,10800.0,2025-03-09,66,28,92729.35677662551,0.14354939199984074,44135.64547182838,0.0,44135.64547182838,44353.103559013594,72146.44847689763,0.0,5348.435526275204,0,0,0,9370.262522679492,8843.162392147056,5.684341886080802e-14,9.023892744153272e-13
H2_E10800,68,2025-03-10,2,10800.0,2025-03-10,67,28,92122.33280571472,0.14604881499963085,42424.22834540451,11830.978155067392,54255.206500471904,54317.7166389912,70012.24089590096,1901.3465890632556,93.03264699117437,11,1,2,8843.162392147056,8691.643069046144,5.684341886080802e-14,9.094947017729282e-13
H2_E10800,69,2025-03-11,2,10800.0,2025-03-11,68,28,96591.66604702805,0.1453543359998548,45677.10516807445,0.0,45677.10516807445,45454.22701510707,75023.03602339144,0.0,6657.238118060843,0,0,0,8691.643069046144,9231.880983591363,1.1368683772161603e-13,8.952838470577262e-13
H2_E10800,70,2025-03-12,2,10800.0,2025-03-12,69,28,94895.43460263556,0.1438888779998706,44420.728597281995,0.0,44420.728597281995,44530.46044465285,72700.81203525358,0.0,6760.350077108596,0,0,0,9231.880983591363,8965.900206231365,5.684341886080802e-14,9.094947017729282e-13
H2_E10800,71,2025-03-13,2,10800.0,2025-03-13,70,28,65009.58443967519,0.1334709190000467,41954.45528988243,4884.758736178332,46839.21402606076,48272.56140354323,67773.87657620701,807.7211965923274,775.0140542435311,7,1,2,8965.900206231365,5491.586606085334,1.1368683772161603e-13,9.094947017729282e-13
H2_E10800,72,2025-03-14,2,10800.0,2025-03-14,71,28,38923.4098347234,0.12450218300000415,17037.988132582526,0.0,17037.988132582526,16825.654729330454,32149.105695485036,0.0,12742.330147102713,0,0,0,5491.586606085334,6006.264933386343,5.684341886080802e-14,7.958078640513122e-13
H2_E10800,73,2025-03-15,2,10800.0,2025-03-15,72,28,66363.18519171828,0.13030292800021925,18406.14266590179,0.0,18406.14266590179,17195.270636251193,35412.81967826818,0.0,8246.524548904501,0,0,0,6006.264933386343,8941.31698478827,5.684341886080802e-14,9.094947017729282e-13
H2_E10800,74,2025-03-16,2,10800.0,2025-03-16,73,28,92272.9312399536,0.1469610589997501,43600.974018151486,7.461180000000455,43608.435198151485,43502.01942385805,71732.09733656696,1.6400000000001,4156.762470483846,1,1,1,8941.31698478827,9199.259879655201,1.1368683772161603e-13,8.668621376273222e-13
H2_E10800,75,2025-03-17,2,10800.0,2025-03-17,74,28,92307.70227351246,0.1435898019999513,42198.0712252559,0.0,42198.0712252559,42337.4088425902,69895.80936883707,0.0,8726.171145237899,0,0,0,9199.259879655201,8861.517203649633,1.1368683772161603e-13,9.094947017729282e-13
H2_E10800,76,2025-03-18,2,10800.0,2025-03-18,75,28,92399.11470764659,0.1443895329998668,42883.66178517301,0.0,42883.66178517301,42815.83162297295,70804.76090163637,0.0,5445.795234603786,0,0,0,8861.517203649633,9025.931817115976,1.1368683772161603e-13,9.094947017729282e-13
H2_E10800,77,2025-03-19,2,10800.0,2025-03-19,76,28,92336.05622363815,0.13980211900025097,42793.051904233726,0.0,42793.051904233726,42742.6863094157,70527.22032773678,0.0,6987.201272184997,0,0,0,9025.931817115976,9148.013786779924,1.4210854715202004e-13,8.419931418757187e-13
H2_E10800,78,2025-03-20,2,10800.0,2025-03-20,77,28,63544.06236774919,0.1323948700000983,40761.7520145047,0.0,40761.7520145047,42293.00269451027,65740.7293018532,0.0,3678.0843430662494,0,0,0,9148.013786779924,5436.39080804301,1.1368683772161603e-13,9.094947017729282e-13
H2_E10800,79,2025-03-21,2,10800.0,2025-03-21,78,28,37546.67079745629,0.1287376579998636,16243.176136781607,0.0,16243.176136781607,16285.090122556649,30883.366500850454,0.0,16169.989892255551,0,0,0,5436.39080804301,5334.794828518267,5.684341886080802e-14,9.094947017729282e-13
H2_E10800,80,2025-03-22,2,10800.0,2025-03-22,79,28,64088.01107130551,0.13255266500027574,18213.559874887935,0.0,18213.559874887935,16489.403839049664,35458.47089509087,0.0,12249.121202446862,0,0,0,5334.794828518267,9514.00418013271,5.684341886080802e-14,9.094947017729282e-13
H2_E10800,81,2025-03-23,2,10800.0,2025-03-23,80,28,87811.06944132154,0.1417929480003295,41208.168068596235,115.37619526438046,41323.54426386062,41643.65828209024,68041.46682867398,21.239584532976117,6271.613380473981,2,1,2,9514.00418013271,8738.07469883279,5.684341886080802e-14,9.094947017729282e-13
H2_E10800,82,2025-03-24,2,10800.0,2025-03-24,81,28,87265.53638732324,0.14237665600012406,40158.865222021836,0.0,40158.865222021836,40214.30952175808,66872.0222691901,0.0,5056.325665962777,0,0,0,8738.07469883279,8603.682375206023,5.684341886080802e-14,9.094947017729282e-13
H2_E10800,83,2025-03-25,2,10800.0,2025-03-25,82,28,87861.50352507127,0.1401584689997435,40868.72451007402,6.520130801975029,40875.24464087599,40855.86581079483,67928.47532863081,1.391554967874299,2878.9516695694447,1,1,1,8603.682375206023,8650.655030937372,1.1368683772161603e-13,8.668621376273222e-13
H2_E10800,84,2025-03-26,2,10800.0,2025-03-26,83,28,88964.64372251897,0.14359684900000502,41142.19153123521,0.0,41142.19153123521,41077.49571022306,68357.01383084216,0.0,8869.75779698757,0,0,0,8650.655030937372,8807.472264740041,1.1368683772161603e-13,9.094947017729282e-13
H2_E10800,85,2025-03-27,2,10800.0,2025-03-27,84,28,61492.40969551443,0.12815279300002658,39382.73123878209,0.0,39382.73123878209,40885.84150304458,63893.53265155168,0.0,5463.636686818094,0,0,0,8807.472264740041,5164.059289150925,5.684341886080802e-14,9.094947017729282e-13
H2_E10800,86,2025-03-28,2,10800.0,2025-03-28,85,28,36596.456373466965,0.12613862699981837,15960.692043695395,0.0,15960.692043695395,15827.764141634423,30788.684853279963,0.0,16910.806739804924,0,0,0,5164.059289150925,5486.265353936475,5.684341886080802e-14,6.821210263296962e-13
H2_E10800,87,2025-03-29,2,10800.0,2025-03-29,86,28,62255.442853757675,0.1295471909998014,17502.63706447004,0.0,17502.63706447004,15956.616463504091,34648.50052928865,0.0,20119.889631486363,0,0,0,5486.265353936475,9233.689379978363,5.684341886080802e-14,9.094947017729282e-13
H2_E10800,88,2025-03-30,2,10800.0,2025-03-30,87,28,83416.1391253146,0.1492330179999044,39400.19489872302,0.0,39400.19489872302,39472.491131301285,65250.34565979055,0.0,6347.370886802055,0,0,0,9233.689379978363,9058.449387195065,5.684341886080802e-14,9.094947017729282e-13
H2_E10800,89,2025-03-31,2,10800.0,2025-03-31,88,28,82350.45367092115,0.14942580800016003,37598.18997345613,3734.46764352239,41332.65761697852,41458.45671641567,62881.070677724056,546.484781261829,3113.8796349163076,3,1,2,9058.449387195065,8753.522940942887,1.1368683772161603e-13,9.094947017729282e-13
H2_E10800,90,2025-04-01,2,10800.0,2025-04-01,89,28,83882.09220568418,0.1421090520002508,39220.75787030938,0.0,39220.75787030938,39169.00628228416,65325.457200984805,0.0,1243.0198684014426,0,0,0,8753.522940942887,8878.964441677339,5.684341886080802e-14,9.094947017729282e-13
H2_E10800,91,2025-04-02,2,10800.0,2025-04-02,90,28,84763.26958125405,0.14420509599995057,39164.38346612248,5186.889313042615,44351.2727791651,44358.283870507636,65552.92808998766,1046.4165458434709,2157.6378861449816,10,1,1,8878.964441677339,8861.970145398629,5.684341886080802e-14,8.952838470577262e-13
H2_E10800,92,2025-04-03,2,10800.0,2025-04-03,91,28,59891.72824530418,0.13237332600010632,37959.66865477657,0.0,37959.66865477657,39688.94932125702,62159.83949023777,0.0,7027.506163706599,0,0,0,8861.970145398629,4670.339119725562,1.1368683772161603e-13,8.988365607365267e-13
H2_E10800,93,2025-04-04,2,10800.0,2025-04-04,92,28,35907.7472020255,0.12326615899974058,15470.454415111548,0.0,15470.454415111548,15226.878904112738,30132.12818912407,0.0,20474.32220611864,0,0,0,4670.339119725562,5260.7456909588755,5.684341886080802e-14,9.094947017729282e-13
H2_E10800,94,2025-04-05,2,10800.0,2025-04-05,93,28,60789.180154587644,0.12245891900010974,17205.8239789308,0.0,17205.8239789308,15575.731666137413,34298.22935608215,0.0,15275.632282423961,0,0,0,5260.7456909588755,9211.952482001287,5.684341886080802e-14,9.094947017729282e-13
H2_E10800,95,2025-04-06,2,10800.0,2025-04-06,94,28,82791.11098891219,0.14344978400004038,39145.2174066334,0.0,39145.2174066334,39340.679333409775,65689.21753105367,0.0,8072.894068586032,0,0,0,9211.952482001287,8738.169195982595,1.1368683772161603e-13,9.094947017729282e-13
H2_E10800,96,2025-04-07,2,10800.0,2025-04-07,95,28,82050.01367974261,0.14594098200041117,37427.18357872429,0.0,37427.18357872429,37439.30180587101,63386.147304289945,0.0,6439.4366285368005,0,0,0,8738.169195982595,8708.79563166252,1.1368683772161603e-13,8.872902412804251e-13
H2_E10800,97,2025-04-08,2,10800.0,2025-04-08,96,28,82901.3811023584,0.14160944800005382,38841.014115628175,0.0,38841.014115628175,38818.47099074461,65389.85030581289,0.0,6978.94380476813,0,0,0,8708.79563166252,8763.438272102087,1.1368683772161603e-13,9.094947017729282e-13
H2_E10800,98,2025-04-09,2,10800.0,2025-04-09,97,28,82549.12859589244,0.1428208080001241,38487.16232245077,0.0,38487.16232245077,38403.19545617623,64620.426578960076,0.0,1294.4978927984616,0,0,0,8763.438272102087,8966.966900292451,1.1368683772161603e-13,8.988365607365267e-13
H2_E10800,99,2025-04-10,2,10800.0,2025-04-10,98,28,58248.08378047163,0.12095908400033295,36925.682927112925,0.0,36925.682927112925,38721.17143271858,60591.74985614825,0.0,7076.642056182311,0,0,0,8966.966900292451,4614.853635964187,1.1368683772161603e-13,8.757439218243235e-13
H2_E10800,100,2025-04-11,2,10800.0,2025-04-11,99,28,35108.21375555937,0.1105956649998916,14939.151296594733,0.0,14939.151296594733,14835.55810206529,29226.151107288286,0.0,21131.250591737175,0,0,0,4614.853635964187,4865.954834662004,5.684341886080802e-14,9.094947017729282e-13
H2_E10800,101,2025-04-12,2,10800.0,2025-04-12,100,28,58716.62087529115,0.12071564000007129,17017.400298715394,0.0,17017.400298715394,15148.268121208195,34110.23742678816,0.0,17607.295276047193,0,0,0,4865.954834662004,9396.574171469114,5.684341886080802e-14,9.023892744153272e-13
H2_E10800,102,2025-04-13,2,10800.0,2025-04-13,101,28,78550.48799279917,0.1427534179997565,37314.83786679841,0.0,37314.83786679841,37527.170244562134,62840.44086703191,0.0,5280.16686068942,0,0,0,9396.574171469114,8881.898329865679,1.1368683772161603e-13,9.094947017729282e-13
H2_E10800,103,2025-04-14,2,10800.0,2025-04-14,102,28,78942.52059525177,0.14328031800005192,36108.93862703764,693.6626947446192,36802.60132178226,36918.4689379292,61385.45423821422,100.90037804610608,5415.106229892402,2,1,1,8881.898329865679,8601.044964575494,5.684341886080802e-14,9.094947017729282e-13
H2_E10800,104,2025-04-15,2,10800.0,2025-04-15,103,28,80345.74387257028,0.13829140200004986,37717.42762466421,0.0,37717.42762466421,37538.73920647051,63630.63816025503,0.0,9449.555866058045,0,0,0,8601.044964575494,9034.170675252388,1.1368683772161603e-13,9.094947017729282e-13
H2_E10800,105,2025-04-16,2,10800.0,2025-04-16,104,28,79016.27476740579,0.1463587110001754,36827.13715644309,0.0,36827.13715644309,36878.68155297386,61953.715375408065,0.0,2537.495211150742,0,0,0,9034.170675252388,8909.231389290379,5.684341886080802e-14,9.094947017729282e-13
H2_E10800,106,2025-04-17,2,10800.0,2025-04-17,105,28,55925.51211459472,0.1260520370001359,35228.93192356918,0.0,35228.93192356918,37138.111073919405,57891.033595628316,0.0,6451.229181275099,0,0,0,8909.231389290379,4281.541555422336,1.1368683772161603e-13,9.094947017729282e-13
H2_E10800,107,2025-04-18,2,10800.0,2025-04-18,106,28,33732.98770280369,0.10442834900004527,14293.464098999495,0.0,14293.464098999495,14153.37698416343,28078.09117498147,0.0,18949.005793362077,0,0,0,4281.541555422336,4621.100950392599,5.684341886080802e-14,9.094947017729282e-13
H2_E10800,108,2025-04-19,2,10800.0,2025-04-19,107,28,56754.64553466065,0.12489661700010402,16230.564826543266,0.0,16230.564826543266,14285.838129481117,32946.11388587095,0.0,18390.622387774878,0,0,0,4621.100950392599,9334.955050462446,5.684341886080802e-14,9.094947017729282e-13
H2_E10800,109,2025-04-20,2,10800.0,2025-04-20,108,28,77111.27032787586,0.13637466499994844,36346.70929123882,0.0,36346.70929123882,36430.50118417748,61353.70586536707,0.0,5840.5624104779445,0,0,0,9334.955050462446,9131.850542935385,1.1368683772161603e-13,9.094947017729282e-13
H2_E10800,110,2025-04-21,2,10800.0,2025-04-21,109,28,77109.46462969412,0.14117543299971658,35555.21168779681,0.0,35555.21168779681,35785.56550632037,60379.96935951503,0.0,8924.250601388714,0,0,0,9131.850542935385,8573.492243255332,1.1368683772161603e-13,9.094947017729282e-13
H2_E10800,111,2025-04-22,2,10800.0,2025-04-22,110,28,77211.13901142713,0.1379283020000912,36112.35181007421,0.0,36112.35181007421,35964.57742775008,60904.515152050735,0.0,4740.729119463912,0,0,0,8573.492243255332,8931.684928662587,5.684341886080802e-14,9.094947017729282e-13
H2_E10800,112,2025-04-23,2,10800.0,2025-04-23,111,28,77197.4680090831,0.14012182299984488,36173.25873928845,0.0,36173.25873928845,36092.78156851067,61287.98878400979,0.0,6173.125360515168,0,0,0,8931.684928662587,9126.75482820476,5.684341886080802e-14,8.739675649849232e-13
H2_E10800,113,2025-04-24,2,10800.0,2025-04-24,112,28,53071.201712294336,0.12746355399985987,33085.25743993213,0.0,33085.25743993213,35400.10661463443,54136.87946664485,0.0,9813.865747934766,0,0,0,9126.75482820476,3515.7549433890513,5.684341886080802e-14,9.094947017729282e-13
H2_E10800,114,2025-04-25,2,10800.0,2025-04-25,113,28,32158.854083602993,0.10252245599986054,13410.397598467433,0.0,13410.397598467433,13349.415738365446,26960.294014663417,0.0,22463.091698983364,0,0,0,3515.7549433890513,3663.569848026239,5.684341886080802e-14,8.526512829121202e-13
H2_E10800,115,2025-04-26,2,10800.0,2025-04-26,114,28,53737.12976260579,0.12329924300001949,15874.074111412636,0.0,15874.074111412636,13627.331995814855,32876.02799701389,0.0,24408.036640472186,0,0,0,3663.569848026239,9109.48394454658,5.684341886080802e-14,9.094947017729282e-13
H2_E10800,116,2025-04-27,2,10800.0,2025-04-27,115,28,71715.47290265589,0.1384148570000434,33566.183298428994,4733.1542697012355,38299.33756813023,38480.107149284886,56953.616423453066,689.9257134900903,5864.160372459255,2,1,1,9109.48394454658,8671.313669730542,0.0,8.881784197001252e-13
H2_E10800,117,2025-04-28,2,10800.0,2025-04-28,116,28,72676.54772070971,0.14540502999989258,33586.36858592538,24522.293207966137,58108.661793891515,58105.0710830077,56963.11644694614,3641.1266938311637,769.1095378103128,14,1,1,8671.313669730542,8680.017251188745,5.684341886080802e-14,9.094947017729282e-13
H2_E10800,118,2025-04-29,2,10800.0,2025-04-29,117,28,76625.76328258782,0.14145553599973937,35507.34848669738,178.2367365955318,35685.58522329291,35560.397989403886,60067.98806748225,25.54999091105674,8993.510652115963,1,1,1,8680.017251188745,8983.460586766765,1.1368683772161603e-13,9.094947017729282e-13
H2_E10800,119,2025-04-30,2,10800.0,2025-04-30,118,28,76331.34265756977,0.14340925999977117,35450.039887704595,0.0,35450.039887704595,35552.617143014424,59856.39086821611,0.0,8512.313748991006,0,0,0,8983.460586766765,8734.821939368845,5.684341886080802e-14,8.983924715266767e-13
H2_E10800,120,2025-05-01,2,10800.0,2025-05-01,119,28,52635.91790236049,0.1263515919999918,32356.912546082218,10004.04148607994,42360.95403216216,45136.84449769324,52477.20846061778,1585.2583073487565,6726.534163946412,11,1,1,8734.821939368845,2006.2967064629217,5.684341886080802e-14,9.094947017729282e-13
H2_E10800,121,2025-05-02,2,10800.0,2025-05-02,120,28,33807.26887648296,0.10236877299985281,14211.092021880375,8143.921761438584,22355.01378331896,22176.03689985268,28343.983445344904,1329.616872014091,12320.634952626497,10,1,2,2006.2967064629217,2440.1216327210677,5.684341886080802e-14,7.958078640513122e-13
H2_E10800,122,2025-05-03,2,10800.0,2025-05-03,121,28,58418.21838683605,0.12055960699990464,17132.173415153153,4110.521480702813,21242.694895855966,18760.401995712018,34939.379976625256,724.988941030489,17628.565681349974,8,1,1,2440.1216327210677,8456.99103786395,5.684341886080802e-14,8.526512829121202e-13
H2_E10800,123,2025-05-04,2,10800.0,2025-05-04,122,28,79282.12959609219,0.13888132300007783,36941.55808471868,5021.359343178434,41962.91742789711,41993.6334472295,62175.50365492604,802.382666583708,8016.4674258677005,9,1,1,8456.99103786395,8382.537988041311,5.684341886080802e-14,8.881784197001252e-13
H2_E10800,124,2025-05-05,2,10800.0,2025-05-05,123,28,80085.37491960906,0.13680923400033862,36293.43352716253,6511.916665412325,42805.35019257486,42790.37081054966,61167.23241221022,974.9157718537228,3138.9313700367293,6,1,2,8382.537988041311,8418.846751366582,1.1368683772161603e-13,9.094947017729282e-13
H2_E10800,125,2025-05-06,2,10800.0,2025-05-06,124,28,83671.72271479329,0.1353199569998651,38274.80128816859,1183.665201433185,39458.46648960178,39501.35660201381,64130.35344147804,192.22081067254715,7723.562932543313,5,1,3,8418.846751366582,8314.884722896813,1.1368683772161603e-13,9.094947017729282e-13
H2_E10800,126,2025-05-07,2,10800.0,2025-05-07,125,28,86201.95859242366,0.1371477140000934,39000.79295419759,2023.6631454552737,41024.45609965287,40889.85111236543,65269.32318088584,290.0893270434739,6399.622524348791,1,1,1,8314.884722896813,8641.155901347374,5.684341886080802e-14,9.094947017729282e-13
H2_E10800,127,2025-05-08,2,10800.0,2025-05-08,126,28,63774.01899087459,0.12106885899993358,38163.0243272832,243.2289326250005,38406.253259908204,40190.22715666851,60343.33626985953,35.999250000000075,5835.377784438099,1,1,1,8641.155901347374,4316.953081298166,5.684341886080802e-14,9.094947017729282e-13
H2_E10800,128,2025-05-09,2,10800.0,2025-05-09,127,28,41223.98855089133,0.10348270500026047,16941.96555047457,0.0,16941.96555047457,16582.633676085465,30469.12537088283,0.0,18651.95257035657,0,0,0,4316.953081298166,5187.943350488027,0.0,4.547473508864641e-13
H2_E10800,129,2025-05-10,2,10800.0,2025-05-10,128,28,65069.453430623485,0.12423315600017304,19189.26117745621,0.0,19189.26117745621,17139.992287940222,35796.33525187097,0.0,15678.942600932658,0,0,0,5187.943350488027,10155.198940480996,5.684341886080802e-14,8.597567102697212e-13
H2_E10800,130,2025-05-11,2,10800.0,2025-05-11,129,28,86234.81981883603,0.13540444600039336,40044.75787531394,277.36103945833383,40322.118914772276,40593.28812911457,65400.356225726115,41.18071666666674,7229.133031627247,2,1,1,10155.198940480996,9497.907551016788,5.684341886080802e-14,9.094947017729282e-13
H2_E10800,131,2025-05-12,2,10800.0,2025-05-12,130,28,86694.28144275998,0.13728251299971816,38977.73156830069,0.0,38977.73156830069,38958.608408328044,64203.484204631925,0.0,9135.494110520558,0,0,0,9497.907551016788,9544.26048388881,5.684341886080802e-14,9.094947017729282e-13
H2_E10800,132,2025-05-13,2,10800.0,2025-05-13,131,28,87764.49791587626,0.13245914200024345,40218.240418562695,0.0,40218.240418562695,40167.12641825446,65957.95677099095,0.0,9297.74464053643,0,0,0,9544.26048388881,9668.156525573184,5.684341886080802e-14,9.094947017729282e-13
H2_E10800,133,2025-05-14,2,10800.0,2025-05-14,132,28,87557.77823478176,0.1346846739998,39993.784470485,0.0,39993.784470485,39952.17987892956,65487.70579974809,0.0,9053.055245827689,0,0,0,9668.156525573184,9769.002559507733,5.684341886080802e-14,9.094947017729282e-13
H2_E10800,134,2025-05-15,2,10800.0,2025-05-15,133,28,62420.57037794151,0.1201035710000724,37089.37077994457,0.0,37089.37077994457,39224.37395302609,58115.55270287393,0.0,7793.4204172473355,0,0,0,9769.002559507733,4593.934270325495,1.7053025658242404e-13,9.094947017729282e-13
H2_E10800,135,2025-05-16,2,10800.0,2025-05-16,134,28,40253.97789126276,0.1030397740000808,16237.943461986482,0.0,16237.943461986482,16335.426855504642,28964.953246643578,0.0,24193.864722900464,0,0,0,4593.934270325495,4357.642715878031,5.329070518200751e-15,9.094947017729282e-13
H2_E10800,136,2025-05-17,2,10800.0,2025-05-17,135,28,63193.09922505971,0.11853230099995926,18953.44074508352,0.0,18953.44074508352,16646.480702437537,35705.97581094053,0.0,16658.025632031946,0,0,0,4357.642715878031,9949.52000750579,5.684341886080802e-14,9.094947017729282e-13
H2_E10800,137,2025-05-18,2,10800.0,2025-05-18,136,28,83165.75323992949,0.13176241200017103,38682.107076688175,0.0,38682.107076688175,38766.82889642898,62908.23628882223,0.0,6065.844917999388,0,0,0,9949.52000750579,9744.161435551225,5.684341886080802e-14,8.348877145181177e-13
H2_E10800,138,2025-05-19,2,10800.0,2025-05-19,137,28,83122.93345602637,0.13377251000019896,37427.419975891564,451.90398166666745,37879.323957558234,38154.70920417586,61645.074547206605,67.00333333333344,11674.267726279983,1,1,1,9744.161435551225,9076.650738120945,1.1368683772161603e-13,8.86402062860725e-13
H2_E10800,139,2025-05-20,2,10800.0,2025-05-20,138,28,83491.4731757599,0.13348082899983638,38368.649234547476,0.0,38368.649234547476,38259.001220762584,63087.89618536649,0.0,4943.4177043273685,0,0,0,9076.650738120945,9342.42830991304,1.1368683772161603e-13,9.094947017729282e-13
H2_E10800,140,2025-05-21,2,10800.0,2025-05-21,139,28,84043.40484638646,0.13187182699994082,38610.025773795096,0.0,38610.025773795096,38585.24047144621,63572.64890575442,0.0,8997.255597430008,0,0,0,9342.42830991304,9402.505800120414,5.684341886080802e-14,9.094947017729282e-13
H2_E10800,141,2025-05-22,2,10800.0,2025-05-22,140,28,59754.597119884216,0.11907971599976008,35404.54152370474,0.0,35404.54152370474,37716.25993962878,55993.61011233654,0.0,8182.000938193252,0,0,0,9402.505800120414,3799.094611508419,1.1368683772161603e-13,9.094947017729282e-13
H2_E10800,142,2025-05-23,2,10800.0,2025-05-23,141,28,38784.74583032502,0.10523078300002453,15425.536274143102,0.0,15425.536274143102,15292.340248609571,28180.68986156969,0.0,19087.739774781774,0,0,0,3799.094611508419,4121.9505850612795,3.552713678800501e-15,8.988365607365267e-13
H2_E10800,143,2025-05-24,2,10800.0,2025-05-24,142,28,62437.878517938545,0.11997142300015184,18494.653991088402,0.0,18494.653991088402,16064.44419323367,35225.35860649323,0.0,22646.11628975577,0,0,0,4121.9505850612795,10012.574926750638,5.684341886080802e-14,7.958078640513122e-13
H2_E10800,144,2025-05-25,2,10800.0,2025-05-25,143,28,80748.89332209533,0.13285170200015273,37441.44772245869,0.0,37441.44772245869,37750.18173998391,61534.800233859016,0.0,10700.499340000648,0,0,0,10012.574926750638,9264.229610907109,1.1368683772161603e-13,9.094947017729282e-13
H2_E10800,145,2025-05-26,2,10800.0,2025-05-26,144,28,79934.41539364996,0.1388512290000108,36005.28546540845,0.0,36005.28546540845,36036.524688862155,59327.53279699555,0.0,1241.825614780756,0,0,0,9264.229610907109,9188.50835825876,2.842170943040401e-14,9.023892744153272e-13
H2_E10800,146,2025-05-27,2,10800.0,2025-05-27,145,28,82233.0656164196,0.1350316230000317,37928.94679358415,0.0,37928.94679358415,37926.92226324483,62537.39605420844,0.0,9954.400095296409,0,0,0,9188.50835825876,9193.41564968185,1.1368683772161603e-13,9.094947017729282e-13
H2_E10800,147,2025-05-28,2,10800.0,2025-05-28,146,28,80745.42466286272,0.13341156800015597,37351.34890239515,0.0,37351.34890239515,37268.968476638845,61702.871520521854,0.0,5772.925090702378,0,0,0,9193.41564968185,9393.098879363166,5.684341886080802e-14,9.094947017729282e-13
H2_E10800,148,2025-05-29,2,10800.0,2025-05-29,147,28,57659.41216909256,0.12037979300021107,34139.30186604484,119.77769558333367,34259.079561628176,36779.490529152084,54432.86942132453,17.817433333333383,3515.947113937138,1,1,1,9393.098879363166,3283.8344819176486,5.684341886080802e-14,9.094947017729282e-13
H2_E10800,149,2025-05-30,2,10800.0,2025-05-30,148,28,37779.195436629496,0.10018356799992034,15296.514214207033,0.0,15296.514214207033,15040.54964140413,28381.71469694419,0.0,18884.30838278282,0,0,0,3283.8344819176486,3904.2710979225308,0.0,9.094947017729282e-13
H2_E10800,150,2025-05-31,2,10800.0,2025-05-31,149,28,60892.91586095309,0.1203037969999059,18041.855330122773,0.0,18041.855330122773,15733.277401785055,34897.01472459985,0.0,17859.222562708306,0,0,0,3904.2710979225308,9500.070008517592,5.684341886080802e-14,9.094947017729282e-13
H2_E10800,151,2025-06-01,2,10800.0,2025-06-01,150,28,80110.26379907601,0.1349460490000638,37728.07867390694,55888.316782679336,93616.39545658627,94408.34323167428,62454.31243389853,9794.70970745027,15.901242223280178,55,1,4,9500.070008517592,7580.4551483527375,1.1368683772161603e-13,8.846257060213247e-13
H2_E10800,152,2025-06-02,2,10800.0,2025-06-02,151,28,87833.772863325,0.13123434699991776,39591.72019106679,44990.95086869219,84582.67105975898,84581.3683555322,66461.5594714126,7086.204905561438,1002.2649991449548,32,1,2,7580.4551483527375,7583.612793933413,5.684341886080802e-14,9.094947017729282e-13
H2_E10800,153,2025-06-03,2,10800.0,2025-06-03,152,28,97780.22200833473,0.13254528500010565,44528.929161082575,8539.47615223967,53068.40531332225,52850.550471230235,73502.64985236703,1374.7639374895698,1911.549606590039,16,1,4,7583.612793933413,8111.674625020969,5.684341886080802e-14,8.757439218243235e-13
H2_E10800,154,2025-06-04,2,10800.0,2025-06-04,153,28,102444.92665558786,0.13417595799955961,45942.640529957454,3886.0721535445464,49828.712683502,49821.05567491626,75371.16915253522,621.1552561263107,2331.6434147166765,13,1,4,8111.674625020969,8130.234570421383,5.684341886080802e-14,8.841816168114747e-13
H2_E10800,155,2025-06-05,2,10800.0,2025-06-05,154,28,75785.47498586884,0.1303046410002935,45441.98413471013,2447.6727632956386,47889.65689800577,50176.70861015701,71983.00434497825,406.47849684221325,3158.3946013038,12,1,4,8130.234570421383,2586.6133990340627,5.684341886080802e-14,9.094947017729282e-13
H2_E10800,156,2025-06-06,2,10800.0,2025-06-06,155,28,50278.768859504286,0.14003588100013076,19816.59274350542,11746.030212959446,31562.622956464864,31303.688499589567,35720.622299495255,1746.1738916854015,3276.654192603375,7,1,2,2586.6133990340627,3214.2487644737766,0.0,8.988365607365267e-13
H2_E10800,157,2025-06-07,2,10800.0,2025-06-07,156,28,90269.12467101194,0.13368580099995597,24388.933082849006,0.0,24388.933082849006,22066.30805836345,44700.01067975865,0.0,4812.347817697257,0,0,0,3214.2487644737766,8844.096655766532,5.684341886080802e-14,8.171241461241152e-13
H2_E10800,158,2025-06-08,2,10800.0,2025-06-08,157,28,124365.9306828191,0.13378536600021107,58224.1978365792,0.0,58224.1978365792,57677.76715782326,91454.80810342586,0.0,21993.766331998064,0,0,0,8844.096655766532,10168.598704999893,1.1368683772161603e-13,9.094947017729282e-13
H2_E10800,159,2025-06-09,2,10800.0,2025-06-09,158,28,116154.1151893836,0.1361148150003828,50597.641365710566,0.0,50597.641365710566,50911.952227473754,80628.43202056352,0.0,6567.813546929459,0,0,0,10168.598704999893,9406.735587340676,1.1368683772161603e-13,9.094947017729282e-13
H2_E10800,160,2025-06-10,2,10800.0,2025-06-10,159,28,120597.08693420756,0.13301827999976013,54852.347591180325,0.0,54852.347591180325,54611.103638186825,86365.62487251232,0.0,10430.254115450602,0,0,0,9406.735587340676,9991.490657887807,5.684341886080802e-14,9.094947017729282e-13
H2_E10800,161,2025-06-11,2,10800.0,2025-06-11,160,28,119814.65502737973,0.13334149499996784,54199.64010480269,838.9515500096854,55038.59165481237,55085.684323401816,85776.71231786262,173.54592490534787,5702.611276723272,2,1,1,9991.490657887807,9877.341986380943,1.1368683772161603e-13,9.094947017729282e-13
H2_E10800,162,2025-06-12,2,10800.0,2025-06-12,161,28,91123.56946365217,0.14088268800014703,54558.73671568108,0.0,54558.73671568108,55613.98497078898,84422.92443923568,0.0,11132.623853132262,0,0,0,9877.341986380943,7319.508887546815,5.684341886080802e-14,9.094947017729282e-13
H2_E10800,163,2025-06-13,2,10800.0,2025-06-13,162,28,60458.703777500974,0.1446300920001704,24909.39674222674,0.0,24909.39674222674,24599.233803924533,42298.91408666297,0.0,10713.166715779105,0,0,0,7319.508887546815,8071.317787282844,7.105427357601002e-15,9.094947017729282e-13
H2_E10800,164,2025-06-14,2,10800.0,2025-06-14,163,28,93595.36066456961,0.13595166999994035,26155.104190492133,0.0,26155.104190492133,25219.085855417903,45342.79731704826,0.0,14387.457901488173,0,0,0,8071.317787282844,10340.14757873667,5.684341886080802e-14,9.094947017729282e-13
H2_E10800,165,2025-06-15,2,10800.0,2025-06-15,164,28,121251.93514260263,0.13200871800017921,55856.82580330505,0.0,55856.82580330505,55785.20611983742,87519.40276792509,0.0,13072.605427587314,0,0,0,10340.14757873667,10513.747673325593,1.1368683772161603e-13,9.094947017729282e-13
H2_E10800,166,2025-06-16,2,10800.0,2025-06-16,165,28,118948.21159626317,0.13184964300035062,52483.13273601074,52.69981830876797,52535.83255431951,52897.17721926674,82897.77448463262,7.8178042291600605,7182.2731042266805,1,1,1,10513.747673325593,9637.878568955783,1.4921397450962104e-13,9.094947017729282e-13
H2_E10800,167,2025-06-17,2,10800.0,2025-06-17,166,28,122488.9966598591,0.13143245899982503,55661.01199238376,0.0,55661.01199238376,55554.43353348763,87646.70380440974,0.0,8789.502445674458,0,0,0,9637.878568955783,9896.215797629415,5.684341886080802e-14,9.094947017729282e-13
H2_E10800,168,2025-06-18,2,10800.0,2025-06-18,167,28,122827.72195644872,0.12678401499988468,55941.35560917569,0.0,55941.35560917569,55882.835000182975,88089.50523580532,0.0,13575.280639903962,0,0,0,9896.215797629415,10038.064836394422,7.105427357601002e-14,9.094947017729282e-13
H2_E10800,169,2025-06-19,2,10800.0,2025-06-19,168,28,88671.14848806657,0.13606535200005965,52939.24796276113,292.96119204060585,53232.209154801734,54295.58154550986,82495.43284493723,43.48061983107516,13519.539233283946,2,1,1,10038.064836394422,7460.539515529055,1.1368683772161603e-13,8.846257060213247e-13
H2_E10800,170,2025-06-20,2,10800.0,2025-06-20,169,28,56778.89069247805,0.142766864999885,22697.93319198575,0.0,22697.93319198575,22890.472761682115,38410.07169436758,0.0,14101.001377548877,0,0,0,7460.539515529055,6993.839777509321,7.105427357601002e-15,8.952838470577262e-13
H2_E10800,171,2025-06-21,2,10800.0,2025-06-21,170,28,86189.37730217725,0.13140093399988473,23578.146516693072,0.0,23578.146516693072,22209.72671050659,41473.653600426114,0.0,15791.241161447793,0,0,0,6993.839777509321,10310.774400638413,5.684341886080802e-14,9.094947017729282e-13
H2_E10800,172,2025-06-22,2,10800.0,2025-06-22,171,28,111069.75776477602,0.13443006300030902,49567.489143182334,169.26311018290858,49736.752253365245,50145.15342503668,78807.3466827851,25.10838308900236,8864.718855709341,2,1,2,10310.774400638413,9320.84427808443,5.684341886080802e-14,9.094947017729282e-13
H2_E10800,173,2025-06-23,2,10800.0,2025-06-23,172,28,111272.11846663152,0.12892700699967463,49915.37168434578,4.919136940528247,49920.29082128631,49899.82997731796,80195.15629876114,0.7297340069022766,9178.579036489156,1,1,1,9320.84427808443,9370.439644557679,1.1368683772161603e-13,9.094947017729282e-13
H2_E10800,174,2025-06-24,2,10800.0,2025-06-24,173,28,111049.18764982797,0.1270239999998921,50493.43165286505,8451.10351856351,58944.535171428564,58875.15556087673,80475.90035174791,1763.2527804855683,1530.8020688185725,9,1,1,9370.439644557679,9538.609990629993,5.684341886080802e-14,8.952838470577262e-13
H2_E10800,175,2025-06-25,2,10800.0,2025-06-25,174,28,115723.3479678021,0.13348170700010087,52505.11211513567,0.0,52505.11211513567,52552.92292541701,83518.21507279947,0.0,9330.671632970687,0,0,0,9538.609990629993,9422.720604006754,8.526512829121202e-14,9.094947017729282e-13
H2_E10800,176,2025-06-26,2,10800.0,2025-06-26,175,28,84149.95631775032,0.1360089039999366,51075.943211898,64.69591812516803,51140.63913002316,52569.575039942065,79827.62842773284,9.60378803906599,12395.49827137664,1,1,1,9422.720604006754,5959.100030543213,8.526512829121202e-14,8.988365607365267e-13
H2_E10800,177,2025-06-27,2,10800.0,2025-06-27,176,28,52787.25167032921,0.14047058100004506,21290.795148606438,0.0,21290.795148606438,21199.831558629547,37275.25129780888,0.0,14945.689023465819,0,0,0,5959.100030543213,6179.588129059783,5.684341886080802e-14,9.094947017729282e-13
H2_E10800,178,2025-06-28,2,10800.0,2025-06-28,177,28,82891.44027263323,0.13630489699971804,22490.660083987157,0.0,22490.660083987157,21080.517851050925,40668.44235618992,0.0,12582.254827761624,0,0,0,6179.588129059783,9597.654408732846,5.684341886080802e-14,8.668621376273222e-13
H2_E10800,179,2025-06-29,2,10800.0,2025-06-29,178,28,111030.78333428997,0.13027065199958088,50295.5582257358,0.0,50295.5582257358,50399.28934582909,80366.22905017337,0.0,7695.404032067652,0,0,0,9597.654408732846,9346.218890058002,5.684341886080802e-14,9.094947017729282e-13
H2_E10800,180,2025-06-30,2,10800.0,2025-06-30,179,28,110128.61579185286,0.13083702399990216,49672.15376210188,531.1942015745466,50203.347963676424,50296.45889426325,79531.64462781089,78.8217331315492,6134.5354153475955,3,1,2,9346.218890058002,9120.525818342021,5.684341886080802e-14,9.094947017729282e-13
H2_E10800,181,2025-07-01,2,10800.0,2025-07-01,180,42,110354.06820484299,0.21898581100003867,50582.4072717392,17639.751202933603,68222.1584746728,68820.454471343,81043.68328216832,2972.0377470948397,2458.045628280721,25,1,4,9120.525818342021,7670.3065966798495,1.1368683772161603e-13,9.094947017729282e-13
H2_E10800,182,2025-07-02,2,10800.0,2025-07-02,181,42,113057.67973672366,0.27258647200005726,51886.990216274586,9967.130710466401,61854.12092674099,61766.4221015932,83556.67903922318,1532.8687986655614,8116.768847244497,17,1,2,7670.3065966798495,7882.88117958589,1.9184653865522705e-13,9.094947017729282e-13
H2_E10800,183,2025-07-03,2,10800.0,2025-07-03,182,42,81717.69840803757,0.2763451829996484,48978.36457050753,12358.911337166388,61337.27590767392,63500.19261197283,76633.51391326697,2049.7575122121875,422.876230960793,23,1,5,7882.88117958589,2640.1528362812296,5.684341886080802e-14,9.094947017729282e-13
H2_E10800,184,2025-07-04,2,10800.0,2025-07-04,183,42,55997.95416358912,0.2680271420003919,23379.76575160047,8359.742808253739,31739.508559854206,31673.991300160225,40267.44006289696,1692.071518876183,10243.995302857662,24,1,5,2640.1528362812296,2798.961168423923,2.842170943040401e-14,8.553158181712206e-13
H2_E10800,185,2025-07-05,2,10800.0,2025-07-05,184,42,88147.80795771911,0.2600794979998682,26886.84079568502,3289.477544457671,30176.31834014269,27856.089167744616,47942.93080159019,492.11774198843364,10682.607792156436,5,1,3,2798.961168423923,8423.00171557789,0.0,9.094947017729282e-13
H2_E10800,186,2025-07-06,2,10800.0,2025-07-06,185,42,115796.9741794296,0.28027186200006327,53471.24628187172,10710.944402173718,64182.19068404543,64069.1450055437,85084.63675767634,1580.179448931875,2405.7433406555006,11,1,2,8423.00171557789,8697.014941140927,5.684341886080802e-14,9.094947017729282e-13
H2_E10800,187,2025-07-07,2,10800.0,2025-07-07,186,42,130108.52354357783,0.2816240590000234,55316.9847104906,300.75358873209643,55617.7382992227,55494.765206158576,87468.76266383484,44.641904557193584,10296.072182431855,4,1,2,8697.014941140927,8995.09138541163,5.684341886080802e-14,9.094947017729282e-13
H2_E10800,188,2025-07-08,2,10800.0,2025-07-08,187,42,139013.23835415533,0.273300938000375,64482.71947471635,0.0,64482.71947471635,63738.09439849784,100062.55845197223,0.0,19095.78664980483,0,0,0,8995.09138541163,10800.0,1.1368683772161603e-13,9.094947017729282e-13
H2_E10800,189,2025-07-09,2,10800.0,2025-07-09,188,42,129172.17653433136,0.2805207689998497,57703.511504805494,0.0,57703.511504805494,57906.19942280011,89587.27881546867,0.0,12683.470615976566,0,0,0,10800.0,10308.70151846173,1.1368683772161603e-13,9.094947017729282e-13
H2_E10800,190,2025-07-10,2,10800.0,2025-07-10,189,42,96530.68111543874,0.2672788639997634,55198.23742897391,0.0,55198.23742897391,57073.71025679081,84300.2128194679,0.0,12952.988566997365,0,0,0,10308.70151846173,5762.712978102962,1.1368683772161603e-13,7.833733661755105e-13
H2_E10800,191,2025-07-11,2,10800.0,2025-07-11,190,42,67453.51528835439,0.24027288399975077,28515.95022518379,0.0,28515.95022518379,28491.53377008635,46410.20216286442,0.0,11187.294427679091,0,0,0,5762.712978102962,5821.896413566729,1.4210854715202004e-14,9.094947017729282e-13
H2_E10800,192,2025-07-12,2,10800.0,2025-07-12,191,42,97719.94585522848,0.27189463499962585,30498.722206759132,0.0,30498.722206759132,28689.791746438197,51790.361980623624,0.0,13254.81945002668,0,0,0,5821.896413566729,10206.591846609666,0.0,9.094947017729282e-13
H2_E10800,193,2025-07-13,2,10800.0,2025-07-13,192,42,123593.5338822985,0.27604284700009885,56828.83233661331,101.11441505876255,56929.946751672076,56996.12237696104,88964.7581027525,15.04119227352362,16601.00761595353,1,1,1,10206.591846609666,10046.1876915866,1.1368683772161603e-13,9.094947017729282e-13
H2_E10800,194,2025-07-14,2,10800.0,2025-07-14,193,42,123072.60430967616,0.2835560489997988,53146.596859422476,0.0,53146.596859422476,53325.72106192448,83933.99561116815,0.0,9115.65187799616,0,0,0,10046.1876915866,9612.005676364935,5.684341886080802e-14,9.094947017729282e-13
H2_E10800,195,2025-07-15,2,10800.0,2025-07-15,194,42,127445.5038862473,0.26486023000006753,58643.77224192538,0.0,58643.77224192538,58153.658583741264,91412.64557808664,0.0,14262.226706505951,0,0,0,9612.005676364935,10800.0,1.1368683772161603e-13,8.952838470577262e-13
H2_E10800,196,2025-07-16,2,10800.0,2025-07-16,195,42,123137.79658961316,0.2689088859997355,55609.01092332108,0.0,55609.01092332108,55796.103007764716,87084.12435806583,0.0,12067.566838040275,0,0,0,10800.0,10346.504508485667,1.1368683772161603e-13,9.094947017729282e-13
H2_E10800,197,2025-07-17,2,10800.0,2025-07-17,196,42,92552.58214552508,0.2383689109997249,52884.169565958306,0.0,52884.169565958306,54801.337532724974,81075.13960513938,0.0,9700.148714702349,0,0,0,10346.504508485667,5699.4504549171215,1.1368683772161603e-13,9.094947017729282e-13
H2_E10800,198,2025-07-18,2,10800.0,2025-07-18,197,42,65705.39865630811,0.21307521100015947,28044.056882590077,0.0,28044.056882590077,27964.378650241033,45729.62074482516,0.0,11750.431792854086,0,0,0,5699.4504549171215,5892.583794842087,1.4210854715202004e-14,6.252776074688882e-13
H2_E10800,199,2025-07-19,2,10800.0,2025-07-19,198,42,93510.58407609326,0.24204703300028996,29506.708746545864,0.0,29506.708746545864,27946.269595709902,50162.09575846798,0.0,16200.211106765495,0,0,0,5892.583794842087,9674.957174191306,1.0658141036401503e-14,9.094947017729282e-13
H2_E10800,200,2025-07-20,2,10800.0,2025-07-20,199,42,116747.93275538659,0.2534905269999399,53458.374867817634,0.0,53458.374867817634,53453.09374098395,84361.70752179233,0.0,8658.943057723482,0,0,0,9674.957174191306,9687.75818186789,5.684341886080802e-14,9.094947017729282e-13
H2_E10800,201,2025-07-21,2,10800.0,2025-07-21,200,42,116418.1937517456,0.2616327609998734,52739.7370882712,0.0,52739.7370882712,52786.785031723964,83561.74984664026,0.0,5871.8973509618945,0,0,0,9687.75818186789,9573.717920334118,8.526512829121202e-14,9.094947017729282e-13
H2_E10800,202,2025-07-22,2,10800.0,2025-07-22,201,42,117604.12716509834,0.25807169900008375,53678.35361842029,135.98662961603907,53814.34024803633,53872.67780116905,84918.35814899486,20.148666267272347,7551.60557144629,2,1,1,9573.717920334118,9432.312593591743,1.1368683772161603e-13,9.094947017729282e-13
H2_E10800,203,2025-07-23,2,10800.0,2025-07-23,202,42,116659.65031604507,0.2625080330003584,53801.77867188431,18.60526979023712,53820.38394167455,53883.24095048101,85359.37479210472,2.7534453920666238,7372.6223325718565,2,1,2,9432.312593591743,9279.952486061931,1.1368683772161603e-13,9.094947017729282e-13
H2_E10800,204,2025-07-24,2,10800.0,2025-07-24,203,42,86885.0805667928,0.23493437600018297,50759.80738679935,0.0,50759.80738679935,52537.835301530446,78653.30175763457,0.0,6113.981642182895,0,0,0,9279.952486061931,4970.162226816077,1.1368683772161603e-13,9.094947017729282e-13
H2_E10800,205,2025-07-25,2,10800.0,2025-07-25,204,42,60776.46926149464,0.20943709599987415,25514.4215204523,0.0,25514.4215204523,25733.09401753557,42493.11431492219,0.0,14006.906013259457,0,0,0,4970.162226816077,4440.118468736502,1.0658141036401503e-14,8.526512829121202e-13
H2_E10800,206,2025-07-26,2,10800.0,2025-07-26,205,42,88966.37332265067,0.22177550600008544,28689.243126153007,0.0,28689.243126153007,26588.448300064392,49368.868651134355,0.0,12724.67551386004,0,0,0,4440.118468736502,9532.268599304109,7.105427357601002e-15,6.821210263296962e-13
H2_E10800,207,2025-07-27,2,10800.0,2025-07-27,206,42,113304.56363857856,0.26045628399970155,52324.08828598888,2895.2143474834375,55219.30263347232,55274.278755827974,83212.33556375341,566.708773900288,6121.703211474753,4,1,1,9532.268599304109,9399.01109830736,1.1368683772161603e-13,9.094947017729282e-13
H2_E10800,208,2025-07-28,2,10800.0,2025-07-28,207,42,114397.442996907,0.26542250800002876,51751.8155187139,3640.947206843109,55392.762725557004,55695.505765645146,82438.34317628547,573.9270689479176,1702.9234535733012,8,1,3,9399.01109830736,8665.18740835495,4.263256414560601e-14,9.094947017729282e-13
H2_E10800,209,2025-07-29,2,10800.0,2025-07-29,208,42,119138.04118467384,0.2547171139999591,54885.61882520899,321.90698338691317,55207.52580859591,54917.544619878296,87275.52567027176,47.549401655614474,6645.924413313034,3,1,2,8665.18740835495,9368.0774429519,4.263256414560601e-14,9.094947017729282e-13
H2_E10800,210,2025-07-30,2,10800.0,2025-07-30,209,42,118385.86325716566,0.2739006880001398,54622.95017483173,0.0,54622.95017483173,54548.57421617646,86523.71758610883,0.0,8513.600634953531,0,0,0,9368.0774429519,9548.358516988372,1.4210854715202004e-13,9.094947017729282e-13
H2_E10800,211,2025-07-31,2,10800.0,2025-07-31,210,42,87103.9659558964,0.24505161499973838,51407.95319391618,95.91767312210386,51503.870867038284,53526.77791206162,79890.6122340474,14.26815516877707,6686.01851700821,1,1,1,9548.358516988372,4645.001822883882,1.1368683772161603e-13,9.094947017729282e-13
H2_E10800,212,2025-08-01,2,10800.0,2025-08-01,211,42,59876.25161552446,0.21313187900022967,25596.40874125802,0.0,25596.40874125802,25600.449215544806,42742.79312463604,0.0,19123.357046506717,0,0,0,4645.001822883882,4635.208052730078,1.4210854715202004e-14,9.094947017729282e-13
H2_E10800,213,2025-08-02,2,10800.0,2025-08-02,212,42,86417.10055118588,0.2502172090003114,27757.42418569597,0.0,27757.42418569597,25757.87938328131,47939.52722282731,0.0,19140.56474985572,0,0,0,4635.208052730078,9481.936633859072,0.0,9.094947017729282e-13
H2_E10800,214,2025-08-03,2,10800.0,2025-08-03,213,42,107320.09717162966,0.2670818470000995,49737.23573691263,1170.466610565314,50907.70234747795,51294.49363984895,79143.72904837572,173.68913740392702,14044.5281650644,6,1,1,9481.936633859072,8544.387042870912,1.1368683772161603e-13,9.094947017729282e-13
H2_E10800,215,2025-08-04,2,10800.0,2025-08-04,214,42,104694.45463385605,0.2779535820000092,47813.68776246588,37.040741519070586,47850.72850398495,47656.343667772846,76196.40256991122,5.501372570781314,6736.740413729662,1,1,1,8544.387042870912,9015.55955186875,5.684341886080802e-14,9.094947017729282e-13
H2_E10800,216,2025-08-05,2,10800.0,2025-08-05,215,42,105086.13263181467,0.274901145000058,48757.1873537895,0.0,48757.1873537895,48681.63651088894,77344.33858357041,0.0,8482.597422603223,0,0,0,9015.55955186875,9198.688446591364,5.684341886080802e-14,9.094947017729282e-13
H2_E10800,217,2025-08-06,2,10800.0,2025-08-06,216,42,103435.26085996362,0.2689814010000191,48064.230579312396,3689.8702446353655,51754.10082394776,52019.85459255891,76355.22502161379,547.059052690401,5880.852957571973,5,1,3,9198.688446591364,8554.523642524475,1.1368683772161603e-13,9.094947017729282e-13
H2_E10800,218,2025-08-07,2,10800.0,2025-08-07,217,42,79690.96098213081,0.24931903199967564,46070.16684071522,78.30905372951891,46148.47589444474,48117.37064601456,71070.50666662613,11.59298754655299,9388.668249311875,2,1,2,8554.523642524475,3782.088209147585,1.1368683772161603e-13,9.094947017729282e-13
H2_E10800,219,2025-08-08,2,10800.0,2025-08-08,218,42,56844.52428447593,0.23154862899991713,24736.30994146217,0.0,24736.30994146217,24505.021267948458,41726.28094799941,0.0,22884.01531162922,0,0,0,3782.088209147585,4342.71251876875,1.4210854715202004e-14,8.100187187665142e-13
H2_E10800,220,2025-08-09,2,10800.0,2025-08-09,219,42,80165.19120249576,0.2558426000000509,26543.082938617263,0.0,26543.082938617263,24482.687618589018,46358.46709760987,0.0,19381.608198985778,0,0,0,4342.71251876875,9336.93764137963,4.884981308350689e-15,8.384404281969182e-13
H2_E10800,221,2025-08-10,2,10800.0,2025-08-10,220,42,100694.10999659865,0.27188358300008986,47130.42392159515,245.7419923592571,47376.16591395441,47443.3659614788,74322.04335147832,35.86800300955656,5833.880411940829,2,1,1,9336.93764137963,9174.05037293916,5.684341886080802e-14,9.094947017729282e-13
H2_E10800,222,2025-08-11,2,10800.0,2025-08-11,221,42,100189.32072344152,0.2688846830001239,46243.31220593558,1325.3393957825983,47568.65160171818,47717.39348012919,73377.26836985617,196.59451995093548,5655.652059720549,6,1,2,9174.05037293916,8813.5125583151,1.1368683772161603e-13,9.094947017729282e-13
H2_E10800,223,2025-08-12,2,10800.0,2025-08-12,222,42,101390.5382647118,0.2675445300001229,47092.92624994906,4498.574940296677,51591.50119024573,51561.53696946233,74830.74549406444,656.1753900433733,4153.909246350635,9,1,2,8813.5125583151,8886.143311627957,5.684341886080802e-14,8.597567102697212e-13
H2_E10800,224,2025-08-13,2,10800.0,2025-08-13,223,42,103171.26065196363,0.26253511000004437,48196.86970228382,441.7931796038009,48638.66288188762,48477.492747931756,76567.27464357458,65.25186160331998,6590.347022027192,3,1,2,8886.143311627957,9276.806173357767,1.1368683772161603e-13,8.739675649849232e-13
H2_E10800,225,2025-08-14,2,10800.0,2025-08-14,224,42,77844.18420053342,0.2402638950002256,45309.43648381608,286.8766099775311,45596.313093793615,47881.56768742005,69994.12210875409,41.457752455250784,6343.767208304242,2,1,2,9276.806173357767,3737.541066264327,1.1368683772161603e-13,8.86402062860725e-13
H2_E10800,226,2025-08-15,2,10800.0,2025-08-15,225,42,55693.48932234846,0.21412286099985067,24605.27316691844,0.0,24605.27316691844,24414.64049042501,41342.93285027202,0.0,21176.382596176427,0,0,0,3737.541066264327,4199.6186553946445,1.1368683772161603e-13,9.094947017729282e-13
H2_E10800,227,2025-08-16,2,10800.0,2025-08-16,226,42,79373.10294321168,0.2396067409999887,26566.136415222267,0.0,26566.136415222267,24493.58908895368,46462.376282889774,0.0,21445.89583764462,0,0,0,4199.6186553946445,9223.299220010133,2.842170943040401e-14,9.094947017729282e-13
H2_E10800,228,2025-08-17,2,10800.0,2025-08-17,227,42,98794.16461303766,0.25471881900011795,46681.60003034654,717.623748365366,47399.22377871191,47475.93070463708,73628.97922912915,106.56570241219163,7164.318370892939,4,1,1,9223.299220010133,9037.368077180457,5.684341886080802e-14,9.094947017729282e-13
H2_E10800,229,2025-08-18,2,10800.0,2025-08-18,228,42,98671.64357911212,0.27646948599976895,45557.58028830515,1114.3798958081015,46671.96018411325,46808.648969957256,72112.49693916974,164.151610523469,4420.03960806686,7,1,3,9037.368077180457,8706.045946128477,5.684341886080802e-14,9.094947017729282e-13
H2_E10800,230,2025-08-19,2,10800.0,2025-08-19,229,42,101159.60565443416,0.25472052499981146,47759.69883406649,819.6479922336503,48579.34682630014,48408.111437115826,75379.43445285046,121.49704622480601,7264.747265711298,4,1,2,8706.045946128477,9121.10614075784,1.1368683772161603e-13,9.094947017729282e-13
H2_E10800,231,2025-08-20,2,10800.0,2025-08-20,230,42,100665.2654620347,0.2700814959998752,47151.95853857462,5796.587919079753,52948.546457654375,53089.93127983664,74335.54302788094,1075.2768093371142,1146.3119600015996,11,1,4,9121.10614075784,8778.401212225557,1.1368683772161603e-13,9.094947017729282e-13
H2_E10800,232,2025-08-21,2,10800.0,2025-08-21,231,42,78841.99533447162,0.2337307719999444,46643.68148970251,8.978780493809221,46652.66027019632,48406.977242567686,72149.60808022905,1.331274444926862,7573.622732669454,1,1,1,8778.401212225557,4526.084284850856,5.684341886080802e-14,9.094947017729282e-13
H2_E10800,233,2025-08-22,2,10800.0,2025-08-22,232,42,55239.03539840799,0.20706239699984508,24487.505605916966,0.0,24487.505605916966,24547.73770796139,41266.40322595945,0.0,17617.052315080993,0,0,0,4526.084284850856,4380.086730743715,5.684341886080802e-14,9.094947017729282e-13
H2_E10800,234,2025-08-23,2,10800.0,2025-08-23,233,42,80748.7161913211,0.2356726569996681,27056.215770436393,0.0,27056.215770436393,25017.80742798134,46913.870843775905,0.0,16465.183794695862,0,0,0,4380.086730743715,9321.017267262829,1.1368683772161603e-13,9.094947017729282e-13
H2_E10800,235,2025-08-24,2,10800.0,2025-08-24,234,42,102817.10484140863,0.2506483740003205,48635.900200460674,0.0,48635.900200460674,48682.375793876454,76922.69812078422,0.0,9620.153073098898,0,0,0,9321.017267262829,9208.364334124653,1.1368683772161603e-13,9.094947017729282e-13
H2_E10800,236,2025-08-25,2,10800.0,2025-08-25,235,42,102059.82615382364,0.24743860700027653,47331.82690717008,5576.281186666,52908.108093836076,53089.516364562645,74905.3973744272,813.3890902417114,1528.0690018695063,4,1,2,9208.364334124653,8768.645929454806,1.1368683772161603e-13,9.094947017729282e-13
H2_E10800,237,2025-08-26,2,10800.0,2025-08-26,236,42,105610.02358187966,0.25079340699994646,49433.83434598495,0.0,49433.83434598495,49148.016322665186,78332.7907794044,0.0,8297.757034848171,0,0,0,8768.645929454806,9461.444800954374,1.1368683772161603e-13,9.094947017729282e-13
H2_E10800,238,2025-08-27,2,10800.0,2025-08-27,237,42,105118.82057076678,0.24408586900017326,49123.3082202924,0.0,49123.3082202924,49241.601479761346,77295.72278531047,0.0,5747.333894088946,0,0,0,9461.444800954374,9174.711880076227,5.684341886080802e-14,9.094947017729282e-13
H2_E10800,239,2025-08-28,2,10800.0,2025-08-28,238,42,80650.01282175088,0.23234108899987405,47366.54217080421,345.92636282098306,47712.46853362519,49507.10021472143,72882.39117487686,51.31704733839763,3054.745519007509,3,1,2,9174.711880076227,4824.675486360595,5.684341886080802e-14,8.86402062860725e-13
H2_E10800,240,2025-08-29,2,10800.0,2025-08-29,239,42,57138.14955206495,0.20945394499995018,25616.73113754866,0.0,25616.73113754866,25473.805931141294,42626.71594640592,0.0,17040.324117173397,0,0,0,4824.675486360595,5171.114176817451,2.6645352591003757e-15,7.958078640513122e-13
H2_E10800,241,2025-08-30,2,10800.0,2025-08-30,240,42,82929.66070894877,0.24189801899956365,27307.992951670643,0.0,27307.992951670643,25638.173331311566,47027.482897831855,0.0,21494.052126316317,0,0,0,5171.114176817451,9218.616623149715,0.0,9.094947017729282e-13
H2_E10800,242,2025-08-31,2,10800.0,2025-08-31,241,42,104175.89366673748,0.2588666309998189,49271.19907282232,90.0155687772153,49361.21464159953,49316.9725814927,77677.42593212347,13.058824444520042,7191.6479620439995,2,1,2,9218.616623149715,9325.855659228753,5.684341886080802e-14,9.094947017729282e-13
H2_E10800,243,2025-09-01,2,10800.0,2025-09-01,242,42,103894.78877873124,0.2399587650002104,47978.61687674934,0.0,47978.61687674934,47370.45043927338,75882.19576586848,0.0,17624.06082229621,0,0,0,9325.855659228753,10800.0,1.1368683772161603e-13,9.094947017729282e-13
H2_E10800,244,2025-09-02,2,10800.0,2025-09-02,243,42,101157.3858401902,0.260801741999785,47208.588581937,0.0,47208.588581937,47208.588581937,74228.5111286527,0.0,16706.915282188394,0,0,0,10800.0,10800.0,1.1368683772161603e-13,9.094947017729282e-13
H2_E10800,245,2025-09-03,2,10800.0,2025-09-03,244,42,97768.59982652856,0.26443862099995386,44952.82040100623,0.0,44952.82040100623,44952.82040100623,70829.18227640059,0.0,12156.147212889433,0,0,0,10800.0,10800.0,1.1368683772161603e-13,9.094947017729282e-13
H2_E10800,246,2025-09-04,2,10800.0,2025-09-04,245,42,72051.19831230234,0.2491462960001627,42313.80170388348,0.0,42313.80170388348,44041.2020848872,64929.11726541067,0.0,12204.71691530304,0,0,0,10800.0,6612.926628323876,5.684341886080802e-14,9.094947017729282e-13
H2_E10800,247,2025-09-05,2,10800.0,2025-09-05,246,42,48966.40291982027,0.21729200099980517,20725.33739419611,0.0,20725.33739419611,20818.042523940625,35166.850159342684,0.0,25956.747678013853,0,0,0,6612.926628323876,6388.217183750582,5.684341886080802e-14,6.821210263296962e-13
H2_E10800,248,2025-09-06,2,10800.0,2025-09-06,247,42,69792.13799738366,0.23834112400027152,22376.673230779495,0.0,22376.673230779495,20612.733072985004,39770.1791508747,0.0,24559.441113551067,0,0,0,6388.217183750582,10663.859903963463,5.684341886080802e-14,8.100187187665142e-13
H2_E10800,249,2025-09-07,2,10800.0,2025-09-07,248,42,81125.86391104788,0.2736902890001147,39999.70352827506,0.0,39999.70352827506,40453.30039368924,63407.94019328715,0.0,6025.387461144668,0,0,0,10663.859903963463,9564.379217529939,1.1368683772161603e-13,9.094947017729282e-13
H2_E10800,250,2025-09-08,2,10800.0,2025-09-08,249,42,76575.11308285878,0.29228078199957963,34437.90838244111,32561.10803936295,66999.01642180406,67592.03521891577,56536.79549002453,4954.1455151683085,3.181816511865236,19,1,1,9564.379217529939,8126.951484159226,5.684341886080802e-14,9.094947017729282e-13
H2_E10800,251,2025-09-09,2,10800.0,2025-09-09,250,42,84782.9124583123,0.27993212999990646,39883.64975801404,3086.593645338502,42970.24340335254,42828.28891481977,65383.87085935,461.13866950051994,8583.015381887546,6,1,3,8126.951484159226,8471.037236056596,1.1368683772161603e-13,9.094947017729282e-13
H2_E10800,252,2025-09-10,2,10800.0,2025-09-10,251,42,84875.23312964028,0.27362661000006483,39179.975359642354,12691.022480896005,51870.99784053836,51834.7212334514,63594.73127032355,2063.7670174730742,348.83309483330015,15,1,4,8471.037236056596,8558.968683345218,5.684341886080802e-14,9.094947017729282e-13
H2_E10800,253,2025-09-11,2,10800.0,2025-09-11,252,42,64311.334624921874,0.2536656810002569,38924.69327983591,399.4819442277761,39324.175224063685,41067.44377832681,61944.99289628729,82.64182024984159,9425.188063739666,4,1,2,8558.968683345218,4333.432193076409,1.1368683772161603e-13,9.094947017729282e-13
H2_E10800,254,2025-09-12,2,10800.0,2025-09-12,253,42,41857.13187399285,0.2188446129998738,17980.793181685476,0.0,17980.793181685476,17945.982196695364,32630.235047323506,0.0,18236.220066658636,0,0,0,4333.432193076409,4417.811095557152,5.684341886080802e-14,9.094947017729282e-13
H2_E10800,255,2025-09-13,2,10800.0,2025-09-13,254,42,65853.54780359867,0.28284961600002134,20168.268773491913,0.0,20168.268773491913,18302.97408757365,37883.88359758763,0.0,22134.100693187826,0,0,0,4417.811095557152,8939.128675213595,5.684341886080802e-14,8.899547765395255e-13
H2_E10800,256,2025-09-14,2,10800.0,2025-09-14,255,42,82922.0499992401,0.2831067269999039,39584.25189430048,1707.8497286293357,41292.10162292982,41555.74596677379,64020.56890107281,266.07270798438685,931.6693731990454,3,1,1,8939.128675213595,8300.0769395293,5.684341886080802e-14,9.094947017729282e-13
H2_E10800,257,2025-09-15,2,10800.0,2025-09-15,256,42,83838.70693198,0.2867714089998117,37884.66445650655,12112.732344571803,49997.39680107836,50014.735119492536,62613.6555329142,1867.6123283735858,5403.809349755628,16,1,3,8300.0769395293,8258.050312616404,5.684341886080802e-14,8.837375276016246e-13
H2_E10800,258,2025-09-16,2,10800.0,2025-09-16,257,42,87642.44855273771,0.27428378800004793,40517.833434093765,2407.7483627861493,42925.58179687992,42942.053556863684,65652.17163407782,391.6043564208032,2737.3359718382067,8,1,3,8258.050312616404,8218.1241505227,5.684341886080802e-14,9.094947017729282e-13
H2_E10800,259,2025-09-17,2,10800.0,2025-09-17,258,42,90084.28577204066,0.2899843309996868,41784.538032495344,111.47998588228799,41896.01801837763,41796.95236050024,68048.25255248288,18.63419707553828,3830.0735835083224,2,1,2,8218.1241505227,8458.250980820718,5.684341886080802e-14,9.094947017729282e-13
H2_E10800,260,2025-09-18,2,10800.0,2025-09-18,259,42,67013.07535727383,0.261699975999818,40810.86512665893,888.4339777653979,41699.299104424324,43255.86366015683,64628.46170903811,155.6034477255794,6158.670769081416,5,1,2,8458.250980820718,4685.269294423589,5.684341886080802e-14,9.094947017729282e-13
H2_E10800,261,2025-09-19,2,10800.0,2025-09-19,260,42,44207.47582012093,0.22983235199990304,19337.023209955492,0.0,19337.023209955492,18860.018353135496,34656.39995671476,0.0,14573.66903891748,0,0,0,4685.269294423589,5841.488985072648,5.684341886080802e-14,9.094947017729282e-13
H2_E10800,262,2025-09-20,2,10800.0,2025-09-20,261,42,71011.24113672943,0.2564336000000367,20989.990270850656,0.0,20989.990270850656,19482.27785215634,38310.97850242699,0.0,15764.623385877814,0,0,0,5841.488985072648,9496.057196289677,5.684341886080802e-14,9.094947017729282e-13
H2_E10800,263,2025-09-21,2,10800.0,2025-09-21,262,42,97101.43543093122,0.27208559800010335,45322.89827993563,0.0,45322.89827993563,45445.683424670526,72268.3314375486,0.0,10959.545672464905,0,0,0,9496.057196289677,9198.436322975898,5.684341886080802e-14,9.094947017729282e-13
H2_E10800,264,2025-09-22,2,10800.0,2025-09-22,263,42,97463.34986388864,0.27621028199973807,44223.190939388995,131.78740035000044,44354.978339739,44395.0167436709,70852.73305516534,19.555900000000065,6691.566129047396,2,1,1,9198.436322975898,9101.386596235494,5.684341886080802e-14,9.094947017729282e-13
H2_E10800,265,2025-09-23,2,10800.0,2025-09-23,264,42,99140.19106754036,0.26982999799975005,46182.904819404095,0.0,46182.904819404095,46015.02517404458,73797.57863765449,0.0,7415.416452033059,0,0,0,9101.386596235494,9508.312749813636,1.7053025658242404e-13,9.094947017729282e-13
H2_E10800,266,2025-09-24,2,10800.0,2025-09-24,265,42,99062.09420232516,0.2695714940000471,45525.38006660223,0.0,45525.38006660223,45524.64012608287,72544.80364303134,0.0,7723.941222017635,0,0,0,9508.312749813636,9510.10630345604,5.684341886080802e-14,8.757439218243235e-13
H2_E10800,267,2025-09-25,2,10800.0,2025-09-25,266,42,71746.2191313139,0.24798792199999298,44077.977316791184,103.4974316666667,44181.474748457855,45593.63859812815,68627.57504367988,15.37166666666667,8551.514286960388,1,1,1,9510.10630345604,6087.13979469422,1.1368683772161603e-13,9.094947017729282e-13
H2_E10800,268,2025-09-26,2,10800.0,2025-09-26,267,42,46260.60932938653,0.22829090699997323,20121.903669691557,0.0,20121.903669691557,19915.59519783293,35623.17865562007,0.0,14703.867962757424,0,0,0,6087.13979469422,6587.214194567003,5.684341886080802e-14,9.094947017729282e-13
H2_E10800,269,2025-09-27,2,10800.0,2025-09-27,268,42,74134.87327721993,0.2570661609997842,21591.39532871105,0.0,21591.39532871105,20460.38446448432,38885.79381940204,0.0,15099.52473727273,0,0,0,6587.214194567003,9328.689491642297,5.684341886080802e-14,9.094947017729282e-13
H2_E10800,270,2025-09-28,2,10800.0,2025-09-28,269,42,100585.05521379143,0.26748114599968176,46616.3101710156,15.168266348326869,46631.47843736393,46590.92357775748,74124.24575666533,2.249983883160553,6684.9761458267385,1,1,1,9328.689491642297,9426.991063540501,8.526512829121202e-14,9.094947017729282e-13
H2_E10800,271,2025-09-29,2,10800.0,2025-09-29,270,42,101318.19042733469,0.2748481879998508,46066.76180687055,134.7362566666671,46201.49806353722,46308.40769237216,73570.9337825618,26.015016666666725,7279.858953280551,2,1,2,9426.991063540501,9167.851106763115,5.684341886080802e-14,8.668621376273222e-13
H2_E10800,272,2025-09-30,2,10800.0,2025-09-30,271,42,102527.84685822576,0.271089055000175,47472.79246988112,64.65347536819512,47537.44594524931,47357.502119345394,75198.25583943196,9.569077979456097,5371.106477051343,1,1,1,9167.851106763115,9604.019820238807,1.1368683772161603e-13,9.094947017729282e-13
H2_E10800,273,2025-10-01,2,10800.0,2025-10-01,272,42,102855.36354095515,0.2425667870002144,47409.67068157729,0.0,47409.67068157729,46916.26241408248,75367.43637931353,0.0,21311.612161447272,0,0,0,9604.019820238807,10800.0,1.1368683772161603e-13,9.023892744153272e-13
H2_E10800,274,2025-10-02,2,10800.0,2025-10-02,273,42,70374.7526748418,0.2507552760002909,43086.90207403044,0.0,43086.90207403044,44149.71856650458,66852.38867021559,0.0,14570.479893480679,0,0,0,10800.0,8223.822129742186,1.1368683772161603e-13,9.094947017729282e-13
H2_E10800,275,2025-10-03,2,10800.0,2025-10-03,274,42,44173.61415708362,0.2375767509997786,18362.966235375767,0.0,18362.966235375767,18399.499122917558,32804.355217079705,0.0,22182.719084655582,0,0,0,8223.822129742186,8135.269480166071,5.684341886080802e-14,9.094947017729282e-13
H2_E10800,276,2025-10-04,2,10800.0,2025-10-04,275,42,68610.10575760939,0.24728074499989816,20193.361823620013,0.0,20193.361823620013,19101.46989102705,36755.55366653041,0.0,17682.61365114439,0,0,0,8135.269480166071,10781.923774089226,5.684341886080802e-14,9.094947017729282e-13
H2_E10800,277,2025-10-05,2,10800.0,2025-10-05,276,42,90829.99301814163,0.264676115000384,41900.068954078655,0.0,41900.068954078655,42143.2079497823,66865.15548305877,0.0,9234.877057169742,0,0,0,10781.923774089226,10192.575279251412,5.684341886080802e-14,9.094947017729282e-13
H2_E10800,278,2025-10-06,2,10800.0,2025-10-06,277,42,90141.06620646977,0.2639859850000903,40272.17621877359,0.0,40272.17621877359,40476.223886637,64791.47198399517,0.0,3815.9333283265764,0,0,0,10192.575279251412,9697.98087828972,5.684341886080802e-14,9.094947017729282e-13
H2_E10800,279,2025-10-07,2,10800.0,2025-10-07,278,42,90860.58241248071,0.276538556000105,43072.16624382562,0.0,43072.16624382562,42906.34655738356,69043.61932201852,0.0,7107.2710484222835,0,0,0,9697.98087828972,10099.913864548413,1.1368683772161603e-13,8.641976023682219e-13
H2_E10800,280,2025-10-08,2,10800.0,2025-10-08,279,42,88025.93878826889,0.2753958280000006,40256.15606669584,124.6769856733346,40380.83305236918,40906.87939117407,65928.87656350798,18.239169988002118,7089.41033758392,2,1,1,10099.913864548413,8824.821742478918,5.684341886080802e-14,8.846257060213247e-13
H2_E10800,281,2025-10-09,2,10800.0,2025-10-09,280,42,63672.027641482724,0.2501747090000208,39768.30810934659,0.0,39768.30810934659,40888.423045489624,64194.189474844476,0.0,7662.9281073584825,0,0,0,8824.821742478918,6109.757259503611,1.1368683772161603e-13,9.094947017729282e-13
H2_E10800,282,2025-10-10,2,10800.0,2025-10-10,281,42,40299.037469129886,0.2456293650002408,17553.678345728003,0.0,17553.678345728003,17267.01305907638,33413.21952168248,0.0,20444.910346423752,0,0,0,6109.757259503611,6804.609826124833,5.684341886080802e-14,9.094947017729282e-13
H2_E10800,283,2025-10-11,2,10800.0,2025-10-11,282,42,64821.87809850229,0.26205876899985014,18984.78344382662,0.0,18984.78344382662,17941.55756997682,36439.346295240866,0.0,16587.15974579228,0,0,0,6804.609826124833,9333.301683019046,5.684341886080802e-14,7.389644451905042e-13
H2_E10800,284,2025-10-12,2,10800.0,2025-10-12,283,42,87534.65941438607,0.2857199340000989,41258.36926052991,98.03580773333336,41356.405068263244,41517.31831721288,67122.98745215,20.929933333333338,5279.029596430324,1,1,1,9333.301683019046,8943.261488958522,5.684341886080802e-14,9.094947017729282e-13
H2_E10800,285,2025-10-13,2,10800.0,2025-10-13,284,42,88445.5505403229,0.28105186199991294,40398.6474745162,0.0,40398.6474745162,40473.10686531258,66219.41974100393,0.0,5415.1961360033365,0,0,0,8943.261488958522,8762.778182422719,5.684341886080802e-14,8.979483823168266e-13
H2_E10800,286,2025-10-14,2,10800.0,2025-10-14,285,42,89910.1126813332,0.29156171200020253,42342.829454867635,0.0,42342.829454867635,42169.4063500704,68695.7381316465,0.0,3524.989556966883,0,0,0,8762.778182422719,9183.141215866062,1.1368683772161603e-13,9.094947017729282e-13
H2_E10800,287,2025-10-15,2,10800.0,2025-10-15,286,42,90297.81325514479,0.29508053000017753,42039.31094636345,0.0,42039.31094636345,42201.252477580085,68566.6061230319,0.0,3176.6714363128594,0,0,0,9183.141215866062,8790.60855199594,5.684341886080802e-14,9.094947017729282e-13
H2_E10800,288,2025-10-16,2,10800.0,2025-10-16,287,42,66006.87124416768,0.2795309319999433,42131.72898839081,4713.694396399572,46845.42338479038,47853.75816003759,67710.14755554657,686.7191158282496,4145.231157576603,3,1,1,8790.60855199594,6346.489786247248,0.0,8.988365607365267e-13
H2_E10800,289,2025-10-17,2,10800.0,2025-10-17,288,42,41365.31815442404,0.2717648350003401,18398.22470822037,0.0,18398.22470822037,18151.252920330913,34673.01833247446,0.0,15112.04690463732,0,0,0,6346.489786247248,6945.1286472774345,5.684341886080802e-14,9.094947017729282e-13
H2_E10800,290,2025-10-18,2,10800.0,2025-10-18,289,42,68434.21683236602,0.2874517449999985,19279.65760761633,0.0,19279.65760761633,18133.50348570443,36546.64507999043,0.0,14548.773177198527,0,0,0,6945.1286472774345,9723.30992850746,5.684341886080802e-14,9.094947017729282e-13
H2_E10800,291,2025-10-19,2,10800.0,2025-10-19,290,42,93671.94583195461,0.30133816200032015,43894.72049834649,0.0,43894.72049834649,44246.067861167656,71140.8975077766,0.0,4052.088153865682,0,0,0,9723.30992850746,8871.673444427077,5.684341886080802e-14,8.970602038971265e-13
H2_E10800,292,2025-10-20,2,10800.0,2025-10-20,291,42,96420.34939093083,0.3190175980003005,44768.887618717636,1628.2637552774586,46397.1513739951,46338.160237259886,72426.97840879898,339.48433350370726,4067.4529508739615,5,1,1,8871.673444427077,9014.663002901863,1.1368683772161603e-13,9.094947017729282e-13
H2_E10800,293,2025-10-21,2,10800.0,2025-10-21,292,42,97988.37795591242,0.31271996399982527,46527.035728975374,0.0,46527.035728975374,46327.04418645866,74956.13537480164,0.0,3894.1166996688135,0,0,0,9014.663002901863,9499.425696855644,5.684341886080802e-14,9.094947017729282e-13
H2_E10800,294,2025-10-22,2,10800.0,2025-10-22,293,42,98383.09269991901,0.3122821870001644,46023.577737319785,258.2622499316858,46281.83998725147,46475.779048519784,74430.6060994462,53.426307912144296,5230.757118588286,2,1,1,9499.425696855644,9029.333708863509,5.684341886080802e-14,9.094947017729282e-13
H2_E10800,295,2025-10-23,2,10800.0,2025-10-23,294,42,70560.17483903503,0.2690613259997008,46184.346728606964,0.0,46184.346728606964,46953.343719763034,73316.19076976215,0.0,8137.295913771332,0,0,0,9029.333708863509,7165.349620416262,1.1368683772161603e-13,9.094947017729282e-13
H2_E10800,296,2025-10-24,2,10800.0,2025-10-24,295,42,41414.54000023462,0.2639692829998239,18395.226145035555,0.0,18395.226145035555,18372.39448029132,34381.169092826465,0.0,12805.025035867891,0,0,0,7165.349620416262,7220.691657232341,5.684341886080802e-14,9.094947017729282e-13
H2_E10800,297,2025-10-25,2,10800.0,2025-10-25,296,42,70936.84744842352,0.2965263729997787,19587.43342802315,0.0,19587.43342802315,18756.092101692215,37119.02465272225,0.0,12479.5905031597,0,0,0,7220.691657232341,9235.793175405894,5.684341886080802e-14,7.958078640513122e-13
H2_E10800,298,2025-10-26,2,10800.0,2025-10-26,297,42,98145.32112439926,0.30143942299991977,46692.12883180159,0.0,46692.12883180159,46557.414375005086,74990.08129247722,0.0,6195.629851775073,0,0,0,9235.793175405894,9562.3296987478,5.684341886080802e-14,9.094947017729282e-13
H2_E10800,299,2025-10-27,2,10800.0,2025-10-27,298,42,97252.97854187561,0.3085297470001933,45089.465764807304,92.48526773333361,45181.95103254064,45472.83722868593,72720.78233124348,19.744933333333393,5843.313328623295,1,1,1,9562.3296987478,8857.246002193087,1.1368683772161603e-13,8.952838470577262e-13
H2_E10800,300,2025-10-28,2,10800.0,2025-10-28,299,42,98662.03484985381,0.29746668999996473,46677.558335486,0.0,46677.558335486,46490.82665658968,75020.45067264832,0.0,4439.094867736788,0,0,0,8857.246002193087,9309.867900945288,1.1368683772161603e-13,9.094947017729282e-13
H2_E10800,301,2025-10-29,2,10800.0,2025-10-29,300,42,98592.27646646024,0.3093710079997436,46733.650882312286,169.141678135672,46902.79256044796,46995.12026427798,74894.04648074301,35.325356567724654,1453.8188543589822,2,1,1,9309.867900945288,9086.073305073976,1.1368683772161603e-13,9.094947017729282e-13
H2_E10800,302,2025-10-30,2,10800.0,2025-10-30,301,42,71611.05752930691,0.27893374200039034,47073.20991163411,6.3513892252307524,47079.56130085934,47767.27917112442,74744.94980418503,1.3559754964198873,8001.998622278173,1,1,1,9086.073305073976,7419.10297585617,5.684341886080802e-14,9.094947017729282e-13
H2_E10800,303,2025-10-31,2,10800.0,2025-10-31,302,42,42853.10505992148,0.28092870899990885,19415.418321171503,0.0,19415.418321171503,19269.484843009337,35865.44317709605,0.0,8478.915809923683,0,0,0,7419.10297585617,7772.8334642643285,5.684341886080802e-14,7.958078640513122e-13
H2_E10800,304,2025-11-01,2,10800.0,2025-11-01,303,42,72317.87966111347,0.25615346899985525,19923.259721700266,0.0,19923.259721700266,19148.198700862136,37243.15251653045,0.0,9531.092305917087,0,0,0,7772.8334642643285,9651.516251106008,5.684341886080802e-14,8.526512829121202e-13
H2_E10800,305,2025-11-02,2,10800.0,2025-11-02,304,42,100360.5533382748,0.2779258280002068,47731.58208973853,442.3117495272626,48173.89383926579,48518.974453573996,76504.17449029647,63.404780608839246,4459.17372023256,1,1,1,9651.516251106008,8815.069838831878,5.684341886080802e-14,9.094947017729282e-13
H2_E10800,306,2025-11-03,2,10800.0,2025-11-03,305,42,101750.66889275229,0.29547062999972695,47777.81980714694,0.0,47777.81980714694,47663.80185365309,76851.99840751421,0.0,3004.553470360351,0,0,0,8815.069838831878,9091.439777276442,5.684341886080802e-14,8.86402062860725e-13
H2_E10800,307,2025-11-04,2,10800.0,2025-11-04,306,42,103935.66911772083,0.28615416999991794,49206.336162925756,155.81717803333345,49362.15334095909,49442.01110727795,78834.164929539,33.59955000000002,7527.3038458015035,2,1,1,9091.439777276442,8897.871262094724,1.1368683772161603e-13,9.094947017729282e-13
H2_E10800,308,2025-11-05,2,10800.0,2025-11-05,307,42,103336.09002324897,0.2944493790000706,49209.51486916053,0.0,49209.51486916053,48980.376609943734,78529.67091765585,0.0,4158.007377583239,0,0,0,8897.871262094724,9453.283148157523,1.7053025658242404e-13,9.094947017729282e-13
H2_E10800,309,2025-11-06,2,10800.0,2025-11-06,308,42,72635.21931965002,0.2610752069999762,48079.913039135936,1710.3384255092428,49790.25146464518,50564.3586900631,76204.9208755033,350.5710151258702,3015.992512134485,5,1,1,9453.283148157523,7576.912281267873,1.1368683772161603e-13,9.094947017729282e-13
H2_E10800,310,2025-11-07,2,10800.0,2025-11-07,309,42,43480.95272784449,0.27804379999997764,19852.62317393892,0.0,19852.62317393892,19580.312991278115,36946.78331085651,0.0,9585.968970673252,0,0,0,7576.912281267873,8236.96928206163,5.684341886080802e-14,9.094947017729282e-13
H2_E10800,311,2025-11-08,2,10800.0,2025-11-08,310,42,74254.96590916417,0.2577743990000272,20030.857259553115,0.0,20030.857259553115,19535.008570593818,37677.92841824127,0.0,9404.113652658618,0,0,0,8236.96928206163,9438.864838386347,5.684341886080802e-14,9.094947017729282e-13
H2_E10800,312,2025-11-09,2,10800.0,2025-11-09,311,42,103477.60624133253,0.26567640500024936,49472.86907399693,0.0,49472.86907399693,49635.416411746366,78759.93411698379,0.0,3708.4814511763216,0,0,0,9438.864838386347,9044.8637503861,5.684341886080802e-14,9.094947017729282e-13
H2_E10800,313,2025-11-10,2,10800.0,2025-11-10,312,42,104525.73089016265,0.27159996199998204,48898.9109754376,1638.7307219446518,50537.64169738225,50689.12510086838,78399.53235499775,242.74385780849082,782.6716448873958,3,1,3,9044.8637503861,8677.680709347798,3.730349362740526e-14,9.094947017729282e-13
H2_E10800,314,2025-11-11,2,10800.0,2025-11-11,313,42,108113.03240855162,0.2737012620000314,51472.99437133468,0.0,51472.99437133468,51265.268254327384,81770.4213620298,0.0,5699.2581252527725,0,0,0,8677.680709347798,9181.191361937526,1.1368683772161603e-13,9.094947017729282e-13
H2_E10800,315,2025-11-12,2,10800.0,2025-11-12,314,42,107781.07494076058,0.272052691999761,51113.06691607098,0.0,51113.06691607098,51198.10137341783,81169.79279046463,0.0,6363.1634820456,0,0,0,9181.191361937526,8975.074982696588,5.684341886080802e-14,8.988365607365267e-13
H2_E10800,316,2025-11-13,2,10800.0,2025-11-13,315,42,76146.04973448045,0.26144773200030613,50870.25329207163,0.0,50870.25329207163,51118.28929316352,80499.29761126454,0.0,4797.4604007868065,0,0,0,8975.074982696588,8373.856558288568,4.263256414560601e-14,9.094947017729282e-13
H2_E10800,317,2025-11-14,2,10800.0,2025-11-14,316,42,44835.11860755766,0.2809014009999373,20489.647666429184,0.0,20489.647666429184,20312.411925274017,37995.01750209607,0.0,6712.098391486318,0,0,0,8373.856558288568,8803.461101891182,2.220446049250313e-15,9.094947017729282e-13
H2_E10800,318,2025-11-15,2,10800.0,2025-11-15,317,42,76654.46139797098,0.28209672899993166,20383.361430295234,0.0,20383.361430295234,20198.96148254889,38119.92587772649,0.0,6064.478729729524,0,0,0,8803.461101891182,9250.431080269067,5.684341886080802e-14,9.059419880941277e-13
H2_E10800,319,2025-11-16,2,10800.0,2025-11-16,318,42,108039.36313203798,0.28694208800015986,51721.49658945354,0.0,51721.49658945354,51830.55976449201,81918.4710722336,0.0,3499.8034241895375,0,0,0,9250.431080269067,8986.07110845483,5.684341886080802e-14,9.094947017729282e-13
H2_E10800,320,2025-11-17,2,10800.0,2025-11-17,319,42,109131.76611786096,0.2806583080000564,51408.225737369576,0.0,51408.225737369576,51397.881701857754,81695.93926386492,0.0,4822.297239693842,0,0,0,8986.07110845483,9011.14418133563,1.1368683772161603e-13,9.094947017729282e-13
H2_E10800,321,2025-11-18,2,10800.0,2025-11-18,320,42,110338.58795666456,0.2894080279997979,52626.39074912881,0.0,52626.39074912881,52594.87766485747,83303.91964065173,0.0,4217.1277221816035,0,0,0,9011.14418133563,9087.529249593657,1.1368683772161603e-13,9.094947017729282e-13
H2_E10800,322,2025-11-19,2,10800.0,2025-11-19,321,42,110889.09388532655,0.27619985699993777,52666.410329226244,6.301057500000476,52672.711386726245,52775.95722454806,83392.06034170257,1.3850000000001046,3924.8242965740205,1,1,1,9087.529249593657,8837.270014367059,8.526512829121202e-14,9.094947017729282e-13
H2_E10800,323,2025-11-20,2,10800.0,2025-11-20,322,42,79136.92080050214,0.2793568629999754,52991.99855225996,0.0,52991.99855225996,53149.789072913605,83551.47102841364,0.0,5035.2698150034785,0,0,0,8837.270014367059,8454.799051296006,1.1368683772161603e-13,9.094947017729282e-13
H2_E10800,324,2025-11-21,2,10800.0,2025-11-21,323,42,47089.03288340623,0.3220870840000316,21238.128191753705,0.0,21238.128191753705,21026.888943860275,39562.34692052522,0.0,6824.063420248759,0,0,0,8454.799051296006,8966.825237948548,5.684341886080802e-14,8.952838470577262e-13
H2_E10800,325,2025-11-22,2,10800.0,2025-11-22,324,42,79358.95018927734,0.3107860800000708,21138.544566980832,0.0,21138.544566980832,21035.34263239029,39721.68204549428,0.0,5808.983861404072,0,0,0,8966.825237948548,9216.978055431686,5.684341886080802e-14,9.094947017729282e-13
H2_E10800,326,2025-11-23,2,10800.0,2025-11-23,325,42,110386.96491431296,0.2906971489996977,53379.85750355973,0.0,53379.85750355973,53474.941722066695,84434.53598727158,0.0,5056.7647883001355,0,0,0,9216.978055431686,8986.501899610877,5.684341886080802e-14,9.094947017729282e-13
H2_E10800,327,2025-11-24,2,10800.0,2025-11-24,326,42,110378.37666448702,0.261958998999944,51675.217174139776,844.4950309120088,52519.71220505179,52712.55988457747,82329.35236633403,133.7148443757378,4607.656369353368,4,1,2,8986.501899610877,8519.055329255052,5.684341886080802e-14,9.094947017729282e-13
H2_E10800,328,2025-11-25,2,10800.0,2025-11-25,327,42,112776.88852383316,0.29012223600011566,53778.520787806476,0.0,53778.520787806476,53557.55762159706,85252.8758828851,0.0,4156.337476418263,0,0,0,8519.055329255052,9054.651476813558,5.684341886080802e-14,9.094947017729282e-13
H2_E10800,329,2025-11-26,2,10800.0,2025-11-26,328,42,113106.16689257218,0.2740816470000027,53860.26714534573,154.53999266666654,54014.807138012395,53955.80985123875,85209.2499324513,32.99316666666664,3938.5767037072783,1,1,1,9054.651476813558,9197.655942464726,1.1368683772161603e-13,9.094947017729282e-13
H2_E10800,330,2025-11-27,2,10800.0,2025-11-27,329,42,80294.26851895924,0.2940681619998031,53992.88786386899,0.0,53992.88786386899,54062.70766373094,85094.38451518602,0.0,5300.987114845457,0,0,0,9197.655942464726,9028.418614493416,1.1368683772161603e-13,9.094947017729282e-13
H2_E10800,331,2025-11-28,2,10800.0,2025-11-28,330,42,47513.80913653446,0.31699667399971077,21627.325594008078,0.0,21627.325594008078,21570.934216040787,40658.23272529285,0.0,6081.431455512141,0,0,0,9028.418614493416,9165.106576170123,5.684341886080802e-14,8.917311333789257e-13
H2_E10800,332,2025-11-29,2,10800.0,2025-11-29,331,42,80513.30009994554,0.3055008659998748,21821.356437312395,0.0,21821.356437312395,21761.776408588044,41030.98609839921,0.0,2460.110275708445,0,0,0,9165.106576170123,9309.523559342533,5.684341886080802e-14,9.094947017729282e-13
H2_E10800,333,2025-11-30,2,10800.0,2025-11-30,332,42,113540.11587093247,0.27919624000014664,54780.72105441659,28.398311333333652,54809.11936574992,55012.176338025834,86429.06798446938,6.062833333333401,2093.066280099355,1,1,1,9309.523559342533,8817.330521237696,1.1368683772161603e-13,9.094947017729282e-13
H2_E10800,334,2025-12-01,2,10800.0,2025-12-01,333,42,115065.98060469465,0.2736614640002699,54542.116336560226,26585.068988498075,81127.1853250583,81248.03811215023,86558.08235021682,5003.692140826534,889.4753493503839,22,1,3,8817.330521237696,8524.393520476217,4.263256414560601e-14,9.094947017729282e-13
H2_E10800,335,2025-12-02,2,10800.0,2025-12-02,334,42,120808.71108223489,0.2929237590001321,58060.766088813376,13812.84794156663,71873.61403038,71758.69731774255,91352.2449235105,2816.6503863935623,503.5186217472515,14,1,2,8524.393520476217,8802.941975562975,5.684341886080802e-14,8.589795541524836e-13
H2_E10800,336,2025-12-03,2,10800.0,2025-12-03,335,42,125539.75457604486,0.2793352449998565,60664.917190360895,0.0,60664.917190360895,60531.341474980116,94449.3944337536,0.0,2310.9627685958376,0,0,0,8802.941975562975,9126.71828540057,8.526512829121202e-14,9.094947017729282e-13
H2_E10800,337,2025-12-04,2,10800.0,2025-12-04,336,42,91756.77957422993,0.2772577509999792,60615.94564164612,3489.289728486465,64105.235370132585,64149.063763204766,94495.1700234744,700.3595931822335,3799.095047158099,6,1,3,9126.71828540057,9020.481943453455,1.1368683772161603e-13,9.094947017729282e-13
H2_E10800,338,2025-12-05,2,10800.0,2025-12-05,337,42,57609.21254034829,0.3217962720000287,26556.038293377773,0.0,26556.038293377773,26438.05965322651,49872.478328802026,0.0,4416.818563614365,0,0,0,9020.481943453455,9306.452253542699,5.684341886080802e-14,9.094947017729282e-13
H2_E10800,339,2025-12-06,2,10800.0,2025-12-06,338,42,93728.70928440019,0.29143723399965893,26541.614512674598,0.0,26541.614512674598,26615.102414773177,50144.83825150695,0.0,2806.220099848981,0,0,0,9306.452253542699,9128.323753977065,5.684341886080802e-14,8.881784197001252e-13
H2_E10800,340,2025-12-07,2,10800.0,2025-12-07,339,42,132852.56060844532,0.26578711499996643,62930.22096098206,94.47836710793244,63024.69932808999,63063.75446823954,97713.55779048943,16.265536215534553,5706.907945243243,1,1,1,9128.323753977065,9033.657376022331,1.1368683772161603e-13,9.094947017729282e-13
H2_E10800,341,2025-12-08,2,10800.0,2025-12-08,340,42,136085.64236729257,0.25622277499996926,64147.85675976369,0.0,64147.85675976369,64138.63184010517,99896.16501400212,0.0,7616.497260181264,0,0,0,9033.657376022331,9056.01780611301,1.1368683772161603e-13,9.094947017729282e-13
H2_E10800,342,2025-12-09,2,10800.0,2025-12-09,341,42,135711.26195139787,0.2585051629998816,64887.90159275143,0.0,64887.90159275143,64849.684067854556,100497.39244070477,0.0,8524.908402052197,0,0,0,9056.01780611301,9148.653875079292,8.526512829121202e-14,9.094947017729282e-13
H2_E10800,343,2025-12-10,2,10800.0,2025-12-10,342,42,134450.08786944972,0.2528373059999467,63565.35555138462,0.0,63565.35555138462,63622.22497610749,98614.37731900603,0.0,6032.633515038758,0,0,0,9148.653875079292,9010.80716823689,1.1368683772161603e-13,9.094947017729282e-13
H2_E10800,344,2025-12-11,2,10800.0,2025-12-11,343,42,99742.36822581002,0.2839670049997949,64218.41366318134,0.0,64218.41366318134,64162.51208450122,99668.3619320168,0.0,9218.351385029175,0,0,0,9010.80716823689,9146.307897598883,1.1368683772161603e-13,8.810729923425242e-13
H2_E10800,345,2025-12-12,2,10800.0,2025-12-12,344,42,63318.38267583218,0.30674872500003403,28358.305998080403,0.0,28358.305998080403,28313.874588491275,53110.5018878222,0.0,5679.017963224772,0,0,0,9146.307897598883,9254.005900912145,5.684341886080802e-14,9.094947017729282e-13
H2_E10800,346,2025-12-13,2,10800.0,2025-12-13,345,42,98876.47800273774,0.2849346850002803,28960.44733792847,0.0,28960.44733792847,28955.064744651474,54468.28080552511,0.0,7036.1716287504405,0,0,0,9254.005900912145,9267.05285472118,5.684341886080802e-14,9.094947017729282e-13
H2_E10800,347,2025-12-14,2,10800.0,2025-12-14,346,42,132638.94532607324,0.2680449019999287,63560.0169056999,0.0,63560.0169056999,63746.36938379729,98601.34025380512,0.0,5798.503014366068,0,0,0,9267.05285472118,8815.350106841695,1.1368683772161603e-13,8.65085780787922e-13
H2_E10800,348,2025-12-15,2,10800.0,2025-12-15,347,42,134456.35829745888,0.258392601000196,62812.49820797255,674.2461846021947,63486.74439257475,63516.38755095097,98301.35485055839,97.03585168002394,4384.132157431861,2,1,2,8815.350106841695,8743.497581825277,5.684341886080802e-14,9.094947017729282e-13
H2_E10800,349,2025-12-16,2,10800.0,2025-12-16,348,42,137852.64311684595,0.2482341989998531,66223.95544730508,0.0,66223.95544730508,66068.32514070159,102383.51243415195,0.0,8175.439479275658,0,0,0,8743.497581825277,9120.732367559567,1.1368683772161603e-13,8.739675649849232e-13
H2_E10800,350,2025-12-17,2,10800.0,2025-12-17,349,42,135932.97861410445,0.25332751500036466,64439.24754000311,0.0,64439.24754000311,64475.18809579274,100174.34421161714,0.0,7703.844696406132,0,0,0,9120.732367559567,9033.615480377586,1.1368683772161603e-13,9.094947017729282e-13
H2_E10800,351,2025-12-18,2,10800.0,2025-12-18,350,42,99976.84653792239,0.2829521310000018,63836.043840720886,0.0,63836.043840720886,63833.95340855279,99085.72310162979,0.0,7150.223895224462,0,0,0,9033.615480377586,9038.682512295938,1.1368683772161603e-13,9.094947017729282e-13
H2_E10800,352,2025-12-19,2,10800.0,2025-12-19,351,42,63926.38361833617,0.31198210599995946,28750.395673912135,0.0,28750.395673912135,28723.13777126177,53730.24584720874,0.0,7159.54840988455,0,0,0,9038.682512295938,9104.753377863755,5.684341886080802e-14,9.094947017729282e-13
H2_E10800,353,2025-12-20,2,10800.0,2025-12-20,352,42,97922.91868756586,0.2838782250000804,28191.100979931194,0.0,28191.100979931194,28140.44231823436,53111.16722326182,0.0,6360.216114886603,0,0,0,9104.753377863755,9227.545717015792,5.684341886080802e-14,9.094947017729282e-13
H2_E10800,354,2025-12-21,2,10800.0,2025-12-21,353,42,131671.260413535,0.2581111099998452,62835.63707187961,0.0,62835.63707187961,62950.05604656159,97535.87303977847,0.0,4223.199998556909,0,0,0,9227.545717015792,8950.203736908634,1.1368683772161603e-13,9.094947017729282e-13
H2_E10800,355,2025-12-22,2,10800.0,2025-12-22,354,42,132809.39907198623,0.2520123839999542,62653.25733961247,379.7956564311003,63033.052996043574,63171.578813013824,97869.11873502539,82.10538297678902,4720.694754770859,4,1,1,8950.203736908634,8614.428796770666,1.1368683772161603e-13,8.881784197001252e-13
H2_E10800,356,2025-12-23,2,10800.0,2025-12-23,355,42,134233.98068278938,0.2579348649996973,64327.033851520406,0.0,64327.033851520406,64066.5674300785,99920.37812154109,0.0,7548.69121055119,0,0,0,8614.428796770666,9245.777515590258,1.1368683772161603e-13,9.094947017729282e-13
H2_E10800,357,2025-12-24,2,10800.0,2025-12-24,356,42,132084.15701017005,0.2600649340001837,62673.98991888089,19.399633026467153,62693.389551907356,62876.19801269306,97696.33524186362,3.339869678310606,5720.886996998329,1,1,1,9245.777515590258,8802.665167873765,1.1368683772161603e-13,9.094947017729282e-13
H2_E10800,358,2025-12-25,2,10800.0,2025-12-25,357,42,96900.52560960478,0.279283802000009,63001.30212872365,0.0,63001.30212872365,62989.78162011549,98036.5111122044,0.0,5701.773809651653,0,0,0,8802.665167873765,8830.589912682115,5.684341886080802e-14,9.094947017729282e-13
H2_E10800,359,2025-12-26,2,10800.0,2025-12-26,358,42,61219.13100642489,0.31844344099999944,27909.877262262708,0.0,27909.877262262708,27618.554210840695,52579.28085002765,0.0,5060.466142368819,0,0,0,8830.589912682115,9536.73250971904,1.1368683772161603e-13,8.881784197001252e-13
H2_E10800,360,2025-12-27,2,10800.0,2025-12-27,359,42,96239.75888279901,0.28753378600004,27563.073773371285,0.0,27563.073773371285,27674.32755106761,52032.03267548061,0.0,5288.582143866783,0,0,0,9536.73250971904,9267.06270113651,5.684341886080802e-14,9.094947017729282e-13
H2_E10800,361,2025-12-28,2,10800.0,2025-12-28,360,42,131043.69269843094,0.26706231799971647,62694.20116015623,390.27078362573803,63084.47194378197,63164.07517672563,97389.10292539475,66.9927579523827,6481.243461391025,2,1,1,9267.06270113651,9074.111153468075,1.1368683772161603e-13,9.094947017729282e-13
H2_E10800,362,2025-12-29,2,10800.0,2025-12-29,361,42,130080.22494688319,0.2647682460001306,61428.74612914622,0.0,61428.74612914622,61587.04934323583,96011.3493063398,0.0,4426.399198690799,0,0,0,9074.111153468075,8690.397464589407,5.684341886080802e-14,9.094947017729282e-13
H2_E10800,363,2025-12-30,2,6000.0,2025-12-30,362,42,128506.58670137536,0.26574037000000317,62502.558161506255,97.0634751316275,62599.62163663788,62478.475225829,97607.53013752482,16.6161902134088,6572.302219317191,1,1,1,8690.397464589407,8984.046184567826,1.1368683772161603e-13,9.094947017729282e-13
H2_E10800,364,2025-12-31,1,6000.0,2025-12-31,363,42,62616.28546570264,0.15871028999981718,60307.27355352995,0.0,60307.27355352995,61468.37846598603,93229.64335662426,0.0,2959.9740744188566,0,0,0,8984.046184567826,6169.625443359979,1.1368683772161603e-13,9.094947017729282e-13
H3_E1200,31,2025-02-01,3,1200.0,2025-02-01,30,28,159457.5274247338,0.20874416600008772,27495.759621140147,0.0,27495.759621140147,25907.471489308027,53100.20112718708,0.0,11070.940540832202,0,0,0,6000.0,9849.87696915946,5.684341886080802e-14,9.094947017729282e-13
H3_E1200,32,2025-02-02,3,1200.0,2025-02-02,31,28,189944.67824080793,0.25206552899999224,58315.41470119427,0.0,58315.41470119427,58497.42640963205,91710.3691657235,0.0,9794.470298961602,0,0,0,9849.87696915946,9408.695882183965,5.684341886080802e-14,9.094947017729282e-13
H3_E1200,33,2025-02-03,3,1200.0,2025-02-03,32,28,184238.5464664428,0.25352066400000695,55866.999103861366,0.0,55866.999103861366,56022.936762363664,88778.08624810344,0.0,4662.5907510611705,0,0,0,9408.695882183965,9030.716101273474,1.4210854715202004e-13,8.597567102697212e-13
H3_E1200,34,2025-02-04,3,1200.0,2025-02-04,33,28,181113.12207523914,0.25970139099990774,57960.20080430735,0.0,57960.20080430735,57812.01736197341,91693.5593293779,0.0,5691.37600114345,0,0,0,9030.716101273474,9389.900313771583,1.1368683772161603e-13,8.455458555545192e-13
H3_E1200,35,2025-02-05,3,1200.0,2025-02-05,34,28,141218.42539038853,0.2676167310000892,56529.85742249357,0.0,56529.85742249357,56636.96546692117,89531.18679850292,0.0,4634.378822027513,0,0,0,9389.900313771583,9130.27941427027,5.684341886080802e-14,9.094947017729282e-13
H3_E1200,36,2025-02-06,3,1200.0,2025-02-06,35,28,103341.88367852577,0.2825091109998539,56328.67523135577,176.75473784601974,56505.429969201796,56514.200460787084,89218.52296656322,30.310750322117542,4667.20603289607,2,1,1,9130.27941427027,9109.020479643923,5.684341886080802e-14,9.094947017729282e-13
H3_E1200,37,2025-02-07,3,1200.0,2025-02-07,36,28,99643.10634418516,0.27281432700010555,22795.618774440038,0.0,22795.618774440038,22817.019804199717,43922.118211150955,0.0,8586.581666674749,0,0,0,9109.020479643923,9057.146181815453,1.1368683772161603e-13,9.094947017729282e-13
H3_E1200,38,2025-02-08,3,1200.0,2025-02-08,37,28,127757.15133940746,0.2616304360003596,21024.213227936412,0.0,21024.213227936412,21017.38074003235,40565.55351282783,0.0,5410.01024896958,0,0,0,9057.146181815453,9073.707558367183,5.684341886080802e-14,9.094947017729282e-13
H3_E1200,39,2025-02-09,3,1200.0,2025-02-09,38,28,158780.22751162486,0.2544169310003781,52457.792688721165,2024.5032645345123,54482.29595325568,54691.34772572361,83901.03080470797,306.19844065544146,576.8516527998961,6,1,3,9073.707558367183,8566.983628334487,5.684341886080802e-14,9.094947017729282e-13
H3_E1200,40,2025-02-10,3,1200.0,2025-02-10,39,28,160121.0007220679,0.2584741660002692,51936.888100516386,429.1830766032151,52366.0711771196,52411.6937567258,83604.36949333377,93.77279073224213,5335.616851630015,7,1,2,8566.983628334487,8456.398328992767,1.1368683772161603e-13,9.094947017729282e-13
H3_E1200,41,2025-02-11,3,1200.0,2025-02-11,40,28,159871.07971013748,0.2617101480000201,52412.138040384714,368.7388293106351,52780.87686969535,52707.637430768125,84163.43166452006,74.17288728678855,4528.921648832618,6,1,3,8456.398328992767,8633.92457470917,5.684341886080802e-14,8.846257060213247e-13
H3_E1200,42,2025-02-12,3,1200.0,2025-02-12,41,28,127065.77643286597,0.2555615950000174,52373.95014311999,14.925656512257914,52388.875799632246,52312.77153607368,83919.18920404869,3.1865193237100584,4201.834788927716,1,1,1,8633.92457470917,8818.394914603361,5.684341886080802e-14,9.094947017729282e-13
H3_E1200,43,2025-02-13,3,1200.0,2025-02-13,42,28,93564.69428714001,0.2744066410000414,51998.37384267125,0.0,51998.37384267125,52202.821643941126,82856.8857252114,0.0,8308.723227484612,0,0,0,8818.394914603361,8322.830623887268,1.1368683772161603e-13,9.094947017729282e-13
H3_E1200,44,2025-02-14,3,1200.0,2025-02-14,43,28,90308.31085693401,0.26277481100032674,19913.7666013765,0.0,19913.7666013765,19763.198340704777,37811.271971848895,0.0,4171.059908160623,0,0,0,8322.830623887268,8687.795435642049,5.684341886080802e-14,9.094947017729282e-13
H3_E1200,45,2025-02-15,3,1200.0,2025-02-15,44,28,119192.67676154211,0.25693832599972666,19625.497062761824,0.0,19625.497062761824,19494.997729433857,37293.49633546237,0.0,4269.714486657691,0,0,0,8687.795435642049,9004.114853889205,5.684341886080802e-14,9.094947017729282e-13
H3_E1200,46,2025-02-16,3,1200.0,2025-02-16,45,28,150139.88190818444,0.26173484499986444,49840.9470697524,583.8578736906957,50424.804943443094,50507.02377816414,80219.68675840218,137.34879896553056,757.8171306803828,3,1,2,9004.114853889205,8804.823307299006,5.684341886080802e-14,9.094947017729282e-13
H3_E1200,47,2025-02-17,3,1200.0,2025-02-17,46,28,151602.03833089548,0.2579093610002019,48808.79057860382,724.0294829623678,49532.820061566184,49628.284656781034,79193.7502193104,107.0138527755488,4337.322926488415,2,1,2,8804.823307299006,8573.425150300991,1.7053025658242404e-13,9.094947017729282e-13
H3_E1200,48,2025-02-18,3,1200.0,2025-02-18,47,28,152527.68400137208,0.26123033600015333,50105.17479684269,1.9240042198379022,50107.09880106253,49896.38292206617,80865.23308669674,0.422904543320783,4157.607055077685,1,1,1,8573.425150300991,9084.18273472523,5.684341886080802e-14,9.094947017729282e-13
H3_E1200,49,2025-02-19,3,1200.0,2025-02-19,48,28,120471.23984399802,0.25076054300006945,49781.44449881087,167.58312131102795,49949.0276201219,50133.355384975264,80244.46425192113,38.2653547918776,3525.029567176426,1,1,1,9084.18273472523,8637.387721614474,1.1368683772161603e-13,9.094947017729282e-13
H3_E1200,50,2025-02-20,3,1200.0,2025-02-20,49,28,89071.45445268149,0.25382851799986383,49695.3216758114,56.405014673997336,49751.7266904854,49868.04538092435,79889.64452468196,12.042061202817536,5225.784702254105,1,1,1,8637.387721614474,8355.44099014382,1.1368683772161603e-13,9.094947017729282e-13
H3_E1200,51,2025-02-21,3,1200.0,2025-02-21,50,28,87832.59600264324,0.24804619199994704,19106.684708843444,0.0,19106.684708843444,19158.9948170273,36137.46025295888,0.0,7448.186935395571,0,0,0,8355.44099014382,8228.64568347679,5.684341886080802e-14,9.094947017729282e-13
H3_E1200,52,2025-02-22,3,1200.0,2025-02-22,51,28,116134.74820547973,0.24867933499990613,19431.35444914055,0.0,19431.35444914055,18996.462484449316,37118.277006700766,0.0,4804.060963047952,0,0,0,8228.64568347679,9282.787262313603,5.684341886080802e-14,9.094947017729282e-13
H3_E1200,53,2025-02-23,3,1200.0,2025-02-23,52,28,147257.24751923012,0.25678468400019483,48717.96495519373,12.350764731446807,48730.31571992518,48907.02864740026,78655.96012964202,2.636798619010847,3403.5422443206708,1,1,1,9282.787262313603,8854.449975139973,1.1368683772161603e-13,9.094947017729282e-13
H3_E1200,54,2025-02-24,3,1200.0,2025-02-24,53,28,147719.4347936936,0.25486652500012497,47563.18262108144,724.2984541953415,48287.48107527678,48360.89647661309,77539.5222960297,124.89641784886146,5623.99955768358,5,1,2,8854.449975139973,8676.497211329903,5.684341886080802e-14,9.094947017729282e-13
H3_E1200,55,2025-02-25,3,1200.0,2025-02-25,54,28,148016.93796515162,0.2653962330000468,48706.66236081369,96.5896805137585,48803.25204132745,48698.54060198854,79011.5814381578,21.723702944387014,9197.139807074347,2,1,2,8676.497211329903,8930.308941480773,1.1368683772161603e-13,9.094947017729282e-13
H3_E1200,56,2025-02-26,3,1200.0,2025-02-26,55,28,114954.5812411428,0.2625256609999269,47659.509019224555,0.0,47659.509019224555,47519.131138763085,77412.19981986508,0.0,4184.995342409427,0,0,0,8930.308941480773,9270.57312789425,5.684341886080802e-14,9.094947017729282e-13
H3_E1200,57,2025-02-27,3,1200.0,2025-02-27,56,28,84750.67551415312,0.2591628570003195,46409.90753234606,687.6754093643001,47097.58294171036,47787.85856033246,74905.52218359851,138.48200109359266,5626.368644603552,3,1,1,9270.57312789425,7597.403031584275,1.1368683772161603e-13,9.094947017729282e-13
H3_E1200,58,2025-02-28,3,1200.0,2025-02-28,57,28,84909.01864751634,0.2553732490000584,18655.005156495623,0.0,18655.005156495623,18599.385695141358,35521.49264738815,0.0,8919.203960337862,0,0,0,7597.403031584275,7732.219932254459,5.684341886080802e-14,9.094947017729282e-13
H3_E1200,59,2025-03-01,3,1200.0,2025-03-01,58,28,111903.98619075201,0.24563381600000866,19270.808775336467,0.0,19270.808775336467,18612.961967153926,36954.884448766905,0.0,8488.871590611894,0,0,0,7732.219932254459,9326.785317022268,5.684341886080802e-14,9.094947017729282e-13
H3_E1200,60,2025-03-02,3,1200.0,2025-03-02,59,28,141370.41311858388,0.2823652099996252,46637.47113172215,11729.304649509877,58366.77578123203,58662.9873343349,75680.66302713599,1730.7878199125698,1697.827807760944,9,1,2,9326.785317022268,8608.793402687263,5.684341886080802e-14,9.094947017729282e-13
H3_E1200,61,2025-03-03,3,1200.0,2025-03-03,60,28,145805.95341892,0.2705011409998406,46880.86860741848,6790.176553046139,53671.04516046462,53696.194161166444,76569.07808135985,1084.9378765902713,1231.6469448349471,12,1,2,8608.793402687263,8547.834338233619,1.1368683772161603e-13,9.094947017729282e-13
H3_E1200,62,2025-03-04,3,1200.0,2025-03-04,61,28,151216.77915256342,0.26205878700011453,49688.76578192577,0.0,49688.76578192577,49538.94186411701,80159.94371804828,0.0,6668.179402511294,0,0,0,8547.834338233619,8910.99492543504,1.1368683772161603e-13,9.094947017729282e-13
H3_E1200,63,2025-03-05,3,1200.0,2025-03-05,62,28,119038.35192085982,0.26283256299984714,48761.78105437603,5.267273480358757,48767.048327856384,48775.959551801156,79024.68070573054,1.1577697506008917,9224.22998356643,1,1,1,8910.99492543504,8889.39486739493,1.1368683772161603e-13,8.739675649849232e-13
H3_E1200,64,2025-03-06,3,1200.0,2025-03-06,63,28,85262.29401772488,0.27273838600012823,46855.59432438384,0.0,46855.59432438384,47597.8508845525,75213.76016704303,0.0,7496.575654692412,0,0,0,8889.39486739493,7090.227336687166,1.1368683772161603e-13,9.094947017729282e-13
H3_E1200,65,2025-03-07,3,1200.0,2025-03-07,64,28,83765.8233181156,0.26193804300010015,17673.487113203788,0.0,17673.487113203788,17807.909714916186,33218.62637020216,0.0,9787.44447850618,0,0,0,7090.227336687166,6764.398245544801,5.684341886080802e-14,8.526512829121202e-13
H3_E1200,66,2025-03-08,3,1200.0,2025-03-08,65,28,109706.6083873607,0.25215934800007744,18368.99684561811,0.0,18368.99684561811,17295.133339484062,35096.78952865758,0.0,10081.143702733323,0,0,0,6764.398245544801,9367.353148643755,5.684341886080802e-14,9.094947017729282e-13
H3_E1200,67,2025-03-09,3,1200.0,2025-03-09,66,28,135297.06324633383,0.2762044500000229,44153.18616970483,0.0,44153.18616970483,44371.50254398351,72155.26598636509,0.0,5367.103739031676,0,0,0,9367.353148643755,8838.17260231784,5.684341886080802e-14,9.023892744153272e-13
H3_E1200,68,2025-03-10,3,1200.0,2025-03-10,67,28,134231.22994643077,0.2790599810000458,42508.40841069513,11143.582331210135,53651.99074190526,53713.95295761401,70121.22049237708,1801.0902513014908,78.33711452229886,11,1,2,8838.17260231784,8687.981398068245,5.684341886080802e-14,9.094947017729282e-13
H3_E1200,69,2025-03-11,3,1200.0,2025-03-11,68,28,139160.0807378193,0.2751570529999299,45793.64366672942,0.0,45793.64366672942,45563.54539747093,75216.52231196292,0.0,6833.9035652940875,0,0,0,8687.981398068245,9245.720267803337,1.1368683772161603e-13,9.094947017729282e-13
H3_E1200,70,2025-03-12,3,1200.0,2025-03-12,69,28,108129.76594751031,0.2455370689999654,44237.144020929714,0.0,44237.144020929714,44349.917188576175,72408.16267327113,0.0,6456.712998466182,0,0,0,9245.720267803337,8972.367585654625,5.684341886080802e-14,8.881784197001252e-13
H3_E1200,71,2025-03-13,3,1200.0,2025-03-13,70,28,78579.97603871887,0.2533604039999773,41954.68873462137,4933.291873938433,46887.9806085598,48320.58584136704,67765.7914864483,812.2497594725611,774.2411295585975,6,1,2,8972.367585654625,5499.85288183961,1.1368683772161603e-13,9.094947017729282e-13
H3_E1200,72,2025-03-14,3,1200.0,2025-03-14,71,28,81166.57297577556,0.2501074920000974,17023.379871596233,0.0,17023.379871596233,16811.069507671327,32117.653502686684,0.0,12711.26406119496,0,0,0,5499.85288183961,6014.475363747545,5.684341886080802e-14,7.958078640513122e-13
H3_E1200,73,2025-03-15,3,1200.0,2025-03-15,72,28,106378.10001610314,0.25788938799996686,18407.716678607794,0.0,18407.716678607794,17199.264909906764,35417.033996970276,0.0,8253.3125222188,0,0,0,6014.475363747545,8943.660905980045,5.684341886080802e-14,9.094947017729282e-13
H3_E1200,74,2025-03-16,3,1200.0,2025-03-16,73,28,134219.16678445638,0.2701497240000208,43670.45286995795,7.461180000000455,43677.91404995795,43573.9855669026,71871.11243064384,1.6400000000001,4302.090153461944,1,1,1,8943.660905980045,9195.574815890672,1.1368683772161603e-13,8.668621376273222e-13
H3_E1200,75,2025-03-17,3,1200.0,2025-03-17,74,28,134367.03759273453,0.27002203900019595,42003.89441493404,0.0,42003.89441493404,42139.448359631184,69591.60736316637,0.0,8393.251866528657,0,0,0,9195.574815890672,8867.003444419002,1.1368683772161603e-13,9.094947017729282e-13
H3_E1200,76,2025-03-18,3,1200.0,2025-03-18,75,28,133936.5976432475,0.26758936099986386,42970.1903271441,0.0,42970.1903271441,42891.92415561358,70923.88087798434,0.0,5546.043216850627,0,0,0,8867.003444419002,9056.714067574043,1.4210854715202004e-13,9.094947017729282e-13
H3_E1200,77,2025-03-19,3,1200.0,2025-03-19,76,28,105302.36730815783,0.250039112000195,42826.061394094315,0.0,42826.061394094315,42786.68819094205,70578.69624488466,0.0,7069.044590984936,0,0,0,9056.714067574043,9152.15140352083,1.4210854715202004e-13,9.094947017729282e-13
H3_E1200,78,2025-03-20,3,1200.0,2025-03-20,77,28,76605.31114895786,0.2636144940001941,40768.01491044763,0.0,40768.01491044763,42305.263987046324,65751.53169047026,0.0,3703.0609899625565,0,0,0,9152.15140352083,5425.988815481986,1.1368683772161603e-13,9.094947017729282e-13
H3_E1200,79,2025-03-21,3,1200.0,2025-03-21,78,28,77824.21846770048,0.26294972300001973,16276.140698557667,0.0,16276.140698557667,16313.663719054186,30959.48108472569,0.0,16238.544232346929,0,0,0,5425.988815481986,5335.0361668235755,5.684341886080802e-14,9.094947017729282e-13
H3_E1200,80,2025-03-22,3,1200.0,2025-03-22,79,28,102257.4598125399,0.2530626210000264,18190.40008666512,0.0,18190.40008666512,16464.22934574559,35425.257272241404,0.0,12204.229332707095,0,0,0,5335.0361668235755,9519.128994261164,5.684341886080802e-14,9.094947017729282e-13
H3_E1200,81,2025-03-23,3,1200.0,2025-03-23,80,28,127188.63312902802,0.26192457699971783,41203.132756946216,135.61215964564587,41338.74491659186,41661.05637011009,68027.58577775878,24.140382179373113,6264.640841208056,2,1,2,9519.128994261164,8737.873114470143,1.1368683772161603e-13,9.094947017729282e-13
H3_E1200,82,2025-03-24,3,1200.0,2025-03-24,81,28,126244.07859685176,0.26763081599983707,40119.24398515595,0.0,40119.24398515595,40177.87513918192,66822.2510846911,0.0,5007.619626150205,0,0,0,8737.873114470143,8595.756123833538,1.1368683772161603e-13,9.094947017729282e-13
H3_E1200,83,2025-03-25,3,1200.0,2025-03-25,82,28,127250.52363136863,0.2677193700001226,40922.35183485378,0.0,40922.35183485378,40893.87169129145,68019.57924950225,0.0,2951.9568083443546,0,0,0,8595.756123833538,8664.789598668156,1.1368683772161603e-13,9.094947017729282e-13
H3_E1200,84,2025-03-26,3,1200.0,2025-03-26,83,28,101349.24910755243,0.2640267890001269,41049.16937760901,0.0,41049.16937760901,40987.38954806677,68203.57588894089,0.0,8716.661430706827,0,0,0,8664.789598668156,8814.538714175871,1.1368683772161603e-13,8.339995360984176e-13
H3_E1200,85,2025-03-27,3,1200.0,2025-03-27,84,28,73705.9172927455,0.2551079770000797,39153.53360583499,0.0,39153.53360583499,40664.17619929111,63525.02279480077,0.0,5090.156841372609,0,0,0,8814.538714175871,5152.868005556129,5.684341886080802e-14,9.094947017729282e-13
H3_E1200,86,2025-03-28,3,1200.0,2025-03-28,85,28,75490.16904933151,0.2521112899999025,15976.355000228561,0.0,15976.355000228561,15841.625206292727,30805.648709909445,0.0,16920.47420819371,0,0,0,5152.868005556129,5479.441704835017,5.684341886080802e-14,6.821210263296962e-13
H3_E1200,87,2025-03-29,3,1200.0,2025-03-29,86,28,99108.68430799342,0.25916462600025625,17472.975857381825,0.0,17472.975857381825,15922.74968701731,34605.89311169139,0.0,20063.064189317014,0,0,0,5479.441704835017,9237.059677708874,5.684341886080802e-14,9.094947017729282e-13
H3_E1200,88,2025-03-30,3,1200.0,2025-03-30,87,28,120980.76726673938,0.2764044710002054,39450.851090854936,0.0,39450.851090854936,39523.765993102345,65369.98642631328,0.0,6467.448173665873,0,0,0,9237.059677708874,9060.320081633827,5.684341886080802e-14,8.86402062860725e-13
H3_E1200,89,2025-03-31,3,1200.0,2025-03-31,88,28,119240.99201159905,0.28153107599973737,37686.54019607219,3897.7756480213566,41584.315844093544,41710.45963750527,63019.891559027645,570.6982892311322,3304.7288373654824,3,1,2,9060.320081633827,8754.558126151582,5.684341886080802e-14,9.094947017729282e-13
H3_E1200,90,2025-04-01,3,1200.0,2025-04-01,89,28,121103.6785844474,0.2468198639999173,39379.43765949398,0.0,39379.43765949398,39319.93645543287,65593.62852693578,0.0,1494.8565325908723,0,0,0,8754.558126151582,8898.78404496386,5.684341886080802e-14,9.094947017729282e-13
H3_E1200,91,2025-04-02,3,1200.0,2025-04-02,90,28,96331.24245624439,0.26859599899989917,39203.93305827347,4902.776587499622,44106.709645773095,44112.789528110225,65574.08607545373,990.605904960287,2121.615754356946,9,1,1,8898.78404496386,8884.04692106562,5.684341886080802e-14,8.952838470577262e-13
H3_E1200,92,2025-04-03,3,1200.0,2025-04-03,91,28,71685.14505032967,0.24991227500004243,37751.67500616313,0.0,37751.67500616313,39494.33506813002,61766.53578941769,0.0,6671.90808723484,0,0,0,8884.04692106562,4659.985364991828,1.1368683772161603e-13,8.419931418757187e-13
H3_E1200,93,2025-04-04,3,1200.0,2025-04-04,92,28,74258.56760606647,0.2529880749998483,15443.318485506208,0.0,15443.318485506208,15202.869985746163,30065.383960330164,0.0,20414.540245902368,0,0,0,4659.985364991828,5242.812323742272,5.684341886080802e-14,9.094947017729282e-13
H3_E1200,94,2025-04-05,3,1200.0,2025-04-05,93,28,96341.93886774768,0.26362066799993045,17228.200122988797,0.0,17228.200122988797,15592.619093325691,34333.62868334361,0.0,15293.648778204904,0,0,0,5242.812323742272,9207.32330326502,5.684341886080802e-14,9.094947017729282e-13
H3_E1200,95,2025-04-06,3,1200.0,2025-04-06,94,28,119953.49164732832,0.27490149999994173,39138.8779932354,0.0,39138.8779932354,39334.32675862072,65679.1352074764,0.0,8060.103461506074,0,0,0,9207.32330326502,8733.571919352318,5.684341886080802e-14,9.094947017729282e-13
H3_E1200,96,2025-04-07,3,1200.0,2025-04-07,95,28,118781.76584476006,0.2712669599995934,37394.38288327171,0.0,37394.38288327171,37406.9627015344,63329.33226539624,0.0,6387.529410145813,0,0,0,8733.571919352318,8703.079496954202,5.684341886080802e-14,9.094947017729282e-13
H3_E1200,97,2025-04-08,3,1200.0,2025-04-08,96,28,119607.25575220736,0.263070233000235,38826.51799621947,0.0,38826.51799621947,38804.685865110434,65387.52670136578,0.0,6978.748421814924,0,0,0,8703.079496954202,8755.99874822846,1.1368683772161603e-13,9.094947017729282e-13
H3_E1200,98,2025-04-09,3,1200.0,2025-04-09,97,28,94267.38155726549,0.2498091550000936,38689.88237630242,0.0,38689.88237630242,38602.101461050726,64946.1663630901,0.0,1645.497574081905,0,0,0,8755.99874822846,8968.772310648392,5.684341886080802e-14,9.094947017729282e-13
H3_E1200,99,2025-04-10,3,1200.0,2025-04-10,98,28,69868.95195803791,0.23704493200011711,36855.20576128339,0.0,36855.20576128339,38663.312253241915,60490.40171654411,0.0,6993.999203574157,0,0,0,8968.772310648392,4586.074107678627,1.1368683772161603e-13,8.846257060213247e-13
H3_E1200,100,2025-04-11,3,1200.0,2025-04-11,99,28,71539.04902337506,0.23455162900017967,14958.462815715206,0.0,14958.462815715206,14838.890555754644,29268.452809941864,0.0,21127.182208327256,0,0,0,4586.074107678627,4875.907218275196,5.684341886080802e-14,9.094947017729282e-13
H3_E1200,101,2025-04-12,3,1200.0,2025-04-12,100,28,92584.78276406603,0.2498117939999247,17030.716123947146,0.0,17030.716123947146,15157.07302997126,34133.41696021107,0.0,17622.67340053503,0,0,0,4875.907218275196,9417.46063755421,5.684341886080802e-14,9.094947017729282e-13
H3_E1200,102,2025-04-13,3,1200.0,2025-04-13,101,28,113927.73934733678,0.2614731059998121,37327.10368263991,0.0,37327.10368263991,37548.75479961457,62849.14539344621,0.0,5316.154716006305,0,0,0,9417.46063755421,8880.19695514861,5.684341886080802e-14,9.094947017729282e-13
H3_E1200,103,2025-04-14,3,1200.0,2025-04-14,102,28,114224.24563040894,0.2686559579997265,36211.94018939338,690.9324672729034,36902.87265666629,37015.32365233876,61579.393069741825,100.46422531330472,5602.5010017536315,2,1,1,8880.19695514861,8607.625190793031,5.684341886080802e-14,9.094947017729282e-13
H3_E1200,104,2025-04-15,3,1200.0,2025-04-15,103,28,115572.17585359728,0.2668122600002789,37715.84992173766,0.0,37715.84992173766,37547.93501629275,63653.757075113725,0.0,9498.189779895525,0,0,0,8607.625190793031,9014.636811855295,1.1368683772161603e-13,9.094947017729282e-13
H3_E1200,105,2025-04-16,3,1200.0,2025-04-16,104,28,90024.21534384936,0.2513118830001986,36806.28572273404,0.0,36806.28572273404,36852.39643670591,61911.00654726916,0.0,2480.549976392592,0,0,0,9014.636811855295,8902.86831582868,5.684341886080802e-14,9.094947017729282e-13
H3_E1200,106,2025-04-17,3,1200.0,2025-04-17,105,28,66705.13900273402,0.23407664600017597,35225.43859285681,0.0,35225.43859285681,37133.76574933537,57910.17054785561,0.0,6468.391915050101,0,0,0,8902.86831582868,4277.243643513284,1.1368683772161603e-13,9.094947017729282e-13
H3_E1200,107,2025-04-18,3,1200.0,2025-04-18,106,28,68349.5463754559,0.23154273999989528,14271.353143880944,0.0,14271.353143880944,14137.572899955394,28045.85644420632,0.0,18931.31437470198,0,0,0,4277.243643513284,4601.515713357062,5.684341886080802e-14,9.094947017729282e-13
H3_E1200,108,2025-04-19,3,1200.0,2025-04-19,107,28,90218.47578603907,0.25486976199999845,16246.099673687804,0.0,16246.099673687804,14286.855547626166,32983.26522641178,0.0,18395.209008235048,0,0,0,4601.515713357062,9350.558841435364,5.684341886080802e-14,9.094947017729282e-13
H3_E1200,109,2025-04-20,3,1200.0,2025-04-20,108,28,111272.13345951625,0.2625122510003166,36349.89006956458,0.0,36349.89006956458,36436.14407749991,61334.32671387909,0.0,5830.234216957462,0,0,0,9350.558841435364,9141.486374045662,1.1368683772161603e-13,9.094947017729282e-13
H3_E1200,110,2025-04-21,3,1200.0,2025-04-21,109,28,111386.73679085833,0.26502122300007613,35564.923552288434,0.0,35564.923552288434,35804.490404932076,60393.80925026462,0.0,8961.094770205524,0,0,0,9141.486374045662,8560.796453821375,1.1368683772161603e-13,9.094947017729282e-13
H3_E1200,111,2025-04-22,3,1200.0,2025-04-22,110,28,110797.37363142429,0.25949761399988347,36127.62597934033,0.0,36127.62597934033,35967.34254310955,60912.64014606427,0.0,4720.418451427179,0,0,0,8560.796453821375,8949.310034773966,5.684341886080802e-14,9.094947017729282e-13
H3_E1200,112,2025-04-23,3,1200.0,2025-04-23,111,28,87231.63482663834,0.250821058999918,36181.89917698684,0.0,36181.89917698684,36117.61951788482,61306.494851750125,0.0,6233.423341191896,0,0,0,8949.310034773966,9105.118527076185,5.684341886080802e-14,9.094947017729282e-13
H3_E1200,113,2025-04-24,3,1200.0,2025-04-24,112,28,63003.83213749012,0.240585282000211,33215.51822073167,0.0,33215.51822073167,35514.26276883891,54379.84695904031,0.0,10015.661330084658,0,0,0,9105.118527076185,3533.1549038698263,1.1368683772161603e-13,9.094947017729282e-13
H3_E1200,114,2025-04-25,3,1200.0,2025-04-25,113,28,64335.036783146425,0.22733629200001815,13401.304339121296,0.0,13401.304339121296,13348.431471692258,26940.718570282166,0.0,22465.553184142205,0,0,0,3533.1549038698263,3661.314291659039,5.684341886080802e-14,8.526512829121202e-13
H3_E1200,115,2025-04-26,3,1200.0,2025-04-26,114,28,84958.03992711136,0.25011278900001344,15863.686937950315,0.0,15863.686937950315,13618.223635283382,32869.79323316555,0.0,24408.65898875783,0,0,0,3661.314291659039,9104.128653092484,5.684341886080802e-14,9.094947017729282e-13
H3_E1200,116,2025-04-27,3,1200.0,2025-04-27,115,28,103097.67937283027,0.26780276099998446,33585.96457737006,4762.107558610118,38348.07213598018,38524.962303291635,56991.812998544585,694.2185875220989,5896.821368580541,2,1,1,9104.128653092484,8675.361751448787,0.0,9.094947017729282e-13
H3_E1200,117,2025-04-28,3,1200.0,2025-04-28,116,28,104312.28327778846,0.27847438099979627,33525.170472033074,24957.28528860073,58482.455760633806,58480.48941410223,56876.15953045809,3707.0078905624896,754.180945018878,14,1,1,8675.361751448787,8680.128010211021,5.684341886080802e-14,9.094947017729282e-13
H3_E1200,118,2025-04-29,3,1200.0,2025-04-29,117,28,109734.78697973205,0.26322710799968263,35377.86903095667,1004.5301839709856,36382.39921492765,36257.88225934831,59898.548041023896,143.99801949125367,8944.765460885163,1,1,1,8680.128010211021,8981.946647489247,1.1368683772161603e-13,9.094947017729282e-13
H3_E1200,119,2025-04-30,3,1200.0,2025-04-30,118,28,86018.38799580748,0.24155519499981892,35203.57599069031,0.0,35203.57599069031,35306.93886876044,59341.15616349782,0.0,7998.588059868552,0,0,0,8981.946647489247,8731.403716535533,5.684341886080802e-14,9.094947017729282e-13
H3_E1200,120,2025-05-01,3,1200.0,2025-05-01,119,28,62530.97998961504,0.20450714000025982,32480.156447711524,10112.301448956216,42592.457896667736,45371.231448366925,52776.09303598876,1597.8322250371293,7049.245813825646,11,1,1,8731.403716535533,1995.8901250211973,1.1368683772161603e-13,9.094947017729282e-13
H3_E1200,121,2025-05-02,3,1200.0,2025-05-02,120,28,66215.10760325415,0.23090424400015763,14219.491271249743,8142.511086686152,22362.002357935897,22187.731791387007,28362.785090271318,1330.1746182668553,12350.890436714923,10,1,2,1995.8901250211973,2418.3073345391067,5.684341886080802e-14,7.958078640513122e-13
H3_E1200,122,2025-05-03,3,1200.0,2025-05-03,121,28,91589.45284497194,0.24339931900021838,17014.803729357947,4547.765450376401,21562.569179734346,19078.259326532032,34805.95332624411,799.9735416827812,17561.286613091197,8,1,1,2418.3073345391067,8440.065664412745,5.684341886080802e-14,8.988365607365267e-13
H3_E1200,123,2025-05-04,3,1200.0,2025-05-04,122,28,114308.55572601812,0.2571052149996831,36533.05017460745,5373.627688356226,41906.677862963676,41940.95610872779,61438.041610319444,860.4710372564965,7343.609100075112,9,1,1,8440.065664412745,8356.978077050228,5.684341886080802e-14,9.094947017729282e-13
H3_E1200,124,2025-05-05,3,1200.0,2025-05-05,123,28,116026.14847532802,0.2587819790001049,36250.904971390286,6790.297760794752,43041.20273218504,43021.71401693098,61156.98486528703,1020.2730961698048,3162.110169610156,6,1,2,8356.978077050228,8404.217085207129,1.1368683772161603e-13,9.094947017729282e-13
H3_E1200,125,2025-05-06,3,1200.0,2025-05-06,124,28,122121.20555382408,0.255621087000236,38126.649008684515,1744.862047450153,39871.51105613467,39919.18444509863,63947.60214869878,277.38263772554956,7637.506170837259,5,1,3,8404.217085207129,8288.660796309821,1.1368683772161603e-13,9.094947017729282e-13
H3_E1200,126,2025-05-07,3,1200.0,2025-05-07,125,28,100186.07799051765,0.2415435879997858,38784.45782435207,2599.1595222599344,41383.617346612,41243.02854676882,64994.56625492168,372.58594069093095,6191.504836546824,1,1,1,8288.660796309821,8629.436233581187,5.684341886080802e-14,9.094947017729282e-13
H3_E1200,127,2025-05-08,3,1200.0,2025-05-08,126,28,78466.7623403281,0.22518253799989907,38058.86287684981,243.2289326250005,38302.09180947481,40115.560641273034,60186.21739945643,35.999250000000075,5751.799138919446,1,1,1,8629.436233581187,4233.740169432526,5.684341886080802e-14,9.094947017729282e-13
H3_E1200,128,2025-05-09,3,1200.0,2025-05-09,127,28,80200.12389305887,0.22437932999991972,16887.299186218206,0.0,16887.299186218206,16509.187940557134,30450.778503388115,0.0,18585.872428792176,0,0,0,4233.740169432526,5150.250056572211,0.0,7.958078640513122e-13
H3_E1200,129,2025-05-10,3,1200.0,2025-05-10,128,28,102695.06861415322,0.23698725300027945,19214.070775578053,0.0,19214.070775578053,17154.849978533588,35853.67957449078,0.0,15721.871894962811,0,0,0,5150.250056572211,10141.628234164507,5.684341886080802e-14,9.094947017729282e-13
H3_E1200,130,2025-05-11,3,1200.0,2025-05-11,129,28,125686.24619714115,0.25069631099995604,40028.12230931885,277.36103945833383,40305.48334877718,40568.136697556874,65356.60546109129,41.18071666666674,7165.281642927403,2,1,1,10141.628234164507,9504.97858724362,5.684341886080802e-14,9.094947017729282e-13
H3_E1200,131,2025-05-12,3,1200.0,2025-05-12,130,28,126292.2188354699,0.2529164329998821,38938.72523839708,0.0,38938.72523839708,38919.44109300747,64142.01971726709,0.0,9072.075956757262,0,0,0,9504.97858724362,9551.721735238909,5.684341886080802e-14,9.094947017729282e-13
H3_E1200,132,2025-05-13,3,1200.0,2025-05-13,131,28,127331.96922356608,0.24933913999984725,40184.78721378901,0.0,40184.78721378901,40138.828242053634,65911.67228270917,0.0,9263.089145518567,0,0,0,9551.721735238909,9663.122420835021,5.684341886080802e-14,9.094947017729282e-13
H3_E1200,133,2025-05-14,3,1200.0,2025-05-14,132,28,101740.25402885629,0.2359668670001156,39977.38430138302,0.0,39977.38430138302,39929.359631399944,65445.44285196198,0.0,8992.321879012856,0,0,0,9663.122420835021,9779.530185404832,1.1368683772161603e-13,9.094947017729282e-13
H3_E1200,134,2025-05-15,3,1200.0,2025-05-15,133,28,76728.90208243876,0.23137155599988546,37066.78872256158,0.0,37066.78872256158,39217.132024244704,58051.30464418712,0.0,7770.48700601974,0,0,0,9779.530185404832,4567.278713509296,1.1368683772161603e-13,9.094947017729282e-13
H3_E1200,135,2025-05-16,3,1200.0,2025-05-16,134,28,78574.94616306935,0.24988286799998605,16217.597721687845,0.0,16217.597721687845,16321.238960961848,28916.984642073832,0.0,24158.570939948204,0,0,0,4567.278713509296,4316.061058387826,5.329070518200751e-15,9.094947017729282e-13
H3_E1200,136,2025-05-17,3,1200.0,2025-05-17,135,28,98802.09127301337,0.26996723899992503,18923.208624445037,0.0,18923.208624445037,16599.09383799226,35670.761412675194,0.0,16577.33480299935,0,0,0,4316.061058387826,9949.52000750579,5.684341886080802e-14,9.094947017729282e-13
H3_E1200,137,2025-05-18,3,1200.0,2025-05-18,136,28,120558.23755975321,0.244113995999669,38685.950719916145,0.0,38685.950719916145,38772.489008394215,62918.786402637685,0.0,6081.3126965149495,0,0,0,9949.52000750579,9739.758467968317,5.684341886080802e-14,9.094947017729282e-13
H3_E1200,138,2025-05-19,3,1200.0,2025-05-19,137,28,120467.1655578604,0.2812656260002768,37291.44324593507,451.90398166666745,37743.34722760174,38008.42558681961,61398.61391042563,67.00333333333344,11401.060528084861,1,1,1,9739.758467968317,9097.230799516712,1.1368683772161603e-13,8.86402062860725e-13
H3_E1200,139,2025-05-20,3,1200.0,2025-05-20,138,28,120162.08124465992,0.269419925999955,38284.499592685905,0.0,38284.499592685905,38183.94874337765,62886.41421151034,0.0,4766.43657743228,0,0,0,9097.230799516712,9340.95760904386,5.684341886080802e-14,9.094947017729282e-13
H3_E1200,140,2025-05-21,3,1200.0,2025-05-21,139,28,97185.10948071859,0.24350860499998817,38614.40953563465,0.0,38614.40953563465,38599.67090652923,63593.6057427467,0.0,9042.475123362081,0,0,0,9340.95760904386,9376.682807521853,5.684341886080802e-14,9.094947017729282e-13
H3_E1200,141,2025-05-22,3,1200.0,2025-05-22,140,28,73173.32512247912,0.22265745300001072,35386.79187985459,0.0,35386.79187985459,37685.06108748908,55951.59699592464,0.0,8102.93596150009,0,0,0,9376.682807521853,3805.8713696790323,1.1368683772161603e-13,9.094947017729282e-13
H3_E1200,142,2025-05-23,3,1200.0,2025-05-23,141,28,75793.21571776363,0.22943534099977114,15442.441718002621,0.0,15442.441718002621,15307.136637990812,28200.387570465915,0.0,19106.39914318469,0,0,0,3805.8713696790323,4133.839514065319,3.552713678800501e-15,8.988365607365267e-13
H3_E1200,143,2025-05-24,3,1200.0,2025-05-24,142,28,97959.72367540158,0.23977519700019911,18476.150363991786,0.0,18476.150363991786,16052.618508949505,35190.82400111128,0.0,22619.913429991775,0,0,0,4133.839514065319,10008.277083518737,5.684341886080802e-14,7.958078640513122e-13
H3_E1200,144,2025-05-25,3,1200.0,2025-05-25,143,28,116929.60740355954,0.2506721610002387,37428.35436521126,0.0,37428.35436521126,37735.315283634256,61523.46546305253,0.0,10684.389187825383,0,0,0,10008.277083518737,9264.229610907109,1.1368683772161603e-13,9.094947017729282e-13
H3_E1200,145,2025-05-26,3,1200.0,2025-05-26,144,28,115427.45013143397,0.25044840200007457,35996.380265099775,0.0,35996.380265099775,36021.63929006453,59290.40947611904,0.0,1181.296873964542,0,0,0,9264.229610907109,9203.003856885347,5.684341886080802e-14,9.023892744153272e-13
H3_E1200,146,2025-05-27,3,1200.0,2025-05-27,145,28,118242.37929216899,0.25298816999975315,37958.15081580554,0.0,37958.15081580554,37968.77071874359,62584.73496971438,0.0,10038.29178843757,0,0,0,9203.003856885347,9177.262104544256,1.1368683772161603e-13,8.881784197001252e-13
H3_E1200,147,2025-05-28,3,1200.0,2025-05-28,146,28,93430.83726589302,0.2391796179999801,37427.22466513293,0.0,37427.22466513293,37341.12849826271,61874.47222843188,0.0,5936.0589230032665,0,0,0,9177.262104544256,9385.951978455381,5.684341886080802e-14,9.094947017729282e-13
H3_E1200,148,2025-05-29,3,1200.0,2025-05-29,147,28,70326.4453804018,0.22863146500003495,34159.78365086047,119.77769558333367,34279.5613464438,36817.69752122393,54416.37751569974,17.817433333333383,3548.040345359091,1,1,1,9385.951978455381,3233.7231680537852,5.684341886080802e-14,9.094947017729282e-13
H3_E1200,149,2025-05-30,3,1200.0,2025-05-30,148,28,74319.3136109086,0.22801188699986596,15279.560515759185,0.0,15279.560515759185,15011.55577680247,28379.912373620915,0.0,18842.51791643978,0,0,0,3233.7231680537852,3883.344135091339,0.0,9.094947017729282e-13
H3_E1200,150,2025-05-31,3,1200.0,2025-05-31,149,28,96008.55458637782,0.24073707199977434,18171.152403777884,0.0,18171.152403777884,15808.373590579857,35033.627138113254,0.0,17872.548733770323,0,0,0,3883.344135091339,9610.52143613692,5.684341886080802e-14,8.526512829121202e-13
H3_E1200,151,2025-06-01,3,1200.0,2025-06-01,150,28,116564.15329699956,0.22729655300008744,37931.69741802935,54123.273655008496,92054.97107303784,92886.07238134799,62794.706125723314,9399.94294295683,15.901242223280178,52,1,3,9610.52143613692,7596.0017014772675,1.1368683772161603e-13,8.988365607365267e-13
H3_E1200,152,2025-06-02,3,1200.0,2025-06-02,151,28,126806.93414720398,0.26165865299981306,39643.989689771755,44952.641468507776,84596.63115827953,84592.33780609843,66474.02168492916,7073.281183627627,1006.2957647251069,33,1,2,7596.0017014772675,7606.408426397804,5.684341886080802e-14,9.094947017729282e-13
H3_E1200,153,2025-06-03,3,1200.0,2025-06-03,152,28,139924.68340366986,0.2568024150000383,44068.75231875009,10006.126489235308,54074.8788079854,53870.02738989246,72786.88817097673,1639.9480776607759,1500.0610013491016,17,1,4,7606.408426397804,8102.951050377466,5.684341886080802e-14,9.094947017729282e-13
H3_E1200,154,2025-06-04,3,1200.0,2025-06-04,153,28,117677.41728914717,0.25240281699961997,45646.96200374002,4128.797633427887,49775.7596371679,49771.37417014155,74929.7523910647,659.9596134561045,1924.7728003507398,13,1,4,8102.951050377466,8113.581053942554,5.684341886080802e-14,9.094947017729282e-13
H3_E1200,155,2025-06-05,3,1200.0,2025-06-05,154,28,93143.05030780981,0.2608294530000421,45275.22893879802,3147.049370864471,48422.27830966249,50715.23277392309,71760.92229529416,509.1899335062783,3052.8659309679074,11,1,4,8113.581053942554,2555.652107445014,5.684341886080802e-14,9.094947017729282e-13
H3_E1200,156,2025-06-06,3,1200.0,2025-06-06,155,28,104595.22062406866,0.25736602899996797,19761.620228658183,11813.113780892152,31574.734009550335,31319.291763862508,35620.3471666845,1757.6817952065744,3190.0360409456825,7,1,2,2555.652107445014,3174.8226464136246,0.0,8.988365607365267e-13
H3_E1200,157,2025-06-07,3,1200.0,2025-06-07,156,28,144672.66891496518,0.2679906910002501,24196.364213829984,0.0,24196.364213829984,21898.821409759817,44405.801019006954,0.0,4573.389191336395,0,0,0,3174.8226464136246,8743.873343055557,5.684341886080802e-14,7.958078640513122e-13
H3_E1200,158,2025-06-08,3,1200.0,2025-06-08,157,28,182117.39154785016,0.26045918199997686,57653.55936660011,0.0,57653.55936660011,57119.01504863283,90813.33442254443,0.0,21360.58098935592,0,0,0,8743.873343055557,10039.563852537254,1.1368683772161603e-13,9.094947017729282e-13
H3_E1200,159,2025-06-09,3,1200.0,2025-06-09,158,28,171760.4272332918,0.2627111709998644,50513.91429727014,0.0,50513.91429727014,50781.5790258876,80591.16507394676,0.0,6372.672896922955,0,0,0,10039.563852537254,9390.767041991288,8.526512829121202e-14,9.094947017729282e-13
H3_E1200,160,2025-06-10,3,1200.0,2025-06-10,159,28,176250.64504723038,0.2652603689998614,54931.06634729901,0.0,54931.06634729901,54677.29556873663,86490.42842804402,0.0,10525.284787483428,0,0,0,9390.767041991288,10005.886085099679,5.684341886080802e-14,9.094947017729282e-13
H3_E1200,161,2025-06-11,3,1200.0,2025-06-11,160,28,144312.83049066935,0.2656309570002122,54055.62299309227,1365.8527066160307,55421.4756997083,55474.495075879786,85574.35560487633,283.5776166447474,5636.573803822706,3,1,1,10005.886085099679,9877.371572429767,1.1368683772161603e-13,9.094947017729282e-13
H3_E1200,162,2025-06-12,3,1200.0,2025-06-12,161,28,116537.8507787959,0.2700379149996479,54401.154404771936,0.0,54401.154404771936,55559.804144011185,84084.9501105269,0.0,11067.600880578599,0,0,0,9877.371572429767,7068.9019647935565,5.684341886080802e-14,9.094947017729282e-13
H3_E1200,163,2025-06-13,3,1200.0,2025-06-13,162,28,118760.48166339849,0.27376603299990165,24907.14319848812,0.0,24907.14319848812,24490.238930297823,42294.2923785599,0.0,10416.493501423416,0,0,0,7068.9019647935565,8079.442878801817,7.105427357601002e-15,9.094947017729282e-13
H3_E1200,164,2025-06-14,3,1200.0,2025-06-14,163,28,149714.57705755514,0.26476716299976033,26174.23631350763,0.0,26174.23631350763,25241.57003007895,45358.99235284128,0.0,14412.449237191913,0,0,0,8079.442878801817,10340.14757873667,5.684341886080802e-14,9.094947017729282e-13
H3_E1200,165,2025-06-15,3,1200.0,2025-06-15,164,28,178446.94487740126,0.26388158599957023,55778.47265254585,0.0,55778.47265254585,55696.162547147294,87398.12137164635,0.0,12922.532159692804,0,0,0,10340.14757873667,10539.660357779776,1.1368683772161603e-13,9.094947017729282e-13
H3_E1200,166,2025-06-16,3,1200.0,2025-06-16,165,28,175604.8903959575,0.26484799099989687,52646.617121839576,52.69981830876797,52699.31694014835,53068.39728006121,83134.61296848759,7.8178042291600605,7442.124942267557,1,1,1,10539.660357779776,9645.040627314977,1.4921397450962104e-13,9.094947017729282e-13
H3_E1200,167,2025-06-17,3,1200.0,2025-06-17,166,28,179026.10286586854,0.26821938200009754,55714.77558415105,0.0,55714.77558415105,55610.370428618175,87749.10825160827,0.0,8901.249707306515,0,0,0,9645.040627314977,9898.109951256778,5.684341886080802e-14,9.094947017729282e-13
H3_E1200,168,2025-06-18,3,1200.0,2025-06-18,167,28,147870.78102304338,0.2811201079998682,55875.63029331379,0.0,55875.63029331379,55815.41402385858,87971.51663548007,0.0,13454.011099224539,0,0,0,9898.109951256778,10044.069128498066,7.105427357601002e-14,9.094947017729282e-13
H3_E1200,169,2025-06-19,3,1200.0,2025-06-19,168,28,113057.91828778716,0.27724022700022033,53035.67230931597,292.96119204060585,53328.63350135657,54394.48299612923,82668.72342375299,43.48061983107516,13698.792089113405,2,1,1,10044.069128498066,7460.539515529055,1.1368683772161603e-13,8.846257060213247e-13
H3_E1200,170,2025-06-20,3,1200.0,2025-06-20,169,28,111741.96296140805,0.2843140019999737,22736.241534540837,0.0,22736.241534540837,22932.69340377198,38445.44066884193,0.0,14148.585580554958,0,0,0,7460.539515529055,6984.35669218397,1.4210854715202004e-14,8.810729923425242e-13
H3_E1200,171,2025-06-21,3,1200.0,2025-06-21,170,28,138468.9042861098,0.26223217200004,23593.491904576866,0.0,23593.491904576866,22216.32136269306,41478.734317735754,0.0,15768.87173555222,0,0,0,6984.35669218397,10322.502363327047,5.684341886080802e-14,9.094947017729282e-13
H3_E1200,172,2025-06-22,3,1200.0,2025-06-22,171,28,162520.599864037,0.2643887019999056,49572.34072949563,169.26311018290858,49741.60383967854,50154.84344751252,78828.22832619018,25.10838308900236,8899.064341632407,2,1,2,10322.502363327047,9320.84427808443,5.684341886080802e-14,9.094947017729282e-13
H3_E1200,173,2025-06-23,3,1200.0,2025-06-23,172,28,161866.4160903847,0.26488637900001777,49888.324726797655,4.919136940528247,49893.243863738186,49877.39057336643,80153.20657234857,0.7297340069022766,9141.034063274812,1,1,1,9320.84427808443,9359.271321808053,1.1368683772161603e-13,9.094947017729282e-13
H3_E1200,174,2025-06-24,3,1200.0,2025-06-24,173,28,162045.56369383636,0.2636788230001912,50376.14894048676,8425.742327398611,58801.891267885374,58788.15987967628,80283.82997398227,1758.023668905177,1477.044090835792,9,1,1,9359.271321808053,9392.55505299089,5.684341886080802e-14,8.952838470577262e-13
H3_E1200,175,2025-06-25,3,1200.0,2025-06-25,174,28,136623.79145333785,0.2624175539999669,52690.64216979762,0.0,52690.64216979762,52672.01492983734,83903.96106866976,0.0,9540.039471835684,0,0,0,9392.55505299089,9437.70591742463,1.1368683772161603e-13,9.094947017729282e-13
H3_E1200,176,2025-06-26,3,1200.0,2025-06-26,175,28,104826.41587162719,0.26164177700002256,50762.02081004514,64.69591812516803,50826.71672817031,52249.328077588456,79318.8968781427,9.60378803906599,11865.296605274281,1,1,1,9437.70591742463,5989.415547167871,1.1368683772161603e-13,8.988365607365267e-13
H3_E1200,177,2025-06-27,3,1200.0,2025-06-27,176,28,105063.2335899481,0.26852465200045117,21361.692615467422,0.0,21361.692615467422,21215.626200422965,37421.49328625662,0.0,14943.525881109455,0,0,0,5989.415547167871,6343.468263408137,5.684341886080802e-14,9.094947017729282e-13
H3_E1200,178,2025-06-28,3,1200.0,2025-06-28,177,28,133551.7058097519,0.26661923900019247,22562.93600593056,0.0,22562.93600593056,21212.640152769396,40743.72602947496,0.0,12825.0392234738,0,0,0,6343.468263408137,9616.471947343089,5.684341886080802e-14,8.668621376273222e-13
H3_E1200,179,2025-06-29,3,1200.0,2025-06-29,178,28,162288.14407785036,0.2522793719999754,50332.544892926846,0.0,50332.544892926846,50445.43693681224,80385.47323170277,0.0,7738.309643889386,0,0,0,9616.471947343089,9342.83111918026,5.684341886080802e-14,9.094947017729282e-13
H3_E1200,180,2025-06-30,3,1200.0,2025-06-30,179,28,161129.48935535486,0.25746553599992694,49664.246159510374,531.1942015745466,50195.44036108492,50305.162914526176,79553.09609713858,78.8217331315492,6192.33630321923,3,1,2,9342.83111918026,9076.87286952464,5.684341886080802e-14,9.094947017729282e-13
H3_E1200,181,2025-07-01,3,1200.0,2025-07-01,180,42,161810.82322214625,0.3678250839998327,50929.7104992792,16694.812645477436,67624.52314475663,68176.17638888252,81598.2610741005,2804.3740040845196,2697.91773718948,24,1,4,9076.87286952464,7739.711760681934,1.1368683772161603e-13,8.810729923425242e-13
H3_E1200,182,2025-07-02,3,1200.0,2025-07-02,181,42,132816.73932727988,0.4210089909997805,52151.73471200267,8915.396935190649,61067.13164719332,61006.028115558,83814.66081458733,1372.8009890703834,8291.243076748939,16,1,3,7739.711760681934,7887.821586891969,1.9184653865522705e-13,9.094947017729282e-13
H3_E1200,183,2025-07-03,3,1200.0,2025-07-03,182,42,101319.88048149702,0.38351980700008426,48918.590015696296,12751.024200944817,61669.614216641115,63860.354563120956,76517.58305270471,2114.530036224268,439.74120412973275,21,1,4,7887.821586891969,2577.651072935985,5.684341886080802e-14,9.094947017729282e-13
H3_E1200,184,2025-07-04,3,1200.0,2025-07-04,183,42,108194.18169906871,0.4054135030000907,23175.66110978245,9148.179256826776,32323.840366609227,32267.46139272378,39995.66863502558,1877.6375189101807,10185.225882628902,27,1,5,2577.651072935985,2714.3089681606093,2.842170943040401e-14,7.709388682997087e-13
H3_E1200,185,2025-07-05,3,1200.0,2025-07-05,184,42,140251.40760187892,0.4272594939998271,26682.32034656303,4747.29841044929,31429.61875701232,29078.20690845839,47700.786086299086,763.7590453439151,10654.083296072211,10,1,4,2714.3089681606093,8413.933702064562,1.4210854715202004e-14,9.094947017729282e-13
H3_E1200,186,2025-07-06,3,1200.0,2025-07-06,185,42,177875.31126227544,0.43312621100039905,53394.099906225034,10490.606626881014,63884.706533106044,63803.48463951906,85054.66644442962,1553.5469216494243,2384.2952468131707,10,1,3,8413.933702064562,8610.80874711785,5.684341886080802e-14,9.094947017729282e-13
H3_E1200,187,2025-07-07,3,1200.0,2025-07-07,186,42,194036.6306019443,0.4224252029998752,55285.46169848056,365.4344718814757,55650.89617036204,55513.51304214473,87428.93313463507,54.230778860404484,10237.77508656685,4,1,2,8610.80874711785,8943.813905737772,5.684341886080802e-14,9.094947017729282e-13
H3_E1200,188,2025-07-08,3,1200.0,2025-07-08,187,42,203869.04881245334,0.4149417580001682,64120.05037105673,0.0,64120.05037105673,63354.27048572388,99589.87302861095,0.0,18543.087303441534,0,0,0,8943.813905737772,10800.0,1.1368683772161603e-13,9.094947017729282e-13
H3_E1200,189,2025-07-09,3,1200.0,2025-07-09,188,42,159186.22080794835,0.4229806780003855,57886.301550526885,0.0,57886.301550526885,58093.4636366017,89777.60982804833,0.0,12923.630818089834,0,0,0,10800.0,10297.8565109956,1.1368683772161603e-13,9.094947017729282e-13
H3_E1200,190,2025-07-10,3,1200.0,2025-07-10,189,42,125504.46164736207,0.4086636760002875,55243.09950057733,0.0,55243.09950057733,57103.39464108977,84382.1833128295,0.0,12999.6813981254,0,0,0,10297.8565109956,5788.657409295632,1.1368683772161603e-13,9.094947017729282e-13
H3_E1200,191,2025-07-11,3,1200.0,2025-07-11,190,42,125823.98646535055,0.3944037619999108,28541.22803563396,0.0,28541.22803563396,28517.43802003334,46458.75982232037,0.0,11239.68873272679,0,0,0,5788.657409295632,5846.322408058247,1.4210854715202004e-14,9.094947017729282e-13
H3_E1200,192,2025-07-12,3,1200.0,2025-07-12,191,42,154530.35019386437,0.40256394500011083,30521.51594229863,0.0,30521.51594229863,28722.66256170514,51846.80745782032,0.0,13345.560460530556,0,0,0,5846.322408058247,10206.591846609666,0.0,9.094947017729282e-13
H3_E1200,193,2025-07-13,3,1200.0,2025-07-13,192,42,185458.86438009885,0.4092603610001788,56785.11749004278,101.11441505876255,56886.231905101544,56952.407530390505,88863.23766428235,15.04119227352362,16489.684515718214,1,1,1,10206.591846609666,10046.1876915866,1.1368683772161603e-13,9.094947017729282e-13
H3_E1200,194,2025-07-14,3,1200.0,2025-07-14,193,42,183223.63829014526,0.4163927170002353,53139.73176630442,0.0,53139.73176630442,53318.85596880643,83927.32934079287,0.0,9104.12609420362,0,0,0,10046.1876915866,9612.005676364935,5.684341886080802e-14,9.094947017729282e-13
H3_E1200,195,2025-07-15,3,1200.0,2025-07-15,194,42,187233.7923145593,0.38792254899999534,58966.80852697054,0.0,58966.80852697054,58476.69486878643,91854.25590360882,0.0,14730.894062900017,0,0,0,9612.005676364935,10800.0,1.1368683772161603e-13,9.094947017729282e-13
H3_E1200,196,2025-07-16,3,1200.0,2025-07-16,195,42,152040.75111165416,0.3620430809996833,55814.96359369775,0.0,55814.96359369775,55968.24417209953,87401.12251955536,0.0,12320.840551234285,0,0,0,10800.0,10428.460757981158,1.1368683772161603e-13,7.958078640513122e-13
H3_E1200,197,2025-07-17,3,1200.0,2025-07-17,196,42,120479.89759390664,0.3329745309997634,53002.72789757363,0.0,53002.72789757363,54934.21109284231,81117.72001938097,0.0,9804.170192735428,0,0,0,10428.460757981158,5746.707793419311,1.1368683772161603e-13,9.094947017729282e-13
H3_E1200,198,2025-07-18,3,1200.0,2025-07-18,197,42,121551.9741095999,0.3286679060001916,28130.688729444948,0.0,28130.688729444948,28056.738486287653,45819.58259156955,0.0,11849.939214812139,0,0,0,5746.707793419311,5925.956968861182,1.4210854715202004e-14,6.252776074688882e-13
H3_E1200,199,2025-07-19,3,1200.0,2025-07-19,198,42,148000.40299280954,0.3555841140000666,29520.975257369802,0.0,29520.975257369802,27962.381343486755,50183.92848836397,0.0,16230.438854718497,0,0,0,5925.956968861182,9703.857648890114,1.0658141036401503e-14,9.094947017729282e-13
H3_E1200,200,2025-07-20,3,1200.0,2025-07-20,199,42,172380.61883376315,0.3604209249997439,53492.038517468434,0.0,53492.038517468434,53479.84449926594,84362.3175666907,0.0,8622.247917705301,0,0,0,9703.857648890114,9733.41492436073,5.684341886080802e-14,9.094947017729282e-13
H3_E1200,201,2025-07-21,3,1200.0,2025-07-21,200,42,170721.8843953508,0.36372066400008407,52875.94333174889,0.0,52875.94333174889,52946.562236178266,83736.64720118663,0.0,6122.682329777671,0,0,0,9733.41492436073,9562.240634065982,8.526512829121202e-14,9.094947017729282e-13
H3_E1200,202,2025-07-22,3,1200.0,2025-07-22,201,42,171161.3596064649,0.3612205139997968,53722.651215677586,135.98662961603907,53858.637845293626,53907.25616620341,84999.36036030884,20.148666267272347,7611.221546985475,2,1,1,9562.240634065982,9444.393909533768,1.1368683772161603e-13,9.094947017729282e-13
H3_E1200,203,2025-07-23,3,1200.0,2025-07-23,202,42,141031.73704542665,0.3485007199997199,53778.54973610954,18.60526979023712,53797.155005899775,53859.22274028189,85306.27686413677,2.7534453920666238,7306.661600077946,2,1,2,9444.393909533768,9293.946936886574,1.1368683772161603e-13,9.094947017729282e-13
H3_E1200,204,2025-07-24,3,1200.0,2025-07-24,203,42,111821.36512860913,0.334363736999876,50879.72116479621,0.0,50879.72116479621,52671.1159722158,78787.8365708494,0.0,6285.386952384024,0,0,0,9293.946936886574,4951.756452971604,5.684341886080802e-14,9.094947017729282e-13
H3_E1200,205,2025-07-25,3,1200.0,2025-07-25,204,42,113261.80260369608,0.3320924660001765,25520.045145139036,0.0,25520.045145139036,25722.73109284927,42508.18142883692,0.0,13984.792322338832,0,0,0,4951.756452971604,4460.462747237134,1.0658141036401503e-14,8.526512829121202e-13
H3_E1200,206,2025-07-26,3,1200.0,2025-07-26,205,42,140609.76509779823,0.36072416500019244,28660.232026803114,0.0,28660.232026803114,26562.363313523507,49316.45903861866,0.0,12673.793044589762,0,0,0,4460.462747237134,9545.520226234301,7.105427357601002e-15,6.821210263296962e-13
H3_E1200,207,2025-07-27,3,1200.0,2025-07-27,206,42,166049.00572516496,0.38308830200003285,52268.742839084116,2954.409788330494,55223.15262741461,55287.65099637329,83136.33339651654,578.0597692688509,6080.214309497071,4,1,1,9545.520226234301,9389.181599617523,1.1368683772161603e-13,8.754108549169359e-13
H3_E1200,208,2025-07-28,3,1200.0,2025-07-28,207,42,167397.2854079931,0.3936632059999283,51815.48300427138,3334.7965052380696,55150.27950950945,55432.66865049997,82545.7220077865,522.4989534246688,1695.4575016552649,7,1,3,9389.181599617523,8704.694050758193,4.263256414560601e-14,9.094947017729282e-13
H3_E1200,209,2025-07-29,3,1200.0,2025-07-29,208,42,172961.13576923,0.38645668200024375,54838.2596108801,321.90698338691317,55160.166594267015,54886.81884696889,87227.42411975708,47.549401655614474,6620.274998927873,3,1,2,8704.694050758193,9367.266021047206,8.526512829121202e-14,9.094947017729282e-13
H3_E1200,210,2025-07-30,3,1200.0,2025-07-30,209,42,142662.85709210086,0.38276600500012137,54445.02477874985,0.0,54445.02477874985,54372.551869959236,86249.82641791349,0.0,8227.851471131202,0,0,0,9367.266021047206,9542.934262123303,5.684341886080802e-14,8.988365607365267e-13
H3_E1200,211,2025-07-31,3,1200.0,2025-07-31,210,42,111891.50885369112,0.3686658560000069,51568.74578260861,89.04120886047616,51657.78699146909,53665.00582291274,80120.27578251637,13.245252340717911,6887.050573848117,1,1,1,9542.934262123303,4677.604479469697,1.1368683772161603e-13,9.094947017729282e-13
H3_E1200,212,2025-08-01,3,1200.0,2025-08-01,211,42,113332.37918699223,0.33330546800016236,25797.856382217855,0.0,25797.856382217855,25761.380595826446,43027.3968393885,0.0,19297.21070783905,0,0,0,4677.604479469697,4766.018720655446,1.4210854715202004e-14,9.094947017729282e-13
H3_E1200,213,2025-08-02,3,1200.0,2025-08-02,212,42,136647.85099950858,0.3810103790001449,27829.319497774355,0.0,27829.319497774355,25866.054067932753,48026.365732923005,0.0,19305.702984051983,0,0,0,4766.018720655446,9524.809151189897,0.0,9.094947017729282e-13
H3_E1200,214,2025-08-03,3,1200.0,2025-08-03,213,42,157336.44736241418,0.4114577969999118,49809.31257656553,1134.3436231021865,50943.65619966771,51332.14149803413,79222.66232824043,168.33744328106957,14128.605962907883,5,1,1,9524.809151189897,8583.153432014633,1.1368683772161603e-13,9.094947017729282e-13
H3_E1200,215,2025-08-04,3,1200.0,2025-08-04,214,42,152917.7884606952,0.4064766049996251,47972.06856292348,29.322820594894242,48001.39138351837,47784.72602578581,76420.2230993624,4.355089944288466,6916.406190741551,1,1,1,8583.153432014633,9108.332052966165,1.1368683772161603e-13,9.094947017729282e-13
H3_E1200,216,2025-08-05,3,1200.0,2025-08-05,215,42,152417.85925284,0.4108704380000745,48853.581932187255,0.0,48853.581932187255,48821.752134326605,77510.63585505064,0.0,8765.93513160819,0,0,0,9108.332052966165,9185.484808351523,5.684341886080802e-14,9.094947017729282e-13
H3_E1200,217,2025-08-06,3,1200.0,2025-08-06,216,42,125945.53829496834,0.39676301700001204,48101.48066531503,3677.2819022196636,51778.76256753469,52043.14009189475,76408.16432022094,542.6934321191139,5922.143820161273,4,1,3,9185.484808351523,8544.65590470474,1.1368683772161603e-13,9.094947017729282e-13
H3_E1200,218,2025-08-07,3,1200.0,2025-08-07,217,42,101960.53813511072,0.37539631700019527,46193.250652544986,78.30905372951891,46271.55970627451,48250.543186152216,71282.28898131532,11.59298754655299,9623.550708851479,2,1,2,8544.65590470474,3747.766241656157,5.684341886080802e-14,9.094947017729282e-13
H3_E1200,219,2025-08-08,3,1200.0,2025-08-08,218,42,103815.54075365019,0.371801762999894,24662.10428821059,0.0,24662.10428821059,24434.2144733548,41639.73636473019,0.0,22807.495149852944,0,0,0,3747.766241656157,4300.152003493514,0.0,8.100187187665142e-13
H3_E1200,220,2025-08-09,3,1200.0,2025-08-09,219,42,125143.93390378136,0.3917295370001739,26565.653931021254,0.0,26565.653931021254,24493.654147965106,46371.07810008278,0.0,19367.003380324466,0,0,0,4300.152003493514,9322.505369371598,4.884981308350689e-15,8.384404281969182e-13
H3_E1200,221,2025-08-10,3,1200.0,2025-08-10,220,42,145885.26233962644,0.40304799800014735,47197.00014134215,245.7419923592571,47442.74213370141,47508.02605195478,74481.69309526641,35.86800300955656,5988.638440902905,2,1,1,9322.505369371598,9164.262637273474,5.684341886080802e-14,8.846257060213247e-13
H3_E1200,222,2025-08-11,3,1200.0,2025-08-11,221,42,145660.09394680144,0.41118895199997496,46205.53297770211,1432.7471869232477,47638.28016462536,47782.38261607098,73296.50755739637,212.5141268022096,5581.782205542975,6,1,2,9164.262637273474,8814.97040376672,5.684341886080802e-14,9.094947017729282e-13
H3_E1200,223,2025-08-12,3,1200.0,2025-08-12,222,42,147105.83312812398,0.40993129999969824,46990.93098193763,4605.575561681038,51596.50654361867,51562.454787197064,74605.0015329417,672.1417409443635,3935.1066522980395,9,1,2,8814.97040376672,8897.50899999469,1.1368683772161603e-13,9.094947017729282e-13
H3_E1200,224,2025-08-13,3,1200.0,2025-08-13,223,42,124832.71320535845,0.3817072809997626,48119.56373921824,449.8421385272513,48569.40587774549,48417.81459406785,76412.14477200068,66.44917791770456,6456.635676539265,3,1,2,8897.50899999469,9264.953533552129,2.842170943040401e-14,9.094947017729282e-13
H3_E1200,225,2025-08-14,3,1200.0,2025-08-14,224,42,99501.69524826441,0.36598730000014257,45241.54291472447,278.894531654426,45520.4374463789,47794.90406738236,69990.03120972274,40.313532512145116,6304.128414288961,2,1,2,9264.953533552129,3751.8375655932955,1.1368683772161603e-13,9.094947017729282e-13
H3_E1200,226,2025-08-15,3,1200.0,2025-08-15,225,42,102501.5246146117,0.3570290739999109,24695.9338121463,0.0,24695.9338121463,24499.734588616775,41455.2382329971,0.0,21281.947698442826,0,0,0,3751.8375655932955,4227.40799698724,7.105427357601002e-15,9.094947017729282e-13
H3_E1200,227,2025-08-16,3,1200.0,2025-08-16,226,42,124019.7665805324,0.3712523600001987,26600.440319484762,0.0,26600.440319484762,24531.72182398008,46508.37158059371,0.0,21503.465440307446,0,0,0,4227.40799698724,9241.807797564168,2.842170943040401e-14,8.384404281969182e-13
H3_E1200,228,2025-08-17,3,1200.0,2025-08-17,227,42,144313.54342124512,0.37993956599984813,46809.89324918957,693.1904374601227,47503.08368664969,47585.64832784837,73856.22744347822,102.9384884561407,7399.7613958606835,4,1,1,9241.807797564168,9041.67804512998,5.684341886080802e-14,8.419931418757187e-13
H3_E1200,229,2025-08-18,3,1200.0,2025-08-18,228,42,143760.29361192373,0.3799445839999862,45555.04832173924,1122.947884744401,46677.99620648364,46810.41354954786,72118.33751920905,165.43355832919872,4420.981555473771,7,1,3,9041.67804512998,8720.709532450752,5.684341886080802e-14,9.094947017729282e-13
H3_E1200,230,2025-08-19,3,1200.0,2025-08-19,229,42,146440.0709690032,0.3803314209999371,47778.74355594185,834.4093027534146,48613.15285869527,48459.212614148324,75421.84950442106,123.69224078867069,7355.389616879868,4,1,2,8720.709532450752,9093.84774977434,1.1368683772161603e-13,9.094947017729282e-13
H3_E1200,231,2025-08-20,3,1200.0,2025-08-20,230,42,122021.39451726025,0.3554014320002352,47137.16840637094,6006.200989058125,53143.369395429065,53269.49275308618,74345.10130178957,1117.9899474218028,1161.6447059386874,11,1,4,9093.84774977434,8788.135328844082,1.1368683772161603e-13,9.094947017729282e-13
H3_E1200,232,2025-08-21,3,1200.0,2025-08-21,231,42,100437.15308060401,0.34050930300008986,46568.576140186706,8.978780493809221,46577.554920680515,48347.975633796785,72032.36879391811,1.331274444926862,7492.359270515448,1,1,1,8788.135328844082,4496.784287086367,5.684341886080802e-14,9.094947017729282e-13
H3_E1200,233,2025-08-22,3,1200.0,2025-08-22,232,42,101893.6949601236,0.3313464779998867,24467.373732462947,0.0,24467.373732462947,24504.60523328558,41244.99933723371,0.0,17529.84387351516,0,0,0,4496.784287086367,4406.53825762133,1.3322676295501878e-15,9.094947017729282e-13
H3_E1200,234,2025-08-23,3,1200.0,2025-08-23,233,42,126356.04614732848,0.35921078299998044,27083.214728211755,0.0,27083.214728211755,25055.160314779725,46934.94497714589,0.0,16512.47832515656,0,0,0,4406.53825762133,9322.371740219838,5.684341886080802e-14,8.064660050877137e-13
H3_E1200,235,2025-08-24,3,1200.0,2025-08-24,234,42,149723.20728591728,0.38052637999999206,48603.72763290581,0.0,48603.72763290581,48651.067944139475,76912.6770796951,0.0,9604.297537157236,0,0,0,9322.371740219838,9207.622803752565,1.1368683772161603e-13,8.952838470577262e-13
H3_E1200,236,2025-08-25,3,1200.0,2025-08-25,235,42,148731.4309981667,0.3781024970003273,47249.10619090886,5538.2950450509215,52787.401235959784,52971.647288197884,74734.57117942184,807.8745617502249,1360.8643522938055,4,1,2,9207.622803752565,8761.025855154956,1.1368683772161603e-13,9.094947017729282e-13
H3_E1200,237,2025-08-26,3,1200.0,2025-08-26,236,42,153428.81861613816,0.3817741770003522,49442.92843084765,0.0,49442.92843084765,49159.19244489676,78356.6633182863,0.0,8341.533714803076,0,0,0,8761.025855154956,9448.778043024062,1.1368683772161603e-13,9.094947017729282e-13
H3_E1200,238,2025-08-27,3,1200.0,2025-08-27,237,42,127704.15502245902,0.3691405429999577,49084.87508911239,0.0,49084.87508911239,49200.02414274653,77248.20702615779,0.0,5687.994287049719,0,0,0,9448.778043024062,9169.666412884762,1.1368683772161603e-13,9.094947017729282e-13
H3_E1200,239,2025-08-28,3,1200.0,2025-08-28,238,42,103110.4996199935,0.34277884400034964,47385.6437760094,345.92636282098306,47731.57013883038,49521.56095505542,72927.52405218384,51.31704733839763,3088.445273084225,3,1,2,9169.666412884762,4830.879085649267,5.684341886080802e-14,8.86402062860725e-13
H3_E1200,240,2025-08-29,3,1200.0,2025-08-29,239,42,106001.6882736564,0.34077286299998377,25640.798304822725,0.0,25640.798304822725,25501.698981914502,42649.69450508612,0.0,17073.679449338637,0,0,0,4830.879085649267,5168.044155989694,2.6645352591003757e-15,7.958078640513122e-13
H3_E1200,241,2025-08-30,3,1200.0,2025-08-30,240,42,130204.01272789371,0.38006711800017,27283.011318941688,0.0,27283.011318941688,25609.09704481032,46989.0814627932,0.0,21446.039706280193,0,0,0,5168.044155989694,9225.471698995967,0.0,8.597567102697212e-13
H3_E1200,242,2025-08-31,3,1200.0,2025-08-31,241,42,151753.60088876516,0.3988108810003723,49271.04628049936,125.95805356114467,49397.004334060504,49351.548359618006,77659.74909328239,18.378514340757647,7179.510684151148,2,1,2,9225.471698995967,9335.65316142056,5.684341886080802e-14,9.094947017729282e-13
H3_E1200,243,2025-09-01,3,1200.0,2025-09-01,242,42,151059.69861563647,0.3510567479997917,47915.66395922301,0.0,47915.66395922301,47311.53953570685,75788.439835291,0.0,17541.685766272352,0,0,0,9335.65316142056,10800.0,5.684341886080802e-14,9.094947017729282e-13
H3_E1200,244,2025-09-02,3,1200.0,2025-09-02,243,42,147037.4582591582,0.3917845969999689,47200.512510879955,0.0,47200.512510879955,47200.512510879955,74202.63005876697,0.0,16683.410088708093,0,0,0,10800.0,10800.0,1.1368683772161603e-13,9.094947017729282e-13
H3_E1200,245,2025-09-03,3,1200.0,2025-09-03,244,42,117697.49972340523,0.3753956119999202,45001.2691612661,0.0,45001.2691612661,45001.2691612661,70891.08723320346,0.0,12218.290856619513,0,0,0,10800.0,10800.0,5.684341886080802e-14,9.094947017729282e-13
H3_E1200,246,2025-09-04,3,1200.0,2025-09-04,245,42,91554.69225846794,0.35134574799985785,42332.617297897494,0.0,42332.617297897494,44060.617644342754,64968.9150128367,0.0,12246.130513635459,0,0,0,10800.0,6611.472362508121,1.1368683772161603e-13,9.094947017729282e-13
H3_E1200,247,2025-09-05,3,1200.0,2025-09-05,246,42,90775.31123316087,0.3513830980000421,20769.0641736272,0.0,20769.0641736272,20851.700372974774,35227.05308658469,0.0,25988.829175462954,0,0,0,6611.472362508121,6411.169159133989,5.684341886080802e-14,7.958078640513122e-13
H3_E1200,248,2025-09-06,3,1200.0,2025-09-06,247,42,103360.95167292596,0.3888440350001474,22385.95089704106,0.0,22385.95089704106,20634.64964739377,39800.49826632376,0.0,24624.130980600286,0,0,0,6411.169159133989,10656.176228033964,5.684341886080802e-14,7.958078640513122e-13
H3_E1200,249,2025-09-07,3,1200.0,2025-09-07,248,42,115042.01161640101,0.4042154160001701,40042.86727227531,0.0,40042.86727227531,40484.9267460182,63474.509512472825,0.0,6062.462283908289,0,0,0,10656.176228033964,9584.66120953518,5.684341886080802e-14,9.094947017729282e-13
H3_E1200,250,2025-09-08,3,1200.0,2025-09-08,249,42,110339.38971739598,0.4078051169999526,34416.69550213382,32733.440490487672,67150.1359926215,67749.17076547268,56506.15315246578,4979.965194171781,4.095856984164584,19,1,1,9584.66120953518,8132.651256488951,5.684341886080802e-14,9.094947017729282e-13
H3_E1200,251,2025-09-09,3,1200.0,2025-09-09,250,42,120772.67795615022,0.41483357100014473,39906.140463795804,2979.217646902394,42885.358110698195,42749.24581092543,65397.47836794868,446.2176736831721,8598.436640242286,6,1,3,8132.651256488951,8462.57603374586,1.1368683772161603e-13,8.846257060213247e-13
H3_E1200,252,2025-09-10,3,1200.0,2025-09-10,251,42,98218.9057946987,0.38028597299989997,38911.85121648901,14650.642677523474,53562.493894012485,53528.56362884673,63211.65421367215,2368.274244713981,319.3463315918567,16,1,4,8462.57603374586,8544.820145378444,5.684341886080802e-14,8.757439218243235e-13
H3_E1200,253,2025-09-11,3,1200.0,2025-09-11,252,42,78736.91652269804,0.35981065099986154,38890.37556462064,534.5519578185317,39424.927522439175,41197.0689955786,61873.50551820872,111.88452338703303,9454.074356426643,4,1,2,8544.820145378444,4249.298125918487,1.1368683772161603e-13,9.094947017729282e-13
H3_E1200,254,2025-09-12,3,1200.0,2025-09-12,253,42,80106.36457170804,0.36871288199972696,17955.43018791717,0.0,17955.43018791717,17887.12385301818,32638.559172269266,0.0,18150.11590684231,0,0,0,4249.298125918487,4414.86694199468,5.684341886080802e-14,9.094947017729282e-13
H3_E1200,255,2025-09-13,3,1200.0,2025-09-13,254,42,100703.13174274084,0.39868990500008294,20144.761677866005,0.0,20144.761677866005,18290.5468084844,37855.03706036358,0.0,22132.83526793388,0,0,0,4414.86694199468,8909.32797739313,5.684341886080802e-14,8.526512829121202e-13
H3_E1200,256,2025-09-14,3,1200.0,2025-09-14,255,42,118942.68092785652,0.41634939400000803,39519.60091895623,1904.157243326021,41423.758162282254,41675.88476211711,63959.81571731688,294.21312006820074,867.6674598738518,3,1,1,8909.32797739313,8298.194285361444,5.684341886080802e-14,9.094947017729282e-13
H3_E1200,257,2025-09-15,3,1200.0,2025-09-15,256,42,120921.702881322,0.4287689399998271,37844.79442612139,12275.407951278397,50120.20237739979,50135.470136240765,62585.68286561178,1885.2216861473967,5392.86935578268,15,1,3,8298.194285361444,8261.186520866757,5.684341886080802e-14,8.810729923425242e-13
H3_E1200,258,2025-09-16,3,1200.0,2025-09-16,257,42,125565.34674470012,0.4104734689999532,40356.536318577826,2294.2495918452896,42650.78591042312,42683.85497182923,65345.71694679029,373.35036567599604,2433.626470172195,8,1,3,8261.186520866757,8181.029894781382,5.684341886080802e-14,8.57980353430321e-13
H3_E1200,259,2025-09-17,3,1200.0,2025-09-17,258,42,104717.14869829024,0.38415888300005463,41560.7551977414,387.4381430662327,41948.19334080763,41859.694200278136,67792.45836674444,60.725959231978024,3624.3742829543653,3,1,3,8181.029894781382,8395.544374922894,5.684341886080802e-14,9.094947017729282e-13
H3_E1200,260,2025-09-18,3,1200.0,2025-09-18,259,42,82395.87241352179,0.36322590399959154,40672.274689265745,1285.880035641167,41958.15472490691,43477.57441440115,64472.62207678183,216.71507038171302,5960.047086341294,6,1,2,8395.544374922894,4712.598723038134,5.684341886080802e-14,8.846257060213247e-13
H3_E1200,261,2025-09-19,3,1200.0,2025-09-19,260,42,85931.64033418745,0.36096828500012634,19276.737410236376,0.0,19276.737410236376,18829.017954656538,34601.158222790786,0.0,14587.502664251331,0,0,0,4712.598723038134,5797.833061906584,5.684341886080802e-14,7.958078640513122e-13
H3_E1200,262,2025-09-20,3,1200.0,2025-09-20,261,42,112090.73172240864,0.3891166959997463,20982.920552821946,0.0,20982.920552821946,19471.508428416862,38334.60446376839,0.0,15786.212508743609,0,0,0,5797.833061906584,9461.369048883622,1.1368683772161603e-13,9.094947017729282e-13
H3_E1200,263,2025-09-21,3,1200.0,2025-09-21,262,42,141315.34235610501,0.40309627399983583,45287.65311990763,0.0,45287.65311990763,45388.21685061372,72192.23590651285,0.0,10827.110683516745,0,0,0,9461.369048883622,9217.61101593054,5.684341886080802e-14,9.094947017729282e-13
H3_E1200,264,2025-09-22,3,1200.0,2025-09-22,263,42,141283.12304729345,0.4008813730001748,44205.25406901975,131.78740035000044,44337.04146936975,44392.817662825604,70896.51969378987,19.555900000000065,6764.194555043579,2,1,1,9217.61101593054,9082.414209816166,5.684341886080802e-14,9.094947017729282e-13
H3_E1200,265,2025-09-23,3,1200.0,2025-09-23,264,42,143642.91649149547,0.4020847860001595,46226.612887614785,0.0,46226.612887614785,46053.32541630135,73876.12174024843,0.0,7483.147542275086,0,0,0,9082.414209816166,9502.448479091936,5.684341886080802e-14,9.094947017729282e-13
H3_E1200,266,2025-09-24,3,1200.0,2025-09-24,265,42,116449.3968578417,0.3764932669996597,45655.74704136056,0.0,45655.74704136056,45654.78203954842,72743.20065579725,0.0,7932.2268123083395,0,0,0,9502.448479091936,9504.787562396348,1.1368683772161603e-13,9.094947017729282e-13
H3_E1200,267,2025-09-25,3,1200.0,2025-09-25,266,42,89156.38660100965,0.3615689889998066,44037.0548251141,103.4974316666667,44140.55225678077,45552.30871299695,68582.8391619667,15.37166666666667,8488.904885691549,1,1,1,9504.787562396348,6082.8085411344,1.1368683772161603e-13,9.094947017729282e-13
H3_E1200,268,2025-09-26,3,1200.0,2025-09-26,267,42,91099.10017781737,0.36339155799987566,20125.337120894397,0.0,20125.337120894397,19914.38578886149,35621.96872539979,0.0,14692.793939974887,0,0,0,6082.8085411344,6594.136843934332,5.684341886080802e-14,9.094947017729282e-13
H3_E1200,269,2025-09-27,3,1200.0,2025-09-27,268,42,119180.79977136967,0.3932703489999767,21602.888978294137,0.0,21602.888978294137,20478.90819795032,38906.49488779027,0.0,15142.37959867407,0,0,0,6594.136843934332,9318.571808408977,5.684341886080802e-14,9.094947017729282e-13
H3_E1200,270,2025-09-28,3,1200.0,2025-09-28,269,42,146590.1617453814,0.4092296690000694,46539.064197445085,15.168266348326869,46554.232463793414,46508.68451408252,74026.97769883853,2.249983883160553,6552.2920617498185,1,1,1,9318.571808408977,9428.976211155566,1.1368683772161603e-13,9.094947017729282e-13
H3_E1200,271,2025-09-29,3,1200.0,2025-09-29,270,42,147332.75635359893,0.4099710010000308,46014.385603533425,134.7362566666671,46149.121860200095,46255.33044604333,73475.51901823224,26.015016666666725,7183.733522494868,2,1,2,9428.976211155566,9171.535523682067,5.684341886080802e-14,9.094947017729282e-13
H3_E1200,272,2025-09-30,3,1200.0,2025-09-30,271,42,148540.61501024704,0.3966195890002382,47486.66661547835,64.65347536819512,47551.320090846544,47376.39539090664,75213.59428533528,9.569077979456097,5400.154796696928,1,1,1,9171.535523682067,9595.538297573572,1.1368683772161603e-13,9.094947017729282e-13
H3_E1200,273,2025-10-01,3,1200.0,2025-10-01,272,42,120344.3155400145,0.3459446800002297,47384.3192593892,0.0,47384.3192593892,46887.41189259927,75358.00728876964,0.0,21293.215520283597,0,0,0,9595.538297573572,10800.0,1.1368683772161603e-13,9.023892744153272e-13
H3_E1200,274,2025-10-02,3,1200.0,2025-10-02,273,42,88210.26915238595,0.3821517030000905,43102.643414510574,0.0,43102.643414510574,44147.27173073329,66899.91754294271,0.0,14564.70698462386,0,0,0,10800.0,8267.908740639783,1.1368683772161603e-13,8.337774914934926e-13
H3_E1200,275,2025-10-03,3,1200.0,2025-10-03,274,42,86440.11578331026,0.3734791080000832,18370.412284699523,0.0,18370.412284699523,18422.65224410967,32817.156513383066,0.0,22234.877403449987,0,0,0,8267.908740639783,8141.283468705682,5.684341886080802e-14,9.094947017729282e-13
H3_E1200,276,2025-10-04,3,1200.0,2025-10-04,275,42,108880.96383883258,0.3719290010003533,20202.07225512502,0.0,20202.07225512502,19108.73269010266,36760.413836309555,0.0,17682.90350409364,0,0,0,8141.283468705682,10791.446701994455,5.684341886080802e-14,9.094947017729282e-13
H3_E1200,277,2025-10-05,3,1200.0,2025-10-05,276,42,132593.97831931314,0.3910762139998951,41941.23251119621,0.0,41941.23251119621,42187.412476555706,66915.77989592515,0.0,9295.502663090832,0,0,0,10791.446701994455,10194.727152240763,5.684341886080802e-14,9.094947017729282e-13
H3_E1200,278,2025-10-06,3,1200.0,2025-10-06,277,42,129178.77684305984,0.41814362700006313,40330.32988293971,0.0,40330.32988293971,40535.26531795973,64859.73597331438,0.0,3910.374376184713,0,0,0,10194.727152240763,9697.98087828972,1.1368683772161603e-13,8.846257060213247e-13
H3_E1200,279,2025-10-07,3,1200.0,2025-10-07,278,42,130608.75968852505,0.4135928119999335,43146.46707349495,0.0,43146.46707349495,42980.647387052886,69181.3671579455,0.0,7245.894599814243,0,0,0,9697.98087828972,10099.913864548413,5.684341886080802e-14,8.597567102697212e-13
H3_E1200,280,2025-10-08,3,1200.0,2025-10-08,279,42,102482.10082626245,0.39996207400008643,40480.840954301995,0.0,40480.840954301995,40980.71327838329,66194.23335011335,0.0,7285.3818625732865,0,0,0,10099.913864548413,8888.265354790348,5.684341886080802e-14,8.846257060213247e-13
H3_E1200,281,2025-10-09,3,1200.0,2025-10-09,280,42,78218.34302990168,0.382695614000113,39895.73546129475,0.0,39895.73546129475,41022.2176260827,64341.688512815475,0.0,7832.021622448248,0,0,0,8888.265354790348,6157.767244612193,1.1368683772161603e-13,9.094947017729282e-13
H3_E1200,282,2025-10-10,3,1200.0,2025-10-10,281,42,79568.78405345642,0.3852413690001413,17569.369086223727,0.0,17569.369086223727,17298.421602623897,33436.57040109981,0.0,20511.23919814452,0,0,0,6157.767244612193,6814.521177388511,5.684341886080802e-14,9.094947017729282e-13
H3_E1200,283,2025-10-11,3,1200.0,2025-10-11,282,42,102388.3034199817,0.3944325279999248,19027.297144123448,0.0,19027.297144123448,17978.131429407913,36487.82272907892,0.0,16620.53810984176,0,0,0,6814.521177388511,9357.610709421859,5.684341886080802e-14,7.389644451905042e-13
H3_E1200,284,2025-10-12,3,1200.0,2025-10-12,283,42,127210.15615604016,0.4291521980003381,41278.175063763905,98.03580773333336,41376.21087149724,41546.98942757574,67158.41115870517,20.929933333333338,5340.42043689937,1,1,1,9357.610709421859,8943.657839853717,5.684341886080802e-14,9.094947017729282e-13
H3_E1200,285,2025-10-13,3,1200.0,2025-10-13,284,42,127622.1025837611,0.4397862820001137,40359.58101154902,0.0,40359.58101154902,40426.687764140246,66127.55738737549,0.0,5303.363882699553,0,0,0,8943.657839853717,8780.996710491721,1.1368683772161603e-13,9.094947017729282e-13
H3_E1200,286,2025-10-14,3,1200.0,2025-10-14,285,42,129732.61704545809,0.4294220269998732,42524.15605351844,0.0,42524.15605351844,42347.815566230005,68983.21776818178,0.0,3822.782891072214,0,0,0,8780.996710491721,9208.431233948744,0.0,9.094947017729282e-13
H3_E1200,287,2025-10-15,3,1200.0,2025-10-15,286,42,104860.46411291801,0.41589668699998583,42121.03164228733,0.0,42121.03164228733,42286.04976141929,68652.70337631815,0.0,3281.1396270695896,0,0,0,9208.431233948744,8808.441179494768,5.684341886080802e-14,9.094947017729282e-13
H3_E1200,288,2025-10-16,3,1200.0,2025-10-16,287,42,80859.48964320714,0.3979147059999377,42192.99629796579,4564.2911636936315,46757.28746165942,47757.815053614744,67814.40011474388,664.5822205786899,4199.168411643561,2,1,1,8808.441179494768,6383.246370015124,0.0,9.094947017729282e-13
H3_E1200,289,2025-10-17,3,1200.0,2025-10-17,288,42,83516.40780006419,0.40055866600005174,18419.799066875385,0.0,18419.799066875385,18182.015397508647,34684.51639506101,0.0,15148.545901868943,0,0,0,6383.246370015124,6959.6140038154535,5.684341886080802e-14,9.094947017729282e-13
H3_E1200,290,2025-10-18,3,1200.0,2025-10-18,289,42,109853.83378159771,0.4345221120001952,19264.15689196108,0.0,19264.15689196108,18115.1040906132,36523.87852927338,0.0,14514.727285208673,0,0,0,6959.6140038154535,9744.821440424914,5.684341886080802e-14,9.094947017729282e-13
H3_E1200,291,2025-10-19,3,1200.0,2025-10-19,290,42,136633.42606155583,0.4542569469999762,43917.98941446637,0.0,43917.98941446637,44274.28927847526,71168.28148181595,0.0,4095.4908239728934,0,0,0,9744.821440424914,8881.180509619631,5.684341886080802e-14,9.094947017729282e-13
H3_E1200,292,2025-10-20,3,1200.0,2025-10-20,291,42,139307.73779865983,0.4762598080001226,44898.23933577529,978.3056177089609,45876.54495348425,45815.48798233685,72568.1509098281,201.93790558897635,4064.274787113908,4,1,1,8881.180509619631,9029.177477119396,1.1368683772161603e-13,9.094947017729282e-13
H3_E1200,293,2025-10-21,3,1200.0,2025-10-21,292,42,141992.06472535565,0.46226049500000954,46471.009604432504,0.0,46471.009604432504,46278.229587052825,74891.06364627116,0.0,3846.5687806977585,0,0,0,9029.177477119396,9496.460040118885,1.1368683772161603e-13,9.094947017729282e-13
H3_E1200,294,2025-10-22,3,1200.0,2025-10-22,293,42,113931.85001536182,0.4287326789999497,46087.53155337849,621.7695597167192,46709.30111309521,46885.0162887626,74525.08007641645,126.79054797574221,5360.589755155495,3,1,1,9496.460040118885,9070.541219486911,5.684341886080802e-14,9.094947017729282e-13
H3_E1200,295,2025-10-23,3,1200.0,2025-10-23,294,42,85953.213990665,0.4093419209998501,46242.002044673616,0.0,46242.002044673616,47014.49657423516,73351.07613107802,0.0,8190.513785447651,0,0,0,9070.541219486911,7198.079391839745,1.1368683772161603e-13,8.881784197001252e-13
H3_E1200,296,2025-10-24,3,1200.0,2025-10-24,295,42,86398.95032034162,0.40919908700016094,18404.725178422254,0.0,18404.725178422254,18394.105469745704,34396.18529607732,0.0,12853.602070593948,0,0,0,7198.079391839745,7223.820673307276,5.684341886080802e-14,9.094947017729282e-13
H3_E1200,297,2025-10-25,3,1200.0,2025-10-25,296,42,114752.82050326558,0.4342224800002441,19630.07057846695,0.0,19630.07057846695,18793.020768767634,37181.02287932757,0.0,12528.639867427924,0,0,0,7223.820673307276,9252.75907548715,5.684341886080802e-14,7.958078640513122e-13
H3_E1200,298,2025-10-26,3,1200.0,2025-10-26,297,42,142773.2824936571,0.4890812300000107,46754.60656868005,0.0,46754.60656868005,46626.275649380186,75091.89114645516,0.0,6329.650193778443,0,0,0,9252.75907548715,9563.822440340042,5.684341886080802e-14,9.094947017729282e-13
H3_E1200,299,2025-10-27,3,1200.0,2025-10-27,298,42,141707.42424537882,0.454306828999961,45158.87715600335,92.48526773333361,45251.36242373668,45523.279610021156,72826.90988195677,19.744933333333393,5905.938691726813,1,1,1,9563.822440340042,8904.718029739379,1.1368683772161603e-13,9.094947017729282e-13
H3_E1200,300,2025-10-28,3,1200.0,2025-10-28,299,42,142916.07316599914,0.47492985700000645,46771.88319375446,0.0,46771.88319375446,46594.25806888718,75118.13334001045,0.0,4575.461244483289,0,0,0,8904.718029739379,9335.266406740591,5.684341886080802e-14,9.094947017729282e-13
H3_E1200,301,2025-10-29,3,1200.0,2025-10-29,300,42,114755.14189321807,0.4431322190002902,46730.07135607344,146.57930857024218,46876.650664643676,46968.639593500826,74868.35239410815,30.61897993747229,1424.9216688655138,2,1,1,9335.266406740591,9112.292972936559,1.1368683772161603e-13,9.094947017729282e-13
H3_E1200,302,2025-10-30,3,1200.0,2025-10-30,301,42,87623.46537638233,0.4322171190001427,47171.95146354445,6.3513892252307524,47178.30285276968,47857.55833258055,74867.16242912109,1.3559754964198873,8105.414840747073,1,1,1,9112.292972936559,7465.834767092809,5.684341886080802e-14,9.094947017729282e-13
H3_E1200,303,2025-10-31,3,1200.0,2025-10-31,302,42,88096.32530294212,0.42328480899959686,19421.68312502966,0.0,19421.68312502966,19286.930857748626,35844.35059245487,0.0,8490.084692661068,0,0,0,7465.834767092809,7792.462939872047,5.684341886080802e-14,7.958078640513122e-13
H3_E1200,304,2025-11-01,3,1200.0,2025-11-01,303,42,117159.07720295952,0.3760797029999594,19936.759587502143,0.0,19936.759587502143,19169.358219086793,37264.60959881928,0.0,9571.094573687944,0,0,0,7792.462939872047,9652.579372874514,5.684341886080802e-14,8.526512829121202e-13
H3_E1200,305,2025-11-02,3,1200.0,2025-11-02,304,42,146334.01638710694,0.4577544929998112,47622.61919505369,459.33737797559144,48081.95657302928,48426.725205211274,76350.77500599704,65.84538101714327,4289.942319669233,1,1,1,9652.579372874514,8816.889179058753,5.684341886080802e-14,9.094947017729282e-13
H3_E1200,306,2025-11-03,3,1200.0,2025-11-03,305,42,148424.72088252337,0.45119298899999194,47821.43500978153,0.0,47821.43500978153,47708.58590737115,76908.851026624,0.0,3074.566938548264,0,0,0,8816.889179058753,9090.425920694484,5.684341886080802e-14,8.65085780787922e-13
H3_E1200,307,2025-11-04,3,1200.0,2025-11-04,306,42,150536.75329395683,0.4483035429998381,49141.347719901794,155.81717803333345,49297.16489793513,49391.495461563,78793.83646696352,33.59955000000002,7512.082142425286,2,1,1,9090.425920694484,8861.776560971672,1.1368683772161603e-13,9.094947017729282e-13
H3_E1200,308,2025-11-05,3,1200.0,2025-11-05,307,42,119561.9594510214,0.411556482999913,49227.831917360774,0.0,49227.831917360774,48975.821375429085,78556.01805131472,0.0,4124.9337922202885,0,0,0,8861.776560971672,9472.628938398337,1.7053025658242404e-13,8.739675649849232e-13
H3_E1200,309,2025-11-06,3,1200.0,2025-11-06,308,42,88771.2052805686,0.41175445399994715,48144.33177851118,1506.567659453186,49650.89943796436,50422.74251808252,76282.35365859671,309.7021465065206,3039.619261046248,5,1,1,9472.628938398337,7601.746169461239,1.1368683772161603e-13,9.094947017729282e-13
H3_E1200,310,2025-11-07,3,1200.0,2025-11-07,309,42,91414.87346045085,0.3957536890002302,19906.60884545348,0.0,19906.60884545348,19647.394347610098,36944.846855280346,0.0,9631.001683260487,0,0,0,7601.746169461239,8230.060330676008,5.684341886080802e-14,9.094947017729282e-13
H3_E1200,311,2025-11-08,3,1200.0,2025-11-08,310,42,120737.72428398584,0.39260732100001405,20013.270517747485,0.0,20013.270517747485,19514.849503691523,37620.644715966904,0.0,9340.397125165502,0,0,0,8230.060330676008,9438.190986884916,5.684341886080802e-14,9.094947017729282e-13
H3_E1200,312,2025-11-09,3,1200.0,2025-11-09,311,42,151119.52743270362,0.411811415000102,49505.710312989686,0.0,49505.710312989686,49667.18984477685,78817.86195487075,0.0,3764.715037476516,0,0,0,9438.190986884916,9046.778170810458,1.1368683772161603e-13,9.094947017729282e-13
H3_E1200,313,2025-11-10,3,1200.0,2025-11-10,312,42,152541.0512221566,0.40401392500007205,49073.78400990242,1428.449757108791,50502.23376701121,50653.1371132238,78648.34255506637,211.80905259012312,1016.9722565157525,3,1,3,9046.778170810458,8681.001139861555,3.730349362740526e-14,9.094947017729282e-13
H3_E1200,314,2025-11-11,3,1200.0,2025-11-11,313,42,157017.4908024606,0.42593807699995523,51484.15079484451,0.0,51484.15079484451,51274.920992543404,81766.3178185992,0.0,5701.266857376955,0,0,0,8681.001139861555,9188.156599250173,1.1368683772161603e-13,8.846257060213247e-13
H3_E1200,315,2025-11-12,3,1200.0,2025-11-12,314,42,125066.67414054488,0.401543730999947,50977.928875041,0.0,50977.928875041,51066.042944294175,80945.85343645202,0.0,6139.573746208946,0,0,0,9188.156599250173,8974.575499525257,5.684341886080802e-14,8.988365607365267e-13
H3_E1200,316,2025-11-13,3,1200.0,2025-11-13,315,42,93269.5956357977,0.4067357950002588,50992.446905776655,0.0,50992.446905776655,51234.76509894507,80653.17267958898,0.0,4949.015866473114,0,0,0,8974.575499525257,8387.216561061554,1.1368683772161603e-13,9.094947017729282e-13
H3_E1200,317,2025-11-14,3,1200.0,2025-11-14,316,42,94246.19570455594,0.40743972100017345,20499.359181624706,0.0,20499.359181624706,20326.25849737253,37998.60930229548,0.0,6726.881580871988,0,0,0,8387.216561061554,8806.798074196366,2.220446049250313e-15,8.668621376273222e-13
H3_E1200,318,2025-11-15,3,1200.0,2025-11-15,317,42,125155.57587787023,0.40990575800014994,20406.26052074119,0.0,20406.26052074119,20217.74480468475,38155.47790465818,0.0,6089.756070988351,0,0,0,8806.798074196366,9263.744329113677,5.684341886080802e-14,9.094947017729282e-13
H3_E1200,319,2025-11-16,3,1200.0,2025-11-16,318,42,157829.1787685585,0.4254828200000702,51737.44099906209,0.0,51737.44099906209,51847.61259758311,81938.8176097053,0.0,3526.7540097096153,0,0,0,9263.744329113677,8996.697631917561,1.4210854715202004e-13,8.526512829121202e-13
H3_E1200,320,2025-11-17,3,1200.0,2025-11-17,319,42,159164.45725405915,0.42182104699986667,51337.636780282235,0.0,51337.636780282235,51331.18200425298,81612.34319022665,0.0,4739.945991721817,0,0,0,8996.697631917561,9012.343466623539,1.1368683772161603e-13,9.094947017729282e-13
H3_E1200,321,2025-11-18,3,1200.0,2025-11-18,320,42,160761.42973757585,0.42645509199974185,52636.37586336413,0.0,52636.37586336413,52603.174253746394,83301.00467387502,0.0,4212.130063945314,0,0,0,9012.343466623539,9092.821378435987,1.1368683772161603e-13,9.094947017729282e-13
H3_E1200,322,2025-11-19,3,1200.0,2025-11-19,321,42,129047.62459559718,0.44825808800032974,52777.41839464259,6.301057500000476,52783.71945214259,52887.16149314756,83552.69440888485,1.3850000000001046,4087.0096669151544,1,1,1,9092.821378435987,8842.08656318019,8.526512829121202e-14,8.775202786637237e-13
H3_E1200,323,2025-11-20,3,1200.0,2025-11-20,322,42,97527.98063915777,0.48639265900010287,52994.61423326636,0.0,52994.61423326636,53156.48929519017,83554.09792603937,0.0,5047.402989649769,0,0,0,8842.08656318019,8449.715015290536,1.1368683772161603e-13,9.094947017729282e-13
H3_E1200,324,2025-11-21,3,1200.0,2025-11-21,323,42,98518.99003798749,0.49654571200017017,21312.779034141626,0.0,21312.779034141626,21091.429599193492,39699.11031009191,0.0,6939.823086468434,0,0,0,8449.715015290536,8986.247445813884,5.684341886080802e-14,9.094947017729282e-13
H3_E1200,325,2025-11-22,3,1200.0,2025-11-22,324,42,128630.16068862402,0.45750783399989814,21122.597001379458,0.0,21122.597001379458,21024.309304393657,39676.895885719634,0.0,5776.984808206925,0,0,0,8986.247445813884,9224.48856428202,5.684341886080802e-14,8.72191208145523e-13
H3_E1200,326,2025-11-23,3,1200.0,2025-11-23,325,42,161480.68534324574,0.43809327500002837,53410.960692145745,0.0,53410.960692145745,53505.729293774944,84456.66784863651,0.0,5078.264858792937,0,0,0,9224.48856428202,8994.777437251912,5.684341886080802e-14,9.094947017729282e-13
H3_E1200,327,2025-11-24,3,1200.0,2025-11-24,326,42,161663.42778326484,0.4233370639999521,51712.784399720316,791.7658483285304,52504.55024804885,52698.96720740663,82388.27669877901,126.15618861549149,4665.270582150633,4,1,2,8994.777437251912,8523.527064448235,5.684341886080802e-14,9.094947017729282e-13
H3_E1200,328,2025-11-25,3,1200.0,2025-11-25,327,42,164133.4357890967,0.4313796659998843,53743.04048577285,0.0,53743.04048577285,53521.7861391812,85206.92077721102,0.0,4113.4838126937475,0,0,0,8523.527064448235,9059.829008785673,5.684341886080802e-14,9.094947017729282e-13
H3_E1200,329,2025-11-26,3,1200.0,2025-11-26,328,42,131685.76961087415,0.4244493109999894,53899.728559454925,154.53999266666654,54054.26855212159,53997.08953855567,85243.38659104654,32.99316666666664,3981.4691910828383,1,1,1,9059.829008785673,9198.426132969147,1.1368683772161603e-13,9.094947017729282e-13
H3_E1200,330,2025-11-27,3,1200.0,2025-11-27,329,42,99298.51482518521,0.5266185819996281,54060.9519814908,0.0,54060.9519814908,54097.44975430754,85219.06383463932,0.0,5343.435196994029,0,0,0,9198.426132969147,9109.958598535892,1.1368683772161603e-13,9.094947017729282e-13
H3_E1200,331,2025-11-28,3,1200.0,2025-11-28,330,42,99525.31576771308,0.4603081639997981,21637.904234658785,0.0,21637.904234658785,21614.239094013956,40683.258115224,0.0,6194.776794945059,0,0,0,9109.958598535892,9167.320910898796,5.684341886080802e-14,9.094947017729282e-13
H3_E1200,332,2025-11-29,3,1200.0,2025-11-29,331,42,131003.22302811721,0.4484073360004004,21825.812900107685,0.0,21825.812900107685,21762.802928144763,41034.388708827,0.0,2452.917937365357,0,0,0,9167.320910898796,9320.051788266499,5.684341886080802e-14,8.917311333789257e-13
H3_E1200,333,2025-11-30,3,1200.0,2025-11-30,332,42,165929.95330742246,0.41882119499996406,54820.84503322823,28.398311333333652,54849.24334456156,55055.73157134786,86503.81456092471,6.062833333333401,2172.6141762141715,1,1,1,9320.051788266499,8819.541677553687,1.1368683772161603e-13,9.094947017729282e-13
H3_E1200,334,2025-12-01,3,1200.0,2025-12-01,333,42,168292.13698268167,0.3898920699998598,54454.91416422211,26863.30980921667,81318.22397343878,81443.07517109101,86403.94094962232,5038.227659790477,782.8371217416711,22,1,3,8819.541677553687,8516.912865576842,4.263256414560601e-14,9.094947017729282e-13
H3_E1200,335,2025-12-02,3,1200.0,2025-12-02,334,42,175580.33096187646,0.4374989939997249,58039.28396931807,13803.04253573346,71842.32650505153,71723.66511306317,91326.82001502882,2818.3755126285914,469.6213130230434,14,1,2,8516.912865576842,8804.538108748222,5.684341886080802e-14,9.094947017729282e-13
H3_E1200,336,2025-12-03,3,1200.0,2025-12-03,335,42,147321.05270716693,0.4437805769998704,60465.71120973157,5.923317638126199,60471.63452736969,60346.10393396724,94235.59052172066,1.0197671753682016,2078.109879139274,1,1,1,8804.538108748222,9108.813718934613,8.526512829121202e-14,9.094947017729282e-13
H3_E1200,337,2025-12-04,3,1200.0,2025-12-04,336,42,114754.58907539114,0.4498889860001327,60406.94769233533,4471.484913812044,64878.43260614737,64913.10499229824,94224.14409548254,898.7912887730142,3712.194004324192,7,1,3,9108.813718934613,9024.770768393842,1.1368683772161603e-13,9.094947017729282e-13
H3_E1200,338,2025-12-05,3,1200.0,2025-12-05,337,42,117121.83480775054,0.4723686339998494,26469.16554124091,0.0,26469.16554124091,26356.087354918487,49711.355745246765,0.0,4265.976464233281,0,0,0,9024.770768393842,9298.862790182638,5.684341886080802e-14,9.094947017729282e-13
H3_E1200,339,2025-12-06,3,1200.0,2025-12-06,338,42,155597.26663943147,0.42169612299994697,26526.84508218515,0.0,26526.84508218515,26592.692692613447,50125.364937425285,0.0,2752.4125162058776,0,0,0,9298.862790182638,9139.253715619032,5.684341886080802e-14,9.094947017729282e-13
H3_E1200,340,2025-12-07,3,1200.0,2025-12-07,339,42,196833.7625227836,0.4020148260001406,62896.04922278182,94.47836710793244,62990.52758988975,63032.628000584424,97675.50543286538,16.265536215534553,5677.228696388442,1,1,1,9139.253715619032,9037.20585775423,1.4210854715202004e-13,8.86402062860725e-13
H3_E1200,341,2025-12-08,3,1200.0,2025-12-08,340,42,199659.51411419603,0.39404803100023855,64068.76663115357,0.0,64068.76663115357,64060.83539428815,99748.36940387284,0.0,7472.839681060799,0,0,0,9037.20585775423,9056.430509461414,5.684341886080802e-14,9.094947017729282e-13
H3_E1200,342,2025-12-09,3,1200.0,2025-12-09,341,42,199248.09784151692,0.4017307209996943,64851.33265595841,0.0,64851.33265595841,64811.074621940614,100455.259974374,0.0,8473.43530165697,0,0,0,9056.430509461414,9154.012601074699,8.526512829121202e-14,9.023892744153272e-13
H3_E1200,343,2025-12-10,3,1200.0,2025-12-10,342,42,162213.22798265927,0.4531813449998481,63738.947678954195,0.0,63738.947678954195,63789.93152392472,98830.20926460868,0.0,6243.923499918771,0,0,0,9154.012601074699,9030.432044992092,1.1368683772161603e-13,8.668621376273222e-13
H3_E1200,344,2025-12-11,3,1200.0,2025-12-11,343,42,127561.66474563298,0.4626764719996572,64244.97991329139,0.0,64244.97991329139,64196.62906055856,99697.75862300652,0.0,9271.107537668599,0,0,0,9030.432044992092,9147.630449138458,7.815970093361102e-14,9.094947017729282e-13
H3_E1200,345,2025-12-12,3,1200.0,2025-12-12,344,42,125588.13853196247,0.4444816870000068,28409.48323463159,0.0,28409.48323463159,28368.86700893667,53193.94052679394,0.0,5786.569856947308,0,0,0,9147.630449138458,9246.080767278576,5.684341886080802e-14,9.094947017729282e-13
H3_E1200,346,2025-12-13,3,1200.0,2025-12-13,345,42,159973.46804002853,0.4291638889999376,29002.95437338548,0.0,29002.95437338548,28990.959287756363,54527.867687568796,0.0,7081.676763970125,0,0,0,9246.080767278576,9275.155846907466,5.684341886080802e-14,9.023892744153272e-13
H3_E1200,347,2025-12-14,3,1200.0,2025-12-14,346,42,196313.3647276029,0.40251076199956515,63590.589507160956,0.0,63590.589507160956,63782.027474410184,98640.86892071005,0.0,5856.7135798779755,0,0,0,9275.155846907466,8811.126300652935,1.1368683772161603e-13,8.65085780787922e-13
H3_E1200,348,2025-12-15,3,1200.0,2025-12-15,347,42,197851.78837679973,0.40565121999998155,62819.49898503978,673.4129005560137,63492.9118855958,63523.95128589394,98316.2891864861,96.91640155872506,4403.370337475566,2,1,2,8811.126300652935,8735.88940254271,5.684341886080802e-14,9.094947017729282e-13
H3_E1200,349,2025-12-16,3,1200.0,2025-12-16,348,42,201619.94213713202,0.39748718100008773,66269.70378047857,0.0,66269.70378047857,66111.23163541903,102437.52050740478,0.0,8225.808196206244,0,0,0,8735.88940254271,9120.012565897365,1.1368683772161603e-13,8.739675649849232e-13
H3_E1200,350,2025-12-17,3,1200.0,2025-12-17,349,42,164383.73679803978,0.453638028000114,64482.56960998419,0.0,64482.56960998419,64522.38409623145,100234.82678850369,0.0,7782.163980194324,0,0,0,9120.012565897365,9023.505596808927,1.1368683772161603e-13,8.970602038971265e-13
H3_E1200,351,2025-12-18,3,1200.0,2025-12-18,350,42,128063.68279582947,0.45473585300032937,63933.66412282697,0.0,63933.66412282697,63917.83790059279,99214.6153260828,0.0,7248.081891736219,0,0,0,9023.505596808927,9061.86702964158,1.1368683772161603e-13,9.094947017729282e-13
H3_E1200,352,2025-12-19,3,1200.0,2025-12-19,351,42,126378.29046858632,0.44497583100019256,28800.73544247549,0.0,28800.73544247549,28782.50400080225,53793.41905178087,0.0,7263.227940706912,0,0,0,9061.86702964158,9106.05851228611,5.684341886080802e-14,9.094947017729282e-13
H3_E1200,353,2025-12-20,3,1200.0,2025-12-20,352,42,158667.1431842852,0.42334391899976254,28244.562755523028,0.0,28244.562755523028,28193.75656696536,53172.55789236928,0.0,6429.302612924146,0,0,0,9106.05851228611,9229.208444152262,5.684341886080802e-14,9.094947017729282e-13
H3_E1200,354,2025-12-21,3,1200.0,2025-12-21,353,42,193772.28292017902,0.3959676210001817,62828.529836739704,0.0,62828.529836739704,62950.45056689745,97519.42619011493,0.0,4229.08646936681,0,0,0,9229.208444152262,8933.682839137518,1.1368683772161603e-13,9.094947017729282e-13
H3_E1200,355,2025-12-22,3,1200.0,2025-12-22,354,42,194563.55453316803,0.4048199190001469,62673.994947829284,338.8226066311544,63012.81755446044,63144.38846604883,97891.75852727247,73.33545883891539,4714.613740297707,4,1,1,8933.682839137518,8614.766005230822,1.1368683772161603e-13,8.668621376273222e-13
H3_E1200,356,2025-12-23,3,1200.0,2025-12-23,355,42,196025.0778979063,0.3959132310001223,64329.146394232754,0.0,64329.146394232754,64068.266797148666,99889.42132405698,0.0,7527.153109213948,0,0,0,8614.766005230822,9247.116227088285,8.526512829121202e-14,9.094947017729282e-13
H3_E1200,357,2025-12-24,3,1200.0,2025-12-24,356,42,158022.29696967572,0.42039436499999283,62735.27586406544,19.399633026467153,62754.67549709191,62937.63974548671,97785.22506531623,3.339869678310606,5809.9372802685975,1,1,1,9247.116227088285,8803.626263298022,1.1368683772161603e-13,9.094947017729282e-13
H3_E1200,358,2025-12-25,3,1200.0,2025-12-25,357,42,122506.72118185219,0.4378465499999038,63042.81802979455,0.0,63042.81802979455,63028.11902690031,98096.12583955859,0.0,5753.478611841913,0,0,0,8803.626263298022,8839.255411169861,5.684341886080802e-14,9.094947017729282e-13
H3_E1200,359,2025-12-26,3,1200.0,2025-12-26,358,42,122156.11779811083,0.45963619699978153,27884.302112952937,0.0,27884.302112952937,27599.71114555671,52553.54757093455,0.0,5044.519632111511,0,0,0,8839.255411169861,9529.080002219156,1.1368683772161603e-13,9.094947017729282e-13
H3_E1200,360,2025-12-27,3,1200.0,2025-12-27,359,42,156565.03064261147,0.4250876299997799,27549.517736629874,0.0,27549.517736629874,27664.39009332403,52000.08791694331,0.0,5265.100729980673,0,0,0,9529.080002219156,9250.639062211774,5.684341886080802e-14,9.094947017729282e-13
H3_E1200,361,2025-12-28,3,1200.0,2025-12-28,360,42,191983.12748489744,0.4034684869998273,62682.611442658155,390.27078362573803,63072.882226283895,63149.025364605666,97385.77492543249,66.9927579523827,6469.724593926709,2,1,1,9250.639062211774,9066.074493158187,5.684341886080802e-14,9.094947017729282e-13
H3_E1200,362,2025-12-29,3,6000.0,2025-12-29,361,42,192900.27761997934,0.4050693150002189,61470.68629404778,0.0,61470.68629404778,61629.71747225684,96097.7380761161,0.0,4514.7467431148925,0,0,0,9066.074493158187,8680.596280424146,5.684341886080802e-14,9.094947017729282e-13
H3_E1200,363,2025-12-30,2,6000.0,2025-12-30,362,42,128511.21286030138,0.2714058550000118,62507.18432043226,97.0634751316275,62604.24779556388,62479.057851776604,97618.42034215288,16.6161902134088,6572.302219317191,1,1,1,8680.596280424146,8984.046184567826,1.1368683772161603e-13,9.094947017729282e-13
H3_E1200,364,2025-12-31,1,6000.0,2025-12-31,363,42,62616.28546570264,0.16011537799977305,60307.27355352995,0.0,60307.27355352995,61468.37846598603,93229.64335662426,0.0,2959.9740744188566,0,0,0,8984.046184567826,6169.625443359979,1.1368683772161603e-13,9.094947017729282e-13
H3_E6000,31,2025-02-01,3,6000.0,2025-02-01,30,28,161674.61075806717,0.21149338399982298,27495.759621140147,0.0,27495.759621140147,25907.471489308027,53100.20112718708,0.0,11070.940540832202,0,0,0,6000.0,9849.87696915946,5.684341886080802e-14,9.094947017729282e-13
H3_E6000,32,2025-02-02,3,6000.0,2025-02-02,31,28,192161.76157414133,0.2560323769998831,58315.41470119427,0.0,58315.41470119427,58497.42640963205,91710.3691657235,0.0,9794.470298961602,0,0,0,9849.87696915946,9408.695882183965,5.684341886080802e-14,9.094947017729282e-13
H3_E6000,33,2025-02-03,3,6000.0,2025-02-03,32,28,186455.62979977607,0.25641038999992816,55866.999103861366,0.0,55866.999103861366,56022.936762363664,88778.08624810344,0.0,4662.5907510611705,0,0,0,9408.695882183965,9030.716101273474,1.4210854715202004e-13,8.597567102697212e-13
H3_E6000,34,2025-02-04,3,6000.0,2025-02-04,33,28,183330.20540857254,0.2596998930002883,57960.20080430735,0.0,57960.20080430735,57812.01736197341,91693.5593293779,0.0,5691.37600114345,0,0,0,9030.716101273474,9389.900313771583,1.1368683772161603e-13,8.455458555545192e-13
H3_E6000,35,2025-02-05,3,6000.0,2025-02-05,34,28,143435.5087237219,0.2710071159999643,56529.85742249357,0.0,56529.85742249357,56636.96546692117,89531.18679850292,0.0,4634.378822027513,0,0,0,9389.900313771583,9130.27941427027,5.684341886080802e-14,9.094947017729282e-13
H3_E6000,36,2025-02-06,3,6000.0,2025-02-06,35,28,105558.96701185915,0.27356375599993044,56328.67523135577,176.75473784601974,56505.429969201796,56514.200460787084,89218.52296656322,30.310750322117542,4667.20603289607,2,1,1,9130.27941427027,9109.020479643923,5.684341886080802e-14,9.094947017729282e-13
H3_E6000,37,2025-02-07,3,6000.0,2025-02-07,36,28,101860.18967751852,0.27646886299999096,22795.618774440038,0.0,22795.618774440038,22817.019804199717,43922.118211150955,0.0,8586.581666674749,0,0,0,9109.020479643923,9057.146181815453,1.1368683772161603e-13,9.094947017729282e-13
H3_E6000,38,2025-02-08,3,6000.0,2025-02-08,37,28,129974.2346727408,0.2640550890000668,21024.213227936412,0.0,21024.213227936412,21017.38074003235,40565.55351282783,0.0,5410.01024896958,0,0,0,9057.146181815453,9073.707558367183,5.684341886080802e-14,9.094947017729282e-13
H3_E6000,39,2025-02-09,3,6000.0,2025-02-09,38,28,160997.31084495824,0.2627665209997758,52457.792688721165,2024.5032645345123,54482.29595325568,54691.34772572361,83901.03080470797,306.19844065544146,576.8516527998961,6,1,3,9073.707558367183,8566.983628334487,5.684341886080802e-14,9.094947017729282e-13
H3_E6000,40,2025-02-10,3,6000.0,2025-02-10,39,28,162338.08405540115,0.26706785799979116,51936.888100516386,429.1830766032151,52366.0711771196,52411.6937567258,83604.36949333377,93.77279073224213,5335.616851630015,7,1,2,8566.983628334487,8456.398328992767,1.1368683772161603e-13,9.094947017729282e-13
H3_E6000,41,2025-02-11,3,6000.0,2025-02-11,40,28,162088.1630434707,0.26749069499965117,52412.138040384714,368.7388293106351,52780.87686969535,52707.637430768125,84163.43166452006,74.17288728678855,4528.921648832618,6,1,3,8456.398328992767,8633.92457470917,5.684341886080802e-14,8.846257060213247e-13
H3_E6000,42,2025-02-12,3,6000.0,2025-02-12,41,28,129282.8597661993,0.2676047320001089,52373.95014311999,14.925656512257914,52388.875799632246,52312.77153607368,83919.18920404869,3.1865193237100584,4201.834788927716,1,1,1,8633.92457470917,8818.394914603361,5.684341886080802e-14,9.094947017729282e-13
H3_E6000,43,2025-02-13,3,6000.0,2025-02-13,42,28,95781.7776204733,0.2779263150000588,51998.37384267125,0.0,51998.37384267125,52202.821643941126,82856.8857252114,0.0,8308.723227484612,0,0,0,8818.394914603361,8322.830623887268,1.1368683772161603e-13,9.094947017729282e-13
H3_E6000,44,2025-02-14,3,6000.0,2025-02-14,43,28,92525.3941902673,0.2611627060000501,19913.7666013765,0.0,19913.7666013765,19763.198340704777,37811.271971848895,0.0,4171.059908160623,0,0,0,8322.830623887268,8687.795435642049,5.684341886080802e-14,9.094947017729282e-13
H3_E6000,45,2025-02-15,3,6000.0,2025-02-15,44,28,121409.76009487547,0.25432685599980687,19625.497062761824,0.0,19625.497062761824,19494.997729433857,37293.49633546237,0.0,4269.714486657691,0,0,0,8687.795435642049,9004.114853889205,5.684341886080802e-14,9.094947017729282e-13
H3_E6000,46,2025-02-16,3,6000.0,2025-02-16,45,28,152356.96524151778,0.26608069499980047,49840.9470697524,583.8578736906957,50424.804943443094,50507.02377816414,80219.68675840218,137.34879896553056,757.8171306803828,3,1,2,9004.114853889205,8804.823307299006,5.684341886080802e-14,9.094947017729282e-13
H3_E6000,47,2025-02-17,3,6000.0,2025-02-17,46,28,153819.12166422882,0.27004484799999773,48808.79057860382,724.0294829623678,49532.820061566184,49628.284656781034,79193.7502193104,107.0138527755488,4337.322926488415,2,1,2,8804.823307299006,8573.425150300991,1.7053025658242404e-13,9.094947017729282e-13
H3_E6000,48,2025-02-18,3,6000.0,2025-02-18,47,28,154744.7673347054,0.2624387079999906,50105.17479684269,1.9240042198379022,50107.09880106253,49896.38292206617,80865.23308669674,0.422904543320783,4157.607055077685,1,1,1,8573.425150300991,9084.18273472523,5.684341886080802e-14,9.094947017729282e-13
H3_E6000,49,2025-02-19,3,6000.0,2025-02-19,48,28,122688.32317733133,0.25455515300018305,49781.44449881087,167.58312131102795,49949.0276201219,50133.355384975264,80244.46425192113,38.2653547918776,3525.029567176426,1,1,1,9084.18273472523,8637.387721614474,1.1368683772161603e-13,9.094947017729282e-13
H3_E6000,50,2025-02-20,3,6000.0,2025-02-20,49,28,91288.53778601481,0.25969391699982225,49695.3216758114,56.405014673997336,49751.7266904854,49868.04538092435,79889.64452468196,12.042061202817536,5225.784702254105,1,1,1,8637.387721614474,8355.44099014382,1.1368683772161603e-13,9.094947017729282e-13
H3_E6000,51,2025-02-21,3,6000.0,2025-02-21,50,28,90049.67933597662,0.2542989469998247,19106.684708843444,0.0,19106.684708843444,19158.9948170273,36137.46025295888,0.0,7448.186935395571,0,0,0,8355.44099014382,8228.64568347679,5.684341886080802e-14,9.094947017729282e-13
H3_E6000,52,2025-02-22,3,6000.0,2025-02-22,51,28,118351.83153881303,0.25561582899990754,19431.35444914055,0.0,19431.35444914055,18996.462484449316,37118.277006700766,0.0,4804.060963047952,0,0,0,8228.64568347679,9282.787262313603,5.684341886080802e-14,9.094947017729282e-13
H3_E6000,53,2025-02-23,3,6000.0,2025-02-23,52,28,149474.3308525634,0.2679197879997446,48717.96495519373,12.350764731446807,48730.31571992518,48907.02864740026,78655.96012964202,2.636798619010847,3403.5422443206708,1,1,1,9282.787262313603,8854.449975139973,1.1368683772161603e-13,9.094947017729282e-13
H3_E6000,54,2025-02-24,3,6000.0,2025-02-24,53,28,149936.51812702694,0.3094924430001811,47563.18262108144,724.2984541953415,48287.48107527678,48360.89647661309,77539.5222960297,124.89641784886146,5623.99955768358,5,1,2,8854.449975139973,8676.497211329903,5.684341886080802e-14,9.094947017729282e-13
H3_E6000,55,2025-02-25,3,6000.0,2025-02-25,54,28,150234.02129848493,0.2701741400001083,48706.66236081369,96.5896805137585,48803.25204132745,48698.54060198854,79011.5814381578,21.723702944387014,9197.139807074347,2,1,2,8676.497211329903,8930.308941480773,1.1368683772161603e-13,9.094947017729282e-13
H3_E6000,56,2025-02-26,3,6000.0,2025-02-26,55,28,117171.66457447615,0.26750875199968505,47659.509019224555,0.0,47659.509019224555,47519.131138763085,77412.19981986508,0.0,4184.995342409427,0,0,0,8930.308941480773,9270.57312789425,5.684341886080802e-14,9.094947017729282e-13
H3_E6000,57,2025-02-27,3,6000.0,2025-02-27,56,28,86967.75884748645,0.2642157550003503,46409.90753234606,687.6754093643001,47097.58294171036,47787.85856033246,74905.52218359851,138.48200109359266,5626.368644603552,3,1,1,9270.57312789425,7597.403031584275,1.1368683772161603e-13,9.094947017729282e-13
H3_E6000,58,2025-02-28,3,6000.0,2025-02-28,57,28,87126.10198084963,0.2586767980001241,18655.005156495623,0.0,18655.005156495623,18599.385695141358,35521.49264738815,0.0,8919.203960337862,0,0,0,7597.403031584275,7732.219932254459,5.684341886080802e-14,9.094947017729282e-13
H3_E6000,59,2025-03-01,3,6000.0,2025-03-01,58,28,114121.06952408534,0.22716221300015604,19270.808775336467,0.0,19270.808775336467,18612.961967153926,36954.884448766905,0.0,8488.871590611894,0,0,0,7732.219932254459,9326.785317022268,5.684341886080802e-14,9.094947017729282e-13
H3_E6000,60,2025-03-02,3,6000.0,2025-03-02,59,28,143587.4964519172,0.27887643899975956,46637.47113172215,11729.304649509877,58366.77578123203,58662.9873343349,75680.66302713599,1730.7878199125698,1697.827807760944,9,1,2,9326.785317022268,8608.793402687263,5.684341886080802e-14,9.094947017729282e-13
H3_E6000,61,2025-03-03,3,6000.0,2025-03-03,60,28,148023.03675225333,0.2630268499997328,46880.86860741848,6790.176553046139,53671.04516046462,53696.194161166444,76569.07808135985,1084.9378765902713,1231.6469448349471,12,1,2,8608.793402687263,8547.834338233619,1.1368683772161603e-13,9.094947017729282e-13
H3_E6000,62,2025-03-04,3,6000.0,2025-03-04,61,28,153433.86248589677,0.2715240150000682,49688.76578192577,0.0,49688.76578192577,49538.94186411701,80159.94371804828,0.0,6668.179402511294,0,0,0,8547.834338233619,8910.99492543504,1.1368683772161603e-13,9.094947017729282e-13
H3_E6000,63,2025-03-05,3,6000.0,2025-03-05,62,28,121255.43525419317,0.2685076679999838,48761.78105437603,5.267273480358757,48767.048327856384,48775.959551801156,79024.68070573054,1.1577697506008917,9224.22998356643,1,1,1,8910.99492543504,8889.39486739493,1.1368683772161603e-13,8.739675649849232e-13
H3_E6000,64,2025-03-06,3,6000.0,2025-03-06,63,28,87479.37735105821,0.269249340999977,46855.59432438384,0.0,46855.59432438384,47597.8508845525,75213.76016704303,0.0,7496.575654692412,0,0,0,8889.39486739493,7090.227336687166,1.1368683772161603e-13,9.094947017729282e-13
H3_E6000,65,2025-03-07,3,6000.0,2025-03-07,64,28,85982.90665144895,0.26684156200008147,17673.487113203788,0.0,17673.487113203788,17807.909714916186,33218.62637020216,0.0,9787.44447850618,0,0,0,7090.227336687166,6764.398245544801,5.684341886080802e-14,8.526512829121202e-13
H3_E6000,66,2025-03-08,3,6000.0,2025-03-08,65,28,111923.69172069406,0.2609956050000619,18368.99684561811,0.0,18368.99684561811,17295.133339484062,35096.78952865758,0.0,10081.143702733323,0,0,0,6764.398245544801,9367.353148643755,5.684341886080802e-14,9.094947017729282e-13
H3_E6000,67,2025-03-09,3,6000.0,2025-03-09,66,28,137514.14657966717,0.2871682149998378,44153.18616970483,0.0,44153.18616970483,44371.50254398351,72155.26598636509,0.0,5367.103739031676,0,0,0,9367.353148643755,8838.17260231784,5.684341886080802e-14,9.023892744153272e-13
H3_E6000,68,2025-03-10,3,6000.0,2025-03-10,67,28,136448.3132797641,0.2779827990002559,42508.40841069513,11143.582331210135,53651.99074190526,53713.95295761401,70121.22049237708,1801.0902513014908,78.33711452229886,11,1,2,8838.17260231784,8687.981398068245,5.684341886080802e-14,9.094947017729282e-13
H3_E6000,69,2025-03-11,3,6000.0,2025-03-11,68,28,141377.16407115269,0.27175990400019145,45793.64366672942,0.0,45793.64366672942,45563.54539747093,75216.52231196292,0.0,6833.9035652940875,0,0,0,8687.981398068245,9245.720267803337,1.1368683772161603e-13,9.094947017729282e-13
H3_E6000,70,2025-03-12,3,6000.0,2025-03-12,69,28,110346.84928084364,0.26084652000008646,44237.144020929714,0.0,44237.144020929714,44349.917188576175,72408.16267327113,0.0,6456.712998466182,0,0,0,9245.720267803337,8972.367585654625,5.684341886080802e-14,8.881784197001252e-13
H3_E6000,71,2025-03-13,3,6000.0,2025-03-13,70,28,80797.0593720522,0.25466435399994225,41954.68873462137,4933.291873938433,46887.9806085598,48320.58584136704,67765.7914864483,812.2497594725611,774.2411295585975,6,1,2,8972.367585654625,5499.85288183961,1.1368683772161603e-13,9.094947017729282e-13
H3_E6000,72,2025-03-14,3,6000.0,2025-03-14,71,28,83383.65630910893,0.25594290800017916,17023.379871596233,0.0,17023.379871596233,16811.069507671327,32117.653502686684,0.0,12711.26406119496,0,0,0,5499.85288183961,6014.475363747545,5.684341886080802e-14,7.958078640513122e-13
H3_E6000,73,2025-03-15,3,6000.0,2025-03-15,72,28,108595.18334943645,0.2614962640000158,18407.716678607794,0.0,18407.716678607794,17199.264909906764,35417.033996970276,0.0,8253.3125222188,0,0,0,6014.475363747545,8943.660905980045,5.684341886080802e-14,9.094947017729282e-13
H3_E6000,74,2025-03-16,3,6000.0,2025-03-16,73,28,136436.25011778972,0.28910417899987806,43670.45286995795,7.461180000000455,43677.91404995795,43573.9855669026,71871.11243064384,1.6400000000001,4302.090153461944,1,1,1,8943.660905980045,9195.574815890672,1.1368683772161603e-13,8.668621376273222e-13
H3_E6000,75,2025-03-17,3,6000.0,2025-03-17,74,28,136584.12092606787,0.28224696600000243,42003.89441493404,0.0,42003.89441493404,42139.448359631184,69591.60736316637,0.0,8393.251866528657,0,0,0,9195.574815890672,8867.003444419002,1.1368683772161603e-13,9.094947017729282e-13
H3_E6000,76,2025-03-18,3,6000.0,2025-03-18,75,28,136153.68097658086,0.27429173899963644,42970.1903271441,0.0,42970.1903271441,42891.92415561358,70923.88087798434,0.0,5546.043216850627,0,0,0,8867.003444419002,9056.714067574043,1.4210854715202004e-13,9.094947017729282e-13
H3_E6000,77,2025-03-19,3,6000.0,2025-03-19,76,28,107519.45064149119,0.2614452570001049,42826.061394094315,0.0,42826.061394094315,42786.68819094205,70578.69624488466,0.0,7069.044590984936,0,0,0,9056.714067574043,9152.15140352083,1.4210854715202004e-13,9.094947017729282e-13
H3_E6000,78,2025-03-20,3,6000.0,2025-03-20,77,28,78822.39448229117,0.2666956439998103,40768.01491044763,0.0,40768.01491044763,42305.263987046324,65751.53169047026,0.0,3703.0609899625565,0,0,0,9152.15140352083,5425.988815481986,1.1368683772161603e-13,9.094947017729282e-13
H3_E6000,79,2025-03-21,3,6000.0,2025-03-21,78,28,80041.3018010338,0.2602845859996705,16276.140698557667,0.0,16276.140698557667,16313.663719054186,30959.48108472569,0.0,16238.544232346929,0,0,0,5425.988815481986,5335.0361668235755,5.684341886080802e-14,9.094947017729282e-13
H3_E6000,80,2025-03-22,3,6000.0,2025-03-22,79,28,104474.54314587325,0.25778509800011307,18190.40008666512,0.0,18190.40008666512,16464.22934574559,35425.257272241404,0.0,12204.229332707095,0,0,0,5335.0361668235755,9519.128994261164,5.684341886080802e-14,9.094947017729282e-13
H3_E6000,81,2025-03-23,3,6000.0,2025-03-23,80,28,129405.7164623613,0.27915424100001474,41203.132756946216,135.61215964564587,41338.74491659186,41661.05637011009,68027.58577775878,24.140382179373113,6264.640841208056,2,1,2,9519.128994261164,8737.873114470143,1.1368683772161603e-13,9.094947017729282e-13
H3_E6000,82,2025-03-24,3,6000.0,2025-03-24,81,28,128461.16193018506,0.28947491799999625,40119.24398515595,0.0,40119.24398515595,40177.87513918192,66822.2510846911,0.0,5007.619626150205,0,0,0,8737.873114470143,8595.756123833538,1.1368683772161603e-13,9.094947017729282e-13
H3_E6000,83,2025-03-25,3,6000.0,2025-03-25,82,28,129467.60696470196,0.2670937990001221,40922.35183485378,0.0,40922.35183485378,40893.87169129145,68019.57924950225,0.0,2951.9568083443546,0,0,0,8595.756123833538,8664.789598668156,1.1368683772161603e-13,9.094947017729282e-13
H3_E6000,84,2025-03-26,3,6000.0,2025-03-26,83,28,103566.33244088576,0.25872599800004537,41049.16937760901,0.0,41049.16937760901,40987.38954806677,68203.57588894089,0.0,8716.661430706827,0,0,0,8664.789598668156,8814.538714175871,1.1368683772161603e-13,8.339995360984176e-13
H3_E6000,85,2025-03-27,3,6000.0,2025-03-27,84,28,75923.00062607882,0.2591055400002915,39153.53360583499,0.0,39153.53360583499,40664.17619929111,63525.02279480077,0.0,5090.156841372609,0,0,0,8814.538714175871,5152.868005556129,5.684341886080802e-14,9.094947017729282e-13
H3_E6000,86,2025-03-28,3,6000.0,2025-03-28,85,28,77707.25238266484,0.2587426200002483,15976.355000228561,0.0,15976.355000228561,15841.625206292727,30805.648709909445,0.0,16920.47420819371,0,0,0,5152.868005556129,5479.441704835017,5.684341886080802e-14,6.821210263296962e-13
H3_E6000,87,2025-03-29,3,6000.0,2025-03-29,86,28,101325.76764132678,0.25945098300007885,17472.975857381825,0.0,17472.975857381825,15922.74968701731,34605.89311169139,0.0,20063.064189317014,0,0,0,5479.441704835017,9237.059677708874,5.684341886080802e-14,9.094947017729282e-13
H3_E6000,88,2025-03-30,3,6000.0,2025-03-30,87,28,123197.8506000727,0.2790838910000275,39450.851090854936,0.0,39450.851090854936,39523.765993102345,65369.98642631328,0.0,6467.448173665873,0,0,0,9237.059677708874,9060.320081633827,5.684341886080802e-14,8.86402062860725e-13
H3_E6000,89,2025-03-31,3,6000.0,2025-03-31,88,28,121458.07534493243,0.2707953499998439,37686.54019607219,3897.7756480213566,41584.315844093544,41710.45963750527,63019.891559027645,570.6982892311322,3304.7288373654824,3,1,2,9060.320081633827,8754.558126151582,5.684341886080802e-14,9.094947017729282e-13
H3_E6000,90,2025-04-01,3,6000.0,2025-04-01,89,28,123320.7619177807,0.25473569599989787,39379.43765949398,0.0,39379.43765949398,39319.93645543287,65593.62852693578,0.0,1494.8565325908723,0,0,0,8754.558126151582,8898.78404496386,5.684341886080802e-14,9.094947017729282e-13
H3_E6000,91,2025-04-02,3,6000.0,2025-04-02,90,28,98548.32578957774,0.25937871800033463,39203.93305827347,4902.776587499622,44106.709645773095,44112.789528110225,65574.08607545373,990.605904960287,2121.615754356946,9,1,1,8898.78404496386,8884.04692106562,5.684341886080802e-14,8.952838470577262e-13
H3_E6000,92,2025-04-03,3,6000.0,2025-04-03,91,28,73902.22838366298,0.24689032700007374,37751.67500616313,0.0,37751.67500616313,39494.33506813002,61766.53578941769,0.0,6671.90808723484,0,0,0,8884.04692106562,4659.985364991828,1.1368683772161603e-13,8.419931418757187e-13
H3_E6000,93,2025-04-04,3,6000.0,2025-04-04,92,28,76475.6509393998,0.25131077700007154,15443.318485506208,0.0,15443.318485506208,15202.869985746163,30065.383960330164,0.0,20414.540245902368,0,0,0,4659.985364991828,5242.812323742272,5.684341886080802e-14,9.094947017729282e-13
H3_E6000,94,2025-04-05,3,6000.0,2025-04-05,93,28,98559.02220108104,0.2625765779998801,17228.200122988797,0.0,17228.200122988797,15592.619093325691,34333.62868334361,0.0,15293.648778204904,0,0,0,5242.812323742272,9207.32330326502,5.684341886080802e-14,9.094947017729282e-13
H3_E6000,95,2025-04-06,3,6000.0,2025-04-06,94,28,122170.57498066164,0.27367836899975373,39138.8779932354,0.0,39138.8779932354,39334.32675862072,65679.1352074764,0.0,8060.103461506074,0,0,0,9207.32330326502,8733.571919352318,5.684341886080802e-14,9.094947017729282e-13
H3_E6000,96,2025-04-07,3,6000.0,2025-04-07,95,28,120998.84917809337,0.2754561719998492,37394.38288327171,0.0,37394.38288327171,37406.9627015344,63329.33226539624,0.0,6387.529410145813,0,0,0,8733.571919352318,8703.079496954202,5.684341886080802e-14,9.094947017729282e-13
H3_E6000,97,2025-04-08,3,6000.0,2025-04-08,96,28,121824.33908554068,0.2747337539999535,38826.51799621947,0.0,38826.51799621947,38804.685865110434,65387.52670136578,0.0,6978.748421814924,0,0,0,8703.079496954202,8755.99874822846,1.1368683772161603e-13,9.094947017729282e-13
H3_E6000,98,2025-04-09,3,6000.0,2025-04-09,97,28,96484.46489059884,0.25514577200010535,38689.88237630242,0.0,38689.88237630242,38602.101461050726,64946.1663630901,0.0,1645.497574081905,0,0,0,8755.99874822846,8968.772310648392,5.684341886080802e-14,9.094947017729282e-13
H3_E6000,99,2025-04-10,3,6000.0,2025-04-10,98,28,72086.03529137124,0.2425977719999537,36855.20576128339,0.0,36855.20576128339,38663.312253241915,60490.40171654411,0.0,6993.999203574157,0,0,0,8968.772310648392,4586.074107678627,1.1368683772161603e-13,8.846257060213247e-13
H3_E6000,100,2025-04-11,3,6000.0,2025-04-11,99,28,73756.13235670842,0.23579407000033825,14958.462815715206,0.0,14958.462815715206,14838.890555754644,29268.452809941864,0.0,21127.182208327256,0,0,0,4586.074107678627,4875.907218275196,5.684341886080802e-14,9.094947017729282e-13
H3_E6000,101,2025-04-12,3,6000.0,2025-04-12,100,28,94801.86609739928,0.2562102500000947,17030.716123947146,0.0,17030.716123947146,15157.07302997126,34133.41696021107,0.0,17622.67340053503,0,0,0,4875.907218275196,9417.46063755421,5.684341886080802e-14,9.094947017729282e-13
H3_E6000,102,2025-04-13,3,6000.0,2025-04-13,101,28,116144.82268067008,0.2687328500001058,37327.10368263991,0.0,37327.10368263991,37548.75479961457,62849.14539344621,0.0,5316.154716006305,0,0,0,9417.46063755421,8880.19695514861,5.684341886080802e-14,9.094947017729282e-13
H3_E6000,103,2025-04-14,3,6000.0,2025-04-14,102,28,116441.32896374224,0.272141677000036,36211.94018939338,690.9324672729034,36902.87265666629,37015.32365233876,61579.393069741825,100.46422531330472,5602.5010017536315,2,1,1,8880.19695514861,8607.625190793031,5.684341886080802e-14,9.094947017729282e-13
H3_E6000,104,2025-04-15,3,6000.0,2025-04-15,103,28,117789.25918693066,0.2656988180001463,37715.84992173766,0.0,37715.84992173766,37547.93501629275,63653.757075113725,0.0,9498.189779895525,0,0,0,8607.625190793031,9014.636811855295,1.1368683772161603e-13,9.094947017729282e-13
H3_E6000,105,2025-04-16,3,6000.0,2025-04-16,104,28,92241.29867718267,0.2593521190001411,36806.28572273404,0.0,36806.28572273404,36852.39643670591,61911.00654726916,0.0,2480.549976392592,0,0,0,9014.636811855295,8902.86831582868,5.684341886080802e-14,9.094947017729282e-13
H3_E6000,106,2025-04-17,3,6000.0,2025-04-17,105,28,68922.22233606735,0.23983807400009027,35225.43859285681,0.0,35225.43859285681,37133.76574933537,57910.17054785561,0.0,6468.391915050101,0,0,0,8902.86831582868,4277.243643513284,1.1368683772161603e-13,9.094947017729282e-13
H3_E6000,107,2025-04-18,3,6000.0,2025-04-18,106,28,70566.6297087892,0.23072269100021003,14271.353143880944,0.0,14271.353143880944,14137.572899955394,28045.85644420632,0.0,18931.31437470198,0,0,0,4277.243643513284,4601.515713357062,5.684341886080802e-14,9.094947017729282e-13
H3_E6000,108,2025-04-19,3,6000.0,2025-04-19,107,28,92435.5591193724,0.25182390400004806,16246.099673687804,0.0,16246.099673687804,14286.855547626166,32983.26522641178,0.0,18395.209008235048,0,0,0,4601.515713357062,9350.558841435364,5.684341886080802e-14,9.094947017729282e-13
H3_E6000,109,2025-04-20,3,6000.0,2025-04-20,108,28,113489.21679284953,0.26700754099965707,36349.89006956458,0.0,36349.89006956458,36436.14407749991,61334.32671387909,0.0,5830.234216957462,0,0,0,9350.558841435364,9141.486374045662,1.1368683772161603e-13,9.094947017729282e-13
H3_E6000,110,2025-04-21,3,6000.0,2025-04-21,109,28,113603.82012419164,0.2689472490001208,35564.923552288434,0.0,35564.923552288434,35804.490404932076,60393.80925026462,0.0,8961.094770205524,0,0,0,9141.486374045662,8560.796453821375,1.1368683772161603e-13,9.094947017729282e-13
H3_E6000,111,2025-04-22,3,6000.0,2025-04-22,110,28,113014.45696475763,0.2607962970000699,36127.62597934033,0.0,36127.62597934033,35967.34254310955,60912.64014606427,0.0,4720.418451427179,0,0,0,8560.796453821375,8949.310034773966,5.684341886080802e-14,9.094947017729282e-13
H3_E6000,112,2025-04-23,3,6000.0,2025-04-23,111,28,89448.71815997169,0.25397137699974337,36181.89917698684,0.0,36181.89917698684,36117.61951788482,61306.494851750125,0.0,6233.423341191896,0,0,0,8949.310034773966,9105.118527076185,5.684341886080802e-14,9.094947017729282e-13
H3_E6000,113,2025-04-24,3,6000.0,2025-04-24,112,28,65220.91547082345,0.2363533150000876,33215.51822073167,0.0,33215.51822073167,35514.26276883891,54379.84695904031,0.0,10015.661330084658,0,0,0,9105.118527076185,3533.1549038698263,1.1368683772161603e-13,9.094947017729282e-13
H3_E6000,114,2025-04-25,3,6000.0,2025-04-25,113,28,66552.12011647977,0.23558392399991135,13401.304339121296,0.0,13401.304339121296,13348.431471692258,26940.718570282166,0.0,22465.553184142205,0,0,0,3533.1549038698263,3661.314291659039,5.684341886080802e-14,8.526512829121202e-13
H3_E6000,115,2025-04-26,3,6000.0,2025-04-26,114,28,87175.1232604447,0.24763753699971858,15863.686937950315,0.0,15863.686937950315,13618.223635283382,32869.79323316555,0.0,24408.65898875783,0,0,0,3661.314291659039,9104.128653092484,5.684341886080802e-14,9.094947017729282e-13
H3_E6000,116,2025-04-27,3,6000.0,2025-04-27,115,28,105314.7627061636,0.2608513770001082,33585.96457737006,4762.107558610118,38348.07213598018,38524.962303291635,56991.812998544585,694.2185875220989,5896.821368580541,2,1,1,9104.128653092484,8675.361751448787,0.0,9.094947017729282e-13
H3_E6000,117,2025-04-28,3,6000.0,2025-04-28,116,28,106529.36661112179,0.2936660750001465,33525.170472033074,24957.28528860073,58482.455760633806,58480.48941410223,56876.15953045809,3707.0078905624896,754.180945018878,14,1,1,8675.361751448787,8680.128010211021,5.684341886080802e-14,9.094947017729282e-13
H3_E6000,118,2025-04-29,3,6000.0,2025-04-29,117,28,111951.87031306534,0.27072744599990983,35377.86903095667,1004.5301839709856,36382.39921492765,36257.88225934831,59898.548041023896,143.99801949125367,8944.765460885163,1,1,1,8680.128010211021,8981.946647489247,1.1368683772161603e-13,9.094947017729282e-13
H3_E6000,119,2025-04-30,3,6000.0,2025-04-30,118,28,88235.47132914083,0.24806073599984302,35203.57599069031,0.0,35203.57599069031,35306.93886876044,59341.15616349782,0.0,7998.588059868552,0,0,0,8981.946647489247,8731.403716535533,5.684341886080802e-14,9.094947017729282e-13
H3_E6000,120,2025-05-01,3,6000.0,2025-05-01,119,28,64748.06332294837,0.1969171539999479,32480.156447711524,10112.301448956216,42592.457896667736,45371.231448366925,52776.09303598876,1597.8322250371293,7049.245813825646,11,1,1,8731.403716535533,1995.8901250211973,1.1368683772161603e-13,9.094947017729282e-13
H3_E6000,121,2025-05-02,3,6000.0,2025-05-02,120,28,68432.19093658746,0.23498577700001988,14219.491271249743,8142.511086686152,22362.002357935897,22187.731791387007,28362.785090271318,1330.1746182668553,12350.890436714923,10,1,2,1995.8901250211973,2418.3073345391067,5.684341886080802e-14,7.958078640513122e-13
H3_E6000,122,2025-05-03,3,6000.0,2025-05-03,121,28,93806.5361783053,0.2511519939998834,17014.803729357947,4547.765450376401,21562.569179734346,19078.259326532032,34805.95332624411,799.9735416827812,17561.286613091197,8,1,1,2418.3073345391067,8440.065664412745,5.684341886080802e-14,8.988365607365267e-13
H3_E6000,123,2025-05-04,3,6000.0,2025-05-04,122,28,116525.6390593514,0.26424766299987823,36533.05017460745,5373.627688356226,41906.677862963676,41940.95610872779,61438.041610319444,860.4710372564965,7343.609100075112,9,1,1,8440.065664412745,8356.978077050228,5.684341886080802e-14,9.094947017729282e-13
H3_E6000,124,2025-05-05,3,6000.0,2025-05-05,123,28,118243.23180866137,0.2659747160000734,36250.904971390286,6790.297760794752,43041.20273218504,43021.71401693098,61156.98486528703,1020.2730961698048,3162.110169610156,6,1,2,8356.978077050228,8404.217085207129,1.1368683772161603e-13,9.094947017729282e-13
H3_E6000,125,2025-05-06,3,6000.0,2025-05-06,124,28,124338.2888871574,0.26003364100006365,38126.649008684515,1744.862047450153,39871.51105613467,39919.18444509863,63947.60214869878,277.38263772554956,7637.506170837259,5,1,3,8404.217085207129,8288.660796309821,1.1368683772161603e-13,9.094947017729282e-13
H3_E6000,126,2025-05-07,3,6000.0,2025-05-07,125,28,102403.16132385096,0.24967740399961258,38784.45782435207,2599.1595222599344,41383.617346612,41243.02854676882,64994.56625492168,372.58594069093095,6191.504836546824,1,1,1,8288.660796309821,8629.436233581187,5.684341886080802e-14,9.094947017729282e-13
H3_E6000,127,2025-05-08,3,6000.0,2025-05-08,126,28,80683.84567366145,0.23056356799997957,38058.86287684981,243.2289326250005,38302.09180947481,40115.560641273034,60186.21739945643,35.999250000000075,5751.799138919446,1,1,1,8629.436233581187,4233.740169432526,5.684341886080802e-14,9.094947017729282e-13
H3_E6000,128,2025-05-09,3,6000.0,2025-05-09,127,28,82417.20722639222,0.22841647299992474,16887.299186218206,0.0,16887.299186218206,16509.187940557134,30450.778503388115,0.0,18585.872428792176,0,0,0,4233.740169432526,5150.250056572211,0.0,7.958078640513122e-13
H3_E6000,129,2025-05-10,3,6000.0,2025-05-10,128,28,104912.15194748652,0.2417644490001294,19214.070775578053,0.0,19214.070775578053,17154.849978533588,35853.67957449078,0.0,15721.871894962811,0,0,0,5150.250056572211,10141.628234164507,5.684341886080802e-14,9.094947017729282e-13
H3_E6000,130,2025-05-11,3,6000.0,2025-05-11,129,28,127903.3295304745,0.2545784190001541,40028.12230931885,277.36103945833383,40305.48334877718,40568.136697556874,65356.60546109129,41.18071666666674,7165.281642927403,2,1,1,10141.628234164507,9504.97858724362,5.684341886080802e-14,9.094947017729282e-13
H3_E6000,131,2025-05-12,3,6000.0,2025-05-12,130,28,128509.30216880325,0.25771871000006286,38938.72523839708,0.0,38938.72523839708,38919.44109300747,64142.01971726709,0.0,9072.075956757262,0,0,0,9504.97858724362,9551.721735238909,5.684341886080802e-14,9.094947017729282e-13
H3_E6000,132,2025-05-13,3,6000.0,2025-05-13,131,28,129549.05255689936,0.2562685140001122,40184.78721378901,0.0,40184.78721378901,40138.828242053634,65911.67228270917,0.0,9263.089145518567,0,0,0,9551.721735238909,9663.122420835021,5.684341886080802e-14,9.094947017729282e-13
H3_E6000,133,2025-05-14,3,6000.0,2025-05-14,132,28,103957.33736218962,0.24877999099999215,39977.38430138302,0.0,39977.38430138302,39929.359631399944,65445.44285196198,0.0,8992.321879012856,0,0,0,9663.122420835021,9779.530185404832,1.1368683772161603e-13,9.094947017729282e-13
H3_E6000,134,2025-05-15,3,6000.0,2025-05-15,133,28,78945.9854157721,0.24239926000018386,37066.78872256158,0.0,37066.78872256158,39217.132024244704,58051.30464418712,0.0,7770.48700601974,0,0,0,9779.530185404832,4567.278713509296,1.1368683772161603e-13,9.094947017729282e-13
H3_E6000,135,2025-05-16,3,6000.0,2025-05-16,134,28,80792.0294964027,0.22852723400001196,16217.597721687845,0.0,16217.597721687845,16321.238960961848,28916.984642073832,0.0,24158.570939948204,0,0,0,4567.278713509296,4316.061058387826,5.329070518200751e-15,9.094947017729282e-13
H3_E6000,136,2025-05-17,3,6000.0,2025-05-17,135,28,101019.1746063467,0.2456405130001258,18923.208624445037,0.0,18923.208624445037,16599.09383799226,35670.761412675194,0.0,16577.33480299935,0,0,0,4316.061058387826,9949.52000750579,5.684341886080802e-14,9.094947017729282e-13
H3_E6000,137,2025-05-18,3,6000.0,2025-05-18,136,28,122775.32089308652,0.256715720000102,38685.950719916145,0.0,38685.950719916145,38772.489008394215,62918.786402637685,0.0,6081.3126965149495,0,0,0,9949.52000750579,9739.758467968317,5.684341886080802e-14,9.094947017729282e-13
H3_E6000,138,2025-05-19,3,6000.0,2025-05-19,137,28,122684.24889119371,0.261563095999918,37291.44324593507,451.90398166666745,37743.34722760174,38008.42558681961,61398.61391042563,67.00333333333344,11401.060528084861,1,1,1,9739.758467968317,9097.230799516712,1.1368683772161603e-13,8.86402062860725e-13
H3_E6000,139,2025-05-20,3,6000.0,2025-05-20,138,28,122379.16457799327,0.2591130610003347,38284.499592685905,0.0,38284.499592685905,38183.94874337765,62886.41421151034,0.0,4766.43657743228,0,0,0,9097.230799516712,9340.95760904386,5.684341886080802e-14,9.094947017729282e-13
H3_E6000,140,2025-05-21,3,6000.0,2025-05-21,139,28,99402.19281405189,0.2479623949998313,38614.40953563465,0.0,38614.40953563465,38599.67090652923,63593.6057427467,0.0,9042.475123362081,0,0,0,9340.95760904386,9376.682807521853,5.684341886080802e-14,9.094947017729282e-13
H3_E6000,141,2025-05-22,3,6000.0,2025-05-22,140,28,75390.40845581245,0.2514141289998406,35386.79187985459,0.0,35386.79187985459,37685.06108748908,55951.59699592464,0.0,8102.93596150009,0,0,0,9376.682807521853,3805.8713696790323,1.1368683772161603e-13,9.094947017729282e-13
H3_E6000,142,2025-05-23,3,6000.0,2025-05-23,141,28,78010.29905109695,0.22972763899997517,15442.441718002621,0.0,15442.441718002621,15307.136637990812,28200.387570465915,0.0,19106.39914318469,0,0,0,3805.8713696790323,4133.839514065319,3.552713678800501e-15,8.988365607365267e-13
H3_E6000,143,2025-05-24,3,6000.0,2025-05-24,142,28,100176.80700873495,0.24652265599979728,18476.150363991786,0.0,18476.150363991786,16052.618508949505,35190.82400111128,0.0,22619.913429991775,0,0,0,4133.839514065319,10008.277083518737,5.684341886080802e-14,7.958078640513122e-13
H3_E6000,144,2025-05-25,3,6000.0,2025-05-25,143,28,119146.69073689291,0.26223131300002933,37428.35436521126,0.0,37428.35436521126,37735.315283634256,61523.46546305253,0.0,10684.389187825383,0,0,0,10008.277083518737,9264.229610907109,1.1368683772161603e-13,9.094947017729282e-13
H3_E6000,145,2025-05-26,3,6000.0,2025-05-26,144,28,117644.53346476726,0.2640187749998404,35996.380265099775,0.0,35996.380265099775,36021.63929006453,59290.40947611904,0.0,1181.296873964542,0,0,0,9264.229610907109,9203.003856885347,5.684341886080802e-14,9.023892744153272e-13
H3_E6000,146,2025-05-27,3,6000.0,2025-05-27,145,28,120459.46262550232,0.25737981000020227,37958.15081580554,0.0,37958.15081580554,37968.77071874359,62584.73496971438,0.0,10038.29178843757,0,0,0,9203.003856885347,9177.262104544256,1.1368683772161603e-13,8.881784197001252e-13
H3_E6000,147,2025-05-28,3,6000.0,2025-05-28,146,28,95647.92059922639,0.24576865700009876,37427.22466513293,0.0,37427.22466513293,37341.12849826271,61874.47222843188,0.0,5936.0589230032665,0,0,0,9177.262104544256,9385.951978455381,5.684341886080802e-14,9.094947017729282e-13
H3_E6000,148,2025-05-29,3,6000.0,2025-05-29,147,28,72543.52871373516,0.23293260799982818,34159.78365086047,119.77769558333367,34279.5613464438,36817.69752122393,54416.37751569974,17.817433333333383,3548.040345359091,1,1,1,9385.951978455381,3233.7231680537852,5.684341886080802e-14,9.094947017729282e-13
H3_E6000,149,2025-05-30,3,6000.0,2025-05-30,148,28,76536.39694424195,0.22956211700011409,15279.560515759185,0.0,15279.560515759185,15011.55577680247,28379.912373620915,0.0,18842.51791643978,0,0,0,3233.7231680537852,3883.344135091339,0.0,9.094947017729282e-13
H3_E6000,150,2025-05-31,3,6000.0,2025-05-31,149,28,98225.63791971114,0.2462742520001484,18171.152403777884,0.0,18171.152403777884,15808.373590579857,35033.627138113254,0.0,17872.548733770323,0,0,0,3883.344135091339,9610.52143613692,5.684341886080802e-14,8.526512829121202e-13
H3_E6000,151,2025-06-01,3,6000.0,2025-06-01,150,28,118781.23663033287,0.22413589300003878,37931.69741802935,54123.273655008496,92054.97107303784,92886.07238134799,62794.706125723314,9399.94294295683,15.901242223280178,52,1,3,9610.52143613692,7596.0017014772675,1.1368683772161603e-13,8.988365607365267e-13
H3_E6000,152,2025-06-02,3,6000.0,2025-06-02,151,28,129024.01748053731,0.2626452929998777,39643.989689771755,44952.641468507776,84596.63115827953,84592.33780609843,66474.02168492916,7073.281183627627,1006.2957647251069,33,1,2,7596.0017014772675,7606.408426397804,5.684341886080802e-14,9.094947017729282e-13
H3_E6000,153,2025-06-03,3,6000.0,2025-06-03,152,28,142141.76673700317,0.2608538680001402,44068.75231875009,10006.126489235308,54074.8788079854,53870.02738989246,72786.88817097673,1639.9480776607759,1500.0610013491016,17,1,4,7606.408426397804,8102.951050377466,5.684341886080802e-14,9.094947017729282e-13
H3_E6000,154,2025-06-04,3,6000.0,2025-06-04,153,28,119894.50062248045,0.2575083479996465,45646.96200374002,4128.797633427887,49775.7596371679,49771.37417014155,74929.7523910647,659.9596134561045,1924.7728003507398,13,1,4,8102.951050377466,8113.581053942554,5.684341886080802e-14,9.094947017729282e-13
H3_E6000,155,2025-06-05,3,6000.0,2025-06-05,154,28,95360.13364114315,0.2648951109999871,45275.22893879802,3147.049370864471,48422.27830966249,50715.23277392309,71760.92229529416,509.1899335062783,3052.8659309679074,11,1,4,8113.581053942554,2555.652107445014,5.684341886080802e-14,9.094947017729282e-13
H3_E6000,156,2025-06-06,3,6000.0,2025-06-06,155,28,106812.303957402,0.2623186089999763,19761.620228658183,11813.113780892152,31574.734009550335,31319.291763862508,35620.3471666845,1757.6817952065744,3190.0360409456825,7,1,2,2555.652107445014,3174.8226464136246,0.0,8.988365607365267e-13
H3_E6000,157,2025-06-07,3,6000.0,2025-06-07,156,28,146889.75224829855,0.2564974400002029,24196.364213829984,0.0,24196.364213829984,21898.821409759817,44405.801019006954,0.0,4573.389191336395,0,0,0,3174.8226464136246,8743.873343055557,5.684341886080802e-14,7.958078640513122e-13
H3_E6000,158,2025-06-08,3,6000.0,2025-06-08,157,28,184334.47488118353,0.25423969900020893,57653.55936660011,0.0,57653.55936660011,57119.01504863283,90813.33442254443,0.0,21360.58098935592,0,0,0,8743.873343055557,10039.563852537254,1.1368683772161603e-13,9.094947017729282e-13
H3_E6000,159,2025-06-09,3,6000.0,2025-06-09,158,28,173977.51056662516,0.2607375659999889,50513.91429727014,0.0,50513.91429727014,50781.5790258876,80591.16507394676,0.0,6372.672896922955,0,0,0,10039.563852537254,9390.767041991288,8.526512829121202e-14,9.094947017729282e-13
H3_E6000,160,2025-06-10,3,6000.0,2025-06-10,159,28,178467.72838056376,0.25646373500012487,54931.06634729901,0.0,54931.06634729901,54677.29556873663,86490.42842804402,0.0,10525.284787483428,0,0,0,9390.767041991288,10005.886085099679,5.684341886080802e-14,9.094947017729282e-13
H3_E6000,161,2025-06-11,3,6000.0,2025-06-11,160,28,146529.91382400275,0.262170180999874,54055.62299309227,1365.8527066160307,55421.4756997083,55474.495075879786,85574.35560487633,283.5776166447474,5636.573803822706,3,1,1,10005.886085099679,9877.371572429767,1.1368683772161603e-13,9.094947017729282e-13
H3_E6000,162,2025-06-12,3,6000.0,2025-06-12,161,28,118754.9341121292,0.2641916290003792,54401.154404771936,0.0,54401.154404771936,55559.804144011185,84084.9501105269,0.0,11067.600880578599,0,0,0,9877.371572429767,7068.9019647935565,5.684341886080802e-14,9.094947017729282e-13
H3_E6000,163,2025-06-13,3,6000.0,2025-06-13,162,28,120977.56499673177,0.26521121400037373,24907.14319848812,0.0,24907.14319848812,24490.238930297823,42294.2923785599,0.0,10416.493501423416,0,0,0,7068.9019647935565,8079.442878801817,7.105427357601002e-15,9.094947017729282e-13
H3_E6000,164,2025-06-14,3,6000.0,2025-06-14,163,28,151931.66039088846,0.26694117899978664,26174.23631350763,0.0,26174.23631350763,25241.57003007895,45358.99235284128,0.0,14412.449237191913,0,0,0,8079.442878801817,10340.14757873667,5.684341886080802e-14,9.094947017729282e-13
H3_E6000,165,2025-06-15,3,6000.0,2025-06-15,164,28,180664.0282107346,0.25840482400008113,55778.47265254585,0.0,55778.47265254585,55696.162547147294,87398.12137164635,0.0,12922.532159692804,0,0,0,10340.14757873667,10539.660357779776,1.1368683772161603e-13,9.094947017729282e-13
H3_E6000,166,2025-06-16,3,6000.0,2025-06-16,165,28,177821.97372929082,0.25649349600007554,52646.617121839576,52.69981830876797,52699.31694014835,53068.39728006121,83134.61296848759,7.8178042291600605,7442.124942267557,1,1,1,10539.660357779776,9645.040627314977,1.4921397450962104e-13,9.094947017729282e-13
H3_E6000,167,2025-06-17,3,6000.0,2025-06-17,166,28,181243.18619920182,0.2606381259997761,55714.77558415105,0.0,55714.77558415105,55610.370428618175,87749.10825160827,0.0,8901.249707306515,0,0,0,9645.040627314977,9898.109951256778,5.684341886080802e-14,9.094947017729282e-13
H3_E6000,168,2025-06-18,3,6000.0,2025-06-18,167,28,150087.86435637675,0.2679616509999505,55875.63029331379,0.0,55875.63029331379,55815.41402385858,87971.51663548007,0.0,13454.011099224539,0,0,0,9898.109951256778,10044.069128498066,7.105427357601002e-14,9.094947017729282e-13
H3_E6000,169,2025-06-19,3,6000.0,2025-06-19,168,28,115275.00162112045,0.27265356499992777,53035.67230931597,292.96119204060585,53328.63350135657,54394.48299612923,82668.72342375299,43.48061983107516,13698.792089113405,2,1,1,10044.069128498066,7460.539515529055,1.1368683772161603e-13,8.846257060213247e-13
H3_E6000,170,2025-06-20,3,6000.0,2025-06-20,169,28,113959.04629474138,0.2676852829999916,22736.241534540837,0.0,22736.241534540837,22932.69340377198,38445.44066884193,0.0,14148.585580554958,0,0,0,7460.539515529055,6984.35669218397,1.4210854715202004e-14,8.810729923425242e-13
H3_E6000,171,2025-06-21,3,6000.0,2025-06-21,170,28,140685.9876194431,0.26203119299998434,23593.491904576866,0.0,23593.491904576866,22216.32136269306,41478.734317735754,0.0,15768.87173555222,0,0,0,6984.35669218397,10322.502363327047,5.684341886080802e-14,9.094947017729282e-13
H3_E6000,172,2025-06-22,3,6000.0,2025-06-22,171,28,164737.68319737035,0.25987251500009734,49572.34072949563,169.26311018290858,49741.60383967854,50154.84344751252,78828.22832619018,25.10838308900236,8899.064341632407,2,1,2,10322.502363327047,9320.84427808443,5.684341886080802e-14,9.094947017729282e-13
H3_E6000,173,2025-06-23,3,6000.0,2025-06-23,172,28,164083.49942371793,0.25686082499987606,49888.324726797655,4.919136940528247,49893.243863738186,49877.39057336643,80153.20657234857,0.7297340069022766,9141.034063274812,1,1,1,9320.84427808443,9359.271321808053,1.1368683772161603e-13,9.094947017729282e-13
H3_E6000,174,2025-06-24,3,6000.0,2025-06-24,173,28,164262.6470271697,0.2575251869998283,50376.14894048676,8425.742327398611,58801.891267885374,58788.15987967628,80283.82997398227,1758.023668905177,1477.044090835792,9,1,1,9359.271321808053,9392.55505299089,5.684341886080802e-14,8.952838470577262e-13
H3_E6000,175,2025-06-25,3,6000.0,2025-06-25,174,28,138840.87478667125,0.26123894400006975,52690.64216979762,0.0,52690.64216979762,52672.01492983734,83903.96106866976,0.0,9540.039471835684,0,0,0,9392.55505299089,9437.70591742463,1.1368683772161603e-13,9.094947017729282e-13
H3_E6000,176,2025-06-26,3,6000.0,2025-06-26,175,28,107043.49920496055,0.2715723040000739,50762.02081004514,64.69591812516803,50826.71672817031,52249.328077588456,79318.8968781427,9.60378803906599,11865.296605274281,1,1,1,9437.70591742463,5989.415547167871,1.1368683772161603e-13,8.988365607365267e-13
H3_E6000,177,2025-06-27,3,6000.0,2025-06-27,176,28,107280.31692328144,0.2771553490001679,21361.692615467422,0.0,21361.692615467422,21215.626200422965,37421.49328625662,0.0,14943.525881109455,0,0,0,5989.415547167871,6343.468263408137,5.684341886080802e-14,9.094947017729282e-13
H3_E6000,178,2025-06-28,3,6000.0,2025-06-28,177,28,135768.78914308522,0.2652511010001035,22562.93600593056,0.0,22562.93600593056,21212.640152769396,40743.72602947496,0.0,12825.0392234738,0,0,0,6343.468263408137,9616.471947343089,5.684341886080802e-14,8.668621376273222e-13
H3_E6000,179,2025-06-29,3,6000.0,2025-06-29,178,28,164505.2274111837,0.2615962629997739,50332.544892926846,0.0,50332.544892926846,50445.43693681224,80385.47323170277,0.0,7738.309643889386,0,0,0,9616.471947343089,9342.83111918026,5.684341886080802e-14,9.094947017729282e-13
H3_E6000,180,2025-06-30,3,6000.0,2025-06-30,179,28,163346.57268868823,0.2583596240001498,49664.246159510374,531.1942015745466,50195.44036108492,50305.162914526176,79553.09609713858,78.8217331315492,6192.33630321923,3,1,2,9342.83111918026,9076.87286952464,5.684341886080802e-14,9.094947017729282e-13
H3_E6000,181,2025-07-01,3,6000.0,2025-07-01,180,42,164027.9065554795,0.3522862869999699,50929.7104992792,16694.812645477436,67624.52314475663,68176.17638888252,81598.2610741005,2804.3740040845196,2697.91773718948,24,1,4,9076.87286952464,7739.711760681934,1.1368683772161603e-13,8.810729923425242e-13
H3_E6000,182,2025-07-02,3,6000.0,2025-07-02,181,42,135033.82266061322,0.41910367099990253,52151.73471200267,8915.396935190649,61067.13164719332,61006.028115558,83814.66081458733,1372.8009890703834,8291.243076748939,16,1,3,7739.711760681934,7887.821586891969,1.9184653865522705e-13,9.094947017729282e-13
H3_E6000,183,2025-07-03,3,6000.0,2025-07-03,182,42,103536.96381483035,0.40094862700016165,48918.590015696296,12751.024200944817,61669.614216641115,63860.354563120956,76517.58305270471,2114.530036224268,439.74120412973275,21,1,4,7887.821586891969,2577.651072935985,5.684341886080802e-14,9.094947017729282e-13
H3_E6000,184,2025-07-04,3,6000.0,2025-07-04,183,42,110411.26503240204,0.41065652299994326,23175.66110978245,9148.179256826776,32323.840366609227,32267.46139272378,39995.66863502558,1877.6375189101807,10185.225882628902,27,1,5,2577.651072935985,2714.3089681606093,2.842170943040401e-14,7.709388682997087e-13
H3_E6000,185,2025-07-05,3,6000.0,2025-07-05,184,42,142468.4909352123,0.40201814300007754,26682.32034656303,4747.29841044929,31429.61875701232,29078.20690845839,47700.786086299086,763.7590453439151,10654.083296072211,10,1,4,2714.3089681606093,8413.933702064562,1.4210854715202004e-14,9.094947017729282e-13
H3_E6000,186,2025-07-06,3,6000.0,2025-07-06,185,42,180092.39459560867,0.4286820429997533,53394.099906225034,10490.606626881014,63884.706533106044,63803.48463951906,85054.66644442962,1553.5469216494243,2384.2952468131707,10,1,3,8413.933702064562,8610.80874711785,5.684341886080802e-14,9.094947017729282e-13
H3_E6000,187,2025-07-07,3,6000.0,2025-07-07,186,42,196253.7139352775,0.4138875220000955,55285.46169848056,365.4344718814757,55650.89617036204,55513.51304214473,87428.93313463507,54.230778860404484,10237.77508656685,4,1,2,8610.80874711785,8943.813905737772,5.684341886080802e-14,9.094947017729282e-13
H3_E6000,188,2025-07-08,3,6000.0,2025-07-08,187,42,206086.13214578666,0.4219259060000695,64120.05037105673,0.0,64120.05037105673,63354.27048572388,99589.87302861095,0.0,18543.087303441534,0,0,0,8943.813905737772,10800.0,1.1368683772161603e-13,9.094947017729282e-13
H3_E6000,189,2025-07-09,3,6000.0,2025-07-09,188,42,161403.30414128175,0.4142476160000115,57886.301550526885,0.0,57886.301550526885,58093.4636366017,89777.60982804833,0.0,12923.630818089834,0,0,0,10800.0,10297.8565109956,1.1368683772161603e-13,9.094947017729282e-13
H3_E6000,190,2025-07-10,3,6000.0,2025-07-10,189,42,127721.54498069541,0.39229462699995565,55243.09950057733,0.0,55243.09950057733,57103.39464108977,84382.1833128295,0.0,12999.6813981254,0,0,0,10297.8565109956,5788.657409295632,1.1368683772161603e-13,9.094947017729282e-13
H3_E6000,191,2025-07-11,3,6000.0,2025-07-11,190,42,128041.06979868391,0.38374841299992113,28541.22803563396,0.0,28541.22803563396,28517.43802003334,46458.75982232037,0.0,11239.68873272679,0,0,0,5788.657409295632,5846.322408058247,1.4210854715202004e-14,9.094947017729282e-13
H3_E6000,192,2025-07-12,3,6000.0,2025-07-12,191,42,156747.43352719775,0.41001805599989893,30521.51594229863,0.0,30521.51594229863,28722.66256170514,51846.80745782032,0.0,13345.560460530556,0,0,0,5846.322408058247,10206.591846609666,0.0,9.094947017729282e-13
H3_E6000,193,2025-07-13,3,6000.0,2025-07-13,192,42,187675.94771343214,0.4185450760001004,56785.11749004278,101.11441505876255,56886.231905101544,56952.407530390505,88863.23766428235,15.04119227352362,16489.684515718214,1,1,1,10206.591846609666,10046.1876915866,1.1368683772161603e-13,9.094947017729282e-13
H3_E6000,194,2025-07-14,3,6000.0,2025-07-14,193,42,185440.72162347854,0.4209166250002454,53139.73176630442,0.0,53139.73176630442,53318.85596880643,83927.32934079287,0.0,9104.12609420362,0,0,0,10046.1876915866,9612.005676364935,5.684341886080802e-14,9.094947017729282e-13
H3_E6000,195,2025-07-15,3,6000.0,2025-07-15,194,42,189450.87564789262,0.4018169650003074,58966.80852697054,0.0,58966.80852697054,58476.69486878643,91854.25590360882,0.0,14730.894062900017,0,0,0,9612.005676364935,10800.0,1.1368683772161603e-13,9.094947017729282e-13
H3_E6000,196,2025-07-16,3,6000.0,2025-07-16,195,42,154257.83444498747,0.3725792370000818,55814.96359369775,0.0,55814.96359369775,55968.24417209953,87401.12251955536,0.0,12320.840551234285,0,0,0,10800.0,10428.460757981158,1.1368683772161603e-13,7.958078640513122e-13
H3_E6000,197,2025-07-17,3,6000.0,2025-07-17,196,42,122696.98092723997,0.3445920839999417,53002.72789757363,0.0,53002.72789757363,54934.21109284231,81117.72001938097,0.0,9804.170192735428,0,0,0,10428.460757981158,5746.707793419311,1.1368683772161603e-13,9.094947017729282e-13
H3_E6000,198,2025-07-18,3,6000.0,2025-07-18,197,42,123769.05744293323,0.34394618199985416,28130.688729444948,0.0,28130.688729444948,28056.738486287653,45819.58259156955,0.0,11849.939214812139,0,0,0,5746.707793419311,5925.956968861182,1.4210854715202004e-14,6.252776074688882e-13
H3_E6000,199,2025-07-19,3,6000.0,2025-07-19,198,42,150217.48632614285,0.36864619700008916,29520.975257369802,0.0,29520.975257369802,27962.381343486755,50183.92848836397,0.0,16230.438854718497,0,0,0,5925.956968861182,9703.857648890114,1.0658141036401503e-14,9.094947017729282e-13
H3_E6000,200,2025-07-20,3,6000.0,2025-07-20,199,42,174597.70216709652,0.3880408640002315,53492.038517468434,0.0,53492.038517468434,53479.84449926594,84362.3175666907,0.0,8622.247917705301,0,0,0,9703.857648890114,9733.41492436073,5.684341886080802e-14,9.094947017729282e-13
H3_E6000,201,2025-07-21,3,6000.0,2025-07-21,200,42,172938.96772868413,0.37641239799995674,52875.94333174889,0.0,52875.94333174889,52946.562236178266,83736.64720118663,0.0,6122.682329777671,0,0,0,9733.41492436073,9562.240634065982,8.526512829121202e-14,9.094947017729282e-13
H3_E6000,202,2025-07-22,3,6000.0,2025-07-22,201,42,173378.44293979823,0.3789650419998907,53722.651215677586,135.98662961603907,53858.637845293626,53907.25616620341,84999.36036030884,20.148666267272347,7611.221546985475,2,1,1,9562.240634065982,9444.393909533768,1.1368683772161603e-13,9.094947017729282e-13
H3_E6000,203,2025-07-23,3,6000.0,2025-07-23,202,42,143248.82037875993,0.35811005799996565,53778.54973610954,18.60526979023712,53797.155005899775,53859.22274028189,85306.27686413677,2.7534453920666238,7306.661600077946,2,1,2,9444.393909533768,9293.946936886574,1.1368683772161603e-13,9.094947017729282e-13
H3_E6000,204,2025-07-24,3,6000.0,2025-07-24,203,42,114038.44846194246,0.33774466900013067,50879.72116479621,0.0,50879.72116479621,52671.1159722158,78787.8365708494,0.0,6285.386952384024,0,0,0,9293.946936886574,4951.756452971604,5.684341886080802e-14,9.094947017729282e-13
H3_E6000,205,2025-07-25,3,6000.0,2025-07-25,204,42,115478.88593702944,0.33301495699970474,25520.045145139036,0.0,25520.045145139036,25722.73109284927,42508.18142883692,0.0,13984.792322338832,0,0,0,4951.756452971604,4460.462747237134,1.0658141036401503e-14,8.526512829121202e-13
H3_E6000,206,2025-07-26,3,6000.0,2025-07-26,205,42,142826.84843113154,0.3537956069999382,28660.232026803114,0.0,28660.232026803114,26562.363313523507,49316.45903861866,0.0,12673.793044589762,0,0,0,4460.462747237134,9545.520226234301,7.105427357601002e-15,6.821210263296962e-13
H3_E6000,207,2025-07-27,3,6000.0,2025-07-27,206,42,168266.0890584983,0.3836742490002507,52268.742839084116,2954.409788330494,55223.15262741461,55287.65099637329,83136.33339651654,578.0597692688509,6080.214309497071,4,1,1,9545.520226234301,9389.181599617523,1.1368683772161603e-13,8.754108549169359e-13
H3_E6000,208,2025-07-28,3,6000.0,2025-07-28,207,42,169614.36874132635,0.39353465700014567,51815.48300427138,3334.7965052380696,55150.27950950945,55432.66865049997,82545.7220077865,522.4989534246688,1695.4575016552649,7,1,3,9389.181599617523,8704.694050758193,4.263256414560601e-14,9.094947017729282e-13
H3_E6000,209,2025-07-29,3,6000.0,2025-07-29,208,42,175178.21910256337,0.39642601100013053,54838.2596108801,321.90698338691317,55160.166594267015,54886.81884696889,87227.42411975708,47.549401655614474,6620.274998927873,3,1,2,8704.694050758193,9367.266021047206,8.526512829121202e-14,9.094947017729282e-13
H3_E6000,210,2025-07-30,3,6000.0,2025-07-30,209,42,144879.94042543418,0.3762776930002474,54445.02477874985,0.0,54445.02477874985,54372.551869959236,86249.82641791349,0.0,8227.851471131202,0,0,0,9367.266021047206,9542.934262123303,5.684341886080802e-14,8.988365607365267e-13
H3_E6000,211,2025-07-31,3,6000.0,2025-07-31,210,42,114108.59218702448,0.3583753729999444,51568.74578260861,89.04120886047616,51657.78699146909,53665.00582291274,80120.27578251637,13.245252340717911,6887.050573848117,1,1,1,9542.934262123303,4677.604479469697,1.1368683772161603e-13,9.094947017729282e-13
H3_E6000,212,2025-08-01,3,6000.0,2025-08-01,211,42,115549.46252032557,0.3221612520001145,25797.856382217855,0.0,25797.856382217855,25761.380595826446,43027.3968393885,0.0,19297.21070783905,0,0,0,4677.604479469697,4766.018720655446,1.4210854715202004e-14,9.094947017729282e-13
H3_E6000,213,2025-08-02,3,6000.0,2025-08-02,212,42,138864.93433284192,0.37702744999978677,27829.319497774355,0.0,27829.319497774355,25866.054067932753,48026.365732923005,0.0,19305.702984051983,0,0,0,4766.018720655446,9524.809151189897,0.0,9.094947017729282e-13
H3_E6000,214,2025-08-03,3,6000.0,2025-08-03,213,42,159553.53069574747,0.41039825200005,49809.31257656553,1134.3436231021865,50943.65619966771,51332.14149803413,79222.66232824043,168.33744328106957,14128.605962907883,5,1,1,9524.809151189897,8583.153432014633,1.1368683772161603e-13,9.094947017729282e-13
H3_E6000,215,2025-08-04,3,6000.0,2025-08-04,214,42,155134.8717940286,0.40261345899989465,47972.06856292348,29.322820594894242,48001.39138351837,47784.72602578581,76420.2230993624,4.355089944288466,6916.406190741551,1,1,1,8583.153432014633,9108.332052966165,1.1368683772161603e-13,9.094947017729282e-13
H3_E6000,216,2025-08-05,3,6000.0,2025-08-05,215,42,154634.94258617333,0.4088151740002104,48853.581932187255,0.0,48853.581932187255,48821.752134326605,77510.63585505064,0.0,8765.93513160819,0,0,0,9108.332052966165,9185.484808351523,5.684341886080802e-14,9.094947017729282e-13
H3_E6000,217,2025-08-06,3,6000.0,2025-08-06,216,42,128162.62162830164,0.39525198100000125,48101.48066531503,3677.2819022196636,51778.76256753469,52043.14009189475,76408.16432022094,542.6934321191139,5922.143820161273,4,1,3,9185.484808351523,8544.65590470474,1.1368683772161603e-13,9.094947017729282e-13
H3_E6000,218,2025-08-07,3,6000.0,2025-08-07,217,42,104177.62146844403,0.3727156230002038,46193.250652544986,78.30905372951891,46271.55970627451,48250.543186152216,71282.28898131532,11.59298754655299,9623.550708851479,2,1,2,8544.65590470474,3747.766241656157,5.684341886080802e-14,9.094947017729282e-13
H3_E6000,219,2025-08-08,3,6000.0,2025-08-08,218,42,106032.62408698352,0.36778895799989186,24662.10428821059,0.0,24662.10428821059,24434.2144733548,41639.73636473019,0.0,22807.495149852944,0,0,0,3747.766241656157,4300.152003493514,0.0,8.100187187665142e-13
H3_E6000,220,2025-08-09,3,6000.0,2025-08-09,219,42,127361.01723711469,0.3852944629998092,26565.653931021254,0.0,26565.653931021254,24493.654147965106,46371.07810008278,0.0,19367.003380324466,0,0,0,4300.152003493514,9322.505369371598,4.884981308350689e-15,8.384404281969182e-13
H3_E6000,221,2025-08-10,3,6000.0,2025-08-10,220,42,148102.34567295975,0.4025140140001895,47197.00014134215,245.7419923592571,47442.74213370141,47508.02605195478,74481.69309526641,35.86800300955656,5988.638440902905,2,1,1,9322.505369371598,9164.262637273474,5.684341886080802e-14,8.846257060213247e-13
H3_E6000,222,2025-08-11,3,6000.0,2025-08-11,221,42,147877.17728013475,0.4020713519998935,46205.53297770211,1432.7471869232477,47638.28016462536,47782.38261607098,73296.50755739637,212.5141268022096,5581.782205542975,6,1,2,9164.262637273474,8814.97040376672,5.684341886080802e-14,9.094947017729282e-13
H3_E6000,223,2025-08-12,3,6000.0,2025-08-12,222,42,149322.91646145727,0.40523722099987936,46990.93098193763,4605.575561681038,51596.50654361867,51562.454787197064,74605.0015329417,672.1417409443635,3935.1066522980395,9,1,2,8814.97040376672,8897.50899999469,1.1368683772161603e-13,9.094947017729282e-13
H3_E6000,224,2025-08-13,3,6000.0,2025-08-13,223,42,127049.79653869176,0.37887104900028135,48119.56373921824,449.8421385272513,48569.40587774549,48417.81459406785,76412.14477200068,66.44917791770456,6456.635676539265,3,1,2,8897.50899999469,9264.953533552129,2.842170943040401e-14,9.094947017729282e-13
H3_E6000,225,2025-08-14,3,6000.0,2025-08-14,224,42,101718.77858159774,0.35705958000016835,45241.54291472447,278.894531654426,45520.4374463789,47794.90406738236,69990.03120972274,40.313532512145116,6304.128414288961,2,1,2,9264.953533552129,3751.8375655932955,1.1368683772161603e-13,9.094947017729282e-13
H3_E6000,226,2025-08-15,3,6000.0,2025-08-15,225,42,104718.60794794503,0.3489609759999439,24695.9338121463,0.0,24695.9338121463,24499.734588616775,41455.2382329971,0.0,21281.947698442826,0,0,0,3751.8375655932955,4227.40799698724,7.105427357601002e-15,9.094947017729282e-13
H3_E6000,227,2025-08-16,3,6000.0,2025-08-16,226,42,126236.84991386574,0.3701318159996845,26600.440319484762,0.0,26600.440319484762,24531.72182398008,46508.37158059371,0.0,21503.465440307446,0,0,0,4227.40799698724,9241.807797564168,2.842170943040401e-14,8.384404281969182e-13
H3_E6000,228,2025-08-17,3,6000.0,2025-08-17,227,42,146530.62675457846,0.3777582910001911,46809.89324918957,693.1904374601227,47503.08368664969,47585.64832784837,73856.22744347822,102.9384884561407,7399.7613958606835,4,1,1,9241.807797564168,9041.67804512998,5.684341886080802e-14,8.419931418757187e-13
H3_E6000,229,2025-08-18,3,6000.0,2025-08-18,228,42,145977.37694525713,0.3743241659999512,45555.04832173924,1122.947884744401,46677.99620648364,46810.41354954786,72118.33751920905,165.43355832919872,4420.981555473771,7,1,3,9041.67804512998,8720.709532450752,5.684341886080802e-14,9.094947017729282e-13
H3_E6000,230,2025-08-19,3,6000.0,2025-08-19,229,42,148657.15430233657,0.3756818810002187,47778.74355594185,834.4093027534146,48613.15285869527,48459.212614148324,75421.84950442106,123.69224078867069,7355.389616879868,4,1,2,8720.709532450752,9093.84774977434,1.1368683772161603e-13,9.094947017729282e-13
H3_E6000,231,2025-08-20,3,6000.0,2025-08-20,230,42,124238.47785059358,0.36014177300012307,47137.16840637094,6006.200989058125,53143.369395429065,53269.49275308618,74345.10130178957,1117.9899474218028,1161.6447059386874,11,1,4,9093.84774977434,8788.135328844082,1.1368683772161603e-13,9.094947017729282e-13
H3_E6000,232,2025-08-21,3,6000.0,2025-08-21,231,42,102654.23641393734,0.3317829900001925,46568.576140186706,8.978780493809221,46577.554920680515,48347.975633796785,72032.36879391811,1.331274444926862,7492.359270515448,1,1,1,8788.135328844082,4496.784287086367,5.684341886080802e-14,9.094947017729282e-13
H3_E6000,233,2025-08-22,3,6000.0,2025-08-22,232,42,104110.77829345691,0.334260078999705,24467.373732462947,0.0,24467.373732462947,24504.60523328558,41244.99933723371,0.0,17529.84387351516,0,0,0,4496.784287086367,4406.53825762133,1.3322676295501878e-15,9.094947017729282e-13
H3_E6000,234,2025-08-23,3,6000.0,2025-08-23,233,42,128573.1294806618,0.36106251600040196,27083.214728211755,0.0,27083.214728211755,25055.160314779725,46934.94497714589,0.0,16512.47832515656,0,0,0,4406.53825762133,9322.371740219838,5.684341886080802e-14,8.064660050877137e-13
H3_E6000,235,2025-08-24,3,6000.0,2025-08-24,234,42,151940.29061925062,0.37889673199970275,48603.72763290581,0.0,48603.72763290581,48651.067944139475,76912.6770796951,0.0,9604.297537157236,0,0,0,9322.371740219838,9207.622803752565,1.1368683772161603e-13,8.952838470577262e-13
H3_E6000,236,2025-08-25,3,6000.0,2025-08-25,235,42,150948.51433150005,0.38261368099983883,47249.10619090886,5538.2950450509215,52787.401235959784,52971.647288197884,74734.57117942184,807.8745617502249,1360.8643522938055,4,1,2,9207.622803752565,8761.025855154956,1.1368683772161603e-13,9.094947017729282e-13
H3_E6000,237,2025-08-26,3,6000.0,2025-08-26,236,42,155645.90194947147,0.38503994999973656,49442.92843084765,0.0,49442.92843084765,49159.19244489676,78356.6633182863,0.0,8341.533714803076,0,0,0,8761.025855154956,9448.778043024062,1.1368683772161603e-13,9.094947017729282e-13
H3_E6000,238,2025-08-27,3,6000.0,2025-08-27,237,42,129921.23835579233,0.3681746669999484,49084.87508911239,0.0,49084.87508911239,49200.02414274653,77248.20702615779,0.0,5687.994287049719,0,0,0,9448.778043024062,9169.666412884762,1.1368683772161603e-13,9.094947017729282e-13
H3_E6000,239,2025-08-28,3,6000.0,2025-08-28,238,42,105327.58295332681,0.3355343520001952,47385.6437760094,345.92636282098306,47731.57013883038,49521.56095505542,72927.52405218384,51.31704733839763,3088.445273084225,3,1,2,9169.666412884762,4830.879085649267,5.684341886080802e-14,8.86402062860725e-13
H3_E6000,240,2025-08-29,3,6000.0,2025-08-29,239,42,108218.77160698971,0.3406150920000073,25640.798304822725,0.0,25640.798304822725,25501.698981914502,42649.69450508612,0.0,17073.679449338637,0,0,0,4830.879085649267,5168.044155989694,2.6645352591003757e-15,7.958078640513122e-13
H3_E6000,241,2025-08-30,3,6000.0,2025-08-30,240,42,132421.09606122703,0.37821351100001266,27283.011318941688,0.0,27283.011318941688,25609.09704481032,46989.0814627932,0.0,21446.039706280193,0,0,0,5168.044155989694,9225.471698995967,0.0,8.597567102697212e-13
H3_E6000,242,2025-08-31,3,6000.0,2025-08-31,241,42,153970.68422209847,0.3966324259999965,49271.04628049936,125.95805356114467,49397.004334060504,49351.548359618006,77659.74909328239,18.378514340757647,7179.510684151148,2,1,2,9225.471698995967,9335.65316142056,5.684341886080802e-14,9.094947017729282e-13
H3_E6000,243,2025-09-01,3,6000.0,2025-09-01,242,42,153276.78194896984,0.33689017100005003,47915.66395922301,0.0,47915.66395922301,47311.53953570685,75788.439835291,0.0,17541.685766272352,0,0,0,9335.65316142056,10800.0,5.684341886080802e-14,9.094947017729282e-13
H3_E6000,244,2025-09-02,3,6000.0,2025-09-02,243,42,149254.54159249162,0.3935845219998555,47200.512510879955,0.0,47200.512510879955,47200.512510879955,74202.63005876697,0.0,16683.410088708093,0,0,0,10800.0,10800.0,1.1368683772161603e-13,9.094947017729282e-13
H3_E6000,245,2025-09-03,3,6000.0,2025-09-03,244,42,119914.58305673857,0.37358929099991656,45001.2691612661,0.0,45001.2691612661,45001.2691612661,70891.08723320346,0.0,12218.290856619513,0,0,0,10800.0,10800.0,5.684341886080802e-14,9.094947017729282e-13
H3_E6000,246,2025-09-04,3,6000.0,2025-09-04,245,42,93771.77559180127,0.3469988739998371,42332.617297897494,0.0,42332.617297897494,44060.617644342754,64968.9150128367,0.0,12246.130513635459,0,0,0,10800.0,6611.472362508121,1.1368683772161603e-13,9.094947017729282e-13
H3_E6000,247,2025-09-05,3,6000.0,2025-09-05,246,42,92992.3945664942,0.3438523760000862,20769.0641736272,0.0,20769.0641736272,20851.700372974774,35227.05308658469,0.0,25988.829175462954,0,0,0,6611.472362508121,6411.169159133989,5.684341886080802e-14,7.958078640513122e-13
H3_E6000,248,2025-09-06,3,6000.0,2025-09-06,247,42,105578.03500625929,0.38732215399977576,22385.95089704106,0.0,22385.95089704106,20634.64964739377,39800.49826632376,0.0,24624.130980600286,0,0,0,6411.169159133989,10656.176228033964,5.684341886080802e-14,7.958078640513122e-13
H3_E6000,249,2025-09-07,3,6000.0,2025-09-07,248,42,117259.09494973434,0.4062103249998472,40042.86727227531,0.0,40042.86727227531,40484.9267460182,63474.509512472825,0.0,6062.462283908289,0,0,0,10656.176228033964,9584.66120953518,5.684341886080802e-14,9.094947017729282e-13
H3_E6000,250,2025-09-08,3,6000.0,2025-09-08,249,42,112556.47305072931,0.4057044840001254,34416.69550213382,32733.440490487672,67150.1359926215,67749.17076547268,56506.15315246578,4979.965194171781,4.095856984164584,19,1,1,9584.66120953518,8132.651256488951,5.684341886080802e-14,9.094947017729282e-13
H3_E6000,251,2025-09-09,3,6000.0,2025-09-09,250,42,122989.76128948358,0.4075443040001119,39906.140463795804,2979.217646902394,42885.358110698195,42749.24581092543,65397.47836794868,446.2176736831721,8598.436640242286,6,1,3,8132.651256488951,8462.57603374586,1.1368683772161603e-13,8.846257060213247e-13
H3_E6000,252,2025-09-10,3,6000.0,2025-09-10,251,42,100435.98912803203,0.37853095999980724,38911.85121648901,14650.642677523474,53562.493894012485,53528.56362884673,63211.65421367215,2368.274244713981,319.3463315918567,16,1,4,8462.57603374586,8544.820145378444,5.684341886080802e-14,8.757439218243235e-13
H3_E6000,253,2025-09-11,3,6000.0,2025-09-11,252,42,80953.99985603134,0.35500779199992394,38890.37556462064,534.5519578185317,39424.927522439175,41197.0689955786,61873.50551820872,111.88452338703303,9454.074356426643,4,1,2,8544.820145378444,4249.298125918487,1.1368683772161603e-13,9.094947017729282e-13
H3_E6000,254,2025-09-12,3,6000.0,2025-09-12,253,42,82323.4479050414,0.35403022200034684,17955.43018791717,0.0,17955.43018791717,17887.12385301818,32638.559172269266,0.0,18150.11590684231,0,0,0,4249.298125918487,4414.86694199468,5.684341886080802e-14,9.094947017729282e-13
H3_E6000,255,2025-09-13,3,6000.0,2025-09-13,254,42,102920.21507607418,0.39547953200008124,20144.761677866005,0.0,20144.761677866005,18290.5468084844,37855.03706036358,0.0,22132.83526793388,0,0,0,4414.86694199468,8909.32797739313,5.684341886080802e-14,8.526512829121202e-13
H3_E6000,256,2025-09-14,3,6000.0,2025-09-14,255,42,121159.76426118983,0.41315285000018775,39519.60091895623,1904.157243326021,41423.758162282254,41675.88476211711,63959.81571731688,294.21312006820074,867.6674598738518,3,1,1,8909.32797739313,8298.194285361444,5.684341886080802e-14,9.094947017729282e-13
H3_E6000,257,2025-09-15,3,6000.0,2025-09-15,256,42,123138.78621465534,0.42302770600008444,37844.79442612139,12275.407951278397,50120.20237739979,50135.470136240765,62585.68286561178,1885.2216861473967,5392.86935578268,15,1,3,8298.194285361444,8261.186520866757,5.684341886080802e-14,8.810729923425242e-13
H3_E6000,258,2025-09-16,3,6000.0,2025-09-16,257,42,127782.43007803346,0.4103280660001474,40356.536318577826,2294.2495918452896,42650.78591042312,42683.85497182923,65345.71694679029,373.35036567599604,2433.626470172195,8,1,3,8261.186520866757,8181.029894781382,5.684341886080802e-14,8.57980353430321e-13
H3_E6000,259,2025-09-17,3,6000.0,2025-09-17,258,42,106934.23203162361,0.3800580849997459,41560.7551977414,387.4381430662327,41948.19334080763,41859.694200278136,67792.45836674444,60.725959231978024,3624.3742829543653,3,1,3,8181.029894781382,8395.544374922894,5.684341886080802e-14,9.094947017729282e-13
H3_E6000,260,2025-09-18,3,6000.0,2025-09-18,259,42,84612.95574685515,0.35528044400007275,40672.274689265745,1285.880035641167,41958.15472490691,43477.57441440115,64472.62207678183,216.71507038171302,5960.047086341294,6,1,2,8395.544374922894,4712.598723038134,5.684341886080802e-14,8.846257060213247e-13
H3_E6000,261,2025-09-19,3,6000.0,2025-09-19,260,42,88148.72366752078,0.3598802629999227,19276.737410236376,0.0,19276.737410236376,18829.017954656538,34601.158222790786,0.0,14587.502664251331,0,0,0,4712.598723038134,5797.833061906584,5.684341886080802e-14,7.958078640513122e-13
H3_E6000,262,2025-09-20,3,6000.0,2025-09-20,261,42,114307.81505574199,0.3915160450001167,20982.920552821946,0.0,20982.920552821946,19471.508428416862,38334.60446376839,0.0,15786.212508743609,0,0,0,5797.833061906584,9461.369048883622,1.1368683772161603e-13,9.094947017729282e-13
H3_E6000,263,2025-09-21,3,6000.0,2025-09-21,262,42,143532.42568943836,0.39622301600002174,45287.65311990763,0.0,45287.65311990763,45388.21685061372,72192.23590651285,0.0,10827.110683516745,0,0,0,9461.369048883622,9217.61101593054,5.684341886080802e-14,9.094947017729282e-13
H3_E6000,264,2025-09-22,3,6000.0,2025-09-22,263,42,143500.20638062677,0.4048990609999237,44205.25406901975,131.78740035000044,44337.04146936975,44392.817662825604,70896.51969378987,19.555900000000065,6764.194555043579,2,1,1,9217.61101593054,9082.414209816166,5.684341886080802e-14,9.094947017729282e-13
H3_E6000,265,2025-09-23,3,6000.0,2025-09-23,264,42,145859.99982482885,0.3978484990002471,46226.612887614785,0.0,46226.612887614785,46053.32541630135,73876.12174024843,0.0,7483.147542275086,0,0,0,9082.414209816166,9502.448479091936,5.684341886080802e-14,9.094947017729282e-13
H3_E6000,266,2025-09-24,3,6000.0,2025-09-24,265,42,118666.48019117503,0.3811370769999485,45655.74704136056,0.0,45655.74704136056,45654.78203954842,72743.20065579725,0.0,7932.2268123083395,0,0,0,9502.448479091936,9504.787562396348,1.1368683772161603e-13,9.094947017729282e-13
H3_E6000,267,2025-09-25,3,6000.0,2025-09-25,266,42,91373.469934343,0.3666575309998734,44037.0548251141,103.4974316666667,44140.55225678077,45552.30871299695,68582.8391619667,15.37166666666667,8488.904885691549,1,1,1,9504.787562396348,6082.8085411344,1.1368683772161603e-13,9.094947017729282e-13
H3_E6000,268,2025-09-26,3,6000.0,2025-09-26,267,42,93316.18351115071,0.36610695499985013,20125.337120894397,0.0,20125.337120894397,19914.38578886149,35621.96872539979,0.0,14692.793939974887,0,0,0,6082.8085411344,6594.136843934332,5.684341886080802e-14,9.094947017729282e-13
H3_E6000,269,2025-09-27,3,6000.0,2025-09-27,268,42,121397.883104703,0.39002998500018293,21602.888978294137,0.0,21602.888978294137,20478.90819795032,38906.49488779027,0.0,15142.37959867407,0,0,0,6594.136843934332,9318.571808408977,5.684341886080802e-14,9.094947017729282e-13
H3_E6000,270,2025-09-28,3,6000.0,2025-09-28,269,42,148807.24507871477,0.4038154489999215,46539.064197445085,15.168266348326869,46554.232463793414,46508.68451408252,74026.97769883853,2.249983883160553,6552.2920617498185,1,1,1,9318.571808408977,9428.976211155566,1.1368683772161603e-13,9.094947017729282e-13
H3_E6000,271,2025-09-29,3,6000.0,2025-09-29,270,42,149549.83968693222,0.4262583810000251,46014.385603533425,134.7362566666671,46149.121860200095,46255.33044604333,73475.51901823224,26.015016666666725,7183.733522494868,2,1,2,9428.976211155566,9171.535523682067,5.684341886080802e-14,9.094947017729282e-13
H3_E6000,272,2025-09-30,3,6000.0,2025-09-30,271,42,150757.69834358038,0.4014124710001852,47486.66661547835,64.65347536819512,47551.320090846544,47376.39539090664,75213.59428533528,9.569077979456097,5400.154796696928,1,1,1,9171.535523682067,9595.538297573572,1.1368683772161603e-13,9.094947017729282e-13
H3_E6000,273,2025-10-01,3,6000.0,2025-10-01,272,42,122561.39887334786,0.34228804799977297,47384.3192593892,0.0,47384.3192593892,46887.41189259927,75358.00728876964,0.0,21293.215520283597,0,0,0,9595.538297573572,10800.0,1.1368683772161603e-13,9.023892744153272e-13
H3_E6000,274,2025-10-02,3,6000.0,2025-10-02,273,42,90427.35248571928,0.37272683799983497,43102.643414510574,0.0,43102.643414510574,44147.27173073329,66899.91754294271,0.0,14564.70698462386,0,0,0,10800.0,8267.908740639783,1.1368683772161603e-13,8.337774914934926e-13
H3_E6000,275,2025-10-03,3,6000.0,2025-10-03,274,42,88657.1991166436,0.36950801300008607,18370.412284699523,0.0,18370.412284699523,18422.65224410967,32817.156513383066,0.0,22234.877403449987,0,0,0,8267.908740639783,8141.283468705682,5.684341886080802e-14,9.094947017729282e-13
H3_E6000,276,2025-10-04,3,6000.0,2025-10-04,275,42,111098.04717216593,0.37420394899982057,20202.07225512502,0.0,20202.07225512502,19108.73269010266,36760.413836309555,0.0,17682.90350409364,0,0,0,8141.283468705682,10791.446701994455,5.684341886080802e-14,9.094947017729282e-13
H3_E6000,277,2025-10-05,3,6000.0,2025-10-05,276,42,134811.06165264646,0.3918041709998761,41941.23251119621,0.0,41941.23251119621,42187.412476555706,66915.77989592515,0.0,9295.502663090832,0,0,0,10791.446701994455,10194.727152240763,5.684341886080802e-14,9.094947017729282e-13
H3_E6000,278,2025-10-06,3,6000.0,2025-10-06,277,42,131395.86017639312,0.3981119079999189,40330.32988293971,0.0,40330.32988293971,40535.26531795973,64859.73597331438,0.0,3910.374376184713,0,0,0,10194.727152240763,9697.98087828972,1.1368683772161603e-13,8.846257060213247e-13
H3_E6000,279,2025-10-07,3,6000.0,2025-10-07,278,42,132825.8430218584,0.41642437800010157,43146.46707349495,0.0,43146.46707349495,42980.647387052886,69181.3671579455,0.0,7245.894599814243,0,0,0,9697.98087828972,10099.913864548413,5.684341886080802e-14,8.597567102697212e-13
H3_E6000,280,2025-10-08,3,6000.0,2025-10-08,279,42,104699.18415959578,0.3969981089999237,40480.840954301995,0.0,40480.840954301995,40980.71327838329,66194.23335011335,0.0,7285.3818625732865,0,0,0,10099.913864548413,8888.265354790348,5.684341886080802e-14,8.846257060213247e-13
H3_E6000,281,2025-10-09,3,6000.0,2025-10-09,280,42,80435.426363235,0.3719483329996365,39895.73546129475,0.0,39895.73546129475,41022.2176260827,64341.688512815475,0.0,7832.021622448248,0,0,0,8888.265354790348,6157.767244612193,1.1368683772161603e-13,9.094947017729282e-13
H3_E6000,282,2025-10-10,3,6000.0,2025-10-10,281,42,81785.86738678977,0.3714262170001348,17569.369086223727,0.0,17569.369086223727,17298.421602623897,33436.57040109981,0.0,20511.23919814452,0,0,0,6157.767244612193,6814.521177388511,5.684341886080802e-14,9.094947017729282e-13
H3_E6000,283,2025-10-11,3,6000.0,2025-10-11,282,42,104605.38675331502,0.3921050160001869,19027.297144123448,0.0,19027.297144123448,17978.131429407913,36487.82272907892,0.0,16620.53810984176,0,0,0,6814.521177388511,9357.610709421859,5.684341886080802e-14,7.389644451905042e-13
H3_E6000,284,2025-10-12,3,6000.0,2025-10-12,283,42,129427.2394893735,0.42962593300035223,41278.175063763905,98.03580773333336,41376.21087149724,41546.98942757574,67158.41115870517,20.929933333333338,5340.42043689937,1,1,1,9357.610709421859,8943.657839853717,5.684341886080802e-14,9.094947017729282e-13
H3_E6000,285,2025-10-13,3,6000.0,2025-10-13,284,42,129839.18591709442,0.4282738900001277,40359.58101154902,0.0,40359.58101154902,40426.687764140246,66127.55738737549,0.0,5303.363882699553,0,0,0,8943.657839853717,8780.996710491721,1.1368683772161603e-13,9.094947017729282e-13
H3_E6000,286,2025-10-14,3,6000.0,2025-10-14,285,42,131949.7003787914,0.4294500539999717,42524.15605351844,0.0,42524.15605351844,42347.815566230005,68983.21776818178,0.0,3822.782891072214,0,0,0,8780.996710491721,9208.431233948744,0.0,9.094947017729282e-13
H3_E6000,287,2025-10-15,3,6000.0,2025-10-15,286,42,107077.54744625135,0.40556945500020447,42121.03164228733,0.0,42121.03164228733,42286.04976141929,68652.70337631815,0.0,3281.1396270695896,0,0,0,9208.431233948744,8808.441179494768,5.684341886080802e-14,9.094947017729282e-13
H3_E6000,288,2025-10-16,3,6000.0,2025-10-16,287,42,83076.57297654045,0.39226661900011095,42192.99629796579,4564.2911636936315,46757.28746165942,47757.815053614744,67814.40011474388,664.5822205786899,4199.168411643561,2,1,1,8808.441179494768,6383.246370015124,0.0,9.094947017729282e-13
H3_E6000,289,2025-10-17,3,6000.0,2025-10-17,288,42,85733.49113339753,0.4029969279999932,18419.799066875385,0.0,18419.799066875385,18182.015397508647,34684.51639506101,0.0,15148.545901868943,0,0,0,6383.246370015124,6959.6140038154535,5.684341886080802e-14,9.094947017729282e-13
H3_E6000,290,2025-10-18,3,6000.0,2025-10-18,289,42,112070.91711493106,0.4181731429998763,19264.15689196108,0.0,19264.15689196108,18115.1040906132,36523.87852927338,0.0,14514.727285208673,0,0,0,6959.6140038154535,9744.821440424914,5.684341886080802e-14,9.094947017729282e-13
H3_E6000,291,2025-10-19,3,6000.0,2025-10-19,290,42,138850.50939488914,0.4477882950000094,43917.98941446637,0.0,43917.98941446637,44274.28927847526,71168.28148181595,0.0,4095.4908239728934,0,0,0,9744.821440424914,8881.180509619631,5.684341886080802e-14,9.094947017729282e-13
H3_E6000,292,2025-10-20,3,6000.0,2025-10-20,291,42,141524.82113199314,0.46233671500021956,44898.23933577529,978.3056177089609,45876.54495348425,45815.48798233685,72568.1509098281,201.93790558897635,4064.274787113908,4,1,1,8881.180509619631,9029.177477119396,1.1368683772161603e-13,9.094947017729282e-13
H3_E6000,293,2025-10-21,3,6000.0,2025-10-21,292,42,144209.14805868897,0.4631879990001835,46471.009604432504,0.0,46471.009604432504,46278.229587052825,74891.06364627116,0.0,3846.5687806977585,0,0,0,9029.177477119396,9496.460040118885,1.1368683772161603e-13,9.094947017729282e-13
H3_E6000,294,2025-10-22,3,6000.0,2025-10-22,293,42,116148.93334869518,0.4333473739998226,46087.53155337849,621.7695597167192,46709.30111309521,46885.0162887626,74525.08007641645,126.79054797574221,5360.589755155495,3,1,1,9496.460040118885,9070.541219486911,5.684341886080802e-14,9.094947017729282e-13
H3_E6000,295,2025-10-23,3,6000.0,2025-10-23,294,42,88170.29732399834,0.4056990530002622,46242.002044673616,0.0,46242.002044673616,47014.49657423516,73351.07613107802,0.0,8190.513785447651,0,0,0,9070.541219486911,7198.079391839745,1.1368683772161603e-13,8.881784197001252e-13
H3_E6000,296,2025-10-24,3,6000.0,2025-10-24,295,42,88616.03365367497,0.4135901209997428,18404.725178422254,0.0,18404.725178422254,18394.105469745704,34396.18529607732,0.0,12853.602070593948,0,0,0,7198.079391839745,7223.820673307276,5.684341886080802e-14,9.094947017729282e-13
H3_E6000,297,2025-10-25,3,6000.0,2025-10-25,296,42,116969.90383659891,0.43494920700004513,19630.07057846695,0.0,19630.07057846695,18793.020768767634,37181.02287932757,0.0,12528.639867427924,0,0,0,7223.820673307276,9252.75907548715,5.684341886080802e-14,7.958078640513122e-13
H3_E6000,298,2025-10-26,3,6000.0,2025-10-26,297,42,144990.36582699046,0.4510979269998643,46754.60656868005,0.0,46754.60656868005,46626.275649380186,75091.89114645516,0.0,6329.650193778443,0,0,0,9252.75907548715,9563.822440340042,5.684341886080802e-14,9.094947017729282e-13
H3_E6000,299,2025-10-27,3,6000.0,2025-10-27,298,42,143924.50757871213,0.46147144999986267,45158.87715600335,92.48526773333361,45251.36242373668,45523.279610021156,72826.90988195677,19.744933333333393,5905.938691726813,1,1,1,9563.822440340042,8904.718029739379,1.1368683772161603e-13,9.094947017729282e-13
H3_E6000,300,2025-10-28,3,6000.0,2025-10-28,299,42,145133.15649933243,0.4450681710000026,46771.88319375446,0.0,46771.88319375446,46594.25806888718,75118.13334001045,0.0,4575.461244483289,0,0,0,8904.718029739379,9335.266406740591,5.684341886080802e-14,9.094947017729282e-13
H3_E6000,301,2025-10-29,3,6000.0,2025-10-29,300,42,116972.22522655141,0.4380144760002622,46730.07135607344,146.57930857024218,46876.650664643676,46968.639593500826,74868.35239410815,30.61897993747229,1424.9216688655138,2,1,1,9335.266406740591,9112.292972936559,1.1368683772161603e-13,9.094947017729282e-13
H3_E6000,302,2025-10-30,3,6000.0,2025-10-30,301,42,89840.54870971566,0.42844316700029594,47171.95146354445,6.3513892252307524,47178.30285276968,47857.55833258055,74867.16242912109,1.3559754964198873,8105.414840747073,1,1,1,9112.292972936559,7465.834767092809,5.684341886080802e-14,9.094947017729282e-13
H3_E6000,303,2025-10-31,3,6000.0,2025-10-31,302,42,90313.40863627546,0.4217156470003829,19421.68312502966,0.0,19421.68312502966,19286.930857748626,35844.35059245487,0.0,8490.084692661068,0,0,0,7465.834767092809,7792.462939872047,5.684341886080802e-14,7.958078640513122e-13
H3_E6000,304,2025-11-01,3,6000.0,2025-11-01,303,42,119376.16053629287,0.3772632650002379,19936.759587502143,0.0,19936.759587502143,19169.358219086793,37264.60959881928,0.0,9571.094573687944,0,0,0,7792.462939872047,9652.579372874514,5.684341886080802e-14,8.526512829121202e-13
H3_E6000,305,2025-11-02,3,6000.0,2025-11-02,304,42,148551.0997204403,0.44764754299967535,47622.61919505369,459.33737797559144,48081.95657302928,48426.725205211274,76350.77500599704,65.84538101714327,4289.942319669233,1,1,1,9652.579372874514,8816.889179058753,5.684341886080802e-14,9.094947017729282e-13
H3_E6000,306,2025-11-03,3,6000.0,2025-11-03,305,42,150641.8042158567,0.4378936760003853,47821.43500978153,0.0,47821.43500978153,47708.58590737115,76908.851026624,0.0,3074.566938548264,0,0,0,8816.889179058753,9090.425920694484,5.684341886080802e-14,8.65085780787922e-13
H3_E6000,307,2025-11-04,3,6000.0,2025-11-04,306,42,152753.83662729018,0.4499185489999036,49141.347719901794,155.81717803333345,49297.16489793513,49391.495461563,78793.83646696352,33.59955000000002,7512.082142425286,2,1,1,9090.425920694484,8861.776560971672,1.1368683772161603e-13,9.094947017729282e-13
H3_E6000,308,2025-11-05,3,6000.0,2025-11-05,307,42,121779.04278435474,0.4156010500000775,49227.831917360774,0.0,49227.831917360774,48975.821375429085,78556.01805131472,0.0,4124.9337922202885,0,0,0,8861.776560971672,9472.628938398337,1.7053025658242404e-13,8.739675649849232e-13
H3_E6000,309,2025-11-06,3,6000.0,2025-11-06,308,42,90988.28861390191,0.3953218809997452,48144.33177851118,1506.567659453186,49650.89943796436,50422.74251808252,76282.35365859671,309.7021465065206,3039.619261046248,5,1,1,9472.628938398337,7601.746169461239,1.1368683772161603e-13,9.094947017729282e-13
H3_E6000,310,2025-11-07,3,6000.0,2025-11-07,309,42,93631.9567937842,0.40066841899988503,19906.60884545348,0.0,19906.60884545348,19647.394347610098,36944.846855280346,0.0,9631.001683260487,0,0,0,7601.746169461239,8230.060330676008,5.684341886080802e-14,9.094947017729282e-13
H3_E6000,311,2025-11-08,3,6000.0,2025-11-08,310,42,122954.80761731918,0.41708451900012733,20013.270517747485,0.0,20013.270517747485,19514.849503691523,37620.644715966904,0.0,9340.397125165502,0,0,0,8230.060330676008,9438.190986884916,5.684341886080802e-14,9.094947017729282e-13
H3_E6000,312,2025-11-09,3,6000.0,2025-11-09,311,42,153336.61076603696,0.41559769700006655,49505.710312989686,0.0,49505.710312989686,49667.18984477685,78817.86195487075,0.0,3764.715037476516,0,0,0,9438.190986884916,9046.778170810458,1.1368683772161603e-13,9.094947017729282e-13
H3_E6000,313,2025-11-10,3,6000.0,2025-11-10,312,42,154758.13455548996,0.4047624610002458,49073.78400990242,1428.449757108791,50502.23376701121,50653.1371132238,78648.34255506637,211.80905259012312,1016.9722565157525,3,1,3,9046.778170810458,8681.001139861555,3.730349362740526e-14,9.094947017729282e-13
H3_E6000,314,2025-11-11,3,6000.0,2025-11-11,313,42,159234.57413579393,0.40518215800011603,51484.15079484451,0.0,51484.15079484451,51274.920992543404,81766.3178185992,0.0,5701.266857376955,0,0,0,8681.001139861555,9188.156599250173,1.1368683772161603e-13,8.846257060213247e-13
H3_E6000,315,2025-11-12,3,6000.0,2025-11-12,314,42,127283.7574738782,0.3975447389998408,50977.928875041,0.0,50977.928875041,51066.042944294175,80945.85343645202,0.0,6139.573746208946,0,0,0,9188.156599250173,8974.575499525257,5.684341886080802e-14,8.988365607365267e-13
H3_E6000,316,2025-11-13,3,6000.0,2025-11-13,315,42,95486.67896913104,0.3983914810000897,50992.446905776655,0.0,50992.446905776655,51234.76509894507,80653.17267958898,0.0,4949.015866473114,0,0,0,8974.575499525257,8387.216561061554,1.1368683772161603e-13,9.094947017729282e-13
H3_E6000,317,2025-11-14,3,6000.0,2025-11-14,316,42,96463.27903788928,0.4176677049999853,20499.359181624706,0.0,20499.359181624706,20326.25849737253,37998.60930229548,0.0,6726.881580871988,0,0,0,8387.216561061554,8806.798074196366,2.220446049250313e-15,8.668621376273222e-13
H3_E6000,318,2025-11-15,3,6000.0,2025-11-15,317,42,127372.65921120354,0.41416931799994927,20406.26052074119,0.0,20406.26052074119,20217.74480468475,38155.47790465818,0.0,6089.756070988351,0,0,0,8806.798074196366,9263.744329113677,5.684341886080802e-14,9.094947017729282e-13
H3_E6000,319,2025-11-16,3,6000.0,2025-11-16,318,42,160046.26210189183,0.42841831799978536,51737.44099906209,0.0,51737.44099906209,51847.61259758311,81938.8176097053,0.0,3526.7540097096153,0,0,0,9263.744329113677,8996.697631917561,1.4210854715202004e-13,8.526512829121202e-13
H3_E6000,320,2025-11-17,3,6000.0,2025-11-17,319,42,161381.54058739252,0.431656017000023,51337.636780282235,0.0,51337.636780282235,51331.18200425298,81612.34319022665,0.0,4739.945991721817,0,0,0,8996.697631917561,9012.343466623539,1.1368683772161603e-13,9.094947017729282e-13
H3_E6000,321,2025-11-18,3,6000.0,2025-11-18,320,42,162978.51307090913,0.4176236210000752,52636.37586336413,0.0,52636.37586336413,52603.174253746394,83301.00467387502,0.0,4212.130063945314,0,0,0,9012.343466623539,9092.821378435987,1.1368683772161603e-13,9.094947017729282e-13
H3_E6000,322,2025-11-19,3,6000.0,2025-11-19,321,42,131264.70792893053,0.41868432199999006,52777.41839464259,6.301057500000476,52783.71945214259,52887.16149314756,83552.69440888485,1.3850000000001046,4087.0096669151544,1,1,1,9092.821378435987,8842.08656318019,8.526512829121202e-14,8.775202786637237e-13
H3_E6000,323,2025-11-20,3,6000.0,2025-11-20,322,42,99745.06397249109,0.4624858690003748,52994.61423326636,0.0,52994.61423326636,53156.48929519017,83554.09792603937,0.0,5047.402989649769,0,0,0,8842.08656318019,8449.715015290536,1.1368683772161603e-13,9.094947017729282e-13
H3_E6000,324,2025-11-21,3,6000.0,2025-11-21,323,42,100736.07337132082,0.46527652800023134,21312.779034141626,0.0,21312.779034141626,21091.429599193492,39699.11031009191,0.0,6939.823086468434,0,0,0,8449.715015290536,8986.247445813884,5.684341886080802e-14,9.094947017729282e-13
H3_E6000,325,2025-11-22,3,6000.0,2025-11-22,324,42,130847.24402195736,0.44698542500009353,21122.597001379458,0.0,21122.597001379458,21024.309304393657,39676.895885719634,0.0,5776.984808206925,0,0,0,8986.247445813884,9224.48856428202,5.684341886080802e-14,8.72191208145523e-13
H3_E6000,326,2025-11-23,3,6000.0,2025-11-23,325,42,163697.7686765791,0.4293992259999868,53410.960692145745,0.0,53410.960692145745,53505.729293774944,84456.66784863651,0.0,5078.264858792937,0,0,0,9224.48856428202,8994.777437251912,5.684341886080802e-14,9.094947017729282e-13
H3_E6000,327,2025-11-24,3,6000.0,2025-11-24,326,42,163880.51111659815,0.4062728040003094,51712.784399720316,791.7658483285304,52504.55024804885,52698.96720740663,82388.27669877901,126.15618861549149,4665.270582150633,4,1,2,8994.777437251912,8523.527064448235,5.684341886080802e-14,9.094947017729282e-13
H3_E6000,328,2025-11-25,3,6000.0,2025-11-25,327,42,166350.51912242998,0.4188600580000639,53743.04048577285,0.0,53743.04048577285,53521.7861391812,85206.92077721102,0.0,4113.4838126937475,0,0,0,8523.527064448235,9059.829008785673,5.684341886080802e-14,9.094947017729282e-13
H3_E6000,329,2025-11-26,3,6000.0,2025-11-26,328,42,133902.8529442075,0.41675258800023585,53899.728559454925,154.53999266666654,54054.26855212159,53997.08953855567,85243.38659104654,32.99316666666664,3981.4691910828383,1,1,1,9059.829008785673,9198.426132969147,1.1368683772161603e-13,9.094947017729282e-13
H3_E6000,330,2025-11-27,3,6000.0,2025-11-27,329,42,101515.59815851854,0.4550345650000054,54060.9519814908,0.0,54060.9519814908,54097.44975430754,85219.06383463932,0.0,5343.435196994029,0,0,0,9198.426132969147,9109.958598535892,1.1368683772161603e-13,9.094947017729282e-13
H3_E6000,331,2025-11-28,3,6000.0,2025-11-28,330,42,101742.39910104644,0.4561810280001737,21637.904234658785,0.0,21637.904234658785,21614.239094013956,40683.258115224,0.0,6194.776794945059,0,0,0,9109.958598535892,9167.320910898796,5.684341886080802e-14,9.094947017729282e-13
H3_E6000,332,2025-11-29,3,6000.0,2025-11-29,331,42,133220.30636145052,0.4562022820000493,21825.812900107685,0.0,21825.812900107685,21762.802928144763,41034.388708827,0.0,2452.917937365357,0,0,0,9167.320910898796,9320.051788266499,5.684341886080802e-14,8.917311333789257e-13
H3_E6000,333,2025-11-30,3,6000.0,2025-11-30,332,42,168147.0366407559,0.42354119099991294,54820.84503322823,28.398311333333652,54849.24334456156,55055.73157134786,86503.81456092471,6.062833333333401,2172.6141762141715,1,1,1,9320.051788266499,8819.541677553687,1.1368683772161603e-13,9.094947017729282e-13
H3_E6000,334,2025-12-01,3,6000.0,2025-12-01,333,42,170509.22031601492,0.37495339199995215,54454.91416422211,26863.30980921667,81318.22397343878,81443.07517109101,86403.94094962232,5038.227659790477,782.8371217416711,22,1,3,8819.541677553687,8516.912865576842,4.263256414560601e-14,9.094947017729282e-13
H3_E6000,335,2025-12-02,3,6000.0,2025-12-02,334,42,177797.4142952098,0.4461319680003726,58039.28396931807,13803.04253573346,71842.32650505153,71723.66511306317,91326.82001502882,2818.3755126285914,469.6213130230434,14,1,2,8516.912865576842,8804.538108748222,5.684341886080802e-14,9.094947017729282e-13
H3_E6000,336,2025-12-03,3,6000.0,2025-12-03,335,42,149538.13604050034,0.42189263199998095,60465.71120973157,5.923317638126199,60471.63452736969,60346.10393396724,94235.59052172066,1.0197671753682016,2078.109879139274,1,1,1,8804.538108748222,9108.813718934613,8.526512829121202e-14,9.094947017729282e-13
H3_E6000,337,2025-12-04,3,6000.0,2025-12-04,336,42,116971.67240872448,0.44699014200023157,60406.94769233533,4471.484913812044,64878.43260614737,64913.10499229824,94224.14409548254,898.7912887730142,3712.194004324192,7,1,3,9108.813718934613,9024.770768393842,1.1368683772161603e-13,9.094947017729282e-13
H3_E6000,338,2025-12-05,3,6000.0,2025-12-05,337,42,119338.91814108388,0.4602314409999053,26469.16554124091,0.0,26469.16554124091,26356.087354918487,49711.355745246765,0.0,4265.976464233281,0,0,0,9024.770768393842,9298.862790182638,5.684341886080802e-14,9.094947017729282e-13
H3_E6000,339,2025-12-06,3,6000.0,2025-12-06,338,42,157814.34997276476,0.43647534100000485,26526.84508218515,0.0,26526.84508218515,26592.692692613447,50125.364937425285,0.0,2752.4125162058776,0,0,0,9298.862790182638,9139.253715619032,5.684341886080802e-14,9.094947017729282e-13
H3_E6000,340,2025-12-07,3,6000.0,2025-12-07,339,42,199050.84585611694,0.40102341100009653,62896.04922278182,94.47836710793244,62990.52758988975,63032.628000584424,97675.50543286538,16.265536215534553,5677.228696388442,1,1,1,9139.253715619032,9037.20585775423,1.4210854715202004e-13,8.86402062860725e-13
H3_E6000,341,2025-12-08,3,6000.0,2025-12-08,340,42,201876.59744752935,0.40119025799958763,64068.76663115357,0.0,64068.76663115357,64060.83539428815,99748.36940387284,0.0,7472.839681060799,0,0,0,9037.20585775423,9056.430509461414,5.684341886080802e-14,9.094947017729282e-13
H3_E6000,342,2025-12-09,3,6000.0,2025-12-09,341,42,201465.1811748503,0.3947829430003367,64851.33265595841,0.0,64851.33265595841,64811.074621940614,100455.259974374,0.0,8473.43530165697,0,0,0,9056.430509461414,9154.012601074699,8.526512829121202e-14,9.023892744153272e-13
H3_E6000,343,2025-12-10,3,6000.0,2025-12-10,342,42,164430.31131599259,0.4274406720001025,63738.947678954195,0.0,63738.947678954195,63789.93152392472,98830.20926460868,0.0,6243.923499918771,0,0,0,9154.012601074699,9030.432044992092,1.1368683772161603e-13,8.668621376273222e-13
H3_E6000,344,2025-12-11,3,6000.0,2025-12-11,343,42,129778.74807896632,0.43959494899991114,64244.97991329139,0.0,64244.97991329139,64196.62906055856,99697.75862300652,0.0,9271.107537668599,0,0,0,9030.432044992092,9147.630449138458,7.815970093361102e-14,9.094947017729282e-13
H3_E6000,345,2025-12-12,3,6000.0,2025-12-12,344,42,127805.22186529581,0.4515168029997767,28409.48323463159,0.0,28409.48323463159,28368.86700893667,53193.94052679394,0.0,5786.569856947308,0,0,0,9147.630449138458,9246.080767278576,5.684341886080802e-14,9.094947017729282e-13
H3_E6000,346,2025-12-13,3,6000.0,2025-12-13,345,42,162190.55137336184,0.4283662230000118,29002.95437338548,0.0,29002.95437338548,28990.959287756363,54527.867687568796,0.0,7081.676763970125,0,0,0,9246.080767278576,9275.155846907466,5.684341886080802e-14,9.023892744153272e-13
H3_E6000,347,2025-12-14,3,6000.0,2025-12-14,346,42,198530.44806093624,0.3922569020000992,63590.589507160956,0.0,63590.589507160956,63782.027474410184,98640.86892071005,0.0,5856.7135798779755,0,0,0,9275.155846907466,8811.126300652935,1.1368683772161603e-13,8.65085780787922e-13
H3_E6000,348,2025-12-15,3,6000.0,2025-12-15,347,42,200068.87171013304,0.39778748499975336,62819.49898503978,673.4129005560137,63492.9118855958,63523.95128589394,98316.2891864861,96.91640155872506,4403.370337475566,2,1,2,8811.126300652935,8735.88940254271,5.684341886080802e-14,9.094947017729282e-13
H3_E6000,349,2025-12-16,3,6000.0,2025-12-16,348,42,203837.02547046533,0.4067368250002801,66269.70378047857,0.0,66269.70378047857,66111.23163541903,102437.52050740478,0.0,8225.808196206244,0,0,0,8735.88940254271,9120.012565897365,1.1368683772161603e-13,8.739675649849232e-13
H3_E6000,350,2025-12-17,3,6000.0,2025-12-17,349,42,166600.8201313731,0.41503888799979904,64482.56960998419,0.0,64482.56960998419,64522.38409623145,100234.82678850369,0.0,7782.163980194324,0,0,0,9120.012565897365,9023.505596808927,1.1368683772161603e-13,8.970602038971265e-13
H3_E6000,351,2025-12-18,3,6000.0,2025-12-18,350,42,130280.76612916285,0.4534876989996519,63933.66412282697,0.0,63933.66412282697,63917.83790059279,99214.6153260828,0.0,7248.081891736219,0,0,0,9023.505596808927,9061.86702964158,1.1368683772161603e-13,9.094947017729282e-13
H3_E6000,352,2025-12-19,3,6000.0,2025-12-19,351,42,128595.37380191963,0.46094634600012796,28800.73544247549,0.0,28800.73544247549,28782.50400080225,53793.41905178087,0.0,7263.227940706912,0,0,0,9061.86702964158,9106.05851228611,5.684341886080802e-14,9.094947017729282e-13
H3_E6000,353,2025-12-20,3,6000.0,2025-12-20,352,42,160884.22651761846,0.4264632879999226,28244.562755523028,0.0,28244.562755523028,28193.75656696536,53172.55789236928,0.0,6429.302612924146,0,0,0,9106.05851228611,9229.208444152262,5.684341886080802e-14,9.094947017729282e-13
H3_E6000,354,2025-12-21,3,6000.0,2025-12-21,353,42,195989.36625351242,0.398500697000145,62828.529836739704,0.0,62828.529836739704,62950.45056689745,97519.42619011493,0.0,4229.08646936681,0,0,0,9229.208444152262,8933.682839137518,1.1368683772161603e-13,9.094947017729282e-13
H3_E6000,355,2025-12-22,3,6000.0,2025-12-22,354,42,196780.63786650132,0.4006395429996701,62673.994947829284,338.8226066311544,63012.81755446044,63144.38846604883,97891.75852727247,73.33545883891539,4714.613740297707,4,1,1,8933.682839137518,8614.766005230822,1.1368683772161603e-13,8.668621376273222e-13
H3_E6000,356,2025-12-23,3,6000.0,2025-12-23,355,42,198242.16123123962,0.4003711000000294,64329.146394232754,0.0,64329.146394232754,64068.266797148666,99889.42132405698,0.0,7527.153109213948,0,0,0,8614.766005230822,9247.116227088285,8.526512829121202e-14,9.094947017729282e-13
H3_E6000,357,2025-12-24,3,6000.0,2025-12-24,356,42,160239.3803030091,0.4336648610001248,62735.27586406544,19.399633026467153,62754.67549709191,62937.63974548671,97785.22506531623,3.339869678310606,5809.9372802685975,1,1,1,9247.116227088285,8803.626263298022,1.1368683772161603e-13,9.094947017729282e-13
H3_E6000,358,2025-12-25,3,6000.0,2025-12-25,357,42,124723.80451518552,0.4402292680001665,63042.81802979455,0.0,63042.81802979455,63028.11902690031,98096.12583955859,0.0,5753.478611841913,0,0,0,8803.626263298022,8839.255411169861,5.684341886080802e-14,9.094947017729282e-13
H3_E6000,359,2025-12-26,3,6000.0,2025-12-26,358,42,124373.20113144413,0.4443269270000201,27884.302112952937,0.0,27884.302112952937,27599.71114555671,52553.54757093455,0.0,5044.519632111511,0,0,0,8839.255411169861,9529.080002219156,1.1368683772161603e-13,9.094947017729282e-13
H3_E6000,360,2025-12-27,3,6000.0,2025-12-27,359,42,158782.11397594484,0.43409006999991107,27549.517736629874,0.0,27549.517736629874,27664.39009332403,52000.08791694331,0.0,5265.100729980673,0,0,0,9529.080002219156,9250.639062211774,5.684341886080802e-14,9.094947017729282e-13
H3_E6000,361,2025-12-28,3,6000.0,2025-12-28,360,42,194200.21081823081,0.406596712999999,62682.611442658155,390.27078362573803,63072.882226283895,63149.025364605666,97385.77492543249,66.9927579523827,6469.724593926709,2,1,1,9250.639062211774,9066.074493158187,5.684341886080802e-14,9.094947017729282e-13
H3_E6000,362,2025-12-29,3,6000.0,2025-12-29,361,42,192900.27761997934,0.3961560810002993,61470.68629404778,0.0,61470.68629404778,61629.71747225684,96097.7380761161,0.0,4514.7467431148925,0,0,0,9066.074493158187,8680.596280424146,5.684341886080802e-14,9.094947017729282e-13
H3_E6000,363,2025-12-30,2,6000.0,2025-12-30,362,42,128511.21286030138,0.2669981170001847,62507.18432043226,97.0634751316275,62604.24779556388,62479.057851776604,97618.42034215288,16.6161902134088,6572.302219317191,1,1,1,8680.596280424146,8984.046184567826,1.1368683772161603e-13,9.094947017729282e-13
H3_E6000,364,2025-12-31,1,6000.0,2025-12-31,363,42,62616.28546570264,0.1583251290003318,60307.27355352995,0.0,60307.27355352995,61468.37846598603,93229.64335662426,0.0,2959.9740744188566,0,0,0,8984.046184567826,6169.625443359979,1.1368683772161603e-13,9.094947017729282e-13
H3_E10800,31,2025-02-01,3,10800.0,2025-02-01,30,28,163950.81075806715,0.21538015999976778,27495.759621140147,0.0,27495.759621140147,25907.471489308027,53100.20112718708,0.0,11070.940540832202,0,0,0,6000.0,9849.87696915946,5.684341886080802e-14,9.094947017729282e-13
H3_E10800,32,2025-02-02,3,10800.0,2025-02-02,31,28,194437.96157414137,0.25518133500008844,58315.41470119427,0.0,58315.41470119427,58497.42640963205,91710.3691657235,0.0,9794.470298961602,0,0,0,9849.87696915946,9408.695882183965,5.684341886080802e-14,9.094947017729282e-13
H3_E10800,33,2025-02-03,3,10800.0,2025-02-03,32,28,188731.8297997761,0.254432949999682,55866.999103861366,0.0,55866.999103861366,56022.936762363664,88778.08624810344,0.0,4662.5907510611705,0,0,0,9408.695882183965,9030.716101273474,1.4210854715202004e-13,8.597567102697212e-13
H3_E10800,34,2025-02-04,3,10800.0,2025-02-04,33,28,185606.40540857255,0.2552556139999069,57960.20080430735,0.0,57960.20080430735,57812.01736197341,91693.5593293779,0.0,5691.37600114345,0,0,0,9030.716101273474,9389.900313771583,1.1368683772161603e-13,8.455458555545192e-13
H3_E10800,35,2025-02-05,3,10800.0,2025-02-05,34,28,145711.70872372194,0.27226092699993387,56529.85742249357,0.0,56529.85742249357,56636.96546692117,89531.18679850292,0.0,4634.378822027513,0,0,0,9389.900313771583,9130.27941427027,5.684341886080802e-14,9.094947017729282e-13
H3_E10800,36,2025-02-06,3,10800.0,2025-02-06,35,28,107835.1670118591,0.2730994050002664,56328.67523135577,176.75473784601974,56505.429969201796,56514.200460787084,89218.52296656322,30.310750322117542,4667.20603289607,2,1,1,9130.27941427027,9109.020479643923,5.684341886080802e-14,9.094947017729282e-13
H3_E10800,37,2025-02-07,3,10800.0,2025-02-07,36,28,104136.3896775185,0.28315768700031185,22795.618774440038,0.0,22795.618774440038,22817.019804199717,43922.118211150955,0.0,8586.581666674749,0,0,0,9109.020479643923,9057.146181815453,1.1368683772161603e-13,9.094947017729282e-13
H3_E10800,38,2025-02-08,3,10800.0,2025-02-08,37,28,132250.43467274078,0.26866448300006596,21024.213227936412,0.0,21024.213227936412,21017.38074003235,40565.55351282783,0.0,5410.01024896958,0,0,0,9057.146181815453,9073.707558367183,5.684341886080802e-14,9.094947017729282e-13
H3_E10800,39,2025-02-09,3,10800.0,2025-02-09,38,28,163273.5108449583,0.26151853800001845,52457.792688721165,2024.5032645345123,54482.29595325568,54691.34772572361,83901.03080470797,306.19844065544146,576.8516527998961,6,1,3,9073.707558367183,8566.983628334487,5.684341886080802e-14,9.094947017729282e-13
H3_E10800,40,2025-02-10,3,10800.0,2025-02-10,39,28,164614.28405540122,0.2659617980002622,51936.888100516386,429.1830766032151,52366.0711771196,52411.6937567258,83604.36949333377,93.77279073224213,5335.616851630015,7,1,2,8566.983628334487,8456.398328992767,1.1368683772161603e-13,9.094947017729282e-13
H3_E10800,41,2025-02-11,3,10800.0,2025-02-11,40,28,164364.36304347072,0.25821687200004817,52412.138040384714,368.7388293106351,52780.87686969535,52707.637430768125,84163.43166452006,74.17288728678855,4528.921648832618,6,1,3,8456.398328992767,8633.92457470917,5.684341886080802e-14,8.846257060213247e-13
H3_E10800,42,2025-02-12,3,10800.0,2025-02-12,41,28,131559.05976619927,0.26804433899997093,52373.95014311999,14.925656512257914,52388.875799632246,52312.77153607368,83919.18920404869,3.1865193237100584,4201.834788927716,1,1,1,8633.92457470917,8818.394914603361,5.684341886080802e-14,9.094947017729282e-13
H3_E10800,43,2025-02-13,3,10800.0,2025-02-13,42,28,98057.97762047332,0.2818193370003428,51998.37384267125,0.0,51998.37384267125,52202.821643941126,82856.8857252114,0.0,8308.723227484612,0,0,0,8818.394914603361,8322.830623887268,1.1368683772161603e-13,9.094947017729282e-13
H3_E10800,44,2025-02-14,3,10800.0,2025-02-14,43,28,94801.59419026734,0.26405335500021465,19913.7666013765,0.0,19913.7666013765,19763.198340704777,37811.271971848895,0.0,4171.059908160623,0,0,0,8322.830623887268,8687.795435642049,5.684341886080802e-14,9.094947017729282e-13
H3_E10800,45,2025-02-15,3,10800.0,2025-02-15,44,28,123685.96009487548,0.2553967640001247,19625.497062761824,0.0,19625.497062761824,19494.997729433857,37293.49633546237,0.0,4269.714486657691,0,0,0,8687.795435642049,9004.114853889205,5.684341886080802e-14,9.094947017729282e-13
H3_E10800,46,2025-02-16,3,10800.0,2025-02-16,45,28,154633.16524151783,0.2652201209998566,49840.9470697524,583.8578736906957,50424.804943443094,50507.02377816414,80219.68675840218,137.34879896553056,757.8171306803828,3,1,2,9004.114853889205,8804.823307299006,5.684341886080802e-14,9.094947017729282e-13
H3_E10800,47,2025-02-17,3,10800.0,2025-02-17,46,28,156095.3216642288,0.2831992870001159,48808.79057860382,724.0294829623678,49532.820061566184,49628.284656781034,79193.7502193104,107.0138527755488,4337.322926488415,2,1,2,8804.823307299006,8573.425150300991,1.7053025658242404e-13,9.094947017729282e-13
H3_E10800,48,2025-02-18,3,10800.0,2025-02-18,47,28,157020.96733470535,0.27323489199989126,50105.17479684269,1.9240042198379022,50107.09880106253,49896.38292206617,80865.23308669674,0.422904543320783,4157.607055077685,1,1,1,8573.425150300991,9084.18273472523,5.684341886080802e-14,9.094947017729282e-13
H3_E10800,49,2025-02-19,3,10800.0,2025-02-19,48,28,124964.52317733136,0.25984672699996736,49781.44449881087,167.58312131102795,49949.0276201219,50133.355384975264,80244.46425192113,38.2653547918776,3525.029567176426,1,1,1,9084.18273472523,8637.387721614474,1.1368683772161603e-13,9.094947017729282e-13
H3_E10800,50,2025-02-20,3,10800.0,2025-02-20,49,28,93564.7377860148,0.2884759230000782,49695.3216758114,56.405014673997336,49751.7266904854,49868.04538092435,79889.64452468196,12.042061202817536,5225.784702254105,1,1,1,8637.387721614474,8355.44099014382,1.1368683772161603e-13,9.094947017729282e-13
H3_E10800,51,2025-02-21,3,10800.0,2025-02-21,50,28,92325.87933597658,0.2604184329998134,19106.684708843444,0.0,19106.684708843444,19158.9948170273,36137.46025295888,0.0,7448.186935395571,0,0,0,8355.44099014382,8228.64568347679,5.684341886080802e-14,9.094947017729282e-13
H3_E10800,52,2025-02-22,3,10800.0,2025-02-22,51,28,120628.03153881305,0.2624157350001042,19431.35444914055,0.0,19431.35444914055,18996.462484449316,37118.277006700766,0.0,4804.060963047952,0,0,0,8228.64568347679,9282.787262313603,5.684341886080802e-14,9.094947017729282e-13
H3_E10800,53,2025-02-23,3,10800.0,2025-02-23,52,28,151750.53085256348,0.26520177600013994,48717.96495519373,12.350764731446807,48730.31571992518,48907.02864740026,78655.96012964202,2.636798619010847,3403.5422443206708,1,1,1,9282.787262313603,8854.449975139973,1.1368683772161603e-13,9.094947017729282e-13
H3_E10800,54,2025-02-24,3,10800.0,2025-02-24,53,28,152212.71812702698,0.2653306600000178,47563.18262108144,724.2984541953415,48287.48107527678,48360.89647661309,77539.5222960297,124.89641784886146,5623.99955768358,5,1,2,8854.449975139973,8676.497211329903,5.684341886080802e-14,9.094947017729282e-13
H3_E10800,55,2025-02-25,3,10800.0,2025-02-25,54,28,152510.2212984849,0.28135650600006556,48706.66236081369,96.5896805137585,48803.25204132745,48698.54060198854,79011.5814381578,21.723702944387014,9197.139807074347,2,1,2,8676.497211329903,8930.308941480773,1.1368683772161603e-13,9.094947017729282e-13
H3_E10800,56,2025-02-26,3,10800.0,2025-02-26,55,28,119447.86457447613,0.27251102699983676,47659.509019224555,0.0,47659.509019224555,47519.131138763085,77412.19981986508,0.0,4184.995342409427,0,0,0,8930.308941480773,9270.57312789425,5.684341886080802e-14,9.094947017729282e-13
H3_E10800,57,2025-02-27,3,10800.0,2025-02-27,56,28,89243.95884748644,0.26618139999982304,46409.90753234606,687.6754093643001,47097.58294171036,47787.85856033246,74905.52218359851,138.48200109359266,5626.368644603552,3,1,1,9270.57312789425,7597.403031584275,1.1368683772161603e-13,9.094947017729282e-13
H3_E10800,58,2025-02-28,3,10800.0,2025-02-28,57,28,89402.30198084965,0.255769508999947,18655.005156495623,0.0,18655.005156495623,18599.385695141358,35521.49264738815,0.0,8919.203960337862,0,0,0,7597.403031584275,7732.219932254459,5.684341886080802e-14,9.094947017729282e-13
H3_E10800,59,2025-03-01,3,10800.0,2025-03-01,58,28,116397.26952408535,0.22393169100041632,19270.808775336467,0.0,19270.808775336467,18612.961967153926,36954.884448766905,0.0,8488.871590611894,0,0,0,7732.219932254459,9326.785317022268,5.684341886080802e-14,9.094947017729282e-13
H3_E10800,60,2025-03-02,3,10800.0,2025-03-02,59,28,145863.6964519172,0.2901073860002725,46637.47113172215,11729.304649509877,58366.77578123203,58662.9873343349,75680.66302713599,1730.7878199125698,1697.827807760944,9,1,2,9326.785317022268,8608.793402687263,5.684341886080802e-14,9.094947017729282e-13
H3_E10800,61,2025-03-03,3,10800.0,2025-03-03,60,28,150299.2367522534,0.2745991570000115,46880.86860741848,6790.176553046139,53671.04516046462,53696.194161166444,76569.07808135985,1084.9378765902713,1231.6469448349471,12,1,2,8608.793402687263,8547.834338233619,1.1368683772161603e-13,9.094947017729282e-13
H3_E10800,62,2025-03-04,3,10800.0,2025-03-04,61,28,155710.06248589678,0.2638604049998321,49688.76578192577,0.0,49688.76578192577,49538.94186411701,80159.94371804828,0.0,6668.179402511294,0,0,0,8547.834338233619,8910.99492543504,1.1368683772161603e-13,9.094947017729282e-13
H3_E10800,63,2025-03-05,3,10800.0,2025-03-05,62,28,123531.63525419313,0.27416098100002273,48761.78105437603,5.267273480358757,48767.048327856384,48775.959551801156,79024.68070573054,1.1577697506008917,9224.22998356643,1,1,1,8910.99492543504,8889.39486739493,1.1368683772161603e-13,8.739675649849232e-13
H3_E10800,64,2025-03-06,3,10800.0,2025-03-06,63,28,89755.57735105822,0.2773702750000666,46855.59432438384,0.0,46855.59432438384,47597.8508845525,75213.76016704303,0.0,7496.575654692412,0,0,0,8889.39486739493,7090.227336687166,1.1368683772161603e-13,9.094947017729282e-13
H3_E10800,65,2025-03-07,3,10800.0,2025-03-07,64,28,88259.10665144895,0.2708291849999114,17673.487113203788,0.0,17673.487113203788,17807.909714916186,33218.62637020216,0.0,9787.44447850618,0,0,0,7090.227336687166,6764.398245544801,5.684341886080802e-14,8.526512829121202e-13
H3_E10800,66,2025-03-08,3,10800.0,2025-03-08,65,28,114199.89172069405,0.26336077799987834,18368.99684561811,0.0,18368.99684561811,17295.133339484062,35096.78952865758,0.0,10081.143702733323,0,0,0,6764.398245544801,9367.353148643755,5.684341886080802e-14,9.094947017729282e-13
H3_E10800,67,2025-03-09,3,10800.0,2025-03-09,66,28,139790.34657966715,0.28686697099965386,44153.18616970483,0.0,44153.18616970483,44371.50254398351,72155.26598636509,0.0,5367.103739031676,0,0,0,9367.353148643755,8838.17260231784,5.684341886080802e-14,9.023892744153272e-13
H3_E10800,68,2025-03-10,3,10800.0,2025-03-10,67,28,138724.5132797641,0.273481307000111,42508.40841069513,11143.582331210135,53651.99074190526,53713.95295761401,70121.22049237708,1801.0902513014908,78.33711452229886,11,1,2,8838.17260231784,8687.981398068245,5.684341886080802e-14,9.094947017729282e-13
H3_E10800,69,2025-03-11,3,10800.0,2025-03-11,68,28,143653.3640711526,0.2728174740000213,45793.64366672942,0.0,45793.64366672942,45563.54539747093,75216.52231196292,0.0,6833.9035652940875,0,0,0,8687.981398068245,9245.720267803337,1.1368683772161603e-13,9.094947017729282e-13
H3_E10800,70,2025-03-12,3,10800.0,2025-03-12,69,28,112623.04928084362,0.2556211920000351,44237.144020929714,0.0,44237.144020929714,44349.917188576175,72408.16267327113,0.0,6456.712998466182,0,0,0,9245.720267803337,8972.367585654625,5.684341886080802e-14,8.881784197001252e-13
H3_E10800,71,2025-03-13,3,10800.0,2025-03-13,70,28,83073.25937205221,0.25519633299973066,41954.68873462137,4933.291873938433,46887.9806085598,48320.58584136704,67765.7914864483,812.2497594725611,774.2411295585975,6,1,2,8972.367585654625,5499.85288183961,1.1368683772161603e-13,9.094947017729282e-13
H3_E10800,72,2025-03-14,3,10800.0,2025-03-14,71,28,85659.85630910893,0.2569720260003123,17023.379871596233,0.0,17023.379871596233,16811.069507671327,32117.653502686684,0.0,12711.26406119496,0,0,0,5499.85288183961,6014.475363747545,5.684341886080802e-14,7.958078640513122e-13
H3_E10800,73,2025-03-15,3,10800.0,2025-03-15,72,28,110871.38334943648,0.26172241299991583,18407.716678607794,0.0,18407.716678607794,17199.264909906764,35417.033996970276,0.0,8253.3125222188,0,0,0,6014.475363747545,8943.660905980045,5.684341886080802e-14,9.094947017729282e-13
H3_E10800,74,2025-03-16,3,10800.0,2025-03-16,73,28,138712.45011778973,0.2845414260000325,43670.45286995795,7.461180000000455,43677.91404995795,43573.9855669026,71871.11243064384,1.6400000000001,4302.090153461944,1,1,1,8943.660905980045,9195.574815890672,1.1368683772161603e-13,8.668621376273222e-13
H3_E10800,75,2025-03-17,3,10800.0,2025-03-17,74,28,138860.32092606789,0.2776702999999543,42003.89441493404,0.0,42003.89441493404,42139.448359631184,69591.60736316637,0.0,8393.251866528657,0,0,0,9195.574815890672,8867.003444419002,1.1368683772161603e-13,9.094947017729282e-13
H3_E10800,76,2025-03-18,3,10800.0,2025-03-18,75,28,138429.88097658084,0.2759982540001147,42970.1903271441,0.0,42970.1903271441,42891.92415561358,70923.88087798434,0.0,5546.043216850627,0,0,0,8867.003444419002,9056.714067574043,1.4210854715202004e-13,9.094947017729282e-13
H3_E10800,77,2025-03-19,3,10800.0,2025-03-19,76,28,109795.65064149116,0.2608229319998827,42826.061394094315,0.0,42826.061394094315,42786.68819094205,70578.69624488466,0.0,7069.044590984936,0,0,0,9056.714067574043,9152.15140352083,1.4210854715202004e-13,9.094947017729282e-13
H3_E10800,78,2025-03-20,3,10800.0,2025-03-20,77,28,81098.59448229117,0.26637733799998387,40768.01491044763,0.0,40768.01491044763,42305.263987046324,65751.53169047026,0.0,3703.0609899625565,0,0,0,9152.15140352083,5425.988815481986,1.1368683772161603e-13,9.094947017729282e-13
H3_E10800,79,2025-03-21,3,10800.0,2025-03-21,78,28,82317.50180103384,0.2617853809997541,16276.140698557667,0.0,16276.140698557667,16313.663719054186,30959.48108472569,0.0,16238.544232346929,0,0,0,5425.988815481986,5335.0361668235755,5.684341886080802e-14,9.094947017729282e-13
H3_E10800,80,2025-03-22,3,10800.0,2025-03-22,79,28,106750.74314587328,0.2570066019998194,18190.40008666512,0.0,18190.40008666512,16464.22934574559,35425.257272241404,0.0,12204.229332707095,0,0,0,5335.0361668235755,9519.128994261164,5.684341886080802e-14,9.094947017729282e-13
H3_E10800,81,2025-03-23,3,10800.0,2025-03-23,80,28,131681.91646236135,0.27420865699969,41203.132756946216,135.61215964564587,41338.74491659186,41661.05637011009,68027.58577775878,24.140382179373113,6264.640841208056,2,1,2,9519.128994261164,8737.873114470143,1.1368683772161603e-13,9.094947017729282e-13
H3_E10800,82,2025-03-24,3,10800.0,2025-03-24,81,28,130737.36193018511,0.27879844200015214,40119.24398515595,0.0,40119.24398515595,40177.87513918192,66822.2510846911,0.0,5007.619626150205,0,0,0,8737.873114470143,8595.756123833538,1.1368683772161603e-13,9.094947017729282e-13
H3_E10800,83,2025-03-25,3,10800.0,2025-03-25,82,28,131743.80696470194,0.2776768909998282,40922.35183485378,0.0,40922.35183485378,40893.87169129145,68019.57924950225,0.0,2951.9568083443546,0,0,0,8595.756123833538,8664.789598668156,1.1368683772161603e-13,9.094947017729282e-13
H3_E10800,84,2025-03-26,3,10800.0,2025-03-26,83,28,105842.53244088574,0.2704067390000091,41049.16937760901,0.0,41049.16937760901,40987.38954806677,68203.57588894089,0.0,8716.661430706827,0,0,0,8664.789598668156,8814.538714175871,1.1368683772161603e-13,8.339995360984176e-13
H3_E10800,85,2025-03-27,3,10800.0,2025-03-27,84,28,78199.20062607885,0.2615820010000789,39153.53360583499,0.0,39153.53360583499,40664.17619929111,63525.02279480077,0.0,5090.156841372609,0,0,0,8814.538714175871,5152.868005556129,5.684341886080802e-14,9.094947017729282e-13
H3_E10800,86,2025-03-28,3,10800.0,2025-03-28,85,28,79983.45238266484,0.2574364779998177,15976.355000228561,0.0,15976.355000228561,15841.625206292727,30805.648709909445,0.0,16920.47420819371,0,0,0,5152.868005556129,5479.441704835017,5.684341886080802e-14,6.821210263296962e-13
H3_E10800,87,2025-03-29,3,10800.0,2025-03-29,86,28,103601.96764132677,0.2573854909996953,17472.975857381825,0.0,17472.975857381825,15922.74968701731,34605.89311169139,0.0,20063.064189317014,0,0,0,5479.441704835017,9237.059677708874,5.684341886080802e-14,9.094947017729282e-13
H3_E10800,88,2025-03-30,3,10800.0,2025-03-30,87,28,125474.0506000727,0.28342985700010104,39450.851090854936,0.0,39450.851090854936,39523.765993102345,65369.98642631328,0.0,6467.448173665873,0,0,0,9237.059677708874,9060.320081633827,5.684341886080802e-14,8.86402062860725e-13
H3_E10800,89,2025-03-31,3,10800.0,2025-03-31,88,28,123734.27534493236,0.284341736999977,37686.54019607219,3897.7756480213566,41584.315844093544,41710.45963750527,63019.891559027645,570.6982892311322,3304.7288373654824,3,1,2,9060.320081633827,8754.558126151582,5.684341886080802e-14,9.094947017729282e-13
H3_E10800,90,2025-04-01,3,10800.0,2025-04-01,89,28,125596.96191778072,0.22910219999994297,39379.43765949398,0.0,39379.43765949398,39319.93645543287,65593.62852693578,0.0,1494.8565325908723,0,0,0,8754.558126151582,8898.78404496386,5.684341886080802e-14,9.094947017729282e-13
H3_E10800,91,2025-04-02,3,10800.0,2025-04-02,90,28,100824.52578957773,0.25425194999979794,39203.93305827347,4902.776587499622,44106.709645773095,44112.789528110225,65574.08607545373,990.605904960287,2121.615754356946,9,1,1,8898.78404496386,8884.04692106562,5.684341886080802e-14,8.952838470577262e-13
H3_E10800,92,2025-04-03,3,10800.0,2025-04-03,91,28,76178.42838366303,0.24242246999983763,37751.67500616313,0.0,37751.67500616313,39494.33506813002,61766.53578941769,0.0,6671.90808723484,0,0,0,8884.04692106562,4659.985364991828,1.1368683772161603e-13,8.419931418757187e-13
H3_E10800,93,2025-04-04,3,10800.0,2025-04-04,92,28,78751.85093939978,0.24908411600017644,15443.318485506208,0.0,15443.318485506208,15202.869985746163,30065.383960330164,0.0,20414.540245902368,0,0,0,4659.985364991828,5242.812323742272,5.684341886080802e-14,9.094947017729282e-13
H3_E10800,94,2025-04-05,3,10800.0,2025-04-05,93,28,100835.22220108098,0.25335802000017793,17228.200122988797,0.0,17228.200122988797,15592.619093325691,34333.62868334361,0.0,15293.648778204904,0,0,0,5242.812323742272,9207.32330326502,5.684341886080802e-14,9.094947017729282e-13
H3_E10800,95,2025-04-06,3,10800.0,2025-04-06,94,28,124446.77498066169,0.2682417829996666,39138.8779932354,0.0,39138.8779932354,39334.32675862072,65679.1352074764,0.0,8060.103461506074,0,0,0,9207.32330326502,8733.571919352318,5.684341886080802e-14,9.094947017729282e-13
H3_E10800,96,2025-04-07,3,10800.0,2025-04-07,95,28,123275.04917809337,0.2689045770002849,37394.38288327171,0.0,37394.38288327171,37406.9627015344,63329.33226539624,0.0,6387.529410145813,0,0,0,8733.571919352318,8703.079496954202,5.684341886080802e-14,9.094947017729282e-13
H3_E10800,97,2025-04-08,3,10800.0,2025-04-08,96,28,124100.5390855407,0.28103974599980575,38826.51799621947,0.0,38826.51799621947,38804.685865110434,65387.52670136578,0.0,6978.748421814924,0,0,0,8703.079496954202,8755.99874822846,1.1368683772161603e-13,9.094947017729282e-13
H3_E10800,98,2025-04-09,3,10800.0,2025-04-09,97,28,98760.66489059883,0.2542800780001926,38689.88237630242,0.0,38689.88237630242,38602.101461050726,64946.1663630901,0.0,1645.497574081905,0,0,0,8755.99874822846,8968.772310648392,5.684341886080802e-14,9.094947017729282e-13
H3_E10800,99,2025-04-10,3,10800.0,2025-04-10,98,28,74362.23529137124,0.23649918999990405,36855.20576128339,0.0,36855.20576128339,38663.312253241915,60490.40171654411,0.0,6993.999203574157,0,0,0,8968.772310648392,4586.074107678627,1.1368683772161603e-13,8.846257060213247e-13
H3_E10800,100,2025-04-11,3,10800.0,2025-04-11,99,28,76032.33235670842,0.23707235700021556,14958.462815715206,0.0,14958.462815715206,14838.890555754644,29268.452809941864,0.0,21127.182208327256,0,0,0,4586.074107678627,4875.907218275196,5.684341886080802e-14,9.094947017729282e-13
H3_E10800,101,2025-04-12,3,10800.0,2025-04-12,100,28,97078.06609739935,0.2519662489999064,17030.716123947146,0.0,17030.716123947146,15157.07302997126,34133.41696021107,0.0,17622.67340053503,0,0,0,4875.907218275196,9417.46063755421,5.684341886080802e-14,9.094947017729282e-13
H3_E10800,102,2025-04-13,3,10800.0,2025-04-13,101,28,118421.02268067012,0.2691554640000504,37327.10368263991,0.0,37327.10368263991,37548.75479961457,62849.14539344621,0.0,5316.154716006305,0,0,0,9417.46063755421,8880.19695514861,5.684341886080802e-14,9.094947017729282e-13
H3_E10800,103,2025-04-14,3,10800.0,2025-04-14,102,28,118717.52896374225,0.2848203979997379,36211.94018939338,690.9324672729034,36902.87265666629,37015.32365233876,61579.393069741825,100.46422531330472,5602.5010017536315,2,1,1,8880.19695514861,8607.625190793031,5.684341886080802e-14,9.094947017729282e-13
H3_E10800,104,2025-04-15,3,10800.0,2025-04-15,103,28,120065.45918693063,0.2701713999999811,37715.84992173766,0.0,37715.84992173766,37547.93501629275,63653.757075113725,0.0,9498.189779895525,0,0,0,8607.625190793031,9014.636811855295,1.1368683772161603e-13,9.094947017729282e-13
H3_E10800,105,2025-04-16,3,10800.0,2025-04-16,104,28,94517.49867718267,0.25873928999999407,36806.28572273404,0.0,36806.28572273404,36852.39643670591,61911.00654726916,0.0,2480.549976392592,0,0,0,9014.636811855295,8902.86831582868,5.684341886080802e-14,9.094947017729282e-13
H3_E10800,106,2025-04-17,3,10800.0,2025-04-17,105,28,71198.42233606738,0.23728697299975465,35225.43859285681,0.0,35225.43859285681,37133.76574933537,57910.17054785561,0.0,6468.391915050101,0,0,0,8902.86831582868,4277.243643513284,1.1368683772161603e-13,9.094947017729282e-13
H3_E10800,107,2025-04-18,3,10800.0,2025-04-18,106,28,72842.82970878923,0.23416062800015425,14271.353143880944,0.0,14271.353143880944,14137.572899955394,28045.85644420632,0.0,18931.31437470198,0,0,0,4277.243643513284,4601.515713357062,5.684341886080802e-14,9.094947017729282e-13
H3_E10800,108,2025-04-19,3,10800.0,2025-04-19,107,28,94711.75911937238,0.2575987319996784,16246.099673687804,0.0,16246.099673687804,14286.855547626166,32983.26522641178,0.0,18395.209008235048,0,0,0,4601.515713357062,9350.558841435364,5.684341886080802e-14,9.094947017729282e-13
H3_E10800,109,2025-04-20,3,10800.0,2025-04-20,108,28,115765.41679284956,0.26812003300028664,36349.89006956458,0.0,36349.89006956458,36436.14407749991,61334.32671387909,0.0,5830.234216957462,0,0,0,9350.558841435364,9141.486374045662,1.1368683772161603e-13,9.094947017729282e-13
H3_E10800,110,2025-04-21,3,10800.0,2025-04-21,109,28,115880.02012419162,0.2703004259997215,35564.923552288434,0.0,35564.923552288434,35804.490404932076,60393.80925026462,0.0,8961.094770205524,0,0,0,9141.486374045662,8560.796453821375,1.1368683772161603e-13,9.094947017729282e-13
H3_E10800,111,2025-04-22,3,10800.0,2025-04-22,110,28,115290.65696475758,0.26837839999961943,36127.62597934033,0.0,36127.62597934033,35967.34254310955,60912.64014606427,0.0,4720.418451427179,0,0,0,8560.796453821375,8949.310034773966,5.684341886080802e-14,9.094947017729282e-13
H3_E10800,112,2025-04-23,3,10800.0,2025-04-23,111,28,91724.91815997168,0.25332167599981403,36181.89917698684,0.0,36181.89917698684,36117.61951788482,61306.494851750125,0.0,6233.423341191896,0,0,0,8949.310034773966,9105.118527076185,5.684341886080802e-14,9.094947017729282e-13
H3_E10800,113,2025-04-24,3,10800.0,2025-04-24,112,28,67497.11547082345,0.23349865699992733,33215.51822073167,0.0,33215.51822073167,35514.26276883891,54379.84695904031,0.0,10015.661330084658,0,0,0,9105.118527076185,3533.1549038698263,1.1368683772161603e-13,9.094947017729282e-13
H3_E10800,114,2025-04-25,3,10800.0,2025-04-25,113,28,68828.32011647975,0.2349511839997831,13401.304339121296,0.0,13401.304339121296,13348.431471692258,26940.718570282166,0.0,22465.553184142205,0,0,0,3533.1549038698263,3661.314291659039,5.684341886080802e-14,8.526512829121202e-13
H3_E10800,115,2025-04-26,3,10800.0,2025-04-26,114,28,89451.3232604447,0.2512864649997937,15863.686937950315,0.0,15863.686937950315,13618.223635283382,32869.79323316555,0.0,24408.65898875783,0,0,0,3661.314291659039,9104.128653092484,5.684341886080802e-14,9.094947017729282e-13
H3_E10800,116,2025-04-27,3,10800.0,2025-04-27,115,28,107590.96270616363,0.2587336400001732,33585.96457737006,4762.107558610118,38348.07213598018,38524.962303291635,56991.812998544585,694.2185875220989,5896.821368580541,2,1,1,9104.128653092484,8675.361751448787,0.0,9.094947017729282e-13
H3_E10800,117,2025-04-28,3,10800.0,2025-04-28,116,28,108805.56661112179,0.28990126799999416,33525.170472033074,24957.28528860073,58482.455760633806,58480.48941410223,56876.15953045809,3707.0078905624896,754.180945018878,14,1,1,8675.361751448787,8680.128010211021,5.684341886080802e-14,9.094947017729282e-13
H3_E10800,118,2025-04-29,3,10800.0,2025-04-29,117,28,114228.07031306537,0.2682479269997202,35377.86903095667,1004.5301839709856,36382.39921492765,36257.88225934831,59898.548041023896,143.99801949125367,8944.765460885163,1,1,1,8680.128010211021,8981.946647489247,1.1368683772161603e-13,9.094947017729282e-13
H3_E10800,119,2025-04-30,3,10800.0,2025-04-30,118,28,90511.67132914081,0.2487900329997501,35203.57599069031,0.0,35203.57599069031,35306.93886876044,59341.15616349782,0.0,7998.588059868552,0,0,0,8981.946647489247,8731.403716535533,5.684341886080802e-14,9.094947017729282e-13
H3_E10800,120,2025-05-01,3,10800.0,2025-05-01,119,28,67024.26332294836,0.18508351800028322,32480.156447711524,10112.301448956216,42592.457896667736,45371.231448366925,52776.09303598876,1597.8322250371293,7049.245813825646,11,1,1,8731.403716535533,1995.8901250211973,1.1368683772161603e-13,9.094947017729282e-13
H3_E10800,121,2025-05-02,3,10800.0,2025-05-02,120,28,70708.39093658746,0.24057090100041023,14219.491271249743,8142.511086686152,22362.002357935897,22187.731791387007,28362.785090271318,1330.1746182668553,12350.890436714923,10,1,2,1995.8901250211973,2418.3073345391067,5.684341886080802e-14,7.958078640513122e-13
H3_E10800,122,2025-05-03,3,10800.0,2025-05-03,121,28,96082.73617830529,0.2492291139997178,17014.803729357947,4547.765450376401,21562.569179734346,19078.259326532032,34805.95332624411,799.9735416827812,17561.286613091197,8,1,1,2418.3073345391067,8440.065664412745,5.684341886080802e-14,8.988365607365267e-13
H3_E10800,123,2025-05-04,3,10800.0,2025-05-04,122,28,118801.83905935145,0.26293311099971106,36533.05017460745,5373.627688356226,41906.677862963676,41940.95610872779,61438.041610319444,860.4710372564965,7343.609100075112,9,1,1,8440.065664412745,8356.978077050228,5.684341886080802e-14,9.094947017729282e-13
H3_E10800,124,2025-05-05,3,10800.0,2025-05-05,123,28,120519.43180866135,0.2638272509998387,36250.904971390286,6790.297760794752,43041.20273218504,43021.71401693098,61156.98486528703,1020.2730961698048,3162.110169610156,6,1,2,8356.978077050228,8404.217085207129,1.1368683772161603e-13,9.094947017729282e-13
H3_E10800,125,2025-05-06,3,10800.0,2025-05-06,124,28,126614.48888715738,0.2622960899998361,38126.649008684515,1744.862047450153,39871.51105613467,39919.18444509863,63947.60214869878,277.38263772554956,7637.506170837259,5,1,3,8404.217085207129,8288.660796309821,1.1368683772161603e-13,9.094947017729282e-13
H3_E10800,126,2025-05-07,3,10800.0,2025-05-07,125,28,104679.36132385099,0.24605502999975215,38784.45782435207,2599.1595222599344,41383.617346612,41243.02854676882,64994.56625492168,372.58594069093095,6191.504836546824,1,1,1,8288.660796309821,8629.436233581187,5.684341886080802e-14,9.094947017729282e-13
H3_E10800,127,2025-05-08,3,10800.0,2025-05-08,126,28,82960.04567366144,0.226908218999597,38058.86287684981,243.2289326250005,38302.09180947481,40115.560641273034,60186.21739945643,35.999250000000075,5751.799138919446,1,1,1,8629.436233581187,4233.740169432526,5.684341886080802e-14,9.094947017729282e-13
H3_E10800,128,2025-05-09,3,10800.0,2025-05-09,127,28,84693.40722639221,0.23029442500001096,16887.299186218206,0.0,16887.299186218206,16509.187940557134,30450.778503388115,0.0,18585.872428792176,0,0,0,4233.740169432526,5150.250056572211,0.0,7.958078640513122e-13
H3_E10800,129,2025-05-10,3,10800.0,2025-05-10,128,28,107188.35194748653,0.24487108500034083,19214.070775578053,0.0,19214.070775578053,17154.849978533588,35853.67957449078,0.0,15721.871894962811,0,0,0,5150.250056572211,10141.628234164507,5.684341886080802e-14,9.094947017729282e-13
H3_E10800,130,2025-05-11,3,10800.0,2025-05-11,129,28,130179.52953047448,0.257868303000123,40028.12230931885,277.36103945833383,40305.48334877718,40568.136697556874,65356.60546109129,41.18071666666674,7165.281642927403,2,1,1,10141.628234164507,9504.97858724362,5.684341886080802e-14,9.094947017729282e-13
H3_E10800,131,2025-05-12,3,10800.0,2025-05-12,130,28,130785.50216880324,0.25697846000002755,38938.72523839708,0.0,38938.72523839708,38919.44109300747,64142.01971726709,0.0,9072.075956757262,0,0,0,9504.97858724362,9551.721735238909,5.684341886080802e-14,9.094947017729282e-13
H3_E10800,132,2025-05-13,3,10800.0,2025-05-13,131,28,131825.25255689942,0.2533012459998645,40184.78721378901,0.0,40184.78721378901,40138.828242053634,65911.67228270917,0.0,9263.089145518567,0,0,0,9551.721735238909,9663.122420835021,5.684341886080802e-14,9.094947017729282e-13
H3_E10800,133,2025-05-14,3,10800.0,2025-05-14,132,28,106233.5373621896,0.24470246500004578,39977.38430138302,0.0,39977.38430138302,39929.359631399944,65445.44285196198,0.0,8992.321879012856,0,0,0,9663.122420835021,9779.530185404832,1.1368683772161603e-13,9.094947017729282e-13
H3_E10800,134,2025-05-15,3,10800.0,2025-05-15,133,28,81222.18541577207,0.2344643830001587,37066.78872256158,0.0,37066.78872256158,39217.132024244704,58051.30464418712,0.0,7770.48700601974,0,0,0,9779.530185404832,4567.278713509296,1.1368683772161603e-13,9.094947017729282e-13
H3_E10800,135,2025-05-16,3,10800.0,2025-05-16,134,28,83068.22949640268,0.22908323999990898,16217.597721687845,0.0,16217.597721687845,16321.238960961848,28916.984642073832,0.0,24158.570939948204,0,0,0,4567.278713509296,4316.061058387826,5.329070518200751e-15,9.094947017729282e-13
H3_E10800,136,2025-05-17,3,10800.0,2025-05-17,135,28,103295.37460634667,0.24665284299999257,18923.208624445037,0.0,18923.208624445037,16599.09383799226,35670.761412675194,0.0,16577.33480299935,0,0,0,4316.061058387826,9949.52000750579,5.684341886080802e-14,9.094947017729282e-13
H3_E10800,137,2025-05-18,3,10800.0,2025-05-18,136,28,125051.52089308655,0.25984415499988245,38685.950719916145,0.0,38685.950719916145,38772.489008394215,62918.786402637685,0.0,6081.3126965149495,0,0,0,9949.52000750579,9739.758467968317,5.684341886080802e-14,9.094947017729282e-13
H3_E10800,138,2025-05-19,3,10800.0,2025-05-19,137,28,124960.44889119374,0.25759560799997416,37291.44324593507,451.90398166666745,37743.34722760174,38008.42558681961,61398.61391042563,67.00333333333344,11401.060528084861,1,1,1,9739.758467968317,9097.230799516712,1.1368683772161603e-13,8.86402062860725e-13
H3_E10800,139,2025-05-20,3,10800.0,2025-05-20,138,28,124655.36457799324,0.2690717460000087,38284.499592685905,0.0,38284.499592685905,38183.94874337765,62886.41421151034,0.0,4766.43657743228,0,0,0,9097.230799516712,9340.95760904386,5.684341886080802e-14,9.094947017729282e-13
H3_E10800,140,2025-05-21,3,10800.0,2025-05-21,139,28,101678.39281405188,0.24405089500032773,38614.40953563465,0.0,38614.40953563465,38599.67090652923,63593.6057427467,0.0,9042.475123362081,0,0,0,9340.95760904386,9376.682807521853,5.684341886080802e-14,9.094947017729282e-13
H3_E10800,141,2025-05-22,3,10800.0,2025-05-22,140,28,77666.60845581249,0.2338347239997347,35386.79187985459,0.0,35386.79187985459,37685.06108748908,55951.59699592464,0.0,8102.93596150009,0,0,0,9376.682807521853,3805.8713696790323,1.1368683772161603e-13,9.094947017729282e-13
H3_E10800,142,2025-05-23,3,10800.0,2025-05-23,141,28,80286.49905109695,0.2370365159999892,15442.441718002621,0.0,15442.441718002621,15307.136637990812,28200.387570465915,0.0,19106.39914318469,0,0,0,3805.8713696790323,4133.839514065319,3.552713678800501e-15,8.988365607365267e-13
H3_E10800,143,2025-05-24,3,10800.0,2025-05-24,142,28,102453.00700873497,0.24329805100023805,18476.150363991786,0.0,18476.150363991786,16052.618508949505,35190.82400111128,0.0,22619.913429991775,0,0,0,4133.839514065319,10008.277083518737,5.684341886080802e-14,7.958078640513122e-13
H3_E10800,144,2025-05-25,3,10800.0,2025-05-25,143,28,121422.89073689292,0.2579096600002231,37428.35436521126,0.0,37428.35436521126,37735.315283634256,61523.46546305253,0.0,10684.389187825383,0,0,0,10008.277083518737,9264.229610907109,1.1368683772161603e-13,9.094947017729282e-13
H3_E10800,145,2025-05-26,3,10800.0,2025-05-26,144,28,119920.73346476727,0.2568225759996494,35996.380265099775,0.0,35996.380265099775,36021.63929006453,59290.40947611904,0.0,1181.296873964542,0,0,0,9264.229610907109,9203.003856885347,5.684341886080802e-14,9.023892744153272e-13
H3_E10800,146,2025-05-27,3,10800.0,2025-05-27,145,28,122735.66262550231,0.25816678299997875,37958.15081580554,0.0,37958.15081580554,37968.77071874359,62584.73496971438,0.0,10038.29178843757,0,0,0,9203.003856885347,9177.262104544256,1.1368683772161603e-13,8.881784197001252e-13
H3_E10800,147,2025-05-28,3,10800.0,2025-05-28,146,28,97924.12059922637,0.24629421999998158,37427.22466513293,0.0,37427.22466513293,37341.12849826271,61874.47222843188,0.0,5936.0589230032665,0,0,0,9177.262104544256,9385.951978455381,5.684341886080802e-14,9.094947017729282e-13
H3_E10800,148,2025-05-29,3,10800.0,2025-05-29,147,28,74819.72871373515,0.22841591599990352,34159.78365086047,119.77769558333367,34279.5613464438,36817.69752122393,54416.37751569974,17.817433333333383,3548.040345359091,1,1,1,9385.951978455381,3233.7231680537852,5.684341886080802e-14,9.094947017729282e-13
H3_E10800,149,2025-05-30,3,10800.0,2025-05-30,148,28,78812.59694424192,0.22965025300027264,15279.560515759185,0.0,15279.560515759185,15011.55577680247,28379.912373620915,0.0,18842.51791643978,0,0,0,3233.7231680537852,3883.344135091339,0.0,9.094947017729282e-13
H3_E10800,150,2025-05-31,3,10800.0,2025-05-31,149,28,100501.83791971114,0.24236950900012744,18171.152403777884,0.0,18171.152403777884,15808.373590579857,35033.627138113254,0.0,17872.548733770323,0,0,0,3883.344135091339,9610.52143613692,5.684341886080802e-14,8.526512829121202e-13
H3_E10800,151,2025-06-01,3,10800.0,2025-06-01,150,28,121057.4366303329,0.20889261100001022,37931.69741802935,54123.273655008496,92054.97107303784,92886.07238134799,62794.706125723314,9399.94294295683,15.901242223280178,52,1,3,9610.52143613692,7596.0017014772675,1.1368683772161603e-13,8.988365607365267e-13
H3_E10800,152,2025-06-02,3,10800.0,2025-06-02,151,28,131300.21748053728,0.26750154000001203,39643.989689771755,44952.641468507776,84596.63115827953,84592.33780609843,66474.02168492916,7073.281183627627,1006.2957647251069,33,1,2,7596.0017014772675,7606.408426397804,5.684341886080802e-14,9.094947017729282e-13
H3_E10800,153,2025-06-03,3,10800.0,2025-06-03,152,28,144417.96673700315,0.26586231200008115,44068.75231875009,10006.126489235308,54074.8788079854,53870.02738989246,72786.88817097673,1639.9480776607759,1500.0610013491016,17,1,4,7606.408426397804,8102.951050377466,5.684341886080802e-14,9.094947017729282e-13
H3_E10800,154,2025-06-04,3,10800.0,2025-06-04,153,28,122170.70062248048,0.2547491270001956,45646.96200374002,4128.797633427887,49775.7596371679,49771.37417014155,74929.7523910647,659.9596134561045,1924.7728003507398,13,1,4,8102.951050377466,8113.581053942554,5.684341886080802e-14,9.094947017729282e-13
H3_E10800,155,2025-06-05,3,10800.0,2025-06-05,154,28,97636.33364114315,0.265593600000102,45275.22893879802,3147.049370864471,48422.27830966249,50715.23277392309,71760.92229529416,509.1899335062783,3052.8659309679074,11,1,4,8113.581053942554,2555.652107445014,5.684341886080802e-14,9.094947017729282e-13
H3_E10800,156,2025-06-06,3,10800.0,2025-06-06,155,28,109088.50395740198,0.2595887799998309,19761.620228658183,11813.113780892152,31574.734009550335,31319.291763862508,35620.3471666845,1757.6817952065744,3190.0360409456825,7,1,2,2555.652107445014,3174.8226464136246,0.0,8.988365607365267e-13
H3_E10800,157,2025-06-07,3,10800.0,2025-06-07,156,28,149165.95224829853,0.25678386199979286,24196.364213829984,0.0,24196.364213829984,21898.821409759817,44405.801019006954,0.0,4573.389191336395,0,0,0,3174.8226464136246,8743.873343055557,5.684341886080802e-14,7.958078640513122e-13
H3_E10800,158,2025-06-08,3,10800.0,2025-06-08,157,28,186610.6748811835,0.257783150999785,57653.55936660011,0.0,57653.55936660011,57119.01504863283,90813.33442254443,0.0,21360.58098935592,0,0,0,8743.873343055557,10039.563852537254,1.1368683772161603e-13,9.094947017729282e-13
H3_E10800,159,2025-06-09,3,10800.0,2025-06-09,158,28,176253.71056662517,0.2537383930002761,50513.91429727014,0.0,50513.91429727014,50781.5790258876,80591.16507394676,0.0,6372.672896922955,0,0,0,10039.563852537254,9390.767041991288,8.526512829121202e-14,9.094947017729282e-13
H3_E10800,160,2025-06-10,3,10800.0,2025-06-10,159,28,180743.92838056386,0.25037374999965323,54931.06634729901,0.0,54931.06634729901,54677.29556873663,86490.42842804402,0.0,10525.284787483428,0,0,0,9390.767041991288,10005.886085099679,5.684341886080802e-14,9.094947017729282e-13
H3_E10800,161,2025-06-11,3,10800.0,2025-06-11,160,28,148806.1138240027,0.2504740189997392,54055.62299309227,1365.8527066160307,55421.4756997083,55474.495075879786,85574.35560487633,283.5776166447474,5636.573803822706,3,1,1,10005.886085099679,9877.371572429767,1.1368683772161603e-13,9.094947017729282e-13
H3_E10800,162,2025-06-12,3,10800.0,2025-06-12,161,28,121031.13411212926,0.2603835479999361,54401.154404771936,0.0,54401.154404771936,55559.804144011185,84084.9501105269,0.0,11067.600880578599,0,0,0,9877.371572429767,7068.9019647935565,5.684341886080802e-14,9.094947017729282e-13
H3_E10800,163,2025-06-13,3,10800.0,2025-06-13,162,28,123253.7649967318,0.2652810189997581,24907.14319848812,0.0,24907.14319848812,24490.238930297823,42294.2923785599,0.0,10416.493501423416,0,0,0,7068.9019647935565,8079.442878801817,7.105427357601002e-15,9.094947017729282e-13
H3_E10800,164,2025-06-14,3,10800.0,2025-06-14,163,28,154207.86039088847,0.2552806080002483,26174.23631350763,0.0,26174.23631350763,25241.57003007895,45358.99235284128,0.0,14412.449237191913,0,0,0,8079.442878801817,10340.14757873667,5.684341886080802e-14,9.094947017729282e-13
H3_E10800,165,2025-06-15,3,10800.0,2025-06-15,164,28,182940.2282107346,0.25187104799988447,55778.47265254585,0.0,55778.47265254585,55696.162547147294,87398.12137164635,0.0,12922.532159692804,0,0,0,10340.14757873667,10539.660357779776,1.1368683772161603e-13,9.094947017729282e-13
H3_E10800,166,2025-06-16,3,10800.0,2025-06-16,165,28,180098.1737292908,0.2542784920001395,52646.617121839576,52.69981830876797,52699.31694014835,53068.39728006121,83134.61296848759,7.8178042291600605,7442.124942267557,1,1,1,10539.660357779776,9645.040627314977,1.4921397450962104e-13,9.094947017729282e-13
H3_E10800,167,2025-06-17,3,10800.0,2025-06-17,166,28,183519.3861992019,0.25177474400015853,55714.77558415105,0.0,55714.77558415105,55610.370428618175,87749.10825160827,0.0,8901.249707306515,0,0,0,9645.040627314977,9898.109951256778,5.684341886080802e-14,9.094947017729282e-13
H3_E10800,168,2025-06-18,3,10800.0,2025-06-18,167,28,152364.06435637677,0.2700878690002355,55875.63029331379,0.0,55875.63029331379,55815.41402385858,87971.51663548007,0.0,13454.011099224539,0,0,0,9898.109951256778,10044.069128498066,7.105427357601002e-14,9.094947017729282e-13
H3_E10800,169,2025-06-19,3,10800.0,2025-06-19,168,28,117551.20162112049,0.2678074240002388,53035.67230931597,292.96119204060585,53328.63350135657,54394.48299612923,82668.72342375299,43.48061983107516,13698.792089113405,2,1,1,10044.069128498066,7460.539515529055,1.1368683772161603e-13,8.846257060213247e-13
H3_E10800,170,2025-06-20,3,10800.0,2025-06-20,169,28,116235.24629474139,0.2760847930003365,22736.241534540837,0.0,22736.241534540837,22932.69340377198,38445.44066884193,0.0,14148.585580554958,0,0,0,7460.539515529055,6984.35669218397,1.4210854715202004e-14,8.810729923425242e-13
H3_E10800,171,2025-06-21,3,10800.0,2025-06-21,170,28,142962.18761944308,0.25931395899988274,23593.491904576866,0.0,23593.491904576866,22216.32136269306,41478.734317735754,0.0,15768.87173555222,0,0,0,6984.35669218397,10322.502363327047,5.684341886080802e-14,9.094947017729282e-13
H3_E10800,172,2025-06-22,3,10800.0,2025-06-22,171,28,167013.88319737036,0.2561292929999581,49572.34072949563,169.26311018290858,49741.60383967854,50154.84344751252,78828.22832619018,25.10838308900236,8899.064341632407,2,1,2,10322.502363327047,9320.84427808443,5.684341886080802e-14,9.094947017729282e-13
H3_E10800,173,2025-06-23,3,10800.0,2025-06-23,172,28,166359.699423718,0.25521370000024035,49888.324726797655,4.919136940528247,49893.243863738186,49877.39057336643,80153.20657234857,0.7297340069022766,9141.034063274812,1,1,1,9320.84427808443,9359.271321808053,1.1368683772161603e-13,9.094947017729282e-13
H3_E10800,174,2025-06-24,3,10800.0,2025-06-24,173,28,166538.84702716966,0.2555436259999624,50376.14894048676,8425.742327398611,58801.891267885374,58788.15987967628,80283.82997398227,1758.023668905177,1477.044090835792,9,1,1,9359.271321808053,9392.55505299089,5.684341886080802e-14,8.952838470577262e-13
H3_E10800,175,2025-06-25,3,10800.0,2025-06-25,174,28,141117.07478667123,0.25975769799970294,52690.64216979762,0.0,52690.64216979762,52672.01492983734,83903.96106866976,0.0,9540.039471835684,0,0,0,9392.55505299089,9437.70591742463,1.1368683772161603e-13,9.094947017729282e-13
H3_E10800,176,2025-06-26,3,10800.0,2025-06-26,175,28,109319.69920496056,0.2660537399997338,50762.02081004514,64.69591812516803,50826.71672817031,52249.328077588456,79318.8968781427,9.60378803906599,11865.296605274281,1,1,1,9437.70591742463,5989.415547167871,1.1368683772161603e-13,8.988365607365267e-13
H3_E10800,177,2025-06-27,3,10800.0,2025-06-27,176,28,109556.51692328144,0.2697055330004332,21361.692615467422,0.0,21361.692615467422,21215.626200422965,37421.49328625662,0.0,14943.525881109455,0,0,0,5989.415547167871,6343.468263408137,5.684341886080802e-14,9.094947017729282e-13
H3_E10800,178,2025-06-28,3,10800.0,2025-06-28,177,28,138044.9891430852,0.2664522839995698,22562.93600593056,0.0,22562.93600593056,21212.640152769396,40743.72602947496,0.0,12825.0392234738,0,0,0,6343.468263408137,9616.471947343089,5.684341886080802e-14,8.668621376273222e-13
H3_E10800,179,2025-06-29,3,10800.0,2025-06-29,178,28,166781.4274111837,0.2599305290000302,50332.544892926846,0.0,50332.544892926846,50445.43693681224,80385.47323170277,0.0,7738.309643889386,0,0,0,9616.471947343089,9342.83111918026,5.684341886080802e-14,9.094947017729282e-13
H3_E10800,180,2025-06-30,3,10800.0,2025-06-30,179,28,165622.77268868822,0.25732524600016404,49664.246159510374,531.1942015745466,50195.44036108492,50305.162914526176,79553.09609713858,78.8217331315492,6192.33630321923,3,1,2,9342.83111918026,9076.87286952464,5.684341886080802e-14,9.094947017729282e-13
H3_E10800,181,2025-07-01,3,10800.0,2025-07-01,180,42,166304.10655547952,0.3836607009998261,50929.7104992792,16694.812645477436,67624.52314475663,68176.17638888252,81598.2610741005,2804.3740040845196,2697.91773718948,24,1,4,9076.87286952464,7739.711760681934,1.1368683772161603e-13,8.810729923425242e-13
H3_E10800,182,2025-07-02,3,10800.0,2025-07-02,181,42,137310.02266061326,0.40841808699997273,52151.73471200267,8915.396935190649,61067.13164719332,61006.028115558,83814.66081458733,1372.8009890703834,8291.243076748939,16,1,3,7739.711760681934,7887.821586891969,1.9184653865522705e-13,9.094947017729282e-13
H3_E10800,183,2025-07-03,3,10800.0,2025-07-03,182,42,105813.16381483033,0.3988377480000054,48918.590015696296,12751.024200944817,61669.614216641115,63860.354563120956,76517.58305270471,2114.530036224268,439.74120412973275,21,1,4,7887.821586891969,2577.651072935985,5.684341886080802e-14,9.094947017729282e-13
H3_E10800,184,2025-07-04,3,10800.0,2025-07-04,183,42,112687.46503240202,0.41836566299980404,23175.66110978245,9148.179256826776,32323.840366609227,32267.46139272378,39995.66863502558,1877.6375189101807,10185.225882628902,27,1,5,2577.651072935985,2714.3089681606093,2.842170943040401e-14,7.709388682997087e-13
H3_E10800,185,2025-07-05,3,10800.0,2025-07-05,184,42,144744.69093521227,0.40108841000028406,26682.32034656303,4747.29841044929,31429.61875701232,29078.20690845839,47700.786086299086,763.7590453439151,10654.083296072211,10,1,4,2714.3089681606093,8413.933702064562,1.4210854715202004e-14,9.094947017729282e-13
H3_E10800,186,2025-07-06,3,10800.0,2025-07-06,185,42,182368.5945956087,0.42175977099986994,53394.099906225034,10490.606626881014,63884.706533106044,63803.48463951906,85054.66644442962,1553.5469216494243,2384.2952468131707,10,1,3,8413.933702064562,8610.80874711785,5.684341886080802e-14,9.094947017729282e-13
H3_E10800,187,2025-07-07,3,10800.0,2025-07-07,186,42,198529.91393527758,0.41856230300027164,55285.46169848056,365.4344718814757,55650.89617036204,55513.51304214473,87428.93313463507,54.230778860404484,10237.77508656685,4,1,2,8610.80874711785,8943.813905737772,5.684341886080802e-14,9.094947017729282e-13
H3_E10800,188,2025-07-08,3,10800.0,2025-07-08,187,42,208362.33214578673,0.42028568600017024,64120.05037105673,0.0,64120.05037105673,63354.27048572388,99589.87302861095,0.0,18543.087303441534,0,0,0,8943.813905737772,10800.0,1.1368683772161603e-13,9.094947017729282e-13
H3_E10800,189,2025-07-09,3,10800.0,2025-07-09,188,42,163679.5041412817,0.40197899299982964,57886.301550526885,0.0,57886.301550526885,58093.4636366017,89777.60982804833,0.0,12923.630818089834,0,0,0,10800.0,10297.8565109956,1.1368683772161603e-13,9.094947017729282e-13
H3_E10800,190,2025-07-10,3,10800.0,2025-07-10,189,42,129997.74498069538,0.3955028079999465,55243.09950057733,0.0,55243.09950057733,57103.39464108977,84382.1833128295,0.0,12999.6813981254,0,0,0,10297.8565109956,5788.657409295632,1.1368683772161603e-13,9.094947017729282e-13
H3_E10800,191,2025-07-11,3,10800.0,2025-07-11,190,42,130317.26979868383,0.3795956090002619,28541.22803563396,0.0,28541.22803563396,28517.43802003334,46458.75982232037,0.0,11239.68873272679,0,0,0,5788.657409295632,5846.322408058247,1.4210854715202004e-14,9.094947017729282e-13
H3_E10800,192,2025-07-12,3,10800.0,2025-07-12,191,42,159023.6335271977,0.4112080610002522,30521.51594229863,0.0,30521.51594229863,28722.66256170514,51846.80745782032,0.0,13345.560460530556,0,0,0,5846.322408058247,10206.591846609666,0.0,9.094947017729282e-13
H3_E10800,193,2025-07-13,3,10800.0,2025-07-13,192,42,189952.14771343215,0.4136033290001251,56785.11749004278,101.11441505876255,56886.231905101544,56952.407530390505,88863.23766428235,15.04119227352362,16489.684515718214,1,1,1,10206.591846609666,10046.1876915866,1.1368683772161603e-13,9.094947017729282e-13
H3_E10800,194,2025-07-14,3,10800.0,2025-07-14,193,42,187716.92162347856,0.4096839640001235,53139.73176630442,0.0,53139.73176630442,53318.85596880643,83927.32934079287,0.0,9104.12609420362,0,0,0,10046.1876915866,9612.005676364935,5.684341886080802e-14,9.094947017729282e-13
H3_E10800,195,2025-07-15,3,10800.0,2025-07-15,194,42,191727.07564789258,0.39964291800015417,58966.80852697054,0.0,58966.80852697054,58476.69486878643,91854.25590360882,0.0,14730.894062900017,0,0,0,9612.005676364935,10800.0,1.1368683772161603e-13,9.094947017729282e-13
H3_E10800,196,2025-07-16,3,10800.0,2025-07-16,195,42,156534.03444498742,0.37084335999998075,55814.96359369775,0.0,55814.96359369775,55968.24417209953,87401.12251955536,0.0,12320.840551234285,0,0,0,10800.0,10428.460757981158,1.1368683772161603e-13,7.958078640513122e-13
H3_E10800,197,2025-07-17,3,10800.0,2025-07-17,196,42,124973.18092723998,0.3418084359996101,53002.72789757363,0.0,53002.72789757363,54934.21109284231,81117.72001938097,0.0,9804.170192735428,0,0,0,10428.460757981158,5746.707793419311,1.1368683772161603e-13,9.094947017729282e-13
H3_E10800,198,2025-07-18,3,10800.0,2025-07-18,197,42,126045.25744293323,0.33661140699996395,28130.688729444948,0.0,28130.688729444948,28056.738486287653,45819.58259156955,0.0,11849.939214812139,0,0,0,5746.707793419311,5925.956968861182,1.4210854715202004e-14,6.252776074688882e-13
H3_E10800,199,2025-07-19,3,10800.0,2025-07-19,198,42,152493.6863261429,0.37041511100005664,29520.975257369802,0.0,29520.975257369802,27962.381343486755,50183.92848836397,0.0,16230.438854718497,0,0,0,5925.956968861182,9703.857648890114,1.0658141036401503e-14,9.094947017729282e-13
H3_E10800,200,2025-07-20,3,10800.0,2025-07-20,199,42,176873.90216709647,0.37165681999977096,53492.038517468434,0.0,53492.038517468434,53479.84449926594,84362.3175666907,0.0,8622.247917705301,0,0,0,9703.857648890114,9733.41492436073,5.684341886080802e-14,9.094947017729282e-13
H3_E10800,201,2025-07-21,3,10800.0,2025-07-21,200,42,175215.16772868414,0.38138799399985146,52875.94333174889,0.0,52875.94333174889,52946.562236178266,83736.64720118663,0.0,6122.682329777671,0,0,0,9733.41492436073,9562.240634065982,8.526512829121202e-14,9.094947017729282e-13
H3_E10800,202,2025-07-22,3,10800.0,2025-07-22,201,42,175654.64293979818,0.37797312200018496,53722.651215677586,135.98662961603907,53858.637845293626,53907.25616620341,84999.36036030884,20.148666267272347,7611.221546985475,2,1,1,9562.240634065982,9444.393909533768,1.1368683772161603e-13,9.094947017729282e-13
H3_E10800,203,2025-07-23,3,10800.0,2025-07-23,202,42,145525.02037875995,0.3532691419995899,53778.54973610954,18.60526979023712,53797.155005899775,53859.22274028189,85306.27686413677,2.7534453920666238,7306.661600077946,2,1,2,9444.393909533768,9293.946936886574,1.1368683772161603e-13,9.094947017729282e-13
H3_E10800,204,2025-07-24,3,10800.0,2025-07-24,203,42,116314.64846194249,0.3354294240002673,50879.72116479621,0.0,50879.72116479621,52671.1159722158,78787.8365708494,0.0,6285.386952384024,0,0,0,9293.946936886574,4951.756452971604,5.684341886080802e-14,9.094947017729282e-13
H3_E10800,205,2025-07-25,3,10800.0,2025-07-25,204,42,117755.08593702945,0.34501233800028785,25520.045145139036,0.0,25520.045145139036,25722.73109284927,42508.18142883692,0.0,13984.792322338832,0,0,0,4951.756452971604,4460.462747237134,1.0658141036401503e-14,8.526512829121202e-13
H3_E10800,206,2025-07-26,3,10800.0,2025-07-26,205,42,145103.04843113158,0.35491196400016634,28660.232026803114,0.0,28660.232026803114,26562.363313523507,49316.45903861866,0.0,12673.793044589762,0,0,0,4460.462747237134,9545.520226234301,7.105427357601002e-15,6.821210263296962e-13
H3_E10800,207,2025-07-27,3,10800.0,2025-07-27,206,42,170542.28905849834,0.37522561299965673,52268.742839084116,2954.409788330494,55223.15262741461,55287.65099637329,83136.33339651654,578.0597692688509,6080.214309497071,4,1,1,9545.520226234301,9389.181599617523,1.1368683772161603e-13,8.754108549169359e-13
H3_E10800,208,2025-07-28,3,10800.0,2025-07-28,207,42,171890.56874132645,0.3854792180000004,51815.48300427138,3334.7965052380696,55150.27950950945,55432.66865049997,82545.7220077865,522.4989534246688,1695.4575016552649,7,1,3,9389.181599617523,8704.694050758193,4.263256414560601e-14,9.094947017729282e-13
H3_E10800,209,2025-07-29,3,10800.0,2025-07-29,208,42,177454.41910256338,0.38841078000041307,54838.2596108801,321.90698338691317,55160.166594267015,54886.81884696889,87227.42411975708,47.549401655614474,6620.274998927873,3,1,2,8704.694050758193,9367.266021047206,8.526512829121202e-14,9.094947017729282e-13
H3_E10800,210,2025-07-30,3,10800.0,2025-07-30,209,42,147156.1404254342,0.3836514680001528,54445.02477874985,0.0,54445.02477874985,54372.551869959236,86249.82641791349,0.0,8227.851471131202,0,0,0,9367.266021047206,9542.934262123303,5.684341886080802e-14,8.988365607365267e-13
H3_E10800,211,2025-07-31,3,10800.0,2025-07-31,210,42,116384.79218702443,0.3609401999997317,51568.74578260861,89.04120886047616,51657.78699146909,53665.00582291274,80120.27578251637,13.245252340717911,6887.050573848117,1,1,1,9542.934262123303,4677.604479469697,1.1368683772161603e-13,9.094947017729282e-13
H3_E10800,212,2025-08-01,3,10800.0,2025-08-01,211,42,117825.66252032552,0.31671945600010076,25797.856382217855,0.0,25797.856382217855,25761.380595826446,43027.3968393885,0.0,19297.21070783905,0,0,0,4677.604479469697,4766.018720655446,1.4210854715202004e-14,9.094947017729282e-13
H3_E10800,213,2025-08-02,3,10800.0,2025-08-02,212,42,141141.1343328419,0.3818748980002056,27829.319497774355,0.0,27829.319497774355,25866.054067932753,48026.365732923005,0.0,19305.702984051983,0,0,0,4766.018720655446,9524.809151189897,0.0,9.094947017729282e-13
H3_E10800,214,2025-08-03,3,10800.0,2025-08-03,213,42,161829.73069574742,0.4121231459998853,49809.31257656553,1134.3436231021865,50943.65619966771,51332.14149803413,79222.66232824043,168.33744328106957,14128.605962907883,5,1,1,9524.809151189897,8583.153432014633,1.1368683772161603e-13,9.094947017729282e-13
H3_E10800,215,2025-08-04,3,10800.0,2025-08-04,214,42,157411.0717940285,0.4051782760002425,47972.06856292348,29.322820594894242,48001.39138351837,47784.72602578581,76420.2230993624,4.355089944288466,6916.406190741551,1,1,1,8583.153432014633,9108.332052966165,1.1368683772161603e-13,9.094947017729282e-13
H3_E10800,216,2025-08-05,3,10800.0,2025-08-05,215,42,156911.14258617334,0.40366348999987167,48853.581932187255,0.0,48853.581932187255,48821.752134326605,77510.63585505064,0.0,8765.93513160819,0,0,0,9108.332052966165,9185.484808351523,5.684341886080802e-14,9.094947017729282e-13
H3_E10800,217,2025-08-06,3,10800.0,2025-08-06,216,42,130438.82162830171,0.39357854500030953,48101.48066531503,3677.2819022196636,51778.76256753469,52043.14009189475,76408.16432022094,542.6934321191139,5922.143820161273,4,1,3,9185.484808351523,8544.65590470474,1.1368683772161603e-13,9.094947017729282e-13
H3_E10800,218,2025-08-07,3,10800.0,2025-08-07,217,42,106453.82146844405,0.3682425599999988,46193.250652544986,78.30905372951891,46271.55970627451,48250.543186152216,71282.28898131532,11.59298754655299,9623.550708851479,2,1,2,8544.65590470474,3747.766241656157,5.684341886080802e-14,9.094947017729282e-13
H3_E10800,219,2025-08-08,3,10800.0,2025-08-08,218,42,108308.82408698353,0.3673069219998979,24662.10428821059,0.0,24662.10428821059,24434.2144733548,41639.73636473019,0.0,22807.495149852944,0,0,0,3747.766241656157,4300.152003493514,0.0,8.100187187665142e-13
H3_E10800,220,2025-08-09,3,10800.0,2025-08-09,219,42,129637.21723711472,0.38679238000031546,26565.653931021254,0.0,26565.653931021254,24493.654147965106,46371.07810008278,0.0,19367.003380324466,0,0,0,4300.152003493514,9322.505369371598,4.884981308350689e-15,8.384404281969182e-13
H3_E10800,221,2025-08-10,3,10800.0,2025-08-10,220,42,150378.5456729598,0.39713511400032075,47197.00014134215,245.7419923592571,47442.74213370141,47508.02605195478,74481.69309526641,35.86800300955656,5988.638440902905,2,1,1,9322.505369371598,9164.262637273474,5.684341886080802e-14,8.846257060213247e-13
H3_E10800,222,2025-08-11,3,10800.0,2025-08-11,221,42,150153.37728013474,0.4072943920000398,46205.53297770211,1432.7471869232477,47638.28016462536,47782.38261607098,73296.50755739637,212.5141268022096,5581.782205542975,6,1,2,9164.262637273474,8814.97040376672,5.684341886080802e-14,9.094947017729282e-13
H3_E10800,223,2025-08-12,3,10800.0,2025-08-12,222,42,151599.1164614573,0.40261327800044455,46990.93098193763,4605.575561681038,51596.50654361867,51562.454787197064,74605.0015329417,672.1417409443635,3935.1066522980395,9,1,2,8814.97040376672,8897.50899999469,1.1368683772161603e-13,9.094947017729282e-13
H3_E10800,224,2025-08-13,3,10800.0,2025-08-13,223,42,129325.99653869176,0.3850848130000486,48119.56373921824,449.8421385272513,48569.40587774549,48417.81459406785,76412.14477200068,66.44917791770456,6456.635676539265,3,1,2,8897.50899999469,9264.953533552129,2.842170943040401e-14,9.094947017729282e-13
H3_E10800,225,2025-08-14,3,10800.0,2025-08-14,224,42,103994.97858159777,0.3577361459997519,45241.54291472447,278.894531654426,45520.4374463789,47794.90406738236,69990.03120972274,40.313532512145116,6304.128414288961,2,1,2,9264.953533552129,3751.8375655932955,1.1368683772161603e-13,9.094947017729282e-13
H3_E10800,226,2025-08-15,3,10800.0,2025-08-15,225,42,106994.80794794505,0.3508965759997409,24695.9338121463,0.0,24695.9338121463,24499.734588616775,41455.2382329971,0.0,21281.947698442826,0,0,0,3751.8375655932955,4227.40799698724,7.105427357601002e-15,9.094947017729282e-13
H3_E10800,227,2025-08-16,3,10800.0,2025-08-16,226,42,128513.04991386572,0.3729991830000472,26600.440319484762,0.0,26600.440319484762,24531.72182398008,46508.37158059371,0.0,21503.465440307446,0,0,0,4227.40799698724,9241.807797564168,2.842170943040401e-14,8.384404281969182e-13
H3_E10800,228,2025-08-17,3,10800.0,2025-08-17,227,42,148806.82675457842,0.3850056280002718,46809.89324918957,693.1904374601227,47503.08368664969,47585.64832784837,73856.22744347822,102.9384884561407,7399.7613958606835,4,1,1,9241.807797564168,9041.67804512998,5.684341886080802e-14,8.419931418757187e-13
H3_E10800,229,2025-08-18,3,10800.0,2025-08-18,228,42,148253.5769452571,0.37555800600011935,45555.04832173924,1122.947884744401,46677.99620648364,46810.41354954786,72118.33751920905,165.43355832919872,4420.981555473771,7,1,3,9041.67804512998,8720.709532450752,5.684341886080802e-14,9.094947017729282e-13
H3_E10800,230,2025-08-19,3,10800.0,2025-08-19,229,42,150933.35430233655,0.3751903630000015,47778.74355594185,834.4093027534146,48613.15285869527,48459.212614148324,75421.84950442106,123.69224078867069,7355.389616879868,4,1,2,8720.709532450752,9093.84774977434,1.1368683772161603e-13,9.094947017729282e-13
H3_E10800,231,2025-08-20,3,10800.0,2025-08-20,230,42,126514.67785059357,0.3470941909999965,47137.16840637094,6006.200989058125,53143.369395429065,53269.49275308618,74345.10130178957,1117.9899474218028,1161.6447059386874,11,1,4,9093.84774977434,8788.135328844082,1.1368683772161603e-13,9.094947017729282e-13
H3_E10800,232,2025-08-21,3,10800.0,2025-08-21,231,42,104930.43641393735,0.3315810999997666,46568.576140186706,8.978780493809221,46577.554920680515,48347.975633796785,72032.36879391811,1.331274444926862,7492.359270515448,1,1,1,8788.135328844082,4496.784287086367,5.684341886080802e-14,9.094947017729282e-13
H3_E10800,233,2025-08-22,3,10800.0,2025-08-22,232,42,106386.9782934569,0.33214423400022497,24467.373732462947,0.0,24467.373732462947,24504.60523328558,41244.99933723371,0.0,17529.84387351516,0,0,0,4496.784287086367,4406.53825762133,1.3322676295501878e-15,9.094947017729282e-13
H3_E10800,234,2025-08-23,3,10800.0,2025-08-23,233,42,130849.32948066176,0.3620528389997162,27083.214728211755,0.0,27083.214728211755,25055.160314779725,46934.94497714589,0.0,16512.47832515656,0,0,0,4406.53825762133,9322.371740219838,5.684341886080802e-14,8.064660050877137e-13
H3_E10800,235,2025-08-24,3,10800.0,2025-08-24,234,42,154216.49061925063,0.37504362200024843,48603.72763290581,0.0,48603.72763290581,48651.067944139475,76912.6770796951,0.0,9604.297537157236,0,0,0,9322.371740219838,9207.622803752565,1.1368683772161603e-13,8.952838470577262e-13
H3_E10800,236,2025-08-25,3,10800.0,2025-08-25,235,42,153224.71433150003,0.3788925960002416,47249.10619090886,5538.2950450509215,52787.401235959784,52971.647288197884,74734.57117942184,807.8745617502249,1360.8643522938055,4,1,2,9207.622803752565,8761.025855154956,1.1368683772161603e-13,9.094947017729282e-13
H3_E10800,237,2025-08-26,3,10800.0,2025-08-26,236,42,157922.10194947143,0.37338333399975454,49442.92843084765,0.0,49442.92843084765,49159.19244489676,78356.6633182863,0.0,8341.533714803076,0,0,0,8761.025855154956,9448.778043024062,1.1368683772161603e-13,9.094947017729282e-13
H3_E10800,238,2025-08-27,3,10800.0,2025-08-27,237,42,132197.43835579234,0.3595252370000708,49084.87508911239,0.0,49084.87508911239,49200.02414274653,77248.20702615779,0.0,5687.994287049719,0,0,0,9448.778043024062,9169.666412884762,1.1368683772161603e-13,9.094947017729282e-13
H3_E10800,239,2025-08-28,3,10800.0,2025-08-28,238,42,107603.78295332687,0.3392675129998679,47385.6437760094,345.92636282098306,47731.57013883038,49521.56095505542,72927.52405218384,51.31704733839763,3088.445273084225,3,1,2,9169.666412884762,4830.879085649267,5.684341886080802e-14,8.86402062860725e-13
H3_E10800,240,2025-08-29,3,10800.0,2025-08-29,239,42,110494.97160698975,0.3454116630000499,25640.798304822725,0.0,25640.798304822725,25501.698981914502,42649.69450508612,0.0,17073.679449338637,0,0,0,4830.879085649267,5168.044155989694,2.6645352591003757e-15,7.958078640513122e-13
H3_E10800,241,2025-08-30,3,10800.0,2025-08-30,240,42,134697.29606122704,0.36642583699995157,27283.011318941688,0.0,27283.011318941688,25609.09704481032,46989.0814627932,0.0,21446.039706280193,0,0,0,5168.044155989694,9225.471698995967,0.0,8.597567102697212e-13
H3_E10800,242,2025-08-31,3,10800.0,2025-08-31,241,42,156246.88422209848,0.38927043899957425,49271.04628049936,125.95805356114467,49397.004334060504,49351.548359618006,77659.74909328239,18.378514340757647,7179.510684151148,2,1,2,9225.471698995967,9335.65316142056,5.684341886080802e-14,9.094947017729282e-13
H3_E10800,243,2025-09-01,3,10800.0,2025-09-01,242,42,155552.9819489698,0.3322995980001906,47915.66395922301,0.0,47915.66395922301,47311.53953570685,75788.439835291,0.0,17541.685766272352,0,0,0,9335.65316142056,10800.0,5.684341886080802e-14,9.094947017729282e-13
H3_E10800,244,2025-09-02,3,10800.0,2025-09-02,243,42,151530.7415924916,0.3984306749998723,47200.512510879955,0.0,47200.512510879955,47200.512510879955,74202.63005876697,0.0,16683.410088708093,0,0,0,10800.0,10800.0,1.1368683772161603e-13,9.094947017729282e-13
H3_E10800,245,2025-09-03,3,10800.0,2025-09-03,244,42,122190.78305673857,0.3746310920000724,45001.2691612661,0.0,45001.2691612661,45001.2691612661,70891.08723320346,0.0,12218.290856619513,0,0,0,10800.0,10800.0,5.684341886080802e-14,9.094947017729282e-13
H3_E10800,246,2025-09-04,3,10800.0,2025-09-04,245,42,96047.9755918013,0.34767234199989616,42332.617297897494,0.0,42332.617297897494,44060.617644342754,64968.9150128367,0.0,12246.130513635459,0,0,0,10800.0,6611.472362508121,1.1368683772161603e-13,9.094947017729282e-13
H3_E10800,247,2025-09-05,3,10800.0,2025-09-05,246,42,95268.5945664942,0.3451954819997809,20769.0641736272,0.0,20769.0641736272,20851.700372974774,35227.05308658469,0.0,25988.829175462954,0,0,0,6611.472362508121,6411.169159133989,5.684341886080802e-14,7.958078640513122e-13
H3_E10800,248,2025-09-06,3,10800.0,2025-09-06,247,42,107854.23500625932,0.38901876599993557,22385.95089704106,0.0,22385.95089704106,20634.64964739377,39800.49826632376,0.0,24624.130980600286,0,0,0,6411.169159133989,10656.176228033964,5.684341886080802e-14,7.958078640513122e-13
H3_E10800,249,2025-09-07,3,10800.0,2025-09-07,248,42,119535.29494973435,0.40491710100013734,40042.86727227531,0.0,40042.86727227531,40484.9267460182,63474.509512472825,0.0,6062.462283908289,0,0,0,10656.176228033964,9584.66120953518,5.684341886080802e-14,9.094947017729282e-13
H3_E10800,250,2025-09-08,3,10800.0,2025-09-08,249,42,114832.67305072927,0.40941617399994357,34416.69550213382,32733.440490487672,67150.1359926215,67749.17076547268,56506.15315246578,4979.965194171781,4.095856984164584,19,1,1,9584.66120953518,8132.651256488951,5.684341886080802e-14,9.094947017729282e-13
H3_E10800,251,2025-09-09,3,10800.0,2025-09-09,250,42,125265.96128948352,0.4159292250001272,39906.140463795804,2979.217646902394,42885.358110698195,42749.24581092543,65397.47836794868,446.2176736831721,8598.436640242286,6,1,3,8132.651256488951,8462.57603374586,1.1368683772161603e-13,8.846257060213247e-13
H3_E10800,252,2025-09-10,3,10800.0,2025-09-10,251,42,102712.18912803198,0.38153890000012325,38911.85121648901,14650.642677523474,53562.493894012485,53528.56362884673,63211.65421367215,2368.274244713981,319.3463315918567,16,1,4,8462.57603374586,8544.820145378444,5.684341886080802e-14,8.757439218243235e-13
H3_E10800,253,2025-09-11,3,10800.0,2025-09-11,252,42,83230.19985603137,0.35818411899981584,38890.37556462064,534.5519578185317,39424.927522439175,41197.0689955786,61873.50551820872,111.88452338703303,9454.074356426643,4,1,2,8544.820145378444,4249.298125918487,1.1368683772161603e-13,9.094947017729282e-13
H3_E10800,254,2025-09-12,3,10800.0,2025-09-12,253,42,84599.64790504138,0.3579471480002212,17955.43018791717,0.0,17955.43018791717,17887.12385301818,32638.559172269266,0.0,18150.11590684231,0,0,0,4249.298125918487,4414.86694199468,5.684341886080802e-14,9.094947017729282e-13
H3_E10800,255,2025-09-13,3,10800.0,2025-09-13,254,42,105196.4150760742,0.40114862700011145,20144.761677866005,0.0,20144.761677866005,18290.5468084844,37855.03706036358,0.0,22132.83526793388,0,0,0,4414.86694199468,8909.32797739313,5.684341886080802e-14,8.526512829121202e-13
H3_E10800,256,2025-09-14,3,10800.0,2025-09-14,255,42,123435.96426118985,0.41285273999983474,39519.60091895623,1904.157243326021,41423.758162282254,41675.88476211711,63959.81571731688,294.21312006820074,867.6674598738518,3,1,1,8909.32797739313,8298.194285361444,5.684341886080802e-14,9.094947017729282e-13
H3_E10800,257,2025-09-15,3,10800.0,2025-09-15,256,42,125414.98621465534,0.4273338519997196,37844.79442612139,12275.407951278397,50120.20237739979,50135.470136240765,62585.68286561178,1885.2216861473967,5392.86935578268,15,1,3,8298.194285361444,8261.186520866757,5.684341886080802e-14,8.810729923425242e-13
H3_E10800,258,2025-09-16,3,10800.0,2025-09-16,257,42,130058.63007803346,0.4133359039997231,40356.536318577826,2294.2495918452896,42650.78591042312,42683.85497182923,65345.71694679029,373.35036567599604,2433.626470172195,8,1,3,8261.186520866757,8181.029894781382,5.684341886080802e-14,8.57980353430321e-13
H3_E10800,259,2025-09-17,3,10800.0,2025-09-17,258,42,109210.43203162361,0.38546309599996675,41560.7551977414,387.4381430662327,41948.19334080763,41859.694200278136,67792.45836674444,60.725959231978024,3624.3742829543653,3,1,3,8181.029894781382,8395.544374922894,5.684341886080802e-14,9.094947017729282e-13
H3_E10800,260,2025-09-18,3,10800.0,2025-09-18,259,42,86889.15574685518,0.36061490099973526,40672.274689265745,1285.880035641167,41958.15472490691,43477.57441440115,64472.62207678183,216.71507038171302,5960.047086341294,6,1,2,8395.544374922894,4712.598723038134,5.684341886080802e-14,8.846257060213247e-13
H3_E10800,261,2025-09-19,3,10800.0,2025-09-19,260,42,90424.92366752081,0.36278719000029014,19276.737410236376,0.0,19276.737410236376,18829.017954656538,34601.158222790786,0.0,14587.502664251331,0,0,0,4712.598723038134,5797.833061906584,5.684341886080802e-14,7.958078640513122e-13
H3_E10800,262,2025-09-20,3,10800.0,2025-09-20,261,42,116584.015055742,0.38446799199982706,20982.920552821946,0.0,20982.920552821946,19471.508428416862,38334.60446376839,0.0,15786.212508743609,0,0,0,5797.833061906584,9461.369048883622,1.1368683772161603e-13,9.094947017729282e-13
H3_E10800,263,2025-09-21,3,10800.0,2025-09-21,262,42,145808.62568943834,0.4032390289999057,45287.65311990763,0.0,45287.65311990763,45388.21685061372,72192.23590651285,0.0,10827.110683516745,0,0,0,9461.369048883622,9217.61101593054,5.684341886080802e-14,9.094947017729282e-13
H3_E10800,264,2025-09-22,3,10800.0,2025-09-22,263,42,145776.40638062684,0.4024019500002396,44205.25406901975,131.78740035000044,44337.04146936975,44392.817662825604,70896.51969378987,19.555900000000065,6764.194555043579,2,1,1,9217.61101593054,9082.414209816166,5.684341886080802e-14,9.094947017729282e-13
H3_E10800,265,2025-09-23,3,10800.0,2025-09-23,264,42,148136.19982482883,0.40246318100025746,46226.612887614785,0.0,46226.612887614785,46053.32541630135,73876.12174024843,0.0,7483.147542275086,0,0,0,9082.414209816166,9502.448479091936,5.684341886080802e-14,9.094947017729282e-13
H3_E10800,266,2025-09-24,3,10800.0,2025-09-24,265,42,120942.68019117505,0.37487364899971,45655.74704136056,0.0,45655.74704136056,45654.78203954842,72743.20065579725,0.0,7932.2268123083395,0,0,0,9502.448479091936,9504.787562396348,1.1368683772161603e-13,9.094947017729282e-13
H3_E10800,267,2025-09-25,3,10800.0,2025-09-25,266,42,93649.66993434296,0.3558796360002816,44037.0548251141,103.4974316666667,44140.55225678077,45552.30871299695,68582.8391619667,15.37166666666667,8488.904885691549,1,1,1,9504.787562396348,6082.8085411344,1.1368683772161603e-13,9.094947017729282e-13
H3_E10800,268,2025-09-26,3,10800.0,2025-09-26,267,42,95592.38351115074,0.3609970140000769,20125.337120894397,0.0,20125.337120894397,19914.38578886149,35621.96872539979,0.0,14692.793939974887,0,0,0,6082.8085411344,6594.136843934332,5.684341886080802e-14,9.094947017729282e-13
H3_E10800,269,2025-09-27,3,10800.0,2025-09-27,268,42,123674.08310470298,0.3856866130004164,21602.888978294137,0.0,21602.888978294137,20478.90819795032,38906.49488779027,0.0,15142.37959867407,0,0,0,6594.136843934332,9318.571808408977,5.684341886080802e-14,9.094947017729282e-13
H3_E10800,270,2025-09-28,3,10800.0,2025-09-28,269,42,151083.44507871472,0.4055678100003206,46539.064197445085,15.168266348326869,46554.232463793414,46508.68451408252,74026.97769883853,2.249983883160553,6552.2920617498185,1,1,1,9318.571808408977,9428.976211155566,1.1368683772161603e-13,9.094947017729282e-13
H3_E10800,271,2025-09-29,3,10800.0,2025-09-29,270,42,151826.03968693223,0.4014945019998777,46014.385603533425,134.7362566666671,46149.121860200095,46255.33044604333,73475.51901823224,26.015016666666725,7183.733522494868,2,1,2,9428.976211155566,9171.535523682067,5.684341886080802e-14,9.094947017729282e-13
H3_E10800,272,2025-09-30,3,10800.0,2025-09-30,271,42,153033.89834358043,0.4034286070000235,47486.66661547835,64.65347536819512,47551.320090846544,47376.39539090664,75213.59428533528,9.569077979456097,5400.154796696928,1,1,1,9171.535523682067,9595.538297573572,1.1368683772161603e-13,9.094947017729282e-13
H3_E10800,273,2025-10-01,3,10800.0,2025-10-01,272,42,124837.59887334786,0.34344782900006976,47384.3192593892,0.0,47384.3192593892,46887.41189259927,75358.00728876964,0.0,21293.215520283597,0,0,0,9595.538297573572,10800.0,1.1368683772161603e-13,9.023892744153272e-13
H3_E10800,274,2025-10-02,3,10800.0,2025-10-02,273,42,92703.55248571928,0.37224516500009486,43102.643414510574,0.0,43102.643414510574,44147.27173073329,66899.91754294271,0.0,14564.70698462386,0,0,0,10800.0,8267.908740639783,1.1368683772161603e-13,8.337774914934926e-13
H3_E10800,275,2025-10-03,3,10800.0,2025-10-03,274,42,90933.3991166436,0.37322115000006306,18370.412284699523,0.0,18370.412284699523,18422.65224410967,32817.156513383066,0.0,22234.877403449987,0,0,0,8267.908740639783,8141.283468705682,5.684341886080802e-14,9.094947017729282e-13
H3_E10800,276,2025-10-04,3,10800.0,2025-10-04,275,42,113374.24717216594,0.37078329899986784,20202.07225512502,0.0,20202.07225512502,19108.73269010266,36760.413836309555,0.0,17682.90350409364,0,0,0,8141.283468705682,10791.446701994455,5.684341886080802e-14,9.094947017729282e-13
H3_E10800,277,2025-10-05,3,10800.0,2025-10-05,276,42,137087.2616526464,0.3901348289996349,41941.23251119621,0.0,41941.23251119621,42187.412476555706,66915.77989592515,0.0,9295.502663090832,0,0,0,10791.446701994455,10194.727152240763,5.684341886080802e-14,9.094947017729282e-13
H3_E10800,278,2025-10-06,3,10800.0,2025-10-06,277,42,133672.06017639313,0.4133128560001751,40330.32988293971,0.0,40330.32988293971,40535.26531795973,64859.73597331438,0.0,3910.374376184713,0,0,0,10194.727152240763,9697.98087828972,1.1368683772161603e-13,8.846257060213247e-13
H3_E10800,279,2025-10-07,3,10800.0,2025-10-07,278,42,135102.04302185838,0.41169961100013097,43146.46707349495,0.0,43146.46707349495,42980.647387052886,69181.3671579455,0.0,7245.894599814243,0,0,0,9697.98087828972,10099.913864548413,5.684341886080802e-14,8.597567102697212e-13
H3_E10800,280,2025-10-08,3,10800.0,2025-10-08,279,42,106975.3841595958,0.3954328770000757,40480.840954301995,0.0,40480.840954301995,40980.71327838329,66194.23335011335,0.0,7285.3818625732865,0,0,0,10099.913864548413,8888.265354790348,5.684341886080802e-14,8.846257060213247e-13
H3_E10800,281,2025-10-09,3,10800.0,2025-10-09,280,42,82711.62636323502,0.37772679900035655,39895.73546129475,0.0,39895.73546129475,41022.2176260827,64341.688512815475,0.0,7832.021622448248,0,0,0,8888.265354790348,6157.767244612193,1.1368683772161603e-13,9.094947017729282e-13
H3_E10800,282,2025-10-10,3,10800.0,2025-10-10,281,42,84062.06738678977,0.38073711900005947,17569.369086223727,0.0,17569.369086223727,17298.421602623897,33436.57040109981,0.0,20511.23919814452,0,0,0,6157.767244612193,6814.521177388511,5.684341886080802e-14,9.094947017729282e-13
H3_E10800,283,2025-10-11,3,10800.0,2025-10-11,282,42,106881.58675331503,0.4002373369999077,19027.297144123448,0.0,19027.297144123448,17978.131429407913,36487.82272907892,0.0,16620.53810984176,0,0,0,6814.521177388511,9357.610709421859,5.684341886080802e-14,7.389644451905042e-13
H3_E10800,284,2025-10-12,3,10800.0,2025-10-12,283,42,131703.43948937347,0.4283694729997478,41278.175063763905,98.03580773333336,41376.21087149724,41546.98942757574,67158.41115870517,20.929933333333338,5340.42043689937,1,1,1,9357.610709421859,8943.657839853717,5.684341886080802e-14,9.094947017729282e-13
H3_E10800,285,2025-10-13,3,10800.0,2025-10-13,284,42,132115.38591709448,0.4312697999998818,40359.58101154902,0.0,40359.58101154902,40426.687764140246,66127.55738737549,0.0,5303.363882699553,0,0,0,8943.657839853717,8780.996710491721,1.1368683772161603e-13,9.094947017729282e-13
H3_E10800,286,2025-10-14,3,10800.0,2025-10-14,285,42,134225.9003787914,0.4337025319996428,42524.15605351844,0.0,42524.15605351844,42347.815566230005,68983.21776818178,0.0,3822.782891072214,0,0,0,8780.996710491721,9208.431233948744,0.0,9.094947017729282e-13
H3_E10800,287,2025-10-15,3,10800.0,2025-10-15,286,42,109353.74744625135,0.42335851400002866,42121.03164228733,0.0,42121.03164228733,42286.04976141929,68652.70337631815,0.0,3281.1396270695896,0,0,0,9208.431233948744,8808.441179494768,5.684341886080802e-14,9.094947017729282e-13
H3_E10800,288,2025-10-16,3,10800.0,2025-10-16,287,42,85352.77297654047,0.39722809800014147,42192.99629796579,4564.2911636936315,46757.28746165942,47757.815053614744,67814.40011474388,664.5822205786899,4199.168411643561,2,1,1,8808.441179494768,6383.246370015124,0.0,9.094947017729282e-13
H3_E10800,289,2025-10-17,3,10800.0,2025-10-17,288,42,88009.69113339754,0.41213500699996075,18419.799066875385,0.0,18419.799066875385,18182.015397508647,34684.51639506101,0.0,15148.545901868943,0,0,0,6383.246370015124,6959.6140038154535,5.684341886080802e-14,9.094947017729282e-13
H3_E10800,290,2025-10-18,3,10800.0,2025-10-18,289,42,114347.11711493101,0.44008749299973715,19264.15689196108,0.0,19264.15689196108,18115.1040906132,36523.87852927338,0.0,14514.727285208673,0,0,0,6959.6140038154535,9744.821440424914,5.684341886080802e-14,9.094947017729282e-13
H3_E10800,291,2025-10-19,3,10800.0,2025-10-19,290,42,141126.70939488919,0.46630962100016404,43917.98941446637,0.0,43917.98941446637,44274.28927847526,71168.28148181595,0.0,4095.4908239728934,0,0,0,9744.821440424914,8881.180509619631,5.684341886080802e-14,9.094947017729282e-13
H3_E10800,292,2025-10-20,3,10800.0,2025-10-20,291,42,143801.0211319932,0.48423032700020485,44898.23933577529,978.3056177089609,45876.54495348425,45815.48798233685,72568.1509098281,201.93790558897635,4064.274787113908,4,1,1,8881.180509619631,9029.177477119396,1.1368683772161603e-13,9.094947017729282e-13
H3_E10800,293,2025-10-21,3,10800.0,2025-10-21,292,42,146485.348058689,0.4679165360003026,46471.009604432504,0.0,46471.009604432504,46278.229587052825,74891.06364627116,0.0,3846.5687806977585,0,0,0,9029.177477119396,9496.460040118885,1.1368683772161603e-13,9.094947017729282e-13
H3_E10800,294,2025-10-22,3,10800.0,2025-10-22,293,42,118425.13334869518,0.43163406900021073,46087.53155337849,621.7695597167192,46709.30111309521,46885.0162887626,74525.08007641645,126.79054797574221,5360.589755155495,3,1,1,9496.460040118885,9070.541219486911,5.684341886080802e-14,9.094947017729282e-13
H3_E10800,295,2025-10-23,3,10800.0,2025-10-23,294,42,90446.49732399828,0.39758008799981326,46242.002044673616,0.0,46242.002044673616,47014.49657423516,73351.07613107802,0.0,8190.513785447651,0,0,0,9070.541219486911,7198.079391839745,1.1368683772161603e-13,8.881784197001252e-13
H3_E10800,296,2025-10-24,3,10800.0,2025-10-24,295,42,90892.23365367496,0.40295773900015774,18404.725178422254,0.0,18404.725178422254,18394.105469745704,34396.18529607732,0.0,12853.602070593948,0,0,0,7198.079391839745,7223.820673307276,5.684341886080802e-14,9.094947017729282e-13
H3_E10800,297,2025-10-25,3,10800.0,2025-10-25,296,42,119246.10383659891,0.43331223199993474,19630.07057846695,0.0,19630.07057846695,18793.020768767634,37181.02287932757,0.0,12528.639867427924,0,0,0,7223.820673307276,9252.75907548715,5.684341886080802e-14,7.958078640513122e-13
H3_E10800,298,2025-10-26,3,10800.0,2025-10-26,297,42,147266.56582699047,0.46852629700015314,46754.60656868005,0.0,46754.60656868005,46626.275649380186,75091.89114645516,0.0,6329.650193778443,0,0,0,9252.75907548715,9563.822440340042,5.684341886080802e-14,9.094947017729282e-13
H3_E10800,299,2025-10-27,3,10800.0,2025-10-27,298,42,146200.70757871214,0.4489818320002996,45158.87715600335,92.48526773333361,45251.36242373668,45523.279610021156,72826.90988195677,19.744933333333393,5905.938691726813,1,1,1,9563.822440340042,8904.718029739379,1.1368683772161603e-13,9.094947017729282e-13
H3_E10800,300,2025-10-28,3,10800.0,2025-10-28,299,42,147409.35649933244,0.48142414100038877,46771.88319375446,0.0,46771.88319375446,46594.25806888718,75118.13334001045,0.0,4575.461244483289,0,0,0,8904.718029739379,9335.266406740591,5.684341886080802e-14,9.094947017729282e-13
H3_E10800,301,2025-10-29,3,10800.0,2025-10-29,300,42,119248.4252265514,0.4484493760000987,46730.07135607344,146.57930857024218,46876.650664643676,46968.639593500826,74868.35239410815,30.61897993747229,1424.9216688655138,2,1,1,9335.266406740591,9112.292972936559,1.1368683772161603e-13,9.094947017729282e-13
H3_E10800,302,2025-10-30,3,10800.0,2025-10-30,301,42,92116.74870971566,0.4244848190000994,47171.95146354445,6.3513892252307524,47178.30285276968,47857.55833258055,74867.16242912109,1.3559754964198873,8105.414840747073,1,1,1,9112.292972936559,7465.834767092809,5.684341886080802e-14,9.094947017729282e-13
H3_E10800,303,2025-10-31,3,10800.0,2025-10-31,302,42,92589.60863627541,0.42213660700008404,19421.68312502966,0.0,19421.68312502966,19286.930857748626,35844.35059245487,0.0,8490.084692661068,0,0,0,7465.834767092809,7792.462939872047,5.684341886080802e-14,7.958078640513122e-13
H3_E10800,304,2025-11-01,3,10800.0,2025-11-01,303,42,121652.36053629285,0.3586340670003665,19936.759587502143,0.0,19936.759587502143,19169.358219086793,37264.60959881928,0.0,9571.094573687944,0,0,0,7792.462939872047,9652.579372874514,5.684341886080802e-14,8.526512829121202e-13
H3_E10800,305,2025-11-02,3,10800.0,2025-11-02,304,42,150827.2997204403,0.44970226099985666,47622.61919505369,459.33737797559144,48081.95657302928,48426.725205211274,76350.77500599704,65.84538101714327,4289.942319669233,1,1,1,9652.579372874514,8816.889179058753,5.684341886080802e-14,9.094947017729282e-13
H3_E10800,306,2025-11-03,3,10800.0,2025-11-03,305,42,152918.0042158567,0.44785640999998577,47821.43500978153,0.0,47821.43500978153,47708.58590737115,76908.851026624,0.0,3074.566938548264,0,0,0,8816.889179058753,9090.425920694484,5.684341886080802e-14,8.65085780787922e-13
H3_E10800,307,2025-11-04,3,10800.0,2025-11-04,306,42,155030.03662729016,0.4480744620000223,49141.347719901794,155.81717803333345,49297.16489793513,49391.495461563,78793.83646696352,33.59955000000002,7512.082142425286,2,1,1,9090.425920694484,8861.776560971672,1.1368683772161603e-13,9.094947017729282e-13
H3_E10800,308,2025-11-05,3,10800.0,2025-11-05,307,42,124055.24278435473,0.413814406000256,49227.831917360774,0.0,49227.831917360774,48975.821375429085,78556.01805131472,0.0,4124.9337922202885,0,0,0,8861.776560971672,9472.628938398337,1.7053025658242404e-13,8.739675649849232e-13
H3_E10800,309,2025-11-06,3,10800.0,2025-11-06,308,42,93264.48861390192,0.3920500950002861,48144.33177851118,1506.567659453186,49650.89943796436,50422.74251808252,76282.35365859671,309.7021465065206,3039.619261046248,5,1,1,9472.628938398337,7601.746169461239,1.1368683772161603e-13,9.094947017729282e-13
H3_E10800,310,2025-11-07,3,10800.0,2025-11-07,309,42,95908.1567937842,0.39177895100010574,19906.60884545348,0.0,19906.60884545348,19647.394347610098,36944.846855280346,0.0,9631.001683260487,0,0,0,7601.746169461239,8230.060330676008,5.684341886080802e-14,9.094947017729282e-13
H3_E10800,311,2025-11-08,3,10800.0,2025-11-08,310,42,125231.0076173192,0.40096254500031137,20013.270517747485,0.0,20013.270517747485,19514.849503691523,37620.644715966904,0.0,9340.397125165502,0,0,0,8230.060330676008,9438.190986884916,5.684341886080802e-14,9.094947017729282e-13
H3_E10800,312,2025-11-09,3,10800.0,2025-11-09,311,42,155612.81076603697,0.4161184409999805,49505.710312989686,0.0,49505.710312989686,49667.18984477685,78817.86195487075,0.0,3764.715037476516,0,0,0,9438.190986884916,9046.778170810458,1.1368683772161603e-13,9.094947017729282e-13
H3_E10800,313,2025-11-10,3,10800.0,2025-11-10,312,42,157034.3345554899,0.4058164949997263,49073.78400990242,1428.449757108791,50502.23376701121,50653.1371132238,78648.34255506637,211.80905259012312,1016.9722565157525,3,1,3,9046.778170810458,8681.001139861555,3.730349362740526e-14,9.094947017729282e-13
H3_E10800,314,2025-11-11,3,10800.0,2025-11-11,313,42,161510.77413579397,0.4244446180000523,51484.15079484451,0.0,51484.15079484451,51274.920992543404,81766.3178185992,0.0,5701.266857376955,0,0,0,8681.001139861555,9188.156599250173,1.1368683772161603e-13,8.846257060213247e-13
H3_E10800,315,2025-11-12,3,10800.0,2025-11-12,314,42,129559.9574738782,0.40222843099991223,50977.928875041,0.0,50977.928875041,51066.042944294175,80945.85343645202,0.0,6139.573746208946,0,0,0,9188.156599250173,8974.575499525257,5.684341886080802e-14,8.988365607365267e-13
H3_E10800,316,2025-11-13,3,10800.0,2025-11-13,315,42,97762.87896913107,0.3907264690001284,50992.446905776655,0.0,50992.446905776655,51234.76509894507,80653.17267958898,0.0,4949.015866473114,0,0,0,8974.575499525257,8387.216561061554,1.1368683772161603e-13,9.094947017729282e-13
H3_E10800,317,2025-11-14,3,10800.0,2025-11-14,316,42,98739.47903788934,0.40240414200025043,20499.359181624706,0.0,20499.359181624706,20326.25849737253,37998.60930229548,0.0,6726.881580871988,0,0,0,8387.216561061554,8806.798074196366,2.220446049250313e-15,8.668621376273222e-13
H3_E10800,318,2025-11-15,3,10800.0,2025-11-15,317,42,129648.85921120354,0.4208527729997513,20406.26052074119,0.0,20406.26052074119,20217.74480468475,38155.47790465818,0.0,6089.756070988351,0,0,0,8806.798074196366,9263.744329113677,5.684341886080802e-14,9.094947017729282e-13
H3_E10800,319,2025-11-16,3,10800.0,2025-11-16,318,42,162322.46210189184,0.4284649740002351,51737.44099906209,0.0,51737.44099906209,51847.61259758311,81938.8176097053,0.0,3526.7540097096153,0,0,0,9263.744329113677,8996.697631917561,1.4210854715202004e-13,8.526512829121202e-13
H3_E10800,320,2025-11-17,3,10800.0,2025-11-17,319,42,163657.74058739253,0.42415059999984805,51337.636780282235,0.0,51337.636780282235,51331.18200425298,81612.34319022665,0.0,4739.945991721817,0,0,0,8996.697631917561,9012.343466623539,1.1368683772161603e-13,9.094947017729282e-13
H3_E10800,321,2025-11-18,3,10800.0,2025-11-18,320,42,165254.71307090914,0.4259056129999408,52636.37586336413,0.0,52636.37586336413,52603.174253746394,83301.00467387502,0.0,4212.130063945314,0,0,0,9012.343466623539,9092.821378435987,1.1368683772161603e-13,9.094947017729282e-13
H3_E10800,322,2025-11-19,3,10800.0,2025-11-19,321,42,133540.90792893054,0.4288562749998164,52777.41839464259,6.301057500000476,52783.71945214259,52887.16149314756,83552.69440888485,1.3850000000001046,4087.0096669151544,1,1,1,9092.821378435987,8842.08656318019,8.526512829121202e-14,8.775202786637237e-13
H3_E10800,323,2025-11-20,3,10800.0,2025-11-20,322,42,102021.26397249108,0.47635482800023965,52994.61423326636,0.0,52994.61423326636,53156.48929519017,83554.09792603937,0.0,5047.402989649769,0,0,0,8842.08656318019,8449.715015290536,1.1368683772161603e-13,9.094947017729282e-13
H3_E10800,324,2025-11-21,3,10800.0,2025-11-21,323,42,103012.2733713208,0.4673125389999768,21312.779034141626,0.0,21312.779034141626,21091.429599193492,39699.11031009191,0.0,6939.823086468434,0,0,0,8449.715015290536,8986.247445813884,5.684341886080802e-14,9.094947017729282e-13
H3_E10800,325,2025-11-22,3,10800.0,2025-11-22,324,42,133123.44402195732,0.47212423599967224,21122.597001379458,0.0,21122.597001379458,21024.309304393657,39676.895885719634,0.0,5776.984808206925,0,0,0,8986.247445813884,9224.48856428202,5.684341886080802e-14,8.72191208145523e-13
H3_E10800,326,2025-11-23,3,10800.0,2025-11-23,325,42,165973.9686765791,0.45170323999991524,53410.960692145745,0.0,53410.960692145745,53505.729293774944,84456.66784863651,0.0,5078.264858792937,0,0,0,9224.48856428202,8994.777437251912,5.684341886080802e-14,9.094947017729282e-13
H3_E10800,327,2025-11-24,3,10800.0,2025-11-24,326,42,166156.7111165981,0.4266302029996041,51712.784399720316,791.7658483285304,52504.55024804885,52698.96720740663,82388.27669877901,126.15618861549149,4665.270582150633,4,1,2,8994.777437251912,8523.527064448235,5.684341886080802e-14,9.094947017729282e-13
H3_E10800,328,2025-11-25,3,10800.0,2025-11-25,327,42,168626.71912243,0.4248543660000905,53743.04048577285,0.0,53743.04048577285,53521.7861391812,85206.92077721102,0.0,4113.4838126937475,0,0,0,8523.527064448235,9059.829008785673,5.684341886080802e-14,9.094947017729282e-13
H3_E10800,329,2025-11-26,3,10800.0,2025-11-26,328,42,136179.0529442075,0.42214777099979983,53899.728559454925,154.53999266666654,54054.26855212159,53997.08953855567,85243.38659104654,32.99316666666664,3981.4691910828383,1,1,1,9059.829008785673,9198.426132969147,1.1368683772161603e-13,9.094947017729282e-13
H3_E10800,330,2025-11-27,3,10800.0,2025-11-27,329,42,103791.79815851856,0.4645118260000345,54060.9519814908,0.0,54060.9519814908,54097.44975430754,85219.06383463932,0.0,5343.435196994029,0,0,0,9198.426132969147,9109.958598535892,1.1368683772161603e-13,9.094947017729282e-13
H3_E10800,331,2025-11-28,3,10800.0,2025-11-28,330,42,104018.59910104645,0.4570368199997574,21637.904234658785,0.0,21637.904234658785,21614.239094013956,40683.258115224,0.0,6194.776794945059,0,0,0,9109.958598535892,9167.320910898796,5.684341886080802e-14,9.094947017729282e-13
H3_E10800,332,2025-11-29,3,10800.0,2025-11-29,331,42,135496.50636145056,0.4585034579999956,21825.812900107685,0.0,21825.812900107685,21762.802928144763,41034.388708827,0.0,2452.917937365357,0,0,0,9167.320910898796,9320.051788266499,5.684341886080802e-14,8.917311333789257e-13
H3_E10800,333,2025-11-30,3,10800.0,2025-11-30,332,42,170423.23664075584,0.4570902379996369,54820.84503322823,28.398311333333652,54849.24334456156,55055.73157134786,86503.81456092471,6.062833333333401,2172.6141762141715,1,1,1,9320.051788266499,8819.541677553687,1.1368683772161603e-13,9.094947017729282e-13
H3_E10800,334,2025-12-01,3,10800.0,2025-12-01,333,42,172785.420316015,0.3781880399997135,54454.91416422211,26863.30980921667,81318.22397343878,81443.07517109101,86403.94094962232,5038.227659790477,782.8371217416711,22,1,3,8819.541677553687,8516.912865576842,4.263256414560601e-14,9.094947017729282e-13
H3_E10800,335,2025-12-02,3,10800.0,2025-12-02,334,42,180073.61429520973,0.42855899000005593,58039.28396931807,13803.04253573346,71842.32650505153,71723.66511306317,91326.82001502882,2818.3755126285914,469.6213130230434,14,1,2,8516.912865576842,8804.538108748222,5.684341886080802e-14,9.094947017729282e-13
H3_E10800,336,2025-12-03,3,10800.0,2025-12-03,335,42,151814.33604050023,0.4436014930001875,60465.71120973157,5.923317638126199,60471.63452736969,60346.10393396724,94235.59052172066,1.0197671753682016,2078.109879139274,1,1,1,8804.538108748222,9108.813718934613,8.526512829121202e-14,9.094947017729282e-13
H3_E10800,337,2025-12-04,3,10800.0,2025-12-04,336,42,119247.87240872445,0.4347284139998919,60406.94769233533,4471.484913812044,64878.43260614737,64913.10499229824,94224.14409548254,898.7912887730142,3712.194004324192,7,1,3,9108.813718934613,9024.770768393842,1.1368683772161603e-13,9.094947017729282e-13
H3_E10800,338,2025-12-05,3,10800.0,2025-12-05,337,42,121615.11814108388,0.460586202000286,26469.16554124091,0.0,26469.16554124091,26356.087354918487,49711.355745246765,0.0,4265.976464233281,0,0,0,9024.770768393842,9298.862790182638,5.684341886080802e-14,9.094947017729282e-13
H3_E10800,339,2025-12-06,3,10800.0,2025-12-06,338,42,160090.5499727647,0.4184174050001275,26526.84508218515,0.0,26526.84508218515,26592.692692613447,50125.364937425285,0.0,2752.4125162058776,0,0,0,9298.862790182638,9139.253715619032,5.684341886080802e-14,9.094947017729282e-13
H3_E10800,340,2025-12-07,3,10800.0,2025-12-07,339,42,201327.04585611692,0.3937289260002217,62896.04922278182,94.47836710793244,62990.52758988975,63032.628000584424,97675.50543286538,16.265536215534553,5677.228696388442,1,1,1,9139.253715619032,9037.20585775423,1.4210854715202004e-13,8.86402062860725e-13
H3_E10800,341,2025-12-08,3,10800.0,2025-12-08,340,42,204152.79744752933,0.39232131800008574,64068.76663115357,0.0,64068.76663115357,64060.83539428815,99748.36940387284,0.0,7472.839681060799,0,0,0,9037.20585775423,9056.430509461414,5.684341886080802e-14,9.094947017729282e-13
H3_E10800,342,2025-12-09,3,10800.0,2025-12-09,341,42,203741.38117485025,0.39420316899986574,64851.33265595841,0.0,64851.33265595841,64811.074621940614,100455.259974374,0.0,8473.43530165697,0,0,0,9056.430509461414,9154.012601074699,8.526512829121202e-14,9.023892744153272e-13
H3_E10800,343,2025-12-10,3,10800.0,2025-12-10,342,42,166706.5113159926,0.41612660100008725,63738.947678954195,0.0,63738.947678954195,63789.93152392472,98830.20926460868,0.0,6243.923499918771,0,0,0,9154.012601074699,9030.432044992092,1.1368683772161603e-13,8.668621376273222e-13
H3_E10800,344,2025-12-11,3,10800.0,2025-12-11,343,42,132054.94807896635,0.4545449180000105,64244.97991329139,0.0,64244.97991329139,64196.62906055856,99697.75862300652,0.0,9271.107537668599,0,0,0,9030.432044992092,9147.630449138458,7.815970093361102e-14,9.094947017729282e-13
H3_E10800,345,2025-12-12,3,10800.0,2025-12-12,344,42,130081.42186529581,0.4372701600000255,28409.48323463159,0.0,28409.48323463159,28368.86700893667,53193.94052679394,0.0,5786.569856947308,0,0,0,9147.630449138458,9246.080767278576,5.684341886080802e-14,9.094947017729282e-13
H3_E10800,346,2025-12-13,3,10800.0,2025-12-13,345,42,164466.75137336185,0.4348369589997674,29002.95437338548,0.0,29002.95437338548,28990.959287756363,54527.867687568796,0.0,7081.676763970125,0,0,0,9246.080767278576,9275.155846907466,5.684341886080802e-14,9.023892744153272e-13
H3_E10800,347,2025-12-14,3,10800.0,2025-12-14,346,42,200806.64806093625,0.3886282509997727,63590.589507160956,0.0,63590.589507160956,63782.027474410184,98640.86892071005,0.0,5856.7135798779755,0,0,0,9275.155846907466,8811.126300652935,1.1368683772161603e-13,8.65085780787922e-13
H3_E10800,348,2025-12-15,3,10800.0,2025-12-15,347,42,202345.07171013302,0.3919623420001699,62819.49898503978,673.4129005560137,63492.9118855958,63523.95128589394,98316.2891864861,96.91640155872506,4403.370337475566,2,1,2,8811.126300652935,8735.88940254271,5.684341886080802e-14,9.094947017729282e-13
H3_E10800,349,2025-12-16,3,10800.0,2025-12-16,348,42,206113.22547046526,0.39822194599992145,66269.70378047857,0.0,66269.70378047857,66111.23163541903,102437.52050740478,0.0,8225.808196206244,0,0,0,8735.88940254271,9120.012565897365,1.1368683772161603e-13,8.739675649849232e-13
H3_E10800,350,2025-12-17,3,10800.0,2025-12-17,349,42,168877.02013137314,0.42321050400005333,64482.56960998419,0.0,64482.56960998419,64522.38409623145,100234.82678850369,0.0,7782.163980194324,0,0,0,9120.012565897365,9023.505596808927,1.1368683772161603e-13,8.970602038971265e-13
H3_E10800,351,2025-12-18,3,10800.0,2025-12-18,350,42,132556.9661291628,0.44468261500014705,63933.66412282697,0.0,63933.66412282697,63917.83790059279,99214.6153260828,0.0,7248.081891736219,0,0,0,9023.505596808927,9061.86702964158,1.1368683772161603e-13,9.094947017729282e-13
H3_E10800,352,2025-12-19,3,10800.0,2025-12-19,351,42,130871.57380191964,0.44341766499974256,28800.73544247549,0.0,28800.73544247549,28782.50400080225,53793.41905178087,0.0,7263.227940706912,0,0,0,9061.86702964158,9106.05851228611,5.684341886080802e-14,9.094947017729282e-13
H3_E10800,353,2025-12-20,3,10800.0,2025-12-20,352,42,163160.4265176185,0.4567129100000784,28244.562755523028,0.0,28244.562755523028,28193.75656696536,53172.55789236928,0.0,6429.302612924146,0,0,0,9106.05851228611,9229.208444152262,5.684341886080802e-14,9.094947017729282e-13
H3_E10800,354,2025-12-21,3,10800.0,2025-12-21,353,42,198265.56625351246,0.3966491649998716,62828.529836739704,0.0,62828.529836739704,62950.45056689745,97519.42619011493,0.0,4229.08646936681,0,0,0,9229.208444152262,8933.682839137518,1.1368683772161603e-13,9.094947017729282e-13
H3_E10800,355,2025-12-22,3,10800.0,2025-12-22,354,42,199056.83786650136,0.3930713760000799,62673.994947829284,338.8226066311544,63012.81755446044,63144.38846604883,97891.75852727247,73.33545883891539,4714.613740297707,4,1,1,8933.682839137518,8614.766005230822,1.1368683772161603e-13,8.668621376273222e-13
H3_E10800,356,2025-12-23,3,10800.0,2025-12-23,355,42,200518.3612312396,0.3989287920003335,64329.146394232754,0.0,64329.146394232754,64068.266797148666,99889.42132405698,0.0,7527.153109213948,0,0,0,8614.766005230822,9247.116227088285,8.526512829121202e-14,9.094947017729282e-13
H3_E10800,357,2025-12-24,3,10800.0,2025-12-24,356,42,162515.58030300908,0.41188091000003624,62735.27586406544,19.399633026467153,62754.67549709191,62937.63974548671,97785.22506531623,3.339869678310606,5809.9372802685975,1,1,1,9247.116227088285,8803.626263298022,1.1368683772161603e-13,9.094947017729282e-13
H3_E10800,358,2025-12-25,3,10800.0,2025-12-25,357,42,127000.00451518549,0.4528342139997221,63042.81802979455,0.0,63042.81802979455,63028.11902690031,98096.12583955859,0.0,5753.478611841913,0,0,0,8803.626263298022,8839.255411169861,5.684341886080802e-14,9.094947017729282e-13
H3_E10800,359,2025-12-26,3,10800.0,2025-12-26,358,42,126649.40113144417,0.45231050000029427,27884.302112952937,0.0,27884.302112952937,27599.71114555671,52553.54757093455,0.0,5044.519632111511,0,0,0,8839.255411169861,9529.080002219156,1.1368683772161603e-13,9.094947017729282e-13
H3_E10800,360,2025-12-27,3,10800.0,2025-12-27,359,42,161058.31397594477,0.42342950100010057,27549.517736629874,0.0,27549.517736629874,27664.39009332403,52000.08791694331,0.0,5265.100729980673,0,0,0,9529.080002219156,9250.639062211774,5.684341886080802e-14,9.094947017729282e-13
H3_E10800,361,2025-12-28,3,10800.0,2025-12-28,360,42,196476.41081823083,0.3939033510000627,62682.611442658155,390.27078362573803,63072.882226283895,63149.025364605666,97385.77492543249,66.9927579523827,6469.724593926709,2,1,1,9250.639062211774,9066.074493158187,5.684341886080802e-14,9.094947017729282e-13
H3_E10800,362,2025-12-29,3,6000.0,2025-12-29,361,42,192900.27761997934,0.40286909400037985,61470.68629404778,0.0,61470.68629404778,61629.71747225684,96097.7380761161,0.0,4514.7467431148925,0,0,0,9066.074493158187,8680.596280424146,5.684341886080802e-14,9.094947017729282e-13
H3_E10800,363,2025-12-30,2,6000.0,2025-12-30,362,42,128511.21286030138,0.2694481530002122,62507.18432043226,97.0634751316275,62604.24779556388,62479.057851776604,97618.42034215288,16.6161902134088,6572.302219317191,1,1,1,8680.596280424146,8984.046184567826,1.1368683772161603e-13,9.094947017729282e-13
H3_E10800,364,2025-12-31,1,6000.0,2025-12-31,363,42,62616.28546570264,0.1595861060000061,60307.27355352995,0.0,60307.27355352995,61468.37846598603,93229.64335662426,0.0,2959.9740744188566,0,0,0,8984.046184567826,6169.625443359979,1.1368683772161603e-13,9.094947017729282e-13
