policy,day,date,initial_soc,terminal_soc,planned_cost,emergency_cost,total_cost,planned_kwh,emergency_kwh,spill_kwh,charge_kwh,discharge_kwh,emergency_slots,emergency_day,events,reference_terminal_soc,terminal_value,lp_objective,solve_seconds,lp_eq_residual,lp_ineq_violation,balance_residual,soc_residual,history_min_day,history_max_day,window,half_life,reserve_ratio
dual_terminal_g17,31,2025-02-01,6000.0,9672.133864989068,25654.55155809757,0.0,25654.55155809757,49832.74492828526,0.0,7916.004651789148,22282.336129855896,14743.77178669312,0,0,0,8550.000000001999,-1210.300028334288,25782.94613626208,0.0666436789999807,0.0,1.1368683772161603e-13,5.684341886080802e-14,9.094947017729282e-13,10,30,21,14,0.5
dual_terminal_g17,32,2025-02-02,9672.133864989068,9435.5448988612,57742.32141143988,0.0,57742.32141143988,91114.64339017375,0.0,8899.261078609641,21431.760163574698,17572.65580201058,0,0,0,8550.000000001999,-1210.300028334288,58313.332091953285,0.06291139899997233,9.094947017729282e-13,1.1368683772161603e-13,7.815970093361102e-14,8.988365607365267e-13,11,31,21,14,0.5
dual_terminal_g17,33,2025-02-03,9435.5448988612,9293.982442613638,57012.59504819352,0.0,57012.59504819352,90221.78008497968,0.0,5963.823972427014,21939.188543028857,17898.148930476185,0,0,0,8549.999999995762,-1210.300028331344,57639.61433757241,0.06192416699991554,9.094947017729282e-13,1.1368683772161603e-13,1.1368683772161603e-13,9.094947017729282e-13,12,32,21,14,0.5
dual_terminal_g17,34,2025-02-04,9293.982442613638,9363.869444623806,56940.87750590241,0.0,56940.87750590241,90244.84686915297,0.0,4485.157765253779,23694.351853105556,19129.526699206348,0,0,0,8549.999999998881,-1210.3000283328233,57496.54662295828,0.06390755699999318,9.094947017729282e-13,1.1368683772161603e-13,1.1368683772161603e-13,9.094947017729282e-13,13,33,21,14,0.5
dual_terminal_g17,35,2025-02-05,9363.869444623806,9366.97552324462,56748.20425786446,0.0,56748.20425786446,89807.42771280554,0.0,4650.527568788961,23187.777315392246,18779.30415470899,0,0,0,8549.999999998881,-1210.3000283328088,57288.66055303134,0.06424548199993296,9.094947017729282e-13,1.1368683772161603e-13,5.684341886080802e-14,9.094947017729282e-13,14,34,21,14,0.5
dual_terminal_g17,36,2025-02-06,9366.97552324462,9298.678183905498,57040.926467539284,102.2567930427373,57143.183260582024,90084.85318626504,17.51375547619034,5653.654668564586,22311.171904816856,18133.516848306874,2,1,1,8550.00000000044,-1210.300028333541,57640.95566375271,0.06399973300005968,9.094947017729282e-13,1.1368683772161603e-13,5.684341886080802e-14,8.881784197001252e-13,15,35,21,14,0.5
dual_terminal_g17,37,2025-02-07,9298.678183905498,9168.363567198265,22742.189552775642,0.0,22742.189552775642,43929.61378458301,0.0,8698.538467794111,18645.6779218881,15220.282271765871,0,0,0,8550.00000000044,-1210.3000283335336,22811.40301978695,0.08449652199999491,9.094947017729282e-13,1.1368683772161603e-13,5.684341886080802e-14,9.094947017729282e-13,16,36,21,14,0.5
dual_terminal_g17,38,2025-02-08,9168.363567198265,9336.725931897648,21836.810560286845,0.0,21836.810560286845,42222.88493814139,0.0,6944.296338591026,18683.682919232902,14982.257036349207,0,0,0,8550.000000001999,-1210.300028334288,21892.095431086876,0.06490399400001934,9.094947017729282e-13,1.1368683772161603e-13,5.684341886080802e-14,9.094947017729282e-13,17,37,21,14,0.5
dual_terminal_g17,39,2025-02-09,9336.725931897648,8983.279338365612,54840.541298810596,0.0,54840.541298810596,87022.74482716898,0.0,3456.464263789275,22784.034373115162,18773.169776402116,0,0,0,8550.000000001999,-1210.300028334288,55328.48995694422,0.06505736900010106,9.094947017729282e-13,1.1368683772161603e-13,5.684341886080802e-14,9.094947017729282e-13,18,38,21,14,0.5
dual_terminal_g17,40,2025-02-10,8983.279338365612,8911.076312339972,55219.10522294577,0.0,55219.10522294577,87781.94466641772,0.0,9705.397882710498,20078.378546299813,16328.469345925925,0,0,0,8549.999999995762,-1210.300028331344,55726.889989630254,0.06383093600004486,9.094947017729282e-13,1.1368683772161603e-13,1.1368683772161603e-13,9.094947017729282e-13,19,39,21,14,0.5
dual_terminal_g17,41,2025-02-11,8911.076312339972,8793.89489707354,54257.121509495795,0.0,54257.121509495795,86584.71307400275,0.0,7360.0284980282895,21629.214296741655,17625.12685410053,0,0,0,8549.999999998881,-1210.3000283328233,54784.82217904895,0.06650234400001409,0.0,1.1368683772161603e-13,5.684341886080802e-14,9.094947017729282e-13,20,40,21,14,0.5
dual_terminal_g17,42,2025-02-12,8793.89489707354,8903.309250375423,53535.21045284443,0.0,53535.21045284443,85599.81365979718,0.0,6058.557238255282,21979.196685457246,17704.67639724868,0,0,0,8549.999999998881,-1210.3000283328088,54099.47049181161,0.06970217299999604,9.094947017729282e-13,1.1368683772161603e-13,5.684341886080802e-14,8.988365607365267e-13,21,41,21,14,0.5
dual_terminal_g17,43,2025-02-13,8903.309250375423,8934.209000671814,53082.37234303745,0.0,53082.37234303745,84769.83694715015,0.0,9662.974415046707,19734.598632473804,15957.215117037034,0,0,0,8550.00000000044,-1210.300028333541,53626.2983426757,0.06764554500000486,9.094947017729282e-13,1.1368683772161603e-13,1.1368683772161603e-13,9.094947017729282e-13,22,42,21,14,0.5
dual_terminal_g17,44,2025-02-14,8934.209000671814,8883.657144600085,19470.428211547835,0.0,19470.428211547835,37459.439694019515,0.0,4228.661203397022,18286.701812738902,14857.72513878307,0,0,0,8550.00000000044,-1210.3000283335336,19345.29757612222,0.061353794000069684,9.094947017729282e-13,1.1368683772161603e-13,5.684341886080802e-14,9.094947017729282e-13,23,43,21,14,0.5
dual_terminal_g17,45,2025-02-15,8883.657144600085,8532.224264444974,18951.695315565303,0.0,18951.695315565303,36459.66082488859,0.0,4053.5248099016935,18117.550037507932,14991.505122521034,0,0,0,8550.000000001999,-1210.300028334288,18732.779150266808,0.059044240000048376,9.094947017729282e-13,1.1368683772161603e-13,5.684341886080802e-14,9.094947017729282e-13,24,44,21,14,0.5
dual_terminal_g17,46,2025-02-16,8532.224264444974,8627.988239096065,50428.06545467154,66.64677598190313,50494.712230653444,81379.26485651838,14.593175238094886,1510.3664945839025,23262.7624209821,18756.649983809522,2,1,1,8550.000000001999,-1210.300028334288,51023.406853093795,0.06550817699996969,1.8189894035458565e-12,1.1368683772161603e-13,5.684341886080802e-14,9.094947017729282e-13,25,45,21,14,0.5
dual_terminal_g17,47,2025-02-17,8627.988239096065,8640.079212080416,50162.32490532293,0.0,50162.32490532293,81031.91241870944,0.0,5941.353650989937,20504.28276508909,16597.587164036242,0,0,0,8549.999999995762,-1210.300028331344,50640.67211836554,0.06234690799999498,9.094947017729282e-13,1.1368683772161603e-13,1.4210854715202004e-13,9.094947017729282e-13,26,46,21,14,0.5
dual_terminal_g17,48,2025-02-18,8640.079212080416,8828.06130943274,49593.84411470041,29.091019500000336,49622.935134200416,80267.71600735807,6.394333333333407,3886.784660939645,21719.75794105971,17423.820044641274,1,1,1,8549.999999998881,-1210.3000283328233,50080.61138200003,0.06266675200004101,9.094947017729282e-13,1.1368683772161603e-13,5.684341886080802e-14,9.094947017729282e-13,27,47,21,14,0.5
dual_terminal_g17,49,2025-02-19,8828.06130943274,8424.341799213169,49163.515939294884,240.38309087499889,49403.89903016989,79568.24731707985,54.88824999999974,2719.212527154619,23094.437977839505,19069.842321247615,1,1,1,8549.999999998881,-1210.3000283328088,49491.70590515041,0.06265687299992351,1.8189894035458565e-12,1.1368683772161603e-13,5.684341886080802e-14,9.094947017729282e-13,28,48,21,14,0.5
dual_terminal_g17,50,2025-02-20,8424.341799213169,8857.943248484566,49344.531434174685,82.2869595885711,49426.81839376326,79976.8394273541,17.5676685714285,4411.179878403887,22104.48515707403,17514.391672885715,1,1,1,8550.00000000044,-1210.300028333541,49649.58872510072,0.059813685999984045,9.094947017729282e-13,1.1368683772161603e-13,8.526512829121202e-14,9.094947017729282e-13,29,49,21,14,0.5
dual_terminal_g17,51,2025-02-21,8857.943248484566,8891.68099208245,18464.83004743429,0.0,18464.83004743429,35510.13621041199,0.0,6373.535945346855,18663.022434177437,15086.684202445635,0,0,0,8550.00000000044,-1210.3000283335336,17909.95318233637,0.05306700100004491,9.094947017729282e-13,1.1368683772161603e-13,5.684341886080802e-14,9.094947017729282e-13,30,50,21,14,0.5
dual_terminal_g17,52,2025-02-22,8891.68099208245,8712.699078240094,18130.785459385144,0.0,18130.785459385144,34929.81261069944,0.0,3644.692710802473,18954.95125800927,15514.594241445637,0,0,0,8550.000000001999,-1210.300028334288,17578.822618004517,0.06271718199991483,1.8189894035458565e-12,1.1368683772161603e-13,5.684341886080802e-14,9.094947017729282e-13,31,51,21,14,0.5
dual_terminal_g17,53,2025-02-23,8712.699078240094,8630.962346369726,48105.25268086298,84.8705223904763,48190.12320325345,78100.39283317592,18.119240476190498,2354.0128241887155,22664.255920070544,18431.610353940472,1,1,1,8550.000000001999,-1210.300028334288,48404.917154345254,0.06648001799999292,4.547473508864641e-13,1.1368683772161603e-13,5.684341886080802e-14,9.094947017729282e-13,32,52,21,14,0.5
dual_terminal_g17,54,2025-02-24,8630.962346369726,8703.525861699465,47820.55565323607,232.8393364053762,48053.39498964145,77893.21528989312,50.71557363095646,5650.865432034099,21182.76132119236,17092.729506369044,3,1,2,8549.999999995762,-1210.300028331344,48123.88767375233,0.05916743899990706,0.0,1.1368683772161603e-13,1.1368683772161603e-13,9.094947017729282e-13,33,53,21,14,0.5
dual_terminal_g17,55,2025-02-25,8703.525861699465,8703.088009414229,47562.03658967334,250.73282725595203,47812.769416929295,77382.154746094,56.10596428571421,7768.972517110513,20254.521194697772,16406.556234761905,2,1,2,8549.999999998881,-1210.3000283328233,47920.32558135271,0.06011535599998297,4.547473508864641e-13,1.1368683772161603e-13,1.1368683772161603e-13,9.094947017729282e-13,34,54,21,14,0.5
dual_terminal_g17,56,2025-02-26,8703.088009414229,8763.436179940678,46949.065499870456,0.0,46949.065499870456,76441.77742799235,0.0,3469.007600379188,21597.939162136972,17440.017367857145,0,0,0,8549.999999998881,-1210.3000283328088,47369.88332380999,0.05962096600001132,4.547473508864641e-13,1.1368683772161603e-13,5.684341886080802e-14,9.094947017729282e-13,35,55,21,14,0.5
dual_terminal_g17,57,2025-02-27,8763.436179940678,8851.480604339067,46485.256158425575,772.2162169359899,47257.47237536156,75799.40555623922,156.7593945214287,4572.553047128156,22883.093271968224,18456.065568335714,3,1,1,8550.00000000044,-1210.300028333541,46892.1898701625,0.061156623999977455,4.547473508864641e-13,1.1368683772161603e-13,1.1368683772161603e-13,9.094947017729282e-13,36,56,21,14,0.5
dual_terminal_g17,58,2025-02-28,8851.480604339067,8916.61529519574,17945.17957592367,0.0,17945.17957592367,34661.19360561567,0.0,7751.985303559673,18726.281738342113,15109.666986286113,0,0,0,8549.999999997322,-1210.3000283320548,17412.970151477475,0.0529390169999715,9.094947017729282e-13,1.1368683772161603e-13,5.684341886080802e-14,9.094947017729282e-13,37,57,21,14,0.5
dual_terminal_g17,59,2025-03-01,8916.61529519574,8965.87582891999,17844.499681558074,0.0,17844.499681558074,34405.74722004034,0.0,7282.2617472104685,18002.026627077466,14537.307087580928,0,0,0,8550.000000001999,-1210.3000283343026,17275.535956251184,0.05195958500007691,1.8189894035458565e-12,1.1368683772161603e-13,5.684341886080802e-14,9.094947017729282e-13,38,58,21,14,0.5
dual_terminal_g17,60,2025-03-02,8965.87582891999,8546.801634539037,45886.41726621654,17657.979381903962,63544.3966481205,74817.36845277484,2628.546546645234,1512.9152865667259,20799.260111208117,17224.56746502143,12,1,2,8550.000000001999,-1210.300028334288,46537.44484184666,0.06088637200002722,9.094947017729282e-13,1.1368683772161603e-13,4.263256414560601e-14,9.094947017729282e-13,39,59,21,14,0.5
dual_terminal_g17,61,2025-03-03,8546.801634539037,8587.873873650147,46673.87783789038,9527.66019661456,56201.53803450494,76251.59973094615,1565.2035218142892,1326.3215436890036,23349.31610809524,18875.981032357136,12,1,3,8550.000000001999,-1210.300028334288,47996.32538016082,0.06128478300001916,1.8189894035458565e-12,1.1368683772161603e-13,5.684341886080802e-14,9.094947017729282e-13,40,60,21,14,0.5
dual_terminal_g17,62,2025-03-04,8587.873873650147,8736.523286459196,48012.56147085753,0.0,48012.56147085753,78008.5910307843,0.0,4541.334159077018,21757.970878135857,17490.1719397619,0,0,0,8549.999999998881,-1210.300028332816,49433.87213992869,0.06204181000009612,9.094947017729282e-13,1.1368683772161603e-13,1.1368683772161603e-13,9.094947017729282e-13,41,61,21,14,0.5
dual_terminal_g17,63,2025-03-05,8736.523286459196,8832.175354739626,48631.616318326705,0.0,48631.616318326705,78883.52642196394,0.0,8943.151672310403,19599.03090281305,15789.128169826194,0,0,0,8549.999999998881,-1210.300028332816,50040.248285733716,0.060746291999976165,9.094947017729282e-13,1.1368683772161603e-13,1.1368683772161603e-13,9.094947017729282e-13,42,62,21,14,0.5
dual_terminal_g17,64,2025-03-06,8832.175354739626,8886.983772164464,48243.81640621084,0.0,48243.81640621084,78164.5841784247,0.0,8486.214313592001,19412.569241142235,15674.853509642857,0,0,0,8550.00000000044,-1210.3000283335373,49735.58143311137,0.061386083000002145,4.547473508864641e-13,1.1368683772161603e-13,1.1368683772161603e-13,9.094947017729282e-13,43,63,21,14,0.5
dual_terminal_g17,65,2025-03-07,8886.983772164464,9136.877327068747,17718.830020001053,0.0,17718.830020001053,34152.15769909662,0.0,9722.588179620374,17275.683088047677,13768.399101904763,0,0,0,8549.999999997322,-1210.3000283320548,18049.55820047669,0.05874732799998128,9.094947017729282e-13,1.1368683772161603e-13,5.684341886080802e-14,8.526512829121202e-13,44,64,21,14,0.5
dual_terminal_g17,66,2025-03-08,9136.877327068747,9129.00685829829,17359.65529021498,0.0,17359.65529021498,33254.64926421177,0.0,10755.77205210758,18120.111143847018,14684.373448409495,0,0,0,8550.000000001999,-1210.3000283343026,17510.009789532873,0.05692399800000203,4.547473508864641e-13,1.1368683772161603e-13,5.684341886080802e-14,9.094947017729282e-13,45,65,21,14,0.5
dual_terminal_g17,67,2025-03-09,9129.00685829829,8868.838989081363,46837.50618081709,0.0,46837.50618081709,76121.3175991041,0.0,9293.487378450911,19623.453962886546,16129.148792233336,0,0,0,8550.000000001999,-1210.300028334288,48208.309674777964,0.06519127800004298,9.094947017729282e-13,1.1368683772161603e-13,1.1368683772161603e-13,9.094947017729282e-13,46,66,21,14,0.5
dual_terminal_g17,68,2025-03-10,8868.838989081363,8890.763206599884,45831.67297512051,0.0,45831.67297512051,74862.60477456418,0.0,2718.2645264609037,21487.036854403297,17384.7680563,0,0,0,8550.000000001999,-1210.300028334288,47171.563139271704,0.07122870199998488,9.094947017729282e-13,1.1368683772161603e-13,5.684341886080802e-14,9.094947017729282e-13,47,67,21,14,0.5
dual_terminal_g17,69,2025-03-11,8890.763206599884,9022.150313617933,45554.448397419736,0.0,45554.448397419736,74767.2836894473,0.0,6843.654944150506,20349.79762621346,16365.087680916662,0,0,0,8549.999999998881,-1210.300028332816,46944.74358937387,0.07668070700003682,9.094947017729282e-13,1.1368683772161603e-13,1.1368683772161603e-13,9.094947017729282e-13,48,68,21,14,0.5
dual_terminal_g17,70,2025-03-12,9022.150313617933,8875.676464369246,45016.71387595541,0.0,45016.71387595541,73827.04930318342,0.0,7732.988753054084,19949.222795367423,16290.696928571426,0,0,0,8549.999999998881,-1210.300028332816,46423.39644115731,0.06541307400004825,1.8189894035458565e-12,1.1368683772161603e-13,5.684341886080802e-14,9.094947017729282e-13,49,69,21,14,0.5
dual_terminal_g17,71,2025-03-13,8875.676464369246,8710.816522148589,44356.14256104733,545.2107484178497,44901.35330946518,72774.29032626569,79.14805904761795,1315.351882295704,21793.907549208085,17801.439062857142,2,1,1,8550.00000000044,-1210.3000283335373,45734.295378644514,0.06555905799996253,4.547473508864641e-13,1.1368683772161603e-13,1.1368683772161603e-13,9.094947017729282e-13,50,70,21,14,0.5
dual_terminal_g17,72,2025-03-14,8710.816522148589,9198.42495405817,16782.305842307294,0.0,16782.305842307294,32416.385568634716,0.0,12397.034403383303,18689.88206947086,14699.956887552777,0,0,0,8549.999999997322,-1210.3000283320548,16390.276640755572,0.05605769099997815,9.094947017729282e-13,1.1368683772161603e-13,5.684341886080802e-14,9.023892744153272e-13,51,71,21,14,0.5
dual_terminal_g17,73,2025-03-15,9198.42495405817,8717.847608610466,16442.87706794333,0.0,16442.87706794333,31589.452215159385,0.0,7506.087389955901,18903.996242665366,15744.756567461876,0,0,0,8550.000000001999,-1210.3000283343026,15920.40492997237,0.056408192000048984,9.094947017729282e-13,1.1368683772161603e-13,5.684341886080802e-14,8.810729923425242e-13,52,72,21,14,0.5
dual_terminal_g17,74,2025-03-16,8717.847608610466,9209.600119716288,44256.472481377175,7.461180000000455,44263.933661377174,72828.24245090534,1.6400000000001,5100.163124905938,20716.29017195179,16337.617779285712,1,1,1,8550.000000001999,-1210.300028334288,45354.362800364965,0.06420250799999394,2.2737367544323206e-13,1.1368683772161603e-13,1.1368683772161603e-13,9.094947017729282e-13,53,73,21,14,0.5
dual_terminal_g17,75,2025-03-17,9209.600119716288,9095.33782081417,43872.05572312865,0.0,43872.05572312865,72236.80800661963,0.0,10977.728379429751,18440.969804570836,15040.021610714286,0,0,0,8550.000000001999,-1210.300028334288,45013.89739758344,0.06331590899992534,9.094947017729282e-13,1.1368683772161603e-13,1.1368683772161603e-13,9.094947017729282e-13,54,74,21,14,0.5
dual_terminal_g17,76,2025-03-18,9095.33782081417,9027.161516202585,42788.10249143248,468.5760981404554,43256.67858957293,70744.91436411176,97.25959159047295,5732.343642101706,21290.687479391003,17306.815532457145,4,1,1,8549.999999998881,-1210.300028332816,43966.30977667274,0.0645278890000327,9.094947017729282e-13,1.1368683772161603e-13,1.1368683772161603e-13,9.094947017729282e-13,55,75,21,14,0.5
dual_terminal_g17,77,2025-03-19,9027.161516202585,9135.467340046502,42873.72173003247,0.0,42873.72173003247,70767.23814176366,0.0,7258.828215226347,20765.60123725161,16722.661760714283,0,0,0,8549.999999998881,-1210.300028332816,44052.76764249348,0.06363387200008219,9.094947017729282e-13,1.1368683772161603e-13,1.1368683772161603e-13,9.094947017729282e-13,56,76,21,14,0.5
dual_terminal_g17,78,2025-03-20,9135.467340046502,8794.55829089462,42498.85007925494,0.0,42498.85007925494,69947.04241278538,0.0,4158.437496387422,20455.059178778913,16875.416079047616,0,0,0,8550.00000000044,-1210.3000283335373,43653.42163481613,0.06300547199998618,9.094947017729282e-13,1.1368683772161603e-13,5.684341886080802e-14,9.094947017729282e-13,57,77,21,14,0.5
dual_terminal_g17,79,2025-03-21,8794.55829089462,8905.97149185711,16021.582715056269,0.0,16021.582715056269,31093.191431049003,0.0,15378.273876737208,18848.321877783623,15166.868840138493,0,0,0,8549.999999997322,-1210.3000283320548,15533.328643438934,0.051581687999942005,9.094947017729282e-13,1.1368683772161603e-13,5.684341886080802e-14,8.810729923425242e-13,58,78,21,14,0.5
dual_terminal_g17,80,2025-03-22,8905.97149185711,9358.19854697025,16090.287079270494,0.0,16090.287079270494,31120.67525375939,0.0,11211.715547695467,19056.60854278294,15028.848570052352,0,0,0,8550.000000001999,-1210.3000283343026,15587.088478559563,0.05330200599996715,9.094947017729282e-13,1.1368683772161603e-13,5.684341886080802e-14,9.094947017729282e-13,59,79,21,14,0.5
dual_terminal_g17,81,2025-03-23,9358.19854697025,8875.348064028456,40513.69957012387,0.0,40513.69957012387,66884.39706611993,0.0,4643.269800579072,20557.750439588475,17086.34329071428,0,0,0,8550.000000001999,-1210.300028334288,41629.338342642906,0.06341484699999,9.094947017729282e-13,1.1368683772161603e-13,5.684341886080802e-14,9.094947017729282e-13,60,80,21,14,0.5
dual_terminal_g17,82,2025-03-24,8875.348064028456,9124.785511361792,40307.52287805733,0.0,40307.52287805733,66718.90622355085,0.0,4475.237426796002,21161.463214850086,16916.291501428568,0,0,0,8550.000000001999,-1210.300028334288,41098.867126364,0.06200873199998114,2.2737367544323206e-13,1.1368683772161603e-13,1.1368683772161603e-13,9.094947017729282e-13,61,81,21,14,0.5
dual_terminal_g17,83,2025-03-25,9124.785511361792,8717.022840795178,39882.11197476556,0.0,39882.11197476556,66083.83244307707,0.0,1486.850995279246,21125.490182321635,17478.633451190475,0,0,0,8549.999999998881,-1210.300028332816,40621.910870181375,0.06452345200000309,9.094947017729282e-13,1.1368683772161603e-13,5.684341886080802e-14,9.094947017729282e-13,62,82,21,14,0.5
dual_terminal_g17,84,2025-03-26,8717.022840795178,8858.098366057084,40331.20838475032,0.0,40331.20838475032,67048.05682227807,0.0,7508.260767380957,20106.70113418283,16159.45994595238,0,0,0,8549.999999998881,-1210.300028332816,41058.184395417644,0.07675582799993208,9.094947017729282e-13,1.1368683772161603e-13,1.1368683772161603e-13,8.402167850363185e-13,63,83,21,14,0.5
dual_terminal_g17,85,2025-03-27,8858.098366057084,8883.473144722664,39962.06770304313,0.0,39962.06770304313,66276.6894332557,0.0,3615.0231829835434,20641.260786700725,16696.583936428568,0,0,0,8550.00000000044,-1210.3000283335373,40663.40232329362,0.06371427800002039,4.547473508864641e-13,1.1368683772161603e-13,5.684341886080802e-14,9.094947017729282e-13,64,84,21,14,0.5
dual_terminal_g17,86,2025-03-28,8883.473144722664,9047.363370084624,15442.558923066186,0.0,15442.558923066186,30339.074126651387,0.0,15789.346319647264,18843.925460587852,15116.078420250398,0,0,0,8549.999999997322,-1210.3000283320548,14941.481014015275,0.05214063500000066,1.8189894035458565e-12,1.1368683772161603e-13,5.684341886080802e-14,8.739675649849232e-13,65,85,21,14,0.5
dual_terminal_g17,87,2025-03-29,9047.363370084624,9034.208921203059,15444.939386875467,0.0,15444.939386875467,30386.633123354623,0.0,19167.50012959282,18546.120075904662,15034.196265476192,0,0,0,8550.000000001999,-1210.3000283343026,14967.148726120744,0.05218425100008517,2.2737367544323206e-13,1.1368683772161603e-13,5.684341886080802e-14,8.526512829121202e-13,66,86,21,14,0.5
dual_terminal_g17,88,2025-03-30,9034.208921203059,9011.477624250678,38623.76330053747,0.0,38623.76330053747,64191.359338283364,0.0,4971.515802122287,20498.326333780125,16624.102497619046,0,0,0,8550.000000001999,-1210.300028334288,39228.87975693676,0.06560342800003127,9.094947017729282e-13,1.1368683772161603e-13,1.1368683772161603e-13,8.881784197001252e-13,67,87,21,14,0.5
dual_terminal_g17,89,2025-03-31,9011.477624250678,8834.676332494804,38200.07846962621,0.0,38200.07846962621,63582.86514096496,0.0,3074.7978709611934,19556.836575003766,16000.158788333329,0,0,0,8550.000000008033,-1210.3000283371648,38873.700449414035,0.06482725000000755,9.094947017729282e-13,1.1368683772161603e-13,5.684341886080802e-14,9.094947017729282e-13,68,88,21,14,0.5
dual_terminal_g17,90,2025-04-01,8834.676332494804,8655.553516759404,36870.99558160868,15376.682289276088,52247.67787088477,61516.62794966993,2271.7162828852515,214.44047433333208,18559.277766931853,15194.22552537666,8,1,1,8550.000000001999,-1210.3000283342953,37418.213701145665,0.06106767899996157,0.0,1.1368683772161603e-13,5.684341886080802e-14,8.597567102697212e-13,69,89,21,14,0.5
dual_terminal_g17,91,2025-04-02,8655.553516759404,8695.44577000215,37292.65687061493,12167.68413131611,49460.34100193104,62562.339695705916,2358.013354534766,461.04909332010413,20989.818573695346,16965.85001677476,14,1,1,8550.000000008236,-1210.300028337239,38102.899376244815,0.06075234999991608,9.094947017729282e-13,1.1368683772161603e-13,5.684341886080802e-14,9.094947017729282e-13,70,90,21,14,0.5
dual_terminal_g17,92,2025-04-03,8695.44577000215,9016.189249670277,39237.963245182145,1606.3312142448347,40844.29445942698,65920.10945993959,314.98032776190615,6004.185635019687,21466.867127967525,17099.493241952383,4,1,1,8550.00000000044,-1210.300028333541,40611.12600340354,0.060899246999952084,2.2737367544323206e-13,1.1368683772161603e-13,1.1368683772161603e-13,9.094947017729282e-13,71,91,21,14,0.5
dual_terminal_g17,93,2025-04-04,9016.189249670277,8974.65710556154,14533.679382792678,0.0,14533.679382792678,28741.97209797343,0.0,18739.141261704477,18996.881662983244,15424.853076714291,0,0,0,8549.999999997524,-1210.3000283321471,14005.847997119132,0.052061223000009704,9.094947017729282e-13,1.1368683772161603e-13,5.684341886080802e-14,9.094947017729282e-13,72,92,21,14,0.5
dual_terminal_g17,94,2025-04-05,8974.65710556154,9061.625940711367,15223.373246606356,0.0,15223.373246606356,30006.609306823226,0.0,14398.094559292467,18348.041118750436,14783.641354553009,0,0,0,8549.999999995762,-1210.300028331344,14660.332741626793,0.04973569799994948,9.094947017729282e-13,1.1368683772161603e-13,5.684341886080802e-14,8.526512829121202e-13,73,93,21,14,0.5
dual_terminal_g17,95,2025-04-06,9061.625940711367,9011.666450600884,37922.827156366395,0.0,37922.827156366395,63479.63473044307,0.0,5257.5078302457205,20300.0746033164,16488.023969785718,0,0,0,8550.000000005117,-1210.3000283357524,39151.03823336919,0.05961997200006408,9.094947017729282e-13,1.1368683772161603e-13,1.1368683772161603e-13,9.094947017729282e-13,74,94,21,14,0.5
dual_terminal_g17,96,2025-04-07,9011.666450600884,9010.442681301949,37155.2124727423,0.0,37155.2124727423,62350.00722640152,0.0,5344.461063948259,19810.148797310412,16047.321918190479,0,0,0,8550.000000008033,-1210.3000283371648,38240.97093871764,0.06041925700003503,4.547473508864641e-13,1.1368683772161603e-13,5.684341886080802e-14,8.881784197001252e-13,75,95,21,14,0.5
dual_terminal_g17,97,2025-04-08,9010.442681301949,8555.537130427925,37269.09027388102,1909.4974772654941,39178.587751146515,62736.45504200857,316.46423512523825,5133.972307539092,20921.938677445673,17356.185324517624,9,1,4,8550.000000001999,-1210.3000283342953,38195.114173454334,0.06207047499992768,4.547473508864641e-13,1.1368683772161603e-13,1.1368683772161603e-13,9.094947017729282e-13,76,96,21,14,0.5
dual_terminal_g17,98,2025-04-09,8555.537130427925,8608.625075698978,37012.44756222069,7774.576051842747,44787.02361406344,62386.9604199593,1146.5147720276211,451.3635396578528,20526.428867991934,16578.628232329524,6,1,1,8550.000000008236,-1210.300028337239,37882.036463482946,0.0603496640000003,4.547473508864641e-13,1.1368683772161603e-13,5.684341886080802e-14,8.988365607365267e-13,77,97,21,14,0.5
dual_terminal_g17,99,2025-04-10,8608.625075698978,8945.422013568961,38481.660421829176,0.0,38481.660421829176,64719.59984214054,0.0,5947.111304608356,21098.596807627426,16786.74617009524,0,0,0,8550.00000000044,-1210.300028333541,39504.047971993416,0.06419442200001413,4.547473508864641e-13,1.1368683772161603e-13,1.1368683772161603e-13,9.094947017729282e-13,78,98,21,14,0.5
dual_terminal_g17,100,2025-04-11,8945.422013568961,8846.766702291701,14390.933206454647,0.0,14390.933206454647,28697.620341451846,0.0,19923.244204907103,18665.872368566335,15208.146398688259,0,0,0,8549.999999997524,-1210.3000283321471,13888.378754566702,0.04986861800000497,4.547473508864641e-13,1.1368683772161603e-13,5.684341886080802e-14,9.094947017729282e-13,79,99,21,14,0.5
dual_terminal_g17,101,2025-04-12,8846.766702291701,9343.156984555288,15135.529558410348,0.0,15135.529558410348,29982.69137009942,0.0,17121.487747820396,17838.377990746318,14002.334918467292,0,0,0,8549.999999995762,-1210.300028331344,14652.382574288411,0.06680470599997079,9.094947017729282e-13,1.1368683772161603e-13,5.684341886080802e-14,9.094947017729282e-13,80,100,21,14,0.5
dual_terminal_g17,102,2025-04-13,9343.156984555288,9137.405591366229,37432.40593074947,0.0,37432.40593074947,63024.23475662002,0.0,5122.4459707622,20055.823981024496,16430.393678500004,0,0,0,8550.000000005117,-1210.3000283357524,38249.45370993642,0.061307731999932,4.547473508864641e-13,1.1368683772161603e-13,5.684341886080802e-14,9.094947017729282e-13,81,101,21,14,0.5
dual_terminal_g17,103,2025-04-14,9137.405591366229,8679.842767673907,36702.779191487265,0.0,36702.779191487265,61913.63847075807,0.0,6037.847087147557,19787.190131229574,16439.43054761905,0,0,0,8550.000000008033,-1210.3000283371648,37550.46783289068,0.061345089999917946,9.094947017729282e-13,1.1368683772161603e-13,5.684341886080802e-14,9.094947017729282e-13,82,102,21,14,0.5
dual_terminal_g17,104,2025-04-15,8679.842767673907,8916.091639806233,37138.08080509807,0.0,37138.08080509807,62720.580314402454,0.0,8733.462931088765,19131.91876348036,15284.230213499997,0,0,0,8550.000000001999,-1210.3000283342953,38012.62627984032,0.06237273900001128,1.8189894035458565e-12,1.1368683772161603e-13,1.1368683772161603e-13,9.094947017729282e-13,83,103,21,14,0.5
dual_terminal_g17,105,2025-04-16,8916.091639806233,8725.441473101888,35907.10301281203,0.0,35907.10301281203,60580.86433097283,0.0,1195.7414985825844,19879.558065390243,16274.027182999998,0,0,0,8550.000000008236,-1210.300028337239,36785.01381165996,0.06257237599993459,9.094947017729282e-13,1.1368683772161603e-13,5.684341886080802e-14,9.094947017729282e-13,84,104,21,14,0.5
dual_terminal_g17,106,2025-04-17,8725.441473101888,9127.175948596736,37152.42464084989,0.0,37152.42464084989,62667.903532086275,0.0,5651.349784231341,19929.7387889978,15781.527391142858,0,0,0,8550.00000000044,-1210.300028333541,37773.25182361057,0.06318584100006319,9.094947017729282e-13,1.1368683772161603e-13,1.1368683772161603e-13,9.094947017729282e-13,85,105,21,14,0.5
dual_terminal_g17,107,2025-04-18,9127.175948596736,9184.40053890837,13973.339799930289,0.0,13973.339799930289,28062.34026866495,0.0,18117.511222948557,18627.419637382023,15036.707774998966,0,0,0,8549.999999997524,-1210.3000283321471,13430.925219952851,0.05088873399995464,9.094947017729282e-13,1.1368683772161603e-13,5.684341886080802e-14,9.094947017729282e-13,86,106,21,14,0.5
dual_terminal_g17,108,2025-04-19,9184.40053890837,9325.512068532795,14416.909974289782,0.0,14416.909974289782,28797.982922977757,0.0,18407.292392413572,18310.58370474838,14704.5724241842,0,0,0,8549.999999995762,-1210.300028331344,13873.709968061223,0.052625522999960594,4.547473508864641e-13,1.1368683772161603e-13,5.684341886080802e-14,9.094947017729282e-13,87,107,21,14,0.5
dual_terminal_g17,109,2025-04-20,9325.512068532795,9367.733914455117,36523.99559493338,0.0,36523.99559493338,61542.96648220234,0.0,5804.717294202232,19697.392859666776,15916.888555000001,0,0,0,8550.000000005117,-1210.3000283357524,37095.86739156302,0.06541715000003023,2.2737367544323206e-13,1.1368683772161603e-13,5.684341886080802e-14,9.094947017729282e-13,88,108,21,14,0.5
dual_terminal_g17,110,2025-04-21,9367.733914455117,8667.740827456182,35684.91514241963,0.0,35684.91514241963,60348.655933609945,0.0,9045.419756250745,17980.629328025865,15194.303534,0,0,0,8550.000000008033,-1210.3000283371648,36199.622898093934,0.06557397099993523,9.094947017729282e-13,1.1368683772161603e-13,1.1368683772161603e-13,9.094947017729282e-13,89,109,21,14,0.5
dual_terminal_g17,111,2025-04-22,8667.740827456182,8933.156523992742,35994.57827767392,0.0,35994.57827767392,60753.877863534435,0.0,4683.748232119337,19359.61151508177,15442.411200333334,0,0,0,8550.000000001999,-1210.3000283342953,36525.5196302423,0.0662974409999606,9.094947017729282e-13,1.1368683772161603e-13,1.1368683772161603e-13,9.094947017729282e-13,90,110,21,14,0.5
dual_terminal_g17,112,2025-04-23,8933.156523992742,8971.187070111942,35152.67131011233,0.0,35152.67131011233,59491.220724006926,0.0,4517.462839907416,18629.545662766184,15055.704495333332,0,0,0,8550.000000008236,-1210.300028337239,35516.998769129015,0.06349726899998132,0.0,1.1368683772161603e-13,5.684341886080802e-14,9.094947017729282e-13,91,111,21,14,0.5
dual_terminal_g17,113,2025-04-24,8971.187070111942,9062.419775996737,35444.668253730575,0.0,35444.668253730575,59790.797124386394,0.0,9145.76530092593,18277.977306127133,14723.052182666666,0,0,0,8550.00000000044,-1210.300028333541,35767.05704552423,0.06344045900004858,4.547473508864641e-13,1.1368683772161603e-13,5.684341886080802e-14,9.094947017729282e-13,92,112,21,14,0.5
dual_terminal_g17,114,2025-04-25,9062.419775996737,8909.909039867898,13296.286837806087,0.0,13296.286837806087,27158.810957933518,0.0,21848.216176615224,18144.719967548688,14834.482836230396,0,0,0,8549.999999997524,-1210.3000283321471,12677.952411392223,0.05421534399999928,2.2737367544323206e-13,1.1368683772161603e-13,5.684341886080802e-14,8.810729923425242e-13,93,113,21,14,0.5
dual_terminal_g17,115,2025-04-26,8909.909039867898,9166.667272686507,13809.661519506335,0.0,13809.661519506335,28060.192982447516,0.0,24321.437680518524,18091.996100310098,14423.434431714442,0,0,0,8549.999999995762,-1210.300028331344,13191.190303229669,0.05226955800003452,9.094947017729282e-13,1.1368683772161603e-13,5.684341886080802e-14,9.094947017729282e-13,94,114,21,14,0.5
dual_terminal_g17,116,2025-04-27,9166.667272686507,8771.889082753265,34078.767632951145,1584.879409871247,35663.64704282239,57506.009407083446,227.19028237833243,5826.928618148139,19411.05399431698,16078.254106336673,1,1,1,8550.000000005117,-1210.3000283357524,34299.42200727076,0.06351556899994648,1.8189894035458565e-12,1.1368683772161603e-13,1.1368683772161603e-13,8.810729923425242e-13,95,115,21,14,0.5
dual_terminal_g17,117,2025-04-28,8771.889082753265,8690.094344258034,33747.77327113854,23340.1066872078,57087.87995834634,56800.22942507936,3461.648763103337,581.3570658888884,16485.100369857148,13426.546564229997,12,1,1,8550.000000008033,-1210.3000283371648,34058.16557047331,0.07805912699996043,9.094947017729282e-13,1.1368683772161603e-13,5.684341886080802e-14,9.094947017729282e-13,96,116,21,14,0.5
dual_terminal_g17,118,2025-04-29,8690.094344258034,8936.582722274225,35451.45458186198,0.0,35451.45458186198,59900.97944753239,0.0,8876.874569290128,17731.85063874226,14140.959477166667,0,0,0,8550.000000001999,-1210.3000283342953,36329.5216811916,0.06115388399996391,0.0,1.1368683772161603e-13,1.1368683772161603e-13,8.979483823168266e-13,97,117,21,14,0.5
dual_terminal_g17,119,2025-04-30,8936.582722274225,8643.698896032896,35314.9210957794,0.0,35314.9210957794,59860.8114113409,0.0,8549.351127810702,17464.217335863537,14409.611485666666,0,0,0,8550.000000005117,-1210.300028335767,36215.32451966268,0.06389429299997573,9.094947017729282e-13,1.1368683772161603e-13,1.1368683772161603e-13,9.094947017729282e-13,98,118,21,14,0.5
dual_terminal_g17,120,2025-05-01,8643.698896032896,6973.560542288516,35371.36001607139,9431.126226144332,44802.486242215724,59424.05246614204,1450.1928711666665,8043.876575991774,17484.813050983605,15665.823089666666,10,1,1,7414.898480255183,-667.5818207784914,36875.31723962724,0.06314346400006343,1.8189894035458565e-12,1.1368683772161603e-13,1.1368683772161603e-13,9.094947017729282e-13,99,119,21,14,0.5
dual_terminal_g17,121,2025-05-02,6973.560542288516,6642.688506646597,13988.782372831243,9348.969912222183,23337.752285053426,28119.160876502396,1492.3508903399984,12415.406952203703,16860.89243885836,13955.107707553,10,1,2,7005.948487555857,-474.5417929743958,14620.489728886767,0.04915343099992242,1.8189894035458565e-12,1.1368683772161603e-13,5.684341886080802e-14,9.094947017729282e-13,100,120,21,14,0.5
dual_terminal_g17,122,2025-05-03,6642.688506646597,8492.160957595761,15644.04494635333,3950.530952031738,19594.57589838507,31356.90242118002,707.3052259999981,18069.329172938273,18227.271675723685,13099.564851481937,8,1,1,8549.999999995762,-1210.300028331344,15767.875310384792,0.04993359300010525,9.094947017729282e-13,1.1368683772161603e-13,5.684341886080802e-14,8.526512829121202e-13,101,121,21,14,0.5
dual_terminal_g17,123,2025-05-04,8492.160957595761,8471.127979753848,37648.96470149014,2465.196458859744,40114.16116034989,63189.50851862421,410.3316403333324,8613.79514284156,17212.144014949317,13960.766332166668,8,1,1,8550.000000001999,-1210.300028334288,39386.412024919366,0.0599103729999797,9.094947017729282e-13,1.1368683772161603e-13,5.684341886080802e-14,9.094947017729282e-13,102,122,21,14,0.5
dual_terminal_g17,124,2025-05-05,8471.127979753848,8601.1418708057,38296.46416475561,2531.9594098973544,40828.42357465297,64254.25577083745,363.2698364866651,5526.84531934157,20514.005189662552,16499.331701680003,2,1,1,8550.000000001999,-1210.300028334288,39853.24191307888,0.05945998400000008,9.094947017729282e-13,1.1368683772161603e-13,5.684341886080802e-14,8.810729923425242e-13,103,123,21,14,0.5
dual_terminal_g17,125,2025-05-06,8601.1418708057,8334.204609155118,37698.366661205146,246.98444505204316,37945.35110625719,62787.78125286559,44.84813860000161,6433.768036569954,19836.96065112898,16308.181662899999,3,1,2,8550.000000005117,-1210.3000283357596,39249.15615783133,0.05851268100002471,1.8189894035458565e-12,1.1368683772161603e-13,5.684341886080802e-14,9.094947017729282e-13,104,124,21,14,0.5
dual_terminal_g17,126,2025-05-07,8334.204609155118,8653.85455349771,38319.152971061245,4434.397767735095,42753.55073879634,64210.32781880452,643.0328204941699,5720.117944995887,19882.693654707815,15817.296910405004,2,1,1,8550.000000005117,-1210.300028335767,39793.16228186991,0.058306983000079526,0.0,1.1368683772161603e-13,1.1368683772161603e-13,9.094947017729282e-13,105,125,21,14,0.5
dual_terminal_g17,127,2025-05-08,8653.85455349771,7720.578103410741,38314.270704333714,243.2289326250005,38557.49963695872,62688.79419387455,35.999250000000075,4318.33172865226,17999.463791055623,15419.514475833332,1,1,1,7414.898480255183,-667.5818207784914,40325.13921381804,0.05956922099994699,2.2737367544323206e-13,1.1368683772161603e-13,5.684341886080802e-14,9.094947017729282e-13,106,126,21,14,0.5
dual_terminal_g17,128,2025-05-09,7720.578103410741,7685.738298552153,15655.48901662793,0.0,15655.48901662793,29539.938571492396,0.0,17824.662133069964,17090.770593658766,13874.880005236333,0,0,0,7005.948487555857,-474.5417929743958,16478.99924359012,0.0511670350000486,9.094947017729282e-13,1.1368683772161603e-13,5.684341886080802e-14,7.958078640513122e-13,107,127,21,14,0.5
dual_terminal_g17,129,2025-05-10,7685.738298552153,9199.159904712431,16865.52282047657,0.0,16865.52282047657,32026.888343131686,0.0,15074.773925804528,18257.840465524096,13426.771331530268,0,0,0,8549.999999995762,-1210.300028331344,16887.211444726323,0.05084393699996781,9.094947017729282e-13,1.1368683772161603e-13,5.684341886080802e-14,8.322231792590173e-13,108,128,21,14,0.5
dual_terminal_g17,130,2025-05-11,9199.159904712431,8958.85706452237,39313.93325318835,277.36103945833383,39591.29429264668,65178.235274041894,41.18071666666674,6498.598374707814,18173.74257283409,14937.004040166668,2,1,1,8550.000000001999,-1210.300028334288,40645.46554460474,0.06197795599996425,2.2737367544323206e-13,1.1368683772161603e-13,5.684341886080802e-14,9.094947017729282e-13,109,129,21,14,0.5
dual_terminal_g17,131,2025-05-12,8958.85706452237,9340.695238568665,39790.28542098861,0.0,39790.28542098861,66042.50663771192,0.0,10632.838034666665,16499.047437211935,13020.5740675,0,0,0,8550.000000001999,-1210.300028334288,41099.53060952545,0.06516042099997321,0.0,1.1368683772161603e-13,5.684341886080802e-14,8.846257060213247e-13,110,130,21,14,0.5
dual_terminal_g17,132,2025-05-13,9340.695238568665,9152.30700794771,39093.36114975689,0.0,39093.36114975689,64691.53564792939,0.0,8310.785227409473,18005.721375853253,14754.183722,0,0,0,8550.000000005117,-1210.3000283357596,40291.19028064897,0.05998694400000204,0.0,1.1368683772161603e-13,5.684341886080802e-14,9.094947017729282e-13,111,131,21,14,0.5
dual_terminal_g17,133,2025-05-14,9152.30700794771,9317.019301212524,39424.136506977025,0.0,39424.136506977025,65341.8794715,0.0,8785.955187318936,17860.70756268107,14318.932061833331,0,0,0,8550.000000005117,-1210.300028335767,40640.15349640285,0.0829546229999778,0.0,1.1368683772161603e-13,5.684341886080802e-14,9.094947017729282e-13,112,132,21,14,0.5
dual_terminal_g17,134,2025-05-15,9317.019301212524,8683.557504310738,38709.502308339885,0.0,38709.502308339885,63197.66970665234,0.0,7745.697493193419,17142.26077545892,14455.346845333332,0,0,0,7414.898480255183,-667.5818207784914,40555.70464384958,0.060994496000034815,2.2737367544323206e-13,1.1368683772161603e-13,1.1368683772161603e-13,9.094947017729282e-13,113,133,21,14,0.5
dual_terminal_g17,135,2025-05-16,8683.557504310738,7759.895580261411,15261.016798180644,0.0,15261.016798180644,28383.117870682392,0.0,23412.103560382715,16246.334255846014,13990.826478879664,0,0,0,7005.948487555857,-474.5417929743958,15933.78044873734,0.05145352600004571,9.094947017729282e-13,1.1368683772161603e-13,5.684341886080802e-14,9.094947017729282e-13,114,134,21,14,0.5
dual_terminal_g17,136,2025-05-17,7759.895580261411,9405.785726955022,16902.165246468394,0.0,16902.165246468394,31905.267964926687,0.0,16504.54630456173,18266.42865793356,13314.506080901936,0,0,0,8549.999999995762,-1210.300028331344,16848.135055653987,0.05296255000007477,9.094947017729282e-13,1.1368683772161603e-13,5.684341886080802e-14,9.094947017729282e-13,115,135,21,14,0.5
dual_terminal_g17,137,2025-05-18,9405.785726955022,9594.985960714963,39379.92764947833,35.318698333333415,39415.24634781167,64869.7977759349,5.236666666666679,7591.050229123461,18092.29422681145,14484.47811333333,1,1,1,8550.000000001999,-1210.300028334288,40505.5162466607,0.061916127000017696,0.0,1.1368683772161603e-13,5.684341886080802e-14,8.980594046192891e-13,116,136,21,14,0.5
dual_terminal_g17,138,2025-05-19,9594.985960714963,9303.957329263108,39064.04840707861,451.90398166666745,39515.95238874528,64524.06717947736,67.00333333333344,14161.511853047326,16717.199358263366,13802.8572485,1,1,1,8550.000000001999,-1210.300028334288,40125.287339645074,0.06282156800000394,0.0,1.1368683772161603e-13,1.1368683772161603e-13,8.988365607365267e-13,117,137,21,14,0.5
dual_terminal_g17,139,2025-05-20,9303.957329263108,9284.45049540141,38555.978278168084,0.0,38555.978278168084,63638.067147001406,0.0,5800.145509919756,17516.22616258165,14205.699342166668,0,0,0,8550.000000005117,-1210.3000283357596,39571.688058811174,0.0639754640000092,2.2737367544323206e-13,1.1368683772161603e-13,5.684341886080802e-14,9.094947017729282e-13,118,138,21,14,0.5
dual_terminal_g17,140,2025-05-21,9284.45049540141,9449.001923360673,38868.034606420624,0.0,38868.034606420624,64190.16955676749,0.0,9501.241822098771,16727.45350616872,13401.141054833332,0,0,0,8550.000000005117,-1210.300028335767,39860.94296498599,0.06444151100004092,2.2737367544323206e-13,1.1368683772161603e-13,1.1368683772161603e-13,9.094947017729282e-13,119,139,21,14,0.5
dual_terminal_g17,141,2025-05-22,9449.001923360673,9014.220131497774,38287.59895934613,0.0,38287.59895934613,62170.984697312815,0.0,8663.907454919754,16219.737044226404,13529.290618500003,0,0,0,7414.898480255183,-667.5818207784914,39770.98962984343,0.06314832700002171,2.2737367544323206e-13,1.1368683772161603e-13,5.684341886080802e-14,9.094947017729282e-13,120,140,21,14,0.5
dual_terminal_g17,142,2025-05-23,9014.220131497774,8258.104418150302,14920.76284472329,0.0,14920.76284472329,27557.041586714062,0.0,18488.676778553498,17515.3687728419,14867.952848014664,0,0,0,7005.948487555857,-474.5417929743958,15580.016266130375,0.055457422000017687,1.8189894035458565e-12,1.1368683772161603e-13,5.684341886080802e-14,8.58202398035246e-13,121,141,21,14,0.5
dual_terminal_g17,143,2025-05-24,8258.104418150302,10001.092401386502,16584.322632413467,0.0,16584.322632413467,30966.02446949335,0.0,22083.645133109054,18732.572463886234,13604.69451083527,0,0,0,8549.999999995762,-1210.300028331344,16438.215445407142,0.0545798329999343,9.094947017729282e-13,1.1368683772161603e-13,5.684341886080802e-14,8.468781231840694e-13,122,142,21,14,0.5
dual_terminal_g17,144,2025-05-25,10001.092401386502,9590.579133826073,37907.647167434356,0.0,37907.647167434356,62000.03063180939,0.0,10848.369175014395,15663.753759295,13057.102485833333,0,0,0,8550.000000001999,-1210.300028334288,38754.13702362664,0.0687038550000807,2.2737367544323206e-13,1.1368683772161603e-13,1.1368683772161603e-13,8.739675649849232e-13,123,143,21,14,0.5
dual_terminal_g17,145,2025-05-26,9590.579133826073,9606.994217529778,37436.907963085265,0.0,37436.907963085265,61232.09380816666,0.0,3234.5013110000073,17910.452483333327,14492.692936166664,0,0,0,8550.000000001999,-1210.300028334288,38339.27049406318,0.06764986700000009,4.547473508864641e-13,1.1368683772161603e-13,5.684341886080802e-14,8.988365607365267e-13,124,144,21,14,0.5
dual_terminal_g17,146,2025-05-27,9606.994217529778,9294.42009045512,37864.58883630762,0.0,37864.58883630762,62322.877826427335,0.0,10098.104597759262,16398.5402265014,13564.13429783333,0,0,0,8550.000000005117,-1210.3000283357596,38802.25795753658,0.0650997960000268,2.2737367544323206e-13,1.1368683772161603e-13,1.1368683772161603e-13,8.837375276016246e-13,125,145,21,14,0.5
dual_terminal_g17,147,2025-05-28,9294.42009045512,9618.777256586603,37749.40910183019,0.0,37749.40910183019,62252.72626279835,0.0,6228.346365084366,18203.338674713985,14452.782876999996,0,0,0,8550.000000005117,-1210.300028335767,38714.50775364734,0.06226932599997781,2.2737367544323206e-13,1.1368683772161603e-13,1.1368683772161603e-13,9.094947017729282e-13,126,146,21,14,0.5
dual_terminal_g17,148,2025-05-29,9618.777256586603,8529.186194253334,37243.74662781487,119.77769558333367,37363.524323398204,60765.9192884795,17.817433333333383,4345.974545561732,17411.950696584427,15084.31202033333,1,1,1,7414.898480255183,-667.5818207784914,38637.63324491593,0.06248384499997428,2.2737367544323206e-13,1.1368683772161603e-13,1.1368683772161603e-13,8.988365607365267e-13,127,147,21,14,0.5
dual_terminal_g17,149,2025-05-30,8529.186194253334,8248.44863819475,14927.264747720688,0.0,14927.264747720688,27881.715376567394,0.0,18226.723455541152,17428.539235854245,14369.780581494666,0,0,0,7005.948487555857,-474.5417929743958,15366.723467468875,0.07509326600006716,9.094947017729282e-13,1.1368683772161603e-13,5.684341886080802e-14,9.094947017729282e-13,128,148,21,14,0.5
dual_terminal_g17,150,2025-05-31,8248.44863819475,9820.81556549946,16436.22335723036,0.0,16436.22335723036,30916.581503953345,0.0,17444.69125145062,19303.04456804467,14220.33586554194,0,0,0,8549.999999995762,-1210.300028331344,16180.591199916144,0.09042928099995606,9.094947017729282e-13,1.1368683772161603e-13,5.684341886080802e-14,8.846257060213247e-13,129,149,21,14,0.5
dual_terminal_g17,151,2025-06-01,9820.81556549946,7902.777926751998,39606.422941993435,44569.68561296925,84176.10855496269,65001.304062669486,7410.056764581665,35.79455666666672,15141.96760766949,13991.227637084998,44,1,3,8550.000000001999,-1210.3000283342735,40323.886717158355,0.06990631199994368,2.2737367544323206e-13,1.1368683772161603e-13,4.263256414560601e-14,8.526512829121202e-13,137,150,14,7,0.5
dual_terminal_g17,152,2025-06-02,7902.777926751998,8108.694041031627,43862.3533056982,21022.053632533498,64884.406938231696,72376.46673404732,3180.530376941667,2607.8802998683127,21699.920306679014,17391.610945558332,14,1,3,8550.000000001999,-1210.300028334288,46706.26791198534,0.0690708930000028,2.2737367544323206e-13,1.1368683772161603e-13,1.1368683772161603e-13,9.094947017729282e-13,138,151,14,7,0.5
dual_terminal_g17,153,2025-06-03,8108.694041031627,8463.61148310385,46627.29896991561,1501.0550618893715,48128.35403180498,75859.94135926131,231.0051724833318,3402.7094002428007,21981.287370018516,17485.41707185,7,1,4,8550.000000001999,-1210.3000283343026,48577.9801153665,0.0682106560000193,2.2737367544323206e-13,1.1368683772161603e-13,1.1368683772161603e-13,9.094947017729282e-13,139,152,14,7,0.5
dual_terminal_g17,154,2025-06-04,8463.61148310385,8774.712527076075,47687.9512550893,495.09298029033323,48183.04423537963,77179.96030552675,72.41821083333332,3379.3587245143985,20777.72650317902,16549.967528,3,1,3,8550.000000001999,-1210.3000283342735,49407.46568174157,0.0679755879999675,2.2737367544323206e-13,1.1368683772161603e-13,5.684341886080802e-14,9.094947017729282e-13,140,153,14,7,0.5
dual_terminal_g17,155,2025-06-05,8774.712527076075,4473.806357188711,45505.24159699452,2567.744129724778,48072.9857267193,72428.38423604489,379.2533658216663,2200.917153265434,17516.936762279467,18059.534330344995,10,1,3,4431.888419416489,635.9432332261285,49276.62962052946,0.0643503779999719,4.547473508864641e-13,1.1368683772161603e-13,5.684341886080802e-14,9.094947017729282e-13,141,154,14,7,0.5
dual_terminal_g17,156,2025-06-06,4473.806357188711,4202.683014682302,19627.215633278614,9548.763137141945,29175.97877042056,34678.4724410436,1407.7845479999978,2807.3125352037023,14041.895063661403,11617.946009821506,5,1,1,4116.8401584285975,761.1557197496998,21709.689626202573,0.06155762900004902,4.547473508864641e-13,1.1368683772161603e-13,0.0,8.810729923425242e-13,142,155,14,7,0.5
dual_terminal_g17,157,2025-06-07,4202.683014682302,9141.817034382797,23768.03857345709,0.0,23768.03857345709,42522.651243716595,0.0,3406.091474142446,18656.978869352843,10666.932266445358,0,0,0,8549.999999995762,-1210.300028331344,23858.428046352146,0.06393140199998015,9.094947017729282e-13,1.1368683772161603e-13,5.684341886080802e-14,9.094947017729282e-13,143,156,14,7,0.5
dual_terminal_g17,158,2025-06-08,9141.817034382797,9412.603128702,54315.217587992876,0.0,54315.217587992876,86126.5336727991,0.0,17633.493551018517,16128.470369613928,12820.353514499999,0,0,0,8550.000000001999,-1210.3000283342735,55726.55253577414,0.06956475699996645,4.547473508864641e-13,5.684341886080802e-14,1.1368683772161603e-13,9.094947017729282e-13,144,157,14,7,0.5
dual_terminal_g17,159,2025-06-09,9412.603128702,9263.443625168664,53122.96922866392,79.34205672074941,53202.31128538467,84192.43026495473,11.777930166666579,9761.061225997948,19182.51467879011,15672.080442999997,2,1,1,8550.000000001999,-1210.300028334288,54638.92880071973,0.07369176999998217,4.547473508864641e-13,1.1368683772161603e-13,1.1368683772161603e-13,9.094947017729282e-13,145,158,14,7,0.5
dual_terminal_g17,160,2025-06-10,9263.443625168664,9474.448186098298,52900.75072631762,0.0,52900.75072631762,83869.43564777571,0.0,8268.109128892998,19963.043056382718,15980.160770833332,0,0,0,8550.000000001999,-1210.3000283343026,54652.74306724225,0.07175254499998118,2.2737367544323206e-13,1.1368683772161603e-13,5.684341886080802e-14,9.094947017729282e-13,146,159,14,7,0.5
dual_terminal_g17,161,2025-06-11,9474.448186098298,9428.075026220518,52478.85971501955,1752.0331609269488,54230.8928759465,83572.261843251,360.405096999998,3540.8245141008156,22890.168175650208,18582.772066166664,5,1,2,8550.000000001999,-1210.3000283342735,54364.491025142604,0.07252820400003657,2.2737367544323206e-13,1.1368683772161603e-13,1.1368683772161603e-13,9.094947017729282e-13,147,160,14,7,0.5
dual_terminal_g17,162,2025-06-12,9428.075026220518,5527.378338209085,51781.16609560531,0.0,51781.16609560531,80441.96711793584,0.0,8562.99270659877,15458.99998533708,16032.41700733333,0,0,0,4431.888419416489,635.9432332261285,55164.09113969277,0.07127586000001429,4.547473508864641e-13,1.1368683772161603e-13,8.526512829121202e-14,9.094947017729282e-13,148,161,14,7,0.5
dual_terminal_g17,163,2025-06-13,5527.378338209085,5358.385136184151,22046.673259415606,0.0,22046.673259415606,38038.23954122744,0.0,7434.2812419115235,12688.097269149253,10429.452669833334,0,0,0,4116.8401584285975,761.1557197496998,24751.598981597766,0.08663694100005159,1.8189894035458565e-12,1.1368683772161603e-13,2.220446049250313e-15,8.526512829121202e-13,149,162,14,7,0.5
dual_terminal_g17,164,2025-06-14,5358.385136184151,9585.778843529095,24940.375050498336,0.0,24940.375050498336,44570.79159734829,0.0,11363.355713580242,16891.783142934713,9877.690009166667,0,0,0,8549.999999995762,-1210.300028331344,25769.436042658912,0.08128426500002206,4.547473508864641e-13,1.1368683772161603e-13,5.684341886080802e-14,7.638334409421077e-13,150,163,14,7,0.5
dual_terminal_g17,165,2025-06-15,9585.778843529095,10037.679423805706,55245.77698371744,0.0,55245.77698371744,87111.08372459334,0.0,12398.186051650206,19364.27798610981,15278.3546465,0,0,0,8550.000000001999,-1210.3000283342735,56660.93965228938,0.07505345699996724,2.2737367544323206e-13,1.1368683772161603e-13,5.684341886080802e-14,8.100187187665142e-13,151,164,14,7,0.5
dual_terminal_g17,166,2025-06-16,10037.679423805706,9657.202290548295,53495.184080701394,0.0,53495.184080701394,84407.53553998149,0.0,8171.024837051437,20446.775295763375,16904.3174095,0,0,0,8550.000000001999,-1210.300028334288,55192.48023609088,0.07496167300007528,2.2737367544323206e-13,1.1368683772161603e-13,8.526512829121202e-14,9.094947017729282e-13,152,165,14,7,0.5
dual_terminal_g17,167,2025-06-17,9657.202290548295,9476.880529209408,53714.3862240321,77.50989962616602,53791.89612365827,85084.48442671192,11.497426333333237,6612.354589940326,21099.503324438272,17252.887278,1,1,1,8550.000000001999,-1210.3000283343026,55390.50409831287,0.07774758499999734,4.547473508864641e-13,1.1368683772161603e-13,5.684341886080802e-14,9.094947017729282e-13,153,166,14,7,0.5
dual_terminal_g17,168,2025-06-18,9476.880529209408,9755.22673468163,54284.349282936615,0.0,54284.349282936615,85974.7331775144,0.0,11269.701609619344,18558.574120895053,14781.933452999998,0,0,0,8550.000000001999,-1210.3000283342735,56016.28767693888,0.07658493500002805,9.094947017729282e-13,1.1368683772161603e-13,5.684341886080802e-14,9.094947017729282e-13,154,167,14,7,0.5
dual_terminal_g17,169,2025-06-19,9755.22673468163,5487.974468144268,51555.3409615537,226.33915820749903,51781.6801197612,79995.23018240086,33.59114999999986,12867.352914129631,14434.164516604575,15532.200298333333,2,1,1,4431.888419416489,635.9432332261285,55279.73800766914,0.07519522199993389,4.547473508864641e-13,1.1368683772161603e-13,1.1368683772161603e-13,8.983924715266767e-13,155,168,14,7,0.5
dual_terminal_g17,170,2025-06-20,5487.974468144268,5325.165052478599,22005.487546742614,0.0,22005.487546742614,38181.41084007312,0.0,13731.140175425926,11559.04362498053,9509.35381033333,0,0,0,4116.8401584285975,761.1557197496998,24542.583163664265,0.07930625100004818,9.094947017729282e-13,1.1368683772161603e-13,5.684341886080802e-14,7.958078640513122e-13,156,169,14,7,0.5
dual_terminal_g17,171,2025-06-21,5325.165052478599,10048.984020701319,23900.750081928498,0.0,23900.750081928498,42895.914952889434,0.0,16006.06624411317,17387.7433546096,9832.63504583333,0,0,0,8549.999999995762,-1210.300028331344,24102.18742304107,0.07785186699993574,9.094947017729282e-13,1.1368683772161603e-13,5.684341886080802e-14,9.094947017729282e-13,157,170,14,7,0.5
dual_terminal_g17,172,2025-06-22,10048.984020701319,9839.788971307556,51740.57313215972,0.0,51740.57313215972,81994.01941844725,0.0,11277.489640893005,18144.54853688759,14885.359859333334,0,0,0,8550.000000001999,-1210.3000283342735,53367.89047613273,0.07655149300001085,4.547473508864641e-13,1.1368683772161603e-13,8.526512829121202e-14,9.094947017729282e-13,158,171,14,7,0.5
dual_terminal_g17,173,2025-06-23,9839.788971307556,9622.734229487185,51487.28880143416,0.0,51487.28880143416,81803.26084863784,0.0,11230.574625121402,19509.207848183127,15997.807624666668,0,0,0,8550.000000001999,-1210.300028334288,53186.62054164398,0.07799436800007697,4.547473508864641e-13,1.1368683772161603e-13,1.1368683772161603e-13,9.094947017729282e-13,159,172,14,7,0.5
dual_terminal_g17,174,2025-06-24,9622.734229487185,9587.988212972368,50837.92122600996,7860.431015053918,58698.352241063876,81035.34911668929,1634.3281292583335,2193.8520108765447,22306.865262812753,18099.83227774167,9,1,1,8550.000000001999,-1210.3000283343026,52516.80879127263,0.0753586449999375,4.547473508864641e-13,1.1368683772161603e-13,1.1368683772161603e-13,8.881784197001252e-13,160,173,14,7,0.5
dual_terminal_g17,175,2025-06-25,9587.988212972368,9576.070846413111,52768.33051108958,0.0,52768.33051108958,84082.93175153909,0.0,9866.5683344609,19945.61937007819,16166.677319666669,0,0,0,8550.000000001999,-1210.3000283342735,54286.863726295036,0.07605391499998859,4.547473508864641e-13,1.1368683772161603e-13,8.526512829121202e-14,9.094947017729282e-13,161,174,14,7,0.5
dual_terminal_g17,176,2025-06-26,9576.070846413111,5317.2843469720465,50420.25436912698,374.3353722327498,50794.589741359734,78694.19710120335,55.484182499999974,12183.04763816872,15011.356114201284,15992.106302,3,1,2,4431.888419416489,635.9432332261285,53970.58997058073,0.07994926800006397,2.2737367544323206e-13,1.1368683772161603e-13,1.1368683772161603e-13,8.757439218243235e-13,162,175,14,7,0.5
dual_terminal_g17,177,2025-06-27,5317.2843469720465,5367.273662678595,20900.425293572618,0.0,20900.425293572618,36496.06568627065,0.0,14331.11095661729,12359.570941320035,9966.262078333333,0,0,0,4116.8401584285975,761.1557197496998,23180.67436356228,0.07666308999989724,1.8189894035458565e-12,1.1368683772161603e-13,5.684341886080802e-14,9.094947017729282e-13,163,176,14,7,0.5
dual_terminal_g17,178,2025-06-28,5367.273662678595,9669.595466234648,22794.745657066986,0.0,22794.745657066986,41340.629781551994,0.0,12494.089156701642,16829.07834201702,9759.463833833332,0,0,0,8549.999999995762,-1210.300028331344,23066.097153530834,0.07472177599993302,9.094947017729282e-13,1.1368683772161603e-13,5.684341886080802e-14,8.473222123939195e-13,164,177,14,7,0.5
dual_terminal_g17,179,2025-06-29,9669.595466234648,9816.135733287185,51879.109009786815,0.0,51879.109009786815,82535.76635281969,0.0,9514.820870654325,19059.424781498692,15306.247832666668,0,0,0,8550.000000001999,-1210.3000283342735,53840.32424838137,0.07401383999990685,9.094947017729282e-13,1.1368683772161603e-13,1.1368683772161603e-13,8.952838470577262e-13,165,178,14,7,0.5
dual_terminal_g17,180,2025-06-30,9816.135733287185,9399.3948800983,51036.100525116766,249.4252352519999,51285.525760368764,81252.16227553085,37.013559999999984,8070.479895259265,19558.309077938266,16217.297121,2,1,2,8550.000000001999,-1210.300028334288,53084.62754998471,0.07719086200006586,2.2737367544323206e-13,1.1368683772161603e-13,1.1368683772161603e-13,9.094947017729282e-13,166,179,14,7,0.5
dual_terminal_g17,181,2025-07-01,9399.3948800983,8033.716175137183,52928.18748805518,9475.758457853015,62403.94594590819,84169.84162683744,1570.561412101666,4055.689368106996,21301.476168230445,18483.306530731665,20,1,5,8550.000000001999,-1210.3000283343026,55022.17880869382,0.0766473239999641,2.2737367544323206e-13,1.1368683772161603e-13,1.1368683772161603e-13,9.094947017729282e-13,167,180,14,7,0.5
dual_terminal_g17,182,2025-07-02,8033.716175137183,8393.587157964963,55179.999248460794,3083.7975688573315,58263.79681731813,88104.94177849795,468.20960922166444,11648.815579304526,19450.97661686008,15431.407175111668,10,1,3,8550.000000001999,-1210.300028334288,57989.8771187012,0.0717728149999175,9.094947017729282e-13,1.1368683772161603e-13,1.1368683772161603e-13,9.094947017729282e-13,168,181,14,7,0.5
dual_terminal_g17,183,2025-07-03,8393.587157964963,2968.6573017980695,51945.739434805604,2688.9155542525623,54634.65498905817,80627.09902887423,457.44903760999443,3188.740154059669,15883.293945481231,17747.904966390004,10,1,4,2979.6770370369586,1210.9280928337937,56747.89302170076,0.06925065600000835,4.547473508864641e-13,1.1368683772161603e-13,5.684341886080802e-14,9.094947017729282e-13,169,182,14,7,0.5
dual_terminal_g17,184,2025-07-04,2968.6573017980695,2669.478915185034,25152.43497099491,0.0,25152.43497099491,42418.58734027152,0.0,11204.766613240741,13695.862149030785,11362.908888666667,0,0,0,2818.8706029665186,1274.4839634237164,28478.879777779835,0.06231236799999351,9.094947017729282e-13,1.1368683772161603e-13,1.4210854715202004e-14,6.821210263296962e-13,170,183,14,7,0.5
dual_terminal_g17,185,2025-07-05,2669.478915185034,8826.387732195275,28522.87618824735,0.0,28522.87618824735,50289.03530228503,0.0,12048.026188646087,20577.427429805615,11126.498282833332,0,0,0,8550.000000008236,-1210.300028337217,29100.97631037036,0.06575053200003822,9.094947017729282e-13,5.684341886080802e-14,1.4210854715202004e-14,9.094947017729282e-13,171,184,14,7,0.5
dual_terminal_g17,186,2025-07-06,8826.387732195275,8873.186485709408,54116.300728302944,10567.599395880015,64683.90012418296,86194.00795481692,1558.2010145949976,3774.439169975304,21798.259848809943,17614.471599373337,11,1,2,8550.000000001999,-1210.3000283342735,56419.449772935826,0.07125978199997007,2.2737367544323206e-13,1.1368683772161603e-13,1.1368683772161603e-13,9.094947017729282e-13,172,185,14,7,0.5
dual_terminal_g17,187,2025-07-07,8873.186485709408,8964.202777416815,54896.35358875073,369.75183083208424,55266.10541958282,86835.89099294826,54.93269750000013,9959.252069049391,18106.179958923865,14584.091104191666,3,1,2,8550.000000001999,-1210.300028334288,57102.000806535056,0.06872952600008375,4.547473508864641e-13,1.1368683772161603e-13,5.684341886080802e-14,9.094947017729282e-13,173,186,14,7,0.5
dual_terminal_g17,188,2025-07-08,8964.202777416815,9766.763737198298,56420.46519186864,0.0,56420.46519186864,89173.87248117119,0.0,8892.570247402815,20987.42291209671,16277.507694995,0,0,0,8550.000000001999,-1210.3000283343026,58682.39989064343,0.07309422499997709,4.547473508864641e-13,1.1368683772161603e-13,1.1368683772161603e-13,9.094947017729282e-13,174,187,14,7,0.5
dual_terminal_g17,189,2025-07-09,9766.763737198298,9873.248494016816,55670.8430567935,222.57269438766596,55893.415751181165,87565.05299010835,33.015307333333226,9796.595446267482,19194.271333530865,15451.523499023333,1,1,1,8550.000000001999,-1210.300028334288,57350.08942215721,0.06872712300003059,9.094947017729282e-13,1.1368683772161603e-13,1.1368683772161603e-13,8.526512829121202e-13,175,188,14,7,0.5
dual_terminal_g17,190,2025-07-10,9873.248494016816,4379.128972648071,51985.96632713194,0.0,51985.96632713194,79682.49914020587,0.0,9160.958543141976,13750.656752433903,16082.739538703334,0,0,0,2979.6770370369586,1210.9280928337937,55994.83516729261,0.041040909999992436,4.547473508864641e-13,1.1368683772161603e-13,1.1368683772161603e-13,9.094947017729282e-13,176,189,14,7,0.5
dual_terminal_g17,191,2025-07-11,4379.128972648071,4061.375662105409,26336.58324743493,0.0,26336.58324743493,43402.04106669065,0.0,8621.288461401236,13410.281235672672,11148.305780383263,0,0,0,2818.8706029665186,1274.4839634237164,29075.194517451564,0.04996846699998514,1.8189894035458565e-12,0.0,1.4210854715202004e-14,9.094947017729282e-13,177,190,14,7,0.5
dual_terminal_g17,192,2025-07-12,4061.375662105409,9327.046963724903,29151.53240912105,0.0,29151.53240912105,50500.86440311013,0.0,11094.774452870364,18856.539186573104,10534.692569666666,0,0,0,8550.000000008236,-1210.300028337217,29375.697715900216,0.03669544800004587,9.094947017729282e-13,1.1368683772161603e-13,2.842170943040401e-14,8.08242361927114e-13,178,191,14,7,0.5
dual_terminal_g17,193,2025-07-13,9327.046963724903,9429.313288035331,53920.86455995346,515.1455753429184,54436.010135296376,85541.61131346307,76.56390450000026,12665.320934267485,18911.022062190605,15225.888178495003,3,1,2,8550.000000001999,-1210.3000283342735,55473.134807611554,0.042326192000018636,9.094947017729282e-13,1.1368683772161603e-13,1.1368683772161603e-13,8.810729923425242e-13,179,192,14,7,0.5
dual_terminal_g17,194,2025-07-14,9429.313288035331,9143.605710659407,52444.54294709319,163.72912521333365,52608.27207230653,83104.55794907612,24.29302933333338,8107.873919094651,18265.44559098148,15052.147748333335,2,1,2,8550.000000001999,-1210.300028334288,53954.17840890956,0.043360014999962004,9.094947017729282e-13,1.1368683772161603e-13,5.684341886080802e-14,9.094947017729282e-13,180,193,14,7,0.5
dual_terminal_g17,195,2025-07-15,9143.605710659407,10122.354568296445,54150.31667779281,0.0,54150.31667779281,85301.29765909672,0.0,7976.289590370369,19447.807965893004,14871.850480500001,0,0,0,8550.000000001999,-1210.3000283343026,55688.6549146536,0.042315314000006765,2.2737367544323206e-13,1.1368683772161603e-13,8.526512829121202e-14,9.094947017729282e-13,181,194,14,7,0.5
dual_terminal_g17,196,2025-07-16,10122.354568296445,9738.635541826075,53148.34030995774,74.0251013536653,53222.3654113114,84015.65439581245,10.956131333333133,8757.406634442383,18315.724385228397,15181.08387585833,1,1,1,8550.000000001999,-1210.300028334288,54620.77884705884,0.044053886999904535,2.2737367544323206e-13,1.1368683772161603e-13,1.1368683772161603e-13,8.775202786637237e-13,182,195,14,7,0.5
dual_terminal_g17,197,2025-07-17,9738.635541826075,4350.8190513943655,50408.04497633571,0.0,50408.04497633571,77505.93239005118,0.0,6802.827022086418,14903.811277298099,16921.121976000002,0,0,0,2979.6770370369586,1210.9280928337937,54291.353247895546,0.04277564300002723,2.2737367544323206e-13,1.1368683772161603e-13,1.1368683772161603e-13,9.094947017729282e-13,183,196,14,7,0.5
dual_terminal_g17,198,2025-07-18,4350.8190513943655,4010.1981926720737,25719.077380974148,0.0,25719.077380974148,42551.32570048564,0.0,9232.906197211934,12372.264084861974,10328.09268158826,0,0,0,2818.8706029665186,1274.4839634237164,28342.43445114764,0.0496741929999871,4.547473508864641e-13,1.1368683772161603e-13,1.4210854715202004e-14,8.526512829121202e-13,184,197,14,7,0.5
dual_terminal_g17,199,2025-07-19,4010.1981926720737,8956.47569130083,28450.09612002607,0.0,28450.09612002607,49425.28253206898,0.0,14392.211709635802,17887.37907193318,10037.127299499998,0,0,0,8550.000000008236,-1210.300028337217,28543.69590633382,0.03777259299999969,9.094947017729282e-13,1.1368683772161603e-13,1.0658141036401503e-14,9.094947017729282e-13,185,198,14,7,0.5
dual_terminal_g17,200,2025-07-20,8956.47569130083,9479.507025714964,53039.21583549453,22.84573611733366,53062.06157161186,84225.0679419799,3.2749048333333803,8024.315775631692,19175.371860748208,15061.32300623333,1,1,1,8550.000000001999,-1210.3000283342735,54183.95293575918,0.042799999000067146,4.547473508864641e-13,1.1368683772161603e-13,5.684341886080802e-14,9.094947017729282e-13,186,199,14,7,0.5
dual_terminal_g17,201,2025-07-21,9479.507025714964,9331.100998061263,52246.242216262195,0.0,52246.242216262195,82940.65262728863,0.0,5284.96665343415,19997.379203909466,16331.442580055002,0,0,0,8550.000000001999,-1210.300028334288,53366.21169644446,0.042612913999960256,2.2737367544323206e-13,1.1368683772161603e-13,8.526512829121202e-14,9.094947017729282e-13,187,200,14,7,0.5
dual_terminal_g17,202,2025-07-22,9331.100998061263,9722.873446468666,54939.67475776492,154.51263834299945,55094.18739610792,86879.19424453085,22.921322999999916,9030.949724967075,19596.97906489711,15520.957838999999,1,1,1,8550.000000001999,-1210.3000283343026,55887.3827119231,0.045899972999905,2.2737367544323206e-13,1.1368683772161603e-13,1.1368683772161603e-13,9.094947017729282e-13,188,201,14,7,0.5
dual_terminal_g17,203,2025-07-23,9722.873446468666,9494.04848673163,54694.555064092056,19.469082766667274,54714.02414685873,86394.51451574484,2.8864466666667568,8670.89630723663,19557.368433008225,16047.410894499999,1,1,1,8550.000000001999,-1210.300028334288,55892.177160850784,0.042018381000048066,2.2737367544323206e-13,1.1368683772161603e-13,1.1368683772161603e-13,8.846257060213247e-13,189,202,14,7,0.5
dual_terminal_g17,204,2025-07-24,9494.04848673163,4628.241816127698,51448.01382904887,0.0,51448.01382904887,79187.26751265362,0.0,7372.2936352304605,13566.988847193155,15368.486969769998,0,0,0,2979.6770370369586,1210.9280928337937,55261.09464255468,0.04374023900004431,4.547473508864641e-13,1.1368683772161603e-13,1.7053025658242404e-13,9.094947017729282e-13,190,203,14,7,0.5
dual_terminal_g17,205,2025-07-25,4628.241816127698,3953.704039199852,25531.332828703737,0.0,25531.332828703737,42259.23729072565,0.0,14059.164025376542,12114.935252197367,10420.181553514927,0,0,0,2818.8706029665186,1274.4839634237164,27823.674356719996,0.03671813200003271,9.094947017729282e-13,1.1368683772161603e-13,1.4210854715202004e-14,9.094947017729282e-13,191,204,14,7,0.5
dual_terminal_g17,206,2025-07-26,3953.704039199852,9114.621619098978,28573.44884618435,0.0,28573.44884618435,49404.250906735644,0.0,12723.015576683125,18775.35758671919,10563.213823333335,0,0,0,8550.000000008236,-1210.300028337217,28533.018377989596,0.0377267370000709,1.8189894035458565e-12,1.1368683772161603e-13,1.4210854715202004e-14,9.094947017729282e-13,192,205,14,7,0.5
dual_terminal_g17,207,2025-07-27,9114.621619098978,9363.961626442746,53131.66945853148,1201.2599129820637,54332.92937151355,84574.04856285265,239.5628405866638,6737.942408504104,21926.70099118855,17536.221796253332,2,1,1,8550.000000001999,-1210.3000283342735,54475.04385351893,0.04425492400002895,4.547473508864641e-13,1.1368683772161603e-13,5.684341886080802e-14,9.094947017729282e-13,193,206,14,7,0.5
dual_terminal_g17,208,2025-07-28,9363.961626442746,8935.045984898296,53280.72359065257,0.0,53280.72359065257,84512.17674466255,0.0,2933.518796858025,21104.235746637853,17480.455032166665,0,0,0,8550.000000001999,-1210.300028334288,54435.84085634095,0.0437928590000638,2.2737367544323206e-13,1.1368683772161603e-13,4.263256414560601e-14,8.668621376273222e-13,194,207,14,7,0.5
dual_terminal_g17,209,2025-07-29,8935.045984898296,9831.065828359408,57518.93922149796,219.80544954783286,57738.744671045795,90610.33037083538,32.64598983333326,10014.622380487654,19751.000900347735,15191.892870166666,1,1,1,8550.000000001999,-1210.3000283343026,58727.38409582262,0.04348850400003812,2.2737367544323206e-13,1.1368683772161603e-13,4.263256414560601e-14,9.094947017729282e-13,195,208,14,7,0.5
dual_terminal_g17,210,2025-07-30,9831.065828359408,10017.051121809409,56983.06970592865,0.0,56983.06970592865,89438.01911530453,0.0,11650.717869868315,18508.739112269548,14824.691916833333,0,0,0,8550.000000001999,-1210.300028334288,58385.09894272688,0.04375089300003765,4.547473508864641e-13,1.1368683772161603e-13,1.1368683772161603e-13,8.526512829121202e-13,196,209,14,7,0.5
dual_terminal_g17,211,2025-07-31,10017.051121809409,4714.046082298127,53616.596383948825,0.0,53616.596383948825,82114.86881983932,0.0,9630.14339016872,13486.49315033726,15696.763987333332,0,0,0,3030.5781760647924,1191.091205314352,57408.94598058108,0.04437144600001375,9.094947017729282e-13,1.1368683772161603e-13,1.1368683772161603e-13,9.094947017729282e-13,197,210,14,7,0.5
dual_terminal_g17,212,2025-08-01,4714.046082298127,4818.685185670043,26411.708911991864,0.0,26411.708911991864,43705.92686689017,0.0,20019.346030076125,12321.294616382356,9886.073446234977,0,0,0,3030.049671862637,1191.626788422969,28874.99627707521,0.035999138000079256,9.094947017729282e-13,1.1368683772161603e-13,7.105427357601002e-15,9.094947017729282e-13,198,211,14,7,0.5
dual_terminal_g17,213,2025-08-02,4818.685185670043,9777.07818305015,28647.786422083438,0.0,28647.786422083438,49421.60171939918,0.0,20549.746180757196,18327.773198245024,10382.942592936372,0,0,0,8550.000000001999,-1210.300028334288,28853.190418507176,0.04134709400000247,9.094947017729282e-13,1.1368683772161603e-13,7.105427357601002e-15,7.069900220812997e-13,199,212,14,7,0.5
dual_terminal_g17,214,2025-08-03,9777.07818305015,9262.309277724222,52500.03476952104,239.86465539825008,52739.899424919284,83254.00910246915,35.59604033333335,17705.64368959876,16883.018340335388,14138.536870465,2,1,1,8550.000000001999,-1210.3000283343026,54194.580381869775,0.056431083000006765,9.094947017729282e-13,1.1368683772161603e-13,1.1368683772161603e-13,9.094947017729282e-13,200,213,14,7,0.5
dual_terminal_g17,215,2025-08-04,9262.309277724222,9979.210589109993,51487.96490932329,0.0,51487.96490932329,81875.1927909101,0.0,12358.966495329214,18186.1054315809,14085.534219333333,0,0,0,8549.999999998881,-1210.3000283328088,52960.462487143915,0.044235177000018666,2.2737367544323206e-13,1.1368683772161603e-13,1.1368683772161603e-13,9.094947017729282e-13,201,214,14,7,0.5
dual_terminal_g17,216,2025-08-05,9979.210589109993,9594.051570254533,49961.757247234425,0.0,49961.757247234425,78991.36642577172,0.0,10820.234600450618,17712.974783987756,14694.152692,0,0,0,8550.000000008236,-1210.3000283372462,51656.3230650869,0.04362228899992715,2.2737367544323206e-13,1.1368683772161603e-13,5.684341886080802e-14,8.952838470577262e-13,202,215,14,7,0.5
dual_terminal_g17,217,2025-08-06,9594.051570254533,8729.83664209089,49036.11096039661,299.36979812897346,49335.480758525584,77614.3144961906,42.91424858500193,6853.208878236634,18249.54755378729,15559.926953914994,1,1,1,8550.000000001999,-1210.3000283343026,50504.52579587478,0.044034804000034455,2.2737367544323206e-13,1.1368683772161603e-13,1.1368683772161603e-13,9.094947017729282e-13,203,216,14,7,0.5
dual_terminal_g17,218,2025-08-07,8729.83664209089,4082.5338752814605,46425.6496215697,195.83601065150066,46621.4856322212,71592.50925063973,28.9848310000001,9827.957291615232,13621.705421857827,15216.153881833332,1,1,1,3030.5781760647924,1191.091205314352,50531.296922131034,0.04302817999996478,4.547473508864641e-13,1.1368683772161603e-13,1.1368683772161603e-13,9.094947017729282e-13,204,217,14,7,0.5
dual_terminal_g17,219,2025-08-08,4082.5338752814605,4328.355532242271,24114.631927267626,0.0,24114.631927267626,40828.863432371836,0.0,22309.89343607819,13276.62765804696,10532.828911753311,0,0,0,3030.049671862637,1191.626788422969,26619.482805922453,0.03562764399998741,9.094947017729282e-13,1.1368683772161603e-13,5.684341886080802e-14,7.958078640513122e-13,205,218,14,7,0.5
dual_terminal_g17,220,2025-08-09,4328.355532242271,9403.078024839035,26477.74908089913,0.0,26477.74908089913,46478.83297548417,0.0,19391.952151598765,18935.27147657012,10770.31965268471,0,0,0,8550.000000001999,-1210.300028334288,26564.00263829588,0.03807454599996163,9.094947017729282e-13,1.1368683772161603e-13,2.220446049250313e-15,8.65085780787922e-13,206,219,14,7,0.5
dual_terminal_g17,221,2025-08-10,9403.078024839035,9246.535224374222,46869.65029743539,307.0252137648321,47176.67551120023,73853.31983091563,44.83216333333314,5384.603821691356,17630.619173557607,14421.690051,2,1,1,8550.000000001999,-1210.3000283343026,48058.89471817852,0.04115684999999303,9.094947017729282e-13,1.1368683772161603e-13,5.684341886080802e-14,9.094947017729282e-13,207,220,14,7,0.5
dual_terminal_g17,222,2025-08-11,9246.535224374222,9126.191338369252,46724.804767273374,406.06648713683387,47130.87125441021,73576.68109328872,60.21930300000008,5513.409432744851,19318.66909271053,15756.4314625,3,1,2,8549.999999998881,-1210.3000283328088,47908.15568415103,0.04181153600006837,2.2737367544323206e-13,1.1368683772161603e-13,5.684341886080802e-14,9.094947017729282e-13,208,221,14,7,0.5
dual_terminal_g17,223,2025-08-12,9126.191338369252,8819.177121758235,46605.22594113622,4367.745157888241,50972.97109902446,73703.48898280668,638.1544114883332,3419.134298368321,18096.201267771703,14934.235821844999,7,1,4,8550.000000008236,-1210.3000283372462,47328.18883492618,0.04122582499996952,1.8189894035458565e-12,1.1368683772161603e-13,1.1368683772161603e-13,9.094947017729282e-13,209,222,14,7,0.5
dual_terminal_g17,224,2025-08-13,8819.177121758235,9275.99535006126,47647.25027664383,399.8840155364151,48047.13429218024,75348.8821767194,57.95821166666644,5308.760951102878,18768.229377949858,14791.129390666665,3,1,2,8550.000000001999,-1210.3000283343026,48292.16084348045,0.04202319999990323,1.8189894035458565e-12,1.1368683772161603e-13,1.1368683772161603e-13,9.094947017729282e-13,210,223,14,7,0.5
dual_terminal_g17,225,2025-08-14,9275.99535006126,3548.180685318499,44150.58448304326,339.8153806757506,44490.39986371901,67699.47278676112,49.86128000000008,4280.248558121392,14199.09328197306,16656.298756666667,3,1,2,3030.5781760647924,1191.091205314352,47406.73286493527,0.03751045100000283,2.2737367544323206e-13,1.1368683772161603e-13,1.1368683772161603e-13,9.094947017729282e-13,211,224,14,7,0.5
dual_terminal_g17,226,2025-08-15,3548.180685318499,3727.552632366343,23903.117519991654,0.0,23903.117519991654,40353.43661303052,0.0,20411.122212606995,13795.540867090196,11012.95335,0,0,0,3030.049671862637,1191.626788422969,26044.906311169194,0.03343973200003347,4.547473508864641e-13,1.1368683772161603e-13,7.105427357601002e-15,9.094947017729282e-13,212,225,14,7,0.5
dual_terminal_g17,227,2025-08-16,3727.552632366343,9210.92625018533,26685.025318037668,0.0,26685.025318037668,46728.472664364715,0.0,21195.766496238688,19307.313396959365,10703.887595500002,0,0,0,8550.000000001999,-1210.300028334288,26369.254818620022,0.034792175000006864,9.094947017729282e-13,1.1368683772161603e-13,1.4210854715202004e-14,7.531752999057062e-13,213,226,14,7,0.5
dual_terminal_g17,228,2025-08-17,9210.92625018533,9168.98216908163,47017.566379578784,459.124749764248,47476.69112934303,74013.41794458848,68.15015433333303,7373.175408209872,18846.04603704527,15303.046962999999,3,1,2,8550.000000001999,-1210.3000283343026,47990.98424219548,0.03836937100004434,2.2737367544323206e-13,1.1368683772161603e-13,5.684341886080802e-14,9.094947017729282e-13,214,227,14,7,0.5
dual_terminal_g17,229,2025-08-18,9168.98216908163,9157.79317054703,46552.78091153981,672.0458851401681,47224.82679667998,73303.93986558913,99.64243233333355,5286.145752993827,19649.4264575953,15926.105529333332,3,1,3,8549.999999998881,-1210.3000283328088,47511.35949241563,0.03932411499999944,2.2737367544323206e-13,1.1368683772161603e-13,5.684341886080802e-14,9.094947017729282e-13,215,228,14,7,0.5
dual_terminal_g17,230,2025-08-19,9157.79317054703,9119.261680006382,47057.56987212405,846.643977340166,47904.21384946421,73962.33300999599,125.4986684999999,6346.246517547326,18203.176065448668,14779.2509545,4,1,2,8550.000000008236,-1210.3000283372462,47885.3050114433,0.042243094000014025,2.2737367544323206e-13,1.1368683772161603e-13,1.1368683772161603e-13,9.094947017729282e-13,216,229,14,7,0.5
dual_terminal_g17,231,2025-08-20,9119.261680006382,8825.313392551998,47113.07331917694,7727.559229233164,54840.6325484101,74076.77229226878,1337.4903543083308,1187.00842905967,20216.40320820912,16639.840057358335,12,1,3,8550.000000001999,-1210.3000283343026,47885.39711024873,0.04060667800001738,2.2737367544323206e-13,1.1368683772161603e-13,5.684341886080802e-14,8.952838470577262e-13,217,230,14,7,0.5
dual_terminal_g17,232,2025-08-21,8825.313392551998,3717.753165261089,46005.36923840124,0.0,46005.36923840124,70800.64566279817,0.0,7200.930107923872,12379.48040054096,14624.183329,0,0,0,3030.5781760647924,1191.091205314352,49262.79935988071,0.03995274499993684,4.547473508864641e-13,1.1368683772161603e-13,5.684341886080802e-14,9.094947017729282e-13,218,231,14,7,0.5
dual_terminal_g17,233,2025-08-22,3717.753165261089,3314.1493331533798,24038.770094494314,0.0,24038.770094494314,40538.907157394715,0.0,17116.551592786007,13447.524281608716,11255.738116999999,0,0,0,3030.049671862637,1191.626788422969,26277.698458849663,0.0345302079999783,1.8189894035458565e-12,1.1368683772161603e-13,5.684341886080802e-14,9.094947017729282e-13,219,232,14,7,0.5
dual_terminal_g17,234,2025-08-23,3314.1493331533798,9162.881843350147,27110.256386545032,0.0,27110.256386545032,47519.03522364044,0.0,15999.531518858023,19608.622608449085,10619.125053666667,0,0,0,8550.000000001999,-1210.300028334288,27029.497419336134,0.038005959999964034,2.2737367544323206e-13,1.1368683772161603e-13,5.684341886080802e-14,7.958078640513122e-13,220,233,14,7,0.5
dual_terminal_g17,235,2025-08-24,9162.881843350147,9228.832462302002,49248.00596463051,0.0,49248.00596463051,78156.64608843852,0.0,10659.786845786006,19494.285275065842,15731.015515746667,0,0,0,8550.000000001999,-1210.3000283343026,50296.12372494713,0.040888624999979584,4.547473508864641e-13,1.1368683772161603e-13,1.1368683772161603e-13,9.094947017729282e-13,221,234,14,7,0.5
dual_terminal_g17,236,2025-08-25,9228.832462302002,9093.807312341476,49322.29612907511,332.8420997191679,49655.13822879428,77964.91544346978,49.43049566666684,3459.250783041157,20544.898812595296,16762.890673166665,2,1,1,8549.999999998881,-1210.3000283328088,50232.707244742756,0.040724914999941575,2.2737367544323206e-13,1.1368683772161603e-13,5.684341886080802e-14,9.094947017729282e-13,222,235,14,7,0.5
dual_terminal_g17,237,2025-08-26,9093.807312341476,9275.346547537865,50033.19294775654,69.12545660374946,50102.31840436029,79248.45108835195,10.246047499999918,9830.749958644039,19661.80780104125,15762.679007166666,2,1,2,8550.000000008236,-1210.3000283372462,51178.30245484577,0.05710708399999476,2.2737367544323206e-13,1.1368683772161603e-13,1.1368683772161603e-13,8.810729923425242e-13,223,236,14,7,0.5
dual_terminal_g17,238,2025-08-27,9275.346547537865,8920.49031532978,49049.14750076204,229.60962801166738,49278.75712877371,77533.12852357331,34.0573935000001,6035.126523172841,20722.53229590047,17104.621768666664,3,1,2,8550.000000001999,-1210.3000283343026,50351.231942455415,0.04131720299994868,1.8189894035458565e-12,1.1368683772161603e-13,1.1368683772161603e-13,9.094947017729282e-13,224,237,14,7,0.5
dual_terminal_g17,239,2025-08-28,8920.49031532978,3601.789638379609,47013.97651283405,421.7172525274996,47435.69376536155,72229.34258041339,62.55700749999994,3444.2937806152386,15087.586490631486,17007.775666666665,3,1,2,3030.5781760647924,1191.091205314352,50497.26014317017,0.03941248900002847,4.547473508864641e-13,1.1368683772161603e-13,1.4210854715202004e-13,8.526512829121202e-13,225,238,14,7,0.5
dual_terminal_g17,240,2025-08-29,3601.789638379609,3579.255191105229,24717.012912013215,0.0,24717.012912013215,41334.84739063546,0.0,16046.23850494033,14492.997569695131,11759.609034,0,0,0,3030.049671862637,1191.626788422969,26988.90596566826,0.034985129000006054,9.094947017729282e-13,1.1368683772161603e-13,8.881784197001252e-16,9.094947017729282e-13,226,239,14,7,0.5
dual_terminal_g17,241,2025-08-30,3579.255191105229,8863.208005637187,27367.19102970419,0.0,27367.19102970419,47800.09694211163,0.0,20870.419421872426,19270.527125405875,10853.569438499999,0,0,0,8550.000000001999,-1210.300028334288,27213.804601384054,0.03698260199996639,9.094947017729282e-13,1.1368683772161603e-13,0.0,9.094947017729282e-13,227,240,14,7,0.5
dual_terminal_g17,242,2025-08-31,8863.208005637187,9581.981719007556,50318.41554839188,0.0,50318.41554839188,79557.53619720781,0.0,8430.04243260494,20178.81231176954,15697.9416305,0,0,0,8550.000000001999,-1210.3000283343026,51680.348964502875,0.04188697400002184,2.2737367544323206e-13,1.1368683772161603e-13,5.684341886080802e-14,9.094947017729282e-13,228,241,14,7,0.5
dual_terminal_g17,243,2025-09-01,9581.981719007556,10800.0,45893.954212767894,0.0,45893.954212767894,72718.84952595743,0.0,14671.722550035796,17772.50520892164,13299.512766333331,0,0,0,8549.999999998881,-1210.3000283328233,47089.401596413234,0.04281738500003485,2.2737367544323206e-13,1.1368683772161603e-13,5.684341886080802e-14,9.094947017729282e-13,229,242,14,7,0.5
dual_terminal_g17,244,2025-09-02,10800.0,10413.239798667493,42479.22376682479,0.0,42479.22376682479,67263.57346633836,0.0,10022.027674471194,18588.811174033843,15405.021232166666,0,0,0,8550.000000008236,-1210.3000283372462,43541.00519960939,0.044013684999981706,1.8189894035458565e-12,1.1368683772161603e-13,1.1368683772161603e-13,9.094947017729282e-13,230,243,14,7,0.5
dual_terminal_g17,245,2025-09-03,10413.239798667493,10542.688125347506,43469.9684169112,0.0,43469.9684169112,68491.09589047985,0.0,9613.055218265426,16914.84172738109,13584.518305166666,0,0,0,8550.000000004913,-1210.300028335656,44560.583870723305,0.043761247000020376,2.2737367544323206e-13,1.1368683772161603e-13,1.1368683772161603e-13,9.094947017729282e-13,231,244,14,7,0.5
dual_terminal_g17,246,2025-09-04,10542.688125347506,4912.269456068312,37927.95320766873,91.53976108499988,38019.49296875373,58097.97522418978,13.588623333333317,6800.273954345686,12911.058660677432,15525.334317499997,1,1,1,3462.740092592385,1020.7821765186038,41354.10878694386,0.042760892000046624,2.2737367544323206e-13,1.1368683772161603e-13,1.1368683772161603e-13,8.970602038971265e-13,232,245,14,7,0.5
dual_terminal_g17,247,2025-09-05,4912.269456068312,4140.264996529656,18061.118359326832,0.0,18061.118359326832,31557.23652107147,0.0,22960.760330660494,12984.308091205794,11212.093567461483,0,0,0,3131.635629629659,1151.4241038671964,20369.11063162818,0.040434537000010096,9.094947017729282e-13,3.552713678800501e-15,5.684341886080802e-14,6.821210263296962e-13,233,246,14,7,0.5
dual_terminal_g17,248,2025-09-06,4140.264996529656,9574.502702420517,21003.93295362429,0.0,21003.93295362429,38640.116232866385,0.0,22364.139788930042,19284.625308603016,10729.732564666667,0,0,0,8550.000000001999,-1210.3000283343026,20858.051439038987,0.03761739699996269,9.094947017729282e-13,1.1368683772161603e-13,5.684341886080802e-14,9.094947017729282e-13,234,247,14,7,0.5
dual_terminal_g17,249,2025-09-07,9574.502702420517,9346.331487940886,39528.269332448566,0.0,39528.269332448566,63243.98498562139,0.0,4836.094714808639,19222.42498514609,15775.518331,0,0,0,8550.000000001999,-1210.3000283343026,40573.18330005398,0.045205161000012595,2.2737367544323206e-13,1.1368683772161603e-13,1.1368683772161603e-13,8.988365607365267e-13,235,248,14,7,0.5
dual_terminal_g17,250,2025-09-08,9346.331487940886,8313.681111413694,36945.91496608782,16143.102801255058,53089.01776734288,60155.577870953326,2446.882274358335,557.0473584897155,18838.04522296361,16188.201969475,12,1,3,8549.999999998881,-1210.3000283328233,37967.022076354886,0.04469870100001572,2.2737367544323206e-13,1.1368683772161603e-13,5.684341886080802e-14,9.094947017729282e-13,236,249,14,7,0.5
dual_terminal_g17,251,2025-09-09,8313.681111413694,8649.589357506386,40308.82240371357,1558.6890018682227,41867.5114055818,65887.47284319557,224.38156003999757,8829.275193063779,20407.513273798464,16227.768330293336,3,1,3,8550.000000008236,-1210.3000283372462,41603.47658112566,0.04168253000000277,2.2737367544323206e-13,1.1368683772161603e-13,1.1368683772161603e-13,9.094947017729282e-13,237,250,14,7,0.5
dual_terminal_g17,252,2025-09-10,8649.589357506386,8606.855086204912,39864.653802116954,7187.891616146426,47052.545418263384,64430.96637982347,1240.434982114999,361.4571128086418,21223.19180684816,17229.246207718337,12,1,4,8550.000000004913,-1210.300028335656,40953.373647257424,0.03991786599999614,0.0,1.1368683772161603e-13,5.684341886080802e-14,9.094947017729282e-13,238,251,14,7,0.5
dual_terminal_g17,253,2025-09-11,8606.855086204912,3927.9991989886817,39588.681130502926,40.929105000000334,39629.61023550293,62236.37311745727,6.071666666666715,10179.830998876543,14618.41210741406,16051.884105499998,1,1,1,3462.740092592385,1020.7821765186038,42923.04965290713,0.03870347800000218,4.547473508864641e-13,1.1368683772161603e-13,1.1368683772161603e-13,9.094947017729282e-13,239,252,14,7,0.5
dual_terminal_g17,254,2025-09-12,3927.9991989886817,3437.44019097966,17413.47295862752,166.52609431385383,17579.999052941374,31217.283038032954,48.27542957351902,17482.59643668312,14067.41546384983,11836.10963292648,1,1,1,3131.635629629659,1151.4241038671964,19615.255226213674,0.03578825700003563,4.547473508864641e-13,1.1368683772161603e-13,5.684341886080802e-14,8.473222123939195e-13,240,253,14,7,0.5
dual_terminal_g17,255,2025-09-13,3437.44019097966,9235.56393572422,20844.40466782742,0.0,20844.40466782742,39132.81053021618,0.0,22011.42933271399,20505.09654683552,11390.816832666664,0,0,0,8550.000000001999,-1210.3000283343026,20689.036172326047,0.03606366400003935,4.547473508864641e-13,1.1368683772161603e-13,5.684341886080802e-14,6.963318810448982e-13,241,254,14,7,0.5
dual_terminal_g17,256,2025-09-14,9235.56393572422,8889.057255244594,41208.98118201282,0.0,41208.98118201282,66229.34967588066,0.0,2628.20248343416,20071.991867779834,16570.169425333333,0,0,0,8550.000000001999,-1210.3000283343026,42201.905620737874,0.03991809000001467,2.2737367544323206e-13,1.1368683772161603e-13,1.1368683772161603e-13,8.86402062860725e-13,242,255,14,7,0.5
dual_terminal_g17,257,2025-09-15,8889.057255244594,8688.509867698882,40677.22693513465,1627.8457014775772,42305.072636612225,66182.55667261998,233.38967024000056,7575.161142316861,20811.827452636462,17038.072885426667,2,1,2,8549.999999998881,-1210.3000283328233,41858.68346379194,0.04318200600005184,2.2737367544323206e-13,1.1368683772161603e-13,1.1368683772161603e-13,9.094947017729282e-13,243,256,14,7,0.5
dual_terminal_g17,258,2025-09-16,8688.509867698882,8349.015165823052,41335.67790915065,774.3670187986645,42110.04492794931,66850.2875171853,113.863491833333,3975.4996165514394,20012.771793800515,16515.89038466667,3,1,2,8550.000000008236,-1210.3000283372462,42440.50145160204,0.03940840100005971,4.547473508864641e-13,1.1368683772161603e-13,5.684341886080802e-14,9.094947017729282e-13,244,257,14,7,0.5
dual_terminal_g17,259,2025-09-17,8349.015165823052,8732.169921658618,42151.36435643434,34.70889375000076,42186.07325018434,68597.89842133169,7.629166666666833,4151.252111716045,21838.514715948986,17344.35763966667,1,1,1,8550.000000004913,-1210.300028335656,43464.7450556212,0.04117029599990474,2.2737367544323206e-13,1.1368683772161603e-13,1.1368683772161603e-13,9.094947017729282e-13,245,258,14,7,0.5
dual_terminal_g17,260,2025-09-18,8732.169921658618,3727.250362388681,39972.041405905125,151.14938217441195,40123.19078807954,62882.17382575767,31.242242074999893,5579.874644137858,15167.989001953156,16790.498694925,4,1,2,3462.740092592385,1020.7821765186038,43291.14050574974,0.04677000499998485,2.2737367544323206e-13,1.1368683772161603e-13,1.1368683772161603e-13,8.637535131583718e-13,246,259,14,7,0.5
dual_terminal_g17,261,2025-09-19,3727.250362388681,4233.367311842619,18411.104486659744,0.0,18411.104486659744,32848.613815741,0.0,13411.269897773664,15160.454456800673,11824.462855500002,0,0,0,3131.635629629659,1151.4241038671964,20463.3725675411,0.04213965899998584,4.547473508864641e-13,1.1368683772161603e-13,5.684341886080802e-14,7.958078640513122e-13,247,260,14,7,0.5
dual_terminal_g17,262,2025-09-20,4233.367311842619,9379.71117230015,21056.296432686904,0.0,21056.296432686904,39074.994175382846,0.0,14900.279109870375,20513.536093512477,11984.254761333334,0,0,0,8550.000000001999,-1210.3000283343026,20744.433403608095,0.03644984800007478,9.094947017729282e-13,1.1368683772161603e-13,5.684341886080802e-14,9.094947017729282e-13,248,261,14,7,0.5
dual_terminal_g17,263,2025-09-21,9379.71117230015,9118.741995446448,43909.69995552525,0.0,43909.69995552525,70236.07474956583,0.0,8781.420340534967,17905.469394030864,14738.302468333335,0,0,0,8550.000000001999,-1210.3000283343026,44800.06718100002,0.04196052300005704,2.2737367544323206e-13,1.1368683772161603e-13,1.1368683772161603e-13,9.094947017729282e-13,249,262,14,7,0.5
dual_terminal_g17,264,2025-09-22,9118.741995446448,8468.396318398884,42280.572436906084,2302.969500018452,44583.541936924536,68328.9571982352,359.6151156033339,4950.82658790329,19521.24711549859,16397.521272896665,7,1,3,8549.999999998881,-1210.3000283328233,43204.09979556472,0.043829389999928026,9.094947017729282e-13,1.1368683772161603e-13,1.1368683772161603e-13,9.094947017729282e-13,250,263,14,7,0.5
dual_terminal_g17,265,2025-09-23,8468.396318398884,8655.695398195272,43538.674805780174,2807.284691377735,46345.959497157906,70363.34323470748,430.14390388999925,4537.566900604504,20898.607804436317,16759.303149776664,4,1,2,8550.000000008236,-1210.3000283372462,44361.66705967874,0.04207161099998302,2.2737367544323206e-13,1.1368683772161603e-13,1.1368683772161603e-13,9.094947017729282e-13,251,264,14,7,0.5
dual_terminal_g17,266,2025-09-24,8655.695398195272,9036.595847578992,43608.188828893384,0.0,43608.188828893384,70132.08766761358,0.0,4656.471926016464,21418.84335343046,17006.452711833335,0,0,0,8550.000000004913,-1210.300028335656,44420.831276305646,0.04220750299998599,2.2737367544323206e-13,1.1368683772161603e-13,5.684341886080802e-14,9.094947017729282e-13,252,265,14,7,0.5
dual_terminal_g17,267,2025-09-25,9036.595847578992,3792.5410181997945,41401.595607301264,103.4974316666667,41505.093038967934,64588.267810514866,15.37166666666667,6304.234761195469,14124.23769698607,16160.281881000003,1,1,1,3462.740092592385,1020.7821765186038,44301.428488982754,0.040870733000019754,2.2737367544323206e-13,1.1368683772161603e-13,5.684341886080802e-14,9.094947017729282e-13,253,266,14,7,0.5
dual_terminal_g17,268,2025-09-26,3792.5410181997945,4119.223311609293,18904.188268678812,0.0,18904.188268678812,33572.93858255581,0.0,12774.953607181074,14788.039006874742,11684.297531499999,0,0,0,3131.635629629659,1151.4241038671964,21002.18826437647,0.035023923999915496,9.094947017729282e-13,1.1368683772161603e-13,5.684341886080802e-14,9.094947017729282e-13,254,267,14,7,0.5
dual_terminal_g17,269,2025-09-27,4119.223311609293,8958.83093712237,21444.792814826327,0.0,21444.792814826327,39675.614326911644,0.0,13566.348166002059,20801.668673409586,12493.704762499998,0,0,0,8550.000000001999,-1210.3000283343026,21236.419622987152,0.038366127000017514,4.547473508864641e-13,1.1368683772161603e-13,1.1368683772161603e-13,9.094947017729282e-13,255,268,14,7,0.5
dual_terminal_g17,270,2025-09-28,8958.83093712237,9110.999032346444,45279.78695398359,39.56136916666671,45319.348323150254,72602.8537836358,5.868333333333339,4960.113310045266,21179.096602923863,17018.11696266666,1,1,1,8550.000000001999,-1210.3000283343026,45734.57154258706,0.041610402000060276,4.547473508864641e-13,1.1368683772161603e-13,5.684341886080802e-14,9.094947017729282e-13,256,269,14,7,0.5
dual_terminal_g17,271,2025-09-29,9110.999032346444,8569.838953974806,43643.168407090205,2469.360504364814,46112.52891145502,70542.01036573522,364.70938650166966,4762.525794495887,20375.50751723933,16991.20515949833,3,1,2,8549.999999998881,-1210.3000283328233,44391.58889234375,0.04175665799994022,9.094947017729282e-13,1.1368683772161603e-13,5.684341886080802e-14,9.094947017729282e-13,257,270,14,7,0.5
dual_terminal_g17,272,2025-09-30,8569.838953974806,8634.338497658237,44724.69007076585,702.8891637112979,45427.57923447715,71776.89416566264,115.5028697550068,2211.322634253078,22109.737079909573,17850.83744541166,5,1,3,8550.000000008236,-1210.3000283372462,45601.897296592404,0.04240789699997549,9.094947017729282e-13,1.1368683772161603e-13,5.684341886080802e-14,9.094947017729282e-13,258,271,14,7,0.5
dual_terminal_g17,273,2025-10-01,8634.338497658237,10103.940895722573,44791.19236196218,0.0,44791.19236196218,72158.85138203032,0.0,17619.405260997948,18712.01278653238,13834.088198833331,0,0,0,8550.000000002203,-1210.3000283343845,45540.04580917104,0.040590391000023374,4.547473508864641e-13,1.1368683772161603e-13,1.1368683772161603e-13,8.841816168114747e-13,259,272,14,7,0.5
dual_terminal_g17,274,2025-10-02,10103.940895722573,5941.493493124366,39933.287765142755,0.0,39933.287765142755,62350.895061969066,0.0,11674.992447294238,14164.853475508164,15219.7339775,0,0,0,4122.81313390955,758.9479367232989,42633.19310314761,0.04179987700001675,2.2737367544323206e-13,1.1368683772161603e-13,1.1368683772161603e-13,9.094947017729282e-13,260,273,14,7,0.5
dual_terminal_g17,275,2025-10-03,5941.493493124366,5651.758104781485,16302.021232497027,0.0,16302.021232497027,30012.202213040666,0.0,19785.44030091226,14054.579271773666,11644.97105964526,0,0,0,4190.3579175173345,732.1411012699512,18088.079990291342,0.036047779000000446,1.8189894035458565e-12,5.684341886080802e-14,5.684341886080802e-14,7.958078640513122e-13,261,274,14,7,0.5
dual_terminal_g17,276,2025-10-04,5651.758104781485,9044.68972896496,17886.634575845426,0.0,17886.634575845426,34750.71916573267,0.0,14992.311112936215,18993.61661946312,12331.190999999999,0,0,0,8550.000000001999,-1210.300028334288,17661.93482858083,0.03640225499998451,9.094947017729282e-13,1.1368683772161603e-13,5.684341886080802e-14,9.094947017729282e-13,262,275,14,7,0.5
dual_terminal_g17,277,2025-10-05,9044.68972896496,9183.257826148296,39744.36553244915,0.0,39744.36553244915,65150.842426841555,0.0,6534.556672238693,19766.386318269535,15886.061630333334,0,0,0,8550.000000001999,-1210.300028334288,40496.85747463688,0.04260633399997005,9.094947017729282e-13,1.1368683772161603e-13,1.1368683772161603e-13,9.094947017729282e-13,263,276,14,7,0.5
dual_terminal_g17,278,2025-10-06,9183.257826148296,8780.07663332978,39785.26406039102,0.0,39785.26406039102,65045.81214061728,0.0,3890.459453347733,19921.613214769553,16499.369777500004,0,0,0,8550.000000001999,-1210.3000283342953,40602.355942553375,0.04338164000000688,9.094947017729282e-13,1.1368683772161603e-13,5.684341886080802e-14,9.094947017729282e-13,264,277,14,7,0.5
dual_terminal_g17,279,2025-10-07,8780.07663332978,9074.466563806383,40135.65543147667,0.0,40135.65543147667,65620.87796295343,0.0,3549.3266211316904,21237.038970488404,16937.050628666664,0,0,0,8550.000000008236,-1210.3000283372462,40875.92282524866,0.047015819999955966,9.094947017729282e-13,1.1368683772161603e-13,5.684341886080802e-14,9.094947017729282e-13,265,278,14,7,0.5
dual_terminal_g17,280,2025-10-08,9074.466563806383,8562.40279352998,38414.52037739703,2804.3208981614102,41218.841275558436,63649.47659316819,413.57679991333293,4217.119798061729,20148.922745273132,16781.48481692,3,1,1,8550.000000002203,-1210.3000283343845,39063.00782023063,0.04413096400003269,9.094947017729282e-13,1.1368683772161603e-13,1.1368683772161603e-13,9.094947017729282e-13,266,279,14,7,0.5
dual_terminal_g17,281,2025-10-09,8562.40279352998,4265.482952774366,37123.989128307134,1664.2011619921377,38788.19029029927,59804.5595848168,245.62253588166163,5121.369541833412,15979.25659058833,16810.42569505661,3,1,1,4122.81313390955,758.9479367232989,39582.649033126974,0.04293036599995048,9.094947017729282e-13,1.1368683772161603e-13,1.1368683772161603e-13,8.100187187665142e-13,267,280,14,7,0.5
dual_terminal_g17,282,2025-10-10,4265.482952774366,3954.0258145592597,15770.890398793643,427.0995624099105,16197.989961203553,30690.570572928395,79.7201567433369,18691.06295078675,15873.306771641652,13137.689909423329,3,1,2,4190.3579175173345,732.1411012699512,17137.14299913229,0.036885349999920436,1.8189894035458565e-12,1.1368683772161603e-13,5.684341886080802e-14,9.094947017729282e-13,268,281,14,7,0.5
dual_terminal_g17,283,2025-10-11,3954.0258145592597,8770.037351346444,18956.413718346437,0.0,18956.413718346437,37490.62082057424,0.0,15033.925165263372,21136.69309931086,12786.311027333333,0,0,0,8550.000000001999,-1210.300028334288,18350.76800232761,0.03599339900006271,9.094947017729282e-13,1.1368683772161603e-13,5.684341886080802e-14,9.094947017729282e-13,269,282,14,7,0.5
dual_terminal_g17,284,2025-10-12,8770.037351346444,8960.27690183348,40232.99360049779,98.03580773333336,40331.02940823113,65564.5909108642,20.929933333333338,2989.8637404238643,20576.239605273666,16495.538484833334,1,1,1,8550.000000001999,-1210.300028334288,40466.72366372534,0.0563686839999491,9.094947017729282e-13,1.1368683772161603e-13,5.684341886080802e-14,9.094947017729282e-13,270,283,14,7,0.5
dual_terminal_g17,285,2025-10-13,8960.27690183348,8936.688088503855,41197.3880632782,0.0,41197.3880632782,67053.27968485597,0.0,6205.689170588488,20218.027085600814,16397.831871333332,0,0,0,8550.000000001999,-1210.3000283342953,41246.154080142296,0.04149093700004869,9.094947017729282e-13,1.1368683772161603e-13,1.1368683772161603e-13,9.094947017729282e-13,271,284,14,7,0.5
dual_terminal_g17,286,2025-10-14,8936.688088503855,8989.2514864212,41082.420954250134,0.0,41082.420954250134,66717.96826977853,0.0,1795.186291788076,21587.608613323788,17438.655918666664,0,0,0,8550.000000008236,-1210.3000283372462,41245.433922369586,0.04117736000000605,9.094947017729282e-13,1.1368683772161603e-13,1.1368683772161603e-13,9.094947017729282e-13,272,285,14,7,0.5
dual_terminal_g17,287,2025-10-15,8989.2514864212,8612.255361602203,40762.61640061902,134.5109884579469,40897.127389076966,66792.90413310028,29.921139219997848,1231.5633524753093,21108.077800958312,17436.839531113335,3,1,2,8550.000000002203,-1210.3000283343845,40932.38677528198,0.0398858730000029,9.094947017729282e-13,1.1368683772161603e-13,5.684341886080802e-14,9.094947017729282e-13,273,286,14,7,0.5
dual_terminal_g17,288,2025-10-16,8612.255361602203,4404.6032064169585,39685.539092175335,9203.091419890414,48888.63051206575,63476.10613545055,1353.7121910199926,2453.824226927983,16823.200469522562,17413.67931998001,4,1,1,4122.81313390955,758.9479367232989,41797.8926270465,0.043229745999951774,1.8189894035458565e-12,1.1368683772161603e-13,5.684341886080802e-14,9.094947017729282e-13,274,287,14,7,0.5
dual_terminal_g17,289,2025-10-17,4404.6032064169585,4150.3031164488175,16880.186136685723,0.0,16880.186136685723,32303.919893506587,0.0,13542.61555113169,15715.658456208233,12958.553430499996,0,0,0,4190.3579175173345,732.1411012699512,18322.123266345578,0.03748626499998409,9.094947017729282e-13,1.1368683772161603e-13,5.684341886080802e-14,9.094947017729282e-13,275,288,14,7,0.5
dual_terminal_g17,290,2025-10-18,4150.3031164488175,9303.23880391311,19595.600029727873,0.0,19595.600029727873,38241.62444010024,0.0,13547.713102374486,20945.66290705909,12328.344836,0,0,0,8550.000000001999,-1210.300028334288,19030.77529224287,0.037106107999989035,1.8189894035458565e-12,1.1368683772161603e-13,5.684341886080802e-14,8.526512829121202e-13,276,289,14,7,0.5
dual_terminal_g17,291,2025-10-19,9303.23880391311,8686.721776981629,43161.57452634268,1300.1240671309579,44461.69859347364,70340.12216890123,186.37099586166255,3108.5509895185196,21510.973506049384,17978.753864138333,1,1,1,8550.000000001999,-1210.300028334288,43435.50695634277,0.041559161000009226,9.094947017729282e-13,1.1368683772161603e-13,5.684341886080802e-14,9.094947017729282e-13,277,290,14,7,0.5
dual_terminal_g17,292,2025-10-20,8686.721776981629,8978.630155596444,45076.95632897443,2077.590123995251,47154.546452969684,72995.38899248764,432.6192137283336,4574.051511539095,21844.509406615223,17431.335078605,5,1,1,8550.000000001999,-1210.3000283342953,45205.11115221129,0.044168660999957865,9.094947017729282e-13,1.1368683772161603e-13,1.1368683772161603e-13,9.094947017729282e-13,278,291,14,7,0.5
dual_terminal_g17,293,2025-10-21,8978.630155596444,9202.643290465641,45334.74932811223,0.0,45334.74932811223,73248.6906486777,0.0,2390.459519316868,22073.883989360842,17678.234210000002,0,0,0,8550.000000008236,-1210.3000283372462,45971.18768455349,0.04238329600002544,9.094947017729282e-13,1.1368683772161603e-13,1.1368683772161603e-13,9.094947017729282e-13,279,292,14,7,0.5
dual_terminal_g17,294,2025-10-22,9202.643290465641,8582.28766498924,45346.39873526867,1133.5837705313886,46479.98250580006,73785.48417899947,206.41183126666584,4844.01313250411,21848.980214162024,18255.9940364,6,1,2,8550.000000002203,-1210.3000283343845,45946.987109986854,0.0420522650000521,4.547473508864641e-13,1.1368683772161603e-13,1.1368683772161603e-13,9.094947017729282e-13,280,293,14,7,0.5
dual_terminal_g17,295,2025-10-23,8582.28766498924,4651.406617261404,44305.085072656206,0.0,44305.085072656206,70161.46526433532,0.0,7135.731799010283,16758.049341825037,17111.81290983333,0,0,0,4122.81313390955,758.9479367232989,46597.48697374196,0.04151526299995112,9.094947017729282e-13,1.1368683772161603e-13,1.1368683772161603e-13,9.094947017729282e-13,281,294,14,7,0.5
dual_terminal_g17,296,2025-10-24,4651.406617261404,4266.084552163631,17201.81068951519,73.26284893539912,17275.07353845059,32693.44161542017,15.63607916666292,11472.814390623453,16647.38129413005,13831.168706833334,1,1,1,4190.3579175173345,732.1411012699512,18675.949959092824,0.03800418900004843,9.094947017729282e-13,1.1368683772161603e-13,5.684341886080802e-14,7.958078640513122e-13,282,295,14,7,0.5
dual_terminal_g17,297,2025-10-25,4266.084552163631,8960.273925555704,20186.193003592023,0.0,20186.193003592023,39222.79039426074,0.0,11571.043338954729,21202.862557472672,12949.548235499999,0,0,0,8550.000000001999,-1210.300028334288,19815.192897769444,0.03713165500005289,9.094947017729282e-13,1.1368683772161603e-13,5.684341886080802e-14,9.094947017729282e-13,283,296,14,7,0.5
dual_terminal_g17,298,2025-10-26,8960.273925555704,9369.769203526073,46197.18491255734,0.0,46197.18491255734,74699.75809235596,0.0,5801.375070364197,20976.448711325094,16622.377706,0,0,0,8550.000000001999,-1210.300028334288,46799.059146487794,0.0415896370000155,9.094947017729282e-13,1.1368683772161603e-13,5.684341886080802e-14,9.094947017729282e-13,284,297,14,7,0.5
dual_terminal_g17,299,2025-10-27,9369.769203526073,9063.29721229459,46322.98989439817,92.48526773333361,46415.4751621315,74448.92074833745,19.744933333333393,7249.3727982283945,20750.18952044239,17083.478303666663,1,1,1,8550.000000001999,-1210.3000283342953,47041.95914830426,0.04250564400001622,1.8189894035458565e-12,1.1368683772161603e-13,1.1368683772161603e-13,9.094947017729282e-13,285,298,14,7,0.5
dual_terminal_g17,300,2025-10-28,9063.29721229459,9148.234507336016,46518.30282317061,0.0,46518.30282317061,74744.94600504191,0.0,4607.591645096712,21518.36365477853,17353.430994833336,0,0,0,8550.000000008236,-1210.3000283372462,47135.92464233684,0.04251437799996438,9.094947017729282e-13,1.1368683772161603e-13,1.1368683772161603e-13,9.094947017729282e-13,286,299,14,7,0.5
dual_terminal_g17,301,2025-10-29,9148.234507336016,8611.585230452201,45567.45096819193,3293.9976381837887,48861.44860637572,73548.1001887793,518.6047266299985,957.8331405843628,22524.206968528273,18727.591993703332,7,1,3,8550.000000002203,-1210.3000283343845,46139.16219897278,0.04277536799997961,4.547473508864641e-13,1.1368683772161603e-13,1.1368683772161603e-13,9.094947017729282e-13,287,300,14,7,0.5
dual_terminal_g17,302,2025-10-30,8611.585230452201,4341.433033128065,44568.44308900874,17.058347333333423,44585.50143634207,70362.23106745261,3.641833333333352,6327.560042240741,16282.274663878536,17031.779455333333,1,1,1,4122.81313390955,758.9479367232989,47238.18495940407,0.044371458999989954,9.094947017729282e-13,1.1368683772161603e-13,5.684341886080802e-14,9.094947017729282e-13,288,301,14,7,0.5
dual_terminal_g17,303,2025-10-31,4341.433033128065,5504.037287492959,18452.15747914125,0.0,18452.15747914125,35088.8293530042,0.0,6642.970404839511,18395.91080299802,13854.343921499996,0,0,0,5234.282430352216,315.7167055872919,19444.41563766638,0.037231590999908803,1.8189894035458565e-12,1.1368683772161603e-13,5.684341886080802e-14,8.384404281969182e-13,289,302,14,7,0.5
dual_terminal_g17,304,2025-11-01,5504.037287492959,9582.19550371126,20896.159075376534,0.0,20896.159075376534,39847.77036582074,0.0,9719.341048499999,20600.25520732074,13015.864323333333,0,0,0,8550.000000001999,-1210.3000283343026,20448.66208714537,0.03749987300000157,4.547473508864641e-13,1.1368683772161603e-13,5.684341886080802e-14,9.094947017729282e-13,290,303,14,7,0.5
dual_terminal_g17,305,2025-11-02,9582.19550371126,8996.543861397613,48526.865906517734,0.0,48526.865906517734,77905.71008765776,0.0,5539.483571876539,21562.784529106237,17992.941946658335,0,0,0,8549.999999995762,-1210.3000283313295,49076.841655401615,0.04244124299998475,9.094947017729282e-13,1.1368683772161603e-13,5.684341886080802e-14,9.094947017729282e-13,291,304,14,7,0.5
dual_terminal_g17,306,2025-11-03,8996.543861397613,9509.549130009407,49797.58899400392,0.0,49797.58899400392,79531.41711649987,0.0,5660.487276499998,20548.920078504874,16182.920521838332,0,0,0,8550.000000001999,-1210.300028334288,50337.404588086356,0.042959330000030604,9.094947017729282e-13,1.1368683772161603e-13,5.684341886080802e-14,9.094947017729282e-13,292,305,14,7,0.5
dual_terminal_g17,307,2025-11-04,9509.549130009407,8897.580794408821,49255.618850220075,112.12096744191577,49367.73981766199,78850.77198487523,24.077796999999805,8031.114149631686,20075.974215530212,16812.310616620005,2,1,1,8550.000000005117,-1210.3000283357596,49821.01821095317,0.05783154800008106,9.094947017729282e-13,1.1368683772161603e-13,1.1368683772161603e-13,9.094947017729282e-13,293,306,14,7,0.5
dual_terminal_g17,308,2025-11-05,8897.580794408821,9395.271055543326,48861.559475863556,0.0,48861.559475863556,78241.58401171729,0.0,3878.223813676952,22302.204717645334,17616.86458627167,0,0,0,8549.999999998881,-1210.3000283328233,49501.727596237084,0.04315817299993796,9.094947017729282e-13,1.1368683772161603e-13,1.7053025658242404e-13,9.094947017729282e-13,294,307,14,7,0.5
dual_terminal_g17,309,2025-11-06,9395.271055543326,5647.042812460672,46757.3764587199,2912.80211356165,49670.17857228155,73840.39115089766,603.306158536666,2936.4244602901235,18479.440620624213,18341.752321480002,7,1,1,5263.13107856623,303.9993754411639,48831.22188580637,0.043820107999977154,4.547473508864641e-13,1.1368683772161603e-13,1.1368683772161603e-13,9.094947017729282e-13,295,308,14,7,0.5
dual_terminal_g17,310,2025-11-07,5647.042812460672,5997.78188909481,19338.856723427372,0.0,19338.856723427372,36156.04771703175,0.0,9090.320230016467,18061.055445848622,14313.789742166664,0,0,0,5234.282430352216,315.7167055872919,20314.86674773406,0.03784848299994792,9.094947017729282e-13,1.1368683772161603e-13,5.684341886080802e-14,9.094947017729282e-13,296,309,14,7,0.5
dual_terminal_g17,311,2025-11-08,5997.78188909481,9233.150736611262,20759.79108709993,0.0,20759.79108709993,39909.52129755325,0.0,9351.56023904115,20289.063135512104,13522.309176999997,0,0,0,8550.000000001999,-1210.3000283343026,20205.96239624183,0.039935846000048514,9.094947017729282e-13,1.1368683772161603e-13,5.684341886080802e-14,9.094947017729282e-13,297,310,14,7,0.5
dual_terminal_g17,312,2025-11-09,9233.150736611262,8841.801040656865,49467.285504599335,0.0,49467.285504599335,79158.81299562886,0.0,4065.727441641973,21570.96366848689,17824.695297833336,0,0,0,8549.999999995762,-1210.3000283313295,49881.933225383655,0.04295145900005082,9.094947017729282e-13,1.1368683772161603e-13,5.684341886080802e-14,9.094947017729282e-13,298,311,14,7,0.5
dual_terminal_g17,313,2025-11-10,8841.801040656865,8970.525741868663,50338.549652284855,0.0,50338.549652284855,80356.35239615125,0.0,2104.6792460781876,22512.51483674974,18119.28478667667,0,0,0,8550.000000001999,-1210.300028334288,50975.79015791886,0.043251491999967584,9.094947017729282e-13,1.1368683772161603e-13,1.1368683772161603e-13,9.094947017729282e-13,299,312,14,7,0.5
dual_terminal_g17,314,2025-11-11,8970.525741868663,9069.03025147549,51108.87668566035,0.0,51108.87668566035,81267.35642496549,0.0,5619.6918636090495,21052.58334759812,16963.938452908333,0,0,0,8550.000000005117,-1210.3000283357596,51693.9923678601,0.045484706000024744,9.094947017729282e-13,1.1368683772161603e-13,1.1368683772161603e-13,9.094947017729282e-13,300,313,14,7,0.5
dual_terminal_g17,315,2025-11-12,9069.03025147549,8960.95642892481,50580.350687615835,0.0,50580.350687615835,80595.53450093654,0.0,5592.8897815473265,21810.12320886755,17763.466239478337,0,0,0,8549.999999998881,-1210.3000283328233,51167.83019124939,0.04342300100006469,4.547473508864641e-13,1.1368683772161603e-13,1.1368683772161603e-13,8.846257060213247e-13,301,314,14,7,0.5
dual_terminal_g17,316,2025-11-13,8960.95642892481,5674.368872125491,48884.53395183639,9.417338133333374,48893.95128996972,76579.7426178299,2.010533333333342,3807.4902899526587,17559.580766648916,17181.189222105,1,1,1,5263.13107856623,303.9993754411639,50766.45343214968,0.04250462300001345,9.094947017729282e-13,1.1368683772161603e-13,4.263256414560601e-14,9.094947017729282e-13,302,315,14,7,0.5
dual_terminal_g17,317,2025-11-14,5674.368872125491,5861.976065876293,19344.57066775135,0.0,19344.57066775135,36060.01355668402,0.0,4955.4377220144015,17564.600317336277,14058.479782666667,0,0,0,5234.282430352216,315.7167055872919,20383.02562610129,0.03724016999990454,9.094947017729282e-13,1.1368683772161603e-13,5.684341886080802e-14,8.526512829121202e-13,303,316,14,7,0.5
dual_terminal_g17,318,2025-11-15,5861.976065876293,8943.285198176078,20795.86422583326,0.0,20795.86422583326,39719.235395888645,0.0,4680.6354970123475,21334.39349020963,14507.680507999998,0,0,0,8550.000000001999,-1210.3000283343026,20325.505328158302,0.03780402500001401,9.094947017729282e-13,1.1368683772161603e-13,5.684341886080802e-14,9.094947017729282e-13,304,317,14,7,0.5
dual_terminal_g17,319,2025-11-16,8943.285198176078,9029.250400388359,51503.27069667516,0.0,51503.27069667516,82002.298372563,0.0,3093.9874727139877,23138.935971182367,18665.169454666662,0,0,0,8549.999999995762,-1210.3000283313295,51851.72845672823,0.041529501000013624,9.094947017729282e-13,1.1368683772161603e-13,8.526512829121202e-14,9.094947017729282e-13,305,318,14,7,0.5
dual_terminal_g17,320,2025-11-17,9029.250400388359,9131.705917664962,52377.85450778768,0.0,52377.85450778768,83002.10161549663,0.0,6119.432565800418,21551.077635862883,17364.1629195,0,0,0,8550.000000001999,-1210.300028334288,52766.94239399703,0.04139941500000077,9.094947017729282e-13,1.1368683772161603e-13,1.1368683772161603e-13,9.094947017729282e-13,306,319,14,7,0.5
dual_terminal_g17,321,2025-11-18,9131.705917664962,8898.617948179191,51983.241565297154,0.0,51983.241565297154,82381.32648878329,0.0,3604.3974366913626,21558.717848925266,17672.340630166666,0,0,0,8550.000000005117,-1210.3000283357596,52360.25759710767,0.0426690280000912,9.094947017729282e-13,1.1368683772161603e-13,1.1368683772161603e-13,9.094947017729282e-13,307,320,14,7,0.5
dual_terminal_g17,322,2025-11-19,8898.617948179191,8757.337844684069,52228.74739432411,6.301057500000476,52235.048451824114,83025.63437478937,1.3850000000001046,3401.935617808636,23073.28552698073,18816.51337,1,1,1,8549.999999998881,-1210.3000283328233,52514.24223282536,0.04150577500001873,9.094947017729282e-13,1.1368683772161603e-13,5.684341886080802e-14,9.094947017729282e-13,308,321,14,7,0.5
dual_terminal_g17,323,2025-11-20,8757.337844684069,5678.460907640306,50697.42938542254,0.0,50697.42938542254,79436.43035799457,0.0,3823.2300759197497,18900.597326741496,18080.473078000003,0,0,0,5263.13107856623,303.9993754411639,52465.332599174624,0.04645557900005315,9.094947017729282e-13,1.1368683772161603e-13,5.684341886080802e-14,8.970602038971265e-13,309,322,14,7,0.5
dual_terminal_g17,324,2025-11-21,5678.460907640306,5832.271994926293,19799.664791091716,0.0,19799.664791091716,36983.34498788772,0.0,4525.505153156382,18184.346260564667,14590.890492499997,0,0,0,5234.282430352216,315.7167055872919,21052.219535114204,0.0416438229999585,9.094947017729282e-13,1.1368683772161603e-13,5.684341886080802e-14,9.094947017729282e-13,310,323,14,7,0.5
dual_terminal_g17,325,2025-11-22,5832.271994926293,8981.264563698298,21558.29576967882,0.0,21558.29576967882,41263.28490123637,0.0,4081.63791901852,21724.864142051192,14763.046643166668,0,0,0,8550.000000001999,-1210.3000283343026,21359.482628716527,0.041375742000013815,9.094947017729282e-13,1.1368683772161603e-13,5.684341886080802e-14,8.881784197001252e-13,311,324,14,7,0.5
dual_terminal_g17,326,2025-11-23,8981.264563698298,9050.161131034649,52846.99885930862,129.00547073159453,52976.00433004021,83951.95567154244,32.29173234833405,4275.419673168718,23235.39229887372,18758.660851485,1,1,1,8549.999999995762,-1210.3000283313295,53044.734195870085,0.041644686000040565,9.094947017729282e-13,1.1368683772161603e-13,5.684341886080802e-14,8.988365607365267e-13,312,325,14,7,0.5
dual_terminal_g17,327,2025-11-24,9050.161131034649,8644.055719652,52921.27109259959,170.90342845094293,53092.17452105053,83969.4706302456,32.652564418333256,6131.0951581934205,21445.153719552196,17736.069383081667,3,1,3,8550.000000001999,-1210.300028334288,53143.93652248786,0.04225879000000532,9.094947017729282e-13,1.1368683772161603e-13,1.1368683772161603e-13,9.094947017729282e-13,313,326,14,7,0.5
dual_terminal_g17,328,2025-11-25,8644.055719652,9043.98154629586,53461.00200001456,0.0,53461.00200001456,84779.91291960017,0.0,3836.0010292736665,23238.516735159836,18463.2653115,0,0,0,8550.000000005117,-1210.3000283357596,53614.46488849331,0.04070182200007366,0.0,1.1368683772161603e-13,5.684341886080802e-14,9.094947017729282e-13,314,327,14,7,0.5
dual_terminal_g17,329,2025-11-26,9043.98154629586,9159.034512943326,53115.8451661305,79.13080120666578,53194.97596733717,84221.01446799305,16.893851666666478,2913.7572827716017,23489.139387221465,18922.655233666665,1,1,1,8549.999999998881,-1210.3000283328233,53307.41503146684,0.04373384000007263,4.547473508864641e-13,1.1368683772161603e-13,5.684341886080802e-14,9.094947017729282e-13,315,328,14,7,0.5
dual_terminal_g17,330,2025-11-27,9159.034512943326,5874.268498944006,51326.7596552544,0.0,51326.7596552544,80122.42137074766,0.0,3694.300755584371,18965.88049699663,18318.652615166666,0,0,0,5263.13107856623,303.9993754411639,53107.853210211,0.0557126530000005,9.094947017729282e-13,1.1368683772161603e-13,1.1368683772161603e-13,9.094947017729282e-13,316,329,14,7,0.5
dual_terminal_g17,331,2025-11-28,5874.268498944006,5592.046339744814,20208.898053237506,0.0,20208.898053237506,37968.728251301305,0.0,3780.40045345473,18532.048374346574,15264.959126499998,0,0,0,5234.282430352216,315.7167055872919,21509.251981048677,0.04093470399993748,1.8189894035458565e-12,1.1368683772161603e-13,5.684341886080802e-14,9.094947017729282e-13,317,330,14,7,0.5
dual_terminal_g17,332,2025-11-29,5592.046339744814,8860.147084614964,22237.05967492176,0.0,22237.05967492176,42775.27793022198,0.0,647.17501714404,22407.169172077934,15208.516358999997,0,0,0,8550.000000001999,-1210.3000283343026,22069.161985352355,0.04083835200003705,9.094947017729282e-13,1.1368683772161603e-13,5.684341886080802e-14,9.094947017729282e-13,318,331,14,7,0.5
dual_terminal_g17,333,2025-11-30,8860.147084614964,8946.533159328128,54449.796426501955,0.07524611799932882,54449.87167261996,86384.5361782492,0.016064499999856707,1336.0434331172776,24873.33276696525,20069.652073999998,1,1,1,8550.000000002203,-1210.3000283343845,54983.03672785936,0.04366382499995325,9.094947017729282e-13,1.1368683772161603e-13,4.263256414560601e-14,9.094947017729282e-13,319,332,14,7,0.5
dual_terminal_g17,334,2025-12-01,8946.533159328128,9005.147416939035,57133.92745799417,14096.8110177985,71230.73847579266,89825.132483401,2848.189705619998,1618.0597265658432,24755.694196168493,19999.35946704667,16,1,3,8550.000000001999,-1210.300028334288,57453.31493967683,0.041469773000017085,4.547473508864641e-13,1.1368683772161603e-13,5.684341886080802e-14,9.094947017729282e-13,320,333,14,7,0.5
dual_terminal_g17,335,2025-12-02,9005.147416939035,8840.567670640889,60096.4468549796,4241.935759424048,64338.38261440365,93925.07736970781,870.1058099933307,1579.0798180658448,24875.86938580864,20297.575974173335,8,1,2,8550.000000001999,-1210.300028334288,60986.50173515537,0.0399414970000862,0.0,1.1368683772161603e-13,5.684341886080802e-14,9.094947017729282e-13,321,334,14,7,0.5
dual_terminal_g17,336,2025-12-03,8840.567670640889,9138.188690246445,61386.60975421801,0.0,61386.60975421801,95546.14142832921,0.0,3560.9814430925826,23971.328952236632,19148.917533666667,0,0,0,8550.000000001999,-1210.3000283343026,61973.54556527067,0.04088262200002646,9.094947017729282e-13,1.1368683772161603e-13,1.1368683772161603e-13,9.094947017729282e-13,322,335,14,7,0.5
dual_terminal_g17,337,2025-12-04,9138.188690246445,7986.433111849192,61079.43264932155,187.02406749400186,61266.45671681555,94687.54910174996,34.14093966666701,4562.602309358037,23286.626329558596,19898.7473475,1,1,1,7508.336494973264,-711.6571296784737,62074.87926543301,0.038713255999937246,9.094947017729282e-13,1.1368683772161603e-13,1.1368683772161603e-13,8.846257060213247e-13,323,336,14,7,0.5
dual_terminal_g17,338,2025-12-05,7986.433111849192,8148.413925260392,26898.9404765059,0.0,26898.9404765059,50709.243892884864,0.0,5452.072085485603,19998.744168399266,16053.200044333335,0,0,0,7615.982468888167,-762.4698468426709,27683.572971213987,0.042111157000022104,2.2737367544323206e-13,1.1368683772161603e-13,5.684341886080802e-14,9.094947017729282e-13,324,337,14,7,0.5
dual_terminal_g17,339,2025-12-06,8148.413925260392,9061.289399418667,27441.533322618852,0.0,27441.533322618852,52187.486516317804,0.0,3711.218453574069,21000.25957544541,16188.622329368332,0,0,0,8550.000000001999,-1210.3000283342735,27697.82534813208,0.04276220999997804,9.094947017729282e-13,1.1368683772161603e-13,5.684341886080802e-14,8.633094239485217e-13,325,338,14,7,0.5
dual_terminal_g17,340,2025-12-07,9061.289399418667,9176.981400474426,63160.96344694131,102.44325018316623,63263.406697124476,98238.55398296729,17.636782333333258,6036.72371889712,23487.69997607018,18920.914179666666,1,1,1,8550.000000002203,-1210.3000283343845,63726.806709211734,0.039491492000024664,9.094947017729282e-13,1.1368683772161603e-13,1.1368683772161603e-13,9.094947017729282e-13,326,339,14,7,0.5
dual_terminal_g17,341,2025-12-08,9176.981400474426,9257.070840783477,64840.87096106747,0.0,64840.87096106747,100431.5463668043,0.0,8175.788398343626,22823.507134294006,18414.9602825,0,0,0,8550.000000001999,-1210.300028334288,65404.28318701727,0.04013194900005601,9.094947017729282e-13,1.1368683772161603e-13,5.684341886080802e-14,9.094947017729282e-13,327,340,14,7,0.5
dual_terminal_g17,342,2025-12-09,9257.070840783477,9105.203921379778,64492.229642434504,0.0,64492.229642434504,99880.34214796501,0.0,8144.67112104527,23599.457830086416,19252.241069833333,0,0,0,8550.000000001999,-1210.300028334288,65106.02986637388,0.04156746099999964,9.094947017729282e-13,1.1368683772161603e-13,1.4921397450962104e-13,9.094947017729282e-13,328,341,14,7,0.5
dual_terminal_g17,343,2025-12-10,9105.203921379778,9099.15165086126,63895.451981000384,0.0,63895.451981000384,99064.310264358,0.0,6342.325245378599,22841.12418831276,18506.757636000002,0,0,0,8550.000000001999,-1210.3000283343026,64505.44100772073,0.042296906000046874,9.094947017729282e-13,1.1368683772161603e-13,1.1368683772161603e-13,9.094947017729282e-13,329,342,14,7,0.5
dual_terminal_g17,344,2025-12-11,9099.15165086126,8110.821329371413,62976.655739284906,0.0,62976.655739284906,97291.7098779022,0.0,8077.636640448552,21801.662246287007,18548.843708833338,0,0,0,7508.336494973264,-711.6571296784737,64299.88796575203,0.042660409999939475,9.094947017729282e-13,1.1368683772161603e-13,5.684341886080802e-14,9.023892744153272e-13,330,343,14,7,0.5
dual_terminal_g17,345,2025-12-12,8110.821329371413,8084.85444486039,27331.589006066966,0.0,27331.589006066966,51531.307641294334,0.0,4082.670378738686,19776.810396222314,16042.586616999997,0,0,0,7615.982468888167,-762.4698468426709,28239.313524409,0.04730586599998787,9.094947017729282e-13,1.1368683772161603e-13,1.1368683772161603e-13,9.094947017729282e-13,331,344,14,7,0.5
dual_terminal_g17,346,2025-12-13,8084.85444486039,9126.286964600145,28041.396313927078,0.0,28041.396313927078,53427.27958154622,0.0,4669.097409835391,21170.313266377503,16210.664477999999,0,0,0,8550.000000001999,-1210.3000283342735,28511.42375779554,0.05024217899995165,4.547473508864641e-13,1.1368683772161603e-13,1.1368683772161603e-13,9.094947017729282e-13,332,345,14,7,0.5
dual_terminal_g17,347,2025-12-14,9126.286964600145,9036.749452567019,62883.10974653806,0.0,62883.10974653806,97871.59772287883,0.0,4565.470720506175,24252.57349053932,19725.168288166667,0,0,0,8550.000000002203,-1210.3000283343845,63665.35805599739,0.04501614999992398,9.094947017729282e-13,1.1368683772161603e-13,1.1368683772161603e-13,9.094947017729282e-13,333,346,14,7,0.5
dual_terminal_g17,348,2025-12-15,9036.749452567019,9155.950548694595,64109.688113617565,0.0,64109.688113617565,99671.70919011088,0.0,5522.623576518515,24064.456107425696,19384.9284605,0,0,0,8550.000000001999,-1210.300028334288,64909.07014369288,0.04511754700001802,9.094947017729282e-13,1.1368683772161603e-13,1.1368683772161603e-13,9.094947017729282e-13,334,347,14,7,0.5
dual_terminal_g17,349,2025-12-16,9155.950548694595,8927.038875198301,63923.57864507238,1.3904077000001491,63924.96905277238,99291.6059703827,0.2538166666666939,5568.547032777779,23743.378563604936,19438.157142666663,1,1,1,8550.000000001999,-1210.300028334288,64498.616557203335,0.044063445999995565,9.094947017729282e-13,1.1368683772161603e-13,1.1368683772161603e-13,9.094947017729282e-13,335,348,14,7,0.5
dual_terminal_g17,350,2025-12-17,8927.038875198301,8974.283877244592,62996.19729937932,0.0,62996.19729937932,98260.80188262343,0.0,5492.0941782798345,23864.94808334361,19288.08744566667,0,0,0,8550.000000001999,-1210.3000283343026,63626.41125830499,0.044237001999931636,4.547473508864641e-13,1.1368683772161603e-13,1.1368683772161603e-13,8.668621376273222e-13,336,349,14,7,0.5
dual_terminal_g17,351,2025-12-18,8974.283877244592,7974.596745973265,62009.81087706385,0.0,62009.81087706385,96202.41582300098,0.0,5295.272068502057,23371.5537156656,19830.676927833334,0,0,0,7508.336494973264,-711.6571296784737,63101.91787944629,0.04320932100006303,9.094947017729282e-13,1.1368683772161603e-13,1.1368683772161603e-13,9.094947017729282e-13,337,350,14,7,0.5
dual_terminal_g17,352,2025-12-19,7974.596745973265,7807.860896706687,26562.54655574669,0.0,26562.54655574669,50627.27840624907,0.0,3990.4920317448577,20412.933362337542,16684.538287833333,0,0,0,7615.982468888167,-762.4698468426709,27263.473213997448,0.062007042999994155,9.094947017729282e-13,1.1368683772161603e-13,1.1368683772161603e-13,9.094947017729282e-13,338,351,14,7,0.5
dual_terminal_g17,353,2025-12-20,7807.860896706687,9090.863848885334,27214.627413876075,0.0,27214.627413876075,52182.50074462853,0.0,3946.182248002055,22238.229419293144,16858.263172666666,0,0,0,8550.000000001999,-1210.3000283342735,27353.825057585414,0.045558880000044155,4.547473508864641e-13,1.1368683772161603e-13,1.1368683772161603e-13,9.094947017729282e-13,339,352,14,7,0.5
dual_terminal_g17,354,2025-12-21,9090.863848885334,9067.159866629983,61870.99270562192,0.0,61870.99270562192,96541.04921131297,0.0,2874.7532762016426,24472.88238144467,19844.368313,0,0,0,8550.000000002203,-1210.3000283343845,62177.76548811049,0.04372786800001904,9.094947017729282e-13,1.1368683772161603e-13,5.684341886080802e-14,9.094947017729282e-13,340,353,14,7,0.5
dual_terminal_g17,355,2025-12-22,9067.159866629983,8850.845531951996,62890.24458748616,27.39825260699878,62917.642840093155,97950.22915299771,5.001506499999778,4652.9548361028865,23997.534954061495,19632.686214,1,1,1,8550.000000001999,-1210.300028334288,63370.22421803669,0.04092944500007434,9.094947017729282e-13,1.1368683772161603e-13,1.1368683772161603e-13,8.846257060213247e-13,341,354,14,7,0.5
dual_terminal_g17,356,2025-12-23,8850.845531951996,9232.135576564962,63109.501406685005,0.0,63109.501406685005,98172.10414732716,0.0,6023.6833620473335,23932.459009446495,19042.130757500003,0,0,0,8550.000000001999,-1210.300028334288,63610.3313208465,0.04081155199992281,4.547473508864641e-13,1.1368683772161603e-13,1.1368683772161603e-13,9.023892744153272e-13,342,355,14,7,0.5
dual_terminal_g17,357,2025-12-24,9232.135576564962,8869.487538622372,61729.93771226228,0.0,61729.93771226228,96351.15146902262,0.0,4236.573322831269,24138.958229858028,19878.939400333333,0,0,0,8550.000000001999,-1210.3000283343026,62223.120365204944,0.04509721099998387,0.0,1.1368683772161603e-13,7.460698725481052e-14,9.094947017729282e-13,343,356,14,7,0.5
dual_terminal_g17,358,2025-12-25,8869.487538622372,7922.940485162155,61187.55479279567,0.0,61187.55479279567,95037.09936758535,0.0,3701.4415394629596,23026.850752122387,19503.64145733333,0,0,0,7508.336494973264,-711.6571296784737,62147.636229842916,0.04238187500004642,4.547473508864641e-13,1.1368683772161603e-13,1.1368683772161603e-13,9.094947017729282e-13,344,357,14,7,0.5
dual_terminal_g17,359,2025-12-26,7922.940485162155,8328.415270780759,26223.709551909455,0.0,26223.709551909455,49882.18210637663,0.0,2498.4354343251043,21111.562798218198,16735.438559500002,0,0,0,7615.982468888167,-762.4698468426709,26692.904756803415,0.044938615999967624,9.094947017729282e-13,1.1368683772161603e-13,1.1368683772161603e-13,9.094947017729282e-13,345,358,14,7,0.5
dual_terminal_g17,360,2025-12-27,8328.415270780759,9131.861887863108,26597.22695370767,0.0,26597.22695370767,50863.99483504623,0.0,2776.489043051444,21187.340894494788,16438.644169166662,0,0,0,8550.000000001999,-1210.3000283342735,26694.213964201674,0.044242204999932255,9.094947017729282e-13,1.1368683772161603e-13,1.1368683772161603e-13,9.094947017729282e-13,346,359,14,7,0.5
dual_terminal_g17,361,2025-12-28,9131.861887863108,9269.560759670714,61781.855474303426,632.5166202522514,62414.37209455568,96311.68078070598,109.25920116666691,5026.814653901234,23478.63996497142,18893.769387,3,1,1,8550.000000002203,-1210.3000283343845,62031.906588043945,0.04088032300001032,4.547473508864641e-13,1.1368683772161603e-13,1.1368683772161603e-13,9.094947017729282e-13,347,360,14,7,0.5
dual_terminal_g17,362,2025-12-29,9269.560759670714,8768.756528616816,61696.16087788808,0.0,61696.16087788808,96172.22114842158,0.0,4737.205999534983,22957.751000886605,19046.502118666664,0,0,0,8550.000000001999,-1210.300028334288,62109.11315929926,0.04181470300000001,9.094947017729282e-13,1.1368683772161603e-13,1.1368683772161603e-13,9.094947017729282e-13,348,361,14,7,0.5
dual_terminal_g17,363,2025-12-30,8768.756528616816,9039.674691674223,62130.60157789296,0.0,62130.60157789296,96938.4454293251,0.0,5902.424662502047,24041.00957932305,19229.391412499997,0,0,0,8550.000000001999,-1210.300028334288,62530.5293344246,0.041829127000028166,2.2737367544323206e-13,1.1368683772161603e-13,1.1368683772161603e-13,8.881784197001252e-13,349,362,14,7,0.5
dual_terminal_g17,364,2025-12-31,9039.674691674223,8544.186439294588,60959.986399894835,172.86925698250388,61132.85565687734,95433.60278522427,43.27140350000097,2568.641851327163,24777.62542739711,20515.816023333333,1,1,1,8550.000000001999,-1210.3000283343026,61424.11260713752,0.04297406499995304,9.094947017729282e-13,1.1368683772161603e-13,1.1368683772161603e-13,9.094947017729282e-13,350,363,14,7,0.5
