origin,grid_size,iteration,weekday,initial_soc,objective,initial_soc_dual,cut_slope,cut_intercept
2025-02-01,17,1,6,1200.0,62484.614964513436,-0.47900001111111107,-0.47900001111111107,63059.41497784677
2025-02-01,17,1,6,1800.0,62197.214957846765,-0.47900001111111107,-0.47900001111111107,63059.41497784676
2025-02-01,17,1,6,2400.0,61909.8149511801,-0.47900001111111107,-0.47900001111111107,63059.41497784677
2025-02-01,17,1,6,3000.0,61622.86494451342,-0.4780000111111111,-0.4780000111111111,63056.86497784675
2025-02-01,17,1,6,3600.0,61336.09827118009,-0.47788889999999995,-0.47788889999999995,63056.49831118009
2025-02-01,17,1,6,4200.0,61049.49826451344,-0.4770000111111111,-0.4770000111111111,63052.898311180106
2025-02-01,17,1,6,4800.0,60763.29825784676,-0.4761111222222222,-0.4761111222222222,63048.63164451343
2025-02-01,17,1,6,5400.0,60477.63158451342,-0.4761111222222222,-0.4761111222222222,63048.63164451342
2025-02-01,17,1,6,6000.0,60192.26491118009,-0.47544445555555553,-0.47544445555555553,63044.931644513425
2025-02-01,17,1,6,6600.0,59907.231571180084,-0.47466667777777777,-0.47466667777777777,63040.031644513416
2025-02-01,17,1,6,7200.0,59622.44823118009,-0.47455556666666665,-0.47455556666666665,63039.24831118009
2025-02-01,17,1,6,7800.0,59337.71489118008,-0.47455556666666665,-0.47455556666666665,63039.24831118008
2025-02-01,17,1,6,8400.0,59053.11488451342,-0.4743333444444444,-0.4743333444444444,63037.51497784675
2025-02-01,17,1,6,9000.0,58769.56487784675,-0.4720000111111111,-0.4720000111111111,63017.56497784675
2025-02-01,17,1,6,9600.0,58486.46487118008,-0.47166667777777777,-0.47166667777777777,63014.46497784674
2025-02-01,17,1,6,10200.0,58212.331531180076,-0.41255556666666665,-0.41255556666666665,62420.39831118008
2025-02-01,17,1,6,10800.0,57964.798191180074,-0.384479991,-0.384479991,62117.182093980075
2025-02-01,17,1,5,1200.0,28983.4906820794,-0.47900001111111107,-0.47900001111111107,29558.290695412732
2025-02-01,17,1,5,1800.0,28696.09067541273,-0.47900001111111107,-0.47900001111111107,29558.290695412732
2025-02-01,17,1,5,2400.0,28408.69066874607,-0.47900001111111107,-0.47900001111111107,29558.290695412736
2025-02-01,17,1,5,3000.0,28121.740662079403,-0.4780000111111111,-0.4780000111111111,29555.740695412736
2025-02-01,17,1,5,3600.0,27834.973988746064,-0.47788889999999995,-0.47788889999999995,29555.374028746064
2025-02-01,17,1,5,4200.0,27548.373982079396,-0.4770000111111111,-0.4770000111111111,29551.774028746062
2025-02-01,17,1,5,4800.0,27262.17397541273,-0.4770000111111111,-0.4770000111111111,29551.774028746062
2025-02-01,17,1,5,5400.0,26976.5073020794,-0.4761111222222222,-0.4761111222222222,29547.5073620794
2025-02-01,17,1,5,6000.0,26691.140628746067,-0.47544445555555553,-0.47544445555555553,29543.8073620794
2025-02-01,17,1,5,6600.0,26406.10728874607,-0.47466667777777777,-0.47466667777777777,29538.9073620794
2025-02-01,17,1,5,7200.0,26121.323948746067,-0.47455556666666665,-0.47455556666666665,29538.124028746068
2025-02-01,17,1,5,7800.0,25836.59060874607,-0.47455556666666665,-0.47455556666666665,29538.12402874607
2025-02-01,17,1,5,8400.0,25551.990602079408,-0.4743333444444444,-0.4743333444444444,29536.39069541274
2025-02-01,17,1,5,9000.0,25268.44059541274,-0.4720000111111111,-0.4720000111111111,29516.44069541274
2025-02-01,17,1,5,9600.0,24985.340588746072,-0.47166667777777777,-0.47166667777777777,29513.34069541274
2025-02-01,17,1,5,10200.0,24711.20724874607,-0.41255556666666665,-0.41255556666666665,28919.27402874607
2025-02-01,17,1,5,10800.0,24463.67390874607,-0.384479991,-0.384479991,28616.05781154607
2025-02-01,17,1,4,1200.0,29052.451537971225,-0.47900001111111107,-0.47900001111111107,29627.25155130456
2025-02-01,17,1,4,1800.0,28765.051531304565,-0.47900001111111107,-0.47900001111111107,29627.251551304566
2025-02-01,17,1,4,2400.0,28477.6515246379,-0.47900001111111107,-0.47900001111111107,29627.251551304566
2025-02-01,17,1,4,3000.0,28190.701517971236,-0.4780000111111111,-0.4780000111111111,29624.70155130457
2025-02-01,17,1,4,3600.0,27903.9348446379,-0.47788889999999995,-0.47788889999999995,29624.3348846379
2025-02-01,17,1,4,4200.0,27617.334837971233,-0.4770000111111111,-0.4770000111111111,29620.7348846379
2025-02-01,17,1,4,4800.0,27331.13483130457,-0.4770000111111111,-0.4770000111111111,29620.734884637903
2025-02-01,17,1,4,5400.0,27045.46815797124,-0.4761111222222222,-0.4761111222222222,29616.46821797124
2025-02-01,17,1,4,6000.0,26760.101484637908,-0.47544445555555553,-0.47544445555555553,29612.76821797124
2025-02-01,17,1,4,6600.0,26475.06814463791,-0.47466667777777777,-0.47466667777777777,29607.86821797124
2025-02-01,17,1,4,7200.0,26190.2848046379,-0.47455556666666665,-0.47455556666666665,29607.0848846379
2025-02-01,17,1,4,7800.0,25905.551464637905,-0.47455556666666665,-0.47455556666666665,29607.084884637905
2025-02-01,17,1,4,8400.0,25620.95145797124,-0.4743333444444444,-0.4743333444444444,29605.351551304575
2025-02-01,17,1,4,9000.0,25337.401451304573,-0.4720000111111111,-0.4720000111111111,29585.401551304574
2025-02-01,17,1,4,9600.0,25054.30144463791,-0.47166667777777777,-0.47166667777777777,29582.301551304576
2025-02-01,17,1,4,10200.0,24780.1681046379,-0.41255556666666665,-0.41255556666666665,28988.234884637903
2025-02-01,17,1,4,10800.0,24532.634764637904,-0.384209991,-0.384209991,28682.102667437903
2025-02-01,17,1,3,1200.0,65498.34069602766,-0.47900001111111107,-0.47900001111111107,66073.14070936099
2025-02-01,17,1,3,1800.0,65210.940689361,-0.47900001111111107,-0.47900001111111107,66073.140709361
2025-02-01,17,1,3,2400.0,64923.54068269432,-0.47900001111111107,-0.47900001111111107,66073.14070936099
2025-02-01,17,1,3,3000.0,64636.590676027656,-0.4780000111111111,-0.4780000111111111,66070.59070936099
2025-02-01,17,1,3,3600.0,64349.824002694324,-0.47788889999999995,-0.47788889999999995,66070.22404269432
2025-02-01,17,1,3,4200.0,64063.22399602765,-0.4770000111111111,-0.4770000111111111,66066.62404269431
2025-02-01,17,1,3,4800.0,63777.02398936098,-0.4770000111111111,-0.4770000111111111,66066.62404269431
2025-02-01,17,1,3,5400.0,63491.35731602766,-0.4761111222222222,-0.4761111222222222,66062.35737602766
2025-02-01,17,1,3,6000.0,63205.99064269432,-0.47544445555555553,-0.47544445555555553,66058.65737602765
2025-02-01,17,1,3,6600.0,62920.95730269431,-0.47466667777777777,-0.47466667777777777,66053.75737602764
2025-02-01,17,1,3,7200.0,62636.173962694316,-0.47455556666666665,-0.47455556666666665,66052.97404269432
2025-02-01,17,1,3,7800.0,62351.44062269432,-0.4743333444444444,-0.4743333444444444,66051.24070936098
2025-02-01,17,1,3,8400.0,62066.84061602764,-0.4743333444444444,-0.4743333444444444,66051.24070936098
2025-02-01,17,1,3,9000.0,61783.29060936098,-0.4720000111111111,-0.4720000111111111,66031.29070936098
2025-02-01,17,1,3,9600.0,61500.19060269431,-0.47166667777777777,-0.47166667777777777,66028.19070936098
2025-02-01,17,1,3,10200.0,61226.05726269431,-0.41255556666666665,-0.41255556666666665,65434.12404269431
2025-02-01,17,1,3,10800.0,60978.5239226943,-0.384479991,-0.384479991,65130.9078254943
2025-02-01,17,1,2,1200.0,65106.90135051228,-0.47900001111111107,-0.47900001111111107,65681.70136384561
2025-02-01,17,1,2,1800.0,64819.501343845615,-0.47900001111111107,-0.47900001111111107,65681.70136384561
2025-02-01,17,1,2,2400.0,64532.10133717894,-0.47900001111111107,-0.47900001111111107,65681.7013638456
2025-02-01,17,1,2,3000.0,64245.15133051227,-0.4780000111111111,-0.4780000111111111,65679.15136384561
2025-02-01,17,1,2,3600.0,63958.38465717894,-0.47788889999999995,-0.47788889999999995,65678.78469717894
2025-02-01,17,1,2,4200.0,63671.784650512265,-0.4770000111111111,-0.4770000111111111,65675.18469717893
2025-02-01,17,1,2,4800.0,63385.5846438456,-0.4770000111111111,-0.4770000111111111,65675.18469717893
2025-02-01,17,1,2,5400.0,63099.91797051226,-0.4761111222222222,-0.4761111222222222,65670.91803051226
2025-02-01,17,1,2,6000.0,62814.55129717892,-0.47544445555555553,-0.47544445555555553,65667.21803051226
2025-02-01,17,1,2,6600.0,62529.51795717892,-0.47466667777777777,-0.47466667777777777,65662.31803051225
2025-02-01,17,1,2,7200.0,62244.73461717892,-0.47455556666666665,-0.47455556666666665,65661.53469717891
2025-02-01,17,1,2,7800.0,61960.00127717891,-0.4743333444444444,-0.4743333444444444,65659.80136384557
2025-02-01,17,1,2,8400.0,61675.401270512244,-0.4743333444444444,-0.4743333444444444,65659.80136384557
2025-02-01,17,1,2,9000.0,61391.85126384557,-0.4720000111111111,-0.4720000111111111,65639.85136384558
2025-02-01,17,1,2,9600.0,61108.751257178905,-0.47166667777777777,-0.47166667777777777,65636.75136384557
2025-02-01,17,1,2,10200.0,60834.617917178904,-0.41255556666666665,-0.41255556666666665,65042.684697178905
2025-02-01,17,1,2,10800.0,60587.08457717891,-0.38231999099999997,-0.38231999099999997,64716.14047997891
2025-02-01,17,1,1,1200.0,63335.203095236226,-0.47900001111111107,-0.47900001111111107,63910.00310856956
2025-02-01,17,1,1,1800.0,63047.803088569555,-0.47900001111111107,-0.47900001111111107,63910.00310856955
2025-02-01,17,1,1,2400.0,62760.403081902885,-0.47900001111111107,-0.47900001111111107,63910.00310856955
2025-02-01,17,1,1,3000.0,62473.45307523622,-0.4780000111111111,-0.4780000111111111,63907.45310856955
2025-02-01,17,1,1,3600.0,62186.68640190289,-0.47788889999999995,-0.47788889999999995,63907.08644190289
2025-02-01,17,1,1,4200.0,61900.08639523621,-0.4770000111111111,-0.4770000111111111,63903.48644190288
2025-02-01,17,1,1,4800.0,61613.88638856955,-0.4770000111111111,-0.4770000111111111,63903.48644190288
2025-02-01,17,1,1,5400.0,61328.219715236206,-0.4761111222222222,-0.4761111222222222,63899.219775236204
2025-02-01,17,1,1,6000.0,61042.853041902876,-0.47544445555555553,-0.47544445555555553,63895.51977523621
2025-02-01,17,1,1,6600.0,60757.81970190287,-0.47466667777777777,-0.47466667777777777,63890.6197752362
2025-02-01,17,1,1,7200.0,60473.03636190287,-0.47455556666666665,-0.47455556666666665,63889.83644190287
2025-02-01,17,1,1,7800.0,60188.303021902866,-0.47455556666666665,-0.47455556666666665,63889.836441902866
2025-02-01,17,1,1,8400.0,59903.70301523619,-0.4743333444444444,-0.4743333444444444,63888.10310856952
2025-02-01,17,1,1,9000.0,59620.153008569534,-0.4720000111111111,-0.4720000111111111,63868.15310856953
2025-02-01,17,1,1,9600.0,59337.05300190286,-0.47166667777777777,-0.47166667777777777,63865.053108569526
2025-02-01,17,1,1,10200.0,59062.91966190286,-0.41255556666666665,-0.41255556666666665,63270.98644190286
2025-02-01,17,1,1,10800.0,58815.38632190285,-0.384209991,-0.384209991,62964.85422470285
2025-02-01,17,1,0,1200.0,63166.571559930504,-0.47900001111111107,-0.47900001111111107,63741.37157326384
2025-02-01,17,1,0,1800.0,62879.171553263826,-0.47900001111111107,-0.47900001111111107,63741.37157326382
2025-02-01,17,1,0,2400.0,62591.77154659716,-0.47900001111111107,-0.47900001111111107,63741.37157326383
2025-02-01,17,1,0,3000.0,62304.8215399305,-0.4780000111111111,-0.4780000111111111,63738.82157326383
2025-02-01,17,1,0,3600.0,62018.05486659715,-0.47788889999999995,-0.47788889999999995,63738.45490659715
2025-02-01,17,1,0,4200.0,61731.45485993049,-0.4770000111111111,-0.4770000111111111,63734.85490659716
2025-02-01,17,1,0,4800.0,61445.254853263825,-0.4761111222222222,-0.4761111222222222,63730.58823993049
2025-02-01,17,1,0,5400.0,61159.588179930484,-0.4761111222222222,-0.4761111222222222,63730.58823993048
2025-02-01,17,1,0,6000.0,60874.22150659715,-0.47544445555555553,-0.47544445555555553,63726.88823993048
2025-02-01,17,1,0,6600.0,60589.18816659714,-0.47466667777777777,-0.47466667777777777,63721.98823993047
2025-02-01,17,1,0,7200.0,60304.40482659714,-0.47455556666666665,-0.47455556666666665,63721.204906597144
2025-02-01,17,1,0,7800.0,60019.67148659714,-0.47455556666666665,-0.47455556666666665,63721.20490659714
2025-02-01,17,1,0,8400.0,59735.07147993048,-0.4743333444444444,-0.4743333444444444,63719.47157326381
2025-02-01,17,1,0,9000.0,59451.521473263805,-0.4720000111111111,-0.4720000111111111,63699.5215732638
2025-02-01,17,1,0,9600.0,59168.42146659713,-0.47166667777777777,-0.47166667777777777,63696.4215732638
2025-02-01,17,1,0,10200.0,58894.28812659713,-0.41255556666666665,-0.41255556666666665,63102.35490659713
2025-02-01,17,1,0,10800.0,58646.754786597136,-0.38231999099999997,-0.38231999099999997,62775.810689397134
2025-02-01,17,2,6,1200.0,64693.3483511801,-0.47900001111111107,-0.47900001111111107,65268.148364513436
2025-02-01,17,2,6,1800.0,64405.94834451344,-0.47900001111111107,-0.47900001111111107,65268.148364513436
2025-02-01,17,2,6,2400.0,64118.548337846776,-0.47900001111111107,-0.47900001111111107,65268.14836451344
2025-02-01,17,2,6,3000.0,63831.59833118011,-0.4780000111111111,-0.4780000111111111,65265.59836451344
2025-02-01,17,2,6,3600.0,63544.831657846764,-0.47788889999999995,-0.47788889999999995,65265.231697846764
2025-02-01,17,2,6,4200.0,63258.23165118012,-0.4770000111111111,-0.4770000111111111,65261.63169784679
2025-02-01,17,2,6,4800.0,62972.03164451344,-0.4770000111111111,-0.4770000111111111,65261.63169784677
2025-02-01,17,2,6,5400.0,62686.3649711801,-0.4761111222222222,-0.4761111222222222,65257.365031180096
2025-02-01,17,2,6,6000.0,62400.99829784676,-0.47544445555555553,-0.47544445555555553,65253.66503118009
2025-02-01,17,2,6,6600.0,62115.964957846765,-0.47466667777777777,-0.47466667777777777,65248.7650311801
2025-02-01,17,2,6,7200.0,61831.181617846756,-0.47455556666666665,-0.47455556666666665,65247.98169784676
2025-02-01,17,2,6,7800.0,61546.44827784675,-0.47455556666666665,-0.47455556666666665,65247.98169784675
2025-02-01,17,2,6,8400.0,61261.84827118009,-0.4743333444444444,-0.4743333444444444,65246.24836451342
2025-02-01,17,2,6,9000.0,60978.29826451342,-0.4720000111111111,-0.4720000111111111,65226.298364513415
2025-02-01,17,2,6,9600.0,60695.19825784676,-0.47166667777777777,-0.47166667777777777,65223.198364513424
2025-02-01,17,2,6,10200.0,60421.06491784676,-0.41255556666666665,-0.41255556666666665,64629.13169784676
2025-02-01,17,2,6,10800.0,60173.53157784675,-0.38231999099999997,-0.38231999099999997,64302.58748064675
2025-02-01,17,2,5,1200.0,28983.4906820794,-0.47900001111111107,-0.47900001111111107,29558.290695412732
2025-02-01,17,2,5,1800.0,28696.09067541273,-0.47900001111111107,-0.47900001111111107,29558.290695412732
2025-02-01,17,2,5,2400.0,28408.69066874607,-0.47900001111111107,-0.47900001111111107,29558.290695412736
2025-02-01,17,2,5,3000.0,28121.740662079403,-0.4780000111111111,-0.4780000111111111,29555.740695412736
2025-02-01,17,2,5,3600.0,27834.973988746064,-0.47788889999999995,-0.47788889999999995,29555.374028746064
2025-02-01,17,2,5,4200.0,27548.373982079396,-0.4770000111111111,-0.4770000111111111,29551.774028746062
2025-02-01,17,2,5,4800.0,27262.17397541273,-0.4770000111111111,-0.4770000111111111,29551.774028746062
2025-02-01,17,2,5,5400.0,26976.5073020794,-0.4761111222222222,-0.4761111222222222,29547.5073620794
2025-02-01,17,2,5,6000.0,26691.140628746067,-0.47544445555555553,-0.47544445555555553,29543.8073620794
2025-02-01,17,2,5,6600.0,26406.10728874607,-0.47466667777777777,-0.47466667777777777,29538.9073620794
2025-02-01,17,2,5,7200.0,26121.323948746067,-0.47455556666666665,-0.47455556666666665,29538.124028746068
2025-02-01,17,2,5,7800.0,25836.59060874607,-0.47455556666666665,-0.47455556666666665,29538.12402874607
2025-02-01,17,2,5,8400.0,25551.990602079408,-0.4743333444444444,-0.4743333444444444,29536.39069541274
2025-02-01,17,2,5,9000.0,25268.44059541274,-0.4720000111111111,-0.4720000111111111,29516.44069541274
2025-02-01,17,2,5,9600.0,24985.340588746072,-0.47166667777777777,-0.47166667777777777,29513.34069541274
2025-02-01,17,2,5,10200.0,24711.20724874607,-0.41255556666666665,-0.41255556666666665,28919.27402874607
2025-02-01,17,2,5,10800.0,24463.67390874607,-0.384479991,-0.384479991,28616.05781154607
2025-02-01,17,2,4,1200.0,29052.451537971225,-0.47900001111111107,-0.47900001111111107,29627.25155130456
2025-02-01,17,2,4,1800.0,28765.051531304565,-0.47900001111111107,-0.47900001111111107,29627.251551304566
2025-02-01,17,2,4,2400.0,28477.6515246379,-0.47900001111111107,-0.47900001111111107,29627.251551304566
2025-02-01,17,2,4,3000.0,28190.701517971236,-0.4780000111111111,-0.4780000111111111,29624.70155130457
2025-02-01,17,2,4,3600.0,27903.9348446379,-0.47788889999999995,-0.47788889999999995,29624.3348846379
2025-02-01,17,2,4,4200.0,27617.334837971233,-0.4770000111111111,-0.4770000111111111,29620.7348846379
2025-02-01,17,2,4,4800.0,27331.13483130457,-0.4770000111111111,-0.4770000111111111,29620.734884637903
2025-02-01,17,2,4,5400.0,27045.46815797124,-0.4761111222222222,-0.4761111222222222,29616.46821797124
2025-02-01,17,2,4,6000.0,26760.101484637908,-0.47544445555555553,-0.47544445555555553,29612.76821797124
2025-02-01,17,2,4,6600.0,26475.06814463791,-0.47466667777777777,-0.47466667777777777,29607.86821797124
2025-02-01,17,2,4,7200.0,26190.2848046379,-0.47455556666666665,-0.47455556666666665,29607.0848846379
2025-02-01,17,2,4,7800.0,25905.551464637905,-0.47455556666666665,-0.47455556666666665,29607.084884637905
2025-02-01,17,2,4,8400.0,25620.95145797124,-0.4743333444444444,-0.4743333444444444,29605.351551304575
2025-02-01,17,2,4,9000.0,25337.401451304573,-0.4720000111111111,-0.4720000111111111,29585.401551304574
2025-02-01,17,2,4,9600.0,25054.30144463791,-0.47166667777777777,-0.47166667777777777,29582.301551304576
2025-02-01,17,2,4,10200.0,24780.1681046379,-0.41255556666666665,-0.41255556666666665,28988.234884637903
2025-02-01,17,2,4,10800.0,24532.634764637904,-0.384209991,-0.384209991,28682.102667437903
2025-02-01,17,2,3,1200.0,65498.34069602766,-0.47900001111111107,-0.47900001111111107,66073.14070936099
2025-02-01,17,2,3,1800.0,65210.940689361,-0.47900001111111107,-0.47900001111111107,66073.140709361
2025-02-01,17,2,3,2400.0,64923.54068269432,-0.47900001111111107,-0.47900001111111107,66073.14070936099
2025-02-01,17,2,3,3000.0,64636.590676027656,-0.4780000111111111,-0.4780000111111111,66070.59070936099
2025-02-01,17,2,3,3600.0,64349.824002694324,-0.47788889999999995,-0.47788889999999995,66070.22404269432
2025-02-01,17,2,3,4200.0,64063.22399602765,-0.4770000111111111,-0.4770000111111111,66066.62404269431
2025-02-01,17,2,3,4800.0,63777.02398936098,-0.4770000111111111,-0.4770000111111111,66066.62404269431
2025-02-01,17,2,3,5400.0,63491.35731602766,-0.4761111222222222,-0.4761111222222222,66062.35737602766
2025-02-01,17,2,3,6000.0,63205.99064269432,-0.47544445555555553,-0.47544445555555553,66058.65737602765
2025-02-01,17,2,3,6600.0,62920.95730269431,-0.47466667777777777,-0.47466667777777777,66053.75737602764
2025-02-01,17,2,3,7200.0,62636.173962694316,-0.47455556666666665,-0.47455556666666665,66052.97404269432
2025-02-01,17,2,3,7800.0,62351.44062269432,-0.4743333444444444,-0.4743333444444444,66051.24070936098
2025-02-01,17,2,3,8400.0,62066.84061602764,-0.4743333444444444,-0.4743333444444444,66051.24070936098
2025-02-01,17,2,3,9000.0,61783.29060936098,-0.4720000111111111,-0.4720000111111111,66031.29070936098
2025-02-01,17,2,3,9600.0,61500.19060269431,-0.47166667777777777,-0.47166667777777777,66028.19070936098
2025-02-01,17,2,3,10200.0,61226.05726269431,-0.41255556666666665,-0.41255556666666665,65434.12404269431
2025-02-01,17,2,3,10800.0,60978.5239226943,-0.384479991,-0.384479991,65130.9078254943
2025-02-01,17,2,2,1200.0,65106.90135051228,-0.47900001111111107,-0.47900001111111107,65681.70136384561
2025-02-01,17,2,2,1800.0,64819.501343845615,-0.47900001111111107,-0.47900001111111107,65681.70136384561
2025-02-01,17,2,2,2400.0,64532.10133717894,-0.47900001111111107,-0.47900001111111107,65681.7013638456
2025-02-01,17,2,2,3000.0,64245.15133051227,-0.4780000111111111,-0.4780000111111111,65679.15136384561
2025-02-01,17,2,2,3600.0,63958.38465717894,-0.47788889999999995,-0.47788889999999995,65678.78469717894
2025-02-01,17,2,2,4200.0,63671.784650512265,-0.4770000111111111,-0.4770000111111111,65675.18469717893
2025-02-01,17,2,2,4800.0,63385.5846438456,-0.4770000111111111,-0.4770000111111111,65675.18469717893
2025-02-01,17,2,2,5400.0,63099.91797051226,-0.4761111222222222,-0.4761111222222222,65670.91803051226
2025-02-01,17,2,2,6000.0,62814.55129717892,-0.47544445555555553,-0.47544445555555553,65667.21803051226
2025-02-01,17,2,2,6600.0,62529.51795717892,-0.47466667777777777,-0.47466667777777777,65662.31803051225
2025-02-01,17,2,2,7200.0,62244.73461717892,-0.47455556666666665,-0.47455556666666665,65661.53469717891
2025-02-01,17,2,2,7800.0,61960.00127717891,-0.4743333444444444,-0.4743333444444444,65659.80136384557
2025-02-01,17,2,2,8400.0,61675.401270512244,-0.4743333444444444,-0.4743333444444444,65659.80136384557
2025-02-01,17,2,2,9000.0,61391.85126384557,-0.4720000111111111,-0.4720000111111111,65639.85136384558
2025-02-01,17,2,2,9600.0,61108.751257178905,-0.47166667777777777,-0.47166667777777777,65636.75136384557
2025-02-01,17,2,2,10200.0,60834.617917178904,-0.41255556666666665,-0.41255556666666665,65042.684697178905
2025-02-01,17,2,2,10800.0,60587.08457717891,-0.38231999099999997,-0.38231999099999997,64716.14047997891
2025-02-01,17,2,1,1200.0,63335.203095236226,-0.47900001111111107,-0.47900001111111107,63910.00310856956
2025-02-01,17,2,1,1800.0,63047.803088569555,-0.47900001111111107,-0.47900001111111107,63910.00310856955
2025-02-01,17,2,1,2400.0,62760.403081902885,-0.47900001111111107,-0.47900001111111107,63910.00310856955
2025-02-01,17,2,1,3000.0,62473.45307523622,-0.4780000111111111,-0.4780000111111111,63907.45310856955
2025-02-01,17,2,1,3600.0,62186.68640190289,-0.47788889999999995,-0.47788889999999995,63907.08644190289
2025-02-01,17,2,1,4200.0,61900.08639523621,-0.4770000111111111,-0.4770000111111111,63903.48644190288
2025-02-01,17,2,1,4800.0,61613.88638856955,-0.4770000111111111,-0.4770000111111111,63903.48644190288
2025-02-01,17,2,1,5400.0,61328.219715236206,-0.4761111222222222,-0.4761111222222222,63899.219775236204
2025-02-01,17,2,1,6000.0,61042.853041902876,-0.47544445555555553,-0.47544445555555553,63895.51977523621
2025-02-01,17,2,1,6600.0,60757.81970190287,-0.47466667777777777,-0.47466667777777777,63890.6197752362
2025-02-01,17,2,1,7200.0,60473.03636190287,-0.47455556666666665,-0.47455556666666665,63889.83644190287
2025-02-01,17,2,1,7800.0,60188.303021902866,-0.47455556666666665,-0.47455556666666665,63889.836441902866
2025-02-01,17,2,1,8400.0,59903.70301523619,-0.4743333444444444,-0.4743333444444444,63888.10310856952
2025-02-01,17,2,1,9000.0,59620.153008569534,-0.4720000111111111,-0.4720000111111111,63868.15310856953
2025-02-01,17,2,1,9600.0,59337.05300190286,-0.47166667777777777,-0.47166667777777777,63865.053108569526
2025-02-01,17,2,1,10200.0,59062.91966190286,-0.41255556666666665,-0.41255556666666665,63270.98644190286
2025-02-01,17,2,1,10800.0,58815.38632190285,-0.384209991,-0.384209991,62964.85422470285
2025-02-01,17,2,0,1200.0,63166.571559930504,-0.47900001111111107,-0.47900001111111107,63741.37157326384
2025-02-01,17,2,0,1800.0,62879.171553263826,-0.47900001111111107,-0.47900001111111107,63741.37157326382
2025-02-01,17,2,0,2400.0,62591.77154659716,-0.47900001111111107,-0.47900001111111107,63741.37157326383
2025-02-01,17,2,0,3000.0,62304.8215399305,-0.4780000111111111,-0.4780000111111111,63738.82157326383
2025-02-01,17,2,0,3600.0,62018.05486659715,-0.47788889999999995,-0.47788889999999995,63738.45490659715
2025-02-01,17,2,0,4200.0,61731.45485993049,-0.4770000111111111,-0.4770000111111111,63734.85490659716
2025-02-01,17,2,0,4800.0,61445.254853263825,-0.4761111222222222,-0.4761111222222222,63730.58823993049
2025-02-01,17,2,0,5400.0,61159.588179930484,-0.4761111222222222,-0.4761111222222222,63730.58823993048
2025-02-01,17,2,0,6000.0,60874.22150659715,-0.47544445555555553,-0.47544445555555553,63726.88823993048
2025-02-01,17,2,0,6600.0,60589.18816659714,-0.47466667777777777,-0.47466667777777777,63721.98823993047
2025-02-01,17,2,0,7200.0,60304.40482659714,-0.47455556666666665,-0.47455556666666665,63721.204906597144
2025-02-01,17,2,0,7800.0,60019.67148659714,-0.47455556666666665,-0.47455556666666665,63721.20490659714
2025-02-01,17,2,0,8400.0,59735.07147993048,-0.4743333444444444,-0.4743333444444444,63719.47157326381
2025-02-01,17,2,0,9000.0,59451.521473263805,-0.4720000111111111,-0.4720000111111111,63699.5215732638
2025-02-01,17,2,0,9600.0,59168.42146659713,-0.47166667777777777,-0.47166667777777777,63696.4215732638
2025-02-01,17,2,0,10200.0,58894.28812659713,-0.41255556666666665,-0.41255556666666665,63102.35490659713
2025-02-01,17,2,0,10800.0,58646.754786597136,-0.38231999099999997,-0.38231999099999997,62775.810689397134
2025-03-01,17,1,6,1200.0,61698.57109973958,-0.47900001111111107,-0.47900001111111107,62273.37111307291
2025-03-01,17,1,6,1800.0,61411.17109307292,-0.47900001111111107,-0.47900001111111107,62273.37111307291
2025-03-01,17,1,6,2400.0,61123.77108640625,-0.47900001111111107,-0.47900001111111107,62273.37111307291
2025-03-01,17,1,6,3000.0,60836.82107973959,-0.4780000111111111,-0.4780000111111111,62270.82111307292
2025-03-01,17,1,6,3600.0,60550.05440640624,-0.47788889999999995,-0.47788889999999995,62270.45444640624
2025-03-01,17,1,6,4200.0,60263.45439973958,-0.4770000111111111,-0.4770000111111111,62266.85444640625
2025-03-01,17,1,6,4800.0,59977.2543930729,-0.4770000111111111,-0.4770000111111111,62266.854446406236
2025-03-01,17,1,6,5400.0,59691.58771973956,-0.4761111222222222,-0.4761111222222222,62262.58777973956
2025-03-01,17,1,6,6000.0,59406.22104640622,-0.47544445555555553,-0.47544445555555553,62258.887779739554
2025-03-01,17,1,6,6600.0,59121.18770640623,-0.47466667777777777,-0.47466667777777777,62253.98777973956
2025-03-01,17,1,6,7200.0,58836.40436640622,-0.47455556666666665,-0.47455556666666665,62253.20444640622
2025-03-01,17,1,6,7800.0,58551.67102640621,-0.47455556666666665,-0.47455556666666665,62253.20444640621
2025-03-01,17,1,6,8400.0,58267.07101973954,-0.4743333444444444,-0.4743333444444444,62251.47111307287
2025-03-01,17,1,6,9000.0,57983.52101307287,-0.4720000111111111,-0.4720000111111111,62231.521113072864
2025-03-01,17,1,6,9600.0,57700.421006406206,-0.47166667777777777,-0.47166667777777777,62228.42111307287
2025-03-01,17,1,6,10200.0,57426.287666406206,-0.41255556666666665,-0.41255556666666665,61634.35444640621
2025-03-01,17,1,6,10800.0,57178.7543264062,-0.38231999099999997,-0.38231999099999997,61307.810229206196
2025-03-01,17,1,5,1200.0,28602.20609285028,-0.47900001111111107,-0.47900001111111107,29177.006106183613
2025-03-01,17,1,5,1800.0,28314.806086183613,-0.47900001111111107,-0.47900001111111107,29177.006106183613
2025-03-01,17,1,5,2400.0,28027.406079516946,-0.47900001111111107,-0.47900001111111107,29177.006106183613
2025-03-01,17,1,5,3000.0,27740.456072850284,-0.4780000111111111,-0.4780000111111111,29174.456106183618
2025-03-01,17,1,5,3600.0,27453.689399516956,-0.47788889999999995,-0.47788889999999995,29174.089439516956
2025-03-01,17,1,5,4200.0,27167.08939285029,-0.4770000111111111,-0.4770000111111111,29170.489439516954
2025-03-01,17,1,5,4800.0,26880.88938618362,-0.4770000111111111,-0.4770000111111111,29170.489439516954
2025-03-01,17,1,5,5400.0,26595.22271285029,-0.4761111222222222,-0.4761111222222222,29166.222772850288
2025-03-01,17,1,5,6000.0,26309.856039516955,-0.47544445555555553,-0.47544445555555553,29162.522772850287
2025-03-01,17,1,5,6600.0,26024.822699516957,-0.47466667777777777,-0.47466667777777777,29157.62277285029
2025-03-01,17,1,5,7200.0,25740.039359516963,-0.47455556666666665,-0.47455556666666665,29156.839439516963
2025-03-01,17,1,5,7800.0,25455.30601951696,-0.47455556666666665,-0.47455556666666665,29156.83943951696
2025-03-01,17,1,5,8400.0,25170.706012850296,-0.4743333444444444,-0.4743333444444444,29155.10610618363
2025-03-01,17,1,5,9000.0,24887.156006183635,-0.4720000111111111,-0.4720000111111111,29135.156106183636
2025-03-01,17,1,5,9600.0,24604.055999516968,-0.47166667777777777,-0.47166667777777777,29132.056106183634
2025-03-01,17,1,5,10200.0,24329.922659516968,-0.41255556666666665,-0.41255556666666665,28537.98943951697
2025-03-01,17,1,5,10800.0,24082.38931951697,-0.38231999099999997,-0.38231999099999997,28211.44522231697
2025-03-01,17,1,4,1200.0,28806.428615953257,-0.47900001111111107,-0.47900001111111107,29381.22862928659
2025-03-01,17,1,4,1800.0,28519.02860928659,-0.47900001111111107,-0.47900001111111107,29381.22862928659
2025-03-01,17,1,4,2400.0,28231.62860261993,-0.47900001111111107,-0.47900001111111107,29381.228629286597
2025-03-01,17,1,4,3000.0,27944.67859595326,-0.4780000111111111,-0.4780000111111111,29378.678629286595
2025-03-01,17,1,4,3600.0,27657.911922619933,-0.47788889999999995,-0.47788889999999995,29378.311962619933
2025-03-01,17,1,4,4200.0,27371.311915953265,-0.4770000111111111,-0.4770000111111111,29374.71196261993
2025-03-01,17,1,4,4800.0,27085.111909286603,-0.4770000111111111,-0.4770000111111111,29374.711962619935
2025-03-01,17,1,4,5400.0,26799.445235953266,-0.4761111222222222,-0.4761111222222222,29370.445295953265
2025-03-01,17,1,4,6000.0,26514.078562619932,-0.47544445555555553,-0.47544445555555553,29366.745295953264
2025-03-01,17,1,4,6600.0,26229.045222619934,-0.47466667777777777,-0.47466667777777777,29361.845295953266
2025-03-01,17,1,4,7200.0,25944.261882619932,-0.47455556666666665,-0.47455556666666665,29361.061962619933
2025-03-01,17,1,4,7800.0,25659.528542619933,-0.47455556666666665,-0.47455556666666665,29361.061962619933
2025-03-01,17,1,4,8400.0,25374.92853595327,-0.4743333444444444,-0.4743333444444444,29359.328629286603
2025-03-01,17,1,4,9000.0,25091.3785292866,-0.4720000111111111,-0.4720000111111111,29339.378629286603
2025-03-01,17,1,4,9600.0,24808.278522619934,-0.47166667777777777,-0.47166667777777777,29336.2786292866
2025-03-01,17,1,4,10200.0,24534.145182619934,-0.41255556666666665,-0.41255556666666665,28742.211962619935
2025-03-01,17,1,4,10800.0,24286.611842619935,-0.38231999099999997,-0.38231999099999997,28415.667745419934
2025-03-01,17,1,3,1200.0,64489.78705616492,-0.47900001111111107,-0.47900001111111107,65064.58706949825
2025-03-01,17,1,3,1800.0,64202.38704949825,-0.47900001111111107,-0.47900001111111107,65064.587069498244
2025-03-01,17,1,3,2400.0,63914.98704283158,-0.47900001111111107,-0.47900001111111107,65064.587069498244
2025-03-01,17,1,3,3000.0,63628.03703616491,-0.4780000111111111,-0.4780000111111111,65062.03706949824
2025-03-01,17,1,3,3600.0,63341.27036283158,-0.47788889999999995,-0.47788889999999995,65061.67040283158
2025-03-01,17,1,3,4200.0,63054.670356164905,-0.4770000111111111,-0.4770000111111111,65058.070402831574
2025-03-01,17,1,3,4800.0,62768.47034949824,-0.4761111222222222,-0.4761111222222222,65053.803736164904
2025-03-01,17,1,3,5400.0,62482.803676164905,-0.4761111222222222,-0.4761111222222222,65053.803736164904
2025-03-01,17,1,3,6000.0,62197.43700283157,-0.47544445555555553,-0.47544445555555553,65050.1037361649
2025-03-01,17,1,3,6600.0,61912.403662831566,-0.47466667777777777,-0.47466667777777777,65045.2037361649
2025-03-01,17,1,3,7200.0,61627.620322831564,-0.47455556666666665,-0.47455556666666665,65044.420402831565
2025-03-01,17,1,3,7800.0,61342.88698283156,-0.47455556666666665,-0.47455556666666665,65044.42040283156
2025-03-01,17,1,3,8400.0,61058.28697616489,-0.4743333444444444,-0.4743333444444444,65042.68706949822
2025-03-01,17,1,3,9000.0,60774.736969498226,-0.4720000111111111,-0.4720000111111111,65022.737069498224
2025-03-01,17,1,3,9600.0,60491.63696283156,-0.47166667777777777,-0.47166667777777777,65019.637069498225
2025-03-01,17,1,3,10200.0,60217.50362283156,-0.41255556666666665,-0.41255556666666665,64425.57040283156
2025-03-01,17,1,3,10800.0,59969.97028283156,-0.384479991,-0.384479991,64122.35418563156
2025-03-01,17,1,2,1200.0,64228.1472122087,-0.47900001111111107,-0.47900001111111107,64802.94722554203
2025-03-01,17,1,2,1800.0,63940.74720554203,-0.47900001111111107,-0.47900001111111107,64802.947225542026
2025-03-01,17,1,2,2400.0,63653.34719887536,-0.47900001111111107,-0.47900001111111107,64802.947225542026
2025-03-01,17,1,2,3000.0,63366.39719220869,-0.4780000111111111,-0.4780000111111111,64800.39722554202
2025-03-01,17,1,2,3600.0,63079.630518875354,-0.47788889999999995,-0.47788889999999995,64800.030558875354
2025-03-01,17,1,2,4200.0,62793.03051220869,-0.4770000111111111,-0.4770000111111111,64796.430558875356
2025-03-01,17,1,2,4800.0,62506.83050554201,-0.4770000111111111,-0.4770000111111111,64796.43055887535
2025-03-01,17,1,2,5400.0,62221.16383220868,-0.4761111222222222,-0.4761111222222222,64792.16389220868
2025-03-01,17,1,2,6000.0,61935.797158875335,-0.47544445555555553,-0.47544445555555553,64788.46389220867
2025-03-01,17,1,2,6600.0,61650.76381887533,-0.47466667777777777,-0.47466667777777777,64783.563892208665
2025-03-01,17,1,2,7200.0,61365.98047887533,-0.47455556666666665,-0.47455556666666665,64782.78055887533
2025-03-01,17,1,2,7800.0,61081.24713887533,-0.47455556666666665,-0.47455556666666665,64782.78055887533
2025-03-01,17,1,2,8400.0,60796.64713220866,-0.4743333444444444,-0.4743333444444444,64781.04722554199
2025-03-01,17,1,2,9000.0,60513.09712554199,-0.4720000111111111,-0.4720000111111111,64761.09722554199
2025-03-01,17,1,2,9600.0,60229.997118875326,-0.47166667777777777,-0.47166667777777777,64757.99722554199
2025-03-01,17,1,2,10200.0,59955.863778875326,-0.41255556666666665,-0.41255556666666665,64163.93055887533
2025-03-01,17,1,2,10800.0,59708.330438875324,-0.384209991,-0.384209991,63857.79834167533
2025-03-01,17,1,1,1200.0,62578.48128272745,-0.47900001111111107,-0.47900001111111107,63153.281296060784
2025-03-01,17,1,1,1800.0,62291.0812760608,-0.47900001111111107,-0.47900001111111107,63153.2812960608
2025-03-01,17,1,1,2400.0,62003.681269394125,-0.47900001111111107,-0.47900001111111107,63153.28129606079
2025-03-01,17,1,1,3000.0,61716.73126272746,-0.4780000111111111,-0.4780000111111111,63150.73129606079
2025-03-01,17,1,1,3600.0,61429.96458939413,-0.47788889999999995,-0.47788889999999995,63150.36462939413
2025-03-01,17,1,1,4200.0,61143.36458272745,-0.4770000111111111,-0.4770000111111111,63146.76462939412
2025-03-01,17,1,1,4800.0,60857.164576060786,-0.4761111222222222,-0.4761111222222222,63142.49796272745
2025-03-01,17,1,1,5400.0,60571.497902727446,-0.4761111222222222,-0.4761111222222222,63142.497962727444
2025-03-01,17,1,1,6000.0,60286.13122939411,-0.47544445555555553,-0.47544445555555553,63138.79796272744
2025-03-01,17,1,1,6600.0,60001.0978893941,-0.47466667777777777,-0.47466667777777777,63133.89796272743
2025-03-01,17,1,1,7200.0,59716.314549394105,-0.47455556666666665,-0.47455556666666665,63133.114629394106
2025-03-01,17,1,1,7800.0,59431.5812093941,-0.4743333444444444,-0.4743333444444444,63131.38129606077
2025-03-01,17,1,1,8400.0,59146.98120272744,-0.4743333444444444,-0.4743333444444444,63131.38129606077
2025-03-01,17,1,1,9000.0,58863.43119606077,-0.4720000111111111,-0.4720000111111111,63111.431296060764
2025-03-01,17,1,1,9600.0,58580.33118939409,-0.47166667777777777,-0.47166667777777777,63108.33129606076
2025-03-01,17,1,1,10200.0,58306.19784939409,-0.41255556666666665,-0.41255556666666665,62514.26462939409
2025-03-01,17,1,1,10800.0,58058.6645093941,-0.384479991,-0.384479991,62211.0484121941
2025-03-01,17,1,0,1200.0,62465.69165989813,-0.47900001111111107,-0.47900001111111107,63040.49167323147
2025-03-01,17,1,0,1800.0,62178.29165323147,-0.47900001111111107,-0.47900001111111107,63040.49167323147
2025-03-01,17,1,0,2400.0,61890.89164656481,-0.47900001111111107,-0.47900001111111107,63040.491673231474
2025-03-01,17,1,0,3000.0,61603.94163989813,-0.4780000111111111,-0.4780000111111111,63037.94167323146
2025-03-01,17,1,0,3600.0,61317.174966564795,-0.47788889999999995,-0.47788889999999995,63037.575006564795
2025-03-01,17,1,0,4200.0,61030.574959898135,-0.4770000111111111,-0.4770000111111111,63033.975006564804
2025-03-01,17,1,0,4800.0,60744.374953231454,-0.4761111222222222,-0.4761111222222222,63029.70833989812
2025-03-01,17,1,0,5400.0,60458.70827989813,-0.4761111222222222,-0.4761111222222222,63029.70833989813
2025-03-01,17,1,0,6000.0,60173.34160656479,-0.47544445555555553,-0.47544445555555553,63026.00833989812
2025-03-01,17,1,0,6600.0,59888.308266564796,-0.47466667777777777,-0.47466667777777777,63021.10833989813
2025-03-01,17,1,0,7200.0,59603.52492656479,-0.47455556666666665,-0.47455556666666665,63020.32500656479
2025-03-01,17,1,0,7800.0,59318.791586564796,-0.47455556666666665,-0.47455556666666665,63020.325006564795
2025-03-01,17,1,0,8400.0,59034.19157989812,-0.4743333444444444,-0.4743333444444444,63018.59167323145
2025-03-01,17,1,0,9000.0,58750.64157323145,-0.4720000111111111,-0.4720000111111111,62998.64167323145
2025-03-01,17,1,0,9600.0,58467.54156656479,-0.47166667777777777,-0.47166667777777777,62995.541673231455
2025-03-01,17,1,0,10200.0,58193.40822656479,-0.41255556666666665,-0.41255556666666665,62401.47500656479
2025-03-01,17,1,0,10800.0,57945.87488656478,-0.384209991,-0.384209991,62095.34278936478
2025-03-01,17,2,6,1200.0,63907.30448640625,-0.47900001111111107,-0.47900001111111107,64482.10449973958
2025-03-01,17,2,6,1800.0,63619.90447973958,-0.47900001111111107,-0.47900001111111107,64482.10449973958
2025-03-01,17,2,6,2400.0,63332.504473072906,-0.47900001111111107,-0.47900001111111107,64482.10449973957
2025-03-01,17,2,6,3000.0,63045.55446640624,-0.4780000111111111,-0.4780000111111111,64479.55449973957
2025-03-01,17,2,6,3600.0,62758.78779307291,-0.47788889999999995,-0.47788889999999995,64479.18783307291
2025-03-01,17,2,6,4200.0,62472.18778640623,-0.4770000111111111,-0.4770000111111111,64475.5878330729
2025-03-01,17,2,6,4800.0,62185.98777973957,-0.4770000111111111,-0.4770000111111111,64475.5878330729
2025-03-01,17,2,6,5400.0,61900.32110640624,-0.4761111222222222,-0.4761111222222222,64471.32116640624
2025-03-01,17,2,6,6000.0,61614.954433072904,-0.47544445555555553,-0.47544445555555553,64467.621166406236
2025-03-01,17,2,6,6600.0,61329.921093072895,-0.47466667777777777,-0.47466667777777777,64462.72116640623
2025-03-01,17,2,6,7200.0,61045.137753072886,-0.47455556666666665,-0.47455556666666665,64461.93783307289
2025-03-01,17,2,6,7800.0,60760.40441307288,-0.47455556666666665,-0.47455556666666665,64461.93783307288
2025-03-01,17,2,6,8400.0,60475.80440640622,-0.4743333444444444,-0.4743333444444444,64460.20449973955
2025-03-01,17,2,6,9000.0,60192.25439973955,-0.4720000111111111,-0.4720000111111111,64440.254499739545
2025-03-01,17,2,6,9600.0,59909.15439307287,-0.47166667777777777,-0.47166667777777777,64437.15449973954
2025-03-01,17,2,6,10200.0,59635.02105307287,-0.41255556666666665,-0.41255556666666665,63843.087833072874
2025-03-01,17,2,6,10800.0,59387.487713072864,-0.384479991,-0.384479991,63539.871615872864
2025-03-01,17,2,5,1200.0,28602.20609285028,-0.47900001111111107,-0.47900001111111107,29177.006106183613
2025-03-01,17,2,5,1800.0,28314.806086183613,-0.47900001111111107,-0.47900001111111107,29177.006106183613
2025-03-01,17,2,5,2400.0,28027.406079516946,-0.47900001111111107,-0.47900001111111107,29177.006106183613
2025-03-01,17,2,5,3000.0,27740.456072850284,-0.4780000111111111,-0.4780000111111111,29174.456106183618
2025-03-01,17,2,5,3600.0,27453.689399516956,-0.47788889999999995,-0.47788889999999995,29174.089439516956
2025-03-01,17,2,5,4200.0,27167.08939285029,-0.4770000111111111,-0.4770000111111111,29170.489439516954
2025-03-01,17,2,5,4800.0,26880.88938618362,-0.4770000111111111,-0.4770000111111111,29170.489439516954
2025-03-01,17,2,5,5400.0,26595.22271285029,-0.4761111222222222,-0.4761111222222222,29166.222772850288
2025-03-01,17,2,5,6000.0,26309.856039516955,-0.47544445555555553,-0.47544445555555553,29162.522772850287
2025-03-01,17,2,5,6600.0,26024.822699516957,-0.47466667777777777,-0.47466667777777777,29157.62277285029
2025-03-01,17,2,5,7200.0,25740.039359516963,-0.47455556666666665,-0.47455556666666665,29156.839439516963
2025-03-01,17,2,5,7800.0,25455.30601951696,-0.47455556666666665,-0.47455556666666665,29156.83943951696
2025-03-01,17,2,5,8400.0,25170.706012850296,-0.4743333444444444,-0.4743333444444444,29155.10610618363
2025-03-01,17,2,5,9000.0,24887.156006183635,-0.4720000111111111,-0.4720000111111111,29135.156106183636
2025-03-01,17,2,5,9600.0,24604.055999516968,-0.47166667777777777,-0.47166667777777777,29132.056106183634
2025-03-01,17,2,5,10200.0,24329.922659516968,-0.41255556666666665,-0.41255556666666665,28537.98943951697
2025-03-01,17,2,5,10800.0,24082.38931951697,-0.38231999099999997,-0.38231999099999997,28211.44522231697
2025-03-01,17,2,4,1200.0,28806.428615953257,-0.47900001111111107,-0.47900001111111107,29381.22862928659
2025-03-01,17,2,4,1800.0,28519.02860928659,-0.47900001111111107,-0.47900001111111107,29381.22862928659
2025-03-01,17,2,4,2400.0,28231.62860261993,-0.47900001111111107,-0.47900001111111107,29381.228629286597
2025-03-01,17,2,4,3000.0,27944.67859595326,-0.4780000111111111,-0.4780000111111111,29378.678629286595
2025-03-01,17,2,4,3600.0,27657.911922619933,-0.47788889999999995,-0.47788889999999995,29378.311962619933
2025-03-01,17,2,4,4200.0,27371.311915953265,-0.4770000111111111,-0.4770000111111111,29374.71196261993
2025-03-01,17,2,4,4800.0,27085.111909286603,-0.4770000111111111,-0.4770000111111111,29374.711962619935
2025-03-01,17,2,4,5400.0,26799.445235953266,-0.4761111222222222,-0.4761111222222222,29370.445295953265
2025-03-01,17,2,4,6000.0,26514.078562619932,-0.47544445555555553,-0.47544445555555553,29366.745295953264
2025-03-01,17,2,4,6600.0,26229.045222619934,-0.47466667777777777,-0.47466667777777777,29361.845295953266
2025-03-01,17,2,4,7200.0,25944.261882619932,-0.47455556666666665,-0.47455556666666665,29361.061962619933
2025-03-01,17,2,4,7800.0,25659.528542619933,-0.47455556666666665,-0.47455556666666665,29361.061962619933
2025-03-01,17,2,4,8400.0,25374.92853595327,-0.4743333444444444,-0.4743333444444444,29359.328629286603
2025-03-01,17,2,4,9000.0,25091.3785292866,-0.4720000111111111,-0.4720000111111111,29339.378629286603
2025-03-01,17,2,4,9600.0,24808.278522619934,-0.47166667777777777,-0.47166667777777777,29336.2786292866
2025-03-01,17,2,4,10200.0,24534.145182619934,-0.41255556666666665,-0.41255556666666665,28742.211962619935
2025-03-01,17,2,4,10800.0,24286.611842619935,-0.38231999099999997,-0.38231999099999997,28415.667745419934
2025-03-01,17,2,3,1200.0,64489.78705616492,-0.47900001111111107,-0.47900001111111107,65064.58706949825
2025-03-01,17,2,3,1800.0,64202.38704949825,-0.47900001111111107,-0.47900001111111107,65064.587069498244
2025-03-01,17,2,3,2400.0,63914.98704283158,-0.47900001111111107,-0.47900001111111107,65064.587069498244
2025-03-01,17,2,3,3000.0,63628.03703616491,-0.4780000111111111,-0.4780000111111111,65062.03706949824
2025-03-01,17,2,3,3600.0,63341.27036283158,-0.47788889999999995,-0.47788889999999995,65061.67040283158
2025-03-01,17,2,3,4200.0,63054.670356164905,-0.4770000111111111,-0.4770000111111111,65058.070402831574
2025-03-01,17,2,3,4800.0,62768.47034949824,-0.4761111222222222,-0.4761111222222222,65053.803736164904
2025-03-01,17,2,3,5400.0,62482.803676164905,-0.4761111222222222,-0.4761111222222222,65053.803736164904
2025-03-01,17,2,3,6000.0,62197.43700283157,-0.47544445555555553,-0.47544445555555553,65050.1037361649
2025-03-01,17,2,3,6600.0,61912.403662831566,-0.47466667777777777,-0.47466667777777777,65045.2037361649
2025-03-01,17,2,3,7200.0,61627.620322831564,-0.47455556666666665,-0.47455556666666665,65044.420402831565
2025-03-01,17,2,3,7800.0,61342.88698283156,-0.47455556666666665,-0.47455556666666665,65044.42040283156
2025-03-01,17,2,3,8400.0,61058.28697616489,-0.4743333444444444,-0.4743333444444444,65042.68706949822
2025-03-01,17,2,3,9000.0,60774.736969498226,-0.4720000111111111,-0.4720000111111111,65022.737069498224
2025-03-01,17,2,3,9600.0,60491.63696283156,-0.47166667777777777,-0.47166667777777777,65019.637069498225
2025-03-01,17,2,3,10200.0,60217.50362283156,-0.41255556666666665,-0.41255556666666665,64425.57040283156
2025-03-01,17,2,3,10800.0,59969.97028283156,-0.384479991,-0.384479991,64122.35418563156
2025-03-01,17,2,2,1200.0,64228.1472122087,-0.47900001111111107,-0.47900001111111107,64802.94722554203
2025-03-01,17,2,2,1800.0,63940.74720554203,-0.47900001111111107,-0.47900001111111107,64802.947225542026
2025-03-01,17,2,2,2400.0,63653.34719887536,-0.47900001111111107,-0.47900001111111107,64802.947225542026
2025-03-01,17,2,2,3000.0,63366.39719220869,-0.4780000111111111,-0.4780000111111111,64800.39722554202
2025-03-01,17,2,2,3600.0,63079.630518875354,-0.47788889999999995,-0.47788889999999995,64800.030558875354
2025-03-01,17,2,2,4200.0,62793.03051220869,-0.4770000111111111,-0.4770000111111111,64796.430558875356
2025-03-01,17,2,2,4800.0,62506.83050554201,-0.4770000111111111,-0.4770000111111111,64796.43055887535
2025-03-01,17,2,2,5400.0,62221.16383220868,-0.4761111222222222,-0.4761111222222222,64792.16389220868
2025-03-01,17,2,2,6000.0,61935.797158875335,-0.47544445555555553,-0.47544445555555553,64788.46389220867
2025-03-01,17,2,2,6600.0,61650.76381887533,-0.47466667777777777,-0.47466667777777777,64783.563892208665
2025-03-01,17,2,2,7200.0,61365.98047887533,-0.47455556666666665,-0.47455556666666665,64782.78055887533
2025-03-01,17,2,2,7800.0,61081.24713887533,-0.47455556666666665,-0.47455556666666665,64782.78055887533
2025-03-01,17,2,2,8400.0,60796.64713220866,-0.4743333444444444,-0.4743333444444444,64781.04722554199
2025-03-01,17,2,2,9000.0,60513.09712554199,-0.4720000111111111,-0.4720000111111111,64761.09722554199
2025-03-01,17,2,2,9600.0,60229.997118875326,-0.47166667777777777,-0.47166667777777777,64757.99722554199
2025-03-01,17,2,2,10200.0,59955.863778875326,-0.41255556666666665,-0.41255556666666665,64163.93055887533
2025-03-01,17,2,2,10800.0,59708.330438875324,-0.384209991,-0.384209991,63857.79834167533
2025-03-01,17,2,1,1200.0,62578.48128272745,-0.47900001111111107,-0.47900001111111107,63153.281296060784
2025-03-01,17,2,1,1800.0,62291.0812760608,-0.47900001111111107,-0.47900001111111107,63153.2812960608
2025-03-01,17,2,1,2400.0,62003.681269394125,-0.47900001111111107,-0.47900001111111107,63153.28129606079
2025-03-01,17,2,1,3000.0,61716.73126272746,-0.4780000111111111,-0.4780000111111111,63150.73129606079
2025-03-01,17,2,1,3600.0,61429.96458939413,-0.47788889999999995,-0.47788889999999995,63150.36462939413
2025-03-01,17,2,1,4200.0,61143.36458272745,-0.4770000111111111,-0.4770000111111111,63146.76462939412
2025-03-01,17,2,1,4800.0,60857.164576060786,-0.4761111222222222,-0.4761111222222222,63142.49796272745
2025-03-01,17,2,1,5400.0,60571.497902727446,-0.4761111222222222,-0.4761111222222222,63142.497962727444
2025-03-01,17,2,1,6000.0,60286.13122939411,-0.47544445555555553,-0.47544445555555553,63138.79796272744
2025-03-01,17,2,1,6600.0,60001.0978893941,-0.47466667777777777,-0.47466667777777777,63133.89796272743
2025-03-01,17,2,1,7200.0,59716.314549394105,-0.47455556666666665,-0.47455556666666665,63133.114629394106
2025-03-01,17,2,1,7800.0,59431.5812093941,-0.4743333444444444,-0.4743333444444444,63131.38129606077
2025-03-01,17,2,1,8400.0,59146.98120272744,-0.4743333444444444,-0.4743333444444444,63131.38129606077
2025-03-01,17,2,1,9000.0,58863.43119606077,-0.4720000111111111,-0.4720000111111111,63111.431296060764
2025-03-01,17,2,1,9600.0,58580.33118939409,-0.47166667777777777,-0.47166667777777777,63108.33129606076
2025-03-01,17,2,1,10200.0,58306.19784939409,-0.41255556666666665,-0.41255556666666665,62514.26462939409
2025-03-01,17,2,1,10800.0,58058.6645093941,-0.384479991,-0.384479991,62211.0484121941
2025-03-01,17,2,0,1200.0,62465.69165989813,-0.47900001111111107,-0.47900001111111107,63040.49167323147
2025-03-01,17,2,0,1800.0,62178.29165323147,-0.47900001111111107,-0.47900001111111107,63040.49167323147
2025-03-01,17,2,0,2400.0,61890.89164656481,-0.47900001111111107,-0.47900001111111107,63040.491673231474
2025-03-01,17,2,0,3000.0,61603.94163989813,-0.4780000111111111,-0.4780000111111111,63037.94167323146
2025-03-01,17,2,0,3600.0,61317.174966564795,-0.47788889999999995,-0.47788889999999995,63037.575006564795
2025-03-01,17,2,0,4200.0,61030.574959898135,-0.4770000111111111,-0.4770000111111111,63033.975006564804
2025-03-01,17,2,0,4800.0,60744.374953231454,-0.4761111222222222,-0.4761111222222222,63029.70833989812
2025-03-01,17,2,0,5400.0,60458.70827989813,-0.4761111222222222,-0.4761111222222222,63029.70833989813
2025-03-01,17,2,0,6000.0,60173.34160656479,-0.47544445555555553,-0.47544445555555553,63026.00833989812
2025-03-01,17,2,0,6600.0,59888.308266564796,-0.47466667777777777,-0.47466667777777777,63021.10833989813
2025-03-01,17,2,0,7200.0,59603.52492656479,-0.47455556666666665,-0.47455556666666665,63020.32500656479
2025-03-01,17,2,0,7800.0,59318.791586564796,-0.47455556666666665,-0.47455556666666665,63020.325006564795
2025-03-01,17,2,0,8400.0,59034.19157989812,-0.4743333444444444,-0.4743333444444444,63018.59167323145
2025-03-01,17,2,0,9000.0,58750.64157323145,-0.4720000111111111,-0.4720000111111111,62998.64167323145
2025-03-01,17,2,0,9600.0,58467.54156656479,-0.47166667777777777,-0.47166667777777777,62995.541673231455
2025-03-01,17,2,0,10200.0,58193.40822656479,-0.41255556666666665,-0.41255556666666665,62401.47500656479
2025-03-01,17,2,0,10800.0,57945.87488656478,-0.384209991,-0.384209991,62095.34278936478
2025-04-01,17,1,6,1200.0,60460.15886107051,-0.47900001111111107,-0.47900001111111107,61034.95887440384
2025-04-01,17,1,6,1800.0,60172.75885440384,-0.47900001111111107,-0.47900001111111107,61034.958874403834
2025-04-01,17,1,6,2400.0,59885.358847737145,-0.47900001111111107,-0.47900001111111107,61034.95887440381
2025-04-01,17,1,6,3000.0,59598.40884107048,-0.4780000111111112,-0.4780000111111112,61032.40887440381
2025-04-01,17,1,6,3600.0,59311.64216773715,-0.47788889999999995,-0.47788889999999995,61032.04220773715
2025-04-01,17,1,6,4200.0,59025.04216107047,-0.4770000111111112,-0.4770000111111112,61028.44220773714
2025-04-01,17,1,6,4800.0,58738.84215440379,-0.4770000111111112,-0.4770000111111112,61028.44220773713
2025-04-01,17,1,6,5400.0,58453.17548107045,-0.4761111222222222,-0.4761111222222222,61024.17554107045
2025-04-01,17,1,6,6000.0,58167.80880773712,-0.47544445555555553,-0.47544445555555553,61020.47554107045
2025-04-01,17,1,6,6600.0,57882.77546773712,-0.4746666777777777,-0.4746666777777777,61015.57554107045
2025-04-01,17,1,6,7200.0,57597.99212773712,-0.4745555666666667,-0.4745555666666667,61014.79220773712
2025-04-01,17,1,6,7800.0,57313.25878773711,-0.4745555666666667,-0.4745555666666667,61014.79220773711
2025-04-01,17,1,6,8400.0,57028.65878107044,-0.4743333444444444,-0.4743333444444444,61013.05887440377
2025-04-01,17,1,6,9000.0,56745.10877440378,-0.4720000111111111,-0.4720000111111111,60993.10887440378
2025-04-01,17,1,6,9600.0,56462.008767737105,-0.47166667777777777,-0.47166667777777777,60990.00887440377
2025-04-01,17,1,6,10200.0,56187.875427737104,-0.41255556666666665,-0.41255556666666665,60395.942207737105
2025-04-01,17,1,6,10800.0,55940.34208773711,-0.38231999099999997,-0.38231999099999997,60069.39799053711
2025-04-01,17,1,5,1200.0,27612.66960528649,-0.47900001111111107,-0.47900001111111107,28187.469618619823
2025-04-01,17,1,5,1800.0,27325.26959861983,-0.47900001111111107,-0.47900001111111107,28187.46961861983
2025-04-01,17,1,5,2400.0,27037.869591953164,-0.47900001111111107,-0.47900001111111107,28187.46961861983
2025-04-01,17,1,5,3000.0,26750.919585286494,-0.4780000111111112,-0.4780000111111112,28184.919618619828
2025-04-01,17,1,5,3600.0,26464.152911953173,-0.47788889999999995,-0.47788889999999995,28184.552951953174
2025-04-01,17,1,5,4200.0,26177.5529052865,-0.47700001111111107,-0.47700001111111107,28180.952951953164
2025-04-01,17,1,5,4800.0,25891.35289861983,-0.47700001111111107,-0.47700001111111107,28180.95295195316
2025-04-01,17,1,5,5400.0,25605.6862252865,-0.4761111222222222,-0.4761111222222222,28176.686285286498
2025-04-01,17,1,5,6000.0,25320.31955195317,-0.47544445555555553,-0.47544445555555553,28172.9862852865
2025-04-01,17,1,5,6600.0,25035.286211953167,-0.47466667777777777,-0.47466667777777777,28168.0862852865
2025-04-01,17,1,5,7200.0,24750.50287195317,-0.47455556666666665,-0.47455556666666665,28167.30295195317
2025-04-01,17,1,5,7800.0,24465.76953195317,-0.47455556666666665,-0.47455556666666665,28167.30295195317
2025-04-01,17,1,5,8400.0,24181.169525286514,-0.4743333444444444,-0.4743333444444444,28165.569618619847
2025-04-01,17,1,5,9000.0,23897.619518619853,-0.4720000111111112,-0.4720000111111112,28145.619618619854
2025-04-01,17,1,5,9600.0,23614.51951195319,-0.47166667777777777,-0.47166667777777777,28142.519618619855
2025-04-01,17,1,5,10200.0,23340.38617195319,-0.41255556666666665,-0.41255556666666665,27548.45295195319
2025-04-01,17,1,5,10800.0,23092.85283195319,-0.384479991,-0.384479991,27245.23673475319
2025-04-01,17,1,4,1200.0,27916.824034530517,-0.47900001111111107,-0.47900001111111107,28491.62404786385
2025-04-01,17,1,4,1800.0,27629.42402786385,-0.47900001111111107,-0.47900001111111107,28491.62404786385
2025-04-01,17,1,4,2400.0,27342.024021197183,-0.47900001111111107,-0.47900001111111107,28491.62404786385
2025-04-01,17,1,4,3000.0,27055.074014530514,-0.4780000111111112,-0.4780000111111112,28489.074047863847
2025-04-01,17,1,4,3600.0,26768.307341197185,-0.47788889999999995,-0.47788889999999995,28488.707381197186
2025-04-01,17,1,4,4200.0,26481.707334530525,-0.4770000111111112,-0.4770000111111112,28485.10738119719
2025-04-01,17,1,4,4800.0,26195.507327863856,-0.4770000111111112,-0.4770000111111112,28485.107381197187
2025-04-01,17,1,4,5400.0,25909.840654530526,-0.4761111222222221,-0.4761111222222221,28480.840714530525
2025-04-01,17,1,4,6000.0,25624.473981197192,-0.47544445555555553,-0.47544445555555553,28477.140714530524
2025-04-01,17,1,4,6600.0,25339.440641197194,-0.47466667777777777,-0.47466667777777777,28472.240714530526
2025-04-01,17,1,4,7200.0,25054.657301197192,-0.47455556666666665,-0.47455556666666665,28471.457381197193
2025-04-01,17,1,4,7800.0,24769.92396119719,-0.47455556666666665,-0.47455556666666665,28471.45738119719
2025-04-01,17,1,4,8400.0,24485.323954530526,-0.4743333444444444,-0.4743333444444444,28469.72404786386
2025-04-01,17,1,4,9000.0,24201.773947863858,-0.4720000111111111,-0.4720000111111111,28449.77404786386
2025-04-01,17,1,4,9600.0,23918.673941197194,-0.4716666777777777,-0.4716666777777777,28446.67404786386
2025-04-01,17,1,4,10200.0,23644.540601197194,-0.41255556666666665,-0.41255556666666665,27852.607381197195
2025-04-01,17,1,4,10800.0,23397.007261197195,-0.384209991,-0.384209991,27546.475163997195
2025-04-01,17,1,3,1200.0,63570.65518254496,-0.47900001111111107,-0.47900001111111107,64145.45519587829
2025-04-01,17,1,3,1800.0,63283.25517587829,-0.47900001111111107,-0.47900001111111107,64145.45519587828
2025-04-01,17,1,3,2400.0,62995.85516921162,-0.47900001111111107,-0.47900001111111107,64145.45519587829
2025-04-01,17,1,3,3000.0,62708.90516254495,-0.4780000111111112,-0.4780000111111112,64142.90519587828
2025-04-01,17,1,3,3600.0,62422.138489211626,-0.47788889999999995,-0.47788889999999995,64142.538529211626
2025-04-01,17,1,3,4200.0,62135.53848254495,-0.47700001111111107,-0.47700001111111107,64138.93852921162
2025-04-01,17,1,3,4800.0,61849.338475878285,-0.47700001111111107,-0.47700001111111107,64138.93852921162
2025-04-01,17,1,3,5400.0,61563.67180254495,-0.47611112222222224,-0.47611112222222224,64134.67186254495
2025-04-01,17,1,3,6000.0,61278.30512921162,-0.47544445555555553,-0.47544445555555553,64130.97186254495
2025-04-01,17,1,3,6600.0,60993.271789211605,-0.4746666777777777,-0.4746666777777777,64126.07186254494
2025-04-01,17,1,3,7200.0,60708.48844921161,-0.47455556666666665,-0.47455556666666665,64125.28852921161
2025-04-01,17,1,3,7800.0,60423.75510921162,-0.4743333444444444,-0.4743333444444444,64123.55519587829
2025-04-01,17,1,3,8400.0,60139.155102544944,-0.4743333444444444,-0.4743333444444444,64123.555195878274
2025-04-01,17,1,3,9000.0,59855.60509587827,-0.4720000111111111,-0.4720000111111111,64103.60519587827
2025-04-01,17,1,3,9600.0,59572.50508921161,-0.4716666777777778,-0.4716666777777778,64100.50519587828
2025-04-01,17,1,3,10200.0,59298.371749211605,-0.41255556666666665,-0.41255556666666665,63506.438529211606
2025-04-01,17,1,3,10800.0,59050.8384092116,-0.38231999099999997,-0.38231999099999997,63179.8943120116
2025-04-01,17,1,2,1200.0,63225.26511552914,-0.47900001111111107,-0.47900001111111107,63800.06512886247
2025-04-01,17,1,2,1800.0,62937.865108862476,-0.47900001111111107,-0.47900001111111107,63800.06512886247
2025-04-01,17,1,2,2400.0,62650.46510219581,-0.47900001111111107,-0.47900001111111107,63800.06512886248
2025-04-01,17,1,2,3000.0,62363.515095529154,-0.47800001111111107,-0.47800001111111107,63797.515128862484
2025-04-01,17,1,2,3600.0,62076.748422195815,-0.47788889999999995,-0.47788889999999995,63797.148462195815
2025-04-01,17,1,2,4200.0,61790.148415529155,-0.47700001111111107,-0.47700001111111107,63793.548462195824
2025-04-01,17,1,2,4800.0,61503.94840886249,-0.47700001111111107,-0.47700001111111107,63793.548462195824
2025-04-01,17,1,2,5400.0,61218.28173552916,-0.4761111222222221,-0.4761111222222221,63789.28179552916
2025-04-01,17,1,2,6000.0,60932.915062195825,-0.47544445555555553,-0.47544445555555553,63785.58179552916
2025-04-01,17,1,2,6600.0,60647.881722195816,-0.4746666777777778,-0.4746666777777778,63780.68179552915
2025-04-01,17,1,2,7200.0,60363.098382195814,-0.47455556666666665,-0.47455556666666665,63779.898462195815
2025-04-01,17,1,2,7800.0,60078.36504219581,-0.47455556666666665,-0.47455556666666665,63779.89846219581
2025-04-01,17,1,2,8400.0,59793.76503552915,-0.4743333444444444,-0.4743333444444444,63778.16512886248
2025-04-01,17,1,2,9000.0,59510.215028862476,-0.4720000111111111,-0.4720000111111111,63758.215128862474
2025-04-01,17,1,2,9600.0,59227.1150221958,-0.4716666777777778,-0.4716666777777778,63755.11512886247
2025-04-01,17,1,2,10200.0,58952.9816821958,-0.41255556666666665,-0.41255556666666665,63161.0484621958
2025-04-01,17,1,2,10800.0,58705.4483421958,-0.382319991,-0.382319991,62834.5042449958
2025-04-01,17,1,1,1200.0,61527.72395258049,-0.47900001111111107,-0.47900001111111107,62102.523965913824
2025-04-01,17,1,1,1800.0,61240.32394591383,-0.47900001111111107,-0.47900001111111107,62102.523965913824
2025-04-01,17,1,1,2400.0,60952.92393924715,-0.47900001111111107,-0.47900001111111107,62102.52396591382
2025-04-01,17,1,1,3000.0,60665.973932580484,-0.4780000111111112,-0.4780000111111112,62099.973965913814
2025-04-01,17,1,1,3600.0,60379.20725924714,-0.47788889999999995,-0.47788889999999995,62099.60729924714
2025-04-01,17,1,1,4200.0,60092.60725258046,-0.4770000111111112,-0.4770000111111112,62096.00729924713
2025-04-01,17,1,1,4800.0,59806.4072459138,-0.4770000111111112,-0.4770000111111112,62096.00729924713
2025-04-01,17,1,1,5400.0,59520.74057258047,-0.47611112222222224,-0.47611112222222224,62091.74063258047
2025-04-01,17,1,1,6000.0,59235.37389924713,-0.47544445555555553,-0.47544445555555553,62088.040632580465
2025-04-01,17,1,1,6600.0,58950.340559247124,-0.4746666777777778,-0.4746666777777778,62083.14063258046
2025-04-01,17,1,1,7200.0,58665.557219247115,-0.47455556666666665,-0.47455556666666665,62082.357299247116
2025-04-01,17,1,1,7800.0,58380.823879247124,-0.47455556666666665,-0.47455556666666665,62082.35729924712
2025-04-01,17,1,1,8400.0,58096.22387258045,-0.47433334444444447,-0.47433334444444447,62080.62396591378
2025-04-01,17,1,1,9000.0,57812.67386591376,-0.4720000111111111,-0.4720000111111111,62060.67396591376
2025-04-01,17,1,1,9600.0,57529.57385924709,-0.4716666777777777,-0.4716666777777777,62057.573965913754
2025-04-01,17,1,1,10200.0,57255.44051924709,-0.41255556666666665,-0.41255556666666665,61463.50729924709
2025-04-01,17,1,1,10800.0,57007.90717924709,-0.38231999099999997,-0.38231999099999997,61136.96308204709
2025-04-01,17,1,0,1200.0,61542.182556611675,-0.47900001111111107,-0.47900001111111107,62116.98256994501
2025-04-01,17,1,0,1800.0,61254.782549945005,-0.479000011111111,-0.479000011111111,62116.982569945
2025-04-01,17,1,0,2400.0,60967.382543278334,-0.479000011111111,-0.479000011111111,62116.982569945
2025-04-01,17,1,0,3000.0,60680.43253661166,-0.4780000111111112,-0.4780000111111112,62114.43256994499
2025-04-01,17,1,0,3600.0,60393.665863278315,-0.47788889999999995,-0.47788889999999995,62114.065903278315
2025-04-01,17,1,0,4200.0,60107.06585661165,-0.4770000111111112,-0.4770000111111112,62110.46590327832
2025-04-01,17,1,0,4800.0,59820.865849944974,-0.4770000111111112,-0.4770000111111112,62110.46590327831
2025-04-01,17,1,0,5400.0,59535.19917661164,-0.4761111222222221,-0.4761111222222221,62106.19923661164
2025-04-01,17,1,0,6000.0,59249.8325032783,-0.47544445555555553,-0.47544445555555553,62102.499236611635
2025-04-01,17,1,0,6600.0,58964.79916327831,-0.47466667777777777,-0.47466667777777777,62097.59923661164
2025-04-01,17,1,0,7200.0,58680.01582327831,-0.47455556666666654,-0.47455556666666654,62096.81590327831
2025-04-01,17,1,0,7800.0,58395.28248327831,-0.4743333444444444,-0.4743333444444444,62095.08256994498
2025-04-01,17,1,0,8400.0,58110.68247661164,-0.4743333444444444,-0.4743333444444444,62095.08256994497
2025-04-01,17,1,0,9000.0,57827.13246994497,-0.4720000111111111,-0.4720000111111111,62075.132569944966
2025-04-01,17,1,0,9600.0,57544.0324632783,-0.47166667777777777,-0.47166667777777777,62072.03256994497
2025-04-01,17,1,0,10200.0,57269.8991232783,-0.41255556666666665,-0.41255556666666665,61477.9659032783
2025-04-01,17,1,0,10800.0,57022.3657832783,-0.38231999099999997,-0.38231999099999997,61151.4216860783
2025-04-01,17,2,6,1200.0,62668.8922477372,-0.47900001111111107,-0.47900001111111107,63243.69226107054
2025-04-01,17,2,6,1800.0,62381.49224107053,-0.47900001111111107,-0.47900001111111107,63243.69226107053
2025-04-01,17,2,6,2400.0,62094.09223440384,-0.47900001111111107,-0.47900001111111107,63243.69226107051
2025-04-01,17,2,6,3000.0,61807.142227737175,-0.4780000111111112,-0.4780000111111112,63241.142261070505
2025-04-01,17,2,6,3600.0,61520.37555440383,-0.47788889999999995,-0.47788889999999995,63240.77559440383
2025-04-01,17,2,6,4200.0,61233.775547737154,-0.4770000111111112,-0.4770000111111112,63237.17559440382
2025-04-01,17,2,6,4800.0,60947.57554107047,-0.4761111222222222,-0.4761111222222222,63232.90892773714
2025-04-01,17,2,6,5400.0,60661.90886773713,-0.4761111222222222,-0.4761111222222222,63232.90892773713
2025-04-01,17,2,6,6000.0,60376.5421944038,-0.47544445555555553,-0.47544445555555553,63229.208927737134
2025-04-01,17,2,6,6600.0,60091.5088544038,-0.4746666777777777,-0.4746666777777777,63224.30892773713
2025-04-01,17,2,6,7200.0,59806.7255144038,-0.4745555666666667,-0.4745555666666667,63223.5255944038
2025-04-01,17,2,6,7800.0,59521.99217440379,-0.4745555666666667,-0.4745555666666667,63223.52559440379
2025-04-01,17,2,6,8400.0,59237.39216773712,-0.4743333444444444,-0.4743333444444444,63221.79226107045
2025-04-01,17,2,6,9000.0,58953.84216107046,-0.4720000111111111,-0.4720000111111111,63201.84226107046
2025-04-01,17,2,6,9600.0,58670.742154403786,-0.47166667777777777,-0.47166667777777777,63198.74226107045
2025-04-01,17,2,6,10200.0,58396.608814403786,-0.41255556666666665,-0.41255556666666665,62604.67559440379
2025-04-01,17,2,6,10800.0,58149.07547440379,-0.382319991,-0.382319991,62278.13137720379
2025-04-01,17,2,5,1200.0,27612.66960528649,-0.47900001111111107,-0.47900001111111107,28187.469618619823
2025-04-01,17,2,5,1800.0,27325.26959861983,-0.47900001111111107,-0.47900001111111107,28187.46961861983
2025-04-01,17,2,5,2400.0,27037.869591953164,-0.47900001111111107,-0.47900001111111107,28187.46961861983
2025-04-01,17,2,5,3000.0,26750.919585286494,-0.4780000111111112,-0.4780000111111112,28184.919618619828
2025-04-01,17,2,5,3600.0,26464.152911953173,-0.47788889999999995,-0.47788889999999995,28184.552951953174
2025-04-01,17,2,5,4200.0,26177.5529052865,-0.47700001111111107,-0.47700001111111107,28180.952951953164
2025-04-01,17,2,5,4800.0,25891.35289861983,-0.47700001111111107,-0.47700001111111107,28180.95295195316
2025-04-01,17,2,5,5400.0,25605.6862252865,-0.4761111222222222,-0.4761111222222222,28176.686285286498
2025-04-01,17,2,5,6000.0,25320.31955195317,-0.47544445555555553,-0.47544445555555553,28172.9862852865
2025-04-01,17,2,5,6600.0,25035.286211953167,-0.47466667777777777,-0.47466667777777777,28168.0862852865
2025-04-01,17,2,5,7200.0,24750.50287195317,-0.47455556666666665,-0.47455556666666665,28167.30295195317
2025-04-01,17,2,5,7800.0,24465.76953195317,-0.47455556666666665,-0.47455556666666665,28167.30295195317
2025-04-01,17,2,5,8400.0,24181.169525286514,-0.4743333444444444,-0.4743333444444444,28165.569618619847
2025-04-01,17,2,5,9000.0,23897.619518619853,-0.4720000111111112,-0.4720000111111112,28145.619618619854
2025-04-01,17,2,5,9600.0,23614.51951195319,-0.47166667777777777,-0.47166667777777777,28142.519618619855
2025-04-01,17,2,5,10200.0,23340.38617195319,-0.41255556666666665,-0.41255556666666665,27548.45295195319
2025-04-01,17,2,5,10800.0,23092.85283195319,-0.384479991,-0.384479991,27245.23673475319
2025-04-01,17,2,4,1200.0,27916.824034530517,-0.47900001111111107,-0.47900001111111107,28491.62404786385
2025-04-01,17,2,4,1800.0,27629.42402786385,-0.47900001111111107,-0.47900001111111107,28491.62404786385
2025-04-01,17,2,4,2400.0,27342.024021197183,-0.47900001111111107,-0.47900001111111107,28491.62404786385
2025-04-01,17,2,4,3000.0,27055.074014530514,-0.4780000111111112,-0.4780000111111112,28489.074047863847
2025-04-01,17,2,4,3600.0,26768.307341197185,-0.47788889999999995,-0.47788889999999995,28488.707381197186
2025-04-01,17,2,4,4200.0,26481.707334530525,-0.4770000111111112,-0.4770000111111112,28485.10738119719
2025-04-01,17,2,4,4800.0,26195.507327863856,-0.4770000111111112,-0.4770000111111112,28485.107381197187
2025-04-01,17,2,4,5400.0,25909.840654530526,-0.4761111222222221,-0.4761111222222221,28480.840714530525
2025-04-01,17,2,4,6000.0,25624.473981197192,-0.47544445555555553,-0.47544445555555553,28477.140714530524
2025-04-01,17,2,4,6600.0,25339.440641197194,-0.47466667777777777,-0.47466667777777777,28472.240714530526
2025-04-01,17,2,4,7200.0,25054.657301197192,-0.47455556666666665,-0.47455556666666665,28471.457381197193
2025-04-01,17,2,4,7800.0,24769.92396119719,-0.47455556666666665,-0.47455556666666665,28471.45738119719
2025-04-01,17,2,4,8400.0,24485.323954530526,-0.4743333444444444,-0.4743333444444444,28469.72404786386
2025-04-01,17,2,4,9000.0,24201.773947863858,-0.4720000111111111,-0.4720000111111111,28449.77404786386
2025-04-01,17,2,4,9600.0,23918.673941197194,-0.4716666777777777,-0.4716666777777777,28446.67404786386
2025-04-01,17,2,4,10200.0,23644.540601197194,-0.41255556666666665,-0.41255556666666665,27852.607381197195
2025-04-01,17,2,4,10800.0,23397.007261197195,-0.384209991,-0.384209991,27546.475163997195
2025-04-01,17,2,3,1200.0,63570.65518254496,-0.47900001111111107,-0.47900001111111107,64145.45519587829
2025-04-01,17,2,3,1800.0,63283.25517587829,-0.47900001111111107,-0.47900001111111107,64145.45519587828
2025-04-01,17,2,3,2400.0,62995.85516921162,-0.47900001111111107,-0.47900001111111107,64145.45519587829
2025-04-01,17,2,3,3000.0,62708.90516254495,-0.4780000111111112,-0.4780000111111112,64142.90519587828
2025-04-01,17,2,3,3600.0,62422.138489211626,-0.47788889999999995,-0.47788889999999995,64142.538529211626
2025-04-01,17,2,3,4200.0,62135.53848254495,-0.47700001111111107,-0.47700001111111107,64138.93852921162
2025-04-01,17,2,3,4800.0,61849.338475878285,-0.47700001111111107,-0.47700001111111107,64138.93852921162
2025-04-01,17,2,3,5400.0,61563.67180254495,-0.47611112222222224,-0.47611112222222224,64134.67186254495
2025-04-01,17,2,3,6000.0,61278.30512921162,-0.47544445555555553,-0.47544445555555553,64130.97186254495
2025-04-01,17,2,3,6600.0,60993.271789211605,-0.4746666777777777,-0.4746666777777777,64126.07186254494
2025-04-01,17,2,3,7200.0,60708.48844921161,-0.47455556666666665,-0.47455556666666665,64125.28852921161
2025-04-01,17,2,3,7800.0,60423.75510921162,-0.4743333444444444,-0.4743333444444444,64123.55519587829
2025-04-01,17,2,3,8400.0,60139.155102544944,-0.4743333444444444,-0.4743333444444444,64123.555195878274
2025-04-01,17,2,3,9000.0,59855.60509587827,-0.4720000111111111,-0.4720000111111111,64103.60519587827
2025-04-01,17,2,3,9600.0,59572.50508921161,-0.4716666777777778,-0.4716666777777778,64100.50519587828
2025-04-01,17,2,3,10200.0,59298.371749211605,-0.41255556666666665,-0.41255556666666665,63506.438529211606
2025-04-01,17,2,3,10800.0,59050.8384092116,-0.38231999099999997,-0.38231999099999997,63179.8943120116
2025-04-01,17,2,2,1200.0,63225.26511552914,-0.47900001111111107,-0.47900001111111107,63800.06512886247
2025-04-01,17,2,2,1800.0,62937.865108862476,-0.47900001111111107,-0.47900001111111107,63800.06512886247
2025-04-01,17,2,2,2400.0,62650.46510219581,-0.47900001111111107,-0.47900001111111107,63800.06512886248
2025-04-01,17,2,2,3000.0,62363.515095529154,-0.47800001111111107,-0.47800001111111107,63797.515128862484
2025-04-01,17,2,2,3600.0,62076.748422195815,-0.47788889999999995,-0.47788889999999995,63797.148462195815
2025-04-01,17,2,2,4200.0,61790.148415529155,-0.47700001111111107,-0.47700001111111107,63793.548462195824
2025-04-01,17,2,2,4800.0,61503.94840886249,-0.47700001111111107,-0.47700001111111107,63793.548462195824
2025-04-01,17,2,2,5400.0,61218.28173552916,-0.4761111222222221,-0.4761111222222221,63789.28179552916
2025-04-01,17,2,2,6000.0,60932.915062195825,-0.47544445555555553,-0.47544445555555553,63785.58179552916
2025-04-01,17,2,2,6600.0,60647.881722195816,-0.4746666777777778,-0.4746666777777778,63780.68179552915
2025-04-01,17,2,2,7200.0,60363.098382195814,-0.47455556666666665,-0.47455556666666665,63779.898462195815
2025-04-01,17,2,2,7800.0,60078.36504219581,-0.47455556666666665,-0.47455556666666665,63779.89846219581
2025-04-01,17,2,2,8400.0,59793.76503552915,-0.4743333444444444,-0.4743333444444444,63778.16512886248
2025-04-01,17,2,2,9000.0,59510.215028862476,-0.4720000111111111,-0.4720000111111111,63758.215128862474
2025-04-01,17,2,2,9600.0,59227.1150221958,-0.4716666777777778,-0.4716666777777778,63755.11512886247
2025-04-01,17,2,2,10200.0,58952.9816821958,-0.41255556666666665,-0.41255556666666665,63161.0484621958
2025-04-01,17,2,2,10800.0,58705.4483421958,-0.382319991,-0.382319991,62834.5042449958
2025-04-01,17,2,1,1200.0,61527.72395258049,-0.47900001111111107,-0.47900001111111107,62102.523965913824
2025-04-01,17,2,1,1800.0,61240.32394591383,-0.47900001111111107,-0.47900001111111107,62102.523965913824
2025-04-01,17,2,1,2400.0,60952.92393924715,-0.47900001111111107,-0.47900001111111107,62102.52396591382
2025-04-01,17,2,1,3000.0,60665.973932580484,-0.4780000111111112,-0.4780000111111112,62099.973965913814
2025-04-01,17,2,1,3600.0,60379.20725924714,-0.47788889999999995,-0.47788889999999995,62099.60729924714
2025-04-01,17,2,1,4200.0,60092.60725258046,-0.4770000111111112,-0.4770000111111112,62096.00729924713
2025-04-01,17,2,1,4800.0,59806.4072459138,-0.4770000111111112,-0.4770000111111112,62096.00729924713
2025-04-01,17,2,1,5400.0,59520.74057258047,-0.47611112222222224,-0.47611112222222224,62091.74063258047
2025-04-01,17,2,1,6000.0,59235.37389924713,-0.47544445555555553,-0.47544445555555553,62088.040632580465
2025-04-01,17,2,1,6600.0,58950.340559247124,-0.4746666777777778,-0.4746666777777778,62083.14063258046
2025-04-01,17,2,1,7200.0,58665.557219247115,-0.47455556666666665,-0.47455556666666665,62082.357299247116
2025-04-01,17,2,1,7800.0,58380.823879247124,-0.47455556666666665,-0.47455556666666665,62082.35729924712
2025-04-01,17,2,1,8400.0,58096.22387258045,-0.47433334444444447,-0.47433334444444447,62080.62396591378
2025-04-01,17,2,1,9000.0,57812.67386591376,-0.4720000111111111,-0.4720000111111111,62060.67396591376
2025-04-01,17,2,1,9600.0,57529.57385924709,-0.4716666777777777,-0.4716666777777777,62057.573965913754
2025-04-01,17,2,1,10200.0,57255.44051924709,-0.41255556666666665,-0.41255556666666665,61463.50729924709
2025-04-01,17,2,1,10800.0,57007.90717924709,-0.38231999099999997,-0.38231999099999997,61136.96308204709
2025-04-01,17,2,0,1200.0,61542.182556611675,-0.47900001111111107,-0.47900001111111107,62116.98256994501
2025-04-01,17,2,0,1800.0,61254.782549945005,-0.479000011111111,-0.479000011111111,62116.982569945
2025-04-01,17,2,0,2400.0,60967.382543278334,-0.479000011111111,-0.479000011111111,62116.982569945
2025-04-01,17,2,0,3000.0,60680.43253661166,-0.4780000111111112,-0.4780000111111112,62114.43256994499
2025-04-01,17,2,0,3600.0,60393.665863278315,-0.47788889999999995,-0.47788889999999995,62114.065903278315
2025-04-01,17,2,0,4200.0,60107.06585661165,-0.4770000111111112,-0.4770000111111112,62110.46590327832
2025-04-01,17,2,0,4800.0,59820.865849944974,-0.4770000111111112,-0.4770000111111112,62110.46590327831
2025-04-01,17,2,0,5400.0,59535.19917661164,-0.4761111222222221,-0.4761111222222221,62106.19923661164
2025-04-01,17,2,0,6000.0,59249.8325032783,-0.47544445555555553,-0.47544445555555553,62102.499236611635
2025-04-01,17,2,0,6600.0,58964.79916327831,-0.47466667777777777,-0.47466667777777777,62097.59923661164
2025-04-01,17,2,0,7200.0,58680.01582327831,-0.47455556666666654,-0.47455556666666654,62096.81590327831
2025-04-01,17,2,0,7800.0,58395.28248327831,-0.4743333444444444,-0.4743333444444444,62095.08256994498
2025-04-01,17,2,0,8400.0,58110.68247661164,-0.4743333444444444,-0.4743333444444444,62095.08256994497
2025-04-01,17,2,0,9000.0,57827.13246994497,-0.4720000111111111,-0.4720000111111111,62075.132569944966
2025-04-01,17,2,0,9600.0,57544.0324632783,-0.47166667777777777,-0.47166667777777777,62072.03256994497
2025-04-01,17,2,0,10200.0,57269.8991232783,-0.41255556666666665,-0.41255556666666665,61477.9659032783
2025-04-01,17,2,0,10800.0,57022.3657832783,-0.38231999099999997,-0.38231999099999997,61151.4216860783
2025-05-01,17,1,6,1200.0,51851.42333496989,-0.47900001111111107,-0.47900001111111107,52426.223348303225
2025-05-01,17,1,6,1800.0,51564.02332830323,-0.47900001111111107,-0.47900001111111107,52426.223348303225
2025-05-01,17,1,6,2400.0,51276.623321636565,-0.47900001111111107,-0.47900001111111107,52426.22334830323
2025-05-01,17,1,6,3000.0,50989.67331496989,-0.47800001111111107,-0.47800001111111107,52423.67334830322
2025-05-01,17,1,6,3600.0,50702.90664163655,-0.47788889999999995,-0.47788889999999995,52423.30668163655
2025-05-01,17,1,6,4200.0,50416.306634969886,-0.47700001111111107,-0.47700001111111107,52419.706681636555
2025-05-01,17,1,6,4800.0,50130.10662830322,-0.47700001111111107,-0.47700001111111107,52419.706681636555
2025-05-01,17,1,6,5400.0,49844.43995496989,-0.4761111222222222,-0.4761111222222222,52415.440014969885
2025-05-01,17,1,6,6000.0,49559.073281636556,-0.47544445555555553,-0.47544445555555553,52411.74001496989
2025-05-01,17,1,6,6600.0,49274.03994163655,-0.47466667777777777,-0.47466667777777777,52406.84001496988
2025-05-01,17,1,6,7200.0,48989.25660163655,-0.4745555666666667,-0.4745555666666667,52406.05668163655
2025-05-01,17,1,6,7800.0,48704.52326163655,-0.4745555666666667,-0.4745555666666667,52406.056681636546
2025-05-01,17,1,6,8400.0,48419.92325496988,-0.4743333444444444,-0.4743333444444444,52404.32334830321
2025-05-01,17,1,6,9000.0,48136.373248303214,-0.4720000111111111,-0.4720000111111111,52384.37334830321
2025-05-01,17,1,6,9600.0,47853.27324163654,-0.47166667777777777,-0.47166667777777777,52381.273348303206
2025-05-01,17,1,6,10200.0,47579.13990163655,-0.41255556666666665,-0.41255556666666665,51787.20668163655
2025-05-01,17,1,6,10800.0,47331.606561636545,-0.384479991,-0.384479991,51483.990464436545
2025-05-01,17,1,5,1200.0,21649.961628179604,-0.4770000111111112,-0.4770000111111112,22222.361641512936
2025-05-01,17,1,5,1800.0,21363.84318995738,-0.4761111222222221,-0.4761111222222221,22220.84320995738
2025-05-01,17,1,5,2400.0,21078.17651662405,-0.4761111222222221,-0.4761111222222221,22220.843209957384
2025-05-01,17,1,5,3000.0,20792.87101962405,-0.47544445555555553,-0.47544445555555553,22219.204386290716
2025-05-01,17,1,5,3600.0,20507.90905201294,-0.4746666777777777,-0.4746666777777777,22216.709092012938
2025-05-01,17,1,5,4200.0,20223.135908068496,-0.47455556666666665,-0.47455556666666665,22216.269288068495
2025-05-01,17,1,5,4800.0,19938.42296017961,-0.4743333444444444,-0.4743333444444444,22215.223013512943
2025-05-01,17,1,5,5400.0,19653.822953512947,-0.4743333444444444,-0.4743333444444444,22215.223013512947
2025-05-01,17,1,5,6000.0,19370.48706401295,-0.4720000111111112,-0.4720000111111112,22202.487130679616
2025-05-01,17,1,5,6600.0,19087.417645512938,-0.4716666777777778,-0.4716666777777778,22200.41771884627
2025-05-01,17,1,5,7200.0,18815.888239359636,-0.41255556666666665,-0.41255556666666665,21786.288319359635
2025-05-01,17,1,5,7800.0,18568.696347734352,-0.399509991,-0.399509991,21684.874277534353
2025-05-01,17,1,5,8400.0,18329.090346596015,-0.397979991,-0.397979991,21672.122270996013
2025-05-01,17,1,5,9000.0,18090.548891576014,-0.396089991,-0.396089991,21655.358810576014
2025-05-01,17,1,5,9600.0,17853.001964266015,-0.395549991,-0.395549991,21650.281877866015
2025-05-01,17,1,5,10200.0,17615.718501762683,-0.395369991,-0.395369991,21648.492409962684
2025-05-01,17,1,5,10800.0,17378.61436964935,-0.382319991,-0.382319991,21507.67027244935
2025-05-01,17,1,4,1200.0,21916.592943933876,-0.47788889999999995,-0.47788889999999995,22490.059623933877
2025-05-01,17,1,4,1800.0,21630.202656724,-0.4770000111111112,-0.4770000111111112,22488.802676724
2025-05-01,17,1,4,2400.0,21344.212369514124,-0.4761111222222222,-0.4761111222222222,22486.879062847456
2025-05-01,17,1,4,3000.0,21058.602985773385,-0.47544445555555553,-0.47544445555555553,22484.93635244005
2025-05-01,17,1,4,3600.0,20773.336312440046,-0.47544445555555553,-0.47544445555555553,22484.936352440047
2025-05-01,17,1,4,4200.0,20488.48647696474,-0.47466667777777777,-0.47466667777777777,22482.086523631406
2025-05-01,17,1,4,4800.0,20203.729351896844,-0.47455556666666665,-0.47455556666666665,22481.59607189684
2025-05-01,17,1,4,5400.0,19919.048441761042,-0.4743333444444444,-0.4743333444444444,22480.448501761042
2025-05-01,17,1,4,6000.0,19634.64894866845,-0.4720000111111112,-0.4720000111111112,22466.64901533512
2025-05-01,17,1,4,6600.0,19351.44894200178,-0.4720000111111112,-0.4720000111111112,22466.649015335115
2025-05-01,17,1,4,7200.0,19068.427580131414,-0.4716666777777778,-0.4716666777777778,22464.427660131416
2025-05-01,17,1,4,7800.0,18808.19135218744,-0.41255556666666665,-0.41255556666666665,22026.124772187442
2025-05-01,17,1,4,8400.0,18563.720975650675,-0.399509991,-0.399509991,21919.604900050675
2025-05-01,17,1,4,9000.0,18324.45921623901,-0.397979991,-0.397979991,21906.279135239012
2025-05-01,17,1,4,9600.0,18086.27312080401,-0.396089991,-0.396089991,21888.73703440401
2025-05-01,17,1,4,10200.0,17848.828021994006,-0.39554999100000005,-0.39554999100000005,21883.437930194006
2025-05-01,17,1,4,10800.0,17611.57413799067,-0.382319991,-0.382319991,21740.630040790667
2025-05-01,17,1,3,1200.0,53385.159017171376,-0.47900001111111107,-0.47900001111111107,53959.95903050471
2025-05-01,17,1,3,1800.0,53097.759010504706,-0.47900001111111107,-0.47900001111111107,53959.9590305047
2025-05-01,17,1,3,2400.0,52810.359003838035,-0.47900001111111107,-0.47900001111111107,53959.9590305047
2025-05-01,17,1,3,3000.0,52523.40899717136,-0.47800001111111107,-0.47800001111111107,53957.40903050469
2025-05-01,17,1,3,3600.0,52236.64232383803,-0.47788889999999995,-0.47788889999999995,53957.04236383803
2025-05-01,17,1,3,4200.0,51950.04231717136,-0.4770000111111112,-0.4770000111111112,53953.44236383803
2025-05-01,17,1,3,4800.0,51663.8423105047,-0.4761111222222222,-0.4761111222222222,53949.17569717136
2025-05-01,17,1,3,5400.0,51378.175637171356,-0.4761111222222222,-0.4761111222222222,53949.175697171355
2025-05-01,17,1,3,6000.0,51092.80896383802,-0.47544445555555553,-0.47544445555555553,53945.47569717135
2025-05-01,17,1,3,6600.0,50807.77562383802,-0.47466667777777777,-0.47466667777777777,53940.57569717135
2025-05-01,17,1,3,7200.0,50522.992283838015,-0.47455556666666665,-0.47455556666666665,53939.792363838016
2025-05-01,17,1,3,7800.0,50238.25894383801,-0.4743333444444444,-0.4743333444444444,53938.05903050468
2025-05-01,17,1,3,8400.0,49953.65893717134,-0.4743333444444444,-0.4743333444444444,53938.05903050467
2025-05-01,17,1,3,9000.0,49670.10893050467,-0.4720000111111111,-0.4720000111111111,53918.10903050467
2025-05-01,17,1,3,9600.0,49387.008923838,-0.47166667777777777,-0.47166667777777777,53915.00903050467
2025-05-01,17,1,3,10200.0,49112.87558383801,-0.41255556666666665,-0.41255556666666665,53320.94236383801
2025-05-01,17,1,3,10800.0,48865.34224383801,-0.38231999099999997,-0.38231999099999997,52994.39814663801
2025-05-01,17,1,2,1200.0,51579.90957656359,-0.47900001111111107,-0.47900001111111107,52154.70958989692
2025-05-01,17,1,2,1800.0,51292.50956989691,-0.479000011111111,-0.479000011111111,52154.709589896906
2025-05-01,17,1,2,2400.0,51005.10956323024,-0.479000011111111,-0.479000011111111,52154.709589896906
2025-05-01,17,1,2,3000.0,50718.15955656358,-0.47800001111111107,-0.47800001111111107,52152.15958989691
2025-05-01,17,1,2,3600.0,50431.39288323025,-0.47788889999999995,-0.47788889999999995,52151.79292323025
2025-05-01,17,1,2,4200.0,50144.79287656357,-0.4770000111111112,-0.4770000111111112,52148.19292323024
2025-05-01,17,1,2,4800.0,49858.59286989691,-0.4770000111111112,-0.4770000111111112,52148.19292323024
2025-05-01,17,1,2,5400.0,49572.92619656357,-0.4761111222222222,-0.4761111222222222,52143.926256563565
2025-05-01,17,1,2,6000.0,49287.55952323024,-0.47544445555555553,-0.47544445555555553,52140.22625656357
2025-05-01,17,1,2,6600.0,49002.526183230235,-0.47466667777777777,-0.47466667777777777,52135.32625656357
2025-05-01,17,1,2,7200.0,48717.74284323023,-0.47455556666666665,-0.47455556666666665,52134.542923230234
2025-05-01,17,1,2,7800.0,48433.009503230234,-0.4743333444444444,-0.4743333444444444,52132.809589896904
2025-05-01,17,1,2,8400.0,48148.40949656357,-0.4743333444444444,-0.4743333444444444,52132.8095898969
2025-05-01,17,1,2,9000.0,47864.859489896895,-0.4720000111111111,-0.4720000111111111,52112.85958989689
2025-05-01,17,1,2,9600.0,47581.75948323023,-0.47166667777777777,-0.47166667777777777,52109.759589896894
2025-05-01,17,1,2,10200.0,47307.62614323023,-0.41255556666666665,-0.41255556666666665,51515.69292323023
2025-05-01,17,1,2,10800.0,47060.092803230225,-0.38231999099999997,-0.38231999099999997,51189.148706030224
2025-05-01,17,1,1,1200.0,51120.35633319413,-0.47900001111111107,-0.47900001111111107,51695.15634652747
2025-05-01,17,1,1,1800.0,50832.956326527456,-0.47900001111111107,-0.47900001111111107,51695.15634652745
2025-05-01,17,1,1,2400.0,50545.55631986079,-0.47900001111111107,-0.47900001111111107,51695.15634652746
2025-05-01,17,1,1,3000.0,50258.60631319412,-0.4780000111111112,-0.4780000111111112,51692.60634652745
2025-05-01,17,1,1,3600.0,49971.83963986078,-0.47788889999999995,-0.47788889999999995,51692.23967986078
2025-05-01,17,1,1,4200.0,49685.239633194105,-0.4770000111111111,-0.4770000111111111,51688.639679860775
2025-05-01,17,1,1,4800.0,49399.03962652744,-0.4770000111111111,-0.4770000111111111,51688.639679860775
2025-05-01,17,1,1,5400.0,49113.3729531941,-0.4761111222222221,-0.4761111222222221,51684.3730131941
2025-05-01,17,1,1,6000.0,48828.006279860754,-0.47544445555555553,-0.47544445555555553,51680.673013194086
2025-05-01,17,1,1,6600.0,48542.97293986076,-0.4746666777777778,-0.4746666777777778,51675.77301319409
2025-05-01,17,1,1,7200.0,48258.18959986075,-0.47455556666666665,-0.47455556666666665,51674.98967986075
2025-05-01,17,1,1,7800.0,47973.45625986075,-0.47455556666666665,-0.47455556666666665,51674.98967986075
2025-05-01,17,1,1,8400.0,47688.856253194084,-0.4743333444444444,-0.4743333444444444,51673.256346527414
2025-05-01,17,1,1,9000.0,47405.30624652741,-0.4720000111111111,-0.4720000111111111,51653.30634652741
2025-05-01,17,1,1,9600.0,47122.206239860745,-0.47166667777777777,-0.47166667777777777,51650.20634652741
2025-05-01,17,1,1,10200.0,46848.072899860745,-0.41255556666666665,-0.41255556666666665,51056.139679860746
2025-05-01,17,1,1,10800.0,46600.539559860736,-0.38231999099999997,-0.38231999099999997,50729.595462660734
2025-05-01,17,1,0,1200.0,51559.682246655786,-0.47900001111111107,-0.47900001111111107,52134.48225998912
2025-05-01,17,1,0,1800.0,51272.28223998912,-0.47900001111111107,-0.47900001111111107,52134.48225998912
2025-05-01,17,1,0,2400.0,50984.88223332246,-0.47900001111111107,-0.47900001111111107,52134.48225998913
2025-05-01,17,1,0,3000.0,50697.932226655794,-0.4780000111111112,-0.4780000111111112,52131.932259989124
2025-05-01,17,1,0,3600.0,50411.16555332245,-0.47788889999999995,-0.47788889999999995,52131.56559332245
2025-05-01,17,1,0,4200.0,50124.56554665579,-0.4770000111111112,-0.4770000111111112,52127.96559332246
2025-05-01,17,1,0,4800.0,49838.36553998912,-0.4770000111111112,-0.4770000111111112,52127.96559332246
2025-05-01,17,1,0,5400.0,49552.69886665578,-0.4761111222222222,-0.4761111222222222,52123.69892665578
2025-05-01,17,1,0,6000.0,49267.33219332244,-0.47544445555555553,-0.47544445555555553,52119.998926655775
2025-05-01,17,1,0,6600.0,48982.29885332245,-0.4746666777777778,-0.4746666777777778,52115.09892665578
2025-05-01,17,1,0,7200.0,48697.515513322454,-0.47455556666666665,-0.47455556666666665,52114.315593322455
2025-05-01,17,1,0,7800.0,48412.78217332245,-0.47455556666666665,-0.47455556666666665,52114.31559332245
2025-05-01,17,1,0,8400.0,48128.18216665577,-0.4743333444444444,-0.4743333444444444,52112.5822599891
2025-05-01,17,1,0,9000.0,47844.6321599891,-0.4720000111111111,-0.4720000111111111,52092.6322599891
2025-05-01,17,1,0,9600.0,47561.53215332244,-0.4716666777777777,-0.4716666777777777,52089.53225998911
2025-05-01,17,1,0,10200.0,47287.39881332244,-0.41255556666666665,-0.41255556666666665,51495.46559332244
2025-05-01,17,1,0,10800.0,47039.86547332245,-0.38231999099999997,-0.38231999099999997,51168.921376122446
2025-05-01,17,2,6,1200.0,54060.156721636595,-0.47900001111111107,-0.47900001111111107,54634.95673496993
2025-05-01,17,2,6,1800.0,53772.75671496993,-0.47900001111111107,-0.47900001111111107,54634.95673496993
2025-05-01,17,2,6,2400.0,53485.35670830327,-0.47900001111111107,-0.47900001111111107,54634.956734969935
2025-05-01,17,2,6,3000.0,53198.40670163659,-0.47800001111111107,-0.47800001111111107,54632.40673496992
2025-05-01,17,2,6,3600.0,52911.640028303256,-0.47788889999999995,-0.47788889999999995,54632.04006830326
2025-05-01,17,2,6,4200.0,52625.04002163658,-0.47700001111111107,-0.47700001111111107,54628.44006830325
2025-05-01,17,2,6,4800.0,52338.840014969916,-0.47700001111111107,-0.47700001111111107,54628.44006830325
2025-05-01,17,2,6,5400.0,52053.17334163659,-0.4761111222222222,-0.4761111222222222,54624.17340163659
2025-05-01,17,2,6,6000.0,51767.80666830325,-0.47544445555555553,-0.47544445555555553,54620.473401636584
2025-05-01,17,2,6,6600.0,51482.77332830324,-0.47466667777777777,-0.47466667777777777,54615.573401636575
2025-05-01,17,2,6,7200.0,51197.98998830325,-0.4745555666666667,-0.4745555666666667,54614.79006830325
2025-05-01,17,2,6,7800.0,50913.25664830324,-0.4745555666666667,-0.4745555666666667,54614.79006830324
2025-05-01,17,2,6,8400.0,50628.65664163657,-0.4743333444444444,-0.4743333444444444,54613.0567349699
2025-05-01,17,2,6,9000.0,50345.10663496991,-0.4720000111111111,-0.4720000111111111,54593.10673496991
2025-05-01,17,2,6,9600.0,50062.006628303236,-0.47166667777777777,-0.47166667777777777,54590.0067349699
2025-05-01,17,2,6,10200.0,49787.873288303235,-0.41255556666666665,-0.41255556666666665,53995.940068303236
2025-05-01,17,2,6,10800.0,49540.339948303226,-0.38231999099999997,-0.38231999099999997,53669.395851103225
2025-05-01,17,2,5,1200.0,21649.961628179604,-0.4770000111111112,-0.4770000111111112,22222.361641512936
2025-05-01,17,2,5,1800.0,21363.84318995738,-0.4761111222222221,-0.4761111222222221,22220.84320995738
2025-05-01,17,2,5,2400.0,21078.17651662405,-0.4761111222222221,-0.4761111222222221,22220.843209957384
2025-05-01,17,2,5,3000.0,20792.87101962405,-0.47544445555555553,-0.47544445555555553,22219.204386290716
2025-05-01,17,2,5,3600.0,20507.90905201294,-0.4746666777777777,-0.4746666777777777,22216.709092012938
2025-05-01,17,2,5,4200.0,20223.135908068496,-0.47455556666666665,-0.47455556666666665,22216.269288068495
2025-05-01,17,2,5,4800.0,19938.42296017961,-0.4743333444444444,-0.4743333444444444,22215.223013512943
2025-05-01,17,2,5,5400.0,19653.822953512947,-0.4743333444444444,-0.4743333444444444,22215.223013512947
2025-05-01,17,2,5,6000.0,19370.48706401295,-0.4720000111111112,-0.4720000111111112,22202.487130679616
2025-05-01,17,2,5,6600.0,19087.417645512938,-0.4716666777777778,-0.4716666777777778,22200.41771884627
2025-05-01,17,2,5,7200.0,18815.888239359636,-0.41255556666666665,-0.41255556666666665,21786.288319359635
2025-05-01,17,2,5,7800.0,18568.696347734352,-0.399509991,-0.399509991,21684.874277534353
2025-05-01,17,2,5,8400.0,18329.090346596015,-0.397979991,-0.397979991,21672.122270996013
2025-05-01,17,2,5,9000.0,18090.548891576014,-0.396089991,-0.396089991,21655.358810576014
2025-05-01,17,2,5,9600.0,17853.001964266015,-0.395549991,-0.395549991,21650.281877866015
2025-05-01,17,2,5,10200.0,17615.718501762683,-0.395369991,-0.395369991,21648.492409962684
2025-05-01,17,2,5,10800.0,17378.614369649345,-0.382319991,-0.382319991,21507.670272449344
2025-05-01,17,2,4,1200.0,21916.592943933876,-0.47788889999999995,-0.47788889999999995,22490.059623933877
2025-05-01,17,2,4,1800.0,21630.202656724,-0.4770000111111112,-0.4770000111111112,22488.802676724
2025-05-01,17,2,4,2400.0,21344.212369514124,-0.4761111222222222,-0.4761111222222222,22486.879062847456
2025-05-01,17,2,4,3000.0,21058.602985773385,-0.47544445555555553,-0.47544445555555553,22484.93635244005
2025-05-01,17,2,4,3600.0,20773.336312440046,-0.47544445555555553,-0.47544445555555553,22484.936352440047
2025-05-01,17,2,4,4200.0,20488.48647696474,-0.47466667777777777,-0.47466667777777777,22482.086523631406
2025-05-01,17,2,4,4800.0,20203.729351896844,-0.47455556666666665,-0.47455556666666665,22481.59607189684
2025-05-01,17,2,4,5400.0,19919.048441761042,-0.4743333444444444,-0.4743333444444444,22480.448501761042
2025-05-01,17,2,4,6000.0,19634.64894866845,-0.4720000111111112,-0.4720000111111112,22466.64901533512
2025-05-01,17,2,4,6600.0,19351.44894200178,-0.4720000111111112,-0.4720000111111112,22466.649015335115
2025-05-01,17,2,4,7200.0,19068.427580131414,-0.4716666777777778,-0.4716666777777778,22464.427660131416
2025-05-01,17,2,4,7800.0,18808.19135218744,-0.41255556666666665,-0.41255556666666665,22026.124772187442
2025-05-01,17,2,4,8400.0,18563.720975650675,-0.399509991,-0.399509991,21919.604900050675
2025-05-01,17,2,4,9000.0,18324.45921623901,-0.397979991,-0.397979991,21906.279135239012
2025-05-01,17,2,4,9600.0,18086.27312080401,-0.396089991,-0.396089991,21888.73703440401
2025-05-01,17,2,4,10200.0,17848.828021994006,-0.39554999100000005,-0.39554999100000005,21883.437930194006
2025-05-01,17,2,4,10800.0,17611.57413799067,-0.382319991,-0.382319991,21740.630040790667
2025-05-01,17,2,3,1200.0,53385.159017171376,-0.47900001111111107,-0.47900001111111107,53959.95903050471
2025-05-01,17,2,3,1800.0,53097.759010504706,-0.47900001111111107,-0.47900001111111107,53959.9590305047
2025-05-01,17,2,3,2400.0,52810.359003838035,-0.47900001111111107,-0.47900001111111107,53959.9590305047
2025-05-01,17,2,3,3000.0,52523.40899717136,-0.47800001111111107,-0.47800001111111107,53957.40903050469
2025-05-01,17,2,3,3600.0,52236.64232383803,-0.47788889999999995,-0.47788889999999995,53957.04236383803
2025-05-01,17,2,3,4200.0,51950.04231717136,-0.4770000111111112,-0.4770000111111112,53953.44236383803
2025-05-01,17,2,3,4800.0,51663.8423105047,-0.4761111222222222,-0.4761111222222222,53949.17569717136
2025-05-01,17,2,3,5400.0,51378.175637171356,-0.4761111222222222,-0.4761111222222222,53949.175697171355
2025-05-01,17,2,3,6000.0,51092.80896383802,-0.47544445555555553,-0.47544445555555553,53945.47569717135
2025-05-01,17,2,3,6600.0,50807.77562383802,-0.47466667777777777,-0.47466667777777777,53940.57569717135
2025-05-01,17,2,3,7200.0,50522.992283838015,-0.47455556666666665,-0.47455556666666665,53939.792363838016
2025-05-01,17,2,3,7800.0,50238.25894383801,-0.4743333444444444,-0.4743333444444444,53938.05903050468
2025-05-01,17,2,3,8400.0,49953.65893717134,-0.4743333444444444,-0.4743333444444444,53938.05903050467
2025-05-01,17,2,3,9000.0,49670.10893050467,-0.4720000111111111,-0.4720000111111111,53918.10903050467
2025-05-01,17,2,3,9600.0,49387.008923838,-0.47166667777777777,-0.47166667777777777,53915.00903050467
2025-05-01,17,2,3,10200.0,49112.87558383801,-0.41255556666666665,-0.41255556666666665,53320.94236383801
2025-05-01,17,2,3,10800.0,48865.34224383801,-0.38231999099999997,-0.38231999099999997,52994.39814663801
2025-05-01,17,2,2,1200.0,51579.90957656359,-0.47900001111111107,-0.47900001111111107,52154.70958989692
2025-05-01,17,2,2,1800.0,51292.50956989691,-0.479000011111111,-0.479000011111111,52154.709589896906
2025-05-01,17,2,2,2400.0,51005.10956323024,-0.479000011111111,-0.479000011111111,52154.709589896906
2025-05-01,17,2,2,3000.0,50718.15955656358,-0.47800001111111107,-0.47800001111111107,52152.15958989691
2025-05-01,17,2,2,3600.0,50431.39288323025,-0.47788889999999995,-0.47788889999999995,52151.79292323025
2025-05-01,17,2,2,4200.0,50144.79287656357,-0.4770000111111112,-0.4770000111111112,52148.19292323024
2025-05-01,17,2,2,4800.0,49858.59286989691,-0.4770000111111112,-0.4770000111111112,52148.19292323024
2025-05-01,17,2,2,5400.0,49572.92619656357,-0.4761111222222222,-0.4761111222222222,52143.926256563565
2025-05-01,17,2,2,6000.0,49287.55952323024,-0.47544445555555553,-0.47544445555555553,52140.22625656357
2025-05-01,17,2,2,6600.0,49002.526183230235,-0.47466667777777777,-0.47466667777777777,52135.32625656357
2025-05-01,17,2,2,7200.0,48717.74284323023,-0.47455556666666665,-0.47455556666666665,52134.542923230234
2025-05-01,17,2,2,7800.0,48433.009503230234,-0.4743333444444444,-0.4743333444444444,52132.809589896904
2025-05-01,17,2,2,8400.0,48148.40949656357,-0.4743333444444444,-0.4743333444444444,52132.8095898969
2025-05-01,17,2,2,9000.0,47864.859489896895,-0.4720000111111111,-0.4720000111111111,52112.85958989689
2025-05-01,17,2,2,9600.0,47581.75948323023,-0.47166667777777777,-0.47166667777777777,52109.759589896894
2025-05-01,17,2,2,10200.0,47307.62614323023,-0.41255556666666665,-0.41255556666666665,51515.69292323023
2025-05-01,17,2,2,10800.0,47060.092803230225,-0.38231999099999997,-0.38231999099999997,51189.148706030224
2025-05-01,17,2,1,1200.0,51120.35633319413,-0.47900001111111107,-0.47900001111111107,51695.15634652747
2025-05-01,17,2,1,1800.0,50832.956326527456,-0.47900001111111107,-0.47900001111111107,51695.15634652745
2025-05-01,17,2,1,2400.0,50545.55631986079,-0.47900001111111107,-0.47900001111111107,51695.15634652746
2025-05-01,17,2,1,3000.0,50258.60631319412,-0.4780000111111112,-0.4780000111111112,51692.60634652745
2025-05-01,17,2,1,3600.0,49971.83963986078,-0.47788889999999995,-0.47788889999999995,51692.23967986078
2025-05-01,17,2,1,4200.0,49685.239633194105,-0.4770000111111111,-0.4770000111111111,51688.639679860775
2025-05-01,17,2,1,4800.0,49399.03962652744,-0.4770000111111111,-0.4770000111111111,51688.639679860775
2025-05-01,17,2,1,5400.0,49113.3729531941,-0.4761111222222221,-0.4761111222222221,51684.3730131941
2025-05-01,17,2,1,6000.0,48828.006279860754,-0.47544445555555553,-0.47544445555555553,51680.673013194086
2025-05-01,17,2,1,6600.0,48542.97293986076,-0.4746666777777778,-0.4746666777777778,51675.77301319409
2025-05-01,17,2,1,7200.0,48258.18959986075,-0.47455556666666665,-0.47455556666666665,51674.98967986075
2025-05-01,17,2,1,7800.0,47973.45625986075,-0.47455556666666665,-0.47455556666666665,51674.98967986075
2025-05-01,17,2,1,8400.0,47688.856253194084,-0.4743333444444444,-0.4743333444444444,51673.256346527414
2025-05-01,17,2,1,9000.0,47405.30624652741,-0.4720000111111111,-0.4720000111111111,51653.30634652741
2025-05-01,17,2,1,9600.0,47122.206239860745,-0.47166667777777777,-0.47166667777777777,51650.20634652741
2025-05-01,17,2,1,10200.0,46848.072899860745,-0.41255556666666665,-0.41255556666666665,51056.139679860746
2025-05-01,17,2,1,10800.0,46600.539559860736,-0.38231999099999997,-0.38231999099999997,50729.595462660734
2025-05-01,17,2,0,1200.0,51559.682246655786,-0.47900001111111107,-0.47900001111111107,52134.48225998912
2025-05-01,17,2,0,1800.0,51272.28223998912,-0.47900001111111107,-0.47900001111111107,52134.48225998912
2025-05-01,17,2,0,2400.0,50984.88223332246,-0.47900001111111107,-0.47900001111111107,52134.48225998913
2025-05-01,17,2,0,3000.0,50697.932226655794,-0.4780000111111112,-0.4780000111111112,52131.932259989124
2025-05-01,17,2,0,3600.0,50411.16555332245,-0.47788889999999995,-0.47788889999999995,52131.56559332245
2025-05-01,17,2,0,4200.0,50124.56554665579,-0.4770000111111112,-0.4770000111111112,52127.96559332246
2025-05-01,17,2,0,4800.0,49838.36553998912,-0.4770000111111112,-0.4770000111111112,52127.96559332246
2025-05-01,17,2,0,5400.0,49552.69886665578,-0.4761111222222222,-0.4761111222222222,52123.69892665578
2025-05-01,17,2,0,6000.0,49267.33219332244,-0.47544445555555553,-0.47544445555555553,52119.998926655775
2025-05-01,17,2,0,6600.0,48982.29885332245,-0.4746666777777778,-0.4746666777777778,52115.09892665578
2025-05-01,17,2,0,7200.0,48697.515513322454,-0.47455556666666665,-0.47455556666666665,52114.315593322455
2025-05-01,17,2,0,7800.0,48412.78217332245,-0.47455556666666665,-0.47455556666666665,52114.31559332245
2025-05-01,17,2,0,8400.0,48128.18216665577,-0.4743333444444444,-0.4743333444444444,52112.5822599891
2025-05-01,17,2,0,9000.0,47844.6321599891,-0.4720000111111111,-0.4720000111111111,52092.6322599891
2025-05-01,17,2,0,9600.0,47561.53215332244,-0.4716666777777777,-0.4716666777777777,52089.53225998911
2025-05-01,17,2,0,10200.0,47287.39881332244,-0.41255556666666665,-0.41255556666666665,51495.46559332244
2025-05-01,17,2,0,10800.0,47039.86547332245,-0.38231999099999997,-0.38231999099999997,51168.921376122446
2025-06-01,17,1,6,1200.0,44023.36703340537,-0.47900001111111107,-0.47900001111111107,44598.1670467387
2025-06-01,17,1,6,1800.0,43735.967026738705,-0.47900001111111107,-0.47900001111111107,44598.1670467387
2025-06-01,17,1,6,2400.0,43448.56702007204,-0.47900001111111107,-0.47900001111111107,44598.16704673871
2025-06-01,17,1,6,3000.0,43161.617013405375,-0.4780000111111111,-0.4780000111111111,44595.617046738706
2025-06-01,17,1,6,3600.0,42874.85034007204,-0.47788889999999995,-0.47788889999999995,44595.25038007204
2025-06-01,17,1,6,4200.0,42588.25033340537,-0.4770000111111111,-0.4770000111111111,44591.65038007204
2025-06-01,17,1,6,4800.0,42302.0503267387,-0.4761111222222221,-0.4761111222222221,44587.38371340537
2025-06-01,17,1,6,5400.0,42016.38365340537,-0.4761111222222221,-0.4761111222222221,44587.38371340537
2025-06-01,17,1,6,6000.0,41731.01698007203,-0.47544445555555553,-0.47544445555555553,44583.683713405364
2025-06-01,17,1,6,6600.0,41445.98364007202,-0.47466667777777777,-0.47466667777777777,44578.783713405355
2025-06-01,17,1,6,7200.0,41161.20030007203,-0.47455556666666665,-0.47455556666666665,44578.00038007203
2025-06-01,17,1,6,7800.0,40876.46696007202,-0.47455556666666665,-0.47455556666666665,44578.00038007202
2025-06-01,17,1,6,8400.0,40591.86695340535,-0.4743333444444444,-0.4743333444444444,44576.26704673868
2025-06-01,17,1,6,9000.0,40308.31694673869,-0.4720000111111111,-0.4720000111111111,44556.31704673869
2025-06-01,17,1,6,9600.0,40025.216940072016,-0.4716666777777778,-0.4716666777777778,44553.21704673868
2025-06-01,17,1,6,10200.0,39751.083600072016,-0.41255556666666665,-0.41255556666666665,43959.15038007202
2025-06-01,17,1,6,10800.0,39503.55026007202,-0.38231999099999997,-0.38231999099999997,43632.60616287202
2025-06-01,17,1,5,1200.0,20044.821529399018,-0.47455556666666665,-0.47455556666666665,20614.28820939902
2025-06-01,17,1,5,1800.0,19760.088189399015,-0.47455556666666665,-0.47455556666666665,20614.288209399016
2025-06-01,17,1,5,2400.0,19475.473522147986,-0.4743333444444444,-0.4743333444444444,20613.873548814652
2025-06-01,17,1,5,3000.0,19191.769579345517,-0.4720000111111111,-0.4720000111111111,20607.76961267885
2025-06-01,17,1,5,3600.0,18908.647581802306,-0.4716666777777777,-0.4716666777777777,20606.647621802305
2025-06-01,17,1,5,4200.0,18630.563245770747,-0.41255556666666665,-0.41255556666666665,20363.29662577075
2025-06-01,17,1,5,4800.0,18383.02990577075,-0.41255556666666665,-0.41255556666666665,20363.29662577075
2025-06-01,17,1,5,5400.0,18142.323715384453,-0.397979991,-0.397979991,20291.41566678445
2025-06-01,17,1,5,6000.0,17903.71558158445,-0.396089991,-0.396089991,20280.25552758445
2025-06-01,17,1,5,6600.0,17666.156702534456,-0.39554999099999993,-0.39554999099999993,20276.786643134456
2025-06-01,17,1,5,7200.0,17428.874041784453,-0.39536999100000003,-0.39536999100000003,20275.53797698445
2025-06-01,17,1,5,7800.0,17191.778350897792,-0.39500999099999995,-0.39500999099999995,20272.856280697793
2025-06-01,17,1,5,8400.0,16955.21640493946,-0.394019991,-0.394019991,20264.98432933946
2025-06-01,17,1,5,9000.0,16719.008300767786,-0.393389991,-0.393389991,20259.518219767786
2025-06-01,17,1,5,9600.0,16483.02938886112,-0.39302999099999997,-0.39302999099999997,20256.11730246112
2025-06-01,17,1,5,10200.0,16247.278390781117,-0.39275999100000003,-0.39275999100000003,20253.43029898112
2025-06-01,17,1,5,10800.0,16011.744616207785,-0.38231999099999997,-0.38231999099999997,20140.800519007786
2025-06-01,17,1,4,1200.0,19578.25715439518,-0.4746666777777778,-0.4746666777777778,20147.857167728514
2025-06-01,17,1,4,1800.0,19293.503467782015,-0.47455556666666665,-0.47455556666666665,20147.703487782015
2025-06-01,17,1,4,2400.0,19008.829434555682,-0.4743333444444444,-0.4743333444444444,20147.22946122235
2025-06-01,17,1,4,3000.0,18724.50214901247,-0.4720000111111111,-0.4720000111111111,20140.502182345805
2025-06-01,17,1,4,3600.0,18441.3021423458,-0.4720000111111111,-0.4720000111111111,20140.5021823458
2025-06-01,17,1,4,4200.0,18158.291095839628,-0.4716666777777778,-0.4716666777777778,20139.291142506296
2025-06-01,17,1,4,4800.0,17897.05057371412,-0.41255556666666665,-0.41255556666666665,19877.31729371412
2025-06-01,17,1,4,5400.0,17652.227864927187,-0.399509991,-0.399509991,19809.581816327187
2025-06-01,17,1,4,6000.0,17412.973822212185,-0.397979991,-0.397979991,19800.853768212186
2025-06-01,17,1,4,6600.0,17174.911159037187,-0.396089991,-0.396089991,19789.105099637185
2025-06-01,17,1,4,7200.0,16937.506114967193,-0.39554999100000005,-0.39554999100000005,19785.466050167193
2025-06-01,17,1,4,7800.0,16700.286196183857,-0.395009991,-0.395009991,19781.36412598386
2025-06-01,17,1,4,8400.0,16463.399858648856,-0.394019991,-0.394019991,19773.167783048855
2025-06-01,17,1,4,9000.0,16227.057995042192,-0.39365999099999993,-0.39365999099999993,19769.997914042193
2025-06-01,17,1,4,9600.0,15990.939290252192,-0.39338999099999994,-0.39338999099999994,19767.483203852193
2025-06-01,17,1,4,10200.0,15755.040023938858,-0.3930299909999999,-0.3930299909999999,19763.945932138857
2025-06-01,17,1,4,10800.0,15519.35184605386,-0.38231999099999997,-0.38231999099999997,19648.40774885386
2025-06-01,17,1,3,1200.0,46207.968848259996,-0.47900001111111107,-0.47900001111111107,46782.76886159333
2025-06-01,17,1,3,1800.0,45920.56884159333,-0.47900001111111107,-0.47900001111111107,46782.76886159333
2025-06-01,17,1,3,2400.0,45633.16883492666,-0.47900001111111107,-0.47900001111111107,46782.76886159333
2025-06-01,17,1,3,3000.0,45346.21882825998,-0.47800001111111107,-0.47800001111111107,46780.21886159331
2025-06-01,17,1,3,3600.0,45059.45215492665,-0.47788889999999995,-0.47788889999999995,46779.85219492665
2025-06-01,17,1,3,4200.0,44772.852148259975,-0.47700001111111107,-0.47700001111111107,46776.252194926645
2025-06-01,17,1,3,4800.0,44486.6521415933,-0.47700001111111107,-0.47700001111111107,46776.25219492664
2025-06-01,17,1,3,5400.0,44200.98546825997,-0.4761111222222222,-0.4761111222222222,46771.98552825997
2025-06-01,17,1,3,6000.0,43915.61879492663,-0.47544445555555553,-0.47544445555555553,46768.28552825996
2025-06-01,17,1,3,6600.0,43630.58545492664,-0.47466667777777777,-0.47466667777777777,46763.38552825997
2025-06-01,17,1,3,7200.0,43345.80211492664,-0.47455556666666665,-0.47455556666666665,46762.60219492664
2025-06-01,17,1,3,7800.0,43061.06877492664,-0.47455556666666665,-0.47455556666666665,46762.60219492664
2025-06-01,17,1,3,8400.0,42776.468768259976,-0.4743333444444444,-0.4743333444444444,46760.868861593306
2025-06-01,17,1,3,9000.0,42492.918761593304,-0.4720000111111111,-0.4720000111111111,46740.9188615933
2025-06-01,17,1,3,9600.0,42209.81875492663,-0.4716666777777778,-0.4716666777777778,46737.818861593296
2025-06-01,17,1,3,10200.0,41935.68541492662,-0.41255556666666665,-0.41255556666666665,46143.75219492662
2025-06-01,17,1,3,10800.0,41688.15207492662,-0.38231999099999997,-0.38231999099999997,45817.20797772662
2025-06-01,17,1,2,1200.0,45475.68962864877,-0.47900001111111107,-0.47900001111111107,46050.4896419821
2025-06-01,17,1,2,1800.0,45188.289621982105,-0.47900001111111107,-0.47900001111111107,46050.4896419821
2025-06-01,17,1,2,2400.0,44900.88961531544,-0.47900001111111107,-0.47900001111111107,46050.48964198211
2025-06-01,17,1,2,3000.0,44613.939608648776,-0.47800001111111107,-0.47800001111111107,46047.939641982106
2025-06-01,17,1,2,3600.0,44327.172935315444,-0.47788889999999995,-0.47788889999999995,46047.572975315445
2025-06-01,17,1,2,4200.0,44040.57292864877,-0.4770000111111112,-0.4770000111111112,46043.97297531544
2025-06-01,17,1,2,4800.0,43754.37292198212,-0.4770000111111112,-0.4770000111111112,46043.97297531545
2025-06-01,17,1,2,5400.0,43468.70624864878,-0.47611112222222224,-0.47611112222222224,46039.706308648776
2025-06-01,17,1,2,6000.0,43183.33957531544,-0.47544445555555553,-0.47544445555555553,46036.00630864877
2025-06-01,17,1,2,6600.0,42898.306235315446,-0.47466667777777777,-0.47466667777777777,46031.10630864878
2025-06-01,17,1,2,7200.0,42613.52289531544,-0.47455556666666665,-0.47455556666666665,46030.32297531544
2025-06-01,17,1,2,7800.0,42328.78955531543,-0.47455556666666665,-0.47455556666666665,46030.32297531543
2025-06-01,17,1,2,8400.0,42044.189548648756,-0.4743333444444444,-0.4743333444444444,46028.589641982086
2025-06-01,17,1,2,9000.0,41760.639541982084,-0.4720000111111111,-0.4720000111111111,46008.63964198208
2025-06-01,17,1,2,9600.0,41477.53953531542,-0.47166667777777777,-0.47166667777777777,46005.53964198209
2025-06-01,17,1,2,10200.0,41203.40619531541,-0.41255556666666665,-0.41255556666666665,45411.47297531541
2025-06-01,17,1,2,10800.0,40955.8728553154,-0.382319991,-0.382319991,45084.9287581154
2025-06-01,17,1,1,1200.0,46414.38990275781,-0.47900001111111107,-0.47900001111111107,46989.18991609114
2025-06-01,17,1,1,1800.0,46126.98989609113,-0.47900001111111107,-0.47900001111111107,46989.18991609113
2025-06-01,17,1,1,2400.0,45839.58988942447,-0.47900001111111107,-0.47900001111111107,46989.189916091134
2025-06-01,17,1,1,3000.0,45552.639882757816,-0.4780000111111111,-0.4780000111111111,46986.639916091146
2025-06-01,17,1,1,3600.0,45265.87320942447,-0.47788889999999995,-0.47788889999999995,46986.27324942447
2025-06-01,17,1,1,4200.0,44979.27320275781,-0.4770000111111111,-0.4770000111111111,46982.67324942448
2025-06-01,17,1,1,4800.0,44693.07319609114,-0.4770000111111111,-0.4770000111111111,46982.67324942448
2025-06-01,17,1,1,5400.0,44407.4065227578,-0.4761111222222222,-0.4761111222222222,46978.4065827578
2025-06-01,17,1,1,6000.0,44122.039849424466,-0.47544445555555553,-0.47544445555555553,46974.7065827578
2025-06-01,17,1,1,6600.0,43837.00650942447,-0.4746666777777778,-0.4746666777777778,46969.8065827578
2025-06-01,17,1,1,7200.0,43552.22316942446,-0.47455556666666665,-0.47455556666666665,46969.02324942446
2025-06-01,17,1,1,7800.0,43267.48982942447,-0.47455556666666665,-0.47455556666666665,46969.02324942447
2025-06-01,17,1,1,8400.0,42982.889822757796,-0.4743333444444444,-0.4743333444444444,46967.289916091126
2025-06-01,17,1,1,9000.0,42699.339816091124,-0.4720000111111111,-0.4720000111111111,46947.33991609112
2025-06-01,17,1,1,9600.0,42416.23980942446,-0.47166667777777777,-0.47166667777777777,46944.23991609113
2025-06-01,17,1,1,10200.0,42142.10646942445,-0.41255556666666665,-0.41255556666666665,46350.17324942445
2025-06-01,17,1,1,10800.0,41894.573129424454,-0.38231999099999997,-0.38231999099999997,46023.62903222445
2025-06-01,17,1,0,1200.0,46401.293113475396,-0.47900001111111107,-0.47900001111111107,46976.09312680873
2025-06-01,17,1,0,1800.0,46113.89310680873,-0.47900001111111107,-0.47900001111111107,46976.09312680873
2025-06-01,17,1,0,2400.0,45826.493100142055,-0.47900001111111107,-0.47900001111111107,46976.09312680872
2025-06-01,17,1,0,3000.0,45539.54309347539,-0.4780000111111112,-0.4780000111111112,46973.54312680872
2025-06-01,17,1,0,3600.0,45252.77642014206,-0.47788889999999995,-0.47788889999999995,46973.17646014206
2025-06-01,17,1,0,4200.0,44966.17641347538,-0.4770000111111112,-0.4770000111111112,46969.57646014205
2025-06-01,17,1,0,4800.0,44679.97640680872,-0.4770000111111112,-0.4770000111111112,46969.57646014205
2025-06-01,17,1,0,5400.0,44394.30973347538,-0.4761111222222222,-0.4761111222222222,46965.309793475375
2025-06-01,17,1,0,6000.0,44108.94306014204,-0.47544445555555553,-0.47544445555555553,46961.60979347537
2025-06-01,17,1,0,6600.0,43823.909720142045,-0.47466667777777777,-0.47466667777777777,46956.70979347538
2025-06-01,17,1,0,7200.0,43539.12638014205,-0.47455556666666665,-0.47455556666666665,46955.92646014205
2025-06-01,17,1,0,7800.0,43254.393040142044,-0.47455556666666665,-0.47455556666666665,46955.926460142044
2025-06-01,17,1,0,8400.0,42969.793033475384,-0.4743333444444444,-0.4743333444444444,46954.193126808714
2025-06-01,17,1,0,9000.0,42686.24302680871,-0.4720000111111111,-0.4720000111111111,46934.24312680871
2025-06-01,17,1,0,9600.0,42403.14302014204,-0.4716666777777778,-0.4716666777777778,46931.1431268087
2025-06-01,17,1,0,10200.0,42129.00968014204,-0.41255556666666665,-0.41255556666666665,46337.07646014204
2025-06-01,17,1,0,10800.0,41881.47634014203,-0.384479991,-0.384479991,46033.86024294203
2025-06-01,17,2,6,1200.0,46232.10042007208,-0.47900001111111107,-0.47900001111111107,46806.90043340541
2025-06-01,17,2,6,1800.0,45944.700413405415,-0.47900001111111107,-0.47900001111111107,46806.90043340541
2025-06-01,17,2,6,2400.0,45657.30040673875,-0.47900001111111107,-0.47900001111111107,46806.90043340542
2025-06-01,17,2,6,3000.0,45370.35040007207,-0.4780000111111111,-0.4780000111111111,46804.3504334054
2025-06-01,17,2,6,3600.0,45083.58372673874,-0.47788889999999995,-0.47788889999999995,46803.98376673874
2025-06-01,17,2,6,4200.0,44796.983720072065,-0.4770000111111111,-0.4770000111111111,46800.383766738734
2025-06-01,17,2,6,4800.0,44510.783713405384,-0.4770000111111111,-0.4770000111111111,46800.38376673872
2025-06-01,17,2,6,5400.0,44225.11704007206,-0.4761111222222221,-0.4761111222222221,46796.11710007206
2025-06-01,17,2,6,6000.0,43939.750366738735,-0.47544445555555553,-0.47544445555555553,46792.41710007207
2025-06-01,17,2,6,6600.0,43654.71702673873,-0.47466667777777777,-0.47466667777777777,46787.51710007206
2025-06-01,17,2,6,7200.0,43369.93368673873,-0.47455556666666665,-0.47455556666666665,46786.73376673873
2025-06-01,17,2,6,7800.0,43085.200346738726,-0.47455556666666665,-0.47455556666666665,46786.733766738726
2025-06-01,17,2,6,8400.0,42800.60034007205,-0.4743333444444444,-0.4743333444444444,46785.00043340538
2025-06-01,17,2,6,9000.0,42517.050333405394,-0.4720000111111111,-0.4720000111111111,46765.05043340539
2025-06-01,17,2,6,9600.0,42233.95032673872,-0.4716666777777778,-0.4716666777777778,46761.950433405385
2025-06-01,17,2,6,10200.0,41959.81698673872,-0.41255556666666665,-0.41255556666666665,46167.88376673872
2025-06-01,17,2,6,10800.0,41712.28364673871,-0.382319991,-0.382319991,45841.33954953871
2025-06-01,17,2,5,1200.0,20044.821529399018,-0.47455556666666665,-0.47455556666666665,20614.28820939902
2025-06-01,17,2,5,1800.0,19760.088189399015,-0.47455556666666665,-0.47455556666666665,20614.288209399016
2025-06-01,17,2,5,2400.0,19475.473522147986,-0.4743333444444444,-0.4743333444444444,20613.873548814652
2025-06-01,17,2,5,3000.0,19191.769579345517,-0.4720000111111111,-0.4720000111111111,20607.76961267885
2025-06-01,17,2,5,3600.0,18908.647581802306,-0.4716666777777777,-0.4716666777777777,20606.647621802305
2025-06-01,17,2,5,4200.0,18630.563245770747,-0.41255556666666665,-0.41255556666666665,20363.29662577075
2025-06-01,17,2,5,4800.0,18383.02990577075,-0.41255556666666665,-0.41255556666666665,20363.29662577075
2025-06-01,17,2,5,5400.0,18142.323715384453,-0.397979991,-0.397979991,20291.41566678445
2025-06-01,17,2,5,6000.0,17903.71558158445,-0.396089991,-0.396089991,20280.25552758445
2025-06-01,17,2,5,6600.0,17666.156702534456,-0.39554999099999993,-0.39554999099999993,20276.786643134456
2025-06-01,17,2,5,7200.0,17428.874041784453,-0.39536999100000003,-0.39536999100000003,20275.53797698445
2025-06-01,17,2,5,7800.0,17191.778350897792,-0.39500999099999995,-0.39500999099999995,20272.856280697793
2025-06-01,17,2,5,8400.0,16955.21640493946,-0.394019991,-0.394019991,20264.98432933946
2025-06-01,17,2,5,9000.0,16719.008300767786,-0.393389991,-0.393389991,20259.518219767786
2025-06-01,17,2,5,9600.0,16483.02938886112,-0.39302999099999997,-0.39302999099999997,20256.11730246112
2025-06-01,17,2,5,10200.0,16247.278390781117,-0.39275999100000003,-0.39275999100000003,20253.43029898112
2025-06-01,17,2,5,10800.0,16011.744616207785,-0.38231999099999997,-0.38231999099999997,20140.800519007786
2025-06-01,17,2,4,1200.0,19578.25715439518,-0.4746666777777778,-0.4746666777777778,20147.857167728514
2025-06-01,17,2,4,1800.0,19293.503467782015,-0.47455556666666665,-0.47455556666666665,20147.703487782015
2025-06-01,17,2,4,2400.0,19008.829434555682,-0.4743333444444444,-0.4743333444444444,20147.22946122235
2025-06-01,17,2,4,3000.0,18724.50214901247,-0.4720000111111111,-0.4720000111111111,20140.502182345805
2025-06-01,17,2,4,3600.0,18441.3021423458,-0.4720000111111111,-0.4720000111111111,20140.5021823458
2025-06-01,17,2,4,4200.0,18158.291095839628,-0.4716666777777778,-0.4716666777777778,20139.291142506296
2025-06-01,17,2,4,4800.0,17897.05057371412,-0.41255556666666665,-0.41255556666666665,19877.31729371412
2025-06-01,17,2,4,5400.0,17652.227864927187,-0.399509991,-0.399509991,19809.581816327187
2025-06-01,17,2,4,6000.0,17412.973822212185,-0.397979991,-0.397979991,19800.853768212186
2025-06-01,17,2,4,6600.0,17174.911159037187,-0.396089991,-0.396089991,19789.105099637185
2025-06-01,17,2,4,7200.0,16937.506114967193,-0.39554999100000005,-0.39554999100000005,19785.466050167193
2025-06-01,17,2,4,7800.0,16700.286196183857,-0.395009991,-0.395009991,19781.36412598386
2025-06-01,17,2,4,8400.0,16463.399858648856,-0.394019991,-0.394019991,19773.167783048855
2025-06-01,17,2,4,9000.0,16227.057995042192,-0.39365999099999993,-0.39365999099999993,19769.997914042193
2025-06-01,17,2,4,9600.0,15990.939290252192,-0.39338999099999994,-0.39338999099999994,19767.483203852193
2025-06-01,17,2,4,10200.0,15755.040023938858,-0.3930299909999999,-0.3930299909999999,19763.945932138857
2025-06-01,17,2,4,10800.0,15519.35184605386,-0.38231999099999997,-0.38231999099999997,19648.40774885386
2025-06-01,17,2,3,1200.0,46207.968848259996,-0.47900001111111107,-0.47900001111111107,46782.76886159333
2025-06-01,17,2,3,1800.0,45920.56884159333,-0.47900001111111107,-0.47900001111111107,46782.76886159333
2025-06-01,17,2,3,2400.0,45633.16883492666,-0.47900001111111107,-0.47900001111111107,46782.76886159333
2025-06-01,17,2,3,3000.0,45346.21882825998,-0.47800001111111107,-0.47800001111111107,46780.21886159331
2025-06-01,17,2,3,3600.0,45059.45215492665,-0.47788889999999995,-0.47788889999999995,46779.85219492665
2025-06-01,17,2,3,4200.0,44772.852148259975,-0.47700001111111107,-0.47700001111111107,46776.252194926645
2025-06-01,17,2,3,4800.0,44486.6521415933,-0.47700001111111107,-0.47700001111111107,46776.25219492664
2025-06-01,17,2,3,5400.0,44200.98546825997,-0.4761111222222222,-0.4761111222222222,46771.98552825997
2025-06-01,17,2,3,6000.0,43915.61879492663,-0.47544445555555553,-0.47544445555555553,46768.28552825996
2025-06-01,17,2,3,6600.0,43630.58545492664,-0.47466667777777777,-0.47466667777777777,46763.38552825997
2025-06-01,17,2,3,7200.0,43345.80211492664,-0.47455556666666665,-0.47455556666666665,46762.60219492664
2025-06-01,17,2,3,7800.0,43061.06877492664,-0.47455556666666665,-0.47455556666666665,46762.60219492664
2025-06-01,17,2,3,8400.0,42776.468768259976,-0.4743333444444444,-0.4743333444444444,46760.868861593306
2025-06-01,17,2,3,9000.0,42492.918761593304,-0.4720000111111111,-0.4720000111111111,46740.9188615933
2025-06-01,17,2,3,9600.0,42209.81875492663,-0.4716666777777778,-0.4716666777777778,46737.818861593296
2025-06-01,17,2,3,10200.0,41935.68541492662,-0.41255556666666665,-0.41255556666666665,46143.75219492662
2025-06-01,17,2,3,10800.0,41688.15207492662,-0.38231999099999997,-0.38231999099999997,45817.20797772662
2025-06-01,17,2,2,1200.0,45475.68962864877,-0.47900001111111107,-0.47900001111111107,46050.4896419821
2025-06-01,17,2,2,1800.0,45188.289621982105,-0.47900001111111107,-0.47900001111111107,46050.4896419821
2025-06-01,17,2,2,2400.0,44900.88961531544,-0.47900001111111107,-0.47900001111111107,46050.48964198211
2025-06-01,17,2,2,3000.0,44613.939608648776,-0.47800001111111107,-0.47800001111111107,46047.939641982106
2025-06-01,17,2,2,3600.0,44327.172935315444,-0.47788889999999995,-0.47788889999999995,46047.572975315445
2025-06-01,17,2,2,4200.0,44040.57292864877,-0.4770000111111112,-0.4770000111111112,46043.97297531544
2025-06-01,17,2,2,4800.0,43754.37292198212,-0.4770000111111112,-0.4770000111111112,46043.97297531545
2025-06-01,17,2,2,5400.0,43468.70624864878,-0.47611112222222224,-0.47611112222222224,46039.706308648776
2025-06-01,17,2,2,6000.0,43183.33957531544,-0.47544445555555553,-0.47544445555555553,46036.00630864877
2025-06-01,17,2,2,6600.0,42898.306235315446,-0.47466667777777777,-0.47466667777777777,46031.10630864878
2025-06-01,17,2,2,7200.0,42613.52289531544,-0.47455556666666665,-0.47455556666666665,46030.32297531544
2025-06-01,17,2,2,7800.0,42328.78955531543,-0.47455556666666665,-0.47455556666666665,46030.32297531543
2025-06-01,17,2,2,8400.0,42044.189548648756,-0.4743333444444444,-0.4743333444444444,46028.589641982086
2025-06-01,17,2,2,9000.0,41760.639541982084,-0.4720000111111111,-0.4720000111111111,46008.63964198208
2025-06-01,17,2,2,9600.0,41477.53953531542,-0.47166667777777777,-0.47166667777777777,46005.53964198209
2025-06-01,17,2,2,10200.0,41203.40619531541,-0.41255556666666665,-0.41255556666666665,45411.47297531541
2025-06-01,17,2,2,10800.0,40955.8728553154,-0.382319991,-0.382319991,45084.9287581154
2025-06-01,17,2,1,1200.0,46414.38990275781,-0.47900001111111107,-0.47900001111111107,46989.18991609114
2025-06-01,17,2,1,1800.0,46126.98989609113,-0.47900001111111107,-0.47900001111111107,46989.18991609113
2025-06-01,17,2,1,2400.0,45839.58988942447,-0.47900001111111107,-0.47900001111111107,46989.189916091134
2025-06-01,17,2,1,3000.0,45552.639882757816,-0.4780000111111111,-0.4780000111111111,46986.639916091146
2025-06-01,17,2,1,3600.0,45265.87320942447,-0.47788889999999995,-0.47788889999999995,46986.27324942447
2025-06-01,17,2,1,4200.0,44979.27320275781,-0.4770000111111111,-0.4770000111111111,46982.67324942448
2025-06-01,17,2,1,4800.0,44693.07319609114,-0.4770000111111111,-0.4770000111111111,46982.67324942448
2025-06-01,17,2,1,5400.0,44407.4065227578,-0.4761111222222222,-0.4761111222222222,46978.4065827578
2025-06-01,17,2,1,6000.0,44122.039849424466,-0.47544445555555553,-0.47544445555555553,46974.7065827578
2025-06-01,17,2,1,6600.0,43837.00650942447,-0.4746666777777778,-0.4746666777777778,46969.8065827578
2025-06-01,17,2,1,7200.0,43552.22316942446,-0.47455556666666665,-0.47455556666666665,46969.02324942446
2025-06-01,17,2,1,7800.0,43267.48982942447,-0.47455556666666665,-0.47455556666666665,46969.02324942447
2025-06-01,17,2,1,8400.0,42982.889822757796,-0.4743333444444444,-0.4743333444444444,46967.289916091126
2025-06-01,17,2,1,9000.0,42699.339816091124,-0.4720000111111111,-0.4720000111111111,46947.33991609112
2025-06-01,17,2,1,9600.0,42416.23980942446,-0.47166667777777777,-0.47166667777777777,46944.23991609113
2025-06-01,17,2,1,10200.0,42142.10646942445,-0.41255556666666665,-0.41255556666666665,46350.17324942445
2025-06-01,17,2,1,10800.0,41894.573129424454,-0.38231999099999997,-0.38231999099999997,46023.62903222445
2025-06-01,17,2,0,1200.0,46401.293113475396,-0.47900001111111107,-0.47900001111111107,46976.09312680873
2025-06-01,17,2,0,1800.0,46113.89310680873,-0.47900001111111107,-0.47900001111111107,46976.09312680873
2025-06-01,17,2,0,2400.0,45826.493100142055,-0.47900001111111107,-0.47900001111111107,46976.09312680872
2025-06-01,17,2,0,3000.0,45539.54309347539,-0.4780000111111112,-0.4780000111111112,46973.54312680872
2025-06-01,17,2,0,3600.0,45252.77642014206,-0.47788889999999995,-0.47788889999999995,46973.17646014206
2025-06-01,17,2,0,4200.0,44966.17641347538,-0.4770000111111112,-0.4770000111111112,46969.57646014205
2025-06-01,17,2,0,4800.0,44679.97640680872,-0.4770000111111112,-0.4770000111111112,46969.57646014205
2025-06-01,17,2,0,5400.0,44394.30973347538,-0.4761111222222222,-0.4761111222222222,46965.309793475375
2025-06-01,17,2,0,6000.0,44108.94306014204,-0.47544445555555553,-0.47544445555555553,46961.60979347537
2025-06-01,17,2,0,6600.0,43823.909720142045,-0.47466667777777777,-0.47466667777777777,46956.70979347538
2025-06-01,17,2,0,7200.0,43539.12638014205,-0.47455556666666665,-0.47455556666666665,46955.92646014205
2025-06-01,17,2,0,7800.0,43254.393040142044,-0.47455556666666665,-0.47455556666666665,46955.926460142044
2025-06-01,17,2,0,8400.0,42969.793033475384,-0.4743333444444444,-0.4743333444444444,46954.193126808714
2025-06-01,17,2,0,9000.0,42686.24302680871,-0.4720000111111111,-0.4720000111111111,46934.24312680871
2025-06-01,17,2,0,9600.0,42403.14302014204,-0.4716666777777778,-0.4716666777777778,46931.1431268087
2025-06-01,17,2,0,10200.0,42129.00968014204,-0.41255556666666665,-0.41255556666666665,46337.07646014204
2025-06-01,17,2,0,10800.0,41881.47634014203,-0.384479991,-0.384479991,46033.86024294203
2025-07-01,17,1,6,1200.0,49419.74813042677,-0.47900001111111107,-0.47900001111111107,49994.548143760105
2025-07-01,17,1,6,1800.0,49132.34812376009,-0.47900001111111107,-0.47900001111111107,49994.54814376009
2025-07-01,17,1,6,2400.0,48844.94811709344,-0.47900001111111107,-0.47900001111111107,49994.548143760105
2025-07-01,17,1,6,3000.0,48557.998110426764,-0.47800001111111107,-0.47800001111111107,49991.998143760095
2025-07-01,17,1,6,3600.0,48271.23143709343,-0.47788889999999995,-0.47788889999999995,49991.63147709343
2025-07-01,17,1,6,4200.0,47984.63143042675,-0.4770000111111111,-0.4770000111111111,49988.03147709342
2025-07-01,17,1,6,4800.0,47698.43142376008,-0.4770000111111111,-0.4770000111111111,49988.03147709341
2025-07-01,17,1,6,5400.0,47412.764750426744,-0.47611112222222224,-0.47611112222222224,49983.76481042674
2025-07-01,17,1,6,6000.0,47127.398077093414,-0.47544445555555553,-0.47544445555555553,49980.064810426746
2025-07-01,17,1,6,6600.0,46842.364737093405,-0.47466667777777777,-0.47466667777777777,49975.16481042674
2025-07-01,17,1,6,7200.0,46557.58139709341,-0.47455556666666665,-0.47455556666666665,49974.38147709341
2025-07-01,17,1,6,7800.0,46272.848057093404,-0.47455556666666665,-0.47455556666666665,49974.381477093404
2025-07-01,17,1,6,8400.0,45988.24805042674,-0.4743333444444444,-0.4743333444444444,49972.64814376007
2025-07-01,17,1,6,9000.0,45704.698043760065,-0.4720000111111111,-0.4720000111111111,49952.69814376006
2025-07-01,17,1,6,9600.0,45421.5980370934,-0.4716666777777778,-0.4716666777777778,49949.598143760064
2025-07-01,17,1,6,10200.0,45147.46469709339,-0.41255556666666665,-0.41255556666666665,49355.53147709339
2025-07-01,17,1,6,10800.0,44899.93135709339,-0.38231999099999997,-0.38231999099999997,49028.98725989339
2025-07-01,17,1,5,1200.0,22343.78336391939,-0.4743333444444444,-0.4743333444444444,22912.983377252724
2025-07-01,17,1,5,1800.0,22060.306023302106,-0.4720000111111111,-0.4720000111111111,22909.906043302108
2025-07-01,17,1,5,2400.0,21777.21639749964,-0.47166667777777777,-0.47166667777777777,22909.216424166305
2025-07-01,17,1,5,3000.0,21504.92315074651,-0.41255556666666665,-0.41255556666666665,22742.58985074651
2025-07-01,17,1,5,3600.0,21257.77365096093,-0.399509991,-0.399509991,22696.009618560933
2025-07-01,17,1,5,4200.0,21018.280164605934,-0.397979991,-0.397979991,22689.796126805933
2025-07-01,17,1,5,4800.0,20779.91871003593,-0.396089991,-0.396089991,22681.15066683593
2025-07-01,17,1,5,5400.0,20542.426014825935,-0.395549991,-0.395549991,22678.395966225933
2025-07-01,17,1,5,6000.0,20305.165128355933,-0.39536999100000003,-0.39536999100000003,22677.385074355934
2025-07-01,17,1,5,6600.0,20068.1135765826,-0.395009991,-0.395009991,22675.1795171826
2025-07-01,17,1,5,7200.0,19831.677442165936,-0.393659991,-0.393659991,22666.029377365936
2025-07-01,17,1,5,7800.0,19595.513409710933,-0.393389991,-0.393389991,22663.955339510932
2025-07-01,17,1,5,8400.0,19359.548329784273,-0.39302999099999997,-0.39302999099999997,22661.000254184273
2025-07-01,17,1,5,9000.0,19123.80563818927,-0.392759991,-0.392759991,22658.64555718927
2025-07-01,17,1,5,9600.0,18888.28293892927,-0.392399991,-0.392399991,22655.322852529272
2025-07-01,17,1,5,10200.0,18652.962216164273,-0.39212999099999996,-0.39212999099999996,22652.68812436427
2025-07-01,17,1,5,10800.0,18417.74105501094,-0.38231999099999997,-0.38231999099999997,22546.79695781094
2025-07-01,17,1,4,1200.0,22795.86932548452,-0.4743333444444444,-0.4743333444444444,23365.069338817855
2025-07-01,17,1,4,1800.0,22512.016739064773,-0.4720000111111111,-0.4720000111111111,23361.616759064775
2025-07-01,17,1,4,2400.0,22228.873506719094,-0.4716666777777778,-0.4716666777777778,23360.873533385762
2025-07-01,17,1,4,3000.0,21947.074812974242,-0.41255556666666665,-0.41255556666666665,23184.741512974244
2025-07-01,17,1,4,3600.0,21699.541472974244,-0.41255556666666665,-0.41255556666666665,23184.741512974244
2025-07-01,17,1,4,4200.0,21458.143766775353,-0.399509991,-0.399509991,23136.08572897535
2025-07-01,17,1,4,4800.0,21219.406149215352,-0.396089991,-0.396089991,23120.63810601535
2025-07-01,17,1,4,5400.0,20981.823304835347,-0.39554999099999993,-0.39554999099999993,23117.793256235345
2025-07-01,17,1,4,6000.0,20744.531071642014,-0.39536999100000003,-0.39536999100000003,23116.751017642015
2025-07-01,17,1,4,6600.0,20507.414457595347,-0.39500999100000006,-0.39500999100000006,23114.48039819535
2025-07-01,17,1,4,7200.0,20270.787830903686,-0.394019991,-0.394019991,23107.731766103687
2025-07-01,17,1,4,7800.0,20034.543748937023,-0.393659991,-0.393659991,23105.091678737022
2025-07-01,17,1,4,8400.0,19798.514890303686,-0.39302999099999997,-0.39302999099999997,23099.966814703686
2025-07-01,17,1,4,9000.0,19562.733331648687,-0.392759991,-0.392759991,23097.573250648686
2025-07-01,17,1,4,9600.0,19327.157632308685,-0.392399991,-0.392399991,23094.197545908686
2025-07-01,17,1,4,10200.0,19091.79951934368,-0.3921299909999999,-0.3921299909999999,23091.52542754368
2025-07-01,17,1,4,10800.0,18856.55712912202,-0.38231999099999997,-0.38231999099999997,22985.613031922017
2025-07-01,17,1,3,1200.0,51137.757967793565,-0.47900001111111107,-0.47900001111111107,51712.5579811269
2025-07-01,17,1,3,1800.0,50850.3579611269,-0.47900001111111107,-0.47900001111111107,51712.5579811269
2025-07-01,17,1,3,2400.0,50562.957954460224,-0.47900001111111107,-0.47900001111111107,51712.55798112689
2025-07-01,17,1,3,3000.0,50276.00794779356,-0.47800001111111107,-0.47800001111111107,51710.00798112689
2025-07-01,17,1,3,3600.0,49989.241274460226,-0.47788889999999995,-0.47788889999999995,51709.64131446023
2025-07-01,17,1,3,4200.0,49702.64126779356,-0.4770000111111111,-0.4770000111111111,51706.04131446023
2025-07-01,17,1,3,4800.0,49416.44126112689,-0.4770000111111111,-0.4770000111111111,51706.04131446023
2025-07-01,17,1,3,5400.0,49130.77458779356,-0.47611112222222224,-0.47611112222222224,51701.77464779356
2025-07-01,17,1,3,6000.0,48845.40791446022,-0.47544445555555553,-0.47544445555555553,51698.07464779355
2025-07-01,17,1,3,6600.0,48560.37457446022,-0.47466667777777777,-0.47466667777777777,51693.17464779355
2025-07-01,17,1,3,7200.0,48275.59123446022,-0.47455556666666665,-0.47455556666666665,51692.39131446022
2025-07-01,17,1,3,7800.0,47990.85789446022,-0.47455556666666665,-0.47455556666666665,51692.39131446022
2025-07-01,17,1,3,8400.0,47706.25788779355,-0.4743333444444444,-0.4743333444444444,51690.65798112688
2025-07-01,17,1,3,9000.0,47422.70788112688,-0.4720000111111111,-0.4720000111111111,51670.70798112688
2025-07-01,17,1,3,9600.0,47139.607874460205,-0.4716666777777778,-0.4716666777777778,51667.60798112687
2025-07-01,17,1,3,10200.0,46865.47453446022,-0.41255556666666665,-0.41255556666666665,51073.54131446022
2025-07-01,17,1,3,10800.0,46617.94119446022,-0.38231999099999997,-0.38231999099999997,50746.99709726022
2025-07-01,17,1,2,1200.0,52668.764223630846,-0.47900001111111107,-0.47900001111111107,53243.56423696418
2025-07-01,17,1,2,1800.0,52381.36421696418,-0.47900001111111107,-0.47900001111111107,53243.56423696418
2025-07-01,17,1,2,2400.0,52093.96421029752,-0.47900001111111107,-0.47900001111111107,53243.56423696419
2025-07-01,17,1,2,3000.0,51807.01420363084,-0.47800001111111107,-0.47800001111111107,53241.01423696417
2025-07-01,17,1,2,3600.0,51520.24753029751,-0.47788889999999995,-0.47788889999999995,53240.64757029751
2025-07-01,17,1,2,4200.0,51233.64752363085,-0.4770000111111112,-0.4770000111111112,53237.047570297516
2025-07-01,17,1,2,4800.0,50947.44751696417,-0.4770000111111112,-0.4770000111111112,53237.0475702975
2025-07-01,17,1,2,5400.0,50661.78084363084,-0.4761111222222222,-0.4761111222222222,53232.78090363084
2025-07-01,17,1,2,6000.0,50376.4141702975,-0.47544445555555553,-0.47544445555555553,53229.080903630835
2025-07-01,17,1,2,6600.0,50091.380830297494,-0.4746666777777778,-0.4746666777777778,53224.180903630826
2025-07-01,17,1,2,7200.0,49806.597490297485,-0.47455556666666665,-0.47455556666666665,53223.397570297486
2025-07-01,17,1,2,7800.0,49521.86415029748,-0.4743333444444444,-0.4743333444444444,53221.66423696415
2025-07-01,17,1,2,8400.0,49237.26414363082,-0.4743333444444444,-0.4743333444444444,53221.66423696415
2025-07-01,17,1,2,9000.0,48953.71413696415,-0.4720000111111111,-0.4720000111111111,53201.714236964144
2025-07-01,17,1,2,9600.0,48670.61413029749,-0.4716666777777777,-0.4716666777777777,53198.61423696415
2025-07-01,17,1,2,10200.0,48396.480790297486,-0.41255556666666665,-0.41255556666666665,52604.54757029749
2025-07-01,17,1,2,10800.0,48148.94745029748,-0.38231999099999997,-0.38231999099999997,52278.003353097476
2025-07-01,17,1,1,1200.0,54089.874756247606,-0.47900001111111107,-0.47900001111111107,54664.67476958094
2025-07-01,17,1,1,1800.0,53802.47474958093,-0.47900001111111107,-0.47900001111111107,54664.674769580924
2025-07-01,17,1,1,2400.0,53515.074742914265,-0.47900001111111107,-0.47900001111111107,54664.67476958093
2025-07-01,17,1,1,3000.0,53228.1247362476,-0.47800001111111107,-0.47800001111111107,54662.12476958093
2025-07-01,17,1,1,3600.0,52941.35806291425,-0.47788889999999995,-0.47788889999999995,54661.75810291425
2025-07-01,17,1,1,4200.0,52654.75805624759,-0.4770000111111111,-0.4770000111111111,54658.15810291426
2025-07-01,17,1,1,4800.0,52368.55804958094,-0.4770000111111111,-0.4770000111111111,54658.158102914276
2025-07-01,17,1,1,5400.0,52082.8913762476,-0.47611112222222224,-0.47611112222222224,54653.8914362476
2025-07-01,17,1,1,6000.0,51797.52470291426,-0.47544445555555553,-0.47544445555555553,54650.191436247595
2025-07-01,17,1,1,6600.0,51512.49136291427,-0.47466667777777777,-0.47466667777777777,54645.2914362476
2025-07-01,17,1,1,7200.0,51227.708022914274,-0.47455556666666665,-0.47455556666666665,54644.508102914275
2025-07-01,17,1,1,7800.0,50942.97468291427,-0.47455556666666665,-0.47455556666666665,54644.50810291427
2025-07-01,17,1,1,8400.0,50658.37467624759,-0.4743333444444444,-0.4743333444444444,54642.77476958092
2025-07-01,17,1,1,9000.0,50374.82466958092,-0.4720000111111111,-0.4720000111111111,54622.82476958092
2025-07-01,17,1,1,9600.0,50091.72466291426,-0.4716666777777777,-0.4716666777777777,54619.72476958093
2025-07-01,17,1,1,10200.0,49817.59132291426,-0.41255556666666665,-0.41255556666666665,54025.65810291426
2025-07-01,17,1,1,10800.0,49570.05798291425,-0.396089991,-0.396089991,53847.82988571425
2025-07-01,17,1,0,1200.0,51755.64759456645,-0.47900001111111107,-0.47900001111111107,52330.44760789978
2025-07-01,17,1,0,1800.0,51468.24758789979,-0.47900001111111107,-0.47900001111111107,52330.44760789978
2025-07-01,17,1,0,2400.0,51180.84758123312,-0.47900001111111107,-0.47900001111111107,52330.44760789979
2025-07-01,17,1,0,3000.0,50893.89757456646,-0.4780000111111111,-0.4780000111111111,52327.89760789979
2025-07-01,17,1,0,3600.0,50607.13090123311,-0.4778889,-0.4778889,52327.53094123311
2025-07-01,17,1,0,4200.0,50320.53089456645,-0.4770000111111112,-0.4770000111111112,52323.93094123312
2025-07-01,17,1,0,4800.0,50034.33088789977,-0.4770000111111112,-0.4770000111111112,52323.930941233106
2025-07-01,17,1,0,5400.0,49748.664214566445,-0.4761111222222222,-0.4761111222222222,52319.66427456644
2025-07-01,17,1,0,6000.0,49463.29754123309,-0.47544445555555553,-0.47544445555555553,52315.964274566424
2025-07-01,17,1,0,6600.0,49178.2642012331,-0.4746666777777778,-0.4746666777777778,52311.06427456643
2025-07-01,17,1,0,7200.0,48893.4808612331,-0.47455556666666665,-0.47455556666666665,52310.280941233104
2025-07-01,17,1,0,7800.0,48608.7475212331,-0.47455556666666665,-0.47455556666666665,52310.2809412331
2025-07-01,17,1,0,8400.0,48324.14751456644,-0.4743333444444444,-0.4743333444444444,52308.54760789977
2025-07-01,17,1,0,9000.0,48040.597507899765,-0.4720000111111111,-0.4720000111111111,52288.59760789976
2025-07-01,17,1,0,9600.0,47757.49750123309,-0.47166667777777777,-0.47166667777777777,52285.49760789976
2025-07-01,17,1,0,10200.0,47483.36416123309,-0.41255556666666665,-0.41255556666666665,51691.43094123309
2025-07-01,17,1,0,10800.0,47235.83082123308,-0.38231999099999997,-0.38231999099999997,51364.88672403308
2025-07-01,17,2,6,1200.0,51628.48151709346,-0.47900001111111107,-0.47900001111111107,52203.28153042679
2025-07-01,17,2,6,1800.0,51341.0815104268,-0.47900001111111107,-0.47900001111111107,52203.28153042679
2025-07-01,17,2,6,2400.0,51053.68150376012,-0.47900001111111107,-0.47900001111111107,52203.281530426786
2025-07-01,17,2,6,3000.0,50766.73149709345,-0.47800001111111107,-0.47800001111111107,52200.73153042678
2025-07-01,17,2,6,3600.0,50479.96482376012,-0.47788889999999995,-0.47788889999999995,52200.36486376012
2025-07-01,17,2,6,4200.0,50193.36481709346,-0.4770000111111111,-0.4770000111111111,52196.76486376013
2025-07-01,17,2,6,4800.0,49907.16481042678,-0.4770000111111111,-0.4770000111111111,52196.764863760116
2025-07-01,17,2,6,5400.0,49621.498137093455,-0.47611112222222224,-0.47611112222222224,52192.49819709345
2025-07-01,17,2,6,6000.0,49336.1314637601,-0.47544445555555553,-0.47544445555555553,52188.798197093434
2025-07-01,17,2,6,6600.0,49051.09812376011,-0.47466667777777777,-0.47466667777777777,52183.89819709344
2025-07-01,17,2,6,7200.0,48766.31478376013,-0.47455556666666665,-0.47455556666666665,52183.11486376013
2025-07-01,17,2,6,7800.0,48481.58144376012,-0.4743333444444444,-0.4743333444444444,52181.38153042679
2025-07-01,17,2,6,8400.0,48196.98143709345,-0.4743333444444444,-0.4743333444444444,52181.38153042678
2025-07-01,17,2,6,9000.0,47913.431430426775,-0.4720000111111111,-0.4720000111111111,52161.43153042677
2025-07-01,17,2,6,9600.0,47630.331423760115,-0.4716666777777778,-0.4716666777777778,52158.33153042678
2025-07-01,17,2,6,10200.0,47356.1980837601,-0.41255556666666665,-0.41255556666666665,51564.2648637601
2025-07-01,17,2,6,10800.0,47108.66474376009,-0.3823199909999999,-0.3823199909999999,51237.72064656009
2025-07-01,17,2,5,1200.0,22343.783363919414,-0.4743333444444444,-0.4743333444444444,22912.98337725275
2025-07-01,17,2,5,1800.0,22060.30602330213,-0.4720000111111111,-0.4720000111111111,22909.906043302133
2025-07-01,17,2,5,2400.0,21777.216397499666,-0.47166667777777777,-0.47166667777777777,22909.216424166334
2025-07-01,17,2,5,3000.0,21504.923150746534,-0.41255556666666665,-0.41255556666666665,22742.589850746535
2025-07-01,17,2,5,3600.0,21257.773650960957,-0.399509991,-0.399509991,22696.00961856096
2025-07-01,17,2,5,4200.0,21018.28016460596,-0.397979991,-0.397979991,22689.79612680596
2025-07-01,17,2,5,4800.0,20779.918710035956,-0.396089991,-0.396089991,22681.150666835954
2025-07-01,17,2,5,5400.0,20542.42601482596,-0.395549991,-0.395549991,22678.39596622596
2025-07-01,17,2,5,6000.0,20305.16512835596,-0.39536999100000003,-0.39536999100000003,22677.38507435596
2025-07-01,17,2,5,6600.0,20068.113576582626,-0.395009991,-0.395009991,22675.179517182627
2025-07-01,17,2,5,7200.0,19831.67744216596,-0.393659991,-0.393659991,22666.02937736596
2025-07-01,17,2,5,7800.0,19595.51340971096,-0.393389991,-0.393389991,22663.955339510958
2025-07-01,17,2,5,8400.0,19359.5483297843,-0.39302999099999997,-0.39302999099999997,22661.0002541843
2025-07-01,17,2,5,9000.0,19123.805638189297,-0.392759991,-0.392759991,22658.645557189295
2025-07-01,17,2,5,9600.0,18888.282938929297,-0.392399991,-0.392399991,22655.322852529298
2025-07-01,17,2,5,10200.0,18652.9622161643,-0.39212999099999996,-0.39212999099999996,22652.688124364297
2025-07-01,17,2,5,10800.0,18417.741055010967,-0.38231999099999997,-0.38231999099999997,22546.796957810966
2025-07-01,17,2,4,1200.0,22795.869325484524,-0.4743333444444444,-0.4743333444444444,23365.06933881786
2025-07-01,17,2,4,1800.0,22512.016739064777,-0.4720000111111111,-0.4720000111111111,23361.61675906478
2025-07-01,17,2,4,2400.0,22228.873506719097,-0.4716666777777778,-0.4716666777777778,23360.873533385766
2025-07-01,17,2,4,3000.0,21947.074812974246,-0.41255556666666665,-0.41255556666666665,23184.741512974248
2025-07-01,17,2,4,3600.0,21699.541472974248,-0.41255556666666665,-0.41255556666666665,23184.741512974248
2025-07-01,17,2,4,4200.0,21458.143766775356,-0.399509991,-0.399509991,23136.085728975355
2025-07-01,17,2,4,4800.0,21219.406149215356,-0.396089991,-0.396089991,23120.638106015354
2025-07-01,17,2,4,5400.0,20981.82330483535,-0.39554999099999993,-0.39554999099999993,23117.79325623535
2025-07-01,17,2,4,6000.0,20744.531071642017,-0.39536999100000003,-0.39536999100000003,23116.75101764202
2025-07-01,17,2,4,6600.0,20507.41445759535,-0.39500999100000006,-0.39500999100000006,23114.480398195352
2025-07-01,17,2,4,7200.0,20270.78783090369,-0.394019991,-0.394019991,23107.73176610369
2025-07-01,17,2,4,7800.0,20034.543748937027,-0.393659991,-0.393659991,23105.091678737026
2025-07-01,17,2,4,8400.0,19798.51489030369,-0.39302999099999997,-0.39302999099999997,23099.96681470369
2025-07-01,17,2,4,9000.0,19562.73333164869,-0.392759991,-0.392759991,23097.57325064869
2025-07-01,17,2,4,9600.0,19327.15763230869,-0.392399991,-0.392399991,23094.19754590869
2025-07-01,17,2,4,10200.0,19091.799519343684,-0.3921299909999999,-0.3921299909999999,23091.525427543682
2025-07-01,17,2,4,10800.0,18856.557129122022,-0.38231999099999997,-0.38231999099999997,22985.61303192202
2025-07-01,17,2,3,1200.0,51137.757967793565,-0.47900001111111107,-0.47900001111111107,51712.5579811269
2025-07-01,17,2,3,1800.0,50850.3579611269,-0.47900001111111107,-0.47900001111111107,51712.5579811269
2025-07-01,17,2,3,2400.0,50562.957954460224,-0.47900001111111107,-0.47900001111111107,51712.55798112689
2025-07-01,17,2,3,3000.0,50276.00794779356,-0.47800001111111107,-0.47800001111111107,51710.00798112689
2025-07-01,17,2,3,3600.0,49989.241274460226,-0.47788889999999995,-0.47788889999999995,51709.64131446023
2025-07-01,17,2,3,4200.0,49702.64126779356,-0.4770000111111111,-0.4770000111111111,51706.04131446023
2025-07-01,17,2,3,4800.0,49416.44126112689,-0.4770000111111111,-0.4770000111111111,51706.04131446023
2025-07-01,17,2,3,5400.0,49130.77458779356,-0.47611112222222224,-0.47611112222222224,51701.77464779356
2025-07-01,17,2,3,6000.0,48845.40791446022,-0.47544445555555553,-0.47544445555555553,51698.07464779355
2025-07-01,17,2,3,6600.0,48560.37457446022,-0.47466667777777777,-0.47466667777777777,51693.17464779355
2025-07-01,17,2,3,7200.0,48275.59123446022,-0.47455556666666665,-0.47455556666666665,51692.39131446022
2025-07-01,17,2,3,7800.0,47990.85789446022,-0.47455556666666665,-0.47455556666666665,51692.39131446022
2025-07-01,17,2,3,8400.0,47706.25788779355,-0.4743333444444444,-0.4743333444444444,51690.65798112688
2025-07-01,17,2,3,9000.0,47422.70788112688,-0.4720000111111111,-0.4720000111111111,51670.70798112688
2025-07-01,17,2,3,9600.0,47139.607874460205,-0.4716666777777778,-0.4716666777777778,51667.60798112687
2025-07-01,17,2,3,10200.0,46865.47453446022,-0.41255556666666665,-0.41255556666666665,51073.54131446022
2025-07-01,17,2,3,10800.0,46617.94119446022,-0.38231999099999997,-0.38231999099999997,50746.99709726022
2025-07-01,17,2,2,1200.0,52668.764223630846,-0.47900001111111107,-0.47900001111111107,53243.56423696418
2025-07-01,17,2,2,1800.0,52381.36421696418,-0.47900001111111107,-0.47900001111111107,53243.56423696418
2025-07-01,17,2,2,2400.0,52093.96421029752,-0.47900001111111107,-0.47900001111111107,53243.56423696419
2025-07-01,17,2,2,3000.0,51807.01420363084,-0.47800001111111107,-0.47800001111111107,53241.01423696417
2025-07-01,17,2,2,3600.0,51520.24753029751,-0.47788889999999995,-0.47788889999999995,53240.64757029751
2025-07-01,17,2,2,4200.0,51233.64752363085,-0.4770000111111112,-0.4770000111111112,53237.047570297516
2025-07-01,17,2,2,4800.0,50947.44751696417,-0.4770000111111112,-0.4770000111111112,53237.0475702975
2025-07-01,17,2,2,5400.0,50661.78084363084,-0.4761111222222222,-0.4761111222222222,53232.78090363084
2025-07-01,17,2,2,6000.0,50376.4141702975,-0.47544445555555553,-0.47544445555555553,53229.080903630835
2025-07-01,17,2,2,6600.0,50091.380830297494,-0.4746666777777778,-0.4746666777777778,53224.180903630826
2025-07-01,17,2,2,7200.0,49806.597490297485,-0.47455556666666665,-0.47455556666666665,53223.397570297486
2025-07-01,17,2,2,7800.0,49521.86415029748,-0.4743333444444444,-0.4743333444444444,53221.66423696415
2025-07-01,17,2,2,8400.0,49237.26414363082,-0.4743333444444444,-0.4743333444444444,53221.66423696415
2025-07-01,17,2,2,9000.0,48953.71413696415,-0.4720000111111111,-0.4720000111111111,53201.714236964144
2025-07-01,17,2,2,9600.0,48670.61413029749,-0.4716666777777777,-0.4716666777777777,53198.61423696415
2025-07-01,17,2,2,10200.0,48396.480790297486,-0.41255556666666665,-0.41255556666666665,52604.54757029749
2025-07-01,17,2,2,10800.0,48148.94745029748,-0.38231999099999997,-0.38231999099999997,52278.003353097476
2025-07-01,17,2,1,1200.0,54089.874756247606,-0.47900001111111107,-0.47900001111111107,54664.67476958094
2025-07-01,17,2,1,1800.0,53802.47474958093,-0.47900001111111107,-0.47900001111111107,54664.674769580924
2025-07-01,17,2,1,2400.0,53515.074742914265,-0.47900001111111107,-0.47900001111111107,54664.67476958093
2025-07-01,17,2,1,3000.0,53228.1247362476,-0.47800001111111107,-0.47800001111111107,54662.12476958093
2025-07-01,17,2,1,3600.0,52941.35806291425,-0.47788889999999995,-0.47788889999999995,54661.75810291425
2025-07-01,17,2,1,4200.0,52654.75805624759,-0.4770000111111111,-0.4770000111111111,54658.15810291426
2025-07-01,17,2,1,4800.0,52368.55804958094,-0.4770000111111111,-0.4770000111111111,54658.158102914276
2025-07-01,17,2,1,5400.0,52082.8913762476,-0.47611112222222224,-0.47611112222222224,54653.8914362476
2025-07-01,17,2,1,6000.0,51797.52470291426,-0.47544445555555553,-0.47544445555555553,54650.191436247595
2025-07-01,17,2,1,6600.0,51512.49136291427,-0.47466667777777777,-0.47466667777777777,54645.2914362476
2025-07-01,17,2,1,7200.0,51227.708022914274,-0.47455556666666665,-0.47455556666666665,54644.508102914275
2025-07-01,17,2,1,7800.0,50942.97468291427,-0.47455556666666665,-0.47455556666666665,54644.50810291427
2025-07-01,17,2,1,8400.0,50658.37467624759,-0.4743333444444444,-0.4743333444444444,54642.77476958092
2025-07-01,17,2,1,9000.0,50374.82466958092,-0.4720000111111111,-0.4720000111111111,54622.82476958092
2025-07-01,17,2,1,9600.0,50091.72466291426,-0.4716666777777777,-0.4716666777777777,54619.72476958093
2025-07-01,17,2,1,10200.0,49817.59132291426,-0.41255556666666665,-0.41255556666666665,54025.65810291426
2025-07-01,17,2,1,10800.0,49570.05798291425,-0.396089991,-0.396089991,53847.82988571425
2025-07-01,17,2,0,1200.0,51755.64759456645,-0.47900001111111107,-0.47900001111111107,52330.44760789978
2025-07-01,17,2,0,1800.0,51468.24758789979,-0.47900001111111107,-0.47900001111111107,52330.44760789978
2025-07-01,17,2,0,2400.0,51180.84758123312,-0.47900001111111107,-0.47900001111111107,52330.44760789979
2025-07-01,17,2,0,3000.0,50893.89757456646,-0.4780000111111111,-0.4780000111111111,52327.89760789979
2025-07-01,17,2,0,3600.0,50607.13090123311,-0.4778889,-0.4778889,52327.53094123311
2025-07-01,17,2,0,4200.0,50320.53089456645,-0.4770000111111112,-0.4770000111111112,52323.93094123312
2025-07-01,17,2,0,4800.0,50034.33088789977,-0.4770000111111112,-0.4770000111111112,52323.930941233106
2025-07-01,17,2,0,5400.0,49748.664214566445,-0.4761111222222222,-0.4761111222222222,52319.66427456644
2025-07-01,17,2,0,6000.0,49463.29754123309,-0.47544445555555553,-0.47544445555555553,52315.964274566424
2025-07-01,17,2,0,6600.0,49178.2642012331,-0.4746666777777778,-0.4746666777777778,52311.06427456643
2025-07-01,17,2,0,7200.0,48893.4808612331,-0.47455556666666665,-0.47455556666666665,52310.280941233104
2025-07-01,17,2,0,7800.0,48608.7475212331,-0.47455556666666665,-0.47455556666666665,52310.2809412331
2025-07-01,17,2,0,8400.0,48324.14751456644,-0.4743333444444444,-0.4743333444444444,52308.54760789977
2025-07-01,17,2,0,9000.0,48040.597507899765,-0.4720000111111111,-0.4720000111111111,52288.59760789976
2025-07-01,17,2,0,9600.0,47757.49750123309,-0.47166667777777777,-0.47166667777777777,52285.49760789976
2025-07-01,17,2,0,10200.0,47483.36416123309,-0.41255556666666665,-0.41255556666666665,51691.43094123309
2025-07-01,17,2,0,10800.0,47235.83082123308,-0.38231999099999997,-0.38231999099999997,51364.88672403308
2025-08-01,17,1,6,1200.0,55457.26623621737,-0.47900001111111107,-0.47900001111111107,56032.066249550706
2025-08-01,17,1,6,1800.0,55169.8662295507,-0.47900001111111107,-0.47900001111111107,56032.0662495507
2025-08-01,17,1,6,2400.0,54882.46622288404,-0.47900001111111107,-0.47900001111111107,56032.066249550706
2025-08-01,17,1,6,3000.0,54595.51621621737,-0.47800001111111107,-0.47800001111111107,56029.5162495507
2025-08-01,17,1,6,3600.0,54308.74954288404,-0.47788889999999995,-0.47788889999999995,56029.14958288404
2025-08-01,17,1,6,4200.0,54022.149536217374,-0.4770000111111112,-0.4770000111111112,56025.54958288404
2025-08-01,17,1,6,4800.0,53735.94952955071,-0.4770000111111112,-0.4770000111111112,56025.54958288404
2025-08-01,17,1,6,5400.0,53450.282856217375,-0.4761111222222222,-0.4761111222222222,56021.28291621737
2025-08-01,17,1,6,6000.0,53164.91618288404,-0.47544445555555553,-0.47544445555555553,56017.58291621737
2025-08-01,17,1,6,6600.0,52879.88284288404,-0.4746666777777778,-0.4746666777777778,56012.682916217374
2025-08-01,17,1,6,7200.0,52595.09950288404,-0.47455556666666665,-0.47455556666666665,56011.89958288404
2025-08-01,17,1,6,7800.0,52310.36616288404,-0.47455556666666665,-0.47455556666666665,56011.89958288404
2025-08-01,17,1,6,8400.0,52025.766156217374,-0.4743333444444444,-0.4743333444444444,56010.166249550704
2025-08-01,17,1,6,9000.0,51742.2161495507,-0.4720000111111111,-0.4720000111111111,55990.2162495507
2025-08-01,17,1,6,9600.0,51459.116142884035,-0.4716666777777777,-0.4716666777777777,55987.1162495507
2025-08-01,17,1,6,10200.0,51184.98280288403,-0.41255556666666665,-0.41255556666666665,55393.04958288403
2025-08-01,17,1,6,10800.0,50937.449462884026,-0.38231999099999997,-0.38231999099999997,55066.505365684025
2025-08-01,17,1,5,1200.0,27651.124615752222,-0.4743333444444444,-0.4743333444444444,28220.324629085557
2025-08-01,17,1,5,1800.0,27367.17919217815,-0.4720000111111111,-0.4720000111111111,28216.779212178153
2025-08-01,17,1,5,2400.0,27084.02269738185,-0.4716666777777777,-0.4716666777777777,28216.02272404852
2025-08-01,17,1,5,3000.0,26801.02269071519,-0.4716666777777777,-0.4716666777777777,28216.022724048522
2025-08-01,17,1,5,3600.0,26551.713081222864,-0.41255556666666665,-0.41255556666666665,28036.913121222864
2025-08-01,17,1,5,4200.0,26309.577594329792,-0.399509991,-0.399509991,27987.51955652979
2025-08-01,17,1,5,4800.0,26070.56768765146,-0.397979991,-0.397979991,27980.871644451458
2025-08-01,17,1,5,5400.0,25832.640602856456,-0.396089991,-0.396089991,27971.526554256456
2025-08-01,17,1,5,6000.0,25595.222473396458,-0.39554999099999993,-0.39554999099999993,27968.522419396457
2025-08-01,17,1,5,6600.0,25357.971004843123,-0.39536999100000003,-0.39536999100000003,27967.412945443124
2025-08-01,17,1,5,7200.0,25120.907491529786,-0.395009991,-0.395009991,27964.979426729788
2025-08-01,17,1,5,7800.0,24884.31400087145,-0.394019991,-0.394019991,27957.66993067145
2025-08-01,17,1,5,8400.0,24648.062753038117,-0.393659991,-0.393659991,27954.806677438115
2025-08-01,17,1,5,9000.0,24411.98011726312,-0.393389991,-0.393389991,27952.49003626312
2025-08-01,17,1,5,9600.0,24176.09714972312,-0.39302999099999997,-0.39302999099999997,27949.18506332312
2025-08-01,17,1,5,10200.0,23940.37877641811,-0.39275999100000003,-0.39275999100000003,27946.530684618112
2025-08-01,17,1,5,10800.0,23704.861300878114,-0.38231999099999997,-0.38231999099999997,27833.917203678113
2025-08-01,17,1,4,1200.0,27655.53427621256,-0.4743333444444444,-0.4743333444444444,28224.734289545893
2025-08-01,17,1,4,1800.0,27371.580904916253,-0.4720000111111111,-0.4720000111111111,28221.180924916254
2025-08-01,17,1,4,2400.0,27088.423274731074,-0.47166667777777777,-0.47166667777777777,28220.423301397743
2025-08-01,17,1,4,3000.0,26805.423268064405,-0.47166667777777777,-0.47166667777777777,28220.42330139774
2025-08-01,17,1,4,3600.0,26556.08241810147,-0.41255556666666665,-0.41255556666666665,28041.28245810147
2025-08-01,17,1,4,4200.0,26314.019487318066,-0.399509991,-0.399509991,27991.961449518065
2025-08-01,17,1,4,4800.0,26075.08151633807,-0.397979991,-0.397979991,27985.385473138067
2025-08-01,17,1,4,5400.0,25837.271305503073,-0.396089991,-0.396089991,27976.157256903072
2025-08-01,17,1,4,6000.0,25599.909356033073,-0.395549991,-0.395549991,27973.209302033072
2025-08-01,17,1,4,6600.0,25362.680652143074,-0.39536999100000003,-0.39536999100000003,27972.122592743075
2025-08-01,17,1,4,7200.0,25125.662137756397,-0.395009991,-0.395009991,27969.7340729564
2025-08-01,17,1,4,7800.0,24889.212018293056,-0.394019991,-0.394019991,27962.567948093056
2025-08-01,17,1,4,8400.0,24653.010117439724,-0.393659991,-0.393659991,27959.754041839726
2025-08-01,17,1,4,9000.0,24416.967461544733,-0.393389991,-0.393389991,27957.477380544733
2025-08-01,17,1,4,9600.0,24181.1320404314,-0.39302999099999997,-0.39302999099999997,27954.2199540314
2025-08-01,17,1,4,10200.0,23945.449272946396,-0.392759991,-0.392759991,27951.601181146398
2025-08-01,17,1,4,10800.0,23709.96973783306,-0.38231999099999997,-0.38231999099999997,27839.02564063306
2025-08-01,17,1,3,1200.0,57413.4673771838,-0.47900001111111107,-0.47900001111111107,57988.26739051713
2025-08-01,17,1,3,1800.0,57126.06737051713,-0.47900001111111107,-0.47900001111111107,57988.267390517125
2025-08-01,17,1,3,2400.0,56838.66736385046,-0.47900001111111107,-0.47900001111111107,57988.267390517125
2025-08-01,17,1,3,3000.0,56551.71735718379,-0.4780000111111111,-0.4780000111111111,57985.71739051712
2025-08-01,17,1,3,3600.0,56264.95068385045,-0.47788889999999995,-0.47788889999999995,57985.35072385045
2025-08-01,17,1,3,4200.0,55978.35067718379,-0.4770000111111111,-0.4770000111111111,57981.75072385046
2025-08-01,17,1,3,4800.0,55692.15067051712,-0.4770000111111111,-0.4770000111111111,57981.750723850455
2025-08-01,17,1,3,5400.0,55406.48399718378,-0.4761111222222222,-0.4761111222222222,57977.48405718378
2025-08-01,17,1,3,6000.0,55121.11732385045,-0.47544445555555553,-0.47544445555555553,57973.78405718378
2025-08-01,17,1,3,6600.0,54836.08398385043,-0.4746666777777778,-0.4746666777777778,57968.884057183765
2025-08-01,17,1,3,7200.0,54551.30064385043,-0.47455556666666665,-0.47455556666666665,57968.10072385043
2025-08-01,17,1,3,7800.0,54266.56730385043,-0.47455556666666665,-0.47455556666666665,57968.10072385043
2025-08-01,17,1,3,8400.0,53981.967297183764,-0.4743333444444444,-0.4743333444444444,57966.367390517094
2025-08-01,17,1,3,9000.0,53698.41729051709,-0.4720000111111111,-0.4720000111111111,57946.41739051709
2025-08-01,17,1,3,9600.0,53415.317283850425,-0.47166667777777777,-0.47166667777777777,57943.31739051709
2025-08-01,17,1,3,10200.0,53141.183943850425,-0.41255556666666665,-0.41255556666666665,57349.250723850426
2025-08-01,17,1,3,10800.0,52893.65060385042,-0.38231999099999997,-0.38231999099999997,57022.70650665042
2025-08-01,17,1,2,1200.0,58249.995163100895,-0.47900001111111107,-0.47900001111111107,58824.79517643423
2025-08-01,17,1,2,1800.0,57962.59515643423,-0.47900001111111107,-0.47900001111111107,58824.79517643423
2025-08-01,17,1,2,2400.0,57675.195149767555,-0.47900001111111107,-0.47900001111111107,58824.79517643422
2025-08-01,17,1,2,3000.0,57388.24514310089,-0.4780000111111111,-0.4780000111111111,58822.24517643422
2025-08-01,17,1,2,3600.0,57101.47846976756,-0.47788889999999995,-0.47788889999999995,58821.87850976756
2025-08-01,17,1,2,4200.0,56814.87846310088,-0.47700001111111107,-0.47700001111111107,58818.27850976755
2025-08-01,17,1,2,4800.0,56528.678456434216,-0.47700001111111107,-0.47700001111111107,58818.27850976755
2025-08-01,17,1,2,5400.0,56243.011783100876,-0.4761111222222222,-0.4761111222222222,58814.011843100874
2025-08-01,17,1,2,6000.0,55957.64510976754,-0.47544445555555553,-0.47544445555555553,58810.31184310087
2025-08-01,17,1,2,6600.0,55672.61176976753,-0.4746666777777778,-0.4746666777777778,58805.41184310086
2025-08-01,17,1,2,7200.0,55387.828429767535,-0.47455556666666665,-0.47455556666666665,58804.628509767535
2025-08-01,17,1,2,7800.0,55103.09508976753,-0.4743333444444444,-0.4743333444444444,58802.8951764342
2025-08-01,17,1,2,8400.0,54818.495083100854,-0.4743333444444444,-0.4743333444444444,58802.895176434184
2025-08-01,17,1,2,9000.0,54534.94507643418,-0.4720000111111111,-0.4720000111111111,58782.94517643418
2025-08-01,17,1,2,9600.0,54251.84506976752,-0.4716666777777778,-0.4716666777777778,58779.84517643419
2025-08-01,17,1,2,10200.0,53977.71172976752,-0.41255556666666665,-0.41255556666666665,58185.77850976752
2025-08-01,17,1,2,10800.0,53730.17838976751,-0.38231999099999997,-0.38231999099999997,57859.23429256751
2025-08-01,17,1,1,1200.0,59328.96707768034,-0.47900001111111107,-0.47900001111111107,59903.76709101367
2025-08-01,17,1,1,1800.0,59041.56707101368,-0.47900001111111107,-0.47900001111111107,59903.76709101367
2025-08-01,17,1,1,2400.0,58754.167064347,-0.47900001111111107,-0.47900001111111107,59903.767091013666
2025-08-01,17,1,1,3000.0,58467.21705768034,-0.47800001111111107,-0.47800001111111107,59901.21709101367
2025-08-01,17,1,1,3600.0,58180.45038434701,-0.47788889999999995,-0.47788889999999995,59900.85042434701
2025-08-01,17,1,1,4200.0,57893.85037768033,-0.4770000111111111,-0.4770000111111111,59897.250424347
2025-08-01,17,1,1,4800.0,57607.65037101367,-0.4770000111111111,-0.4770000111111111,59897.250424347
2025-08-01,17,1,1,5400.0,57321.98369768033,-0.47611112222222224,-0.47611112222222224,59892.983757680326
2025-08-01,17,1,1,6000.0,57036.61702434699,-0.47544445555555553,-0.47544445555555553,59889.28375768032
2025-08-01,17,1,1,6600.0,56751.583684346995,-0.4746666777777778,-0.4746666777777778,59884.38375768033
2025-08-01,17,1,1,7200.0,56466.800344346986,-0.47455556666666665,-0.47455556666666665,59883.60042434699
2025-08-01,17,1,1,7800.0,56182.067004346995,-0.47455556666666665,-0.47455556666666665,59883.600424346994
2025-08-01,17,1,1,8400.0,55897.46699768032,-0.4743333444444444,-0.4743333444444444,59881.86709101365
2025-08-01,17,1,1,9000.0,55613.916991013655,-0.4720000111111111,-0.4720000111111111,59861.91709101365
2025-08-01,17,1,1,9600.0,55330.81698434699,-0.4716666777777778,-0.4716666777777778,59858.817091013654
2025-08-01,17,1,1,10200.0,55056.68364434697,-0.41255556666666665,-0.41255556666666665,59264.750424346974
2025-08-01,17,1,1,10800.0,54809.15030434698,-0.38231999099999997,-0.38231999099999997,58938.20620714698
2025-08-01,17,1,0,1200.0,57485.09240120736,-0.47900001111111107,-0.47900001111111107,58059.89241454069
2025-08-01,17,1,0,1800.0,57197.69239454068,-0.47900001111111107,-0.47900001111111107,58059.89241454068
2025-08-01,17,1,0,2400.0,56910.29238787402,-0.47900001111111107,-0.47900001111111107,58059.892414540685
2025-08-01,17,1,0,3000.0,56623.34238120735,-0.47800001111111107,-0.47800001111111107,58057.34241454068
2025-08-01,17,1,0,3600.0,56336.575707874006,-0.47788889999999995,-0.47788889999999995,58056.97574787401
2025-08-01,17,1,0,4200.0,56049.975701207346,-0.4770000111111111,-0.4770000111111111,58053.375747874015
2025-08-01,17,1,0,4800.0,55763.77569454068,-0.4770000111111111,-0.4770000111111111,58053.375747874015
2025-08-01,17,1,0,5400.0,55478.10902120734,-0.4761111222222222,-0.4761111222222222,58049.10908120734
2025-08-01,17,1,0,6000.0,55192.742347874,-0.47544445555555553,-0.47544445555555553,58045.409081207334
2025-08-01,17,1,0,6600.0,54907.70900787399,-0.4746666777777778,-0.4746666777777778,58040.509081207325
2025-08-01,17,1,0,7200.0,54622.925667874,-0.47455556666666665,-0.47455556666666665,58039.725747874
2025-08-01,17,1,0,7800.0,54338.19232787399,-0.47455556666666665,-0.47455556666666665,58039.72574787399
2025-08-01,17,1,0,8400.0,54053.59232120732,-0.4743333444444444,-0.4743333444444444,58037.99241454065
2025-08-01,17,1,0,9000.0,53770.042314540646,-0.4720000111111111,-0.4720000111111111,58018.04241454064
2025-08-01,17,1,0,9600.0,53486.942307873986,-0.47166667777777777,-0.47166667777777777,58014.94241454065
2025-08-01,17,1,0,10200.0,53212.808967873985,-0.41255556666666665,-0.41255556666666665,57420.875747873986
2025-08-01,17,1,0,10800.0,52965.275627873976,-0.384209991,-0.384209991,57114.74353067398
2025-08-01,17,2,6,1200.0,57665.99962288403,-0.47900001111111107,-0.47900001111111107,58240.799636217365
2025-08-01,17,2,6,1800.0,57378.599616217354,-0.47900001111111107,-0.47900001111111107,58240.79963621735
2025-08-01,17,2,6,2400.0,57091.19960955069,-0.47900001111111107,-0.47900001111111107,58240.79963621736
2025-08-01,17,2,6,3000.0,56804.249602884025,-0.47800001111111107,-0.47800001111111107,58238.249636217355
2025-08-01,17,2,6,3600.0,56517.48292955069,-0.47788889999999995,-0.47788889999999995,58237.882969550694
2025-08-01,17,2,6,4200.0,56230.88292288402,-0.4770000111111112,-0.4770000111111112,58234.28296955069
2025-08-01,17,2,6,4800.0,55944.68291621735,-0.4770000111111112,-0.4770000111111112,58234.28296955069
2025-08-01,17,2,6,5400.0,55659.01624288403,-0.4761111222222222,-0.4761111222222222,58230.016302884025
2025-08-01,17,2,6,6000.0,55373.64956955069,-0.47544445555555553,-0.47544445555555553,58226.31630288402
2025-08-01,17,2,6,6600.0,55088.616229550695,-0.4746666777777778,-0.4746666777777778,58221.41630288403
2025-08-01,17,2,6,7200.0,54803.832889550686,-0.47455556666666665,-0.47455556666666665,58220.63296955069
2025-08-01,17,2,6,7800.0,54519.099549550694,-0.47455556666666665,-0.47455556666666665,58220.632969550694
2025-08-01,17,2,6,8400.0,54234.49954288402,-0.4743333444444444,-0.4743333444444444,58218.89963621735
2025-08-01,17,2,6,9000.0,53950.94953621735,-0.4720000111111111,-0.4720000111111111,58198.949636217345
2025-08-01,17,2,6,9600.0,53667.84952955069,-0.4716666777777777,-0.4716666777777777,58195.849636217354
2025-08-01,17,2,6,10200.0,53393.71618955069,-0.41255556666666665,-0.41255556666666665,57601.78296955069
2025-08-01,17,2,6,10800.0,53146.18284955068,-0.38231999099999997,-0.38231999099999997,57275.23875235068
2025-08-01,17,2,5,1200.0,27651.124615752215,-0.4743333444444444,-0.4743333444444444,28220.32462908555
2025-08-01,17,2,5,1800.0,27367.179192178144,-0.4720000111111111,-0.4720000111111111,28216.779212178146
2025-08-01,17,2,5,2400.0,27084.022697381843,-0.4716666777777777,-0.4716666777777777,28216.02272404851
2025-08-01,17,2,5,3000.0,26801.02269071518,-0.4716666777777777,-0.4716666777777777,28216.022724048515
2025-08-01,17,2,5,3600.0,26551.713081222857,-0.41255556666666665,-0.41255556666666665,28036.913121222857
2025-08-01,17,2,5,4200.0,26309.577594329785,-0.399509991,-0.399509991,27987.519556529784
2025-08-01,17,2,5,4800.0,26070.56768765145,-0.397979991,-0.397979991,27980.87164445145
2025-08-01,17,2,5,5400.0,25832.64060285645,-0.396089991,-0.396089991,27971.52655425645
2025-08-01,17,2,5,6000.0,25595.22247339645,-0.39554999099999993,-0.39554999099999993,27968.52241939645
2025-08-01,17,2,5,6600.0,25357.971004843115,-0.39536999100000003,-0.39536999100000003,27967.412945443117
2025-08-01,17,2,5,7200.0,25120.90749152978,-0.395009991,-0.395009991,27964.97942672978
2025-08-01,17,2,5,7800.0,24884.314000871444,-0.394019991,-0.394019991,27957.669930671444
2025-08-01,17,2,5,8400.0,24648.06275303811,-0.393659991,-0.393659991,27954.806677438108
2025-08-01,17,2,5,9000.0,24411.980117263112,-0.393389991,-0.393389991,27952.490036263112
2025-08-01,17,2,5,9600.0,24176.09714972311,-0.39302999099999997,-0.39302999099999997,27949.18506332311
2025-08-01,17,2,5,10200.0,23940.378776418103,-0.39275999100000003,-0.39275999100000003,27946.530684618105
2025-08-01,17,2,5,10800.0,23704.861300878107,-0.38231999099999997,-0.38231999099999997,27833.917203678106
2025-08-01,17,2,4,1200.0,27655.53427621256,-0.4743333444444444,-0.4743333444444444,28224.734289545893
2025-08-01,17,2,4,1800.0,27371.580904916253,-0.4720000111111111,-0.4720000111111111,28221.180924916254
2025-08-01,17,2,4,2400.0,27088.423274731074,-0.47166667777777777,-0.47166667777777777,28220.423301397743
2025-08-01,17,2,4,3000.0,26805.423268064405,-0.47166667777777777,-0.47166667777777777,28220.42330139774
2025-08-01,17,2,4,3600.0,26556.08241810147,-0.41255556666666665,-0.41255556666666665,28041.28245810147
2025-08-01,17,2,4,4200.0,26314.019487318066,-0.399509991,-0.399509991,27991.961449518065
2025-08-01,17,2,4,4800.0,26075.08151633807,-0.397979991,-0.397979991,27985.385473138067
2025-08-01,17,2,4,5400.0,25837.271305503073,-0.396089991,-0.396089991,27976.157256903072
2025-08-01,17,2,4,6000.0,25599.909356033073,-0.395549991,-0.395549991,27973.209302033072
2025-08-01,17,2,4,6600.0,25362.680652143074,-0.39536999100000003,-0.39536999100000003,27972.122592743075
2025-08-01,17,2,4,7200.0,25125.662137756397,-0.395009991,-0.395009991,27969.7340729564
2025-08-01,17,2,4,7800.0,24889.212018293056,-0.394019991,-0.394019991,27962.567948093056
2025-08-01,17,2,4,8400.0,24653.010117439724,-0.393659991,-0.393659991,27959.754041839726
2025-08-01,17,2,4,9000.0,24416.967461544733,-0.393389991,-0.393389991,27957.477380544733
2025-08-01,17,2,4,9600.0,24181.1320404314,-0.39302999099999997,-0.39302999099999997,27954.2199540314
2025-08-01,17,2,4,10200.0,23945.449272946396,-0.392759991,-0.392759991,27951.601181146398
2025-08-01,17,2,4,10800.0,23709.96973783306,-0.38231999099999997,-0.38231999099999997,27839.02564063306
2025-08-01,17,2,3,1200.0,57413.4673771838,-0.47900001111111107,-0.47900001111111107,57988.26739051713
2025-08-01,17,2,3,1800.0,57126.06737051713,-0.47900001111111107,-0.47900001111111107,57988.267390517125
2025-08-01,17,2,3,2400.0,56838.66736385046,-0.47900001111111107,-0.47900001111111107,57988.267390517125
2025-08-01,17,2,3,3000.0,56551.71735718379,-0.4780000111111111,-0.4780000111111111,57985.71739051712
2025-08-01,17,2,3,3600.0,56264.95068385045,-0.47788889999999995,-0.47788889999999995,57985.35072385045
2025-08-01,17,2,3,4200.0,55978.35067718379,-0.4770000111111111,-0.4770000111111111,57981.75072385046
2025-08-01,17,2,3,4800.0,55692.15067051712,-0.4770000111111111,-0.4770000111111111,57981.750723850455
2025-08-01,17,2,3,5400.0,55406.48399718378,-0.4761111222222222,-0.4761111222222222,57977.48405718378
2025-08-01,17,2,3,6000.0,55121.11732385045,-0.47544445555555553,-0.47544445555555553,57973.78405718378
2025-08-01,17,2,3,6600.0,54836.08398385043,-0.4746666777777778,-0.4746666777777778,57968.884057183765
2025-08-01,17,2,3,7200.0,54551.30064385043,-0.47455556666666665,-0.47455556666666665,57968.10072385043
2025-08-01,17,2,3,7800.0,54266.56730385043,-0.47455556666666665,-0.47455556666666665,57968.10072385043
2025-08-01,17,2,3,8400.0,53981.967297183764,-0.4743333444444444,-0.4743333444444444,57966.367390517094
2025-08-01,17,2,3,9000.0,53698.41729051709,-0.4720000111111111,-0.4720000111111111,57946.41739051709
2025-08-01,17,2,3,9600.0,53415.317283850425,-0.47166667777777777,-0.47166667777777777,57943.31739051709
2025-08-01,17,2,3,10200.0,53141.183943850425,-0.41255556666666665,-0.41255556666666665,57349.250723850426
2025-08-01,17,2,3,10800.0,52893.65060385042,-0.38231999099999997,-0.38231999099999997,57022.70650665042
2025-08-01,17,2,2,1200.0,58249.995163100895,-0.47900001111111107,-0.47900001111111107,58824.79517643423
2025-08-01,17,2,2,1800.0,57962.59515643423,-0.47900001111111107,-0.47900001111111107,58824.79517643423
2025-08-01,17,2,2,2400.0,57675.195149767555,-0.47900001111111107,-0.47900001111111107,58824.79517643422
2025-08-01,17,2,2,3000.0,57388.24514310089,-0.4780000111111111,-0.4780000111111111,58822.24517643422
2025-08-01,17,2,2,3600.0,57101.47846976756,-0.47788889999999995,-0.47788889999999995,58821.87850976756
2025-08-01,17,2,2,4200.0,56814.87846310088,-0.47700001111111107,-0.47700001111111107,58818.27850976755
2025-08-01,17,2,2,4800.0,56528.678456434216,-0.47700001111111107,-0.47700001111111107,58818.27850976755
2025-08-01,17,2,2,5400.0,56243.011783100876,-0.4761111222222222,-0.4761111222222222,58814.011843100874
2025-08-01,17,2,2,6000.0,55957.64510976754,-0.47544445555555553,-0.47544445555555553,58810.31184310087
2025-08-01,17,2,2,6600.0,55672.61176976753,-0.4746666777777778,-0.4746666777777778,58805.41184310086
2025-08-01,17,2,2,7200.0,55387.828429767535,-0.47455556666666665,-0.47455556666666665,58804.628509767535
2025-08-01,17,2,2,7800.0,55103.09508976753,-0.4743333444444444,-0.4743333444444444,58802.8951764342
2025-08-01,17,2,2,8400.0,54818.495083100854,-0.4743333444444444,-0.4743333444444444,58802.895176434184
2025-08-01,17,2,2,9000.0,54534.94507643418,-0.4720000111111111,-0.4720000111111111,58782.94517643418
2025-08-01,17,2,2,9600.0,54251.84506976752,-0.4716666777777778,-0.4716666777777778,58779.84517643419
2025-08-01,17,2,2,10200.0,53977.71172976752,-0.41255556666666665,-0.41255556666666665,58185.77850976752
2025-08-01,17,2,2,10800.0,53730.17838976751,-0.38231999099999997,-0.38231999099999997,57859.23429256751
2025-08-01,17,2,1,1200.0,59328.96707768034,-0.47900001111111107,-0.47900001111111107,59903.76709101367
2025-08-01,17,2,1,1800.0,59041.56707101368,-0.47900001111111107,-0.47900001111111107,59903.76709101367
2025-08-01,17,2,1,2400.0,58754.167064347,-0.47900001111111107,-0.47900001111111107,59903.767091013666
2025-08-01,17,2,1,3000.0,58467.21705768034,-0.47800001111111107,-0.47800001111111107,59901.21709101367
2025-08-01,17,2,1,3600.0,58180.45038434701,-0.47788889999999995,-0.47788889999999995,59900.85042434701
2025-08-01,17,2,1,4200.0,57893.85037768033,-0.4770000111111111,-0.4770000111111111,59897.250424347
2025-08-01,17,2,1,4800.0,57607.65037101367,-0.4770000111111111,-0.4770000111111111,59897.250424347
2025-08-01,17,2,1,5400.0,57321.98369768033,-0.47611112222222224,-0.47611112222222224,59892.983757680326
2025-08-01,17,2,1,6000.0,57036.61702434699,-0.47544445555555553,-0.47544445555555553,59889.28375768032
2025-08-01,17,2,1,6600.0,56751.583684346995,-0.4746666777777778,-0.4746666777777778,59884.38375768033
2025-08-01,17,2,1,7200.0,56466.800344346986,-0.47455556666666665,-0.47455556666666665,59883.60042434699
2025-08-01,17,2,1,7800.0,56182.067004346995,-0.47455556666666665,-0.47455556666666665,59883.600424346994
2025-08-01,17,2,1,8400.0,55897.46699768032,-0.4743333444444444,-0.4743333444444444,59881.86709101365
2025-08-01,17,2,1,9000.0,55613.916991013655,-0.4720000111111111,-0.4720000111111111,59861.91709101365
2025-08-01,17,2,1,9600.0,55330.81698434699,-0.4716666777777778,-0.4716666777777778,59858.817091013654
2025-08-01,17,2,1,10200.0,55056.68364434697,-0.41255556666666665,-0.41255556666666665,59264.750424346974
2025-08-01,17,2,1,10800.0,54809.15030434698,-0.38231999099999997,-0.38231999099999997,58938.20620714698
2025-08-01,17,2,0,1200.0,57485.09240120736,-0.47900001111111107,-0.47900001111111107,58059.89241454069
2025-08-01,17,2,0,1800.0,57197.69239454068,-0.47900001111111107,-0.47900001111111107,58059.89241454068
2025-08-01,17,2,0,2400.0,56910.29238787402,-0.47900001111111107,-0.47900001111111107,58059.892414540685
2025-08-01,17,2,0,3000.0,56623.34238120735,-0.47800001111111107,-0.47800001111111107,58057.34241454068
2025-08-01,17,2,0,3600.0,56336.575707874006,-0.47788889999999995,-0.47788889999999995,58056.97574787401
2025-08-01,17,2,0,4200.0,56049.975701207346,-0.4770000111111111,-0.4770000111111111,58053.375747874015
2025-08-01,17,2,0,4800.0,55763.77569454068,-0.4770000111111111,-0.4770000111111111,58053.375747874015
2025-08-01,17,2,0,5400.0,55478.10902120734,-0.4761111222222222,-0.4761111222222222,58049.10908120734
2025-08-01,17,2,0,6000.0,55192.742347874,-0.47544445555555553,-0.47544445555555553,58045.409081207334
2025-08-01,17,2,0,6600.0,54907.70900787399,-0.4746666777777778,-0.4746666777777778,58040.509081207325
2025-08-01,17,2,0,7200.0,54622.925667874,-0.47455556666666665,-0.47455556666666665,58039.725747874
2025-08-01,17,2,0,7800.0,54338.19232787399,-0.47455556666666665,-0.47455556666666665,58039.72574787399
2025-08-01,17,2,0,8400.0,54053.59232120732,-0.4743333444444444,-0.4743333444444444,58037.99241454065
2025-08-01,17,2,0,9000.0,53770.042314540646,-0.4720000111111111,-0.4720000111111111,58018.04241454064
2025-08-01,17,2,0,9600.0,53486.942307873986,-0.47166667777777777,-0.47166667777777777,58014.94241454065
2025-08-01,17,2,0,10200.0,53212.808967873985,-0.41255556666666665,-0.41255556666666665,57420.875747873986
2025-08-01,17,2,0,10800.0,52965.275627873976,-0.384209991,-0.384209991,57114.74353067398
2025-09-01,17,1,6,1200.0,55464.33382639616,-0.47900001111111107,-0.47900001111111107,56039.1338397295
2025-09-01,17,1,6,1800.0,55176.933819729486,-0.47900001111111107,-0.47900001111111107,56039.13383972948
2025-09-01,17,1,6,2400.0,54889.53381306282,-0.47900001111111107,-0.47900001111111107,56039.13383972949
2025-09-01,17,1,6,3000.0,54602.58380639616,-0.4780000111111112,-0.4780000111111112,56036.58383972949
2025-09-01,17,1,6,3600.0,54315.817133062825,-0.47788889999999995,-0.47788889999999995,56036.217173062825
2025-09-01,17,1,6,4200.0,54029.21712639616,-0.47700001111111107,-0.47700001111111107,56032.61717306283
2025-09-01,17,1,6,4800.0,53743.017119729484,-0.4761111222222221,-0.4761111222222221,56028.35050639615
2025-09-01,17,1,6,5400.0,53457.35044639615,-0.4761111222222221,-0.4761111222222221,56028.35050639615
2025-09-01,17,1,6,6000.0,53171.98377306281,-0.47544445555555553,-0.47544445555555553,56024.650506396145
2025-09-01,17,1,6,6600.0,52886.95043306281,-0.4746666777777777,-0.4746666777777777,56019.75050639614
2025-09-01,17,1,6,7200.0,52602.16709306281,-0.47455556666666665,-0.47455556666666665,56018.96717306281
2025-09-01,17,1,6,7800.0,52317.43375306281,-0.47455556666666665,-0.47455556666666665,56018.96717306281
2025-09-01,17,1,6,8400.0,52032.833746396136,-0.4743333444444444,-0.4743333444444444,56017.233839729466
2025-09-01,17,1,6,9000.0,51749.28373972946,-0.4720000111111111,-0.4720000111111111,55997.283839729454
2025-09-01,17,1,6,9600.0,51466.18373306278,-0.47166667777777777,-0.47166667777777777,55994.18383972945
2025-09-01,17,1,6,10200.0,51192.05039306279,-0.41255556666666665,-0.41255556666666665,55400.11717306279
2025-09-01,17,1,6,10800.0,50944.51705306279,-0.38231999099999997,-0.38231999099999997,55073.572955862786
2025-09-01,17,1,5,1200.0,28086.083234508456,-0.47433334444444447,-0.47433334444444447,28655.28324784179
2025-09-01,17,1,5,1800.0,27801.876078039324,-0.4720000111111112,-0.4720000111111112,28651.476098039326
2025-09-01,17,1,5,2400.0,27518.682192829445,-0.4716666777777778,-0.4716666777777778,28650.682219496113
2025-09-01,17,1,5,3000.0,27235.682186162776,-0.4716666777777778,-0.4716666777777778,28650.68221949611
2025-09-01,17,1,5,3600.0,26980.36771783356,-0.41255556666666665,-0.41255556666666665,28465.56775783356
2025-09-01,17,1,5,4200.0,26736.976501144312,-0.39950999099999995,-0.39950999099999995,28414.91846334431
2025-09-01,17,1,5,4800.0,26497.79274668598,-0.397979991,-0.397979991,28408.09670348598
2025-09-01,17,1,5,5400.0,26259.64975837097,-0.396089991,-0.396089991,28398.53570977097
2025-09-01,17,1,5,6000.0,26022.169942190976,-0.39554999099999993,-0.39554999099999993,28395.469888190975
2025-09-01,17,1,5,6600.0,25784.89681573098,-0.39536999100000003,-0.39536999100000003,28394.33875633098
2025-09-01,17,1,5,7200.0,25547.789986604304,-0.39500999100000006,-0.39500999100000006,28391.861921804306
2025-09-01,17,1,5,7800.0,25311.07737745931,-0.394019991,-0.394019991,28384.43330725931
2025-09-01,17,1,5,8400.0,25074.76533114597,-0.393659991,-0.393659991,28381.50925554597
2025-09-01,17,1,5,9000.0,24838.630932575972,-0.393389991,-0.393389991,28379.140851575972
2025-09-01,17,1,5,9600.0,24602.66955477597,-0.3930299909999999,-0.3930299909999999,28375.75746837597
2025-09-01,17,1,5,10200.0,24366.892373775972,-0.392759991,-0.392759991,28373.04428197597
2025-09-01,17,1,5,10800.0,24131.291542642633,-0.382319991,-0.382319991,28260.347445442632
2025-09-01,17,1,4,1200.0,28112.97367339692,-0.47455556666666665,-0.47455556666666665,28682.44035339692
2025-09-01,17,1,4,1800.0,27828.370835598565,-0.4743333444444444,-0.4743333444444444,28682.170855598564
2025-09-01,17,1,4,2400.0,27544.79110204918,-0.4720000111111111,-0.4720000111111111,28677.59112871585
2025-09-01,17,1,4,3000.0,27261.68684868498,-0.4716666777777778,-0.4716666777777778,28676.686882018315
2025-09-01,17,1,4,3600.0,26986.800427656184,-0.41255556666666665,-0.41255556666666665,28472.000467656184
2025-09-01,17,1,4,4200.0,26739.267087656186,-0.41255556666666665,-0.41255556666666665,28472.000467656188
2025-09-01,17,1,4,4800.0,26499.28316676541,-0.399509991,-0.399509991,28416.93112356541
2025-09-01,17,1,4,5400.0,26260.410432208748,-0.397979991,-0.397979991,28409.50238360875
2025-09-01,17,1,4,6000.0,26022.645590018747,-0.396089991,-0.396089991,28399.185536018747
2025-09-01,17,1,4,6600.0,25785.274112048744,-0.395549991,-0.395549991,28395.904052648744
2025-09-01,17,1,4,7200.0,25548.040138325414,-0.39536999100000003,-0.39536999100000003,28394.704073525412
2025-09-01,17,1,4,7800.0,25311.00996956541,-0.39500999100000006,-0.39500999100000006,28392.08789936541
2025-09-01,17,1,4,8400.0,25074.513083162077,-0.394019991,-0.394019991,28384.281007562076
2025-09-01,17,1,4,9000.0,24838.27885348208,-0.39365999099999993,-0.39365999099999993,28381.21877248208
2025-09-01,17,1,4,9600.0,24602.20679198708,-0.393389991,-0.393389991,28378.750705587077
2025-09-01,17,1,4,10200.0,24366.32728046041,-0.3930299909999999,-0.3930299909999999,28375.233188660408
2025-09-01,17,1,4,10800.0,24130.61005666541,-0.38231999099999997,-0.38231999099999997,28259.66595946541
2025-09-01,17,1,3,1200.0,57738.32621278692,-0.47900001111111107,-0.47900001111111107,58313.12622612025
2025-09-01,17,1,3,1800.0,57450.92620612025,-0.47900001111111107,-0.47900001111111107,58313.12622612025
2025-09-01,17,1,3,2400.0,57163.52619945358,-0.47900001111111107,-0.47900001111111107,58313.12622612025
2025-09-01,17,1,3,3000.0,56876.57619278692,-0.47800001111111107,-0.47800001111111107,58310.57622612025
2025-09-01,17,1,3,3600.0,56589.80951945358,-0.47788889999999995,-0.47788889999999995,58310.20955945358
2025-09-01,17,1,3,4200.0,56303.20951278692,-0.47700001111111107,-0.47700001111111107,58306.60955945359
2025-09-01,17,1,3,4800.0,56017.009506120245,-0.47611112222222224,-0.47611112222222224,58302.34289278691
2025-09-01,17,1,3,5400.0,55731.34283278691,-0.47611112222222224,-0.47611112222222224,58302.34289278691
2025-09-01,17,1,3,6000.0,55445.97615945358,-0.47544445555555553,-0.47544445555555553,58298.64289278691
2025-09-01,17,1,3,6600.0,55160.94281945357,-0.4746666777777778,-0.4746666777777778,58293.742892786904
2025-09-01,17,1,3,7200.0,54876.159479453585,-0.47455556666666665,-0.47455556666666665,58292.959559453586
2025-09-01,17,1,3,7800.0,54591.42613945358,-0.47455556666666665,-0.47455556666666665,58292.95955945358
2025-09-01,17,1,3,8400.0,54306.82613278692,-0.47433334444444447,-0.47433334444444447,58291.226226120256
2025-09-01,17,1,3,9000.0,54023.27612612025,-0.4720000111111111,-0.4720000111111111,58271.276226120244
2025-09-01,17,1,3,9600.0,53740.17611945358,-0.4716666777777778,-0.4716666777777778,58268.176226120246
2025-09-01,17,1,3,10200.0,53466.04277945358,-0.41255556666666665,-0.41255556666666665,57674.10955945358
2025-09-01,17,1,3,10800.0,53218.50943945358,-0.38231999099999997,-0.38231999099999997,57347.565342253576
2025-09-01,17,1,2,1200.0,58481.67903475718,-0.47900001111111107,-0.47900001111111107,59056.479048090514
2025-09-01,17,1,2,1800.0,58194.2790280905,-0.47900001111111107,-0.47900001111111107,59056.4790480905
2025-09-01,17,1,2,2400.0,57906.87902142384,-0.47900001111111107,-0.47900001111111107,59056.47904809051
2025-09-01,17,1,2,3000.0,57619.929014757174,-0.4780000111111111,-0.4780000111111111,59053.929048090504
2025-09-01,17,1,2,3600.0,57333.16234142383,-0.47788889999999995,-0.47788889999999995,59053.56238142383
2025-09-01,17,1,2,4200.0,57046.56233475717,-0.4770000111111112,-0.4770000111111112,59049.96238142384
2025-09-01,17,1,2,4800.0,56760.36232809049,-0.4770000111111112,-0.4770000111111112,59049.96238142382
2025-09-01,17,1,2,5400.0,56474.695654757175,-0.47611112222222224,-0.47611112222222224,59045.695714757174
2025-09-01,17,1,2,6000.0,56189.32898142384,-0.47544445555555553,-0.47544445555555553,59041.99571475717
2025-09-01,17,1,2,6600.0,55904.29564142384,-0.47466667777777777,-0.47466667777777777,59037.095714757175
2025-09-01,17,1,2,7200.0,55619.512301423834,-0.47455556666666665,-0.47455556666666665,59036.312381423835
2025-09-01,17,1,2,7800.0,55334.77896142383,-0.4743333444444444,-0.4743333444444444,59034.5790480905
2025-09-01,17,1,2,8400.0,55050.17895475715,-0.4743333444444444,-0.4743333444444444,59034.57904809048
2025-09-01,17,1,2,9000.0,54766.62894809048,-0.4720000111111111,-0.4720000111111111,59014.62904809048
2025-09-01,17,1,2,9600.0,54483.52894142382,-0.4716666777777778,-0.4716666777777778,59011.52904809049
2025-09-01,17,1,2,10200.0,54209.39560142381,-0.41255556666666665,-0.41255556666666665,58417.46238142381
2025-09-01,17,1,2,10800.0,53961.86226142381,-0.384479991,-0.384479991,58114.24616422381
2025-09-01,17,1,1,1200.0,59375.250105559506,-0.47900001111111107,-0.47900001111111107,59950.05011889284
2025-09-01,17,1,1,1800.0,59087.85009889284,-0.47900001111111107,-0.47900001111111107,59950.05011889284
2025-09-01,17,1,1,2400.0,58800.450092226165,-0.47900001111111107,-0.47900001111111107,59950.05011889283
2025-09-01,17,1,1,3000.0,58513.500085559506,-0.4780000111111112,-0.4780000111111112,59947.500118892836
2025-09-01,17,1,1,3600.0,58226.733412226175,-0.47788889999999995,-0.47788889999999995,59947.133452226175
2025-09-01,17,1,1,4200.0,57940.1334055595,-0.47700001111111107,-0.47700001111111107,59943.53345222617
2025-09-01,17,1,1,4800.0,57653.93339889283,-0.47700001111111107,-0.47700001111111107,59943.53345222616
2025-09-01,17,1,1,5400.0,57368.26672555949,-0.4761111222222221,-0.4761111222222221,59939.26678555949
2025-09-01,17,1,1,6000.0,57082.900052226156,-0.47544445555555553,-0.47544445555555553,59935.56678555949
2025-09-01,17,1,1,6600.0,56797.866712226154,-0.4746666777777778,-0.4746666777777778,59930.666785559486
2025-09-01,17,1,1,7200.0,56513.08337222615,-0.47455556666666665,-0.47455556666666665,59929.88345222615
2025-09-01,17,1,1,7800.0,56228.350032226146,-0.47455556666666665,-0.47455556666666665,59929.883452226146
2025-09-01,17,1,1,8400.0,55943.75002555947,-0.4743333444444444,-0.4743333444444444,59928.1501188928
2025-09-01,17,1,1,9000.0,55660.20001889281,-0.4720000111111111,-0.4720000111111111,59908.200118892804
2025-09-01,17,1,1,9600.0,55377.10001222613,-0.4716666777777778,-0.4716666777777778,59905.1001188928
2025-09-01,17,1,1,10200.0,55102.966672226125,-0.41255556666666665,-0.41255556666666665,59311.033452226126
2025-09-01,17,1,1,10800.0,54855.43333222612,-0.38231999099999997,-0.38231999099999997,58984.48923502612
2025-09-01,17,1,0,1200.0,57693.79436852937,-0.47900001111111107,-0.47900001111111107,58268.594381862706
2025-09-01,17,1,0,1800.0,57406.394361862694,-0.47900001111111107,-0.47900001111111107,58268.59438186269
2025-09-01,17,1,0,2400.0,57118.99435519603,-0.47900001111111107,-0.47900001111111107,58268.5943818627
2025-09-01,17,1,0,3000.0,56832.044348529365,-0.47800001111111107,-0.47800001111111107,58266.044381862695
2025-09-01,17,1,0,3600.0,56545.27767519602,-0.47788889999999995,-0.47788889999999995,58265.67771519602
2025-09-01,17,1,0,4200.0,56258.677668529344,-0.4770000111111112,-0.4770000111111112,58262.077715196014
2025-09-01,17,1,0,4800.0,55972.47766186268,-0.4761111222222221,-0.4761111222222221,58257.811048529344
2025-09-01,17,1,0,5400.0,55686.81098852934,-0.4761111222222221,-0.4761111222222221,58257.81104852934
2025-09-01,17,1,0,6000.0,55401.444315196015,-0.47544445555555553,-0.47544445555555553,58254.11104852935
2025-09-01,17,1,0,6600.0,55116.410975196006,-0.47466667777777777,-0.47466667777777777,58249.21104852934
2025-09-01,17,1,0,7200.0,54831.627635196,-0.47455556666666665,-0.47455556666666665,58248.427715196
2025-09-01,17,1,0,7800.0,54546.89429519599,-0.47455556666666665,-0.47455556666666665,58248.42771519599
2025-09-01,17,1,0,8400.0,54262.29428852933,-0.4743333444444444,-0.4743333444444444,58246.69438186266
2025-09-01,17,1,0,9000.0,53978.74428186266,-0.4720000111111111,-0.4720000111111111,58226.744381862656
2025-09-01,17,1,0,9600.0,53695.644275196,-0.4716666777777777,-0.4716666777777777,58223.644381862665
2025-09-01,17,1,0,10200.0,53421.51093519598,-0.41255556666666665,-0.41255556666666665,57629.577715195985
2025-09-01,17,1,0,10800.0,53173.97759519599,-0.384479991,-0.384479991,57326.36149799599
2025-09-01,17,2,6,1200.0,57673.06721306284,-0.47900001111111107,-0.47900001111111107,58247.86722639617
2025-09-01,17,2,6,1800.0,57385.66720639616,-0.47900001111111107,-0.47900001111111107,58247.867226396156
2025-09-01,17,2,6,2400.0,57098.2671997295,-0.47900001111111107,-0.47900001111111107,58247.86722639616
2025-09-01,17,2,6,3000.0,56811.31719306283,-0.4780000111111112,-0.4780000111111112,58245.31722639616
2025-09-01,17,2,6,3600.0,56524.5505197295,-0.47788889999999995,-0.47788889999999995,58244.9505597295
2025-09-01,17,2,6,4200.0,56237.950513062824,-0.47700001111111107,-0.47700001111111107,58241.35055972949
2025-09-01,17,2,6,4800.0,55951.75050639617,-0.47700001111111107,-0.47700001111111107,58241.35055972951
2025-09-01,17,2,6,5400.0,55666.08383306283,-0.4761111222222221,-0.4761111222222221,58237.08389306283
2025-09-01,17,2,6,6000.0,55380.717159729495,-0.47544445555555553,-0.47544445555555553,58233.383893062826
2025-09-01,17,2,6,6600.0,55095.68381972947,-0.4746666777777777,-0.4746666777777777,58228.4838930628
2025-09-01,17,2,6,7200.0,54810.90047972948,-0.47455556666666665,-0.47455556666666665,58227.70055972948
2025-09-01,17,2,6,7800.0,54526.167139729485,-0.47455556666666665,-0.47455556666666665,58227.700559729485
2025-09-01,17,2,6,8400.0,54241.56713306281,-0.4743333444444444,-0.4743333444444444,58225.96722639614
2025-09-01,17,2,6,9000.0,53958.01712639614,-0.4720000111111111,-0.4720000111111111,58206.017226396136
2025-09-01,17,2,6,9600.0,53674.91711972946,-0.47166667777777777,-0.47166667777777777,58202.91722639613
2025-09-01,17,2,6,10200.0,53400.78377972946,-0.41255556666666665,-0.41255556666666665,57608.850559729464
2025-09-01,17,2,6,10800.0,53153.25043972947,-0.38231999099999997,-0.38231999099999997,57282.30634252947
2025-09-01,17,2,5,1200.0,28086.083234508456,-0.47433334444444447,-0.47433334444444447,28655.28324784179
2025-09-01,17,2,5,1800.0,27801.87607803932,-0.4720000111111112,-0.4720000111111112,28651.476098039322
2025-09-01,17,2,5,2400.0,27518.682192829445,-0.4716666777777778,-0.4716666777777778,28650.682219496113
2025-09-01,17,2,5,3000.0,27235.68218616278,-0.4716666777777778,-0.4716666777777778,28650.682219496113
2025-09-01,17,2,5,3600.0,26980.36771783356,-0.41255556666666665,-0.41255556666666665,28465.56775783356
2025-09-01,17,2,5,4200.0,26736.976501144312,-0.39950999099999995,-0.39950999099999995,28414.91846334431
2025-09-01,17,2,5,4800.0,26497.792746685976,-0.397979991,-0.397979991,28408.096703485975
2025-09-01,17,2,5,5400.0,26259.649758370975,-0.396089991,-0.396089991,28398.535709770975
2025-09-01,17,2,5,6000.0,26022.169942190976,-0.39554999099999993,-0.39554999099999993,28395.469888190975
2025-09-01,17,2,5,6600.0,25784.896815730976,-0.39536999100000003,-0.39536999100000003,28394.338756330977
2025-09-01,17,2,5,7200.0,25547.789986604308,-0.39500999100000006,-0.39500999100000006,28391.86192180431
2025-09-01,17,2,5,7800.0,25311.077377459307,-0.394019991,-0.394019991,28384.433307259307
2025-09-01,17,2,5,8400.0,25074.765331145973,-0.393659991,-0.393659991,28381.50925554597
2025-09-01,17,2,5,9000.0,24838.630932575976,-0.393389991,-0.393389991,28379.140851575976
2025-09-01,17,2,5,9600.0,24602.669554775974,-0.3930299909999999,-0.3930299909999999,28375.757468375974
2025-09-01,17,2,5,10200.0,24366.892373775972,-0.392759991,-0.392759991,28373.04428197597
2025-09-01,17,2,5,10800.0,24131.291542642633,-0.382319991,-0.382319991,28260.347445442632
2025-09-01,17,2,4,1200.0,28112.97367339692,-0.47455556666666665,-0.47455556666666665,28682.44035339692
2025-09-01,17,2,4,1800.0,27828.370835598565,-0.4743333444444444,-0.4743333444444444,28682.170855598564
2025-09-01,17,2,4,2400.0,27544.79110204918,-0.4720000111111111,-0.4720000111111111,28677.59112871585
2025-09-01,17,2,4,3000.0,27261.68684868498,-0.4716666777777778,-0.4716666777777778,28676.686882018315
2025-09-01,17,2,4,3600.0,26986.800427656184,-0.41255556666666665,-0.41255556666666665,28472.000467656184
2025-09-01,17,2,4,4200.0,26739.267087656186,-0.41255556666666665,-0.41255556666666665,28472.000467656188
2025-09-01,17,2,4,4800.0,26499.28316676541,-0.399509991,-0.399509991,28416.93112356541
2025-09-01,17,2,4,5400.0,26260.410432208748,-0.397979991,-0.397979991,28409.50238360875
2025-09-01,17,2,4,6000.0,26022.645590018747,-0.396089991,-0.396089991,28399.185536018747
2025-09-01,17,2,4,6600.0,25785.274112048744,-0.395549991,-0.395549991,28395.904052648744
2025-09-01,17,2,4,7200.0,25548.040138325414,-0.39536999100000003,-0.39536999100000003,28394.704073525412
2025-09-01,17,2,4,7800.0,25311.00996956541,-0.39500999100000006,-0.39500999100000006,28392.08789936541
2025-09-01,17,2,4,8400.0,25074.513083162077,-0.394019991,-0.394019991,28384.281007562076
2025-09-01,17,2,4,9000.0,24838.27885348208,-0.39365999099999993,-0.39365999099999993,28381.21877248208
2025-09-01,17,2,4,9600.0,24602.20679198708,-0.393389991,-0.393389991,28378.750705587077
2025-09-01,17,2,4,10200.0,24366.32728046041,-0.3930299909999999,-0.3930299909999999,28375.233188660408
2025-09-01,17,2,4,10800.0,24130.61005666541,-0.38231999099999997,-0.38231999099999997,28259.66595946541
2025-09-01,17,2,3,1200.0,57738.32621278692,-0.47900001111111107,-0.47900001111111107,58313.12622612025
2025-09-01,17,2,3,1800.0,57450.92620612025,-0.47900001111111107,-0.47900001111111107,58313.12622612025
2025-09-01,17,2,3,2400.0,57163.52619945358,-0.47900001111111107,-0.47900001111111107,58313.12622612025
2025-09-01,17,2,3,3000.0,56876.57619278692,-0.47800001111111107,-0.47800001111111107,58310.57622612025
2025-09-01,17,2,3,3600.0,56589.80951945358,-0.47788889999999995,-0.47788889999999995,58310.20955945358
2025-09-01,17,2,3,4200.0,56303.20951278692,-0.47700001111111107,-0.47700001111111107,58306.60955945359
2025-09-01,17,2,3,4800.0,56017.009506120245,-0.47611112222222224,-0.47611112222222224,58302.34289278691
2025-09-01,17,2,3,5400.0,55731.34283278691,-0.47611112222222224,-0.47611112222222224,58302.34289278691
2025-09-01,17,2,3,6000.0,55445.97615945358,-0.47544445555555553,-0.47544445555555553,58298.64289278691
2025-09-01,17,2,3,6600.0,55160.94281945357,-0.4746666777777778,-0.4746666777777778,58293.742892786904
2025-09-01,17,2,3,7200.0,54876.159479453585,-0.47455556666666665,-0.47455556666666665,58292.959559453586
2025-09-01,17,2,3,7800.0,54591.42613945358,-0.47455556666666665,-0.47455556666666665,58292.95955945358
2025-09-01,17,2,3,8400.0,54306.82613278692,-0.47433334444444447,-0.47433334444444447,58291.226226120256
2025-09-01,17,2,3,9000.0,54023.27612612025,-0.4720000111111111,-0.4720000111111111,58271.276226120244
2025-09-01,17,2,3,9600.0,53740.17611945358,-0.4716666777777778,-0.4716666777777778,58268.176226120246
2025-09-01,17,2,3,10200.0,53466.04277945358,-0.41255556666666665,-0.41255556666666665,57674.10955945358
2025-09-01,17,2,3,10800.0,53218.50943945358,-0.38231999099999997,-0.38231999099999997,57347.565342253576
2025-09-01,17,2,2,1200.0,58481.67903475718,-0.47900001111111107,-0.47900001111111107,59056.479048090514
2025-09-01,17,2,2,1800.0,58194.2790280905,-0.47900001111111107,-0.47900001111111107,59056.4790480905
2025-09-01,17,2,2,2400.0,57906.87902142384,-0.47900001111111107,-0.47900001111111107,59056.47904809051
2025-09-01,17,2,2,3000.0,57619.929014757174,-0.4780000111111111,-0.4780000111111111,59053.929048090504
2025-09-01,17,2,2,3600.0,57333.16234142383,-0.47788889999999995,-0.47788889999999995,59053.56238142383
2025-09-01,17,2,2,4200.0,57046.56233475717,-0.4770000111111112,-0.4770000111111112,59049.96238142384
2025-09-01,17,2,2,4800.0,56760.36232809049,-0.4770000111111112,-0.4770000111111112,59049.96238142382
2025-09-01,17,2,2,5400.0,56474.695654757175,-0.47611112222222224,-0.47611112222222224,59045.695714757174
2025-09-01,17,2,2,6000.0,56189.32898142384,-0.47544445555555553,-0.47544445555555553,59041.99571475717
2025-09-01,17,2,2,6600.0,55904.29564142384,-0.47466667777777777,-0.47466667777777777,59037.095714757175
2025-09-01,17,2,2,7200.0,55619.512301423834,-0.47455556666666665,-0.47455556666666665,59036.312381423835
2025-09-01,17,2,2,7800.0,55334.77896142383,-0.4743333444444444,-0.4743333444444444,59034.5790480905
2025-09-01,17,2,2,8400.0,55050.17895475715,-0.4743333444444444,-0.4743333444444444,59034.57904809048
2025-09-01,17,2,2,9000.0,54766.62894809048,-0.4720000111111111,-0.4720000111111111,59014.62904809048
2025-09-01,17,2,2,9600.0,54483.52894142382,-0.4716666777777778,-0.4716666777777778,59011.52904809049
2025-09-01,17,2,2,10200.0,54209.39560142381,-0.41255556666666665,-0.41255556666666665,58417.46238142381
2025-09-01,17,2,2,10800.0,53961.86226142381,-0.384479991,-0.384479991,58114.24616422381
2025-09-01,17,2,1,1200.0,59375.250105559506,-0.47900001111111107,-0.47900001111111107,59950.05011889284
2025-09-01,17,2,1,1800.0,59087.85009889284,-0.47900001111111107,-0.47900001111111107,59950.05011889284
2025-09-01,17,2,1,2400.0,58800.450092226165,-0.47900001111111107,-0.47900001111111107,59950.05011889283
2025-09-01,17,2,1,3000.0,58513.500085559506,-0.4780000111111112,-0.4780000111111112,59947.500118892836
2025-09-01,17,2,1,3600.0,58226.733412226175,-0.47788889999999995,-0.47788889999999995,59947.133452226175
2025-09-01,17,2,1,4200.0,57940.1334055595,-0.47700001111111107,-0.47700001111111107,59943.53345222617
2025-09-01,17,2,1,4800.0,57653.93339889283,-0.47700001111111107,-0.47700001111111107,59943.53345222616
2025-09-01,17,2,1,5400.0,57368.26672555949,-0.4761111222222221,-0.4761111222222221,59939.26678555949
2025-09-01,17,2,1,6000.0,57082.900052226156,-0.47544445555555553,-0.47544445555555553,59935.56678555949
2025-09-01,17,2,1,6600.0,56797.866712226154,-0.4746666777777778,-0.4746666777777778,59930.666785559486
2025-09-01,17,2,1,7200.0,56513.08337222615,-0.47455556666666665,-0.47455556666666665,59929.88345222615
2025-09-01,17,2,1,7800.0,56228.350032226146,-0.47455556666666665,-0.47455556666666665,59929.883452226146
2025-09-01,17,2,1,8400.0,55943.75002555947,-0.4743333444444444,-0.4743333444444444,59928.1501188928
2025-09-01,17,2,1,9000.0,55660.20001889281,-0.4720000111111111,-0.4720000111111111,59908.200118892804
2025-09-01,17,2,1,9600.0,55377.10001222613,-0.4716666777777778,-0.4716666777777778,59905.1001188928
2025-09-01,17,2,1,10200.0,55102.966672226125,-0.41255556666666665,-0.41255556666666665,59311.033452226126
2025-09-01,17,2,1,10800.0,54855.43333222612,-0.38231999099999997,-0.38231999099999997,58984.48923502612
2025-09-01,17,2,0,1200.0,57693.79436852937,-0.47900001111111107,-0.47900001111111107,58268.594381862706
2025-09-01,17,2,0,1800.0,57406.394361862694,-0.47900001111111107,-0.47900001111111107,58268.59438186269
2025-09-01,17,2,0,2400.0,57118.99435519603,-0.47900001111111107,-0.47900001111111107,58268.5943818627
2025-09-01,17,2,0,3000.0,56832.044348529365,-0.47800001111111107,-0.47800001111111107,58266.044381862695
2025-09-01,17,2,0,3600.0,56545.27767519602,-0.47788889999999995,-0.47788889999999995,58265.67771519602
2025-09-01,17,2,0,4200.0,56258.677668529344,-0.4770000111111112,-0.4770000111111112,58262.077715196014
2025-09-01,17,2,0,4800.0,55972.47766186268,-0.4761111222222221,-0.4761111222222221,58257.811048529344
2025-09-01,17,2,0,5400.0,55686.81098852934,-0.4761111222222221,-0.4761111222222221,58257.81104852934
2025-09-01,17,2,0,6000.0,55401.444315196015,-0.47544445555555553,-0.47544445555555553,58254.11104852935
2025-09-01,17,2,0,6600.0,55116.410975196006,-0.47466667777777777,-0.47466667777777777,58249.21104852934
2025-09-01,17,2,0,7200.0,54831.627635196,-0.47455556666666665,-0.47455556666666665,58248.427715196
2025-09-01,17,2,0,7800.0,54546.89429519599,-0.47455556666666665,-0.47455556666666665,58248.42771519599
2025-09-01,17,2,0,8400.0,54262.29428852933,-0.4743333444444444,-0.4743333444444444,58246.69438186266
2025-09-01,17,2,0,9000.0,53978.74428186266,-0.4720000111111111,-0.4720000111111111,58226.744381862656
2025-09-01,17,2,0,9600.0,53695.644275196,-0.4716666777777777,-0.4716666777777777,58223.644381862665
2025-09-01,17,2,0,10200.0,53421.51093519598,-0.41255556666666665,-0.41255556666666665,57629.577715195985
2025-09-01,17,2,0,10800.0,53173.97759519599,-0.384479991,-0.384479991,57326.36149799599
2025-10-01,17,1,6,1200.0,51658.513277395,-0.47900001111111107,-0.47900001111111107,52233.313290728336
2025-10-01,17,1,6,1800.0,51371.11327072834,-0.47900001111111107,-0.47900001111111107,52233.313290728336
2025-10-01,17,1,6,2400.0,51083.71326406168,-0.47900001111111107,-0.47900001111111107,52233.31329072834
2025-10-01,17,1,6,3000.0,50796.763257394996,-0.4780000111111112,-0.4780000111111112,52230.763290728326
2025-10-01,17,1,6,3600.0,50509.996584061664,-0.47788889999999995,-0.47788889999999995,52230.396624061665
2025-10-01,17,1,6,4200.0,50223.396577395,-0.47700001111111107,-0.47700001111111107,52226.796624061666
2025-10-01,17,1,6,4800.0,49937.19657072833,-0.47700001111111107,-0.47700001111111107,52226.796624061666
2025-10-01,17,1,6,5400.0,49651.529897395005,-0.4761111222222222,-0.4761111222222222,52222.529957395
2025-10-01,17,1,6,6000.0,49366.16322406167,-0.47544445555555553,-0.47544445555555553,52218.829957395
2025-10-01,17,1,6,6600.0,49081.12988406167,-0.4746666777777777,-0.4746666777777777,52213.929957395005
2025-10-01,17,1,6,7200.0,48796.346544061664,-0.47455556666666665,-0.47455556666666665,52213.146624061665
2025-10-01,17,1,6,7800.0,48511.61320406166,-0.47455556666666665,-0.47455556666666665,52213.14662406166
2025-10-01,17,1,6,8400.0,48227.013197395,-0.4743333444444444,-0.4743333444444444,52211.41329072833
2025-10-01,17,1,6,9000.0,47943.463190728326,-0.4720000111111111,-0.4720000111111111,52191.46329072832
2025-10-01,17,1,6,9600.0,47660.36318406165,-0.47166667777777777,-0.47166667777777777,52188.36329072832
2025-10-01,17,1,6,10200.0,47386.22984406164,-0.41255556666666665,-0.41255556666666665,51594.296624061644
2025-10-01,17,1,6,10800.0,47138.69650406164,-0.38231999099999997,-0.38231999099999997,51267.75240686164
2025-10-01,17,1,5,1200.0,28430.983850104483,-0.4745555666666667,-0.4745555666666667,29000.450530104485
2025-10-01,17,1,5,1800.0,28146.25051010448,-0.4745555666666667,-0.4745555666666667,29000.45053010448
2025-10-01,17,1,5,2400.0,27861.622883882257,-0.4743333444444444,-0.4743333444444444,29000.022910548923
2025-10-01,17,1,5,3000.0,27577.782871882264,-0.4720000111111111,-0.4720000111111111,28993.782905215598
2025-10-01,17,1,5,3600.0,27294.641435882262,-0.47166667777777777,-0.47166667777777777,28992.64147588226
2025-10-01,17,1,5,4200.0,27012.21138342457,-0.41255556666666665,-0.41255556666666665,28744.94476342457
2025-10-01,17,1,5,4800.0,26764.67804342457,-0.41255556666666665,-0.41255556666666665,28744.94476342457
2025-10-01,17,1,5,5400.0,26523.064059220436,-0.399509991,-0.399509991,28680.418010620437
2025-10-01,17,1,5,6000.0,26284.0481769571,-0.3979799909999999,-0.3979799909999999,28671.928122957102
2025-10-01,17,1,5,6600.0,26046.1137105571,-0.396089991,-0.396089991,28660.307651157098
2025-10-01,17,1,5,7200.0,25808.698234977102,-0.39554999100000005,-0.39554999100000005,28656.658170177103
2025-10-01,17,1,5,7800.0,25571.447401717098,-0.395369991,-0.395369991,28655.333331517097
2025-10-01,17,1,5,8400.0,25334.3863796371,-0.395009991,-0.395009991,28652.470304037102
2025-10-01,17,1,5,9000.0,25097.83648322543,-0.394019991,-0.394019991,28644.016402225432
2025-10-01,17,1,5,9600.0,24861.58835917876,-0.39365999100000004,-0.39365999100000004,28640.72427277876
2025-10-01,17,1,5,10200.0,24625.50806624376,-0.393389991,-0.393389991,28638.085974443762
2025-10-01,17,1,5,10800.0,24389.618829290423,-0.38231999099999997,-0.38231999099999997,28518.67473209042
2025-10-01,17,1,4,1200.0,27873.25971880567,-0.47455556666666665,-0.47455556666666665,28442.726398805673
2025-10-01,17,1,4,1800.0,27588.526378805673,-0.47455556666666665,-0.47455556666666665,28442.726398805673
2025-10-01,17,1,4,2400.0,27303.91024352584,-0.4743333444444444,-0.4743333444444444,28442.310270192505
2025-10-01,17,1,4,3000.0,27020.190886420904,-0.4720000111111111,-0.4720000111111111,28436.190919754237
2025-10-01,17,1,4,3600.0,26737.066686834485,-0.4716666777777778,-0.4716666777777778,28435.066726834484
2025-10-01,17,1,4,4200.0,26458.629281585607,-0.41255556666666665,-0.41255556666666665,28191.36266158561
2025-10-01,17,1,4,4800.0,26211.09594158561,-0.41255556666666665,-0.41255556666666665,28191.36266158561
2025-10-01,17,1,4,5400.0,25970.409647179815,-0.399509991,-0.399509991,28127.763598579815
2025-10-01,17,1,4,6000.0,25731.52521614148,-0.397979991,-0.397979991,28119.40516214148
2025-10-01,17,1,4,6600.0,25493.78114288148,-0.396089991,-0.396089991,28107.975083481477
2025-10-01,17,1,4,7200.0,25256.415598891475,-0.39554999100000005,-0.39554999100000005,28104.375534091476
2025-10-01,17,1,4,7800.0,25019.18569682814,-0.39536999100000003,-0.39536999100000003,28103.071626628138
2025-10-01,17,1,4,8400.0,24782.163743674802,-0.395009991,-0.395009991,28100.2476680748
2025-10-01,17,1,4,9000.0,24545.689450189806,-0.394019991,-0.394019991,28091.869369189808
2025-10-01,17,1,4,9600.0,24309.464095449803,-0.39365999100000004,-0.39365999100000004,28088.600009049802
2025-10-01,17,1,4,10200.0,24073.40197138481,-0.393389991,-0.393389991,28085.97987958481
2025-10-01,17,1,4,10800.0,23837.535709764812,-0.38231999099999997,-0.38231999099999997,27966.59161256481
2025-10-01,17,1,3,1200.0,55584.86253953632,-0.47900001111111107,-0.47900001111111107,56159.66255286965
2025-10-01,17,1,3,1800.0,55297.46253286964,-0.47900001111111107,-0.47900001111111107,56159.66255286964
2025-10-01,17,1,3,2400.0,55010.06252620298,-0.47900001111111107,-0.47900001111111107,56159.662552869646
2025-10-01,17,1,3,3000.0,54723.112519536306,-0.47800001111111107,-0.47800001111111107,56157.112552869636
2025-10-01,17,1,3,3600.0,54436.34584620297,-0.47788889999999995,-0.47788889999999995,56156.74588620297
2025-10-01,17,1,3,4200.0,54149.74583953631,-0.4770000111111111,-0.4770000111111111,56153.145886202976
2025-10-01,17,1,3,4800.0,53863.54583286963,-0.4761111222222222,-0.4761111222222222,56148.8792195363
2025-10-01,17,1,3,5400.0,53577.8791595363,-0.4761111222222222,-0.4761111222222222,56148.8792195363
2025-10-01,17,1,3,6000.0,53292.51248620296,-0.47544445555555553,-0.47544445555555553,56145.179219536294
2025-10-01,17,1,3,6600.0,53007.47914620296,-0.47466667777777777,-0.47466667777777777,56140.27921953629
2025-10-01,17,1,3,7200.0,52722.69580620296,-0.47455556666666665,-0.47455556666666665,56139.49588620296
2025-10-01,17,1,3,7800.0,52437.96246620296,-0.47455556666666665,-0.47455556666666665,56139.49588620296
2025-10-01,17,1,3,8400.0,52153.36245953629,-0.4743333444444444,-0.4743333444444444,56137.76255286962
2025-10-01,17,1,3,9000.0,51869.81245286962,-0.4720000111111112,-0.4720000111111112,56117.81255286962
2025-10-01,17,1,3,9600.0,51586.71244620295,-0.47166667777777777,-0.47166667777777777,56114.71255286962
2025-10-01,17,1,3,10200.0,51312.57910620295,-0.41255556666666665,-0.41255556666666665,55520.645886202954
2025-10-01,17,1,3,10800.0,51065.04576620295,-0.382319991,-0.382319991,55194.10166900295
2025-10-01,17,1,2,1200.0,55316.23578323393,-0.47900001111111107,-0.47900001111111107,55891.03579656727
2025-10-01,17,1,2,1800.0,55028.83577656726,-0.47900001111111107,-0.47900001111111107,55891.03579656726
2025-10-01,17,1,2,2400.0,54741.43576990059,-0.47900001111111107,-0.47900001111111107,55891.03579656726
2025-10-01,17,1,2,3000.0,54454.48576323392,-0.4780000111111112,-0.4780000111111112,55888.48579656725
2025-10-01,17,1,2,3600.0,54167.71908990059,-0.47788889999999995,-0.47788889999999995,55888.11912990059
2025-10-01,17,1,2,4200.0,53881.11908323392,-0.4770000111111112,-0.4770000111111112,55884.51912990059
2025-10-01,17,1,2,4800.0,53594.919076567254,-0.4761111222222222,-0.4761111222222222,55880.25246323392
2025-10-01,17,1,2,5400.0,53309.25240323392,-0.4761111222222222,-0.4761111222222222,55880.25246323392
2025-10-01,17,1,2,6000.0,53023.885729900576,-0.47544445555555553,-0.47544445555555553,55876.55246323391
2025-10-01,17,1,2,6600.0,52738.85238990057,-0.4746666777777777,-0.4746666777777777,55871.6524632339
2025-10-01,17,1,2,7200.0,52454.069049900565,-0.47455556666666665,-0.47455556666666665,55870.869129900566
2025-10-01,17,1,2,7800.0,52169.335709900566,-0.4743333444444444,-0.4743333444444444,55869.135796567236
2025-10-01,17,1,2,8400.0,51884.7357032339,-0.4743333444444444,-0.4743333444444444,55869.13579656723
2025-10-01,17,1,2,9000.0,51601.18569656722,-0.4720000111111111,-0.4720000111111111,55849.18579656722
2025-10-01,17,1,2,9600.0,51318.08568990055,-0.47166667777777777,-0.47166667777777777,55846.08579656722
2025-10-01,17,1,2,10200.0,51043.952349900545,-0.41255556666666665,-0.41255556666666665,55252.019129900546
2025-10-01,17,1,2,10800.0,50796.41900990054,-0.38231999099999997,-0.38231999099999997,54925.47491270054
2025-10-01,17,1,1,1200.0,54735.89665318783,-0.479000011111111,-0.479000011111111,55310.696666521166
2025-10-01,17,1,1,1800.0,54448.49664652116,-0.47900001111111107,-0.47900001111111107,55310.69666652116
2025-10-01,17,1,1,2400.0,54161.096639854484,-0.47900001111111107,-0.47900001111111107,55310.69666652115
2025-10-01,17,1,1,3000.0,53874.14663318782,-0.4780000111111112,-0.4780000111111112,55308.14666652115
2025-10-01,17,1,1,3600.0,53587.37995985449,-0.47788889999999995,-0.47788889999999995,55307.77999985449
2025-10-01,17,1,1,4200.0,53300.77995318781,-0.4770000111111112,-0.4770000111111112,55304.17999985448
2025-10-01,17,1,1,4800.0,53014.579946521146,-0.4761111222222222,-0.4761111222222222,55299.91333318781
2025-10-01,17,1,1,5400.0,52728.913273187805,-0.4761111222222222,-0.4761111222222222,55299.913333187804
2025-10-01,17,1,1,6000.0,52443.54659985447,-0.47544445555555553,-0.47544445555555553,55296.2133331878
2025-10-01,17,1,1,6600.0,52158.513259854466,-0.4746666777777778,-0.4746666777777778,55291.3133331878
2025-10-01,17,1,1,7200.0,51873.729919854464,-0.47455556666666665,-0.47455556666666665,55290.529999854465
2025-10-01,17,1,1,7800.0,51588.99657985446,-0.47455556666666665,-0.47455556666666665,55290.52999985446
2025-10-01,17,1,1,8400.0,51304.39657318779,-0.4743333444444444,-0.4743333444444444,55288.79666652112
2025-10-01,17,1,1,9000.0,51020.84656652112,-0.4720000111111111,-0.4720000111111111,55268.846666521116
2025-10-01,17,1,1,9600.0,50737.74655985445,-0.47166667777777777,-0.47166667777777777,55265.74666652112
2025-10-01,17,1,1,10200.0,50463.613219854444,-0.41255556666666665,-0.41255556666666665,54671.679999854445
2025-10-01,17,1,1,10800.0,50216.07987985444,-0.38231999099999997,-0.38231999099999997,54345.13578265444
2025-10-01,17,1,0,1200.0,55281.97187365218,-0.47900001111111107,-0.47900001111111107,55856.771886985516
2025-10-01,17,1,0,1800.0,54994.571866985505,-0.47900001111111107,-0.47900001111111107,55856.7718869855
2025-10-01,17,1,0,2400.0,54707.17186031884,-0.47900001111111107,-0.47900001111111107,55856.77188698551
2025-10-01,17,1,0,3000.0,54420.22185365216,-0.47800001111111107,-0.47800001111111107,55854.22188698549
2025-10-01,17,1,0,3600.0,54133.45518031883,-0.47788889999999995,-0.47788889999999995,55853.85522031883
2025-10-01,17,1,0,4200.0,53846.855173652155,-0.4770000111111112,-0.4770000111111112,55850.255220318824
2025-10-01,17,1,0,4800.0,53560.65516698549,-0.4770000111111112,-0.4770000111111112,55850.255220318824
2025-10-01,17,1,0,5400.0,53274.98849365215,-0.47611112222222224,-0.47611112222222224,55845.98855365215
2025-10-01,17,1,0,6000.0,52989.62182031881,-0.47544445555555553,-0.47544445555555553,55842.28855365214
2025-10-01,17,1,0,6600.0,52704.58848031882,-0.4746666777777777,-0.4746666777777777,55837.38855365215
2025-10-01,17,1,0,7200.0,52419.80514031882,-0.47455556666666665,-0.47455556666666665,55836.60522031882
2025-10-01,17,1,0,7800.0,52135.071800318816,-0.47455556666666665,-0.47455556666666665,55836.605220318816
2025-10-01,17,1,0,8400.0,51850.47179365214,-0.4743333444444444,-0.4743333444444444,55834.87188698547
2025-10-01,17,1,0,9000.0,51566.92178698547,-0.4720000111111111,-0.4720000111111111,55814.92188698547
2025-10-01,17,1,0,9600.0,51283.82178031881,-0.4716666777777778,-0.4716666777777778,55811.821886985475
2025-10-01,17,1,0,10200.0,51009.68844031881,-0.41255556666666665,-0.41255556666666665,55217.75522031881
2025-10-01,17,1,0,10800.0,50762.1551003188,-0.38447999099999997,-0.38447999099999997,54914.5390031188
2025-10-01,17,2,6,1200.0,53867.24666406171,-0.47900001111111107,-0.47900001111111107,54442.04667739505
2025-10-01,17,2,6,1800.0,53579.846657395035,-0.47900001111111107,-0.47900001111111107,54442.04667739503
2025-10-01,17,2,6,2400.0,53292.44665072837,-0.47900001111111107,-0.47900001111111107,54442.04667739504
2025-10-01,17,2,6,3000.0,53005.49664406169,-0.4780000111111112,-0.4780000111111112,54439.49667739502
2025-10-01,17,2,6,3600.0,52718.72997072836,-0.47788889999999995,-0.47788889999999995,54439.13001072836
2025-10-01,17,2,6,4200.0,52432.1299640617,-0.47700001111111107,-0.47700001111111107,54435.53001072837
2025-10-01,17,2,6,4800.0,52145.92995739502,-0.47700001111111107,-0.47700001111111107,54435.530010728355
2025-10-01,17,2,6,5400.0,51860.26328406168,-0.4761111222222222,-0.4761111222222222,54431.26334406168
2025-10-01,17,2,6,6000.0,51574.896610728356,-0.47544445555555553,-0.47544445555555553,54427.56334406169
2025-10-01,17,2,6,6600.0,51289.86327072836,-0.4746666777777777,-0.4746666777777777,54422.66334406169
2025-10-01,17,2,6,7200.0,51005.07993072835,-0.47455556666666665,-0.47455556666666665,54421.88001072835
2025-10-01,17,2,6,7800.0,50720.346590728346,-0.4743333444444444,-0.4743333444444444,54420.146677395016
2025-10-01,17,2,6,8400.0,50435.746584061686,-0.4743333444444444,-0.4743333444444444,54420.146677395016
2025-10-01,17,2,6,9000.0,50152.196577395014,-0.4720000111111111,-0.4720000111111111,54400.19667739501
2025-10-01,17,2,6,9600.0,49869.09657072834,-0.47166667777777777,-0.47166667777777777,54397.096677395006
2025-10-01,17,2,6,10200.0,49594.963230728325,-0.41255556666666665,-0.41255556666666665,53803.030010728326
2025-10-01,17,2,6,10800.0,49347.42989072833,-0.38231999099999997,-0.38231999099999997,53476.48579352833
2025-10-01,17,2,5,1200.0,28430.983850104483,-0.4745555666666667,-0.4745555666666667,29000.450530104485
2025-10-01,17,2,5,1800.0,28146.25051010448,-0.4745555666666667,-0.4745555666666667,29000.45053010448
2025-10-01,17,2,5,2400.0,27861.622883882257,-0.4743333444444444,-0.4743333444444444,29000.022910548923
2025-10-01,17,2,5,3000.0,27577.782871882264,-0.4720000111111111,-0.4720000111111111,28993.782905215598
2025-10-01,17,2,5,3600.0,27294.641435882262,-0.47166667777777777,-0.47166667777777777,28992.64147588226
2025-10-01,17,2,5,4200.0,27012.21138342457,-0.41255556666666665,-0.41255556666666665,28744.94476342457
2025-10-01,17,2,5,4800.0,26764.67804342457,-0.41255556666666665,-0.41255556666666665,28744.94476342457
2025-10-01,17,2,5,5400.0,26523.064059220436,-0.399509991,-0.399509991,28680.418010620437
2025-10-01,17,2,5,6000.0,26284.0481769571,-0.3979799909999999,-0.3979799909999999,28671.928122957102
2025-10-01,17,2,5,6600.0,26046.1137105571,-0.396089991,-0.396089991,28660.307651157098
2025-10-01,17,2,5,7200.0,25808.698234977102,-0.39554999100000005,-0.39554999100000005,28656.658170177103
2025-10-01,17,2,5,7800.0,25571.447401717098,-0.395369991,-0.395369991,28655.333331517097
2025-10-01,17,2,5,8400.0,25334.3863796371,-0.395009991,-0.395009991,28652.470304037102
2025-10-01,17,2,5,9000.0,25097.83648322543,-0.394019991,-0.394019991,28644.016402225432
2025-10-01,17,2,5,9600.0,24861.58835917876,-0.39365999100000004,-0.39365999100000004,28640.72427277876
2025-10-01,17,2,5,10200.0,24625.50806624376,-0.393389991,-0.393389991,28638.085974443762
2025-10-01,17,2,5,10800.0,24389.618829290423,-0.38231999099999997,-0.38231999099999997,28518.67473209042
2025-10-01,17,2,4,1200.0,27873.25971880567,-0.47455556666666665,-0.47455556666666665,28442.726398805673
2025-10-01,17,2,4,1800.0,27588.526378805673,-0.47455556666666665,-0.47455556666666665,28442.726398805673
2025-10-01,17,2,4,2400.0,27303.91024352584,-0.4743333444444444,-0.4743333444444444,28442.310270192505
2025-10-01,17,2,4,3000.0,27020.190886420904,-0.4720000111111111,-0.4720000111111111,28436.190919754237
2025-10-01,17,2,4,3600.0,26737.066686834485,-0.4716666777777778,-0.4716666777777778,28435.066726834484
2025-10-01,17,2,4,4200.0,26458.629281585607,-0.41255556666666665,-0.41255556666666665,28191.36266158561
2025-10-01,17,2,4,4800.0,26211.09594158561,-0.41255556666666665,-0.41255556666666665,28191.36266158561
2025-10-01,17,2,4,5400.0,25970.409647179815,-0.399509991,-0.399509991,28127.763598579815
2025-10-01,17,2,4,6000.0,25731.52521614148,-0.397979991,-0.397979991,28119.40516214148
2025-10-01,17,2,4,6600.0,25493.78114288148,-0.396089991,-0.396089991,28107.975083481477
2025-10-01,17,2,4,7200.0,25256.415598891475,-0.39554999100000005,-0.39554999100000005,28104.375534091476
2025-10-01,17,2,4,7800.0,25019.18569682814,-0.39536999100000003,-0.39536999100000003,28103.071626628138
2025-10-01,17,2,4,8400.0,24782.163743674802,-0.395009991,-0.395009991,28100.2476680748
2025-10-01,17,2,4,9000.0,24545.689450189806,-0.394019991,-0.394019991,28091.869369189808
2025-10-01,17,2,4,9600.0,24309.464095449803,-0.39365999100000004,-0.39365999100000004,28088.600009049802
2025-10-01,17,2,4,10200.0,24073.40197138481,-0.393389991,-0.393389991,28085.97987958481
2025-10-01,17,2,4,10800.0,23837.535709764812,-0.38231999099999997,-0.38231999099999997,27966.59161256481
2025-10-01,17,2,3,1200.0,55584.86253953632,-0.47900001111111107,-0.47900001111111107,56159.66255286965
2025-10-01,17,2,3,1800.0,55297.46253286964,-0.47900001111111107,-0.47900001111111107,56159.66255286964
2025-10-01,17,2,3,2400.0,55010.06252620298,-0.47900001111111107,-0.47900001111111107,56159.662552869646
2025-10-01,17,2,3,3000.0,54723.112519536306,-0.47800001111111107,-0.47800001111111107,56157.112552869636
2025-10-01,17,2,3,3600.0,54436.34584620297,-0.47788889999999995,-0.47788889999999995,56156.74588620297
2025-10-01,17,2,3,4200.0,54149.74583953631,-0.4770000111111111,-0.4770000111111111,56153.145886202976
2025-10-01,17,2,3,4800.0,53863.54583286963,-0.4761111222222222,-0.4761111222222222,56148.8792195363
2025-10-01,17,2,3,5400.0,53577.8791595363,-0.4761111222222222,-0.4761111222222222,56148.8792195363
2025-10-01,17,2,3,6000.0,53292.51248620296,-0.47544445555555553,-0.47544445555555553,56145.179219536294
2025-10-01,17,2,3,6600.0,53007.47914620296,-0.47466667777777777,-0.47466667777777777,56140.27921953629
2025-10-01,17,2,3,7200.0,52722.69580620296,-0.47455556666666665,-0.47455556666666665,56139.49588620296
2025-10-01,17,2,3,7800.0,52437.96246620296,-0.47455556666666665,-0.47455556666666665,56139.49588620296
2025-10-01,17,2,3,8400.0,52153.36245953629,-0.4743333444444444,-0.4743333444444444,56137.76255286962
2025-10-01,17,2,3,9000.0,51869.81245286962,-0.4720000111111112,-0.4720000111111112,56117.81255286962
2025-10-01,17,2,3,9600.0,51586.71244620295,-0.47166667777777777,-0.47166667777777777,56114.71255286962
2025-10-01,17,2,3,10200.0,51312.57910620295,-0.41255556666666665,-0.41255556666666665,55520.645886202954
2025-10-01,17,2,3,10800.0,51065.04576620295,-0.382319991,-0.382319991,55194.10166900295
2025-10-01,17,2,2,1200.0,55316.23578323393,-0.47900001111111107,-0.47900001111111107,55891.03579656727
2025-10-01,17,2,2,1800.0,55028.83577656726,-0.47900001111111107,-0.47900001111111107,55891.03579656726
2025-10-01,17,2,2,2400.0,54741.43576990059,-0.47900001111111107,-0.47900001111111107,55891.03579656726
2025-10-01,17,2,2,3000.0,54454.48576323392,-0.4780000111111112,-0.4780000111111112,55888.48579656725
2025-10-01,17,2,2,3600.0,54167.71908990059,-0.47788889999999995,-0.47788889999999995,55888.11912990059
2025-10-01,17,2,2,4200.0,53881.11908323392,-0.4770000111111112,-0.4770000111111112,55884.51912990059
2025-10-01,17,2,2,4800.0,53594.919076567254,-0.4761111222222222,-0.4761111222222222,55880.25246323392
2025-10-01,17,2,2,5400.0,53309.25240323392,-0.4761111222222222,-0.4761111222222222,55880.25246323392
2025-10-01,17,2,2,6000.0,53023.885729900576,-0.47544445555555553,-0.47544445555555553,55876.55246323391
2025-10-01,17,2,2,6600.0,52738.85238990057,-0.4746666777777777,-0.4746666777777777,55871.6524632339
2025-10-01,17,2,2,7200.0,52454.069049900565,-0.47455556666666665,-0.47455556666666665,55870.869129900566
2025-10-01,17,2,2,7800.0,52169.335709900566,-0.4743333444444444,-0.4743333444444444,55869.135796567236
2025-10-01,17,2,2,8400.0,51884.7357032339,-0.4743333444444444,-0.4743333444444444,55869.13579656723
2025-10-01,17,2,2,9000.0,51601.18569656722,-0.4720000111111111,-0.4720000111111111,55849.18579656722
2025-10-01,17,2,2,9600.0,51318.08568990055,-0.47166667777777777,-0.47166667777777777,55846.08579656722
2025-10-01,17,2,2,10200.0,51043.952349900545,-0.41255556666666665,-0.41255556666666665,55252.019129900546
2025-10-01,17,2,2,10800.0,50796.41900990054,-0.38231999099999997,-0.38231999099999997,54925.47491270054
2025-10-01,17,2,1,1200.0,54735.89665318783,-0.479000011111111,-0.479000011111111,55310.696666521166
2025-10-01,17,2,1,1800.0,54448.49664652116,-0.47900001111111107,-0.47900001111111107,55310.69666652116
2025-10-01,17,2,1,2400.0,54161.096639854484,-0.47900001111111107,-0.47900001111111107,55310.69666652115
2025-10-01,17,2,1,3000.0,53874.14663318782,-0.4780000111111112,-0.4780000111111112,55308.14666652115
2025-10-01,17,2,1,3600.0,53587.37995985449,-0.47788889999999995,-0.47788889999999995,55307.77999985449
2025-10-01,17,2,1,4200.0,53300.77995318781,-0.4770000111111112,-0.4770000111111112,55304.17999985448
2025-10-01,17,2,1,4800.0,53014.579946521146,-0.4761111222222222,-0.4761111222222222,55299.91333318781
2025-10-01,17,2,1,5400.0,52728.913273187805,-0.4761111222222222,-0.4761111222222222,55299.913333187804
2025-10-01,17,2,1,6000.0,52443.54659985447,-0.47544445555555553,-0.47544445555555553,55296.2133331878
2025-10-01,17,2,1,6600.0,52158.513259854466,-0.4746666777777778,-0.4746666777777778,55291.3133331878
2025-10-01,17,2,1,7200.0,51873.729919854464,-0.47455556666666665,-0.47455556666666665,55290.529999854465
2025-10-01,17,2,1,7800.0,51588.99657985446,-0.47455556666666665,-0.47455556666666665,55290.52999985446
2025-10-01,17,2,1,8400.0,51304.39657318779,-0.4743333444444444,-0.4743333444444444,55288.79666652112
2025-10-01,17,2,1,9000.0,51020.84656652112,-0.4720000111111111,-0.4720000111111111,55268.846666521116
2025-10-01,17,2,1,9600.0,50737.74655985445,-0.47166667777777777,-0.47166667777777777,55265.74666652112
2025-10-01,17,2,1,10200.0,50463.613219854444,-0.41255556666666665,-0.41255556666666665,54671.679999854445
2025-10-01,17,2,1,10800.0,50216.07987985444,-0.38231999099999997,-0.38231999099999997,54345.13578265444
2025-10-01,17,2,0,1200.0,55281.97187365218,-0.47900001111111107,-0.47900001111111107,55856.771886985516
2025-10-01,17,2,0,1800.0,54994.571866985505,-0.47900001111111107,-0.47900001111111107,55856.7718869855
2025-10-01,17,2,0,2400.0,54707.17186031884,-0.47900001111111107,-0.47900001111111107,55856.77188698551
2025-10-01,17,2,0,3000.0,54420.22185365216,-0.47800001111111107,-0.47800001111111107,55854.22188698549
2025-10-01,17,2,0,3600.0,54133.45518031883,-0.47788889999999995,-0.47788889999999995,55853.85522031883
2025-10-01,17,2,0,4200.0,53846.855173652155,-0.4770000111111112,-0.4770000111111112,55850.255220318824
2025-10-01,17,2,0,4800.0,53560.65516698549,-0.4770000111111112,-0.4770000111111112,55850.255220318824
2025-10-01,17,2,0,5400.0,53274.98849365215,-0.47611112222222224,-0.47611112222222224,55845.98855365215
2025-10-01,17,2,0,6000.0,52989.62182031881,-0.47544445555555553,-0.47544445555555553,55842.28855365214
2025-10-01,17,2,0,6600.0,52704.58848031882,-0.4746666777777777,-0.4746666777777777,55837.38855365215
2025-10-01,17,2,0,7200.0,52419.80514031882,-0.47455556666666665,-0.47455556666666665,55836.60522031882
2025-10-01,17,2,0,7800.0,52135.071800318816,-0.47455556666666665,-0.47455556666666665,55836.605220318816
2025-10-01,17,2,0,8400.0,51850.47179365214,-0.4743333444444444,-0.4743333444444444,55834.87188698547
2025-10-01,17,2,0,9000.0,51566.92178698547,-0.4720000111111111,-0.4720000111111111,55814.92188698547
2025-10-01,17,2,0,9600.0,51283.82178031881,-0.4716666777777778,-0.4716666777777778,55811.821886985475
2025-10-01,17,2,0,10200.0,51009.68844031881,-0.41255556666666665,-0.41255556666666665,55217.75522031881
2025-10-01,17,2,0,10800.0,50762.1551003188,-0.38447999099999997,-0.38447999099999997,54914.5390031188
2025-11-01,17,1,6,1200.0,51989.99146512793,-0.47900001111111107,-0.47900001111111107,52564.791478461266
2025-11-01,17,1,6,1800.0,51702.591458461255,-0.47900001111111107,-0.47900001111111107,52564.79147846125
2025-11-01,17,1,6,2400.0,51415.191451794584,-0.47900001111111107,-0.47900001111111107,52564.79147846125
2025-11-01,17,1,6,3000.0,51128.24144512792,-0.47800001111111107,-0.47800001111111107,52562.24147846125
2025-11-01,17,1,6,3600.0,50841.47477179459,-0.4778888999999999,-0.4778888999999999,52561.87481179459
2025-11-01,17,1,6,4200.0,50554.87476512792,-0.4770000111111111,-0.4770000111111111,52558.27481179459
2025-11-01,17,1,6,4800.0,50268.674758461246,-0.4770000111111111,-0.4770000111111111,52558.27481179458
2025-11-01,17,1,6,5400.0,49983.00808512791,-0.4761111222222222,-0.4761111222222222,52554.00814512791
2025-11-01,17,1,6,6000.0,49697.64141179457,-0.47544445555555553,-0.47544445555555553,52550.3081451279
2025-11-01,17,1,6,6600.0,49412.608071794566,-0.47466667777777777,-0.47466667777777777,52545.4081451279
2025-11-01,17,1,6,7200.0,49127.82473179457,-0.4745555666666667,-0.4745555666666667,52544.62481179457
2025-11-01,17,1,6,7800.0,48843.091391794565,-0.4745555666666667,-0.4745555666666667,52544.624811794565
2025-11-01,17,1,6,8400.0,48558.4913851279,-0.4743333444444444,-0.4743333444444444,52542.89147846123
2025-11-01,17,1,6,9000.0,48274.941378461226,-0.4720000111111111,-0.4720000111111111,52522.94147846122
2025-11-01,17,1,6,9600.0,47991.84137179456,-0.47166667777777777,-0.47166667777777777,52519.841478461225
2025-11-01,17,1,6,10200.0,47717.70803179456,-0.41255556666666665,-0.41255556666666665,51925.77481179456
2025-11-01,17,1,6,10800.0,47470.17469179456,-0.38231999099999997,-0.38231999099999997,51599.230594594555
2025-11-01,17,1,5,1200.0,27875.113029973552,-0.47544445555555553,-0.47544445555555553,28445.64637664022
2025-11-01,17,1,5,1800.0,27590.102942893307,-0.47466667777777777,-0.47466667777777777,28444.502962893308
2025-11-01,17,1,5,2400.0,27305.322924738975,-0.47455556666666665,-0.47455556666666665,28444.256284738975
2025-11-01,17,1,5,3000.0,27020.596228430335,-0.4743333444444444,-0.4743333444444444,28443.59626176367
2025-11-01,17,1,5,3600.0,26735.99622176367,-0.4743333444444444,-0.4743333444444444,28443.596261763672
2025-11-01,17,1,5,4200.0,26452.515973856254,-0.4720000111111111,-0.4720000111111111,28434.91602052292
2025-11-01,17,1,5,4800.0,26169.425932726626,-0.4716666777777778,-0.4716666777777778,28433.42598605996
2025-11-01,17,1,5,5400.0,25896.22167573247,-0.41255556666666665,-0.41255556666666665,28124.021735732473
2025-11-01,17,1,5,6000.0,25648.872675997845,-0.399509991,-0.399509991,28045.932621997847
2025-11-01,17,1,5,6600.0,25409.285006327846,-0.39797999100000003,-0.39797999100000003,28035.952946927846
2025-11-01,17,1,5,7200.0,25170.708282052852,-0.396089991,-0.396089991,28022.55621725285
2025-11-01,17,1,5,7800.0,24933.142556892853,-0.39554999099999993,-0.39554999099999993,28018.43248669285
2025-11-01,17,1,5,8400.0,24695.853090439523,-0.395369991,-0.395369991,28016.961014839522
2025-11-01,17,1,5,9000.0,24458.722858232853,-0.395009991,-0.395009991,28013.81277723285
2025-11-01,17,1,5,9600.0,24222.031984299523,-0.394019991,-0.394019991,28004.623897899524
2025-11-01,17,1,5,10200.0,23985.742535032852,-0.39365999100000004,-0.39365999100000004,28001.074443232854
2025-11-01,17,1,5,10800.0,23749.646818117853,-0.38231999099999997,-0.38231999099999997,27878.702720917852
2025-11-01,17,1,4,1200.0,27463.48898063226,-0.47544445555555553,-0.47544445555555553,28034.022327298928
2025-11-01,17,1,4,1800.0,27178.447258823617,-0.4746666777777778,-0.4746666777777778,28032.847278823618
2025-11-01,17,1,4,2400.0,26893.662721422384,-0.47455556666666665,-0.47455556666666665,28032.596081422384
2025-11-01,17,1,4,3000.0,26608.92938142239,-0.47455556666666665,-0.47455556666666665,28032.59608142239
2025-11-01,17,1,4,3600.0,26324.326979953254,-0.47433334444444447,-0.47433334444444447,28031.927019953255
2025-11-01,17,1,4,4200.0,26040.75182786066,-0.4720000111111111,-0.4720000111111111,28023.151874527324
2025-11-01,17,1,4,4800.0,25757.648228990285,-0.4716666777777777,-0.4716666777777777,28021.64828232362
2025-11-01,17,1,4,5400.0,25482.738696346147,-0.41255556666666665,-0.41255556666666665,27710.538756346148
2025-11-01,17,1,4,6000.0,25235.20535634615,-0.41255556666666665,-0.41255556666666665,27710.538756346148
2025-11-01,17,1,4,6600.0,24995.068910011338,-0.397979991,-0.397979991,27621.736850611338
2025-11-01,17,1,4,7200.0,24756.33124228182,-0.3969572395710287,-0.3969572395710287,27614.423367193227
2025-11-01,17,1,4,7800.0,24518.6110255606,-0.396089991,-0.396089991,27608.1129553606
2025-11-01,17,1,4,8400.0,24281.2329162206,-0.39554999100000005,-0.39554999100000005,27603.852840620602
2025-11-01,17,1,4,9000.0,24044.01774187394,-0.39500999100000006,-0.39500999100000006,27599.107660873942
2025-11-01,17,1,4,9600.0,23807.05320604735,-0.394019991,-0.394019991,27589.64511964735
2025-11-01,17,1,4,10200.0,23570.665432714013,-0.39365999100000004,-0.39365999100000004,27585.997340914015
2025-11-01,17,1,4,10800.0,23334.504283629012,-0.38231999099999997,-0.38231999099999997,27463.56018642901
2025-11-01,17,1,3,1200.0,54733.525882982074,-0.47900001111111107,-0.47900001111111107,55308.32589631541
2025-11-01,17,1,3,1800.0,54446.12587631541,-0.47900001111111107,-0.47900001111111107,55308.32589631541
2025-11-01,17,1,3,2400.0,54158.72586964875,-0.47900001111111107,-0.47900001111111107,55308.325896315415
2025-11-01,17,1,3,3000.0,53871.77586298207,-0.47800001111111107,-0.47800001111111107,55305.7758963154
2025-11-01,17,1,3,3600.0,53585.009189648736,-0.4778888999999999,-0.4778888999999999,55305.409229648736
2025-11-01,17,1,3,4200.0,53298.40918298207,-0.47700001111111107,-0.47700001111111107,55301.80922964874
2025-11-01,17,1,3,4800.0,53012.2091763154,-0.47700001111111107,-0.47700001111111107,55301.80922964874
2025-11-01,17,1,3,5400.0,52726.542502982076,-0.47611112222222224,-0.47611112222222224,55297.542562982075
2025-11-01,17,1,3,6000.0,52441.17582964874,-0.47544445555555553,-0.47544445555555553,55293.84256298207
2025-11-01,17,1,3,6600.0,52156.14248964874,-0.4746666777777777,-0.4746666777777777,55288.94256298207
2025-11-01,17,1,3,7200.0,51871.359149648735,-0.4745555666666667,-0.4745555666666667,55288.159229648736
2025-11-01,17,1,3,7800.0,51586.62580964873,-0.4745555666666667,-0.4745555666666667,55288.15922964873
2025-11-01,17,1,3,8400.0,51302.025802982054,-0.4743333444444444,-0.4743333444444444,55286.425896315384
2025-11-01,17,1,3,9000.0,51018.47579631539,-0.4720000111111111,-0.4720000111111111,55266.47589631539
2025-11-01,17,1,3,9600.0,50735.37578964872,-0.47166667777777777,-0.47166667777777777,55263.37589631539
2025-11-01,17,1,3,10200.0,50461.242449648715,-0.41255556666666665,-0.41255556666666665,54669.309229648716
2025-11-01,17,1,3,10800.0,50213.70910964872,-0.38231999099999997,-0.38231999099999997,54342.76501244872
2025-11-01,17,1,2,1200.0,55763.32310043974,-0.47900001111111107,-0.47900001111111107,56338.12311377307
2025-11-01,17,1,2,1800.0,55475.923093773075,-0.47900001111111107,-0.47900001111111107,56338.12311377307
2025-11-01,17,1,2,2400.0,55188.523087106405,-0.47900001111111107,-0.47900001111111107,56338.12311377307
2025-11-01,17,1,2,3000.0,54901.57308043974,-0.4780000111111112,-0.4780000111111112,56335.57311377307
2025-11-01,17,1,2,3600.0,54614.8064071064,-0.47788889999999995,-0.47788889999999995,56335.2064471064
2025-11-01,17,1,2,4200.0,54328.20640043973,-0.4770000111111112,-0.4770000111111112,56331.6064471064
2025-11-01,17,1,2,4800.0,54042.00639377306,-0.4770000111111112,-0.4770000111111112,56331.606447106395
2025-11-01,17,1,2,5400.0,53756.339720439726,-0.47611112222222224,-0.47611112222222224,56327.339780439725
2025-11-01,17,1,2,6000.0,53470.97304710639,-0.47544445555555553,-0.47544445555555553,56323.63978043972
2025-11-01,17,1,2,6600.0,53185.939707106394,-0.47466667777777777,-0.47466667777777777,56318.739780439726
2025-11-01,17,1,2,7200.0,52901.156367106385,-0.4745555666666667,-0.4745555666666667,56317.956447106386
2025-11-01,17,1,2,7800.0,52616.423027106386,-0.4743333444444444,-0.4743333444444444,56316.223113773056
2025-11-01,17,1,2,8400.0,52331.82302043972,-0.4743333444444444,-0.4743333444444444,56316.22311377305
2025-11-01,17,1,2,9000.0,52048.27301377305,-0.4720000111111111,-0.4720000111111111,56296.273113773044
2025-11-01,17,1,2,9600.0,51765.17300710638,-0.47166667777777777,-0.47166667777777777,56293.173113773046
2025-11-01,17,1,2,10200.0,51491.03966710637,-0.41255556666666665,-0.41255556666666665,55699.10644710637
2025-11-01,17,1,2,10800.0,51243.50632710637,-0.38231999099999997,-0.38231999099999997,55372.56222990637
2025-11-01,17,1,1,1200.0,54908.056328678795,-0.47900001111111107,-0.47900001111111107,55482.85634201213
2025-11-01,17,1,1,1800.0,54620.65632201213,-0.47900001111111107,-0.47900001111111107,55482.85634201213
2025-11-01,17,1,1,2400.0,54333.25631534547,-0.47900001111111107,-0.47900001111111107,55482.856342012135
2025-11-01,17,1,1,3000.0,54046.3063086788,-0.47800001111111107,-0.47800001111111107,55480.30634201213
2025-11-01,17,1,1,3600.0,53759.53963534547,-0.47788889999999995,-0.47788889999999995,55479.93967534547
2025-11-01,17,1,1,4200.0,53472.939628678796,-0.47700001111111107,-0.47700001111111107,55476.339675345465
2025-11-01,17,1,1,4800.0,53186.73962201213,-0.47700001111111107,-0.47700001111111107,55476.339675345465
2025-11-01,17,1,1,5400.0,52901.07294867879,-0.47611112222222224,-0.47611112222222224,55472.07300867879
2025-11-01,17,1,1,6000.0,52615.70627534545,-0.47544445555555553,-0.47544445555555553,55468.373008678784
2025-11-01,17,1,1,6600.0,52330.67293534546,-0.4746666777777777,-0.4746666777777777,55463.47300867879
2025-11-01,17,1,1,7200.0,52045.88959534545,-0.47455556666666665,-0.47455556666666665,55462.68967534545
2025-11-01,17,1,1,7800.0,51761.15625534544,-0.4743333444444444,-0.4743333444444444,55460.95634201211
2025-11-01,17,1,1,8400.0,51476.55624867878,-0.4743333444444444,-0.4743333444444444,55460.95634201211
2025-11-01,17,1,1,9000.0,51193.00624201211,-0.4720000111111111,-0.4720000111111111,55441.00634201211
2025-11-01,17,1,1,9600.0,50909.906235345436,-0.47166667777777777,-0.47166667777777777,55437.9063420121
2025-11-01,17,1,1,10200.0,50635.772895345435,-0.41255556666666665,-0.41255556666666665,54843.839675345436
2025-11-01,17,1,1,10800.0,50388.23955534544,-0.38231999099999997,-0.38231999099999997,54517.29545814544
2025-11-01,17,1,0,1200.0,54331.907163281176,-0.47900001111111107,-0.47900001111111107,54906.70717661451
2025-11-01,17,1,0,1800.0,54044.50715661451,-0.47900001111111107,-0.47900001111111107,54906.70717661451
2025-11-01,17,1,0,2400.0,53757.107149947835,-0.47900001111111107,-0.47900001111111107,54906.7071766145
2025-11-01,17,1,0,3000.0,53470.15714328117,-0.4780000111111112,-0.4780000111111112,54904.1571766145
2025-11-01,17,1,0,3600.0,53183.39046994784,-0.47788889999999995,-0.47788889999999995,54903.79050994784
2025-11-01,17,1,0,4200.0,52896.79046328116,-0.4770000111111112,-0.4770000111111112,54900.19050994783
2025-11-01,17,1,0,4800.0,52610.590456614496,-0.4770000111111112,-0.4770000111111112,54900.19050994783
2025-11-01,17,1,0,5400.0,52324.923783281156,-0.4761111222222222,-0.4761111222222222,54895.923843281154
2025-11-01,17,1,0,6000.0,52039.55710994782,-0.47544445555555553,-0.47544445555555553,54892.22384328115
2025-11-01,17,1,0,6600.0,51754.523769947824,-0.47466667777777777,-0.47466667777777777,54887.323843281156
2025-11-01,17,1,0,7200.0,51469.740429947815,-0.4745555666666667,-0.4745555666666667,54886.540509947816
2025-11-01,17,1,0,7800.0,51185.00708994782,-0.4745555666666667,-0.4745555666666667,54886.54050994782
2025-11-01,17,1,0,8400.0,50900.40708328115,-0.4743333444444444,-0.4743333444444444,54884.80717661448
2025-11-01,17,1,0,9000.0,50616.85707661449,-0.4720000111111111,-0.4720000111111111,54864.85717661449
2025-11-01,17,1,0,9600.0,50333.75706994782,-0.47166667777777777,-0.47166667777777777,54861.75717661448
2025-11-01,17,1,0,10200.0,50059.623729947816,-0.41255556666666665,-0.41255556666666665,54267.69050994782
2025-11-01,17,1,0,10800.0,49812.09038994782,-0.39302999099999997,-0.39302999099999997,54056.81429274782
2025-11-01,17,2,6,1200.0,54198.72485179462,-0.47900001111111107,-0.47900001111111107,54773.524865127954
2025-11-01,17,2,6,1800.0,53911.32484512795,-0.47900001111111107,-0.47900001111111107,54773.52486512795
2025-11-01,17,2,6,2400.0,53623.92483846129,-0.47900001111111107,-0.47900001111111107,54773.524865127954
2025-11-01,17,2,6,3000.0,53336.974831794614,-0.47800001111111107,-0.47800001111111107,54770.974865127944
2025-11-01,17,2,6,3600.0,53050.208158461275,-0.4778888999999999,-0.4778888999999999,54770.608198461276
2025-11-01,17,2,6,4200.0,52763.60815179461,-0.4770000111111111,-0.4770000111111111,54767.00819846128
2025-11-01,17,2,6,4800.0,52477.40814512794,-0.4770000111111111,-0.4770000111111111,54767.00819846128
2025-11-01,17,2,6,5400.0,52191.74147179461,-0.4761111222222222,-0.4761111222222222,54762.74153179461
2025-11-01,17,2,6,6000.0,51906.37479846127,-0.47544445555555553,-0.47544445555555553,54759.0415317946
2025-11-01,17,2,6,6600.0,51621.34145846126,-0.47466667777777777,-0.47466667777777777,54754.141531794594
2025-11-01,17,2,6,7200.0,51336.55811846126,-0.4745555666666667,-0.4745555666666667,54753.35819846126
2025-11-01,17,2,6,7800.0,51051.824778461254,-0.4745555666666667,-0.4745555666666667,54753.358198461254
2025-11-01,17,2,6,8400.0,50767.22477179459,-0.4743333444444444,-0.4743333444444444,54751.62486512792
2025-11-01,17,2,6,9000.0,50483.674765127915,-0.4720000111111111,-0.4720000111111111,54731.67486512791
2025-11-01,17,2,6,9600.0,50200.57475846125,-0.47166667777777777,-0.47166667777777777,54728.574865127914
2025-11-01,17,2,6,10200.0,49926.44141846125,-0.41255556666666665,-0.41255556666666665,54134.50819846125
2025-11-01,17,2,6,10800.0,49678.908078461245,-0.38231999099999997,-0.38231999099999997,53807.963981261244
2025-11-01,17,2,5,1200.0,27875.113029973538,-0.47544445555555553,-0.47544445555555553,28445.646376640205
2025-11-01,17,2,5,1800.0,27590.102942893292,-0.47466667777777777,-0.47466667777777777,28444.502962893293
2025-11-01,17,2,5,2400.0,27305.32292473896,-0.47455556666666665,-0.47455556666666665,28444.25628473896
2025-11-01,17,2,5,3000.0,27020.59622843032,-0.4743333444444444,-0.4743333444444444,28443.596261763654
2025-11-01,17,2,5,3600.0,26735.996221763657,-0.4743333444444444,-0.4743333444444444,28443.596261763658
2025-11-01,17,2,5,4200.0,26452.51597385624,-0.4720000111111111,-0.4720000111111111,28434.916020522905
2025-11-01,17,2,5,4800.0,26169.42593272661,-0.4716666777777778,-0.4716666777777778,28433.425986059945
2025-11-01,17,2,5,5400.0,25896.221675732457,-0.41255556666666665,-0.41255556666666665,28124.02173573246
2025-11-01,17,2,5,6000.0,25648.87267599783,-0.399509991,-0.399509991,28045.932621997832
2025-11-01,17,2,5,6600.0,25409.28500632783,-0.39797999100000003,-0.39797999100000003,28035.95294692783
2025-11-01,17,2,5,7200.0,25170.708282052838,-0.396089991,-0.396089991,28022.556217252837
2025-11-01,17,2,5,7800.0,24933.14255689284,-0.39554999099999993,-0.39554999099999993,28018.432486692836
2025-11-01,17,2,5,8400.0,24695.85309043951,-0.395369991,-0.395369991,28016.961014839508
2025-11-01,17,2,5,9000.0,24458.72285823284,-0.395009991,-0.395009991,28013.812777232837
2025-11-01,17,2,5,9600.0,24222.03198429951,-0.394019991,-0.394019991,28004.62389789951
2025-11-01,17,2,5,10200.0,23985.742535032838,-0.39365999100000004,-0.39365999100000004,28001.07444323284
2025-11-01,17,2,5,10800.0,23749.64681811784,-0.38231999099999997,-0.38231999099999997,27878.702720917838
2025-11-01,17,2,4,1200.0,27463.48898063226,-0.47544445555555553,-0.47544445555555553,28034.022327298928
2025-11-01,17,2,4,1800.0,27178.447258823617,-0.4746666777777778,-0.4746666777777778,28032.847278823618
2025-11-01,17,2,4,2400.0,26893.662721422384,-0.47455556666666665,-0.47455556666666665,28032.596081422384
2025-11-01,17,2,4,3000.0,26608.92938142239,-0.47455556666666665,-0.47455556666666665,28032.59608142239
2025-11-01,17,2,4,3600.0,26324.326979953254,-0.47433334444444447,-0.47433334444444447,28031.927019953255
2025-11-01,17,2,4,4200.0,26040.75182786066,-0.4720000111111111,-0.4720000111111111,28023.151874527324
2025-11-01,17,2,4,4800.0,25757.648228990285,-0.4716666777777777,-0.4716666777777777,28021.64828232362
2025-11-01,17,2,4,5400.0,25482.738696346147,-0.41255556666666665,-0.41255556666666665,27710.538756346148
2025-11-01,17,2,4,6000.0,25235.20535634615,-0.41255556666666665,-0.41255556666666665,27710.538756346148
2025-11-01,17,2,4,6600.0,24995.068910011338,-0.397979991,-0.397979991,27621.736850611338
2025-11-01,17,2,4,7200.0,24756.33124228182,-0.3969572395710287,-0.3969572395710287,27614.423367193227
2025-11-01,17,2,4,7800.0,24518.6110255606,-0.396089991,-0.396089991,27608.1129553606
2025-11-01,17,2,4,8400.0,24281.2329162206,-0.39554999100000005,-0.39554999100000005,27603.852840620602
2025-11-01,17,2,4,9000.0,24044.01774187394,-0.39500999100000006,-0.39500999100000006,27599.107660873942
2025-11-01,17,2,4,9600.0,23807.05320604735,-0.394019991,-0.394019991,27589.64511964735
2025-11-01,17,2,4,10200.0,23570.665432714013,-0.39365999100000004,-0.39365999100000004,27585.997340914015
2025-11-01,17,2,4,10800.0,23334.504283629012,-0.38231999099999997,-0.38231999099999997,27463.56018642901
2025-11-01,17,2,3,1200.0,54733.525882982074,-0.47900001111111107,-0.47900001111111107,55308.32589631541
2025-11-01,17,2,3,1800.0,54446.12587631541,-0.47900001111111107,-0.47900001111111107,55308.32589631541
2025-11-01,17,2,3,2400.0,54158.72586964875,-0.47900001111111107,-0.47900001111111107,55308.325896315415
2025-11-01,17,2,3,3000.0,53871.77586298207,-0.47800001111111107,-0.47800001111111107,55305.7758963154
2025-11-01,17,2,3,3600.0,53585.009189648736,-0.4778888999999999,-0.4778888999999999,55305.409229648736
2025-11-01,17,2,3,4200.0,53298.40918298207,-0.47700001111111107,-0.47700001111111107,55301.80922964874
2025-11-01,17,2,3,4800.0,53012.2091763154,-0.47700001111111107,-0.47700001111111107,55301.80922964874
2025-11-01,17,2,3,5400.0,52726.542502982076,-0.47611112222222224,-0.47611112222222224,55297.542562982075
2025-11-01,17,2,3,6000.0,52441.17582964874,-0.47544445555555553,-0.47544445555555553,55293.84256298207
2025-11-01,17,2,3,6600.0,52156.14248964874,-0.4746666777777777,-0.4746666777777777,55288.94256298207
2025-11-01,17,2,3,7200.0,51871.359149648735,-0.4745555666666667,-0.4745555666666667,55288.159229648736
2025-11-01,17,2,3,7800.0,51586.62580964873,-0.4745555666666667,-0.4745555666666667,55288.15922964873
2025-11-01,17,2,3,8400.0,51302.025802982054,-0.4743333444444444,-0.4743333444444444,55286.425896315384
2025-11-01,17,2,3,9000.0,51018.47579631539,-0.4720000111111111,-0.4720000111111111,55266.47589631539
2025-11-01,17,2,3,9600.0,50735.37578964872,-0.47166667777777777,-0.47166667777777777,55263.37589631539
2025-11-01,17,2,3,10200.0,50461.242449648715,-0.41255556666666665,-0.41255556666666665,54669.309229648716
2025-11-01,17,2,3,10800.0,50213.70910964872,-0.38231999099999997,-0.38231999099999997,54342.76501244872
2025-11-01,17,2,2,1200.0,55763.32310043974,-0.47900001111111107,-0.47900001111111107,56338.12311377307
2025-11-01,17,2,2,1800.0,55475.923093773075,-0.47900001111111107,-0.47900001111111107,56338.12311377307
2025-11-01,17,2,2,2400.0,55188.523087106405,-0.47900001111111107,-0.47900001111111107,56338.12311377307
2025-11-01,17,2,2,3000.0,54901.57308043974,-0.4780000111111112,-0.4780000111111112,56335.57311377307
2025-11-01,17,2,2,3600.0,54614.8064071064,-0.47788889999999995,-0.47788889999999995,56335.2064471064
2025-11-01,17,2,2,4200.0,54328.20640043973,-0.4770000111111112,-0.4770000111111112,56331.6064471064
2025-11-01,17,2,2,4800.0,54042.00639377306,-0.4770000111111112,-0.4770000111111112,56331.606447106395
2025-11-01,17,2,2,5400.0,53756.339720439726,-0.47611112222222224,-0.47611112222222224,56327.339780439725
2025-11-01,17,2,2,6000.0,53470.97304710639,-0.47544445555555553,-0.47544445555555553,56323.63978043972
2025-11-01,17,2,2,6600.0,53185.939707106394,-0.47466667777777777,-0.47466667777777777,56318.739780439726
2025-11-01,17,2,2,7200.0,52901.156367106385,-0.4745555666666667,-0.4745555666666667,56317.956447106386
2025-11-01,17,2,2,7800.0,52616.423027106386,-0.4743333444444444,-0.4743333444444444,56316.223113773056
2025-11-01,17,2,2,8400.0,52331.82302043972,-0.4743333444444444,-0.4743333444444444,56316.22311377305
2025-11-01,17,2,2,9000.0,52048.27301377305,-0.4720000111111111,-0.4720000111111111,56296.273113773044
2025-11-01,17,2,2,9600.0,51765.17300710638,-0.47166667777777777,-0.47166667777777777,56293.173113773046
2025-11-01,17,2,2,10200.0,51491.03966710637,-0.41255556666666665,-0.41255556666666665,55699.10644710637
2025-11-01,17,2,2,10800.0,51243.50632710637,-0.38231999099999997,-0.38231999099999997,55372.56222990637
2025-11-01,17,2,1,1200.0,54908.056328678795,-0.47900001111111107,-0.47900001111111107,55482.85634201213
2025-11-01,17,2,1,1800.0,54620.65632201213,-0.47900001111111107,-0.47900001111111107,55482.85634201213
2025-11-01,17,2,1,2400.0,54333.25631534547,-0.47900001111111107,-0.47900001111111107,55482.856342012135
2025-11-01,17,2,1,3000.0,54046.3063086788,-0.47800001111111107,-0.47800001111111107,55480.30634201213
2025-11-01,17,2,1,3600.0,53759.53963534547,-0.47788889999999995,-0.47788889999999995,55479.93967534547
2025-11-01,17,2,1,4200.0,53472.939628678796,-0.47700001111111107,-0.47700001111111107,55476.339675345465
2025-11-01,17,2,1,4800.0,53186.73962201213,-0.47700001111111107,-0.47700001111111107,55476.339675345465
2025-11-01,17,2,1,5400.0,52901.07294867879,-0.47611112222222224,-0.47611112222222224,55472.07300867879
2025-11-01,17,2,1,6000.0,52615.70627534545,-0.47544445555555553,-0.47544445555555553,55468.373008678784
2025-11-01,17,2,1,6600.0,52330.67293534546,-0.4746666777777777,-0.4746666777777777,55463.47300867879
2025-11-01,17,2,1,7200.0,52045.88959534545,-0.47455556666666665,-0.47455556666666665,55462.68967534545
2025-11-01,17,2,1,7800.0,51761.15625534544,-0.4743333444444444,-0.4743333444444444,55460.95634201211
2025-11-01,17,2,1,8400.0,51476.55624867878,-0.4743333444444444,-0.4743333444444444,55460.95634201211
2025-11-01,17,2,1,9000.0,51193.00624201211,-0.4720000111111111,-0.4720000111111111,55441.00634201211
2025-11-01,17,2,1,9600.0,50909.906235345436,-0.47166667777777777,-0.47166667777777777,55437.9063420121
2025-11-01,17,2,1,10200.0,50635.772895345435,-0.41255556666666665,-0.41255556666666665,54843.839675345436
2025-11-01,17,2,1,10800.0,50388.23955534544,-0.38231999099999997,-0.38231999099999997,54517.29545814544
2025-11-01,17,2,0,1200.0,54331.907163281176,-0.47900001111111107,-0.47900001111111107,54906.70717661451
2025-11-01,17,2,0,1800.0,54044.50715661451,-0.47900001111111107,-0.47900001111111107,54906.70717661451
2025-11-01,17,2,0,2400.0,53757.107149947835,-0.47900001111111107,-0.47900001111111107,54906.7071766145
2025-11-01,17,2,0,3000.0,53470.15714328117,-0.4780000111111112,-0.4780000111111112,54904.1571766145
2025-11-01,17,2,0,3600.0,53183.39046994784,-0.47788889999999995,-0.47788889999999995,54903.79050994784
2025-11-01,17,2,0,4200.0,52896.79046328116,-0.4770000111111112,-0.4770000111111112,54900.19050994783
2025-11-01,17,2,0,4800.0,52610.590456614496,-0.4770000111111112,-0.4770000111111112,54900.19050994783
2025-11-01,17,2,0,5400.0,52324.923783281156,-0.4761111222222222,-0.4761111222222222,54895.923843281154
2025-11-01,17,2,0,6000.0,52039.55710994782,-0.47544445555555553,-0.47544445555555553,54892.22384328115
2025-11-01,17,2,0,6600.0,51754.523769947824,-0.47466667777777777,-0.47466667777777777,54887.323843281156
2025-11-01,17,2,0,7200.0,51469.740429947815,-0.4745555666666667,-0.4745555666666667,54886.540509947816
2025-11-01,17,2,0,7800.0,51185.00708994782,-0.4745555666666667,-0.4745555666666667,54886.54050994782
2025-11-01,17,2,0,8400.0,50900.40708328115,-0.4743333444444444,-0.4743333444444444,54884.80717661448
2025-11-01,17,2,0,9000.0,50616.85707661449,-0.4720000111111111,-0.4720000111111111,54864.85717661449
2025-11-01,17,2,0,9600.0,50333.75706994782,-0.47166667777777777,-0.47166667777777777,54861.75717661448
2025-11-01,17,2,0,10200.0,50059.623729947816,-0.41255556666666665,-0.41255556666666665,54267.69050994782
2025-11-01,17,2,0,10800.0,49812.09038994782,-0.39302999099999997,-0.39302999099999997,54056.81429274782
2025-12-01,17,1,6,1200.0,53285.65282773023,-0.47900001111111107,-0.47900001111111107,53860.45284106356
2025-12-01,17,1,6,1800.0,52998.252821063565,-0.47900001111111107,-0.47900001111111107,53860.45284106356
2025-12-01,17,1,6,2400.0,52710.852814396894,-0.47900001111111107,-0.47900001111111107,53860.45284106356
2025-12-01,17,1,6,3000.0,52423.90280773022,-0.47800001111111107,-0.47800001111111107,53857.90284106355
2025-12-01,17,1,6,3600.0,52137.13613439689,-0.47788889999999995,-0.47788889999999995,53857.53617439689
2025-12-01,17,1,6,4200.0,51850.53612773022,-0.47700001111111107,-0.47700001111111107,53853.93617439689
2025-12-01,17,1,6,4800.0,51564.336121063556,-0.47700001111111107,-0.47700001111111107,53853.93617439689
2025-12-01,17,1,6,5400.0,51278.669447730215,-0.4761111222222222,-0.4761111222222222,53849.669507730214
2025-12-01,17,1,6,6000.0,50993.302774396885,-0.47544445555555553,-0.47544445555555553,53845.96950773022
2025-12-01,17,1,6,6600.0,50708.26943439688,-0.47466667777777777,-0.47466667777777777,53841.069507730215
2025-12-01,17,1,6,7200.0,50423.486094396874,-0.47455556666666654,-0.47455556666666654,53840.286174396875
2025-12-01,17,1,6,7800.0,50138.752754396875,-0.47455556666666654,-0.47455556666666654,53840.286174396875
2025-12-01,17,1,6,8400.0,49854.1527477302,-0.4743333444444444,-0.4743333444444444,53838.55284106353
2025-12-01,17,1,6,9000.0,49570.602741063536,-0.4720000111111111,-0.4720000111111111,53818.60284106353
2025-12-01,17,1,6,9600.0,49287.50273439686,-0.4716666777777777,-0.4716666777777777,53815.50284106353
2025-12-01,17,1,6,10200.0,49013.36939439686,-0.41255556666666665,-0.41255556666666665,53221.43617439686
2025-12-01,17,1,6,10800.0,48765.83605439686,-0.38231999099999997,-0.38231999099999997,52894.89195719686
2025-12-01,17,1,5,1200.0,24724.47821862516,-0.47788889999999995,-0.47788889999999995,25297.944898625163
2025-12-01,17,1,5,1800.0,24438.00662382681,-0.47700001111111107,-0.47700001111111107,25296.60664382681
2025-12-01,17,1,5,2400.0,24151.935029028453,-0.4761111222222222,-0.4761111222222222,25294.601722361786
2025-12-01,17,1,5,3000.0,23866.268355695116,-0.4761111222222222,-0.4761111222222222,25294.601722361782
2025-12-01,17,1,5,3600.0,23580.99799126302,-0.47544445555555553,-0.47544445555555553,25292.59803126302
2025-12-01,17,1,5,4200.0,23296.077011647794,-0.47466667777777777,-0.47466667777777777,25289.67705831446
2025-12-01,17,1,5,4800.0,23011.309723131333,-0.47455556666666665,-0.47455556666666665,25289.176443131335
2025-12-01,17,1,5,5400.0,22726.60848609841,-0.4743333444444444,-0.4743333444444444,25288.00854609841
2025-12-01,17,1,5,6000.0,22442.00847943175,-0.4743333444444444,-0.4743333444444444,25288.00854609842
2025-12-01,17,1,5,6600.0,22158.795553919404,-0.4720000111111111,-0.4720000111111111,25273.995627252738
2025-12-01,17,1,5,7200.0,21875.74370170336,-0.47166667777777777,-0.47166667777777777,25271.743781703357
2025-12-01,17,1,5,7800.0,21601.55143256757,-0.42380309935859956,-0.42380309935859956,24907.215607564645
2025-12-01,17,1,5,8400.0,21353.137503693277,-0.41255556666666665,-0.41255556666666665,24818.604263693276
2025-12-01,17,1,5,9000.0,21110.217649951126,-0.399509991,-0.399509991,24705.807568951124
2025-12-01,17,1,5,9600.0,20871.17797505502,-0.397979991,-0.397979991,24691.78588865502
2025-12-01,17,1,5,10200.0,20633.39817273092,-0.39554999099999993,-0.39554999099999993,24668.00808093092
2025-12-01,17,1,5,10800.0,20396.083943957652,-0.38231999099999997,-0.38231999099999997,24525.13984675765
2025-12-01,17,1,4,1200.0,23870.411193491072,-0.47788889999999995,-0.47788889999999995,24443.877873491074
2025-12-01,17,1,4,1800.0,23584.01101049518,-0.4770000111111112,-0.4770000111111112,24442.61103049518
2025-12-01,17,1,4,2400.0,23298.010827499296,-0.4761111222222222,-0.4761111222222222,24440.67752083263
2025-12-01,17,1,4,3000.0,23012.39402191905,-0.47544445555555553,-0.47544445555555553,24438.727388585718
2025-12-01,17,1,4,3600.0,22727.12734858572,-0.47544445555555553,-0.47544445555555553,24438.72738858572
2025-12-01,17,1,4,4200.0,22442.268854297654,-0.47466667777777777,-0.47466667777777777,24435.86890096432
2025-12-01,17,1,4,4800.0,22157.5104922565,-0.47455556666666665,-0.47455556666666665,24435.3772122565
2025-12-01,17,1,4,5400.0,21872.827108174202,-0.4743333444444444,-0.4743333444444444,24434.227168174202
2025-12-01,17,1,4,6000.0,21588.401638643336,-0.4720000111111111,-0.4720000111111111,24420.401705310003
2025-12-01,17,1,4,6600.0,21305.201631976666,-0.4720000111111111,-0.4720000111111111,24420.40170531
2025-12-01,17,1,4,7200.0,21022.176559186548,-0.4716666777777777,-0.4716666777777777,24418.176639186546
2025-12-01,17,1,4,7800.0,20756.41710637257,-0.41255556666666665,-0.41255556666666665,23974.35052637257
2025-12-01,17,1,4,8400.0,20510.126396733354,-0.399509991,-0.399509991,23866.010321133355
2025-12-01,17,1,4,9000.0,20270.68553042169,-0.39797999100000003,-0.39797999100000003,23852.505449421693
2025-12-01,17,1,4,9600.0,20032.367525551686,-0.3960899909999999,-0.3960899909999999,23834.831439151687
2025-12-01,17,1,4,10200.0,19794.88749416169,-0.39554999099999993,-0.39554999099999993,23829.49740236169
2025-12-01,17,1,4,10800.0,19557.630047965027,-0.39302999099999997,-0.39302999099999997,23802.353950765028
2025-12-01,17,1,3,1200.0,55801.02484440187,-0.47900001111111107,-0.47900001111111107,56375.824857735206
2025-12-01,17,1,3,1800.0,55513.62483773521,-0.47900001111111107,-0.47900001111111107,56375.824857735206
2025-12-01,17,1,3,2400.0,55226.224831068546,-0.47900001111111107,-0.47900001111111107,56375.82485773521
2025-12-01,17,1,3,3000.0,54939.274824401895,-0.4780000111111112,-0.4780000111111112,56373.274857735225
2025-12-01,17,1,3,3600.0,54652.50815106855,-0.47788889999999995,-0.47788889999999995,56372.90819106855
2025-12-01,17,1,3,4200.0,54365.908144401874,-0.4770000111111112,-0.4770000111111112,56369.30819106854
2025-12-01,17,1,3,4800.0,54079.70813773521,-0.4761111222222222,-0.4761111222222222,56365.04152440187
2025-12-01,17,1,3,5400.0,53794.04146440188,-0.4761111222222222,-0.4761111222222222,56365.04152440188
2025-12-01,17,1,3,6000.0,53508.674791068544,-0.47544445555555553,-0.47544445555555553,56361.341524401876
2025-12-01,17,1,3,6600.0,53223.64145106854,-0.47466667777777777,-0.47466667777777777,56356.441524401875
2025-12-01,17,1,3,7200.0,52938.85811106854,-0.47455556666666665,-0.47455556666666665,56355.65819106854
2025-12-01,17,1,3,7800.0,52654.124771068535,-0.47455556666666665,-0.47455556666666665,56355.658191068535
2025-12-01,17,1,3,8400.0,52369.52476440186,-0.4743333444444444,-0.4743333444444444,56353.92485773519
2025-12-01,17,1,3,9000.0,52085.97475773519,-0.4720000111111111,-0.4720000111111111,56333.974857735186
2025-12-01,17,1,3,9600.0,51802.87475106853,-0.47166667777777777,-0.47166667777777777,56330.874857735194
2025-12-01,17,1,3,10200.0,51528.74141106853,-0.41255556666666665,-0.41255556666666665,55736.80819106853
2025-12-01,17,1,3,10800.0,51281.20807106853,-0.38231999099999997,-0.38231999099999997,55410.26397386853
2025-12-01,17,1,2,1200.0,55778.61645736998,-0.47900001111111107,-0.47900001111111107,56353.41647070331
2025-12-01,17,1,2,1800.0,55491.2164507033,-0.47900001111111107,-0.47900001111111107,56353.4164707033
2025-12-01,17,1,2,2400.0,55203.81644403662,-0.47900001111111107,-0.47900001111111107,56353.41647070329
2025-12-01,17,1,2,3000.0,54916.86643736996,-0.4780000111111112,-0.4780000111111112,56350.86647070329
2025-12-01,17,1,2,3600.0,54630.099764036626,-0.47788889999999995,-0.47788889999999995,56350.499804036626
2025-12-01,17,1,2,4200.0,54343.499757369966,-0.4770000111111112,-0.4770000111111112,56346.899804036635
2025-12-01,17,1,2,4800.0,54057.299750703285,-0.4770000111111112,-0.4770000111111112,56346.89980403662
2025-12-01,17,1,2,5400.0,53771.633077369945,-0.47611112222222224,-0.47611112222222224,56342.63313736994
2025-12-01,17,1,2,6000.0,53486.26640403661,-0.47544445555555553,-0.47544445555555553,56338.93313736994
2025-12-01,17,1,2,6600.0,53201.2330640366,-0.47466667777777777,-0.47466667777777777,56334.03313736993
2025-12-01,17,1,2,7200.0,52916.44972403659,-0.47455556666666665,-0.47455556666666665,56333.24980403659
2025-12-01,17,1,2,7800.0,52631.7163840366,-0.47455556666666665,-0.47455556666666665,56333.2498040366
2025-12-01,17,1,2,8400.0,52347.11637736994,-0.4743333444444444,-0.4743333444444444,56331.51647070327
2025-12-01,17,1,2,9000.0,52063.566370703265,-0.4720000111111111,-0.4720000111111111,56311.56647070326
2025-12-01,17,1,2,9600.0,51780.46636403659,-0.47166667777777777,-0.47166667777777777,56308.46647070326
2025-12-01,17,1,2,10200.0,51506.33302403659,-0.41255556666666665,-0.41255556666666665,55714.39980403659
2025-12-01,17,1,2,10800.0,51258.79968403658,-0.385649991,-0.385649991,55423.81958683658
2025-12-01,17,1,1,1200.0,56028.38786729905,-0.47900001111111107,-0.47900001111111107,56603.18788063238
2025-12-01,17,1,1,1800.0,55740.987860632384,-0.47900001111111107,-0.47900001111111107,56603.18788063238
2025-12-01,17,1,1,2400.0,55453.587853965706,-0.47900001111111107,-0.47900001111111107,56603.18788063237
2025-12-01,17,1,1,3000.0,55166.63784729904,-0.4780000111111111,-0.4780000111111111,56600.63788063237
2025-12-01,17,1,1,3600.0,54879.87117396571,-0.47788889999999995,-0.47788889999999995,56600.27121396571
2025-12-01,17,1,1,4200.0,54593.27116729903,-0.4770000111111112,-0.4770000111111112,56596.6712139657
2025-12-01,17,1,1,4800.0,54307.07116063237,-0.4770000111111112,-0.4770000111111112,56596.6712139657
2025-12-01,17,1,1,5400.0,54021.40448729903,-0.4761111222222221,-0.4761111222222221,56592.404547299026
2025-12-01,17,1,1,6000.0,53736.037813965704,-0.47544445555555553,-0.47544445555555553,56588.704547299036
2025-12-01,17,1,1,6600.0,53451.00447396571,-0.47466667777777777,-0.47466667777777777,56583.80454729904
2025-12-01,17,1,1,7200.0,53166.2211339657,-0.47455556666666665,-0.47455556666666665,56583.0212139657
2025-12-01,17,1,1,7800.0,52881.487793965694,-0.47455556666666665,-0.47455556666666665,56583.021213965694
2025-12-01,17,1,1,8400.0,52596.887787299034,-0.4743333444444444,-0.4743333444444444,56581.287880632364
2025-12-01,17,1,1,9000.0,52313.33778063236,-0.4720000111111111,-0.4720000111111111,56561.33788063236
2025-12-01,17,1,1,9600.0,52030.23777396569,-0.4716666777777777,-0.4716666777777777,56558.237880632354
2025-12-01,17,1,1,10200.0,51756.10443396567,-0.41255556666666665,-0.41255556666666665,55964.171213965674
2025-12-01,17,1,1,10800.0,51508.57109396568,-0.382319991,-0.382319991,55637.62699676568
2025-12-01,17,1,0,1200.0,54878.46004202377,-0.47900001111111107,-0.47900001111111107,55453.2600553571
2025-12-01,17,1,0,1800.0,54591.06003535709,-0.47900001111111107,-0.47900001111111107,55453.26005535709
2025-12-01,17,1,0,2400.0,54303.660028690414,-0.47900001111111107,-0.47900001111111107,55453.26005535708
2025-12-01,17,1,0,3000.0,54016.71002202375,-0.4780000111111111,-0.4780000111111111,55450.71005535708
2025-12-01,17,1,0,3600.0,53729.943348690416,-0.47788889999999995,-0.47788889999999995,55450.34338869042
2025-12-01,17,1,0,4200.0,53443.34334202374,-0.4770000111111112,-0.4770000111111112,55446.74338869041
2025-12-01,17,1,0,4800.0,53157.14333535706,-0.4770000111111112,-0.4770000111111112,55446.7433886904
2025-12-01,17,1,0,5400.0,52871.47666202372,-0.47611112222222224,-0.47611112222222224,55442.47672202372
2025-12-01,17,1,0,6000.0,52586.10998869038,-0.47544445555555553,-0.47544445555555553,55438.776722023715
2025-12-01,17,1,0,6600.0,52301.07664869039,-0.4746666777777777,-0.4746666777777777,55433.87672202372
2025-12-01,17,1,0,7200.0,52016.29330869038,-0.47455556666666665,-0.47455556666666665,55433.09338869038
2025-12-01,17,1,0,7800.0,51731.55996869037,-0.4743333444444444,-0.4743333444444444,55431.36005535704
2025-12-01,17,1,0,8400.0,51446.95996202371,-0.4743333444444444,-0.4743333444444444,55431.36005535704
2025-12-01,17,1,0,9000.0,51163.40995535704,-0.4720000111111112,-0.4720000111111112,55411.41005535704
2025-12-01,17,1,0,9600.0,50880.30994869037,-0.4716666777777778,-0.4716666777777778,55408.31005535703
2025-12-01,17,1,0,10200.0,50606.176608690366,-0.41255556666666665,-0.41255556666666665,54814.24338869037
2025-12-01,17,1,0,10800.0,50358.64326869037,-0.382319991,-0.382319991,54487.69917149037
2025-12-01,17,2,6,1200.0,55494.3862143969,-0.47900001111111107,-0.47900001111111107,56069.186227730235
2025-12-01,17,2,6,1800.0,55206.98620773024,-0.47900001111111107,-0.47900001111111107,56069.186227730235
2025-12-01,17,2,6,2400.0,54919.58620106357,-0.47900001111111107,-0.47900001111111107,56069.186227730235
2025-12-01,17,2,6,3000.0,54632.636194396895,-0.47800001111111107,-0.47800001111111107,56066.636227730225
2025-12-01,17,2,6,3600.0,54345.86952106356,-0.47788889999999995,-0.47788889999999995,56066.269561063564
2025-12-01,17,2,6,4200.0,54059.26951439689,-0.47700001111111107,-0.47700001111111107,56062.66956106356
2025-12-01,17,2,6,4800.0,53773.06950773022,-0.47700001111111107,-0.47700001111111107,56062.66956106356
2025-12-01,17,2,6,5400.0,53487.40283439688,-0.4761111222222222,-0.4761111222222222,56058.40289439688
2025-12-01,17,2,6,6000.0,53202.036161063545,-0.47544445555555553,-0.47544445555555553,56054.702894396876
2025-12-01,17,2,6,6600.0,52917.00282106355,-0.47466667777777777,-0.47466667777777777,56049.80289439688
2025-12-01,17,2,6,7200.0,52632.219481063556,-0.47455556666666654,-0.47455556666666654,56049.01956106356
2025-12-01,17,2,6,7800.0,52347.48614106355,-0.47455556666666654,-0.47455556666666654,56049.01956106355
2025-12-01,17,2,6,8400.0,52062.88613439689,-0.4743333444444444,-0.4743333444444444,56047.28622773022
2025-12-01,17,2,6,9000.0,51779.33612773022,-0.4720000111111111,-0.4720000111111111,56027.336227730215
2025-12-01,17,2,6,9600.0,51496.23612106354,-0.4716666777777777,-0.4716666777777777,56024.23622773021
2025-12-01,17,2,6,10200.0,51222.10278106354,-0.41255556666666665,-0.41255556666666665,55430.16956106354
2025-12-01,17,2,6,10800.0,50974.56944106354,-0.38231999099999997,-0.38231999099999997,55103.62534386354
2025-12-01,17,2,5,1200.0,24724.47821862518,-0.47788889999999995,-0.47788889999999995,25297.94489862518
2025-12-01,17,2,5,1800.0,24438.006623826826,-0.47700001111111107,-0.47700001111111107,25296.606643826828
2025-12-01,17,2,5,2400.0,24151.93502902847,-0.4761111222222222,-0.4761111222222222,25294.601722361804
2025-12-01,17,2,5,3000.0,23866.268355695134,-0.4761111222222222,-0.4761111222222222,25294.6017223618
2025-12-01,17,2,5,3600.0,23580.997991263037,-0.47544445555555553,-0.47544445555555553,25292.598031263038
2025-12-01,17,2,5,4200.0,23296.077011647812,-0.47466667777777777,-0.47466667777777777,25289.67705831448
2025-12-01,17,2,5,4800.0,23011.30972313135,-0.47455556666666665,-0.47455556666666665,25289.17644313135
2025-12-01,17,2,5,5400.0,22726.608486098427,-0.4743333444444444,-0.4743333444444444,25288.008546098426
2025-12-01,17,2,5,6000.0,22442.00847943177,-0.4743333444444444,-0.4743333444444444,25288.008546098437
2025-12-01,17,2,5,6600.0,22158.79555391943,-0.4720000111111111,-0.4720000111111111,25273.995627252763
2025-12-01,17,2,5,7200.0,21875.743701703377,-0.47166667777777777,-0.47166667777777777,25271.74378170338
2025-12-01,17,2,5,7800.0,21601.551432567587,-0.42380309935859956,-0.42380309935859956,24907.215607564664
2025-12-01,17,2,5,8400.0,21353.137503693295,-0.41255556666666665,-0.41255556666666665,24818.604263693294
2025-12-01,17,2,5,9000.0,21110.217649951144,-0.399509991,-0.399509991,24705.807568951146
2025-12-01,17,2,5,9600.0,20871.177975055045,-0.397979991,-0.397979991,24691.785888655046
2025-12-01,17,2,5,10200.0,20633.398172730944,-0.39554999099999993,-0.39554999099999993,24668.008080930944
2025-12-01,17,2,5,10800.0,20396.083943957678,-0.38231999099999997,-0.38231999099999997,24525.139846757676
2025-12-01,17,2,4,1200.0,23870.41119349107,-0.47788889999999995,-0.47788889999999995,24443.87787349107
2025-12-01,17,2,4,1800.0,23584.011010495182,-0.4770000111111112,-0.4770000111111112,24442.611030495184
2025-12-01,17,2,4,2400.0,23298.0108274993,-0.4761111222222222,-0.4761111222222222,24440.677520832633
2025-12-01,17,2,4,3000.0,23012.394021919055,-0.47544445555555553,-0.47544445555555553,24438.72738858572
2025-12-01,17,2,4,3600.0,22727.127348585724,-0.47544445555555553,-0.47544445555555553,24438.727388585725
2025-12-01,17,2,4,4200.0,22442.268854297658,-0.47466667777777777,-0.47466667777777777,24435.868900964324
2025-12-01,17,2,4,4800.0,22157.510492256504,-0.47455556666666665,-0.47455556666666665,24435.377212256506
2025-12-01,17,2,4,5400.0,21872.8271081742,-0.4743333444444444,-0.4743333444444444,24434.2271681742
2025-12-01,17,2,4,6000.0,21588.40163864334,-0.4720000111111111,-0.4720000111111111,24420.401705310007
2025-12-01,17,2,4,6600.0,21305.20163197667,-0.4720000111111111,-0.4720000111111111,24420.401705310003
2025-12-01,17,2,4,7200.0,21022.17655918655,-0.4716666777777777,-0.4716666777777777,24418.17663918655
2025-12-01,17,2,4,7800.0,20756.417106372573,-0.41255556666666665,-0.41255556666666665,23974.350526372575
2025-12-01,17,2,4,8400.0,20510.126396733358,-0.399509991,-0.399509991,23866.01032113336
2025-12-01,17,2,4,9000.0,20270.685530421695,-0.39797999100000003,-0.39797999100000003,23852.505449421697
2025-12-01,17,2,4,9600.0,20032.36752555169,-0.3960899909999999,-0.3960899909999999,23834.83143915169
2025-12-01,17,2,4,10200.0,19794.887494161692,-0.39554999099999993,-0.39554999099999993,23829.497402361692
2025-12-01,17,2,4,10800.0,19557.630047965024,-0.39302999099999997,-0.39302999099999997,23802.353950765024
2025-12-01,17,2,3,1200.0,55801.02484440187,-0.47900001111111107,-0.47900001111111107,56375.824857735206
2025-12-01,17,2,3,1800.0,55513.62483773521,-0.47900001111111107,-0.47900001111111107,56375.824857735206
2025-12-01,17,2,3,2400.0,55226.224831068546,-0.47900001111111107,-0.47900001111111107,56375.82485773521
2025-12-01,17,2,3,3000.0,54939.274824401895,-0.4780000111111112,-0.4780000111111112,56373.274857735225
2025-12-01,17,2,3,3600.0,54652.50815106855,-0.47788889999999995,-0.47788889999999995,56372.90819106855
2025-12-01,17,2,3,4200.0,54365.908144401874,-0.4770000111111112,-0.4770000111111112,56369.30819106854
2025-12-01,17,2,3,4800.0,54079.70813773521,-0.4761111222222222,-0.4761111222222222,56365.04152440187
2025-12-01,17,2,3,5400.0,53794.04146440188,-0.4761111222222222,-0.4761111222222222,56365.04152440188
2025-12-01,17,2,3,6000.0,53508.674791068544,-0.47544445555555553,-0.47544445555555553,56361.341524401876
2025-12-01,17,2,3,6600.0,53223.64145106854,-0.47466667777777777,-0.47466667777777777,56356.441524401875
2025-12-01,17,2,3,7200.0,52938.85811106854,-0.47455556666666665,-0.47455556666666665,56355.65819106854
2025-12-01,17,2,3,7800.0,52654.124771068535,-0.47455556666666665,-0.47455556666666665,56355.658191068535
2025-12-01,17,2,3,8400.0,52369.52476440186,-0.4743333444444444,-0.4743333444444444,56353.92485773519
2025-12-01,17,2,3,9000.0,52085.97475773519,-0.4720000111111111,-0.4720000111111111,56333.974857735186
2025-12-01,17,2,3,9600.0,51802.87475106853,-0.47166667777777777,-0.47166667777777777,56330.874857735194
2025-12-01,17,2,3,10200.0,51528.74141106853,-0.41255556666666665,-0.41255556666666665,55736.80819106853
2025-12-01,17,2,3,10800.0,51281.20807106853,-0.38231999099999997,-0.38231999099999997,55410.26397386853
2025-12-01,17,2,2,1200.0,55778.61645736998,-0.47900001111111107,-0.47900001111111107,56353.41647070331
2025-12-01,17,2,2,1800.0,55491.2164507033,-0.47900001111111107,-0.47900001111111107,56353.4164707033
2025-12-01,17,2,2,2400.0,55203.81644403662,-0.47900001111111107,-0.47900001111111107,56353.41647070329
2025-12-01,17,2,2,3000.0,54916.86643736996,-0.4780000111111112,-0.4780000111111112,56350.86647070329
2025-12-01,17,2,2,3600.0,54630.099764036626,-0.47788889999999995,-0.47788889999999995,56350.499804036626
2025-12-01,17,2,2,4200.0,54343.499757369966,-0.4770000111111112,-0.4770000111111112,56346.899804036635
2025-12-01,17,2,2,4800.0,54057.299750703285,-0.4770000111111112,-0.4770000111111112,56346.89980403662
2025-12-01,17,2,2,5400.0,53771.633077369945,-0.47611112222222224,-0.47611112222222224,56342.63313736994
2025-12-01,17,2,2,6000.0,53486.26640403661,-0.47544445555555553,-0.47544445555555553,56338.93313736994
2025-12-01,17,2,2,6600.0,53201.2330640366,-0.47466667777777777,-0.47466667777777777,56334.03313736993
2025-12-01,17,2,2,7200.0,52916.44972403659,-0.47455556666666665,-0.47455556666666665,56333.24980403659
2025-12-01,17,2,2,7800.0,52631.7163840366,-0.47455556666666665,-0.47455556666666665,56333.2498040366
2025-12-01,17,2,2,8400.0,52347.11637736994,-0.4743333444444444,-0.4743333444444444,56331.51647070327
2025-12-01,17,2,2,9000.0,52063.566370703265,-0.4720000111111111,-0.4720000111111111,56311.56647070326
2025-12-01,17,2,2,9600.0,51780.46636403659,-0.47166667777777777,-0.47166667777777777,56308.46647070326
2025-12-01,17,2,2,10200.0,51506.33302403659,-0.41255556666666665,-0.41255556666666665,55714.39980403659
2025-12-01,17,2,2,10800.0,51258.79968403658,-0.385649991,-0.385649991,55423.81958683658
2025-12-01,17,2,1,1200.0,56028.38786729905,-0.47900001111111107,-0.47900001111111107,56603.18788063238
2025-12-01,17,2,1,1800.0,55740.987860632384,-0.47900001111111107,-0.47900001111111107,56603.18788063238
2025-12-01,17,2,1,2400.0,55453.587853965706,-0.47900001111111107,-0.47900001111111107,56603.18788063237
2025-12-01,17,2,1,3000.0,55166.63784729904,-0.4780000111111111,-0.4780000111111111,56600.63788063237
2025-12-01,17,2,1,3600.0,54879.87117396571,-0.47788889999999995,-0.47788889999999995,56600.27121396571
2025-12-01,17,2,1,4200.0,54593.27116729903,-0.4770000111111112,-0.4770000111111112,56596.6712139657
2025-12-01,17,2,1,4800.0,54307.07116063237,-0.4770000111111112,-0.4770000111111112,56596.6712139657
2025-12-01,17,2,1,5400.0,54021.40448729903,-0.4761111222222221,-0.4761111222222221,56592.404547299026
2025-12-01,17,2,1,6000.0,53736.037813965704,-0.47544445555555553,-0.47544445555555553,56588.704547299036
2025-12-01,17,2,1,6600.0,53451.00447396571,-0.47466667777777777,-0.47466667777777777,56583.80454729904
2025-12-01,17,2,1,7200.0,53166.2211339657,-0.47455556666666665,-0.47455556666666665,56583.0212139657
2025-12-01,17,2,1,7800.0,52881.487793965694,-0.47455556666666665,-0.47455556666666665,56583.021213965694
2025-12-01,17,2,1,8400.0,52596.887787299034,-0.4743333444444444,-0.4743333444444444,56581.287880632364
2025-12-01,17,2,1,9000.0,52313.33778063236,-0.4720000111111111,-0.4720000111111111,56561.33788063236
2025-12-01,17,2,1,9600.0,52030.23777396569,-0.4716666777777777,-0.4716666777777777,56558.237880632354
2025-12-01,17,2,1,10200.0,51756.10443396567,-0.41255556666666665,-0.41255556666666665,55964.171213965674
2025-12-01,17,2,1,10800.0,51508.57109396568,-0.382319991,-0.382319991,55637.62699676568
2025-12-01,17,2,0,1200.0,54878.46004202377,-0.47900001111111107,-0.47900001111111107,55453.2600553571
2025-12-01,17,2,0,1800.0,54591.06003535709,-0.47900001111111107,-0.47900001111111107,55453.26005535709
2025-12-01,17,2,0,2400.0,54303.660028690414,-0.47900001111111107,-0.47900001111111107,55453.26005535708
2025-12-01,17,2,0,3000.0,54016.71002202375,-0.4780000111111111,-0.4780000111111111,55450.71005535708
2025-12-01,17,2,0,3600.0,53729.943348690416,-0.47788889999999995,-0.47788889999999995,55450.34338869042
2025-12-01,17,2,0,4200.0,53443.34334202374,-0.4770000111111112,-0.4770000111111112,55446.74338869041
2025-12-01,17,2,0,4800.0,53157.14333535706,-0.4770000111111112,-0.4770000111111112,55446.7433886904
2025-12-01,17,2,0,5400.0,52871.47666202372,-0.47611112222222224,-0.47611112222222224,55442.47672202372
2025-12-01,17,2,0,6000.0,52586.10998869038,-0.47544445555555553,-0.47544445555555553,55438.776722023715
2025-12-01,17,2,0,6600.0,52301.07664869039,-0.4746666777777777,-0.4746666777777777,55433.87672202372
2025-12-01,17,2,0,7200.0,52016.29330869038,-0.47455556666666665,-0.47455556666666665,55433.09338869038
2025-12-01,17,2,0,7800.0,51731.55996869037,-0.4743333444444444,-0.4743333444444444,55431.36005535704
2025-12-01,17,2,0,8400.0,51446.95996202371,-0.4743333444444444,-0.4743333444444444,55431.36005535704
2025-12-01,17,2,0,9000.0,51163.40995535704,-0.4720000111111112,-0.4720000111111112,55411.41005535704
2025-12-01,17,2,0,9600.0,50880.30994869037,-0.4716666777777778,-0.4716666777777778,55408.31005535703
2025-12-01,17,2,0,10200.0,50606.176608690366,-0.41255556666666665,-0.41255556666666665,54814.24338869037
2025-12-01,17,2,0,10800.0,50358.64326869037,-0.382319991,-0.382319991,54487.69917149037
