date,plan_cost,up_cost,down_net_cost,emergency_cost,total_cost,inventory_adjusted_cost,plan_kwh,final_kwh,emergency_kwh,up_kwh,down_kwh,charge_kwh,discharge_kwh,spill_kwh,soc_start,soc_end,mean_price,balance_error,dynamics_error,soc_min,soc_max
2025-02-01,20609.8865862828,726.0554341281,-328.2622993823,0.0000000000,21007.6797210286,19653.3697303860,48711.3032223360,48107.5866680476,0.0000000000,454.2622631439,1057.9788174323,22188.0378787603,15017.8504274987,6559.2232834527,5280.4291660000,8563.1627818857,0.6514930556,0.0000000000,0.0000000000,2313.8108976006,10800.0000000000
2025-02-02,64221.5492350895,0.0000000000,-1225.0534987647,0.0000000000,62996.4957363248,62698.9392546680,92693.7606820251,89548.1360541280,0.0000000000,0.0000000000,3145.6246278971,22775.7893502275,17799.2626563613,6215.3314102618,8563.1627818857,9284.4146900224,0.8363881944,0.0000000000,0.0000000000,1253.2598633230,10800.0000000000
2025-02-03,66640.5242765114,415.7130819886,-2307.5044414651,0.0000000000,64748.7329170349,64240.0057748576,94371.8792553566,89244.5834907200,0.0000000000,216.8902570885,5344.1860217251,24678.5710836397,18879.8419174636,3228.9378245439,9284.4146900224,10517.5265347831,0.8447902778,0.0000000000,0.0000000000,1429.9026901610,10800.0000000000
2025-02-04,67766.0563335124,0.0000000000,-3275.6967800484,0.0000000000,64490.3595534640,65294.1891664637,92885.4504020338,85712.1454368991,0.0000000000,0.0000000000,7173.3049651347,21873.3314756539,19470.9723884382,2114.9223996833,10517.5265347831,8569.1110979403,0.8491895833,0.0000000000,0.0000000000,1257.5589194814,10800.0000000000
2025-02-05,64550.3182230760,18.6601206605,-1365.2307755857,0.0000000000,63203.7475681508,62446.6326752403,91560.9141725914,88590.8091250993,0.0000000000,9.0545499681,2979.1595974602,26066.1897230709,19461.9490830196,1238.1415017146,8569.1110979403,10404.2939786824,0.8482541667,0.0000000000,0.0000000000,1255.9040576858,10800.0000000000
2025-02-06,66718.0111145155,661.3188525430,-3871.6697602612,185.3702022386,63693.0304090359,64731.9357527930,91707.2563499806,83430.0970484951,26.1448587510,381.9404385369,8659.0997400223,20970.9907082686,19252.8998031974,1467.0937855083,10404.2939786824,7886.0747236826,0.8439645833,0.0000000000,0.0000000000,1620.1279085755,10800.0000000000
2025-02-07,18394.0902225960,0.0000000000,-921.8208466129,1464.8037702043,18937.0731461874,19788.5381324745,43241.5595928093,39597.8226856981,345.7988126073,0.0000000000,3643.7369071111,18014.4277997022,16449.1781387998,6572.6921707364,7886.0747236826,5822.1951447481,0.6440388889,0.0000000000,0.0000000000,1200.0000000000,10800.0000000000
2025-02-08,15586.1227017847,488.8673611128,-0.4973018221,46.6647271347,16121.1574882101,15918.0127220518,38000.3670501141,38354.1606844167,9.4025241053,356.7137859296,2.9201516270,21369.0770927102,16865.7871863068,2283.1105854520,5822.1951447481,6314.6009878463,0.6423513889,0.0000000000,0.0000000000,1200.0000000000,10800.0000000000
2025-02-09,64579.5652744180,0.0000000000,-1336.9669502293,0.0000000000,63242.5983241887,61880.3912358650,92967.0153600812,90083.3519781028,0.0000000000,0.0000000000,2883.6633819784,26402.4229524461,18414.2746261106,2539.7876851006,6314.6009878463,9616.4765049250,0.8413840278,0.0000000000,0.0000000000,1405.5941434834,10800.0000000000
2025-02-10,57790.7553842707,0.0000000000,-1930.2361384728,0.0000000000,55860.5192457979,55413.1087490268,85731.2615978511,80985.2245101608,0.0000000000,0.0000000000,4746.0370876903,23511.5392840092,18068.3099162375,1215.3575590558,9616.4765049250,10700.9619536027,0.8180638889,0.0000000000,0.0000000000,1237.0991011344,10800.0000000000
2025-02-11,59253.2076239984,0.0000000000,-2651.4080709793,3810.3353739326,60412.1349269517,60407.7091127804,86310.0781610184,80145.5023499477,662.1332146637,0.0000000000,6164.5758110707,23966.9246377167,19403.5539350617,1023.6677286230,10700.9619536027,10711.6897552569,0.8284923611,0.0000000000,0.0000000000,1200.0000000000,10800.0000000000
2025-02-12,58648.2857801593,364.6280239703,-2555.3778175706,2827.9298654540,59285.4658520129,59673.8045991422,85352.8253504052,79310.5967383480,518.2840126233,205.1737329027,6247.4023449598,22777.8419032494,19297.2223837939,1081.5250981824,10711.6897552569,9770.3892639660,0.8264243056,0.0000000000,0.0000000000,1200.0000000000,10800.0000000000
2025-02-13,52601.2331104537,0.0000000000,-1427.5852246450,0.0000000000,51173.6478858088,52229.1228901403,78133.2018995957,74378.7576961838,0.0000000000,0.0000000000,3754.4442034119,20161.3573245554,18633.2438807987,1521.1652357604,9770.3892639660,7212.0065440674,0.8147909722,0.0000000000,0.0000000000,1214.6753933447,10800.0000000000
2025-02-14,14643.1753080711,500.3320431537,-4.0156051968,427.8977374709,15567.3894834988,16141.5396265063,35633.6081394241,36105.4074634826,104.0607338207,500.8558016042,29.0564775457,17719.1385587709,15605.0247638084,4293.5525856742,7212.0065440674,5820.3148427296,0.6311000000,0.0000000000,0.0000000000,1200.0000000000,10800.0000000000
2025-02-15,16809.7705929233,374.7152833694,-328.6744150600,0.0000000000,16855.8114612328,16009.6600456425,39796.5325151024,38650.2012086072,0.0000000000,270.2881796558,1416.6194861509,21598.2136913601,15648.6531529479,3420.5495701950,5820.3148427296,7871.3147727894,0.6378472222,0.0000000000,0.0000000000,1328.0654903055,10800.0000000000
2025-02-16,59823.4445881268,2464.8511025675,-3067.8007694914,1255.2226309960,60475.7175521989,59765.6148704682,87506.5652755579,81596.2101384426,236.7907876840,1347.4279072314,7257.7830443467,23538.8242659278,17517.3413472900,434.1389074888,7871.3147727894,9592.5440040244,0.8303222222,0.0000000000,0.0000000000,1200.0000000000,10800.0000000000
2025-02-17,58352.7953496371,1120.8740224222,-4101.2111533361,1559.9561617719,56932.4143804950,56573.4499422039,86509.3487147456,76400.2895242545,246.7429566609,590.1361637873,10699.1953542785,21975.3982983947,17016.9829502325,504.7539660865,9592.5440040244,10462.6436389880,0.8173527778,0.0000000000,0.0000000000,1200.0000000000,10800.0000000000
2025-02-18,50504.4150458975,968.6646857026,-101.8296413189,243.1108706528,51614.3609609341,51745.4794390552,76137.2362524284,76394.9512385314,36.7403461769,511.7230907690,254.0081046660,21131.7748272884,17402.7757659833,611.3047400699,10462.6436389880,10144.8234657883,0.8145215278,0.0000000000,0.0000000000,1200.0000000000,10800.0000000000
2025-02-19,50357.7374862180,1653.4907233207,-109.3623008406,1535.0415241491,53436.9074328471,53731.3863047453,75777.3400655257,76923.2375747407,258.5564335667,1505.0681944585,359.1706852435,21666.4474066409,18192.2352360006,828.2544543338,10144.8234657883,9431.0314250978,0.8164298611,0.0000000000,0.0000000000,1200.0000000000,10800.0000000000
2025-02-20,51424.8758240300,401.3095645326,-1399.5311908066,374.8270689522,50801.4812667082,52644.0375526522,75185.2556537843,71930.1808530595,72.5621583287,236.9785691723,3492.0533698971,16890.7917171870,17701.1227388467,1819.9402997146,9431.0314250978,4964.8298162920,0.8168069444,0.0000000000,0.0000000000,1200.0000000000,10800.0000000000
2025-02-21,13845.2119339461,264.1452393541,0.0000000000,0.0000000000,14109.3571733002,14722.5313050949,33193.0624252723,33378.3722812312,0.0000000000,185.3098559588,0.0000000000,17006.3013355854,15112.7583957313,5924.5673080437,4964.8298162920,3478.5472452841,0.6208500000,0.0000000000,0.0000000000,1296.7987558519,10800.0000000000
2025-02-22,16625.8547495713,1698.6004098619,-137.2028585126,78.8488878644,18266.1011887849,15867.2268919109,40302.7241548853,40997.2602046223,16.2944591578,1163.8628567176,469.3268069805,24950.4725645860,14976.6800289495,3194.9992448102,3478.5472452841,9293.2169656899,0.6352840278,0.0000000000,0.0000000000,1200.0000000000,10800.0000000000
2025-02-23,50917.7781804426,1813.6005478171,-1460.4039449729,435.0225811519,51705.9973644388,52601.1064619472,76227.6449215537,73700.0373114620,82.7374995541,1273.0970456446,3800.7046557363,20580.3688358583,18622.8010704894,293.3533623139,9293.2169656899,7123.5477285297,0.8153784722,0.0000000000,0.0000000000,1200.0000000000,10800.0000000000
2025-02-24,50833.1075963851,1627.0503315734,-941.6982622698,271.3345562305,51789.7942219193,50553.6395527222,77725.4513016261,76405.1671514899,53.2269705902,875.5282064127,2195.8123565489,25093.1103838731,17628.7178702702,790.9679918105,7123.5477285297,10119.8827737153,0.8082493056,0.0000000000,0.0000000000,1637.6952222052,10800.0000000000
2025-02-25,50331.2598079173,1025.1390024554,-2583.8821801296,206.6278329163,48979.1444631595,49167.9143462713,77340.2564213681,70822.7468239454,40.7767147683,550.9596932163,7068.4692906390,21596.4290198545,17904.9136071340,1350.6848926598,10119.8827737153,9662.3204392132,0.7940965278,0.0000000000,0.0000000000,1292.7905101887,10800.0000000000
2025-02-26,45407.3535479485,4009.9311054309,-0.6590339313,648.4331245655,50065.0587440136,49815.3990680045,70666.2263251253,74107.6642775985,124.9887670952,3444.8811809544,3.4432284812,23822.5547732955,18751.6306979949,346.8809360599,9662.3204392132,10267.4745151848,0.8055381944,0.0000000000,0.0000000000,1200.0000000000,10800.0000000000
2025-02-27,43569.0489856419,0.0000000000,-289.3156828420,3982.5199374826,47262.2532402826,49411.3047259202,66557.2049844424,65598.6444101951,685.8725312984,0.0000000000,958.5605742473,17110.8251967601,18547.9766058919,765.0841506253,10267.4745151848,5058.3542968334,0.7979118056,0.0000000000,0.0000000000,1200.0000000000,10800.0000000000
2025-02-28,12961.0413738168,120.1983541443,-42.0701491082,375.4299811526,13414.5995600055,14072.7719520676,31415.6388169005,31404.3732940468,92.6127894068,115.4036630948,126.6691859485,15851.4405885827,14275.4859922120,6628.4379370829,5058.3542968334,3462.9997241001,0.6166784722,0.0000000000,0.0000000000,1200.0000000000,10800.0000000000
2025-03-01,16404.7817558012,0.0000000000,-325.0404282248,1276.8549819929,17356.5963095693,14933.7876096395,41332.0189746515,40045.0121545243,265.3574513976,0.0000000000,1287.0068201272,23056.9352404130,13390.7013127304,6985.3697449060,3462.9997241001,9335.6844263269,0.6142222222,0.0000000000,0.0000000000,1200.0000000000,10800.0000000000
2025-03-02,53580.6914279430,2900.5522289083,-1745.5120186413,0.0000000000,54735.7316382099,54444.2916157558,80750.2778480093,78425.8871670128,0.0000000000,1673.5871365516,3997.9778175480,22623.0746602473,17688.9069623096,1133.4124024084,9335.6844263269,10042.1105513166,0.8122930556,0.0000000000,0.0000000000,1775.9622564100,10800.0000000000
2025-03-03,53722.0036409986,2713.0766779105,-2344.6134605430,0.0000000000,54090.4668583660,54383.7794957937,80968.4327589761,76612.7074644112,0.0000000000,1523.5739444595,5879.2992390244,22134.4075729241,18568.7388017670,1029.8920599208,10042.1105513166,9331.1453649850,0.8118500000,0.0000000000,0.0000000000,1260.4880041671,10800.0000000000
2025-03-04,47762.7233748169,1945.9929829088,-311.9406001875,0.0000000000,49396.7757575382,49334.6863519816,73407.9774340459,73766.5021517084,0.0000000000,1050.4979752297,691.9732575672,20733.7460634550,16658.8847598209,492.1829147409,9331.1453649850,9481.6448667380,0.8006277778,0.0000000000,0.0000000000,1293.8517790577,10800.0000000000
2025-03-05,49475.0845372752,4264.0074296793,-3101.3004555932,0.0000000000,50637.7915113612,50622.6477226294,77272.6328787962,71040.5538936508,0.0000000000,2279.8430971748,8511.9220823201,20571.9979689626,16630.2818106292,968.3657186507,9481.6448667380,9518.3521381053,0.7945006944,0.0000000000,0.0000000000,1390.9553718580,10800.0000000000
2025-03-06,43845.2389769827,1349.5519627643,-145.9247673157,0.0000000000,45048.8661724313,46449.8672789615,67609.0959989932,67998.3698156233,0.0000000000,740.2660954532,350.9922788231,18121.0022522132,17734.3298859396,1671.0433160164,9518.3521381053,6122.4431807198,0.7918569444,0.0000000000,0.0000000000,1752.5392326866,10800.0000000000
2025-03-07,14042.6909847682,0.0000000000,-416.8812632093,1411.3627121269,15037.1724336858,14646.9366964688,34701.6632535667,33383.5843798163,318.7781174371,0.0000000000,1318.0788737504,17926.8809749919,13669.4648174682,8522.6608063963,6122.4431807198,7068.3418165812,0.6085013889,0.0000000000,0.0000000000,1200.0000000000,10800.0000000000
2025-03-08,13285.6426725976,0.0000000000,-31.3906781726,0.0000000000,13254.2519944250,12689.2872042245,33204.5598806791,33108.7330079611,0.0000000000,0.0000000000,95.8268727180,18681.0429796231,13899.1603533213,9263.7108649926,7068.3418165812,8437.7689945516,0.5972631944,0.0000000000,0.0000000000,1231.3842579163,10800.0000000000
2025-03-09,46002.9647229123,0.0000000000,-2171.6654702206,911.0378794859,44742.3371321776,45268.4413956607,73205.8890819752,66496.6273595296,157.0384153971,0.0000000000,6709.2617224456,20507.0674862292,17758.4339378055,571.5071765030,8437.7689945516,7162.5364679295,0.7838090278,0.0000000000,0.0000000000,1200.0000000000,10800.0000000000
2025-03-10,46667.5719980525,2566.4342701877,0.0000000000,0.0000000000,49234.0062682403,48166.1461545356,73440.8634785360,75310.7317550883,0.0000000000,1869.8682765522,0.0000000000,25244.9802947331,18118.8711728550,142.5511832102,7162.5364679295,9750.9396522392,0.8024513889,0.0000000000,0.0000000000,1409.2036079185,10800.0000000000
2025-03-11,39623.5130195220,6407.0149906098,0.0000000000,0.0000000000,46030.5280101317,45924.7037981248,62890.1133592833,69388.9707455827,0.0000000000,6498.8573862994,0.0000000000,21701.0073179018,17346.9578296669,1096.0024573478,9750.9396522392,10007.4486498321,0.7893930556,0.0000000000,0.0000000000,1499.0477049195,10800.0000000000
2025-03-12,46352.7124518402,598.6410014752,-2472.3968759989,0.0000000000,44478.9565773165,44600.8576833944,73215.4120772035,66344.1699167214,0.0000000000,338.3468543815,7209.5890148636,21189.1153021505,17429.1136288465,148.6335600842,10007.4486498321,9711.9706119380,0.7801680556,0.0000000000,0.0000000000,1405.3884455699,10800.0000000000
2025-03-13,45060.6467762899,152.6277512127,-546.2864489867,1991.3554360464,46658.3435145623,48350.9794844592,68702.8931433188,67337.2410214311,317.3074932286,125.6553861289,1491.3075080167,16812.9015769976,17310.9769017056,607.0058227010,9711.9706119380,5609.1632515630,0.7996375000,0.0000000000,0.0000000000,1200.0000000000,10800.0000000000
2025-03-14,12103.3854652934,255.7694917029,0.0000000000,442.6000463207,12801.7550033170,12718.3391211435,30769.5377418828,31029.4691588357,84.8461700989,259.9314169528,0.0000000000,16279.4309897500,13004.3653215722,11809.8236774234,5609.1632515630,5811.3563405912,0.5913868056,0.0000000000,0.0000000000,1200.0000000000,10800.0000000000
2025-03-15,12433.6908238705,614.1470568462,0.0000000000,141.0194313888,13188.8573121055,12956.1172221242,31259.9980958738,31747.5436975358,34.5843246011,487.5456016620,0.0000000000,18131.5661877344,14178.8404330053,6905.2771174079,5811.3563405912,6375.4987617684,0.6047722222,0.0000000000,0.0000000000,1200.0000000000,10800.0000000000
2025-03-16,45166.8813493094,1169.8091059608,-671.5093282117,8.0811000000,45673.2622270585,44268.7030729792,72463.7457199527,71906.0837179243,1.6400000000,1124.5467653014,1682.2087673297,25032.1867488649,17211.9912374823,736.4812732083,6375.4987617684,9780.0321274332,0.7848951389,0.0000000000,0.0000000000,1599.4697726604,10800.0000000000
2025-03-17,37988.0873539886,3164.0829376883,-1124.7410309039,894.0697000363,40921.4989608094,41324.8279180586,62968.6785457826,60966.7802466388,178.0138987790,2679.8925643049,4681.7908634486,20356.6808421424,17368.7834330425,298.7653029846,9780.0321274332,8802.3966264252,0.7601756944,0.0000000000,0.0000000000,1200.0000000000,10730.9107235789
2025-03-18,47380.1539488277,683.3846830364,-2864.5778406966,0.0000000000,45198.9607911675,44374.8384216027,76188.3279242917,68565.4225421017,0.0000000000,384.3610269026,8007.2664090926,24083.7073261672,17709.9598979781,1065.7167472460,8802.3966264252,10800.0000000000,0.7760166667,0.0000000000,0.0000000000,1442.8334737176,10800.0000000000
2025-03-19,36362.4564541797,4892.9793750574,0.0000000000,0.0000000000,41255.4358292371,41893.0188376641,58156.2538001173,63727.0673536245,0.0000000000,5570.8135535072,0.0000000000,20618.3529708107,18091.7687795746,1735.0127123885,10800.0000000000,9254.5523630911,0.7718381944,0.0000000000,0.0000000000,1619.2083340708,10800.0000000000
2025-03-20,41425.8298280678,697.9098658392,-901.8797784207,2629.5593039613,43851.4192194475,44985.0203344304,65373.7566895969,63096.7863390165,397.6273208103,634.1945541586,2911.1649047391,18751.6332906879,17661.8014279838,195.6199804560,9254.5523630911,6506.7985158393,0.7786381944,0.0000000000,0.0000000000,1200.0000000000,10643.8589214986
2025-03-21,9899.7979098892,372.7621706824,-145.9075461116,1066.9092525556,11193.5617870156,13316.8016264729,24112.5795522892,24039.9603880155,221.3279179203,393.6625556229,466.2817198965,12722.4862211128,14937.1133003468,14442.4508685032,6506.7985158393,1360.2435588999,0.5702902778,0.0000000000,0.0000000000,1200.0000000000,10800.0000000000
2025-03-22,14483.0964469335,0.0000000000,-67.0334315852,0.0000000000,14416.0630153482,11843.8070566631,36744.7174051935,36533.8639211669,0.0000000000,0.0000000000,210.8534840266,22200.2830603695,12370.7902093195,10823.1713367835,1360.2435588999,7595.1758584330,0.5873881944,0.0000000000,0.0000000000,1360.2435588999,10800.0000000000
2025-03-23,43922.5543497687,1014.5557400878,-1913.1972989928,0.0000000000,43023.9127908637,42050.8160169078,72202.8734494235,66724.3232134025,0.0000000000,557.2965903714,6035.8468263924,23227.7642353145,16691.6547001328,1418.4935615542,7595.1758584330,9953.8806700685,0.7671784722,0.0000000000,0.0000000000,1524.4407694599,10800.0000000000
2025-03-24,40399.0061104904,1279.3968257359,-600.7828691108,0.0000000000,41077.6200671155,40728.5488368893,66216.6735168373,64557.2712257284,0.0000000000,853.4241386004,2512.8264297093,22568.4320761451,17518.9225847391,1509.2646509891,9953.8806700685,10800.0000000000,0.7674861111,0.0000000000,0.0000000000,1644.0579885501,10800.0000000000
2025-03-25,44958.3843324275,1573.9480212104,-2807.5681131260,0.0000000000,43724.7642405120,43903.3387393178,72756.4373202505,64506.7530076291,0.0000000000,837.4978414841,9087.1821541055,20767.8926631925,17211.5576788739,0.2933066438,10800.0000000000,10367.1504203467,0.7712756944,0.0000000000,0.0000000000,1216.5764286390,10800.0000000000
2025-03-26,37944.1195197048,1281.9373044155,-1140.2759807416,0.0000000000,38085.7808433788,38478.1230834974,61732.4194120656,58949.8385804433,0.0000000000,1009.5027784415,3792.0836100638,20076.8973918377,17118.1910470871,398.5773690260,10367.1504203467,9416.1457984595,0.7566111111,0.0000000000,0.0000000000,1339.6570013356,10800.0000000000
2025-03-27,38453.0710732091,571.6665214444,-552.3247352403,0.0000000000,38472.4128594132,40381.4989506807,61344.8460332028,60215.6941751110,0.0000000000,418.1355002071,1547.2873582989,15894.7803996502,17039.4899635407,2643.4143390016,9416.1457984595,4788.6815319883,0.7664159722,0.0000000000,0.0000000000,1334.5882045237,10800.0000000000
2025-03-28,10322.9554848030,0.0000000000,0.0000000000,0.0000000000,10322.9554848030,11730.9197164286,25564.4159519384,25564.4159519384,0.0000000000,0.0000000000,0.0000000000,12920.6747168495,13537.2548094086,15359.1152778309,4788.6815319883,1375.8945444766,0.5747680556,0.0000000000,0.0000000000,1288.1327797193,10800.0000000000
2025-03-29,11101.8666291512,829.4942376382,0.0000000000,0.0000000000,11931.3608667895,11892.9235137449,28289.7838677598,29029.8180087990,0.0000000000,740.0341410392,0.0000000000,16469.1908374567,13256.1925558081,18109.6105438170,1375.8945444766,1469.0634584009,0.5630868056,0.0000000000,0.0000000000,1219.5495789186,10800.0000000000
2025-03-30,41203.4273619667,458.9760331195,-1354.8432184452,365.5438731077,40673.1040497487,37842.6526683669,71965.1345721284,67044.7988555960,57.1296199277,396.7536246777,5317.0893412101,28312.4743186391,16758.4055206960,202.2399775806,1469.0634584009,8329.8397666251,0.7520270833,0.0000000000,0.0000000000,1200.0000000000,10794.7342980398
2025-03-31,33963.4255447765,5072.0450697238,0.0000000000,99.2913390839,39134.7619535842,38989.1186615807,55513.0477240017,61314.3349200641,19.6852018798,5801.2871960625,0.0000000000,20706.9945113781,16454.9411628271,130.5772900596,8329.8397666251,8682.8668681686,0.7607041667,0.0000000000,0.0000000000,1200.0000000000,10743.3855905030
2025-04-01,43474.1581820605,812.9096497267,-1259.1679247346,0.0000000000,43027.8999070525,42154.4648716647,71348.9182824613,67341.0255339464,0.0000000000,487.2673399804,4495.1600884952,21666.4275997585,15644.3865371561,1110.1329546774,8682.8668681686,10800.0000000000,0.7731090278,0.0000000000,0.0000000000,1235.5270340824,10800.0000000000
2025-04-02,38800.4287147700,1463.5161826864,-397.6042406718,1710.9622118437,41577.3028686282,42113.5219699398,63729.9667125601,63654.3330501517,265.1319844044,1552.2078019316,1627.8414643400,19642.5742355256,17080.2601699958,921.8155690262,10800.0000000000,9500.2499564222,0.7723201389,0.0000000000,0.0000000000,1200.0000000000,10800.0000000000
2025-04-03,38796.8840763317,0.0000000000,-1273.2504908865,29.5847469045,37553.2183323497,39776.1524018842,60822.7059578089,57190.0180949381,4.2669282331,0.0000000000,3632.6878628707,14867.9002553279,16892.3840609037,3355.2385620805,9500.2499564222,4112.0445629910,0.7644638889,0.0000000000,0.0000000000,1200.0000000000,10800.0000000000
2025-04-04,9683.8694696193,0.0000000000,0.0000000000,0.0000000000,9683.8694696193,10834.3275885723,24621.0176525770,24621.0176525770,0.0000000000,0.0000000000,0.0000000000,12675.9051196515,12777.2355744749,18291.5458574004,4112.0445629910,1323.4307545941,0.5595027778,0.0000000000,0.0000000000,1264.9978894027,10800.0000000000
2025-04-05,10659.1816627068,1568.3009241739,0.0000000000,2.0286622058,12229.5112490864,11961.8732966431,27068.1295895647,28559.5159740219,1.2419113595,1491.3863844573,0.0000000000,14872.6179774249,11462.9618450993,13106.9867697225,1323.4307545941,1972.1626619439,0.5755284722,0.0000000000,0.0000000000,1200.0000000000,10800.0000000000
2025-04-06,41100.0949458054,831.5177600143,-1025.3360618146,1229.4676632807,42135.7443072859,39086.2621064614,70917.8153325835,67806.1413903682,214.8234784258,598.6733767530,3710.3473189684,28964.7667711687,16808.9413360126,1455.0631669712,1972.1626619439,9363.8512715373,0.7556868056,0.0000000000,0.0000000000,1200.0000000000,10800.0000000000
2025-04-07,31832.3299217628,2733.0665647767,-0.0260243467,237.3007553969,34802.6712175897,35347.6406688244,52761.4355745041,55789.1098186717,51.1470966103,3027.7893099382,0.1150657706,19688.6156268621,17136.6427986150,45.5648037016,9363.8512715373,8042.8911150299,0.7517159722,0.0000000000,0.0000000000,1200.0000000000,10800.0000000000
2025-04-08,39938.0762584825,880.7735694492,-1771.8256826147,0.0000000000,39047.0241453170,37918.9385743659,67514.4744505610,61631.0191886456,0.0000000000,483.7194326333,6367.1746945486,23910.7892266007,16906.7931047601,273.8294501383,8042.8911150299,10777.2757470149,0.7519159722,0.0000000000,0.0000000000,1334.3198875337,10800.0000000000
2025-04-09,37335.1355915589,1479.7507942506,-8.0366286625,0.0000000000,38806.8497571470,39290.5954183713,61338.0284150519,62796.4805077330,0.0000000000,1484.4005813771,25.9484886960,19987.0926976243,17244.8480357669,919.9248292089,10777.2757470149,9604.7169129135,0.7662708333,0.0000000000,0.0000000000,1338.0588382214,10800.0000000000
2025-04-10,34070.1302996636,1184.2113698907,-0.4829925867,173.1594470271,35427.0181239947,37882.4754899766,53542.1302205740,55439.3817978602,50.4248438499,1898.2511480368,0.9995707506,14393.3578681120,17015.2599659402,3651.0708395383,9604.7169129135,3652.8945876141,0.7580270833,0.0000000000,0.0000000000,1200.0000000000,10800.0000000000
2025-04-11,9153.9144524802,1088.4802192461,0.0000000000,160.3954820598,10402.7901537861,11414.7454430984,23187.0553281435,24358.0040154374,91.6897648628,1170.9486872939,0.0000000000,11948.7076323717,11886.0583110738,19070.3942923356,3652.8945876141,1200.0000000000,0.5514784722,0.0000000000,0.0000000000,1200.0000000000,10800.0000000000
2025-04-12,10709.3581199110,0.0000000000,-186.1330785320,0.0000000000,10523.2250413790,10455.2375855334,27822.7560057466,27185.5530618176,0.0000000000,0.0000000000,637.2029439289,14357.3458297045,11481.1338300193,15284.1805121325,1200.0000000000,1364.7958800459,0.5638673611,0.0000000000,0.0000000000,1200.0000000000,10800.0000000000
2025-04-13,38876.3895488339,988.6880802079,-51.9031507526,0.0000000000,39813.1744782892,36396.1875718832,67137.4700868268,67504.8721413625,0.0000000000,551.1664500752,183.7643955396,29210.9546994352,16206.6330851881,224.1920437821,1364.7958800459,9647.2850148841,0.7562548611,0.0000000000,0.0000000000,1280.7181337248,10800.0000000000
2025-04-14,35592.7426313357,2982.0516381612,-2047.8829090032,1430.7801086215,37957.6914691152,38478.5719271880,59236.9465315634,54673.8701105317,221.2013923493,1622.7364177836,6185.8128388154,18336.4209161072,15988.8143571802,19.4331439539,9647.2850148841,8384.7145536248,0.7465972222,0.0000000000,0.0000000000,1200.0000000000,10093.6690539720
2025-04-15,32334.5635172639,1914.3843247030,-0.5400297601,798.4556736579,35046.8634858647,34319.5464128658,55064.2495833563,56637.2537398679,139.3743206370,1575.6808839469,2.6767274353,21834.3709312869,16099.1805320988,902.0088279834,8384.7145536248,10147.6700227844,0.7385326389,0.0000000000,0.0000000000,1200.0000000000,10800.0000000000
2025-04-16,35082.3624423627,1702.9349201040,-272.6183919887,546.6941408144,37059.3731112924,37125.2133837438,59368.3226051276,59556.9546232997,96.5285091130,1273.0684904204,1084.4364722483,20119.9763825440,16440.8130289924,194.7278288611,10147.6700227844,9988.0787348603,0.7623541667,0.0000000000,0.0000000000,1200.0000000000,10576.0829707847
2025-04-17,29749.1036656021,2186.9197309381,-1.6817155790,1451.4185974470,33385.7602784082,36010.8714631500,47135.8050928437,50313.5927891607,278.6165755181,3182.1620377892,4.3743414722,15371.8207365703,18177.9188301282,529.9651082366,9988.0787348603,3625.0298087423,0.7477673611,0.0000000000,0.0000000000,1200.0000000000,10800.0000000000
2025-04-18,9211.0121574724,232.2040097653,-1.6051553716,0.0000000000,9441.6110118662,10329.0424489728,23535.6233200040,23782.3455002967,0.0000000000,252.2319408806,5.5097605880,12177.3727373572,11799.6252274030,17050.4808070091,3625.0298087423,1473.9705752494,0.5594201389,0.0000000000,0.0000000000,1276.2517039492,10800.0000000000
2025-04-19,9910.1043103861,419.3721482866,0.0000000000,154.1545098399,10483.6309685126,10511.6063751582,25788.1500963774,26296.1397866678,39.5817452214,507.9896902904,0.0000000000,14668.7131673948,11942.6866970547,16825.0158115490,1473.9705752494,1406.1605402884,0.5579763889,0.0000000000,0.0000000000,1200.0000000000,10800.0000000000
2025-04-20,37462.5240511076,1100.5780989816,-55.6672516582,0.0000000000,38507.4348984311,34664.3601545728,65617.3559843974,66627.6132276225,0.0000000000,1167.9163561580,157.6591129329,31166.9206714967,16861.4445197668,364.3921925593,1406.1605402884,10721.4507893390,0.7454388889,0.0000000000,0.0000000000,1226.3504226907,10800.0000000000
2025-04-21,32869.7780262371,9.6755032522,-1234.1855638710,1467.6502612775,33112.9182268957,34121.0765117012,55661.1674840091,50817.1597541116,254.2907544159,7.8959169171,4851.9036468146,17462.5248513581,16343.9670005737,1435.9822744097,10721.4507893390,8277.7598215905,0.7339520833,0.0000000000,0.0000000000,1200.0000000000,10800.0000000000
2025-04-22,32557.5063443038,2241.6370035560,-10.2368490172,506.3895426570,35295.2960414996,34902.8936389301,54782.3925381983,56901.3463645893,104.5768607098,2165.1689176997,46.2150913087,20984.0630487793,16141.0556639597,9.9865238128,8277.7598215905,9228.9102722033,0.7509583333,0.0000000000,0.0000000000,1200.0000000000,10449.9018612424
2025-04-23,30924.0312714296,3823.2290178383,-3.5179989241,0.0000000000,34743.7422903438,34562.4567365157,51757.6592239949,55899.4971698570,0.0000000000,4160.5763726436,18.7384267815,20300.5995617885,16048.0067907509,246.9876821527,9228.9102722033,9668.3312214231,0.7479125000,0.0000000000,0.0000000000,1472.5244577738,10800.0000000000
2025-04-24,28312.1675359112,0.0000000000,0.0000000000,1535.1361467294,29847.3036826407,32396.7095237397,45538.6112899936,45538.6112899936,240.3981670240,0.0000000000,0.0000000000,13335.8749106675,16363.6496587616,1716.6775051117,9668.3312214231,3488.7856868444,0.7361847222,0.0000000000,0.0000000000,1200.0000000000,10800.0000000000
2025-04-25,8915.5800653816,0.0000000000,0.0000000000,357.0995403518,9272.6796057335,10207.8766758237,23322.6242883936,23322.6242883936,98.8398828155,0.0000000000,0.0000000000,13552.6900359350,13017.8341318359,20886.2506171099,3488.7856868444,1221.9465727016,0.5406916667,0.0000000000,0.0000000000,1200.0000000000,10800.0000000000
2025-04-26,9743.7810968795,814.0885741748,0.0000000000,262.3093161091,10820.1789871634,10535.0193438468,25228.7976772818,26513.9636774176,63.6359386118,1285.1660001358,0.0000000000,14379.4446050213,11025.2674177419,23153.2287954167,1221.9465727016,1913.1495863964,0.5378048611,0.0000000000,0.0000000000,1200.0000000000,10800.0000000000
2025-04-27,33901.3798371753,3620.7507198398,-64.2285308044,0.0000000000,37457.9020262107,34167.2385775057,59487.5518637129,61856.8603097136,0.0000000000,2557.1446570652,187.8362110645,27620.2892214484,15193.7717499791,856.8716549109,1913.1495863964,9889.4412746122,0.7337826389,0.0000000000,0.0000000000,1279.4609971325,10800.0000000000
2025-04-28,35653.2743708222,1465.0296408141,-295.0988691970,0.0000000000,36823.2051424394,37933.3170780831,59092.5508997127,59357.4143594648,0.0000000000,1298.6486750075,1033.7852152554,17943.5813154845,16956.0371108198,1747.9028381334,9889.4412746122,7198.6232243041,0.7660520833,0.0000000000,0.0000000000,1222.1563511476,10800.0000000000
2025-04-29,32107.4160692419,1094.1479138153,-416.8260170912,2646.7960494142,35431.5340153801,34382.7136249995,55051.1072806348,54294.0094143819,400.1955626099,846.3355803830,1603.4334466359,21802.7608567803,15372.2090486154,830.4394521602,7198.6232243041,9740.8757191670,0.7303826389,0.0000000000,0.0000000000,1200.0000000000,10800.0000000000
2025-04-30,30098.7375084238,1344.6692243706,-18.8330895627,2708.5482602004,34133.1219034321,34009.0898702188,50749.7279302107,52520.0426214887,511.5444450721,1816.7579461410,46.4432548630,20986.7157605827,16728.6608624826,516.6777351274,9740.8757191670,10041.5189453774,0.7294423611,0.0000000000,0.0000000000,1200.0000000000,10800.0000000000
2025-05-01,28882.1587110994,4374.5647621237,-91.0483884657,4208.1047937007,37373.7798784581,40425.0059008778,44827.6857242385,47510.4033126035,960.2230605968,2995.8035446512,313.0859562862,12776.6222682461,17005.3879752269,1688.0132801812,10041.5189453774,2645.6034587690,0.7473263889,0.0000000000,0.0000000000,1200.0000000000,10800.0000000000
2025-05-02,10313.3250367617,0.0000000000,0.0000000000,9337.4956315957,19650.8206683575,20247.2124064029,25115.3922718738,25115.3922718738,2223.9903907618,0.0000000000,0.0000000000,12547.4818695468,11464.5034272250,11966.0841369805,2645.6034587690,1200.0000000000,0.5869513889,0.0000000000,0.0000000000,1200.0000000000,10800.0000000000
2025-05-03,10008.3183557947,2219.4693195361,-1.6790044148,2992.1984966688,15218.3071675848,15149.1384259788,25954.7653373428,27938.8702978754,605.7694246035,1989.7428650426,5.6379045100,14406.6653522602,11518.5056396108,16789.3083598295,1200.0000000000,1367.6592174667,0.5698243056,0.0000000000,0.0000000000,1200.0000000000,10800.0000000000
2025-05-04,36559.5152851829,3768.9193736872,-1149.6677810767,3075.5999103454,42254.3667881388,40564.3373242182,61756.2377914683,59640.7715534888,504.3163567785,2040.9117548959,4156.3779928753,22914.6231302909,14874.0042675160,369.8017141591,1367.6592174667,5464.1486263774,0.7461284722,0.0000000000,0.0000000000,1200.0000000000,10800.0000000000
2025-05-05,36714.9326023636,3017.5593437119,-25.3922914290,1296.9465028696,41004.0461575161,39885.1220401015,60011.4595399693,61577.0248312857,195.6838029412,1612.4121220349,46.8468307185,22398.6399980526,15701.9381638257,0.0000000000,5464.1486263774,8176.3266648184,0.7604611111,0.0000000000,0.0000000000,1200.0000000000,10618.6868448408
2025-05-06,30980.3058831414,6615.0877446041,0.0000000000,4112.7903856807,41708.1840134261,42435.6891735176,48985.3911050917,54803.1175611388,709.4403107701,5817.7264560471,0.0000000000,18574.5187274735,16632.4304080740,700.3871858428,8176.3266648184,6412.9152883512,0.7532361111,0.0000000000,0.0000000000,1200.0000000000,10800.0000000000
2025-05-07,34829.7652717321,5205.5276080166,0.0000000000,1493.9339101521,41529.2267899008,40662.9650336724,56342.6256190152,60873.3766613368,226.2492385765,4530.7510423216,0.0000000000,21569.2881950937,15581.3523027041,43.8440575238,6412.9152883512,8512.6609942642,0.7587291667,0.0000000000,0.0000000000,1200.0000000000,10741.7861801251
2025-05-08,33615.8743997947,478.4118824012,-370.1909205898,6732.4945206942,40456.5898823003,42787.2685414958,53408.7472876782,52174.4960914535,1110.8779029103,430.9662909411,1665.2174871658,13015.4865166085,15626.9763810341,70.3514587894,8512.6609942642,2863.2917691740,0.7616590278,0.0000000000,0.0000000000,1200.0000000000,10687.4993273465
2025-05-09,9983.8734354191,375.3837810171,0.0000000000,5035.9084740704,15395.1656905066,15898.4689421610,24823.3803629003,25190.9766613991,1102.6458061115,367.5962984987,0.0000000000,12787.2339611700,11455.6278194555,16462.6304757960,2863.2917691740,1643.3269792765,0.5667381944,0.0000000000,0.0000000000,1200.0000000000,10800.0000000000
2025-05-10,11204.0589312554,162.7692929130,-2.1587463456,2572.7206174196,13937.3900952423,14120.2871034705,26832.7379377116,27005.1083944286,544.1592811464,187.7406692168,15.3702124998,14538.1212610879,12174.8725028301,13064.9736339838,1643.3269792765,1200.0000000000,0.5753076389,0.0000000000,0.0000000000,1200.0000000000,10800.0000000000
2025-05-11,38051.2717810491,2369.6281206375,-205.0513434116,1139.0076672148,41354.8562254898,39191.6934843142,64208.9508535183,64713.7956235553,166.4917040212,1432.3971299646,927.5523599276,24578.2543913043,15189.3938125389,7.3476654778,1200.0000000000,6443.3247160195,0.7607819444,0.0000000000,0.0000000000,1200.0000000000,10736.9894124071
2025-05-12,32199.7288579451,6362.4668945575,0.0000000000,297.5039420507,38859.6996945533,38112.8448372188,51714.0041782041,57540.0281921030,61.0535453751,5826.0240138989,0.0000000000,20080.5624294511,14635.9734928732,225.2975675667,6443.3247160195,8253.6381326665,0.7517881944,0.0000000000,0.0000000000,1200.0000000000,10800.0000000000
2025-05-13,34506.6250913809,2506.2287966934,-1020.7494277180,0.0000000000,35992.1044603563,37343.9596712401,56234.7983359007,54055.3945482695,0.0000000000,1588.0252514575,3767.4290390888,14613.6360565559,14786.1502982311,1098.6960232780,8253.6381326665,4976.8546966434,0.7564458333,0.0000000000,0.0000000000,1534.9833176151,10800.0000000000
2025-05-14,37747.4214571110,1922.5921307111,-988.1180627493,0.0000000000,38681.8955250728,37102.5164341539,62581.9540674331,60976.4824916847,0.0000000000,2072.0562923136,3677.5278680620,23010.6438372588,15193.1675258357,144.8573969283,4976.8546966434,8805.1368992477,0.7475513889,0.0000000000,0.0000000000,1424.4124816735,10712.5849646299
2025-05-15,34801.8118952804,966.1402861767,0.0000000000,0.0000000000,35767.9521814571,37616.4297784891,52699.0651280499,53892.9791081429,0.0000000000,1193.9139800929,0.0000000000,14331.7768557175,15641.2381855198,2437.3821546118,8805.1368992477,4324.5825299270,0.7527770833,0.0000000000,0.0000000000,2023.7409327004,10800.0000000000
2025-05-16,10526.3929613814,143.5548512144,-10.9079198414,0.0000000000,10659.0398927544,11817.3908594827,24333.2981740320,24458.4846580321,0.0000000000,165.3703846869,40.1839006868,12588.8063328880,12723.9039969970,21878.0757888078,4324.5825299270,1516.8371217518,0.5453854167,0.0000000000,0.0000000000,1322.2874005717,10800.0000000000
2025-05-17,11144.9596622898,201.3748916506,-15.2077414787,1150.9292600099,12482.0560724716,12612.7689872565,26758.3704509204,26943.9048351305,226.8141343664,235.0655873455,49.5312031353,13646.1671174256,11338.5487746913,14414.3015434293,1516.8371217518,1200.0000000000,0.5734159722,0.0000000000,0.0000000000,1200.0000000000,10800.0000000000
2025-05-18,39077.3283433706,0.0000000000,-1243.1789424939,34.4284650000,37868.5778658766,36769.4864807634,64796.3700286798,60900.9626914891,5.2366666667,0.0000000000,3895.4073371907,21387.8946960677,14926.5000581329,768.6366202210,1200.0000000000,3864.1051618688,0.7506812500,0.0000000000,0.0000000000,1200.0000000000,10800.0000000000
2025-05-19,34686.5117925077,375.4499227429,-531.7794196447,2561.2784263411,37091.4607219470,36338.0973442403,57269.9567238538,55642.4519768595,383.0150831744,344.1279294363,1971.6326764306,19845.6718285724,14431.5136103318,3096.0922917934,3864.1051618688,5690.1946849930,0.7317597222,0.0000000000,0.0000000000,1200.0000000000,10800.0000000000
2025-05-20,32417.5041640758,2759.6073869577,0.0000000000,1171.5855282490,36348.6970792825,37612.0066115066,51950.5325896336,54423.7746611108,178.8587014462,2473.2420714772,0.0000000000,14843.4993059475,14779.1749740457,10.9142139885,5690.1946849930,2628.0385336284,0.7565819444,0.0000000000,0.0000000000,1200.0000000000,10173.2972234618
2025-05-21,33468.0752006782,2846.5449955965,-304.3027117963,2291.8155955454,38302.1330800237,38057.8089530217,52633.2687646362,55471.3681270147,363.5835534386,3327.3416931838,489.2423308053,17776.4009957020,13865.8857683511,561.8211697691,2628.0385336284,3220.2596871479,0.7458243056,0.0000000000,0.0000000000,1200.0000000000,10800.0000000000
2025-05-22,34682.3592851085,0.0000000000,0.0000000000,16.8643400000,34699.2236251085,34255.1900353918,55470.1220385582,55470.1220385582,2.5700000000,0.0000000000,0.0000000000,19302.6068639496,14666.4414610365,19.8958189784,3220.2596871479,4296.5597968842,0.7461930556,0.0000000000,0.0000000000,1379.2336578063,10648.3497546921
2025-05-23,10240.6095576374,0.0000000000,0.0000000000,0.0000000000,10240.6095576374,11178.5088815543,24330.1728358998,24330.1728358998,0.0000000000,0.0000000000,0.0000000000,13098.9549769026,12656.2037666068,17466.4727422708,4296.5597968842,2023.1706465333,0.5569743056,0.0000000000,0.0000000000,1271.1946880437,10800.0000000000
2025-05-24,11784.1739010066,1.5604612326,-40.7246735516,275.2446414391,12020.2543301267,11955.3125570888,27024.5405586847,26913.3471461882,94.6572745990,1.7043045354,112.8977170319,12994.7217860712,10384.0525859562,20642.8338373389,2023.1706465333,2180.5840473794,0.5532048611,0.0000000000,0.0000000000,1200.0000000000,10800.0000000000
2025-05-25,36781.7031675928,530.6434727576,-102.5116078263,0.0000000000,37209.8350325241,35441.2296809245,60747.6597542531,60634.5610544762,0.0000000000,342.0027778092,455.1014775862,22091.7051368733,14036.0254786812,4033.8712129508,2180.5840473794,6467.5348053640,0.7379618056,0.0000000000,0.0000000000,1548.0641419829,10800.0000000000
2025-05-26,34245.4914381735,3873.3885705677,-66.1309934303,0.0000000000,38052.7490153109,37518.8738088907,55352.1824195308,59726.5858104566,0.0000000000,4489.0619526502,114.6585617244,19337.4133338487,14498.6430250327,307.9825516406,6467.5348053640,7761.6034446804,0.7524722222,0.0000000000,0.0000000000,1623.3654556227,10800.0000000000
2025-05-27,30188.6855339122,2220.6191084378,-397.6724397021,2145.0709940791,34156.7031967269,36407.1874910300,45559.8796809243,48171.5055075466,407.9305532843,3241.9935926777,630.3677660554,13417.4367788480,15777.6101317922,1549.2421137751,7761.6034446804,2306.6186214301,0.7429215278,0.0000000000,0.0000000000,1200.0000000000,10800.0000000000
2025-05-28,36703.1965478239,527.0980455349,-1009.3818833050,0.0000000000,36220.9127100539,36298.7533009803,59515.9067069526,56541.3841051770,0.0000000000,426.7511720917,3401.2737738674,18056.2628063261,14795.3840195026,1006.6812183536,2306.6186214301,2117.9395698984,0.7512673611,0.0000000000,0.0000000000,1409.7734967539,10800.0000000000
2025-05-29,36279.8952882654,3269.5666063651,0.0000000000,119.8044217333,39669.2663163638,39062.1216008437,58637.0307076580,62598.3361510387,17.8174333333,3961.3054433807,0.0000000000,20502.4063737224,15282.4481673710,3286.0718780206,2117.9395698984,3589.6073425030,0.7595125000,0.0000000000,0.0000000000,1361.1263920684,10800.0000000000
2025-05-30,11450.0134867759,26.2075311526,0.0000000000,0.0000000000,11476.2210179285,11852.7342513349,25904.9757672923,25932.1908042578,0.0000000000,27.2150369655,0.0000000000,13518.6798099913,11771.5034418354,17588.7811694352,3589.6073425030,2676.9709027892,0.5609930556,0.0000000000,0.0000000000,1385.4090812582,10800.0000000000
2025-05-31,12225.4808182067,0.0000000000,-378.4490788074,0.0000000000,11847.0317393993,11876.3241942423,28828.9120415940,27513.6140895399,0.0000000000,0.0000000000,1315.2979520541,13824.0379884684,11261.3729748683,16561.7675259399,2676.9709027892,2605.9684536682,0.5663548611,0.0000000000,0.0000000000,1639.3803243170,10800.0000000000
2025-06-01,54337.9200645425,6652.5412151226,-2155.8437766690,4582.8714962151,63417.4889992111,61547.1583904300,81619.1085108653,80037.7058737676,742.7679056934,3923.3217998006,5504.7244368983,26204.4618749109,17145.4423085170,496.6279130671,2605.9684536682,7139.4926871803,0.8191805556,0.0000000000,0.0000000000,1200.0000000000,10267.6063414771
2025-06-02,48333.1529845282,6216.3428680277,-1842.3400174546,3049.4035387340,55756.5593738353,57294.4496903062,71004.9279663260,67940.5270414155,633.4346585325,3143.9004704045,6208.3013953150,17119.6675448906,17221.8759210072,35.3626260645,7139.4926871803,3411.7757875738,0.8099458333,0.0000000000,0.0000000000,1200.0000000000,9806.5472794138
2025-06-03,44708.0579846609,9469.6828854672,-436.6927176677,0.0000000000,53741.0481524604,54256.7623193747,66845.9740507022,71013.4365915884,0.0000000000,5954.4035674546,1786.9410265684,17951.2938276149,15665.5910254168,535.3669560569,3411.7757875738,2161.7279819641,0.8062826389,0.0000000000,0.0000000000,1424.7998921802,10712.8982254189
2025-06-04,52722.1552822892,2784.9044427053,-2660.8186443723,2897.6846199472,55743.9257005695,56140.6919224620,77628.3629123962,72101.9210651931,638.4657491350,1581.5333055928,7107.9751527958,19880.7696512155,16968.9786012523,183.3349476982,2161.7279819641,1200.0000000000,0.8136590278,0.0000000000,0.0000000000,1200.0000000000,10800.0000000000
2025-06-05,44732.1491042835,12666.6218980064,-8.9969924006,2000.2412455194,59390.0152554087,59129.0518768355,67647.7299590868,75471.1066434343,627.3278656373,7857.4330331430,34.0563487956,20782.4408184233,16264.4790918905,431.1547658721,1200.0000000000,1832.5533011471,0.8220694444,0.0000000000,0.0000000000,1200.0000000000,10800.0000000000
2025-06-06,15131.2883951589,6043.6713920345,-183.4590076790,40.6450651228,21032.1458446373,21290.5677241472,30704.9067595698,34814.2885618050,20.9294877048,4590.8739581213,481.4921558861,12458.9662688308,10655.5163066328,2176.7726873119,1832.5533011471,1206.1603801695,0.6492826389,0.0000000000,0.0000000000,1200.0000000000,10800.0000000000
2025-06-07,16804.0074612610,4840.9229097918,-820.0869082258,400.5546491611,21225.3981119880,21052.6289338867,35884.7014322003,35165.8077681291,215.5254583088,3105.8582672272,3824.7519312984,16497.3795483822,12985.9772611163,743.4177725053,1206.1603801695,1624.9383502509,0.6502881944,0.0000000000,0.0000000000,1200.0000000000,10800.0000000000
2025-06-08,48304.5260353619,3735.6182498889,-938.4430403396,0.0000000000,51101.7012449112,50059.2664128889,71899.5009732904,71736.4092483464,0.0000000000,2504.2416239044,2667.3333488484,19859.0419300787,13811.7269691862,504.1710207872,1624.9383502509,4151.7127882260,0.7970791667,0.0000000000,0.0000000000,1612.2077465984,10800.0000000000
2025-06-09,53128.5634489071,1468.1335172718,-1360.3174649834,0.0000000000,53236.3795011956,54209.0344424189,75244.8206042652,72500.4796736999,0.0000000000,840.1796905979,3584.5206211633,16946.8949214431,15848.8553479656,469.7273668890,4151.7127882260,1794.0789420075,0.8192562500,0.0000000000,0.0000000000,1474.7111498681,10800.0000000000
2025-06-10,48810.1172467914,4453.1582347301,-4.8378255577,1737.7143412597,54996.1519972234,55221.7533425341,71264.3453238917,74741.7910767813,273.0526330218,3488.1246469788,10.6788940892,20059.4648678674,16740.3213765349,77.2559851372,1794.0789420075,1247.2402380494,0.8168180556,0.0000000000,0.0000000000,1200.0000000000,10436.9318522786
2025-06-11,54716.2951235672,3348.7207113167,-23.7162834684,6.1452879891,58047.4448394045,57847.7043997583,78263.9714662221,80813.8781495120,0.9015974162,2610.9458390036,61.0391557138,21678.6857795404,17123.9968439017,175.6444946228,1247.2402380494,1731.3942797451,0.8316965278,0.0000000000,0.0000000000,1215.2057014410,10349.9491446856
2025-06-12,53097.3762480020,0.0000000000,-384.4372228075,4065.8806332216,56778.8196584161,56633.5324292781,77442.6189656590,76565.3290330700,598.9740422664,0.0000000000,877.2899325890,20266.4630049398,16098.8874024317,544.3360394950,1731.3942797451,2083.5583148224,0.8219833333,0.0000000000,0.0000000000,1200.0000000000,10800.0000000000
2025-06-13,16694.4788894433,2853.8154152391,-265.3543322830,0.0000000000,19282.9399723994,19262.2780864906,33623.7271172575,34707.1039911313,0.0000000000,1851.6352021624,768.2583282886,14580.4256242634,11765.0703479343,3546.4350148022,2083.5583148224,2133.6409900658,0.6400291667,0.0000000000,0.0000000000,1518.1017268233,10800.0000000000
2025-06-14,17361.0534385976,742.5155737059,-182.9422972725,186.9657739635,18107.5924889945,18400.1741527838,33552.1295039720,33499.9910937653,62.9589862216,427.0953064044,479.2337166111,14152.6881751955,12101.9514527982,5318.8706075896,2133.6409900658,1424.4476224104,0.6368673611,0.0000000000,0.0000000000,1200.0000000000,10800.0000000000
2025-06-15,50843.7197105736,3083.7883237066,-167.6617731435,0.0000000000,53759.8462611367,53195.5760911247,73536.8947739250,76622.6206103903,0.0000000000,3388.5955742200,302.8697377547,20414.4204799160,15304.7114594304,885.9372565714,1424.4476224104,2792.1910994122,0.8178270833,0.0000000000,0.0000000000,1424.4476224104,10800.0000000000
2025-06-16,51925.8850606119,2303.0910095531,-146.6979853464,51.1982807378,54133.4763655564,54382.5131145362,74188.0488974319,76133.7524873758,7.5831390570,2167.7892561296,222.0856661857,19262.3807968913,16145.8081833587,330.7101962336,2792.1910994122,2188.5469462158,0.8232416667,0.0000000000,0.0000000000,1520.6290003439,10797.1485282602
2025-06-17,54751.9353030912,2037.3613924249,-287.8302098936,204.0377412831,56705.5042269055,56409.8099951057,78376.8157072801,79840.0426069521,28.2854409058,1928.2409750152,465.0140753432,20640.2614244492,16073.5475799339,664.6029866760,2188.5469462158,2905.2849171823,0.8286263889,0.0000000000,0.0000000000,1269.2270207662,10800.0000000000
2025-06-18,54093.1371075579,2240.7532077070,-1879.0152193280,698.2157739289,55153.0908698659,55644.5850641554,77018.8022028373,75035.9923926239,103.9324504570,2153.7796137820,4136.5894239954,16484.3966625714,14424.5678611172,2151.7051416268,2905.2849171823,1713.9442900330,0.8200500000,0.0000000000,0.0000000000,1200.0000000000,10800.0000000000
2025-06-19,50810.7761563657,3061.0280600860,-931.3774086551,155.9442534906,53096.3710612872,52652.0862611141,74818.9880718679,75259.4516737461,22.6010386405,2855.6423235814,2415.1787217032,20440.4106716875,15587.5145235708,2169.6523642699,1713.9442900330,2790.8533128064,0.8079104167,0.0000000000,0.0000000000,1432.7118112623,10800.0000000000
2025-06-20,17672.3742111831,0.0000000000,0.0000000000,0.0000000000,17672.3742111831,17827.3148235352,33903.8546100010,33903.8546100010,0.0000000000,0.0000000000,0.0000000000,12370.8804537436,10358.4198898733,9490.8131961307,2790.8533128064,2415.2902879830,0.6213069444,0.0000000000,0.0000000000,2072.9716797691,10800.0000000000
2025-06-21,17430.6173863607,0.0000000000,-295.1298986161,0.0000000000,17135.4874877446,17089.0304075507,34454.7477711304,33945.8811895124,0.0000000000,0.0000000000,508.8665816180,13409.1829363300,10760.0909256477,11962.0487788301,2415.2902879830,2527.8983466270,0.6095256944,0.0000000000,0.0000000000,1629.9233888889,10800.0000000000
2025-06-22,49388.6792375648,1851.2080813926,-573.9483468356,11.5162047932,50677.4551769150,50683.1922287606,71860.3905297214,72041.5554326154,1.6527274388,1405.0463978305,1223.8814949366,17422.7263982823,14124.9239010438,1288.0645628156,2527.8983466270,2513.9922150324,0.8074916667,0.0000000000,0.0000000000,1563.3981078106,10800.0000000000
2025-06-23,50252.3547472927,0.0000000000,-681.5986350266,7.0212680185,49577.7773802845,49796.8670971201,72234.0182702810,70979.1964863379,1.0013931425,0.0000000000,1254.8217839432,17576.6005526624,14714.9960049870,1057.3073318049,2513.9922150324,1982.9371513319,0.8048722222,0.0000000000,0.0000000000,1398.7528394295,10800.0000000000
2025-06-24,60478.1380033793,378.1167036249,-939.0357652660,0.0000000000,59917.2189417382,59181.0555475064,85457.5499783988,83815.7912415061,0.0000000000,314.8182258785,1956.5769627712,24607.2974286301,18325.9525295583,1265.6540924343,1982.9371513319,3767.3353598120,0.8405347222,0.0000000000,0.0000000000,1695.9640489100,10800.0000000000
2025-06-25,50543.5370290590,1840.2168056967,-804.9577924689,0.0000000000,51578.7960422868,52279.1907707519,73760.1495211629,73498.9549079672,0.0000000000,1576.5300266749,1837.7246398706,16463.7252259116,14863.5456044312,1461.3539198202,3767.3353598120,2069.6373915421,0.8163465278,0.0000000000,0.0000000000,1333.9510082808,10800.0000000000
2025-06-26,49604.3176649289,1222.4314993947,-28.2416366716,0.0000000000,50798.5075276521,50220.6490590981,73069.8651233857,74381.4509261510,0.0000000000,1393.2509262059,81.6651234406,19421.8818063057,14471.1119293379,1883.2972158499,2069.6373915421,3470.3177623973,0.8059743056,0.0000000000,0.0000000000,2057.8321616231,10800.0000000000
2025-06-27,17793.3943341715,0.0000000000,0.0000000000,0.0000000000,17793.3943341715,17889.4797944509,34979.3807155194,34979.3807155194,0.0000000000,0.0000000000,0.0000000000,12684.4948114575,10484.0535708498,13007.2936082450,3470.3177623973,3237.4146806537,0.6051201389,0.0000000000,0.0000000000,2229.4024044251,10800.0000000000
2025-06-28,17565.6439626489,0.0000000000,-490.5016923612,0.0000000000,17075.1422702876,17456.1862153960,34489.9154780452,33615.6654123191,0.0000000000,0.0000000000,874.2500657261,14490.7737603194,12568.7833996098,9916.7489349429,3237.4146806537,2313.7961764858,0.6229888889,0.0000000000,0.0000000000,1693.4491380076,10800.0000000000
2025-06-29,48431.2320066180,6202.7813398093,-780.5587252343,958.1005843592,54811.5552055522,54843.0290840491,70458.0933195195,74777.0021496089,139.4833942134,5548.3359380221,1229.4271079326,17600.6400277041,14325.1794555201,2373.2564383051,2313.7961764858,2237.5061397304,0.8118270833,0.0000000000,0.0000000000,1200.0000000000,10800.0000000000
2025-06-30,52436.1613474701,0.0000000000,-718.9668201187,481.2745160532,52198.4690434046,52308.7222137588,76326.8575186184,75211.3408666473,68.2784431143,0.0000000000,1115.5166519711,18351.4310902119,15105.1791614904,2155.6833977067,2237.5061397304,1970.2617192652,0.8101881944,0.0000000000,0.0000000000,1462.1461304339,10800.0000000000
2025-07-01,50124.9775653136,19662.9200101728,0.0000000000,1519.8774795757,71307.7750550622,71625.5508065769,66861.0242767649,81004.9647116042,490.1807259263,14143.9404348393,0.0000000000,17220.9161394184,14642.1776202676,49.8628850464,1970.2617192652,1200.0000000000,0.8907618056,0.0000000000,0.0000000000,1200.0000000000,10320.0212497458
2025-07-02,48422.2159763760,12435.0007705308,0.0000000000,8683.7315722599,69540.9483191667,69540.9483191667,64638.8392369743,74404.2445728489,1879.8360227712,9765.4053358746,0.0000000000,17248.3659793806,13971.1764432983,102.1246928711,1200.0000000000,1200.0000000000,0.8753215278,0.0000000000,0.0000000000,1200.0000000000,10193.2469783391
2025-07-03,55766.6053095364,13851.5970614672,0.0000000000,2542.1510024944,72160.3533734981,71887.8118137894,74843.3439129620,84215.9784831147,834.9264111581,9372.6345701526,0.0000000000,20394.3045210949,15924.8306067029,821.0120465474,1200.0000000000,1860.6178393155,0.9014361111,0.0000000000,0.0000000000,1200.0000000000,10800.0000000000
2025-07-04,18606.4898854335,1560.0445206949,0.0000000000,27055.0995374921,47221.6339436205,47494.1755033292,33224.4578439287,34789.2604443258,5510.3676686633,1564.8026003971,0.0000000000,11730.0428946480,10095.8908000488,9784.6085517233,1860.6178393155,1200.0000000000,0.6903083333,0.0000000000,0.0000000000,1200.0000000000,10800.0000000000
2025-07-05,20198.0955709189,5871.6305859220,0.0000000000,2540.3468692791,28610.0730261199,28610.0730261199,36975.9406897283,40995.5731201337,926.9533556012,4019.6324304055,0.0000000000,14128.4591304914,11444.0518956981,10448.0392742749,1200.0000000000,1200.0000000000,0.6843187500,0.0000000000,0.0000000000,1200.0000000000,10800.0000000000
2025-07-06,52785.3190114984,15563.5498348289,0.0000000000,6406.0450798128,74754.9139261402,74754.9139261402,69204.8841091008,82566.5812177706,1305.4131905603,13361.6971086698,0.0000000000,21008.7458973549,17017.0841768575,86.3511378335,1200.0000000000,1200.0000000000,0.8986708333,0.0000000000,0.0000000000,1200.0000000000,10594.7221521328
2025-07-07,50228.1779701644,7760.5639977970,-8.4189754402,15667.3693977842,73647.6923903055,73647.6923903055,66999.2602523995,73988.5999858869,3214.9390769699,7018.5165674509,29.1768339635,19005.6284186447,15394.5590191022,182.9868966477,1200.0000000000,1200.0000000000,0.8773902778,0.0000000000,0.0000000000,1200.0000000000,10800.0000000000
2025-07-08,61762.0889657789,958.8406825048,-1098.0773814985,322.1842055583,61945.0364723435,61755.5952060532,83324.7466206879,80377.9291131422,55.5944031139,505.5287504804,3452.3462580262,22210.9094937089,17577.5659500843,228.7929559649,1200.0000000000,1659.1897109110,0.8836034722,0.0000000000,0.0000000000,1200.0000000000,10800.0000000000
2025-07-09,59757.8578626601,1238.4502249826,-1285.6176485981,1424.6682356151,61135.3586746597,61248.1515415336,81316.2398931685,77814.1667101052,205.9872375840,584.9200146376,4086.9931977009,19651.0540114597,16163.4141375611,473.7890571238,1659.1897109110,1385.7892794902,0.8791770833,0.0000000000,0.0000000000,1200.0000000000,10800.0000000000
2025-07-10,57254.7773107665,856.1173939053,-13.2537824825,4154.6093073581,62252.2502295474,61989.5843303858,76097.4564374601,76993.8419802134,550.4005611796,948.8663512738,52.4808085205,21467.2370731108,16815.4499680269,38.8320529758,1385.7892794902,2022.4693474823,0.8775076389,0.0000000000,0.0000000000,1200.0000000000,10304.6884029895
2025-07-11,24462.6357828333,0.0000000000,0.0000000000,350.4055044812,24813.0412873146,25076.6561091842,41847.3523880165,41847.3523880165,108.3263507348,0.0000000000,0.0000000000,13561.5389455921,11559.9287051388,7435.2913482979,2022.4693474823,1383.4891705832,0.7069465278,0.0000000000,0.0000000000,1200.0000000000,10800.0000000000
2025-07-12,23119.9078417454,1724.4542937951,0.0000000000,0.0000000000,24844.3621355405,24833.7225954162,40775.7275307490,42089.4084109410,0.0000000000,1313.6808801919,0.0000000000,13401.2377684203,10831.7921763130,8435.7194855003,1383.4891705832,1409.2785218138,0.6942819444,0.0000000000,0.0000000000,1241.4689089473,10800.0000000000
2025-07-13,59737.2418776813,208.7553462997,-3128.1988936436,3413.3112707882,60231.1096011255,60270.3865406455,81549.4374402741,73044.7987257228,407.4429584604,85.1761615318,8589.8148760830,20189.4016883175,16439.0989684292,434.2185642949,1409.2785218138,1314.0745208227,0.8542875000,0.0000000000,0.0000000000,1200.0000000000,10618.9708074503
2025-07-14,56426.8359544412,2957.8994291375,-811.5254197116,6.8590474542,58580.0690113212,58440.0822807522,77865.9084496093,76070.8446405531,0.8106183838,1324.9026297244,3119.9664387805,19707.5835252110,15657.7581906731,214.1507077323,1314.0745208227,1653.3905927647,0.8722152778,0.0000000000,0.0000000000,1314.0745208227,10800.0000000000
2025-07-15,62300.9715953358,90.6292645537,-2441.6827388788,1631.0881114709,61581.0062324815,61410.7391461590,84720.7175479309,77634.4995511948,190.3031281614,44.8215947347,7131.0395914708,19716.9800850822,15599.3120700443,958.0840809850,1653.3905927647,2066.1037026227,0.8721083333,0.0000000000,0.0000000000,1200.0000000000,10800.0000000000
2025-07-16,60557.9915235002,10.6879572731,-1318.1440276642,0.0000000000,59250.5354531091,59098.2871313757,79994.8954646075,76663.3662089136,0.0000000000,4.3964366315,3335.9256923255,19648.0265565723,15582.7680860888,463.5443550967,2066.1037026227,2435.1408412169,0.8758020833,0.0000000000,0.0000000000,1706.6464379295,10800.0000000000
2025-07-17,58875.5119323985,668.1898771372,-251.4799562556,0.0000000000,59292.2218532801,59281.8207929153,79055.9018533648,78947.2239515846,0.0000000000,565.6454700364,674.3233718166,20813.8134913120,16836.4987612633,2249.4931548692,2435.1408412169,2460.3521375497,0.8748208333,0.0000000000,0.0000000000,1208.4440316950,10800.0000000000
2025-07-18,25835.3687288995,0.0000000000,-397.9907362878,0.0000000000,25437.3779926117,25356.6013168244,44852.0160315465,43531.4459971921,0.0000000000,0.0000000000,1320.5700343544,13348.0975334040,10635.7427149911,9544.8430787792,2460.3521375497,2656.1480120676,0.6942027778,0.0000000000,0.0000000000,1587.5712709102,10800.0000000000
2025-07-19,26061.7311719896,0.0000000000,-1005.8666720124,0.0000000000,25055.8644999772,25298.5696422942,44912.8890562121,41968.0292067253,0.0000000000,0.0000000000,2944.8598494868,13622.1853743425,11563.4373368338,12726.4621192165,2656.1480120676,2067.8511413828,0.6802993056,0.0000000000,0.0000000000,1474.6937020029,10800.0000000000
2025-07-20,60509.5572686793,331.8063901337,-1635.3468791113,0.0000000000,59206.0167797016,59028.9607611873,83158.4850936595,78113.2900369606,0.0000000000,208.1780237264,5253.3730804253,19878.2977837671,15715.1691849304,1860.1832214573,2067.8511413828,2497.0200524060,0.8676125000,0.0000000000,0.0000000000,1827.2501020224,10800.0000000000
2025-07-21,62663.0228925648,311.2905789317,-1006.0934231165,0.0000000000,61968.2200483800,61851.1433715991,83419.0053644795,80682.3325778716,0.0000000000,147.4776481478,2884.1504347556,20477.1563818077,16331.0910452606,2546.5178913246,2497.0200524060,2780.8040790767,0.8791791667,0.0000000000,0.0000000000,1890.8038765949,10800.0000000000
2025-07-22,61665.0325189916,686.0427012360,-1433.7650227895,955.3142011849,61872.6243986229,62215.4083685838,82586.7072966844,80429.6614651165,113.1171691885,891.4041948446,3048.4500264125,19144.4786489328,16254.8192910607,3857.9746597662,2780.8040790767,1949.9245397155,0.8751333333,0.0000000000,0.0000000000,1200.0000000000,10800.0000000000
2025-07-23,69508.1055368411,0.0000000000,-5113.0388358977,226.7711460250,64621.8378469683,64470.4596769218,93772.7385561497,80476.8263666152,26.5027927336,0.0000000000,13295.9121895345,21856.4782239542,17373.5121937819,1803.8160125098,1949.9245397155,2316.8525037388,0.8755840278,0.0000000000,0.0000000000,1426.0943530005,10800.0000000000
2025-07-24,69335.0511010705,0.0000000000,-2512.3461145845,0.0000000000,66822.7049864859,66070.3961611492,92227.6947440280,85284.3670667917,0.0000000000,0.0000000000,6943.3276772363,20895.5516969718,15284.2168354338,6056.5602052537,2316.8525037388,4140.3858805314,0.8774458333,0.0000000000,0.0000000000,2197.7378994401,10800.0000000000
2025-07-25,24627.9879293901,0.0000000000,0.0000000000,0.0000000000,24627.9879293901,24938.4325826223,42158.8296333118,42158.8296333118,0.0000000000,0.0000000000,0.0000000000,13697.7250664988,11772.3998816127,13728.1848817591,4140.3858805314,3387.8941274773,0.6769687500,0.0000000000,0.0000000000,1979.6915568451,10800.0000000000
2025-07-26,24958.8125580087,0.0000000000,-622.8249632456,662.1408718692,24998.1284666323,25415.2555143817,43038.0807295770,42019.0031513654,102.1113226724,0.0000000000,1019.0775782116,14235.1350775190,12440.4322344360,11857.3200642881,3387.8941274773,2376.8132145378,0.6880090278,0.0000000000,0.0000000000,1200.0000000000,10800.0000000000
2025-07-27,59573.2417628870,1393.8907008545,-1056.2824014510,698.8666054846,60609.7166677751,60722.4874985188,80461.2371073655,77748.4138797127,82.6229952692,815.7181589157,3528.5413865685,19866.2004821980,16337.6347065039,617.2812992878,2376.8132145378,2103.4661968450,0.8771312500,0.0000000000,0.0000000000,1200.0000000000,10800.0000000000
2025-07-28,64143.4017290938,405.8811482840,-881.0552429108,0.0000000000,63668.2276344670,63370.9776786007,86239.8843781344,84492.6686429905,0.0000000000,266.7230975045,2013.9388326485,21651.9254023563,16889.6015520690,1775.4675593698,2103.4661968450,2823.9751122224,0.8862368056,0.0000000000,0.0000000000,1998.5163731648,10800.0000000000
2025-07-29,63054.9830057574,1557.1758456215,-820.9275655900,76.2916679629,63867.5229537518,64010.8935642860,84674.8323113267,85200.0163584104,9.2245532873,1632.1720336473,1106.9879865636,20064.5923441740,16565.0862801509,5640.4888976746,2823.9751122224,2476.4567995891,0.8846277778,0.0000000000,0.0000000000,1250.2466149374,10800.0000000000
2025-07-30,59248.6476041372,3499.4144288429,-794.7291756580,0.0000000000,61953.3328573222,61813.1136804092,77787.3374628821,80325.3480548068,0.0000000000,3597.4335635872,1059.4229716626,20994.6944461289,16699.8109492516,1927.2105079294,2476.4567995891,2816.3363019367,0.8796965278,0.0000000000,0.0000000000,1488.9189329291,10800.0000000000
2025-07-31,59637.2884556237,958.3513663128,-1.5704835003,939.2140610227,61533.2833994589,61003.4866964764,81102.2479403441,82208.8510003988,107.7142107945,1112.3180655142,5.7150054594,22555.0458117061,17113.8226867551,2180.3458195757,2816.3363019367,4100.5189916332,0.8814312500,0.0000000000,0.0000000000,1200.0000000000,10800.0000000000
2025-08-01,24300.8781977371,0.0000000000,0.0000000000,0.0000000000,24300.8781977371,24600.3326280595,41746.4523892775,41746.4523892775,0.0000000000,0.0000000000,0.0000000000,13613.2337795710,11679.9865000499,18561.8454430897,4100.5189916332,3374.6666154139,0.6663972222,0.0000000000,0.0000000000,1860.4884972229,10800.0000000000
2025-08-02,24854.1460945316,0.0000000000,-742.9451999610,0.0000000000,24111.2008945706,24337.0983490148,43702.5491933167,41945.0898609203,0.0000000000,0.0000000000,1757.4593323964,15150.8503408910,12764.9895789758,18632.2041656719,3374.6666154139,2827.1101677981,0.6621875000,0.0000000000,0.0000000000,1288.8648783895,10800.0000000000
2025-08-03,51062.7880745387,0.0000000000,-484.0079893332,140.5683767277,50719.3484619332,50979.8701977355,68430.6446677816,67131.4515884740,16.8850902976,0.0000000000,1299.1930793076,17886.2282746287,15056.1794190122,1478.8078398218,2827.1101677981,2195.6273716171,0.8333687500,0.0000000000,0.0000000000,1349.3946094975,10800.0000000000
2025-08-04,53832.1782765132,2429.3652107149,-1149.8097112045,0.0000000000,55111.7337760235,54683.3173623097,71349.5332040659,70138.5283663743,0.0000000000,1368.3223431446,2579.3271808363,19120.9880826175,14553.3994982583,155.2846986817,2195.6273716171,3234.0727590192,0.8447847222,0.0000000000,0.0000000000,2145.0028694533,10800.0000000000
2025-08-05,52548.8226682431,772.4111506484,-611.2206034246,0.0000000000,52710.0132154668,53021.0082542001,69691.8201884734,69377.4936814240,0.0000000000,1095.0474200417,1409.3739270911,17178.7627782707,14593.2411075337,1639.6622773536,3234.0727590192,2480.2469177588,0.8445958333,0.0000000000,0.0000000000,1911.0793801221,10800.0000000000
2025-08-06,59855.2614793086,0.0000000000,-2706.0475500308,0.0000000000,57149.2139292779,57103.1109189871,78224.2330743718,72558.9210318483,0.0000000000,0.0000000000,5665.3120425235,19025.8901426710,15310.3961749078,729.0277974183,2480.2469177588,2591.9967407097,0.8577486111,0.0000000000,0.0000000000,1475.6928987282,10800.0000000000
2025-08-07,57363.6003505506,125.9327105673,-1886.6478035512,0.0000000000,55602.8852575667,55190.1826339155,81405.1411934117,73282.1865450251,0.0000000000,93.8272197154,8216.7818681020,19917.2187042118,15232.6263177765,5209.6089085898,2591.9967407097,3592.3532214154,0.8411048611,0.0000000000,0.0000000000,1546.8083892906,10800.0000000000
2025-08-08,21758.3599140515,0.0000000000,0.0000000000,0.0000000000,21758.3599140515,22243.8066129841,39135.1550330857,39135.1550330857,0.0000000000,0.0000000000,0.0000000000,13941.5248534525,12351.6489372092,21770.1078668424,3592.3532214154,2415.6712148458,0.6379520833,0.0000000000,0.0000000000,1722.9589321942,10800.0000000000
2025-08-09,22741.1098388554,0.0000000000,-200.3223322487,0.0000000000,22540.7875066066,22714.0962873481,40280.9990997283,39945.4321422769,0.0000000000,0.0000000000,335.5669574513,14798.6930244676,12365.0186792036,18589.8287970129,2415.6712148458,1995.5852933071,0.6529750000,0.0000000000,0.0000000000,1594.6926899871,10800.0000000000
2025-08-10,55793.1409296388,0.0000000000,-810.3956100745,0.0000000000,54982.7453195643,54223.5885144108,74984.4671505328,72744.9234074912,0.0000000000,0.0000000000,2239.5437430417,20049.7477159190,14584.1765758993,1974.7332174715,1995.5852933071,3835.7175977461,0.8486909722,0.0000000000,0.0000000000,1430.9432057441,10800.0000000000
2025-08-11,48960.1901788066,1753.9441372670,-818.2177673618,5352.4150510982,55248.3315998100,56194.7934564664,67353.1654064860,66698.1789059881,633.1165105134,1417.5785882029,2072.5650887009,17215.4877342490,16009.2746739302,1563.8290228492,3835.7175977461,1541.5735875367,0.8396298611,0.0000000000,0.0000000000,1200.0000000000,10800.0000000000
2025-08-12,56150.4128432098,774.6010356313,-856.7718021528,0.0000000000,56068.2420766883,55642.5884411817,77587.4567618275,74473.4773138543,0.0000000000,357.9534773823,3471.9329253555,19500.7198995417,14867.0093379654,2079.2231022779,1541.5735875367,2573.3222327183,0.8573708333,0.0000000000,0.0000000000,1435.1976936480,10800.0000000000
2025-08-13,51288.7170552595,1780.6850267233,-66.1873128206,142.1593300775,53145.3740992397,52845.5114409796,70364.8036141574,72292.3575306758,16.7504933311,2081.7621486704,154.2082321520,19362.8673835619,15029.7648828917,1855.0260733367,2573.3222327183,3300.1641191554,0.8531652778,0.0000000000,0.0000000000,1223.2038140055,10800.0000000000
2025-08-14,52111.5782546874,2381.4921436839,0.0000000000,443.2142480251,54936.2846463964,55256.1299579961,69775.2422460004,73088.6456299960,52.7681159738,3313.4033839955,0.0000000000,19011.3311758613,16096.9285955551,4300.7201823302,3300.1641191554,2524.8859601471,0.8501201389,0.0000000000,0.0000000000,1292.8889553120,10800.0000000000
2025-08-15,22425.5643320856,0.0000000000,-155.1207869647,0.0000000000,22270.4435451209,22665.9040135182,39723.2575007446,39325.5490989843,0.0000000000,0.0000000000,397.7084017603,14096.5180167745,12280.8862442790,20350.1904431555,2524.8859601471,1566.3230149342,0.6512152778,0.0000000000,0.0000000000,1377.2444748580,10800.0000000000
2025-08-16,23581.4146314761,163.6799776105,-959.2017677935,753.8102159539,23539.7030572469,23588.5275662326,41529.3378118551,38903.5045903411,143.9282058468,172.6141985007,2798.4474200147,14500.9749461744,11852.3015627935,19469.4790461403,1566.3230149342,1447.9765078317,0.6473409722,0.0000000000,0.0000000000,1200.0000000000,10800.0000000000
2025-08-17,53785.7789422723,566.5664101769,-1337.1263306952,1319.9307155162,54335.1497372702,53704.4319493878,75956.4822123323,70649.3278688377,155.2084309285,352.0214730487,5659.1758165433,21168.7037422382,15770.7238039445,2241.1627448059,1447.9765078317,2976.7834270189,0.8399000000,0.0000000000,0.0000000000,1200.0000000000,10800.0000000000
2025-08-18,51666.5022723831,0.0000000000,-281.4173540438,2814.1282521770,54199.2131705162,54740.8869863135,69513.7402730280,69131.7244777402,335.0853610146,0.0000000000,382.0157952878,18565.4056412933,16219.6532012703,2726.9417820652,2976.7834270189,1663.8116138825,0.8475611111,0.0000000000,0.0000000000,1200.0000000000,10800.0000000000
2025-08-19,51481.1016371962,0.0000000000,-381.6519637620,1705.3019689092,52804.7516423434,52863.4541595314,69941.0875302329,68777.3603199856,258.3891716837,0.0000000000,1163.7272102473,18527.5362972974,15135.3653728612,1325.9185172331,1663.8116138825,1521.5216449378,0.8429152778,0.0000000000,0.0000000000,1200.0000000000,10800.0000000000
2025-08-20,58579.4563231226,4471.1389359130,-1676.0910796410,24.2150234250,61398.7192028197,59864.4761695636,82442.6865652836,78773.9437148688,2.9157162462,2199.1193749945,5867.8622254093,24418.7731438116,16432.2176740732,139.6128947099,1521.5216449378,5240.3978365091,0.8663486111,0.0000000000,0.0000000000,1457.5171925778,10789.6100901005
2025-08-21,52013.1325743873,271.3753003275,-1060.1384698750,616.6063919744,51840.9757968143,53096.9752793059,71077.9768641135,67347.6994640740,81.3316438729,167.9944823344,3898.2718823739,16195.6511974302,15858.4709544815,1247.4323816648,5240.3978365091,2195.9606314391,0.8472069444,0.0000000000,0.0000000000,1200.0000000000,10800.0000000000
2025-08-22,21852.4618919907,580.9700389716,-227.7371181978,2365.8437128084,24571.5385255729,24937.9998487583,38561.2137637248,38481.5592262936,448.9702887066,610.8968307505,690.5513681817,13443.5786940525,11688.7430507743,15945.1244717220,2195.9606314391,1307.6891774482,0.6604708333,0.0000000000,0.0000000000,1200.0000000000,10800.0000000000
2025-08-23,21224.9675037851,1298.1745211712,-34.3921841250,0.0000000000,22488.7498408312,22387.8676409546,39156.4380564550,40091.2348958064,0.0000000000,1044.2912173362,109.4943779848,14805.4401189982,11772.3295184731,14528.1181452812,1307.6891774482,1552.2191529098,0.6591965278,0.0000000000,0.0000000000,1243.1995226560,10800.0000000000
2025-08-24,52821.8672498465,286.3305587373,-260.5492070903,0.0000000000,52847.6486014935,52558.4387960904,70433.5405829799,69862.7263673901,0.0000000000,259.3595588435,830.1737744333,20416.3010895428,15906.2856428945,1619.1214374085,1552.2191529098,2253.2394191711,0.8410215278,0.0000000000,0.0000000000,1312.9355524643,10800.0000000000
2025-08-25,65061.0638759457,335.9276558333,-5406.9990317005,0.0000000000,59989.9925000785,60270.0085256472,90624.9970724475,74793.4049678434,0.0000000000,134.9198896193,15966.5119942234,19967.3528346272,16784.4175808869,837.3826974364,2253.2394191711,1574.5041026835,0.8601569444,0.0000000000,0.0000000000,1276.6036751620,10800.0000000000
2025-08-26,53662.0002402653,372.1971233573,0.0000000000,0.0000000000,54034.1973636226,52907.4836543709,72811.5354004132,73324.7609885249,0.0000000000,513.2255881117,0.0000000000,22368.5228293313,15660.5500727067,1087.9698485669,1574.5041026835,4305.5634571853,0.8444180556,0.0000000000,0.0000000000,1574.5041026835,10800.0000000000
2025-08-27,52398.4744178506,3938.8296610547,-145.9908305617,809.7753069048,57001.0885552484,57015.6496669119,71547.6030632008,75059.5478848775,98.7792989635,4071.4795787721,559.5347570954,20064.4316018128,16283.9550174721,3463.7017328336,4305.5634571853,4270.2685460701,0.8533875000,0.0000000000,0.0000000000,1200.0000000000,10800.0000000000
2025-08-28,50609.5898209788,4806.5104982037,-18.6750727599,2333.8191773808,57731.2444238034,58033.0979931307,69690.5898439849,73945.4276815799,308.5554128356,4308.1875669475,53.3497293526,20321.9360439467,17119.2691144093,283.5211815448,4270.2685460701,3538.6008585007,0.8635048611,0.0000000000,0.0000000000,1200.0000000000,10500.8757100494
2025-08-29,22445.1467587246,0.0000000000,-526.2127414650,0.0000000000,21918.9340172596,22828.0531380288,39720.6366912943,38206.1771796626,0.0000000000,0.0000000000,1514.4595116318,13612.7041754235,13009.5559027585,15047.8085569975,3538.6008585007,1334.9725022058,0.6645076389,0.0000000000,0.0000000000,1270.6763513825,10800.0000000000
2025-08-30,22747.7047211855,118.0772176415,-29.5064252333,276.2915271122,23112.5670407059,23145.0895017500,40356.8621989827,40399.4724529384,132.2377875985,141.5774764723,98.9672225166,14420.3299720906,11751.4158188578,19350.0762539707,1334.9725022058,1256.1407894676,0.6546625000,0.0000000000,0.0000000000,1200.0000000000,10800.0000000000
2025-08-31,52435.5259548910,2137.0041148829,-412.9759705248,2296.2425523320,56455.7966515811,55364.1030915003,71994.6561332255,73191.4616422230,316.0931543433,2048.9558797021,852.1503707046,22057.8965929166,15485.3401302020,288.3752505183,1256.1407894676,3902.3142450903,0.8465388889,0.0000000000,0.0000000000,1200.0000000000,10247.7173267271
2025-09-01,49962.8613657180,0.0000000000,-4059.6629855740,0.0000000000,45903.1983801440,45132.9471574366,78831.2553320857,65794.1081073710,0.0000000000,0.0000000000,13037.1472247148,19596.4187580095,14192.7773776856,6816.3321937137,3902.3142450903,5769.3384854260,0.7517326389,0.0000000000,0.0000000000,1687.8120620430,10800.0000000000
2025-09-02,43563.5848703029,738.2171327783,-1086.0438400633,0.0000000000,43215.7581630179,43337.4437020825,66164.2071496254,65179.8773103777,0.0000000000,1232.9552457576,2217.2850850052,18693.2664217317,15407.0057710137,7835.8608096597,5769.3384854260,5474.3829638582,0.7539930556,0.0000000000,0.0000000000,1997.8315046205,10800.0000000000
2025-09-03,48426.2244185080,0.0000000000,-2291.5621694084,0.0000000000,46134.6622490995,45892.3350853258,72348.6133784202,65283.9145160570,0.0000000000,0.0000000000,7064.6988623632,18503.9763051815,14459.5781929854,5691.7991538610,5474.3829638582,6061.7636463155,0.7609944444,0.0000000000,0.0000000000,2162.9565093718,10800.0000000000
2025-09-04,46994.8997768547,0.0000000000,-677.3105415224,0.0000000000,46317.5892353322,45782.4586278699,69343.8838522752,66635.6442092318,0.0000000000,0.0000000000,2708.2396430435,19790.7294472357,14863.0903889038,7782.4396008999,6061.7636463155,7358.8752722679,0.7569979167,0.0000000000,0.0000000000,2294.7095343708,10800.0000000000
2025-09-05,17844.5374605827,0.0000000000,-406.0570693710,0.0000000000,17438.4803912116,18411.1240874244,34572.3486903931,33438.5681404558,0.0000000000,0.0000000000,1133.7805499373,12907.6657640051,12577.0551991763,26283.6959089604,7358.8752722679,5001.2686830099,0.5586402778,0.0000000000,0.0000000000,2927.4680551524,10800.0000000000
2025-09-06,18458.7912216299,0.0000000000,-951.4864040870,0.0000000000,17507.3048175429,17761.1859635009,36522.4985577799,34863.8032883211,0.0000000000,0.0000000000,1658.6952694588,14403.5562443377,12220.7284658746,24959.8918098580,5001.2686830099,4385.8821186087,0.5657111111,0.0000000000,0.0000000000,2175.4801765945,10800.0000000000
2025-09-07,46174.7562187880,1447.7619188694,-1482.2301384672,0.0000000000,46140.2879991901,44507.7951323883,70393.0326126758,69944.6348248529,0.0000000000,2090.6877202685,2539.0855080914,24127.4797717566,15981.9356361047,6838.1070725343,4385.8821186087,8342.9076508510,0.7593138889,0.0000000000,0.0000000000,1907.3823088233,10800.0000000000
2025-09-08,45330.8687865667,1066.3127436647,-652.4808910146,0.0000000000,45744.7006392167,45668.0807164511,68860.4166335373,67419.8885499576,0.0000000000,923.4525486402,2363.9806322199,18511.4466582279,14827.1235641312,4339.9959225276,8342.9076508510,8528.6279053326,0.7735236111,0.0000000000,0.0000000000,2459.9875054966,10800.0000000000
2025-09-09,40525.1923314953,1182.8789446143,-490.3247412961,0.0000000000,41217.7465348135,41512.3285643010,59698.5094238237,59987.7254201510,0.0000000000,1061.7037350667,772.4877387394,18731.5282649828,15815.1757720530,3968.5386605545,8528.6279053326,7814.5858193138,0.7518833333,0.0000000000,0.0000000000,1822.0491877534,10800.0000000000
2025-09-10,46905.0216425374,1499.0348019717,-1511.1577764000,551.0682800069,47443.9669481160,47197.3302513574,72243.7506413556,69104.5692681978,103.6035859900,1429.5530765589,4568.7344497167,23221.6035088261,18271.4548766914,2942.0255720532,7814.5858193138,8412.4124476001,0.7818236111,0.0000000000,0.0000000000,1200.0000000000,10800.0000000000
2025-09-11,45676.2128783824,0.0000000000,-1612.9220138111,0.0000000000,44063.2908645713,43118.0667125855,70666.4437178120,63921.7335818022,0.0000000000,0.0000000000,6744.7101360098,22713.1470638166,16335.6195954094,4048.1203300617,8412.4124476001,10703.5563656913,0.7530638889,0.0000000000,0.0000000000,1548.0459600714,10800.0000000000
2025-09-12,14375.3867860540,0.0000000000,-286.4955082050,0.0000000000,14088.8912778490,16917.2985171548,27500.0437713363,26622.8510532844,0.0000000000,0.0000000000,877.1927180520,10983.3065655415,15066.7176497278,19154.6059374707,10703.5563656913,3847.7348860922,0.5750854167,0.0000000000,0.0000000000,2554.3143393657,10800.0000000000
2025-09-13,16319.8964524685,60.3279780321,-287.5782309941,0.0000000000,16092.6461995065,16139.1057641394,33801.7647566488,33339.3251785989,0.0000000000,63.5070251913,525.9466032412,13568.1668183339,11091.5677954943,22855.6246724261,3847.7348860922,3735.1208053768,0.5665159722,0.0000000000,0.0000000000,2425.5267244570,10800.0000000000
2025-09-14,52475.9021507273,0.0000000000,-2760.5767130386,0.0000000000,49715.3254376887,47084.2855428669,81976.2277478674,74156.1327911443,0.0000000000,0.0000000000,7820.0949567231,26353.4982956473,15606.6559604234,3309.9657059204,3735.1208053768,10112.5404265445,0.7759062500,0.0000000000,0.0000000000,1990.3043272145,10800.0000000000
2025-09-15,39140.6396926372,1117.3118188140,-269.7290658472,2033.0059302366,42021.2283758406,42360.6075189715,58398.9966451773,58955.8535326452,367.4453488635,975.3052375234,418.4483500555,20390.9392956040,17257.0247021459,1122.3536547172,10112.5404265445,9289.9139013148,0.7617263889,0.0000000000,0.0000000000,1200.0000000000,10800.0000000000
2025-09-16,43409.9239829803,44.1466962316,-1906.9683454487,24.0584353399,41571.1607691031,44262.3843537350,64122.3986460768,57761.5350599102,3.5697656117,22.2895568169,6383.1531429836,13120.5126205351,16498.5850679118,1651.4072895652,9289.9139013148,2766.6140732278,0.7779465278,0.0000000000,0.0000000000,1803.7718224864,10800.0000000000
2025-09-17,48726.8497944899,128.3763753355,-1918.3012662713,13.4391094600,46950.3640130142,44367.3263438252,76282.7697117638,71369.3082366972,2.6843322601,126.5664747466,5040.0279498131,27626.2922548945,16742.3370926292,527.9190066921,2766.6140732278,9027.6803330448,0.7780548611,0.0000000000,0.0000000000,1535.5961242059,10800.0000000000
2025-09-18,38733.9060009040,4779.0714205164,0.0000000000,0.0000000000,43512.9774214205,44273.4432487738,57651.5227045759,64113.3654658796,0.0000000000,6461.8427613036,0.0000000000,19126.2168152841,17151.2103582099,3182.3078921386,9027.6803330448,7184.3750687895,0.7698256944,0.0000000000,0.0000000000,1606.2274530429,10800.0000000000
2025-09-19,13717.5957957508,0.0000000000,0.0000000000,0.0000000000,13717.5957957508,15516.3181840294,27810.9235572313,27810.9235572313,0.0000000000,0.0000000000,0.0000000000,12535.6778147688,14077.8557617312,13251.7491875269,7184.3750687895,2824.4231446024,0.5932520833,0.0000000000,0.0000000000,1307.5777413265,10800.0000000000
2025-09-20,15083.4287895624,10.4027162391,-208.2503677669,0.0000000000,14885.5811380347,15038.2915180183,32818.4922789846,32327.8101320516,0.0000000000,20.6767190658,511.3588659988,14910.7615920429,12410.8583056247,14182.4731123000,2824.4231446024,2454.2660156359,0.5874611111,0.0000000000,0.0000000000,1515.6837117244,10800.0000000000
2025-09-21,47313.0896103749,0.0000000000,-857.1670983534,0.0000000000,46455.9225120215,43710.8737867614,74632.9512343709,71697.3565896063,0.0000000000,0.0000000000,2935.5946447646,26739.8538575219,15670.8909231096,2340.9061718607,2454.2660156359,9108.0334617283,0.7738493056,0.0000000000,0.0000000000,1585.0078063127,10800.0000000000
2025-09-22,45413.4274574770,1894.1326617555,-2298.6540921639,281.8075219068,45290.7135489754,46360.6273287052,67693.9047600744,61625.7150819050,54.2533509191,967.5075068619,7035.6971850313,17821.8488644687,16769.7405685880,13.8402536100,9108.0334617283,6514.6523635412,0.7821659722,0.0000000000,0.0000000000,1200.0000000000,10406.4440901088
2025-09-23,45116.8239758053,365.8346278370,-755.7082745331,1555.6484428274,46282.5987719366,45976.0272584639,69154.2744935802,67145.5138114758,281.4792927329,231.1653464126,2239.9260285170,22474.7544180163,17535.7578496332,371.3809524923,6514.6523635412,7257.7559512745,0.7817520833,0.0000000000,0.0000000000,1200.0000000000,10800.0000000000
2025-09-24,40556.2124124851,5120.4100339832,0.0000000000,0.0000000000,45676.6224464683,44984.7704515244,61775.1324671384,67155.5697953035,0.0000000000,5380.4373281651,0.0000000000,23047.1352928171,17158.8875971344,204.0969996208,7257.7559512745,8934.7470513272,0.7761097222,0.0000000000,0.0000000000,1352.9641309621,10800.0000000000
2025-09-25,43156.4677567991,65.7074344713,-345.4435173627,111.1026442500,42987.8343181577,43218.7347718611,65731.0862041757,64324.8581715620,16.5147000000,60.5961492796,1466.8241818933,20198.7272960897,16864.6840775133,671.8807529856,8934.7470513272,8375.0637539043,0.7776076389,0.0000000000,0.0000000000,1268.9306108585,10800.0000000000
2025-09-26,12419.5997714351,0.0000000000,-263.8814223015,0.0000000000,12155.7183491336,14941.3786230435,26168.9107453175,25329.4971609636,0.0000000000,0.0000000000,839.4135843538,11907.7433370150,15722.2578877036,11449.7682116522,8375.0637539043,1622.8573264361,0.5928138889,0.0000000000,0.0000000000,1495.9016222974,10800.0000000000
2025-09-27,14384.5870539097,832.5415454467,-9.7528041734,3168.9929828462,18376.3687780292,18550.8209172578,31686.1334992161,32474.4203932052,658.9377240693,810.1443663634,21.8574723743,15346.0862687121,12810.9014714493,12796.8710700117,1622.8573264361,1200.0000000000,0.5996840278,0.0000000000,0.0000000000,1200.0000000000,10800.0000000000
2025-09-28,48288.9064195347,3258.7423513665,-107.7437251463,0.0000000000,51439.9050457549,47688.0610873648,76730.3787285993,78798.7350661113,0.0000000000,2507.9235788103,439.5672412983,30891.4087525011,16837.3020475222,1256.9991944657,1200.0000000000,10294.1544911152,0.7893881944,0.0000000000,0.0000000000,1200.0000000000,10800.0000000000
2025-09-29,44921.6480889769,2040.8244727433,-1417.6919577524,4389.4679947010,49934.2485986689,50680.1361917795,68312.3277906760,63984.3697024471,803.2642763894,1039.6931552834,5367.6512435123,18721.8523373256,16791.8723577359,97.7623992467,10294.1544911152,8486.1856416685,0.7877583333,0.0000000000,0.0000000000,1200.0000000000,10591.4704704561
2025-09-30,44444.1026009019,1476.9448666119,-42.6298231956,2660.4135070359,48538.8311513541,49520.3019353096,65908.1466584919,67024.9059101847,481.3101496764,1288.1442214095,171.3849697168,19160.0922307426,17660.7771442942,584.7262067460,8486.1856416685,6107.1829334544,0.7938243056,0.0000000000,0.0000000000,1200.0000000000,10800.0000000000
2025-10-01,41261.1634811606,0.0000000000,-1117.7887280222,0.0000000000,40143.3747531384,38426.4024206963,67490.1780327645,62573.2268689601,0.0000000000,0.0000000000,4916.9511638044,24376.1357252352,15999.0529450406,4534.6225554322,6107.1829334544,10268.9795916766,0.7381555556,0.0000000000,0.0000000000,1670.7810762512,10800.0000000000
2025-10-02,42266.1755649862,0.0000000000,-1805.2262879707,0.0000000000,40460.9492770154,41086.4268749467,66771.4012075426,60930.3291820850,0.0000000000,0.0000000000,5841.0720254576,17650.2330475734,15661.1833937011,7210.4964115460,10268.9795916766,8752.8744526026,0.7419722222,0.0000000000,0.0000000000,1918.4287921069,10800.0000000000
2025-10-03,10276.7583489571,0.0000000000,0.0000000000,0.0000000000,10276.7583489571,12541.4824179665,23354.0546076914,23354.0546076914,0.0000000000,0.0000000000,0.0000000000,12634.1482087970,15174.2108056501,18076.9635045445,8752.8744526026,3263.3736120197,0.5579645833,0.0000000000,0.0000000000,1239.3957190901,10800.0000000000
2025-10-04,13579.6879850615,0.0000000000,-293.1803858531,0.0000000000,13286.5075992084,13476.8732906667,30927.9323964292,30234.3929649729,0.0000000000,0.0000000000,693.5394314564,15556.4291605325,13015.9950158871,14597.9763869941,3263.3736120197,2801.9431721800,0.5858305556,0.0000000000,0.0000000000,1212.3165917591,10800.0000000000
2025-10-05,47032.8265464889,85.7307477541,-2623.0158461452,0.0000000000,44495.5414480978,41195.8986701316,78366.8152387591,68797.8958609581,0.0000000000,67.6100284074,9636.5294062084,29213.7866772977,16464.9160635731,1313.0641805669,2801.9431721800,10800.0000000000,0.7525611111,0.0000000000,0.0000000000,1375.8838206122,10800.0000000000
2025-10-06,38332.3436724219,2338.8650180073,-2.6156317006,0.0000000000,40668.5930587286,40795.1870630339,58642.3466233932,61495.2359878635,0.0000000000,2866.3494746577,13.4601101873,20583.6512561065,16948.9254234179,127.4009051749,10800.0000000000,10493.1467711426,0.7684895833,0.0000000000,0.0000000000,1523.6640608623,10800.0000000000
2025-10-07,39889.4966034152,1889.8704255873,-831.3715275004,0.0000000000,40947.9955015020,41363.3688052308,62943.3647106751,61456.3524205774,0.0000000000,1631.9276802644,3118.9399703621,20266.3105905290,17321.8585646478,740.3373946961,10493.1467711426,9486.3167863434,0.7657534722,0.0000000000,0.0000000000,1908.8077769023,10800.0000000000
2025-10-08,35677.6050310400,1738.4517512532,-437.6605201018,933.1489489034,37911.5452110948,40139.3042201046,54769.7891106790,54232.8977657277,182.6578811376,1260.1222799052,1797.0136248565,14509.9632737815,16612.9808289188,40.0775353359,9486.3167863434,4086.4161450592,0.7606854167,0.0000000000,0.0000000000,1200.0000000000,10794.2845931210
2025-10-09,45363.3025438360,0.0000000000,-3177.3712297468,5238.2609185274,47424.1922326166,45832.1443821748,74522.8524439489,63181.5400674273,910.9025834435,0.0000000000,11341.3123765216,25244.6856763559,16975.1042078191,62.8794990006,4086.4161450592,7945.4063562028,0.7578034722,0.0000000000,0.0000000000,1200.0000000000,10755.5638651630
2025-10-10,10451.3560238136,0.0000000000,0.0000000000,338.4640148571,10789.8200386707,13441.4433317707,24246.9871403326,24246.9871403326,110.6699812886,0.0000000000,0.0000000000,12487.5059536478,15899.4606665457,18426.0009178524,7945.4063562028,1518.0943072129,0.5595319444,0.0000000000,0.0000000000,1200.0000000000,10800.0000000000
2025-10-11,13323.0244768460,428.0218536164,-8.6844741813,0.0000000000,13742.3618562811,13401.2408602968,31791.6402967606,32129.4646986020,0.0000000000,368.2406783994,30.4162765580,17132.5278041924,13133.1837542337,14023.8070653099,1518.0943072129,2344.9429373931,0.5845513889,0.0000000000,0.0000000000,1518.0943072129,10800.0000000000
2025-10-12,43471.5864689351,1462.4755478553,-585.9338589530,105.1205901667,44453.2487480041,41264.2837435215,73205.4941733448,71841.5833253707,20.9299333333,812.7900067779,2176.7008547520,29154.7395412363,16658.5341438581,851.3518779925,2344.9429373931,10074.7261424412,0.7663437500,0.0000000000,0.0000000000,1611.5250536019,10800.0000000000
2025-10-13,40838.9602114917,3029.7695047571,-1885.6758591789,0.0000000000,41983.0538570699,42328.2171231404,65433.3505567124,60046.1826910244,0.0000000000,1990.8780589805,7378.0459246685,19378.1291147687,16449.2666608433,89.9249370990,10074.7261424412,9238.0793892405,0.7646513889,0.0000000000,0.0000000000,1513.9762352872,10800.0000000000
2025-10-14,43960.7474724370,963.8845020310,-1389.6579369214,966.2556023915,44501.2296399382,44823.6135818893,69022.2338763778,64608.1902811595,188.7835209176,807.6525374155,5221.6961326338,20828.8631130809,17574.6675486906,768.9489543536,9238.0793892405,8456.6478035792,0.7730666667,0.0000000000,0.0000000000,1200.0000000000,10800.0000000000
2025-10-15,44353.2190863871,870.8567053818,-1791.4161025007,0.0000000000,43432.6596892682,44100.2501947853,70044.3490877454,64430.8764861551,0.0000000000,448.3243508987,6061.7969524891,19980.9852617661,17640.9630215480,170.8305959370,8456.6478035792,6838.4645152265,0.7760555556,0.0000000000,0.0000000000,1375.9558429492,10659.6054693519
2025-10-16,43666.9801907333,1738.5040927886,-466.2476376889,1884.6081599724,46823.8448058054,46092.0781046583,69163.1979780086,69255.6114323702,325.6141786719,1416.4917831536,1324.0783287920,24448.6964947906,18207.0772662769,373.1334325285,6838.4645152265,8612.2055091193,0.7822208333,0.0000000000,0.0000000000,1200.0000000000,10800.0000000000
2025-10-17,9695.7404255383,720.1886818617,0.0000000000,1258.7477762851,11674.6768836851,14721.8077882009,22449.7548900271,23200.7133030963,290.3506516724,750.9584130692,0.0000000000,11759.9056445200,16172.9139104876,11899.8729040697,8612.2055091193,1226.2162442010,0.5888062500,0.0000000000,0.0000000000,1200.0000000000,10800.0000000000
2025-10-18,13796.4887321180,539.8808114544,-322.8604526682,0.0000000000,14013.5090909043,13679.5811790277,32907.5983122916,32305.7380606481,0.0000000000,470.6619412529,1072.5221928965,17347.6647597351,13323.1365765273,12204.6166107736,1226.2162442010,2035.6294429322,0.5830680556,0.0000000000,0.0000000000,1226.2162442010,10800.0000000000
2025-10-19,48956.9238367269,968.3387964952,-1149.9274677720,1415.3596666126,50190.6948320628,47477.3695892234,78147.2725393339,75362.4012590696,221.1709291656,513.7041263563,3298.5754066206,28860.4380405407,17457.7696614782,295.1812758393,2035.6294429322,8612.5018333320,0.7893604167,0.0000000000,0.0000000000,1200.0000000000,10626.2370104658
2025-10-20,48596.5034392789,0.0000000000,-1850.7755893741,182.2507134804,46927.9785633851,46477.5657637001,75524.5179513866,70883.2688629400,34.2963329846,0.0000000000,4641.2490884465,23785.3459391634,18283.5437099283,974.9806000229,8612.5018333320,9704.2646119921,0.7871270833,0.0000000000,0.0000000000,1200.0000000000,10800.0000000000
2025-10-21,47543.5157757688,2534.4436394247,-1452.6776382672,0.0000000000,48625.2817769262,48535.4040224849,73569.8340061134,71348.3570765219,0.0000000000,1791.7035096495,4013.1804392410,22341.4509135231,17900.5047279755,444.8295409743,9704.2646119921,9922.1207364124,0.7953062500,0.0000000000,0.0000000000,1763.3037833240,10800.0000000000
2025-10-22,44673.1952289701,990.4386953704,-409.9738905365,1203.0821138571,46456.7421476610,47066.9578753309,69190.1913379245,68453.8900535018,195.6915791285,581.3259602343,1317.6272446570,21427.8967063134,18687.7968153150,354.5850416319,9922.1207364124,8443.0090884112,0.7929506944,0.0000000000,0.0000000000,1200.0000000000,10800.0000000000
2025-10-23,50774.8085117810,2486.1376689944,-4267.4119179937,555.1909118262,49548.7251746079,49438.7031994974,79357.0853075854,67724.2512400468,111.3022203961,1401.1362599738,13033.9703275123,22076.8200133525,17642.2085904560,21.4450042131,8443.0090884112,8709.6931110329,0.7813361111,0.0000000000,0.0000000000,1200.0000000000,10776.4661809352
2025-10-24,10336.9416490843,415.5238248416,0.0000000000,3074.3162376842,13826.7817116100,16913.4360795593,23934.2354954320,24343.0757999839,663.7136722346,408.8403045519,0.0000000000,11895.8896377000,16369.2823437816,11060.1314616333,8709.6931110329,1227.9022918722,0.5963583333,0.0000000000,0.0000000000,1200.0000000000,10800.0000000000
2025-10-25,13551.6165634834,862.4692032158,-65.9568119989,0.0000000000,14348.1289547003,14233.0853491376,32481.0126212308,32931.6719506315,0.0000000000,656.8724085076,206.2130791069,18399.0084758795,14652.2264358751,9786.4571772938,1227.9022918722,1506.7583247470,0.5985090278,0.0000000000,0.0000000000,1227.9022918722,10800.0000000000
2025-10-26,50400.5629578138,3715.5659578903,-2231.4398015634,133.3732044708,52018.0623186115,48829.2211736229,80822.2783921924,77232.2543977326,27.6925684942,2746.0261352056,6336.0501296655,29868.6722464023,17237.0898375478,84.0525407056,1506.7583247470,9236.2413047892,0.7873305556,0.0000000000,0.0000000000,1200.0000000000,10792.2991502993
2025-10-27,43134.6586028669,2782.6201545290,-288.5400413447,103.6609000000,45732.3996160511,46195.2760547690,66786.2144973979,68034.0780276919,19.7449333333,2678.0761623996,1430.2126321055,20923.2953565232,17957.6454719146,1535.5914097500,9236.2413047892,8114.2677124216,0.7828958333,0.0000000000,0.0000000000,1410.1764645974,10800.0000000000
2025-10-28,44837.7060970778,3135.8663198230,-1.7406241617,1351.0988254116,49322.9306181507,48394.3012471630,69722.8844102687,72575.7839706439,202.4837841184,2857.2643343343,4.3647739591,23487.1932146599,16998.7988968182,317.4517369206,8114.2677124216,10365.1872758176,0.7930666667,0.0000000000,0.0000000000,1200.0000000000,10762.7757688793
2025-10-29,48834.2030610915,737.1942718244,-552.7713236489,389.0861255201,49407.7121347871,49731.7524521654,74779.2472748090,73728.6221506414,62.5893936138,409.5566724168,1460.1817965845,22440.8319723589,18883.9757480725,922.0985199688,10365.1872758176,9579.7407753045,0.8069569444,0.0000000000,0.0000000000,1200.0000000000,10800.0000000000
2025-10-30,42759.9179685100,2892.8818195087,-51.5183666585,3775.8314274223,49377.1128487826,49580.8133398836,65331.7043423595,68158.0651272249,609.3679787303,2948.4484710219,122.0876861566,21911.0831032919,18192.3548999628,260.8872526260,9579.7407753045,9085.9879016419,0.7919604167,0.0000000000,0.0000000000,1200.0000000000,10800.0000000000
2025-10-31,11556.3834807524,75.0909798493,-307.7302536136,1520.2946477401,12844.0388547282,16051.1056293286,25406.1334210716,24543.9372042489,360.9240427893,81.7183369782,943.9145538010,11143.6669349270,16022.6645545554,5879.5668000000,9085.9879016419,1312.3275269035,0.6177326389,0.0000000000,0.0000000000,1200.0000000000,10800.0000000000
2025-11-01,13765.6356816119,319.0498647011,-45.6174983642,0.0000000000,14039.0680479488,13937.4711561087,33504.5902947544,33638.3767588759,0.0000000000,292.8270604361,159.0405963146,18544.8205662532,14799.6685628114,7349.1863221008,1312.3275269035,1558.5898556299,0.6046034722,0.0000000000,0.0000000000,1312.3275269035,10800.0000000000
2025-11-02,51621.1044286058,2008.0073604085,-575.9680894183,2001.5671208146,55054.7108204106,52217.7957469691,80811.0495891443,81550.8680055300,321.2749989026,1981.9244647772,1242.1060483915,30441.6360850672,18468.9258497297,1103.0488357618,1558.5898556299,8435.0336102684,0.8022444444,0.0000000000,0.0000000000,1200.0000000000,10800.0000000000
2025-11-03,51826.9597145763,909.7190364221,-1820.6188204422,1101.0079257103,52017.0678562665,52069.4943025911,78009.3829096734,73553.2532544711,211.3815955025,483.1390012899,4939.2686564922,21541.9088115737,17563.3157078648,281.1114629313,8435.0336102684,8307.9563097239,0.8054708333,0.0000000000,0.0000000000,1200.0000000000,10800.0000000000
2025-11-04,47795.2506882255,2227.0432721667,-257.7495925605,502.6149464456,50267.1593142774,49555.0788612548,73718.4389688272,73966.8762939862,86.2416070896,1380.2135172070,1131.7761920481,24322.3182465375,18147.6569153047,298.3845365096,8307.9563097239,10033.9794923802,0.7975826389,0.0000000000,0.0000000000,1200.0000000000,10800.0000000000
2025-11-05,53532.1580359026,171.8063755048,-2162.1351523177,379.0537776600,51920.8830367498,52149.1955722065,79405.8517689632,73759.9099132482,70.5807238916,98.7923517158,5744.7342074308,22541.7634370850,18756.8977449867,367.6048783749,10033.9794923802,9480.5690913271,0.8089555556,0.0000000000,0.0000000000,1200.0000000000,10800.0000000000
2025-11-06,48813.4967203911,2970.2222014160,-27.5895073666,0.0000000000,51756.1294144404,52742.7418308899,72026.7187618694,74166.9154208058,0.0000000000,2246.2214414767,106.0247825402,19495.9647350539,17944.0504693934,1245.4166051454,9480.5690913271,7089.1034979940,0.8150673611,0.0000000000,0.0000000000,1203.7277377188,10800.0000000000
2025-11-07,11966.6448724667,0.0000000000,0.0000000000,1295.1905335264,13261.8354059931,15665.4234770215,27633.1538742199,27633.1538742199,253.9902009608,0.0000000000,0.0000000000,13604.3815514784,16263.0350182731,7227.3357586420,7089.1034979940,1263.0079851322,0.6155340278,0.0000000000,0.0000000000,1200.0000000000,10800.0000000000
2025-11-08,14365.3091144550,15.8685540861,-6.3486972268,0.0000000000,14374.8289713143,14318.9993185060,34378.6607243177,34393.9273159713,0.0000000000,31.3545697876,16.0879781341,18736.1452228519,15054.4838821269,6921.0588752463,1263.0079851322,1398.3343722246,0.6173409722,0.0000000000,0.0000000000,1263.0079851322,10800.0000000000
2025-11-09,55087.8121110571,869.1710285453,-404.6086533909,0.0000000000,55552.3744862116,52083.2501972324,86097.5094492537,85481.1036025760,0.0000000000,465.4964837457,1081.9023304234,31928.7740476618,18294.3277863810,499.8401579619,1398.3343722246,9807.2001413635,0.8103173611,0.0000000000,0.0000000000,1336.0414164607,10800.0000000000
2025-11-10,52209.7561376740,4890.3179164461,-475.2937600190,0.0000000000,56624.7802941011,56249.2939474469,77182.2937029024,80172.7269080163,0.0000000000,4011.3120566643,1020.8788515503,23848.2809182031,18497.9749264811,963.9778162943,9807.2001413635,10717.3474938784,0.8189729167,0.0000000000,0.0000000000,1241.8268613738,10800.0000000000
2025-11-11,53771.2413674718,546.5711038028,-1516.2944399704,10.4696550000,52811.9876863041,53041.7387272543,79319.5789325222,75737.1665530512,2.0516666667,304.6180441671,3887.0304236380,21784.1949830529,18146.4054320166,542.4090020149,10717.3474938784,10160.4502763854,0.8138590278,0.0000000000,0.0000000000,1458.9401484436,10800.0000000000
2025-11-12,50717.3800533795,2513.2323101713,-768.4113817408,60.5796866667,52522.7806684767,52535.3332793524,76420.2440760221,76327.0162505523,11.7733333333,2027.4150380231,2120.6428634929,22963.1396132434,18627.5269133076,1047.1891339498,10160.4502763854,10130.0238024071,0.8123951389,0.0000000000,0.0000000000,1255.2475805035,10800.0000000000
2025-11-13,49474.1304364808,4341.7583888583,-151.9805512527,0.0000000000,53663.9082740864,54234.1876317079,72326.4584979879,74795.5566475248,0.0000000000,2950.5290934244,481.4309438875,18843.1763479499,16507.0511603782,63.5601432864,10130.0238024071,8747.7145595863,0.8185361111,0.0000000000,0.0000000000,1440.6988731343,10754.2758579326
2025-11-14,12051.6659080399,183.2618937809,-139.6953909296,442.9361650869,12538.1685759782,15557.3208745729,26975.0646757999,26667.1831690346,95.5045645754,138.3466668915,446.2281736569,12577.7766084662,16774.3533805220,3360.8092056657,8747.7145595863,1429.5430844037,0.6290784722,0.0000000000,0.0000000000,1200.0000000000,10800.0000000000
2025-11-15,15818.3928409006,1.3814604153,-186.6466126139,257.3791918932,15890.5068805952,15303.8219811432,37404.0288339319,36778.5354643506,53.2820742841,3.5018007993,628.9951703805,20603.0174446218,15408.5767222360,3425.4898995822,1429.5430844037,2851.6179820789,0.6287680556,0.0000000000,0.0000000000,1200.0000000000,10800.0000000000
2025-11-16,55676.9233465926,3554.3111393391,0.0000000000,0.0000000000,59231.2344859316,56252.6528669861,85023.9005745925,87466.6471033834,0.0000000000,2442.7465287909,0.0000000000,29829.8600299398,17664.3382231042,866.5809132145,2851.6179820789,10071.4495389089,0.8205798611,0.0000000000,0.0000000000,1274.4536662013,10800.0000000000
2025-11-17,48260.0202049178,5008.3491036007,-0.5294932585,0.0000000000,53267.8398152600,54369.5002452674,70505.1982819496,75121.9960741473,0.0000000000,4619.6793881624,2.8815959647,19387.2412206687,18106.9644684777,1145.9649886230,10071.4495389089,7401.1172280911,0.8158548611,0.0000000000,0.0000000000,1328.9733706324,10800.0000000000
2025-11-18,53481.6100699792,1901.7305268578,-70.3071647516,1888.9187724831,57201.9522045685,56761.9058252074,78733.1388741932,79998.0285608678,373.0619638329,1435.9194527628,171.0297660881,23465.2604410047,18046.8890550256,62.1673053883,7401.1172280911,8467.7526749669,0.8219125000,0.0000000000,0.0000000000,1200.0000000000,10661.4736029041
2025-11-19,54228.3098723789,5152.2175260840,-298.8551542906,47.3043701498,59128.9766143221,58513.7940531104,79248.0008503677,82326.3575771359,10.1176441563,3841.0585927813,762.7018660131,23474.2510064108,17672.1075635592,1166.0201784407,8467.7526749669,9958.9035101152,0.8290138889,0.0000000000,0.0000000000,1200.0000000000,10800.0000000000
2025-11-20,51803.5098911676,2893.7084116508,-0.7180028929,198.7383755133,54895.2386754387,55164.8593058519,76503.5683260587,78643.5068247550,40.9634523438,2143.7928238314,3.8543251350,22107.5062801133,18495.2640638232,279.1520274754,9958.9035101152,9305.3657579691,0.8211791667,0.0000000000,0.0000000000,1200.0000000000,10770.1046167361
2025-11-21,13768.6313728667,500.1293862831,0.0000000000,0.0000000000,14268.7607591497,15592.8475761272,31595.1919813010,32070.5731139979,0.0000000000,475.3811326969,0.0000000000,16079.4834418301,15912.9092521747,3039.6148576758,9305.3657579691,6095.8905754222,0.6326340278,0.0000000000,0.0000000000,1280.4558550398,10800.0000000000
2025-11-22,15427.0495132394,47.1061203818,-329.3536642536,0.0000000000,15144.8019693676,16196.5703549289,36048.4534148562,34227.7074833334,0.0000000000,45.9079237419,1866.6538552647,16885.2591228167,15971.5182581986,3094.1371353820,6095.8905754222,3546.4923879587,0.6366750000,0.0000000000,0.0000000000,1214.2312700168,10800.0000000000
2025-11-23,56820.3971219428,3813.1460409930,-300.3870334889,0.0000000000,60333.1561294470,57340.6812668349,86030.0254430537,87807.0743200551,0.0000000000,2685.7633153811,908.7144383797,29684.0426971345,17515.9177338418,406.8530734291,3546.4923879587,10800.0000000000,0.8264944444,0.0000000000,0.0000000000,1327.0753537282,10800.0000000000
2025-11-24,51051.5571161073,2023.6015289541,-3.2107657154,1328.9270808211,54400.8749601671,55466.8513200074,74019.7441264557,75508.4594473722,213.6003600592,1504.4184078531,15.7030869366,20380.1038751443,18833.3375497761,13.3497820632,10800.0000000000,8216.1628767675,0.8210506944,0.0000000000,0.0000000000,1200.0000000000,10800.0000000000
2025-11-25,59878.2947790191,0.0000000000,-2558.8818466725,0.0000000000,57319.4129323466,58056.1205293777,85269.7095680760,79137.8015260132,0.0000000000,0.0000000000,6131.9080420628,20204.1392625260,17972.4983819491,737.5001787695,8216.1628767675,6430.4455664308,0.8241243056,0.0000000000,0.0000000000,1317.0467107458,10800.0000000000
2025-11-26,59168.9825280901,2584.6009822372,-1156.6123713782,758.6793827380,61355.6505216870,59888.4061076015,86696.6418271386,85860.1433496654,116.7648145807,1719.8196043928,2556.3180818661,25870.3289977158,17754.1370364685,1103.0493196654,6430.4455664308,9986.9227349656,0.8299340278,0.0000000000,0.0000000000,1200.0000000000,10800.0000000000
2025-11-27,55284.9226638654,1691.9042128831,-491.5529582741,229.1493074233,56714.4232258977,57344.3196946962,79085.2097286882,79013.4555572584,35.5490703418,1242.6032286537,1314.3574000835,20836.2275630878,18251.4788257691,683.3631569483,9986.9227349656,8460.1066242233,0.8285638889,0.0000000000,0.0000000000,1200.0000000000,10800.0000000000
2025-11-28,14185.3328496933,410.5891159906,-3.9663244079,0.0000000000,14591.9556412760,15524.3881746138,33461.1594864291,33734.0347713931,0.0000000000,285.0904687710,12.2151838071,17081.3501023589,15870.0178813315,1601.4640003656,8460.1066242233,6199.9685148670,0.6340243056,0.0000000000,0.0000000000,1244.9908837795,10800.0000000000
2025-11-29,18486.5540456896,0.0000000000,-1354.5141012267,0.0000000000,17132.0399444628,17693.3532013285,44056.8041830221,37656.3902849140,0.0000000000,0.0000000000,6400.4138981081,18168.9093471885,15941.3351224243,499.3659601498,6199.9685148670,4839.3923468652,0.6504381944,0.0000000000,0.0000000000,1451.4604605296,10800.0000000000
2025-11-30,61026.3584656710,2327.0664653270,-95.4617759924,0.0000000000,63257.9631550055,61142.0077332309,89398.1551312823,90891.9465529765,0.0000000000,1677.5293860134,183.7379643192,28523.4112361555,18487.9547747644,611.6619749188,4839.3923468652,9968.2904874446,0.8395993056,0.0000000000,0.0000000000,1236.1450896011,10800.0000000000
2025-12-01,64428.4332248316,5999.0804830563,-34.9194581281,5607.1550682908,75999.7493180505,76609.9671944705,85323.9644257335,88668.0632913720,864.3715251561,3434.2459270613,90.1470614228,21632.2295676956,18853.3111205854,454.5886360846,9968.2904874446,8489.1736310535,0.9076055556,0.0000000000,0.0000000000,1200.0000000000,10800.0000000000
2025-12-02,69387.8314778605,4766.6630002008,-416.6819065584,2280.1282742728,76017.9408457757,75709.0353297762,92464.3582338217,94247.2017225310,332.1734702300,2873.3994797052,1090.5559909959,25362.6721717739,19869.8795467760,448.7726177631,8489.1736310535,9237.9346447878,0.9153138889,0.0000000000,0.0000000000,1200.0000000000,10800.0000000000
2025-12-03,58706.9929590292,15466.3461811182,0.0000000000,22.4741112733,74195.8132514207,75103.7964926103,79535.2960503041,90104.2170417924,3.1433826997,10568.9209914883,0.0000000000,21736.5140315997,19587.3639372726,795.4617634983,9237.9346447878,7037.0595651469,0.9120326389,0.0000000000,0.0000000000,1251.8482003824,10800.0000000000
2025-12-04,66463.8461558545,6645.7117841596,-752.2434931169,7163.2842280491,79520.5986749462,79327.6268238971,89004.1471874033,91479.8556501922,1057.6390606622,3941.6448750391,1465.9364122502,23462.8424518099,18583.9295894409,887.3730984854,7037.0595651469,7504.8071168415,0.9050854167,0.0000000000,0.0000000000,1200.0000000000,10800.0000000000
2025-12-05,17977.5894294526,3631.4827173017,0.0000000000,819.6938781308,22428.7660248852,22465.3903948286,41152.3525960611,45134.6624758087,167.2611600839,3982.3098797476,0.0000000000,20817.3622864417,16941.9604077253,114.8940738428,7504.8071168415,7416.0327216109,0.7171770833,0.0000000000,0.0000000000,1200.0000000000,10778.0613414435
2025-12-06,20167.9953907954,4001.5950528053,0.0000000000,912.1812634517,25081.7717070525,24725.0642603697,44800.9755599917,48912.0851817881,182.4523032157,4111.1096217964,0.0000000000,21654.1637334119,16761.7066348013,537.4495697265,7416.0327216109,8280.6615985690,0.7271965278,0.0000000000,0.0000000000,1200.0000000000,10800.0000000000
2025-12-07,70200.6264122439,2713.0247320011,-795.6553054723,2103.6827587083,74221.6785974809,73731.2017119293,94116.9083998922,93779.5406117857,310.9934039603,1731.3766127525,2068.7444008590,25824.2956639905,19847.6922072053,461.2493089608,8280.6615985690,9469.5363548212,0.9101083333,0.0000000000,0.0000000000,1200.0000000000,10800.0000000000
2025-12-08,71441.1043999088,712.0396687262,-732.5365349264,0.0000000000,71420.6075337085,71279.5249509993,95435.9824536299,93925.8224706193,0.0000000000,434.6623234244,1944.8223064350,24494.0243842280,19532.3846583227,1116.9716280474,9469.5363548212,9811.5086802679,0.9085152778,0.0000000000,0.0000000000,1247.3880889360,10800.0000000000
2025-12-09,69223.7481109154,1344.4797266428,-810.9444559525,453.7942830678,70211.0776646736,70281.1305192347,93515.2700109383,92216.2529348974,61.3772765717,681.8068725390,1980.8239485799,23838.0875639494,19461.6729364797,512.7613173329,9811.5086802679,9641.7064472892,0.9057770833,0.0000000000,0.0000000000,1436.1996264435,10800.0000000000
2025-12-10,66589.1720817415,3997.8853116262,-8.3721310420,1332.2355582781,71910.9208206038,72420.3541258030,89021.4938201984,92033.8132904557,195.3895014151,3029.1493017604,16.8298315031,24374.7353645535,20854.8768174169,321.7257780676,9641.7064472892,8406.8829227019,0.9161590278,0.0000000000,0.0000000000,1200.0000000000,10800.0000000000
2025-12-11,68941.0416515262,303.3706555008,-1267.5628332523,0.0000000000,67976.8494737747,67978.4649277890,93845.8960645204,91176.8243510628,0.0000000000,150.7315427875,2819.8032562452,23418.4443404799,18972.4640680956,769.5893786785,8406.8829227019,8402.9671979165,0.8976340278,0.0000000000,0.0000000000,1256.8506555721,10800.0000000000
2025-12-12,19261.3049602166,2441.2127608737,-24.8612501542,0.0000000000,21677.6564709360,22981.9034699395,42501.3381645472,45232.7019999804,0.0000000000,2804.4637334000,73.0998979668,17376.9913352886,16920.6095993938,1061.9067807522,8402.9671979165,5241.5820670165,0.7237798611,0.0000000000,0.0000000000,1495.7353079863,10800.0000000000
2025-12-13,23181.9209936164,921.1677069104,-4.8860569129,0.0000000000,24098.2026436139,22604.6603845690,51586.1836563039,52444.0502595410,0.0000000000,883.7845808789,25.9179776419,24180.9616324155,16328.3800808173,792.9353246095,5241.5820670165,8861.8030019490,0.7296965278,0.0000000000,0.0000000000,1590.9400523761,10800.0000000000
2025-12-14,67512.7119198183,5740.0795311573,0.0000000000,3547.0403221759,76799.8317731515,76018.6284386345,91473.8672187847,95587.1248986530,518.9349778539,4113.2576798684,0.0000000000,27088.8102334624,20237.7221739448,476.2500169893,8861.8030019490,10755.3742410154,0.9207375000,0.0000000000,0.0000000000,1200.0000000000,10800.0000000000
2025-12-15,66504.9612023700,7342.5389176496,-67.6240734698,23.1387792570,73803.0148258068,74465.1075125760,88682.0199430985,93448.8693489118,3.2101525051,4898.2722862440,131.4228804307,22649.7605769353,19790.6774012336,1123.4383590486,10755.3742410154,9150.5172033309,0.9144402778,0.0000000000,0.0000000000,1533.8045696770,10800.0000000000
2025-12-16,73288.3811031972,575.1242110566,-596.9741808295,0.0000000000,73266.5311334243,73046.0038246764,96988.8755067556,96176.3208027324,0.0000000000,317.1850110094,1129.7397150327,23696.7694190920,18713.2975303377,1774.7575806448,9150.5172033309,9685.0568690273,0.9109138889,0.0000000000,0.0000000000,1544.1401949833,10800.0000000000
2025-12-17,72870.9474882279,1667.4435071785,-1995.8897718326,221.4382119423,72763.9394355162,72794.6976003800,96672.0846484414,92972.8276845451,36.5313796494,835.3359166356,4534.5928805319,21946.9310633678,17844.1138476724,714.6947818323,9685.0568690273,9610.5016619780,0.9088097222,0.0000000000,0.0000000000,1200.0000000000,10800.0000000000
2025-12-18,67983.5699564321,849.0592102673,-30.2831612380,0.0000000000,68802.3460054614,69251.3450543760,90786.3533497197,91252.3839911788,0.0000000000,543.1384324871,77.1077910279,22238.5877377039,18992.7584365701,640.2877233783,9610.5016619780,8522.1656963892,0.9094777778,0.0000000000,0.0000000000,1365.7391657020,10800.0000000000
2025-12-19,21494.6404379265,2221.6921064260,-356.9923287696,0.0000000000,23359.3402155829,22907.2801562950,48000.4558377277,48943.2775976166,0.0000000000,2229.4306545419,1286.6088946529,21566.2715494470,16482.4999172842,951.1146654538,8522.1656963892,9617.9212939091,0.7250944444,0.0000000000,0.0000000000,1233.1644153488,10800.0000000000
2025-12-20,21827.7423906339,561.0124044220,-514.7566198113,0.0000000000,21873.9981752446,22178.1230744219,47873.4688212630,46777.2415508722,0.0000000000,345.0031684821,1441.2304388729,20000.5984111495,16863.9405932724,784.2314829951,9617.9212939091,8880.7480936410,0.7189708333,0.0000000000,0.0000000000,1483.3065386263,10800.0000000000
2025-12-21,71406.7166012029,2660.9426322636,-748.7195539504,138.6370904480,73457.5767699641,73201.0950990981,95655.5483441756,96071.0448313772,20.5696047432,1852.5527764592,1437.0562892575,25399.2057388109,20013.8356320042,1668.4624626471,8880.7480936410,9502.4381118995,0.9100763889,0.0000000000,0.0000000000,1200.0000000000,10800.0000000000
2025-12-22,70740.1270050592,1354.7066728425,-217.0365939054,0.0000000000,71877.7970839963,72263.1618879096,93124.2791664228,93372.1163409541,0.0000000000,683.0336866376,435.1965121064,22602.1137683164,19148.3948648863,980.9703541907,9502.4381118995,8568.3462090662,0.9192854167,0.0000000000,0.0000000000,1243.8213451637,10800.0000000000
2025-12-23,73240.9221258946,1245.4656882020,-2005.9905191715,0.0000000000,72480.3972949252,71954.7946770824,97784.2913006710,94501.0246966344,0.0000000000,602.9253716690,3886.1919757056,25294.7857801276,19342.1615601349,1290.3079433083,8568.3462090662,9842.3627888089,0.9126888889,0.0000000000,0.0000000000,1299.3988894482,10800.0000000000
2025-12-24,70977.5982316222,1088.8227069353,-1013.5404449517,231.5463622947,71284.4268559005,71663.0919745525,94057.3971359922,92728.0462984198,30.0514422186,569.0181473469,1898.3689849193,22313.2059304481,18899.7639895183,1490.0964830420,9842.3627888089,8924.5103600807,0.9082652778,0.0000000000,0.0000000000,1383.2956734921,10800.0000000000
2025-12-25,67816.1463673779,2656.1642898323,-108.8096782176,0.0000000000,70363.5009789927,70674.3501701662,91051.2481007249,92633.5683495146,0.0000000000,1785.3795111687,203.0592623789,22470.3593006116,18879.1161206233,1229.8766361930,8924.5103600807,8171.0380410497,0.9102520833,0.0000000000,0.0000000000,1368.6940227660,10800.0000000000
2025-12-26,21669.5474369061,1045.1255634680,-162.9445146345,0.0000000000,22551.7284857395,22245.1775673752,47512.5362463254,48023.0432451084,0.0000000000,952.8827970587,442.3757982758,21268.8557568095,16559.0248627864,305.5899177520,8171.0380410497,8914.0917079712,0.7237750000,0.0000000000,0.0000000000,1424.7293150806,10800.0000000000
2025-12-27,21545.6599147368,1529.2542043807,-552.8574450274,0.0000000000,22522.0566740902,22910.1262100376,48330.5292809679,47513.3897283256,0.0000000000,964.0111600327,1781.1507126750,19169.5707407704,16373.9354514310,1378.9453723195,8914.0917079712,7973.4437619634,0.7212277778,0.0000000000,0.0000000000,1475.3392222222,10800.0000000000
2025-12-28,71551.3990947831,374.9963759824,-1197.2310958742,160.9484653113,70890.1128402026,70129.6535631965,97027.3143576693,95002.6047291860,21.5671473090,193.0059066144,2217.7155350977,26128.5541827095,19505.1684399071,1591.5313836926,7973.4437619634,9816.7331487274,0.9058916667,0.0000000000,0.0000000000,1322.8205338866,10800.0000000000
2025-12-29,69724.4097288490,1032.2098779421,-753.3387350595,404.6632192927,70407.9440910242,70471.0164408730,94262.7400760951,93454.3905541295,73.7213924710,781.1195413381,1589.4690633037,23300.2247815230,19010.7759415429,1714.8968399538,9816.7331487274,9663.8510726060,0.9065312500,0.0000000000,0.0000000000,1200.0000000000,10800.0000000000
2025-12-30,70725.1921449391,138.1370870656,-1213.7998810206,1178.3888033886,70827.9181543727,70392.2086876577,96425.7986610086,93853.5518405509,213.6587205511,65.9132564563,2638.1600769140,24201.1277032624,18652.4026180988,2294.0828759385,9663.8510726060,10719.9742076545,0.9004583333,0.0000000000,0.0000000000,1200.0000000000,10800.0000000000
2025-12-31,72474.0195669993,484.8876058019,-1526.6158147828,589.7301119556,72022.0214699739,72609.3783035101,96039.1080891685,93121.5224577369,103.2123337789,245.0533722887,3162.6390037203,22518.8774177995,19521.6239569076,1581.0583972905,10719.9742076545,9296.2705982213,0.9102437500,0.0000000000,0.0000000000,1200.0000000000,10800.0000000000
