date,plan_cost,up_cost,down_net_cost,emergency_cost,total_cost,inventory_adjusted_cost,plan_kwh,final_kwh,emergency_kwh,up_kwh,down_kwh,charge_kwh,discharge_kwh,spill_kwh,soc_start,soc_end,mean_price,balance_error,dynamics_error,soc_min,soc_max
2025-02-01,19947.4331978868,0.0000000000,-362.9030008331,0.0000000000,19584.5301970536,18464.1332151145,46856.2644687382,45615.3808029398,0.0000000000,0.0000000000,1240.8836657984,22447.6085722878,15738.3896190965,4527.9859164152,5280.4291660000,7996.1773042851,0.6514930556,0.0000000000,0.0000000000,1859.1376637521,10800.0000000000
2025-02-02,63606.6170917158,0.0000000000,-1234.8335594672,0.0000000000,62371.7835322485,61669.3095726409,91762.2187985464,88632.0825907244,0.0000000000,0.0000000000,3130.1362078220,24075.3580816031,17968.5759812394,4169.0225403607,7996.1773042851,9698.9151541285,0.8363881944,0.0000000000,0.0000000000,1275.0492836438,10800.0000000000
2025-02-03,64974.1288232041,410.8268092773,-1841.5205774383,0.0000000000,63543.4350550430,63193.1254367588,91664.2575605558,87623.8794034579,0.0000000000,220.2542836916,4260.6324407895,24487.8349612492,19070.9373479406,1990.0652901493,9698.9151541285,10548.0362326521,0.8447902778,0.0000000000,0.0000000000,1452.2193344547,10800.0000000000
2025-02-04,67560.9145643428,0.0000000000,-3151.6737286733,0.0000000000,64409.2408356696,65193.3087813914,92560.4855753281,85677.2229191693,0.0000000000,0.0000000000,6883.2626561588,21350.0223759191,19003.9814588189,2136.3180520691,10548.0362326521,8647.5214167361,0.8491895833,0.0000000000,0.0000000000,1258.9145510060,10800.0000000000
2025-02-05,64521.3302190270,14.3873300720,-1302.0453251440,0.0000000000,63233.6722239550,62352.5592492402,91759.6635105200,88894.6665293152,0.0000000000,6.9975546915,2871.9945358963,26356.6933887234,19426.7522144350,1216.2983716935,8647.5214167361,10783.2652283260,0.8482541667,0.0000000000,0.0000000000,1266.6745370530,10800.0000000000
2025-02-06,66451.1834817784,447.8247091278,-3846.1377852040,176.8054928614,63229.6758985635,64510.2832534856,91153.8351761178,82793.5964355118,24.5481567791,248.5323453443,8608.7710859502,20496.8248400535,19396.1042785013,1446.3668140721,10783.2652283260,7679.1806082615,0.8439645833,0.0000000000,0.0000000000,1564.3332244913,10800.0000000000
2025-02-07,18145.1750088699,0.0000000000,-1104.5520063939,1569.1771624110,18609.8001648869,19263.8332666370,42933.4629591056,38396.6073633700,370.4384236098,0.0000000000,4536.8555957356,18535.6868718842,16440.6955189801,4866.3747674091,7679.1806082615,6093.8593274238,0.6440388889,0.0000000000,0.0000000000,1200.0000000000,10800.0000000000
2025-02-08,15261.5552591898,624.0328378719,-0.4973018221,46.6647271347,15931.7555223744,15931.2010745627,37320.7750712888,37805.8505944219,9.4025241053,487.9956747601,2.9201516270,20835.6408717196,16875.6595646777,2278.1090948187,6093.8593274238,6095.2032623295,0.6423513889,0.0000000000,0.0000000000,1200.0000000000,10800.0000000000
2025-02-09,64500.1740240084,0.0000000000,-1242.0660004947,0.0000000000,63258.1080235137,61804.7239170870,92994.8206332144,90301.0247283356,0.0000000000,0.0000000000,2693.7959048787,26433.6992625703,18240.7035499870,2552.6130490857,6095.2032623295,9618.0842097683,0.8413840278,0.0000000000,0.0000000000,1411.2703931516,10800.0000000000
2025-02-10,57685.8880128001,0.0000000000,-1838.1501821016,0.0000000000,55847.7378306985,55393.3948010757,85550.5267351735,81027.2688524016,0.0000000000,0.0000000000,4523.2578827718,23511.3482840967,18053.0317169202,1242.3147018918,9618.0842097683,10719.3735355440,0.8180638889,0.0000000000,0.0000000000,1269.3103885269,10800.0000000000
2025-02-11,59111.8722252359,0.0000000000,-2578.2972290666,3527.7154724948,60061.2904686641,60057.7569486123,86061.6867463906,80086.9057037834,618.0547146050,0.0000000000,5974.7810426071,23494.8741116993,19023.1395703580,1012.6287437138,10719.3735355440,10727.9384912311,0.8284923611,0.0000000000,0.0000000000,1200.0000000000,10800.0000000000
2025-02-12,58340.4159813050,406.7802843002,-2402.2725331156,2775.7079553789,59120.6316878685,59509.3203832228,84987.1103046687,79336.1446067136,507.5727702852,232.0705698099,5883.0362677650,22733.6368850112,19262.1797396034,1105.5240982575,10727.9384912311,9785.7897548486,0.8264243056,0.0000000000,0.0000000000,1200.0000000000,10800.0000000000
2025-02-13,52201.9867066578,0.0000000000,-1321.1946484927,0.0000000000,50880.7920581651,51933.7370422722,77588.4719921377,74096.0479466025,0.0000000000,0.0000000000,3492.4240455352,19986.0268993950,18485.7069356327,1266.2489661736,9785.7897548486,7233.5395913788,0.8147909722,0.0000000000,0.0000000000,1215.0783442713,10800.0000000000
2025-02-14,14658.5579559558,502.9748461412,-3.8459027041,476.3392388928,15634.0261382856,16211.9695604547,35619.3826598191,36094.5028972872,115.8412545945,502.9487664417,27.8285289736,17688.8977742298,15588.8048592779,4308.4494202632,7233.5395913788,5832.6533000991,0.6311000000,0.0000000000,0.0000000000,1200.0000000000,10800.0000000000
2025-02-15,16591.6201562437,397.4497247624,-219.6804854242,0.0000000000,16769.3893955819,15928.2313781475,39287.3287908188,38639.4943193005,0.0000000000,290.9661962157,938.8006677340,21588.7783470500,15651.9037438418,3422.5286160923,5832.6533000991,7871.5496526199,0.6378472222,0.0000000000,0.0000000000,1341.4614931779,10800.0000000000
2025-02-16,59613.3803445634,2505.2743690190,-2977.7473130870,1255.2226309960,60396.1300314914,59703.3296491027,87277.3080154185,81540.3844434419,236.7907876840,1351.5792948484,7088.5028668250,23478.4376208075,17506.1735524801,427.5320627985,7871.5496526199,9550.8395641465,0.8303222222,0.0000000000,0.0000000000,1200.0000000000,10800.0000000000
2025-02-17,58000.9070556070,1100.6094665053,-3871.2660904182,1490.2590099433,56720.5094416374,56284.1304339508,86099.6136681101,76587.0766659518,233.3948686534,582.1505639110,10094.6875660693,22120.9512995408,16965.9991111355,481.6561795332,9550.8395641465,10608.5856102493,0.8173527778,0.0000000000,0.0000000000,1200.0000000000,10800.0000000000
2025-02-18,49948.7823121546,1772.4281942184,-74.1983690752,0.0000000000,51647.0121372978,51832.1185122843,75341.5275250742,76252.4637933877,0.0000000000,1117.7321687461,206.7959004326,20757.8950727666,17217.7090777238,620.8900150115,10608.5856102493,10159.9033116018,0.8145215278,0.0000000000,0.0000000000,1206.4851299424,10800.0000000000
2025-02-19,50014.3443306917,2191.1549065962,-18.9377283964,1527.9384168829,53714.4999257744,53837.9909414277,75402.3844228191,77384.6529023461,257.5576988190,2054.2370393186,71.9685597915,22169.9909982724,18227.0913691964,819.9835887557,10159.9033116018,9860.5714664954,0.8164298611,0.0000000000,0.0000000000,1200.0000000000,10800.0000000000
2025-02-20,50544.6413691960,389.5303201723,-1049.6939080370,294.0820465597,50178.5598278911,52194.9784284048,74065.8312727513,71557.2747471945,56.2231864631,226.3626176127,2734.9191431695,17063.1911845824,18220.0511843600,1777.2242001018,9860.5714664954,4972.9422166641,0.8168069444,0.0000000000,0.0000000000,1200.0000000000,10800.0000000000
2025-02-21,13794.0904047095,315.3719415520,0.0000000000,0.0000000000,14109.4623462615,14718.2062308828,32980.7768517305,33200.4946059245,0.0000000000,219.7177541941,0.0000000000,16397.4503176587,14609.9243790199,5852.7066339525,4972.9422166641,3497.3981925347,0.6208500000,0.0000000000,0.0000000000,1321.9714600796,10800.0000000000
2025-02-22,16435.8287454535,1718.0791596507,-75.1974631669,100.2433984463,18178.9538403835,15785.9390762764,39875.0217799184,40823.0973230910,20.7157260687,1195.9881446878,247.9126015152,24129.4242788814,14324.4136310790,3194.0395180239,3497.3981925347,9297.8648978846,0.6352840278,0.0000000000,0.0000000000,1200.0000000000,10800.0000000000
2025-02-23,49329.3631884259,2328.2126532340,-790.3818701989,428.7657306711,51295.9597021321,52135.0557612910,73924.3745809101,73598.9860213160,81.6139940599,1656.1976881061,1981.5862477001,19926.5874346202,17971.0443270754,193.2032244977,9297.8648978846,7263.9665589591,0.8153784722,0.0000000000,0.0000000000,1200.0000000000,10800.0000000000
2025-02-24,50125.2992141582,1594.6025065989,-491.1875641455,271.3345562305,51500.0487128421,50157.8933314987,76601.0568801839,76508.5659778847,53.2269705902,957.6224252568,1050.1133275559,24757.1987149022,17125.3862812143,726.9468981203,7263.9665589591,10517.2384232441,0.8082493056,0.0000000000,0.0000000000,1639.6026429407,10800.0000000000
2025-02-25,49792.2463010151,941.9025587947,-2279.0409171667,215.9752557587,48671.0831984018,48868.0366853736,76360.9990257101,70685.9290126512,42.7002506963,505.8172384518,6180.8872515107,21576.7945288090,17906.8624006734,1237.3739018785,10517.2384232441,10039.8397206462,0.7940965278,0.0000000000,0.0000000000,1291.4559964453,10800.0000000000
2025-02-26,44355.9045484694,5436.0668362690,0.0000000000,60.6209317321,49852.5923164705,49761.6172313641,68781.1139562287,73729.5372258224,11.8307829298,4948.4232695937,0.0000000000,23493.0879521386,18830.9368756621,264.3688989423,10039.8397206462,10260.3556823909,0.8055381944,0.0000000000,0.0000000000,1217.6163540254,10800.0000000000
2025-02-27,42689.9961515856,602.9120006886,-12.3266982243,4081.4130244839,47361.9944785338,49514.8385882944,65030.6594856061,65610.9505378428,640.9285682458,637.6122251965,57.3211729598,16908.4459207518,18392.3230942902,779.1720796269,10260.3556823909,5042.0424618562,0.7979118056,0.0000000000,0.0000000000,1200.0000000000,10800.0000000000
2025-02-28,12992.7995671470,140.0440762359,-42.5268961333,480.1534225879,13570.4701698374,14186.6650739148,31577.2911616764,31586.2442037447,118.1801561240,136.0701982774,127.1171562090,16365.0083863989,14599.9009952525,6646.7234187223,5042.0424618562,3548.4377926679,0.6166784722,0.0000000000,0.0000000000,1200.0000000000,10800.0000000000
2025-03-01,16177.1867797130,0.0000000000,-220.7829994580,1254.2698082686,17210.6735885236,14825.9240517378,40634.2216074755,39940.6804329829,262.9776714047,0.0000000000,693.5411744926,22945.7277822662,13383.6502636774,6982.8146524655,3548.4377926679,9328.8702815104,0.6142222222,0.0000000000,0.0000000000,1200.0000000000,10800.0000000000
2025-03-02,52234.4530935155,2913.4365017313,-1084.2880062564,0.0000000000,54063.6015889904,53765.0355427912,78803.6861034748,78330.4557655276,0.0000000000,1772.2845821644,2245.5149201116,22848.0593986679,17855.5990059418,979.6883061349,9328.8702815104,10052.5692892650,0.8122930556,0.0000000000,0.0000000000,1780.2366705293,10800.0000000000
2025-03-03,53166.7378652004,2618.4794661613,-2050.4573199302,0.0000000000,53734.7600114315,54035.6935139214,80173.9646312329,76528.0141729622,0.0000000000,1481.9121325020,5127.8625907727,22023.8896853688,18495.8444157299,982.8222699900,10052.5692892650,9323.1317663969,0.8118500000,0.0000000000,0.0000000000,1260.4880041671,10800.0000000000
2025-03-04,47291.6795150781,1962.5728203810,-31.2725987834,0.0000000000,49222.9797366756,49140.5570355154,72782.4333300928,73778.8237971385,0.0000000000,1060.3411747685,63.9507077228,20660.5482951511,16555.2369875351,474.0545561891,9323.1317663969,9522.9174681051,0.8006277778,0.0000000000,0.0000000000,1289.0137446395,10800.0000000000
2025-03-05,49288.5489268191,4061.7042463980,-2965.3426186337,0.0000000000,50384.9105545833,50360.8733557846,77047.1782539169,71037.5048375165,0.0000000000,2173.0414818168,8182.7148982173,20660.8609538858,16682.8596375898,929.0315045539,9522.9174681051,9581.1816181692,0.7945006944,0.0000000000,0.0000000000,1385.0192418775,10800.0000000000
2025-03-06,43216.8467511768,1294.7701482950,-69.7964038884,0.0000000000,44441.8204955834,46164.7089211697,66345.8815612526,66887.4358227166,0.0000000000,711.8813649023,170.3271034383,17189.5162209110,17682.0312327297,1439.2967012020,9581.1816181692,5405.0448472894,0.7918569444,0.0000000000,0.0000000000,1752.8294713243,10800.0000000000
2025-03-07,14275.4547920590,0.0000000000,-397.3593331167,1454.3047158672,15332.4001748095,14637.2604272539,35465.3906383803,34218.0842831204,326.8838277582,0.0000000000,1247.3063552598,18744.0209173601,13666.1926405568,8544.8543007420,5405.0448472894,7090.0051834059,0.6085013889,0.0000000000,0.0000000000,1200.0000000000,10800.0000000000
2025-03-08,13276.9884111086,0.0000000000,-28.6880905497,0.0000000000,13248.3003205588,12685.9831494983,33186.5835715345,33100.7429183567,0.0000000000,0.0000000000,85.8406531777,18660.2139475319,13888.0646830139,9265.4541371721,7090.0051834059,8453.0147550581,0.5972631944,0.0000000000,0.0000000000,1231.7356667173,10800.0000000000
2025-03-09,45731.3638887548,0.0000000000,-2044.2850749662,892.0459677290,44579.1247815176,45112.1536297455,72925.7245289789,66474.4509070480,155.5916967269,0.0000000000,6451.2736219310,20484.8894986817,17755.5759182914,567.2039733846,8453.0147550581,7160.9976168812,0.7838090278,0.0000000000,0.0000000000,1200.0000000000,10800.0000000000
2025-03-10,46513.6143960464,2713.7321081612,0.0000000000,0.0000000000,49227.3465042076,48158.1738650841,73225.6031151054,75228.2244997162,0.0000000000,2002.6213846108,0.0000000000,25232.6886072516,18106.0515998026,59.5160422671,7160.9976168812,9752.5822525159,0.8024513889,0.0000000000,0.0000000000,1409.2036079185,10800.0000000000
2025-03-11,39346.8786156039,6811.3701113532,0.0000000000,0.0000000000,46158.2487269571,46053.2529420377,62413.5218471222,69393.6069474255,0.0000000000,6980.0851003032,0.0000000000,21392.6922109741,17099.0298269388,1161.0257633901,9752.5822525159,10007.0832124606,0.7893930556,0.0000000000,0.0000000000,1499.0477049195,10800.0000000000
2025-03-12,45982.7402034410,621.2384853579,-2267.8009953560,0.0000000000,44336.1776934428,44457.8788157049,72810.1657206016,66411.9734640746,0.0000000000,353.1677896493,6751.3600461763,21206.6085468785,17442.8468875078,212.6771213705,10007.0832124606,9712.0899185315,0.7801680556,0.0000000000,0.0000000000,1397.3284580012,10800.0000000000
2025-03-13,44904.9122606515,87.3449434422,-512.1332871084,2511.1147889150,46991.2387059003,48690.8152290510,68517.6435476562,67203.5548433251,396.0387940222,73.1102672345,1387.1989715656,16680.6559281953,17218.9989122667,592.3186047520,9712.0899185315,5592.4592402776,0.7996375000,0.0000000000,0.0000000000,1200.0000000000,10800.0000000000
2025-03-14,12087.8496738565,264.7580567358,0.0000000000,479.0942885285,12831.7020191208,12664.8527049316,30856.1822587124,31126.0692446136,91.8420949925,269.8869859011,0.0000000000,16076.2340948382,12657.7637711599,11770.0150325944,5592.4592402776,5996.8879576766,0.5913868056,0.0000000000,0.0000000000,1200.0000000000,10800.0000000000
2025-03-15,12564.4461169328,602.9561837543,0.0000000000,140.2033763981,13307.6056770853,12933.2960150643,31643.2128685353,32133.8020562279,34.2170283292,490.5891876926,0.0000000000,18782.1546552906,14396.9796197296,6858.7188989961,5996.8879576766,6904.1831255164,0.6047722222,0.0000000000,0.0000000000,1200.0000000000,10800.0000000000
2025-03-16,44729.8580727262,1354.0055926949,-559.2507123568,8.0811000000,45532.6940530643,44348.3608789868,71706.5658852023,71585.4894170054,1.6400000000,1273.6898679274,1394.7663361242,24488.8161961671,17252.2894329197,999.5557204246,6904.1831255164,9774.9072210449,0.7848951389,0.0000000000,0.0000000000,1558.0534381396,10800.0000000000
2025-03-17,37597.9814249829,3471.5036862331,-1035.4693610384,831.8368409638,40865.8525911414,41270.9891002718,62274.8009968469,60963.3681571241,165.9310215685,2982.7860025159,4294.2188422388,20300.3510247662,17327.0994994537,297.9162200468,9774.9072210449,8792.8903661637,0.7601756944,0.0000000000,0.0000000000,1200.0000000000,10744.3361427016
2025-03-18,47137.0955955215,468.3487870986,-2747.7000367682,0.0000000000,44857.7443458520,44029.7001158038,75853.2409338360,68386.6536391590,0.0000000000,267.1268210970,7733.7141157740,23665.9097881330,17362.9882579351,957.7737422945,8792.8903661637,10800.0000000000,0.7760166667,0.0000000000,0.0000000000,1383.7310125826,10800.0000000000
2025-03-19,36286.5714353913,4844.8276028807,0.0000000000,0.0000000000,41131.3990382720,41804.3725422151,58059.1940494149,63640.1935060919,0.0000000000,5580.9994566770,0.0000000000,20587.5815039550,18144.0491199916,1731.1906721285,10800.0000000000,9168.7687757911,0.7718381944,0.0000000000,0.0000000000,1596.5051330623,10800.0000000000
2025-03-20,41593.2327745621,444.4298828070,-789.5980379120,3213.7364008569,44461.8010203139,45282.1713420460,65884.9771564659,63715.3804196333,532.8025709536,389.4056393838,2559.0023762164,19419.5967593420,17519.5312274855,139.1556420637,9168.7687757911,7180.2600508817,0.7786381944,0.0000000000,0.0000000000,1200.0000000000,10628.9549781201
2025-03-21,9619.0755162789,367.4083363461,-113.6289811035,1087.4243984611,10960.2792699827,13367.3578267077,23341.5713650690,23374.5752801824,227.5225547475,388.0741957617,355.0702806483,12479.6952476986,15359.6536918351,14448.5917623998,7180.2600508817,1345.7038939937,0.5702902778,0.0000000000,0.0000000000,1200.0000000000,10800.0000000000
2025-03-22,14480.5721190001,0.0000000000,-54.2737819438,0.0000000000,14426.2983370564,11845.8026885785,36740.5812258172,36570.6441789379,0.0000000000,0.0000000000,169.9370468793,22205.9091493590,12357.3722572854,10840.9075535309,1345.7038939937,7600.6085092108,0.5873881944,0.0000000000,0.0000000000,1345.7038939937,10800.0000000000
2025-03-23,43573.7265977541,1050.6820335646,-1757.6752466343,0.0000000000,42866.7333846843,41889.7785413862,71636.6017699278,66665.2851181199,0.0000000000,580.2589400649,5551.5755918728,23083.9464871381,16566.7458518037,1378.3643661189,7600.6085092108,9968.6649567420,0.7671784722,0.0000000000,0.0000000000,1528.3833509492,10800.0000000000
2025-03-24,40281.5090911656,1353.1828913866,-583.9713989448,0.0000000000,41050.7205836074,40707.7486929833,66040.3719045816,64505.0801281109,0.0000000000,904.7167622097,2440.0085386804,22722.8160979120,17657.2795003765,1441.0464472422,9968.6649567420,10800.0000000000,0.7674861111,0.0000000000,0.0000000000,1610.9244791222,10800.0000000000
2025-03-25,44210.5716648095,1482.5759717698,-2431.5259392980,98.4494356466,43360.0711329279,43516.3529461739,71680.9604402541,64423.8056565246,19.5654396385,788.6367196995,8045.7915034289,20178.3455664946,16685.3924936419,0.2933066438,10800.0000000000,10421.1860169097,0.7712756944,0.0000000000,0.0000000000,1200.0000000000,10800.0000000000
2025-03-26,37618.0575455665,1188.6167731053,-967.7495863599,0.0000000000,37838.9247323119,38259.0205318339,60939.4701124484,58904.3166885037,0.0000000000,941.9299527838,2977.0833767285,20252.1909099359,17320.7238630455,380.2947749467,10421.1860169097,9402.9090991348,0.7566111111,0.0000000000,0.0000000000,1330.2026693177,10800.0000000000
2025-03-27,38290.9687220728,627.1647979916,-504.4394744977,0.0000000000,38413.6940455666,40317.7597842623,61068.2875020340,60142.0987476184,0.0000000000,464.8641247932,1391.0528792088,15811.5639051035,16961.1325814573,2574.6780239722,9402.9090991348,4787.6137454420,0.7664159722,0.0000000000,0.0000000000,1333.5204179775,10800.0000000000
2025-03-28,10278.8936625794,0.0000000000,0.0000000000,0.0000000000,10278.8936625794,11685.8601261776,25552.8600783611,25552.8600783611,0.0000000000,0.0000000000,0.0000000000,12933.9052711773,13545.7949031427,15342.8689436598,4787.6137454420,1377.2452637875,0.5747680556,0.0000000000,0.0000000000,1294.9758497491,10800.0000000000
2025-03-29,11015.6702164228,827.7243628007,0.0000000000,0.0000000000,11843.3945792235,11818.1562658025,28150.6050937653,28865.2478634850,0.0000000000,714.6427697197,0.0000000000,15887.0439929803,12813.4476384320,18084.4423256034,1377.2452637875,1438.4208147675,0.5630868056,0.0000000000,0.0000000000,1235.6156678526,10800.0000000000
2025-03-30,41143.4462656321,336.8027246021,-1278.2682955170,383.6279635542,40585.6086582714,37702.9680383746,71873.9526548036,67215.1940558983,59.9559214744,295.0874846384,4953.8460835437,28661.7259031442,16927.4472082733,195.2515825019,1438.4208147675,8425.6994517380,0.7520270833,0.0000000000,0.0000000000,1200.0000000000,10779.0069434986
2025-03-31,33624.5079291135,5559.1740516078,0.0000000000,97.8070139231,39281.4889946443,39178.6546104358,54874.8482096790,61144.2258192856,18.9761730300,6269.3776096066,0.0000000000,20371.9480846093,16276.9422329158,116.8066572887,8425.6994517380,8674.9613579800,0.7607041667,0.0000000000,0.0000000000,1200.0000000000,10742.7232680054
2025-04-01,43326.1861696751,815.1695600245,-1187.6995761257,0.0000000000,42953.6561535739,42076.9596560383,71130.9593632848,67361.7754349239,0.0000000000,489.0690397944,4258.2529681553,21670.0509751406,15640.2065120459,1123.0794551625,8674.9613579800,10800.0000000000,0.7731090278,0.0000000000,0.0000000000,1236.1211422594,10800.0000000000
2025-04-02,38302.2876579591,1723.5443496996,-316.4133540205,1610.0844546962,41319.5031083344,41852.1154633795,63161.4277821433,63659.0152167392,243.2636772616,1784.2549661510,1286.6675315552,19815.1557233292,17212.1829702262,863.9707408977,10800.0000000000,9508.9924063005,0.7723201389,0.0000000000,0.0000000000,1200.0000000000,10800.0000000000
2025-04-03,38491.8900091273,0.0000000000,-1161.1472193723,73.6078434741,37404.3506332291,39630.2557119423,60301.1747920849,57100.1777020284,10.6162606871,0.0000000000,3200.9970900565,14833.5809536195,16871.0667554582,3284.7494978875,9508.9924063005,4113.5855362712,0.7644638889,0.0000000000,0.0000000000,1200.0000000000,10800.0000000000
2025-04-04,9622.3730591055,0.0000000000,0.0000000000,0.0000000000,9622.3730591055,10781.0243826885,24563.0881662792,24563.0881662792,0.0000000000,0.0000000000,0.0000000000,12659.9725037737,12782.2038312139,18254.5172437194,4113.5855362712,1305.1120883188,0.5595027778,0.0000000000,0.0000000000,1213.6148185725,10800.0000000000
2025-04-05,10612.7581923707,1689.8486245616,0.0000000000,0.0000000000,12302.6068169323,12027.9579974796,27007.5144676441,28575.0479392984,0.0000000000,1567.5334716543,0.0000000000,14789.0094335337,11379.9445472848,13121.8680697161,1305.1120883188,1970.8377481827,0.5755284722,0.0000000000,0.0000000000,1217.6291471702,10800.0000000000
2025-04-06,40968.3016150269,835.8311196189,-938.9302469488,1230.0445314674,42095.2470191643,39044.4180385387,70768.8812810813,67840.2564187743,214.8234784258,600.4959754528,3529.1208377598,28926.5791641925,16775.0713413995,1493.4958077403,1970.8377481827,9365.7908388455,0.7556868056,0.0000000000,0.0000000000,1200.0000000000,10800.0000000000
2025-04-07,31730.7378899842,2821.0581194284,0.0000000000,205.9160827325,34757.7120921451,35306.6453257227,52606.4322244434,55766.1207258178,46.4241772965,3159.6885013744,0.0000000000,19646.5162563748,17111.1893963138,34.4987597200,9365.7908388455,8035.2228070119,0.7517159722,0.0000000000,0.0000000000,1200.0000000000,10800.0000000000
2025-04-08,39386.1099993990,861.1652739473,-1516.3246400664,0.0000000000,38730.9506332799,37613.3828482270,66378.6946251275,61555.5151048114,0.0000000000,462.1388853059,5285.3184056219,23901.4747754350,16922.1932056115,223.0399183213,8035.2228070119,10744.1132097795,0.7519159722,0.0000000000,0.0000000000,1326.0480226135,10800.0000000000
2025-04-09,36784.4751544740,2273.0085837366,0.0000000000,0.0000000000,39057.4837382106,39503.0982864509,60282.3436064694,62737.5043307974,0.0000000000,2455.1607243280,0.0000000000,20022.8842738018,17190.6552600952,770.9643004242,10744.1132097795,9663.9809894287,0.7662708333,0.0000000000,0.0000000000,1350.4032405267,10800.0000000000
2025-04-10,33896.1019947627,1201.8319203898,0.0000000000,240.2757667668,35338.2096819193,37819.6412169496,53150.3586321895,55094.5916866017,61.9306090888,1944.2330544122,0.0000000000,14281.1308157199,16981.0193363714,3395.7729163419,9663.9809894287,3649.1994609418,0.7580270833,0.0000000000,0.0000000000,1200.0000000000,10800.0000000000
2025-04-11,9120.2000953281,1115.8526443675,0.0000000000,206.9796938359,10443.0324335314,11453.4632778067,23138.1849799783,24335.2553350102,102.8284992899,1197.0703550319,0.0000000000,11870.0994218182,11819.0600465203,19070.3942923356,3649.1994609418,1200.0000000000,0.5514784722,0.0000000000,0.0000000000,1200.0000000000,10800.0000000000
2025-04-12,10681.9982597492,0.0000000000,-169.9284933458,0.0000000000,10512.0697664034,10446.3930834567,27732.0870437823,27152.6023096080,0.0000000000,0.0000000000,579.4847341742,14342.7726173885,11474.3705354446,15259.0396776641,1200.0000000000,1359.1947607113,0.5638673611,0.0000000000,0.0000000000,1200.0000000000,10800.0000000000
2025-04-13,38257.2112929137,1734.8704551240,0.0000000000,0.0000000000,39992.0817480377,36556.9583825940,66094.9560346950,67488.0865074841,0.0000000000,1393.1304727891,0.0000000000,29220.6132895688,16174.8914157509,166.0061503328,1359.1947607113,9685.6451482667,0.7562548611,0.0000000000,0.0000000000,1281.2806146239,10743.7332201083
2025-04-14,35153.7148442549,2949.8990375016,-1827.2413934283,1393.3426073792,37669.7150957073,38202.6419364534,58229.5642820012,54630.8405229249,215.4057470327,1605.7384980311,5204.4622571074,18224.3424704230,15924.3102935939,18.1822931285,9685.6451482667,8393.8752676542,0.7465972222,0.0000000000,0.0000000000,1200.0000000000,10111.0814687456
2025-04-15,32094.2332832913,2184.0123361022,0.0000000000,856.9920178572,35135.2376372506,34412.4472618268,54665.7585221656,56541.1008412384,152.0478719206,1875.3423190728,0.0000000000,21820.4676930500,16097.7940102197,831.0461969954,8393.8752676542,10145.8584022662,0.7385326389,0.0000000000,0.0000000000,1200.0000000000,10800.0000000000
2025-04-16,34945.4688504081,1978.7827540428,-144.1118660679,611.5172578884,37391.6569962715,37183.5084331816,59214.6471176136,60243.8582668325,110.7792676834,1615.5626806838,586.3515314649,20846.6691890590,16431.7208793811,160.0972748381,10145.8584022662,10650.3930286626,0.7623541667,0.0000000000,0.0000000000,1200.0000000000,10650.3930286626
2025-04-17,29023.1310905365,2358.5866278615,-2.0720920978,1408.6241275625,32788.2697538628,35985.6545968842,45452.0490841969,48780.0505873229,272.0670698731,3333.3912601758,5.3897570497,14359.2718376319,18606.1831560212,430.6866255853,10650.3930286626,2900.2008425078,0.7477673611,0.0000000000,0.0000000000,1200.0000000000,10800.0000000000
2025-04-18,9444.4456813487,276.3241820214,0.0000000000,0.0000000000,9720.7698633701,10310.8857819362,24283.1710262357,24585.4927925273,0.0000000000,302.3217662916,0.0000000000,12999.3723935597,11816.8438985155,17048.8471141498,2900.2008425078,1469.8094428054,0.5594201389,0.0000000000,0.0000000000,1257.9338148960,10800.0000000000
2025-04-19,9831.3444843299,105.1652346046,0.0000000000,598.8268741110,10535.3365930454,10574.9835327653,25657.1559649063,25759.1937508251,155.5634675285,102.0377859188,0.0000000000,14189.2634524046,11579.7941617940,16520.6086777430,1469.8094428054,1373.7085924207,0.5579763889,0.0000000000,0.0000000000,1200.0000000000,10800.0000000000
2025-04-20,37129.6178551789,1638.5391974150,-53.7635542605,0.0000000000,38714.3934983334,34859.7365389038,64859.2254271066,66652.4258571319,0.0000000000,1947.4584846613,154.2580546361,31185.7646754398,16851.4412773891,360.3575757479,1373.7085924207,10717.0731587730,0.7454388889,0.0000000000,0.0000000000,1226.3504226907,10800.0000000000
2025-04-21,32313.5883086957,26.8828457827,-930.4048643351,1467.2983835921,32877.3646737353,33843.0962020894,54718.5060592472,51058.9422106047,250.3964724011,17.7573595273,3677.3212081698,18225.7090599019,16869.5912061931,1436.3104459637,10717.0731587730,8376.2210835813,0.7339520833,0.0000000000,0.0000000000,1200.0000000000,10800.0000000000
2025-04-22,32282.5975245804,2656.0623438023,-5.2318907099,381.2037882212,35314.6317658940,34955.0000347851,54326.6669583444,56858.4694460095,80.2136571724,2555.3823695723,23.5798819072,21009.7116618751,16233.3210591050,9.3631837452,8376.2210835813,9247.9381802633,0.7509583333,0.0000000000,0.0000000000,1200.0000000000,10373.3974632192
2025-04-23,30663.8956184457,4266.7261265770,0.0000000000,0.0000000000,34930.6217450227,34753.0269731266,51270.4836632379,55840.0896381013,0.0000000000,4569.6059748634,0.0000000000,19977.3327213741,15794.2121807583,257.0523808189,9247.9381802633,9678.4129842129,0.7479125000,0.0000000000,0.0000000000,1487.0076253200,10800.0000000000
2025-04-24,28174.0491351479,0.0000000000,0.0000000000,1527.0302632835,29701.0793984314,32259.1041197430,45197.8037029803,45197.8037029803,240.5460066741,0.0000000000,0.0000000000,13367.2446943906,16407.8614808360,1388.8597960998,9678.4129842129,3477.9760082356,0.7361847222,0.0000000000,0.0000000000,1200.0000000000,10800.0000000000
2025-04-25,8883.3921500865,0.0000000000,0.0000000000,514.0040265976,9397.3961766842,10326.9080638385,23287.3496601540,23287.3496601540,138.8634457442,0.0000000000,0.0000000000,13511.8039578041,12972.3140434055,20886.3655414996,3477.9760082356,1224.9172998088,0.5406916667,0.0000000000,0.0000000000,1200.0000000000,10800.0000000000
2025-04-26,9726.1486257472,570.9141428563,0.0000000000,194.6153055476,10491.6780741511,10449.7540438711,25159.9952253459,25873.5108074440,55.2453190860,713.5155820981,0.0000000000,13662.4004269314,10975.0860519098,23171.2481181751,1224.9172998088,1326.5376263695,0.5378048611,0.0000000000,0.0000000000,1200.0000000000,10800.0000000000
2025-04-27,34150.9504408591,3683.3746963284,-60.7394126463,0.0000000000,37773.5857245412,34238.2442151154,60036.9456552462,62484.7176334160,0.0000000000,2626.1990336586,178.4270554888,28184.6202354182,15117.1087180929,843.7349327574,1326.5376263695,9895.9083736982,0.7337826389,0.0000000000,0.0000000000,1284.2047237257,10800.0000000000
2025-04-28,34865.8641472128,1901.6836156323,-260.5664882188,0.0000000000,36506.9812746262,37897.3259681819,57625.0872771657,58500.8742148696,0.0000000000,1775.3361341182,899.5491964143,17144.5014192882,16920.1169866287,1654.5224655435,9895.9083736982,6525.8296659146,0.7660520833,0.0000000000,0.0000000000,1230.4116106653,10800.0000000000
2025-04-29,32300.3516281585,994.0251863031,-419.4422309682,2646.7960494142,35521.7306329076,34188.4691015608,55502.2455362513,54671.2611664753,400.1955626099,771.4240284758,1602.4083982518,22073.9864394930,14971.3864886775,535.6430616031,6525.8296659146,9757.5435851499,0.7303826389,0.0000000000,0.0000000000,1200.0000000000,10800.0000000000
2025-04-30,30158.0650407016,1500.1277765937,-17.0489865866,2637.4112465470,34278.5550772557,33906.0474447597,51101.5284215385,52987.0782273893,498.6074752856,1929.9185526628,44.3687468120,21588.5201133257,16674.0668120691,314.3779680850,9757.5435851499,10660.4707848440,0.7294423611,0.0000000000,0.0000000000,1200.0000000000,10800.0000000000
2025-05-01,28573.2785452347,4233.6824696898,-69.9386693371,4189.3900309880,36926.4123765754,40233.7865243762,44145.1978916356,46843.5305492377,953.7966976564,2899.6059345215,201.2732769193,13205.6000257383,17911.6533376233,1492.0017587791,10660.4707848440,2643.6737662048,0.7473263889,0.0000000000,0.0000000000,1200.0000000000,10800.0000000000
2025-05-02,10275.3981443496,0.0000000000,0.0000000000,9414.5685340450,19689.9666783945,20285.5623110521,24952.9125405958,24952.9125405958,2247.8744134628,0.0000000000,0.0000000000,12013.3921656028,11030.1540437226,11927.2287488452,2643.6737662048,1200.0000000000,0.5869513889,0.0000000000,0.0000000000,1200.0000000000,10800.0000000000
2025-05-03,9965.1296996663,2301.6679523611,0.0000000000,2978.4846538736,15245.2823059010,15179.7530551498,25860.0724060157,27859.4151724555,603.6150976938,1999.3427664398,0.0000000000,14411.0499912187,11529.9968351750,16714.8054641056,1200.0000000000,1358.8373974580,0.5698243056,0.0000000000,0.0000000000,1200.0000000000,10800.0000000000
2025-05-04,36409.8775853552,3356.6585755547,-1000.8704045456,4258.5929211664,43024.2586775306,41187.3424352775,61502.5317440985,59773.5958536716,713.6786888332,1800.3059732132,3529.2418636402,23290.2575925165,14857.8310947941,320.1807114491,1358.8373974580,5811.3680142849,0.7461284722,0.0000000000,0.0000000000,1200.0000000000,10800.0000000000
2025-05-05,36500.3003329771,2923.2081578622,-42.5574156766,2020.9290494248,41401.8801245876,40436.4290266893,59575.1808816000,61023.3174404262,331.3953525893,1527.3634309619,79.2268721357,21960.7941643016,15682.0881712862,0.0000000000,5811.3680142849,8151.5403496162,0.7604611111,0.0000000000,0.0000000000,1200.0000000000,10612.5574951772
2025-05-06,30739.9911598839,6862.4507675378,0.0000000000,4179.1735398714,41781.6154672931,42466.7726506698,48906.8627952886,54816.4780529665,721.5252343136,5909.6152576778,0.0000000000,18683.6931100846,16628.4785146039,612.7063251327,8151.5403496162,6490.7769102436,0.7532361111,0.0000000000,0.0000000000,1200.0000000000,10800.0000000000
2025-05-07,34691.6498721527,5399.3256051645,0.0000000000,1798.5117327229,41889.4872100402,40913.4083050845,56448.8977312002,61119.5107918424,274.0247414605,4670.6130606423,0.0000000000,21786.9694452601,15518.1053287267,56.8254667695,6490.7769102436,8856.7101568369,0.7587291667,0.0000000000,0.0000000000,1200.0000000000,10706.8798931755
2025-05-08,33074.6150883496,360.4655663355,-352.5189476067,8952.1151733517,42034.6768804301,44507.9187445458,52824.8729680493,51559.1822550736,1443.2382452018,323.2686927083,1588.9594056840,13016.4789289012,15938.7853413346,98.2145127088,8856.7101568369,2861.7797024763,0.7616590278,0.0000000000,0.0000000000,1200.0000000000,10693.8726040158
2025-05-09,9921.9714739707,450.5315446916,0.0000000000,5283.4670991851,15655.9701178473,16158.7052884104,24716.7293640187,25172.9054526623,1158.9074193472,456.1760886436,0.0000000000,12732.2421342641,11409.8451569147,16510.0300446601,2861.7797024763,1643.1918934087,0.5667381944,0.0000000000,0.0000000000,1200.0000000000,10800.0000000000
2025-05-10,10936.4313423415,269.6462410432,0.0000000000,3349.6861052873,14555.7636886720,14738.6049664750,26343.0613393157,26654.9057620516,825.3624909629,311.8444227359,0.0000000000,14174.3265250801,11880.0771893827,13064.9736339838,1643.1918934087,1200.0000000000,0.5753076389,0.0000000000,0.0000000000,1200.0000000000,10800.0000000000
2025-05-11,37503.5510558926,2636.8217696178,-15.4245721743,1094.1700781656,41219.1183315017,39056.9725832213,63304.8967009246,64789.5846043250,159.9802911473,1551.6348312402,66.9469278398,24545.8751685301,15165.3852368808,84.9958804897,1200.0000000000,6440.8596106985,0.7607819444,0.0000000000,0.0000000000,1200.0000000000,10756.7265465713
2025-05-12,31862.9691607129,6862.3547999174,0.0000000000,297.5039420507,39022.8279026810,38188.5414833866,51717.4109769560,57765.1833660811,61.0535453751,6047.7723891251,0.0000000000,20412.2887110863,14713.9376975409,196.6906645774,6440.8596106985,8463.0997867419,0.7517881944,0.0000000000,0.0000000000,1200.0000000000,10800.0000000000
2025-05-13,34112.5951694227,2698.5620905914,-896.0340103558,0.0000000000,35915.1232496584,37295.0056137438,55628.6279871098,53883.2461080900,0.0000000000,1670.0610613295,3415.4429403492,14483.4331022919,14741.8278231154,1012.4280622469,8463.0997867419,5118.3808864541,0.7564458333,0.0000000000,0.0000000000,1534.9833176151,10800.0000000000
2025-05-14,37385.3813795900,2162.1870693872,-853.9667840437,0.0000000000,38693.6016649334,37051.2369873480,61991.2929575547,61244.8968366526,0.0000000000,2325.2188688626,3071.6149897647,23203.1182503146,15211.6672078982,239.2970109030,5118.3808864541,9099.3348585170,0.7475513889,0.0000000000,0.0000000000,1428.8276193146,10800.0000000000
2025-05-15,34026.8932097313,1941.9088443239,0.0000000000,0.0000000000,35968.8020540552,37990.2338373466,51114.0147491189,53702.7179716761,0.0000000000,2588.7032225572,0.0000000000,14839.1176633987,16429.4880126210,2528.0300375651,9099.3348585170,4199.5540748858,0.7527770833,0.0000000000,0.0000000000,1776.1921726904,10800.0000000000
2025-05-16,10412.7002287662,127.1720627205,-4.7918541142,0.0000000000,10535.0804373726,11682.8762228726,24243.5997233712,24373.4473377594,0.0000000000,147.5004201137,17.6528057254,12624.8106638397,12730.0411199483,21763.1712605347,4199.5540748858,1417.3935390656,0.5453854167,0.0000000000,0.0000000000,1303.8994121624,10800.0000000000
2025-05-17,11074.2987353451,198.5776367189,-11.8493114798,1609.0279260507,12870.0549866350,12959.7418989183,26731.0295957166,26923.8280580186,333.9019410122,231.3390753441,38.5406130421,13623.0778154144,11230.3472156447,14416.2003159278,1417.3935390656,1200.0000000000,0.5734159722,0.0000000000,0.0000000000,1200.0000000000,10800.0000000000
2025-05-18,38676.9591680736,0.0000000000,-1047.0141976132,34.4284650000,37664.3734354604,36565.9002163396,64154.5258224433,60880.1881449238,5.2366666667,0.0000000000,3274.3376775195,21316.4454372870,14869.9747027002,762.7859770037,1200.0000000000,3862.6067794470,0.7506812500,0.0000000000,0.0000000000,1200.0000000000,10800.0000000000
2025-05-19,34315.4956137125,358.4574364779,-345.4077305317,2534.9594715898,36863.5047912485,36107.0112104782,56215.2013014260,55644.1986180395,383.7775669750,325.1789099935,896.1815933801,19851.4477896951,14429.3635245630,3090.6753698823,3862.6067794470,5696.2836517692,0.7317597222,0.0000000000,0.0000000000,1200.0000000000,10800.0000000000
2025-05-20,31931.0743918088,3517.6233105522,0.0000000000,1081.6037710330,36530.3014733941,37807.4942386316,51236.7733979687,54379.2003961429,165.4004667444,3142.4269981742,0.0000000000,14754.9115455530,14737.7054993323,0.0000000000,5696.2836517692,2600.4757101755,0.7565819444,0.0000000000,0.0000000000,1200.0000000000,10143.7454854894
2025-05-21,33195.0877752344,3371.5072725354,-251.0447115634,2151.5270699196,38467.0774061259,38171.3623605623,52191.3058687052,55692.5277940150,338.9200612765,3888.7308663463,387.5089410365,17528.6813023618,13553.1222753101,693.2735449065,2600.4757101755,3317.2641319565,0.7458243056,0.0000000000,0.0000000000,1200.0000000000,10800.0000000000
2025-05-22,34346.4906025576,0.0000000000,0.0000000000,1042.4374723315,35388.9280748891,35080.8317292777,54927.9312325083,54927.9312325083,158.5151277019,0.0000000000,0.0000000000,18830.5265112023,14580.6067866372,19.8958189784,3317.2641319565,4064.0637846639,0.7461930556,0.0000000000,0.0000000000,1200.0000000000,10354.7782076797
2025-05-23,10192.9653636390,0.0000000000,0.0000000000,0.0000000000,10192.9653636390,11088.4731673404,24349.4069604071,24349.4069604071,0.0000000000,0.0000000000,0.0000000000,13014.3035265483,12495.1579572263,17409.3125077518,4064.0637846639,1893.4281171948,0.5569743056,0.0000000000,0.0000000000,1219.7504769766,10800.0000000000
2025-05-24,11591.8955902525,51.0048642866,0.0000000000,268.9409776795,11911.8414322186,11823.4868840302,26809.5705705345,26891.1751197028,92.4155734043,81.6045491684,0.0000000000,12940.0212165812,10288.6695850198,20577.7376782124,1893.4281171948,2107.5921176515,0.5532048611,0.0000000000,0.0000000000,1200.0000000000,10800.0000000000
2025-05-25,36506.0172962059,663.4197837685,-85.7921382713,0.0000000000,37083.6449417031,35304.7186901732,60303.5773400317,60363.4250713409,0.0000000000,440.7229289621,380.8751976528,22127.7413705975,14042.6995332402,3733.3730506504,2107.5921176515,6419.5598698112,0.7379618056,0.0000000000,0.0000000000,1552.9502002939,10800.0000000000
2025-05-26,33581.2987524540,4886.7804018656,-24.1137811623,0.0000000000,38443.9653731573,37891.5758137752,54139.5213070320,59631.1666409781,0.0000000000,5531.8635277433,40.2181937972,18718.4793644644,13956.9169975795,289.7713240932,6419.5598698112,7758.5057449630,0.7524722222,0.0000000000,0.0000000000,1648.0446908038,10800.0000000000
2025-05-27,30055.8809980260,2270.2583520814,-372.2198492861,2151.3873388495,34105.3068396709,36353.9585957577,45390.8643483568,48121.8748435490,408.7097745548,3317.2225179681,586.2120227759,13403.4003266606,15762.2428787354,1499.0598701786,7758.5057449630,2307.9628403627,0.7429215278,0.0000000000,0.0000000000,1200.0000000000,10800.0000000000
2025-05-28,36119.8460130930,690.1725775597,-637.8262081057,0.0000000000,36172.1923825471,36013.5654393974,58678.0632537730,57130.9372123329,0.0000000000,555.6977032240,2102.8237446642,18678.0577398275,14783.1782264344,962.2335989397,2307.9628403627,2692.4612212804,0.7512673611,0.0000000000,0.0000000000,1432.0979105878,10800.0000000000
2025-05-29,35554.1435099833,3795.1540597985,0.0000000000,119.8044217333,39469.1019915151,39144.8263750371,57271.6890931681,61848.7390256006,17.8174333333,4577.0499324326,0.0000000000,19746.9482035358,15287.6128836813,3297.0976390794,2692.4612212804,3478.4780670390,0.7595125000,0.0000000000,0.0000000000,1273.7615441324,10800.0000000000
2025-05-30,11288.0175728595,0.0000000000,0.0000000000,0.0000000000,11288.0175728595,11718.2752827437,25606.3398333391,25606.3398333391,0.0000000000,0.0000000000,0.0000000000,12946.3252760028,11425.1411546994,17488.9224453690,3478.4780670390,2435.5695324422,0.5609930556,0.0000000000,0.0000000000,1298.7333462609,10800.0000000000
2025-05-31,12059.0322178682,0.0000000000,-338.5483747094,0.0000000000,11720.4838431588,11740.2199556883,28618.5330441491,27432.0035289724,0.0000000000,0.0000000000,1186.5295151767,13650.8996477275,11100.2835251869,16492.2058564318,2435.5695324422,2387.7308540782,0.5663548611,0.0000000000,0.0000000000,1597.1618292874,10800.0000000000
2025-06-01,52414.3113649068,7259.2622844956,-1279.2834529341,4567.2780816532,62961.5682781216,60936.1309341574,79123.6736224887,80404.1779265138,740.4936528586,4391.6398701676,3111.1355661426,26439.1325630819,16997.1564425897,477.8691588802,2387.7308540782,7297.2207801966,0.8191805556,0.0000000000,0.0000000000,1200.0000000000,9956.3101104076
2025-06-02,48016.7493859833,6405.1389400530,-1815.4141423224,3009.1368170306,55615.6110007445,57218.5729182566,70601.0532076291,67794.4254878191,625.0229314371,3260.1373864588,6066.7651062688,17063.9728445993,17318.7184974859,33.3866221429,7297.2207801966,3411.7757875738,0.8099458333,0.0000000000,0.0000000000,1200.0000000000,9910.7773919413
2025-06-03,44635.4736551985,9744.4264520627,-474.0165608385,0.0000000000,53905.8835464227,54439.7603700356,66819.7161984956,70947.1092481014,0.0000000000,6056.5667835590,1929.1737339533,18070.2966800556,15801.6056141752,486.0513488876,3411.7757875738,2117.7032283182,0.8062826389,0.0000000000,0.0000000000,1417.2467561178,10713.6604579024
2025-06-04,52622.1522968362,3040.3771413526,-2638.9124941993,2557.6997262591,55581.3166702486,55959.9202354425,77500.2194644867,72102.6531318293,655.9207459609,1660.1514868120,7057.7178194694,19879.8864849916,16928.6409583295,162.0675344615,2117.7032283182,1200.0000000000,0.8136590278,0.0000000000,0.0000000000,1200.0000000000,10668.1938789853
2025-06-05,44854.4071668663,12636.6607113478,-22.5856294273,1782.6405215488,59251.1227703356,58990.1593917624,67945.6999731206,75625.7451529709,531.0590634011,7760.8759855048,80.8308056545,21224.6934826032,16622.7037498762,405.4964669783,1200.0000000000,1832.5533011471,0.8220694444,0.0000000000,0.0000000000,1200.0000000000,10800.0000000000
2025-06-06,14496.5388824321,6662.3765829873,-31.8120286284,42.7309328623,21169.8343696532,21428.2562491632,29695.2766041052,34770.0960745015,22.0035699600,5163.7141192094,88.8946488132,12206.7484891930,10451.2199051262,2181.5756603946,1832.5533011471,1206.1603801695,0.6492826389,0.0000000000,0.0000000000,1200.0000000000,10800.0000000000
2025-06-07,15746.4040535457,5923.9034382458,-553.6972249325,7.1617402250,21123.7720070841,20947.2271982537,33978.7182249713,35330.9780904009,3.7703291524,3948.4890467852,2596.2291813556,15949.2111200818,12533.7242037311,792.7483365358,1206.1603801695,1634.0901618753,0.6502881944,0.0000000000,0.0000000000,1200.0000000000,10800.0000000000
2025-06-08,47896.2315764736,5022.7609964468,-995.0921161774,0.0000000000,51923.9004567430,50753.7193501142,71981.4040520750,71709.6655450226,0.0000000000,2948.7342016710,3220.4727087234,19825.8613397644,13506.1690793128,205.0500179043,1634.0901618753,4470.5108350935,0.7970791667,0.0000000000,0.0000000000,1621.3595582228,10353.2041579122
2025-06-09,52556.0698773781,1325.8489829186,-1034.1860460664,0.0000000000,52847.7328142303,53758.5252340442,75037.6728786373,72849.3341764607,0.0000000000,687.1316364584,2875.4703386350,18335.1315549570,16838.3724228314,419.8623110018,4470.5108350935,2262.8265425200,0.8192562500,0.0000000000,0.0000000000,1460.5054639015,10800.0000000000
2025-06-10,47301.5364808311,6098.8913350597,-0.8041113379,1755.3516065609,55154.9753111138,55586.5340835723,69585.9220879855,74082.6605429227,285.0581766006,4499.3240219399,2.5855670028,19220.5422341227,16510.0951904941,38.8274425612,2262.8265425200,1216.7643415704,0.8168180556,0.0000000000,0.0000000000,1200.0000000000,10112.7255363197
2025-06-11,54152.1780768639,4339.6941402566,-23.7162834684,32.5925619207,58500.7484955727,58281.5488427631,78041.0092033465,80767.8093356329,13.7431755343,2787.8392880001,61.0391557138,21687.5378251557,17088.7162530385,98.2846223833,1216.7643415704,1748.0858808344,0.8316965278,0.0000000000,0.0000000000,1200.0000000000,10258.8300275233
2025-06-12,52291.4124891222,0.0000000000,0.0000000000,4975.6551497589,57267.0676388811,57122.7821896672,76349.9697652412,76349.9697652412,731.7759764624,0.0000000000,0.0000000000,21031.5131436470,16720.7634221062,318.6045868294,1748.0858808344,2097.8216855543,0.8219833333,0.0000000000,0.0000000000,1200.0000000000,10569.6907511746
2025-06-13,16348.0555374494,3130.9233111793,-187.3651624043,0.0000000000,19291.6136862245,19294.4556703877,33051.7312868732,34610.9624990603,0.0000000000,2106.8814416589,547.6502294718,14447.5935166772,11708.7506062307,3526.8058886139,2097.8216855543,2090.9329547519,0.6400291667,0.0000000000,0.0000000000,1494.2024755497,10800.0000000000
2025-06-14,16522.7137205851,1703.5858207120,-81.8706344003,205.8722051796,18350.3011120764,18623.9063311144,32651.1036842360,33484.7412099996,68.8539351275,1060.3525495669,226.7150238033,13922.5834171751,11874.1690220480,5311.8380000000,2090.9329547519,1427.7368946005,0.6368673611,0.0000000000,0.0000000000,1200.0000000000,10800.0000000000
2025-06-15,49881.9307161908,3296.1387283151,-31.8354167248,0.0000000000,53146.2340277811,52638.4035022397,72675.0731530018,76185.5961773285,0.0000000000,3590.5826913583,80.0596670315,20977.4030686754,15883.8518163878,465.0705917076,1427.7368946005,2658.6754159775,0.8178270833,0.0000000000,0.0000000000,1427.7368946005,10800.0000000000
2025-06-16,50884.6427767036,3076.1456463335,0.0000000000,80.6515437225,54041.4399667596,54336.8300534618,73258.7165015632,76126.3761461661,11.9501437253,2867.6596446029,0.0000000000,20003.1528251853,16846.9544623261,288.0751103654,2658.6754159775,1942.6746671709,0.8232416667,0.0000000000,0.0000000000,1273.2351006878,10731.5460241172
2025-06-17,54293.9712364397,2580.6209962585,-280.3441742176,204.0377412831,56798.2857997637,56394.5816527183,78144.6502737582,80113.0056664165,28.2854409058,2406.7830363574,438.4276436991,21721.2771442562,16713.5440502551,496.5467966545,1942.6746671709,2921.2195967181,0.8286263889,0.0000000000,0.0000000000,1269.2270207662,10800.0000000000
2025-06-18,53519.2105309569,1936.2361163399,-1699.9327174010,674.9038927813,54430.4178226771,54926.4213560705,76216.0711816321,74458.4106185262,100.4582505841,1769.8626848615,3527.5232479674,17173.1349997428,14992.2831473911,1449.6261167585,2921.2195967181,1718.9487104965,0.8200500000,0.0000000000,0.0000000000,1200.0000000000,10800.0000000000
2025-06-19,50233.8549417077,2800.6645913012,-857.3351903716,155.9442534906,52333.1285961278,51894.5905658645,74163.0440947241,74391.0496357855,22.6010386405,2595.4179982281,2367.4124571667,20734.3377404637,15838.1321679083,1257.9409018707,1718.9487104965,2781.9280459046,0.8079104167,0.0000000000,0.0000000000,1440.6966481010,10800.0000000000
2025-06-20,17192.2103928884,0.0000000000,0.0000000000,0.0000000000,17192.2103928884,17484.5323647296,33408.2289372085,33408.2289372085,0.0000000000,0.0000000000,0.0000000000,12425.4007505130,10702.2821144908,9284.5294511864,2781.9280459046,2073.3641497098,0.6213069444,0.0000000000,0.0000000000,1803.8549053103,10800.0000000000
2025-06-21,16787.4244828255,0.0000000000,-136.4882384409,0.0000000000,16650.9362443847,16561.8384088695,33785.4068618181,33552.2105189291,0.0000000000,0.0000000000,233.1963428890,13613.5813657477,10832.6318064245,11436.5205596059,2073.3641497098,2289.3298161888,0.6095256944,0.0000000000,0.0000000000,1520.7309450024,10800.0000000000
2025-06-22,49118.1259882322,1810.5254206958,-545.4841217418,11.5162047932,50394.6834919795,50176.0040075750,71812.8395416236,72083.4604325266,1.6527274388,1356.5935578152,1085.9726669122,18805.4540923749,14755.3631895405,577.6811571309,2289.3298161888,2819.3905109479,0.8074916667,0.0000000000,0.0000000000,1565.6108356436,10800.0000000000
2025-06-23,49591.9627406516,136.9031822738,-610.5389221343,7.0212680185,49125.3482688095,49464.8304802489,71509.1801850553,70520.4826923169,1.0013931425,161.3163356405,1150.0138283789,18447.5881606646,15683.1351288722,695.7450536670,2819.3905109479,1996.5141567992,0.8048722222,0.0000000000,0.0000000000,1407.1245821101,10800.0000000000
2025-06-24,60211.5580730550,17.3847119572,-583.3209984805,0.0000000000,59645.6217865318,58882.5637685993,85220.6018912916,84046.5180934208,0.0000000000,8.2601439466,1182.3439418174,24816.1677543690,18436.4662162791,1398.0243053309,1996.5141567992,3846.1026731989,0.8405347222,0.0000000000,0.0000000000,1405.3449330371,10800.0000000000
2025-06-25,49793.7470437992,1651.2493035574,-553.5305593001,0.0000000000,50891.4657880565,51619.1969911263,72699.2313786459,72966.8123787541,0.0000000000,1429.8864918943,1162.3054917862,16982.8159840471,15343.6443041657,890.2193322060,3846.1026731989,2082.1433875462,0.8163465278,0.0000000000,0.0000000000,1331.9144617684,10800.0000000000
2025-06-26,48952.4801193636,1173.8672140511,-22.6658127523,0.0000000000,50103.6815206624,49695.7461174882,72349.0659850080,73616.7831757073,0.0000000000,1337.4688840437,69.7516933444,19972.0043820059,15287.4025244556,1384.7974848237,2082.1433875462,3070.9445264008,0.8059743056,0.0000000000,0.0000000000,1652.8351367321,10800.0000000000
2025-06-27,17692.7862746030,0.0000000000,0.0000000000,0.0000000000,17692.7862746030,17652.5523405345,35045.6472788902,35045.6472788902,0.0000000000,0.0000000000,0.0000000000,12865.3828526232,10333.1888027996,12741.8073623999,3070.9445264008,3168.4682017622,0.6051201389,0.0000000000,0.0000000000,2175.8081652642,10800.0000000000
2025-06-28,17336.3877124793,0.0000000000,-446.9551516993,0.0000000000,16889.4325607800,17253.7747773510,34183.4680014263,33390.8828119344,0.0000000000,0.0000000000,792.5851894919,14582.2148913939,12606.4154878909,9638.1572917648,3168.4682017622,2285.3332841379,0.6229888889,0.0000000000,0.0000000000,1668.5825132781,10800.0000000000
2025-06-29,47960.7884155175,6159.9311197181,-741.3772677116,1013.2504328283,54392.5927003524,54403.7886229035,69959.0565749594,74329.0585593221,147.5168754179,5509.7419669598,1139.7399825971,18563.2491005761,15060.6559493994,1706.2137502300,2285.3332841379,2258.1953086570,0.8118270833,0.0000000000,0.0000000000,1200.0000000000,10800.0000000000
2025-06-30,51811.7658067229,0.0000000000,-571.4708302150,221.7048643847,51461.9998408927,51598.2342517378,75655.9393359111,74791.3023665118,30.9060938712,0.0000000000,864.6369693993,18609.0887969494,15370.5606133408,1705.9962934411,2258.1953086570,1927.9745444216,0.8101881944,0.0000000000,0.0000000000,1412.0438803156,10800.0000000000
2025-07-01,49881.6630539418,20002.8534956811,0.0000000000,1563.4236645856,71447.9402142084,71748.2701568126,66661.1259790824,81157.4186751794,516.7074459416,14496.2926960970,0.0000000000,17962.6120669516,15204.8928642103,49.8628850464,1927.9745444216,1200.0000000000,0.8907618056,0.0000000000,0.0000000000,1200.0000000000,9866.8346370697
2025-07-02,48279.0916389207,12882.9522442858,0.0000000000,8649.4710250202,69811.5149082267,69811.5149082267,64473.6305757395,74477.7479681525,1878.1919245278,10004.1173924129,0.0000000000,17773.1582062462,14396.2581470594,74.2734668269,1200.0000000000,1200.0000000000,0.8753215278,0.0000000000,0.0000000000,1200.0000000000,10106.2652607703
2025-07-03,54804.1650968120,15527.3011855062,0.0000000000,2851.4039114569,73182.8701937751,72910.3286340663,73735.3872704340,84144.4684488201,926.4816656616,10409.0811783861,0.0000000000,20032.1396830603,15631.4770878949,909.8685859830,1200.0000000000,1860.6178393155,0.9014361111,0.0000000000,0.0000000000,1200.0000000000,10800.0000000000
2025-07-04,18410.3380048219,1440.4124652048,0.0000000000,29718.1366196624,49568.8870896891,49841.4286493978,32841.8552505041,34285.3932857879,5983.4880102764,1443.5380352839,0.0000000000,11568.2175424121,9964.8122647378,9784.6085517233,1860.6178393155,1200.0000000000,0.6903083333,0.0000000000,0.0000000000,1200.0000000000,10800.0000000000
2025-07-05,19068.7032224090,7136.5217376637,0.0000000000,3691.7271761651,29896.9521362379,29896.9521362379,35536.5913018285,40465.3141390160,1453.3164193473,4928.7228371875,0.0000000000,14107.9543022194,11427.4429847977,10448.0392742749,1200.0000000000,1200.0000000000,0.6843187500,0.0000000000,0.0000000000,1200.0000000000,10800.0000000000
2025-07-06,50520.1993504365,18863.3569298657,0.0000000000,6946.1882790097,76329.7445593120,76329.7445593120,66922.9572014738,82324.2708439348,1528.5797305425,15401.3136424610,0.0000000000,20521.1266179458,16622.1125605361,159.8549670677,1200.0000000000,1200.0000000000,0.8986708333,0.0000000000,0.0000000000,1200.0000000000,10800.0000000000
2025-07-07,49616.1035268666,8814.8700686557,-7.9652537416,15594.3607346330,74017.3690764137,74017.3690764137,66633.6102374378,74014.5097383504,3182.7213492400,7408.5039151966,27.6044142840,19009.7882041681,15397.9284453761,175.8885621319,1200.0000000000,1200.0000000000,0.8773902778,0.0000000000,0.0000000000,1200.0000000000,10800.0000000000
2025-07-08,60770.2638468274,1852.6610742840,-847.9802444082,332.2601639382,62107.2048406414,61911.7736590517,82245.1834278562,80309.3341118319,60.0565155073,899.8091906953,2835.6585067197,21882.7233668414,17298.6680410988,213.9482849299,1200.0000000000,1673.7087622697,0.8836034722,0.0000000000,0.0000000000,1200.0000000000,10647.9240105767
2025-07-09,57047.6595072384,2389.2145347690,-370.3178411224,1667.5088752211,60734.0650761062,60848.9796671814,77214.9489654751,77771.5620245320,241.2584016099,1537.5315022913,980.9184432344,19667.2517454406,16181.1628951450,468.0065591797,1673.7087622697,1395.1654496718,0.8791770833,0.0000000000,0.0000000000,1200.0000000000,10800.0000000000
2025-07-10,54790.4003914395,3795.7417305106,0.0000000000,6441.7982864948,65027.9404084450,64769.1427003816,72204.3104492198,76542.2768771915,825.2022338856,4337.9664279717,0.0000000000,20668.1115195863,16176.5968228355,22.3410309929,1395.1654496718,2022.4693474823,0.8775076389,0.0000000000,0.0000000000,1200.0000000000,10478.2152169893
2025-07-11,24183.4919413204,0.0000000000,0.0000000000,704.7211991431,24888.2131404636,25188.3194379537,41388.4352955700,41388.4352955700,214.2010492778,0.0000000000,0.0000000000,13403.5947880201,11511.6009810084,7191.8653878361,2022.4693474823,1295.0369000244,0.7069465278,0.0000000000,0.0000000000,1200.0000000000,10800.0000000000
2025-07-12,23010.5166544866,1739.4178331425,0.0000000000,155.1473680770,24905.0818557060,24857.8176541972,40628.8317928806,41823.4209400750,54.1865263676,1194.5891471944,0.0000000000,13468.0494443080,10806.0120422887,8131.3267310900,1295.0369000244,1409.6013529141,0.6942819444,0.0000000000,0.0000000000,1200.0000000000,10800.0000000000
2025-07-13,58234.6652773014,204.8123224050,-2426.6292255299,3697.6613629276,59710.5097371041,59759.4316550971,78729.6384365914,72835.2628638673,453.0695380407,88.3341979726,5982.7097706966,20245.5429784460,16505.6141690572,280.6831925192,1409.6013529141,1291.0187345631,0.8542875000,0.0000000000,0.0000000000,1200.0000000000,10714.9852340060
2025-07-14,55276.2360342708,3619.2522768898,-471.0924083237,6.8590474542,58431.2549502911,58283.0773026188,76186.9960309921,75996.2028426726,0.8106183838,1585.9025652627,1776.6957535822,19622.5520469261,15571.0140079574,137.7962054211,1291.0187345631,1650.1889012884,0.8722152778,0.0000000000,0.0000000000,1291.0187345631,10800.0000000000
2025-07-15,60643.9286008121,134.8294284604,-1690.4481115315,1675.2538783510,60763.5637960920,60588.4366210666,82193.8134497774,77424.4230587342,195.4560586106,66.3617094459,4835.7521004891,19762.5568526772,15625.6268498321,733.8985311663,1650.1889012884,2074.6824577733,0.8721083333,0.0000000000,0.0000000000,1200.0000000000,10800.0000000000
2025-07-16,60029.0933599548,46.7012408693,-1076.3908448642,0.0000000000,58999.4037559599,58853.9216688398,79261.8375789260,76521.4235855777,0.0000000000,18.7275150836,2759.1415084320,19602.8053763802,15560.8996358609,344.9544617251,2074.6824577733,2427.3188122256,0.8758020833,0.0000000000,0.0000000000,1699.7470465218,10800.0000000000
2025-07-17,57788.6521193622,1071.3523633720,-165.4048554745,1727.4878869712,60422.0875142309,60410.1810371326,77527.4017854736,77965.7997875878,202.1399352880,895.5739045941,457.1759024799,20435.7397904868,16526.9749602980,1538.7588260203,2427.3188122256,2456.1791122215,0.8748208333,0.0000000000,0.0000000000,1200.0000000000,10800.0000000000
2025-07-18,25353.0883414268,0.0000000000,-302.0512453946,0.0000000000,25051.0370960322,25028.5243840179,44118.0843564453,43115.5600253383,0.0000000000,0.0000000000,1002.5243311069,13163.0160431417,10612.9309649647,9291.2268471614,2456.1791122215,2510.7480344216,0.6942027778,0.0000000000,0.0000000000,1595.6144555610,10800.0000000000
2025-07-19,25737.6194971141,0.0000000000,-871.7015450840,0.0000000000,24865.9179520301,25084.6169414970,44404.0942347246,41819.1453122934,0.0000000000,0.0000000000,2584.9489224312,13407.6746797179,11337.3136666236,12565.9652491991,2510.7480344216,1980.6400610303,0.6802993056,0.0000000000,0.0000000000,1471.7029508997,10800.0000000000
2025-07-20,59420.7641241439,485.7258940471,-1211.6945785478,0.0000000000,58694.7954396432,58527.1140498246,81596.1832634812,77799.7301301363,0.0000000000,252.9898238051,4049.4429571500,19566.3659188617,15482.9553553524,1626.3413499603,1980.6400610303,2387.0856598365,0.8676125000,0.0000000000,0.0000000000,1823.2252445003,10800.0000000000
2025-07-21,61073.2573381378,920.2747353852,-418.4211684733,0.0000000000,61575.1109050498,61407.8456103447,81521.2708606051,80648.7083055419,0.0000000000,421.1231196365,1293.6856746996,20411.5761288011,16168.4833470352,2415.8661737761,2387.0856598365,2792.5226790517,0.8791791667,0.0000000000,0.0000000000,1925.4112815615,10800.0000000000
2025-07-22,60826.9109927554,1046.2903997294,-1200.0564013410,957.9724403983,61631.1174315421,61974.5693797520,81435.8047235224,80301.2736424112,113.1171691885,1381.7813656970,2516.3124468082,19183.2232151716,16287.6596005455,3723.6825803070,2792.5226790517,1960.0240165445,0.8751333333,0.0000000000,0.0000000000,1200.0000000000,10800.0000000000
2025-07-23,68688.2416572227,0.0000000000,-4695.7412726432,226.7711460250,64219.2715306044,64076.9974284708,92775.8074113782,80373.8380419781,26.5027927336,0.0000000000,12401.9693694002,21834.2747622501,17375.3881358545,1724.9070916494,1960.0240165445,2304.8844849535,0.8755840278,0.0000000000,0.0000000000,1422.2384112207,10800.0000000000
2025-07-24,68873.3564369532,0.0000000000,-2441.3291901931,0.0000000000,66432.0272467601,65701.7991138385,91828.6962154346,84941.1869259547,0.0000000000,0.0000000000,6887.5092894799,20804.9918669698,15259.0329418267,5778.7560008116,2304.8844849535,4074.8961187522,0.8774458333,0.0000000000,0.0000000000,2130.7979815374,10800.0000000000
2025-07-25,24302.4591654564,0.0000000000,0.0000000000,0.0000000000,24302.4591654564,24669.4302996442,41671.3557400161,41671.3557400161,0.0000000000,0.0000000000,0.0000000000,13058.6804396090,11378.0876298031,13485.4433635435,4074.8961187522,3185.3889257302,0.6769687500,0.0000000000,0.0000000000,2129.1668268403,10800.0000000000
2025-07-26,24751.3794827645,0.0000000000,-595.1131612633,662.1408718692,24818.4071933704,25192.7094124939,42760.9129917475,41783.1895303122,102.1113226724,0.0000000000,977.7234614353,14138.5071673890,12268.7402197786,11546.4423387075,3185.3889257302,2278.1117988486,0.6880090278,0.0000000000,0.0000000000,1200.0000000000,10800.0000000000
2025-07-27,58815.1202056207,2241.5818905260,-944.1138962968,700.2231701541,60812.8113700040,60888.8389526353,79729.9522395331,77760.7494601611,82.7833741389,1197.7513953648,3166.9541747368,20388.3941318768,16680.4552714131,450.4041738364,2278.1117988486,2093.8273270787,0.8771312500,0.0000000000,0.0000000000,1200.0000000000,10717.4627056679
2025-07-28,61228.2363200058,1598.7496113914,-0.2595514038,0.0000000000,62826.7263799933,62561.2623030307,82731.3381557637,83896.3213660194,0.0000000000,1165.8315560763,0.8483458206,21675.2173399990,16977.8096911312,1244.0364838182,2093.8273270787,2737.2899429320,0.8862368056,0.0000000000,0.0000000000,1948.3838730167,10800.0000000000
2025-07-29,62493.4322262494,1375.4966476419,-745.0865846383,76.2916679629,63200.1339572159,63303.4336177762,83899.3116686299,84365.4522768176,9.2245532873,1480.5655811219,1014.4249729342,19799.1286077203,16262.6448995731,4768.9471719577,2737.2899429320,2486.9002459102,0.8846277778,0.0000000000,0.0000000000,1250.2466149374,10800.0000000000
2025-07-30,57323.5165334689,6599.5952412856,-710.1908464757,0.0000000000,63212.9209282787,63092.9052359958,74956.3766235348,80577.7066072376,0.0000000000,6570.3919525049,949.0619688021,20815.3746684939,16598.6363235238,2257.7142122675,2486.9002459102,2777.8081991949,0.8796965278,0.0000000000,0.0000000000,1488.9189329291,10800.0000000000
2025-07-31,58217.2355050440,1373.6300005501,0.0000000000,3139.4931007077,62730.3586063017,62223.3354416704,79217.7378510767,80789.4944363284,360.0542577794,1571.7565852517,0.0000000000,22701.3910407514,17282.0433512731,1035.2047379629,2777.8081991949,4006.7897455677,0.8814312500,0.0000000000,0.0000000000,1200.0000000000,10800.0000000000
2025-08-01,23875.6118073191,0.0000000000,0.0000000000,0.0000000000,23875.6118073191,24272.2619660099,40876.0714370279,40876.0714370279,0.0000000000,0.0000000000,0.0000000000,13213.0732836069,11567.8913487859,17979.5298355402,4006.7897455677,3045.3430910519,0.6663972222,0.0000000000,0.0000000000,1774.5359519676,10800.0000000000
2025-08-02,24590.7726963943,0.0000000000,-613.7766416182,0.0000000000,23976.9960547761,24100.2120752741,43252.6608107261,41802.1362061889,0.0000000000,0.0000000000,1450.5246045372,14577.8567477754,12076.8627176596,18374.1172427399,3045.3430910519,2746.6778110946,0.6621875000,0.0000000000,0.0000000000,1288.8648783895,10800.0000000000
2025-08-03,50484.9905636723,0.0000000000,-315.9699191747,155.3227993791,50324.3434438767,50549.7865394197,67352.1789051726,66666.9773392008,18.6507125858,0.0000000000,685.2015659718,18004.0989555419,15075.1297618258,917.1788747372,2746.6778110946,2200.2226912758,0.8333687500,0.0000000000,0.0000000000,1347.2920000182,10800.0000000000
2025-08-04,53747.4883199050,1496.5892071186,-1073.4425191920,0.0000000000,54170.6350078315,53874.8410469853,71149.8388073962,69652.4904747657,0.0000000000,867.5473165431,2364.8956491736,18683.0284079846,14487.9712752522,41.7782587000,2200.2226912758,2917.2023970706,0.8447847222,0.0000000000,0.0000000000,1974.4500439768,10800.0000000000
2025-08-05,51974.9275443331,1134.7176937526,-326.6449253430,0.0000000000,52783.0003127427,52987.8029514670,69303.2042320115,69836.0802321720,0.0000000000,1228.6604434983,695.7844433378,17426.0673391626,14561.8964929219,1819.5996525980,2917.2023970706,2420.7780101815,0.8445958333,0.0000000000,0.0000000000,1883.0822013928,10800.0000000000
2025-08-06,58733.0389186896,0.0000000000,-2385.3988235302,0.0000000000,56347.6400951594,56559.2818683331,76660.7599626902,71694.4904120731,0.0000000000,0.0000000000,4966.2695506171,18336.4049953232,15314.1897329090,557.8758829923,2420.7780101815,1907.7761360734,0.8577486111,0.0000000000,0.0000000000,1462.1055625862,10800.0000000000
2025-08-07,56169.3764196522,746.7680945440,-1678.2619919795,0.0000000000,55237.8825222167,54575.0068639283,80005.3852200784,73128.9638373239,0.0000000000,572.9830360988,7449.4044188533,20644.6761923934,15276.1083104694,4372.4107053998,1907.7761360734,3514.5310309282,0.8411048611,0.0000000000,0.0000000000,1496.1239086994,10800.0000000000
2025-08-08,21544.2428228437,0.0000000000,0.0000000000,0.0000000000,21544.2428228437,22056.0890169665,38830.9771953696,38830.9771953696,0.0000000000,0.0000000000,0.0000000000,13740.7034257600,12246.5747229924,21561.6772426019,3514.5310309282,2273.8588663430,0.6379520833,0.0000000000,0.0000000000,1659.2071972182,10800.0000000000
2025-08-09,22585.3677812351,0.0000000000,-130.7460425678,0.0000000000,22454.6217386673,22606.4009767472,40075.9343237059,39869.0536382737,0.0000000000,0.0000000000,206.8806854322,14609.4873096017,12164.7948280888,18502.4321567608,2273.8588663430,1905.9587471080,0.6529750000,0.0000000000,0.0000000000,1604.5548838730,10800.0000000000
2025-08-10,55187.2779806795,0.0000000000,-493.8210451721,0.0000000000,54693.4569355074,53903.5325135351,74254.5783658444,72780.6273260301,0.0000000000,0.0000000000,1473.9510398144,20131.6594356580,14583.4047628734,1927.7536032454,1905.9587471080,3820.6691693409,0.8486909722,0.0000000000,0.0000000000,1442.0528182363,10800.0000000000
2025-08-11,48832.1732534328,1527.8009782007,-780.2774198535,5352.4150510982,54932.1118628783,55871.5275017182,67171.1315482731,66482.6146144495,633.1165105134,1233.2719657327,1921.7888995563,17216.0988299602,15994.3981655463,1332.7771272157,3820.6691693409,1543.6045990314,0.8396298611,0.0000000000,0.0000000000,1200.0000000000,10800.0000000000
2025-08-12,55826.2884585515,672.9680916919,-690.7230904632,0.0000000000,55808.5334597802,55390.7256851388,77159.6369410973,74428.4107860026,0.0000000000,284.8848637675,3016.1110188622,19515.7883755199,14896.3307402186,2048.4095007014,1543.6045990314,2556.3355367564,0.8573708333,0.0000000000,0.0000000000,1440.7858741457,10800.0000000000
2025-08-13,51038.1253076373,1806.2259641254,-20.7097826637,142.1593300775,52965.8008191765,52649.3799870315,69883.7504542037,71970.0439943456,16.7504933311,2132.9148031367,46.6212629948,19387.2475836141,15013.3907850183,1491.9582390809,2556.3355367564,3323.3130453221,0.8531652778,0.0000000000,0.0000000000,1229.9794083298,10800.0000000000
2025-08-14,51569.3327703678,2524.9439221223,0.0000000000,443.2142480251,54537.4909405151,54871.3847875872,69041.1235427730,72518.0647497141,52.7681159738,3476.9412069411,0.0000000000,18977.5261974107,16100.1937855595,3767.2094705034,3323.3130453221,2513.9824168144,0.8501201389,0.0000000000,0.0000000000,1281.9854119793,10800.0000000000
2025-08-15,22235.8570273970,0.0000000000,-111.7560423037,0.0000000000,22124.1009850934,22523.9617486929,39311.0378348132,39014.8975497005,0.0000000000,0.0000000000,296.1402851127,13354.7856794531,11689.6824022844,20190.0673891985,2513.9824168144,1544.7535257840,0.6512152778,0.0000000000,0.0000000000,1336.8790959174,10800.0000000000
2025-08-16,23478.8041169819,258.7565962758,-929.7519327175,659.0130606338,23466.8218411740,23512.9080874471,41328.3417719491,38875.6847871826,131.1138980942,271.4180055191,2724.0749902857,14248.1305553828,11641.5240194029,19470.9117826302,1544.7535257840,1433.0443374031,0.6473409722,0.0000000000,0.0000000000,1200.0000000000,10800.0000000000
2025-08-17,53216.4967576294,607.6730368628,-970.1519732103,1321.4284029595,54175.4462242414,53529.5640988799,74832.2048398000,71095.2835602801,155.3832310503,374.7413749153,4111.6626544351,21182.7383393334,15749.0104557681,2651.5452910985,1433.0443374031,2998.6083363941,0.8399000000,0.0000000000,0.0000000000,1200.0000000000,10800.0000000000
2025-08-18,51439.4492420321,234.2694839235,-253.1754335989,2580.9377207304,54001.4810130871,54553.2372990120,69147.7765423716,69018.7545916262,310.5475321744,220.3923335540,349.4142842994,18302.5901962512,16028.7678451180,2661.3641560007,2998.6083363941,1661.1974628891,0.8475611111,0.0000000000,0.0000000000,1200.0000000000,10800.0000000000
2025-08-19,51298.1626265484,0.0000000000,-239.2501852177,1457.0711254155,52515.9835667462,52573.1368026472,69601.9540704760,68712.0586325129,211.7186038127,0.0000000000,889.8954379631,18472.6988308659,15087.5672301620,1220.9855856217,1661.1974628891,1522.6628215995,0.8429152778,0.0000000000,0.0000000000,1200.0000000000,10800.0000000000
2025-08-20,58361.7873399646,4380.9217742394,-1524.5709172572,24.2150234250,61242.3532203718,59664.8247232506,82073.0638455060,78888.5647173449,2.9157162462,2172.4065674129,5356.9056955740,24596.6269654847,16481.8509751743,126.0133766141,1522.6628215995,5346.4593403421,0.8663486111,0.0000000000,0.0000000000,1488.6589051747,10752.4906668612
2025-08-21,51383.5975118525,438.2166130859,-964.5221157806,624.2704356681,51481.5624448259,52781.7170499126,70220.1092586849,66840.9446810033,82.2250452477,291.9947427293,3671.1593204108,16122.7178695184,15895.7204350432,851.7538084425,5346.4593403421,2194.9938284161,0.8472069444,0.0000000000,0.0000000000,1200.0000000000,10800.0000000000
2025-08-22,21818.7309061482,488.5927804166,-228.4633893112,2630.3140490246,24709.1743462783,25093.0665312117,38558.1623149175,38369.3985408364,494.2207300251,503.4651498182,692.2289238993,13484.7574498860,11760.1236927596,15908.4161137351,2194.9938284161,1264.4714302473,0.6604708333,0.0000000000,0.0000000000,1200.0000000000,10800.0000000000
2025-08-23,21083.4879836587,1220.9397757179,0.0000000000,9.1809020435,22313.6086614202,22226.5162916246,38939.4747996482,39972.4325855142,4.0659442177,1032.9577858660,0.0000000000,14801.5230184376,11799.2395174515,14444.2088787458,1264.4714302473,1475.5760163394,0.6591965278,0.0000000000,0.0000000000,1200.0000000000,10800.0000000000
2025-08-24,52674.8534827297,316.4154455973,-157.3455655193,0.0000000000,52833.9233628077,52514.3883616058,70215.0722668529,69939.2967126721,0.0000000000,281.2340962629,557.0096504437,20458.9644946976,15874.6878472940,1621.4305819352,1475.5760163394,2250.1020090184,0.8410215278,0.0000000000,0.0000000000,1307.3586310336,10800.0000000000
2025-08-25,64598.6822034785,279.8066017377,-5225.1479364919,0.0000000000,59653.3408687243,59937.0589848946,89895.5077151250,74561.5226575333,0.0000000000,112.0827803818,15446.0678379736,20000.1549056668,16819.0634593103,607.3441945101,2250.1020090184,1562.3931359960,0.8601569444,0.0000000000,0.0000000000,1279.0982470560,10800.0000000000
2025-08-26,53463.9762089725,587.8071404069,0.0000000000,0.0000000000,54051.7833493795,52893.6959429223,72393.9190406630,73300.7775560396,0.0000000000,906.8585153766,0.0000000000,22390.7739416583,15610.1309885410,991.3162195890,1562.3931359960,4369.4996962207,0.8444180556,0.0000000000,0.0000000000,1562.3931359960,10800.0000000000
2025-08-27,52127.7202437252,4078.0329313399,-103.1972062498,773.3537837438,56875.9097525591,56789.1588913821,71067.3677199654,75028.1775403182,94.1774256566,4283.5132484386,322.7034280859,20397.4703100748,16332.7018330527,3143.4376222861,4369.4996962207,4579.7764941182,0.8533875000,0.0000000000,0.0000000000,1200.0000000000,10800.0000000000
2025-08-28,49833.0406332839,5139.4203566418,-18.6750727599,2764.5152022023,57718.3011193681,58408.9886006591,68296.5710553149,72816.0154074049,361.6746895395,4572.7940814426,53.3497293526,19213.8411065161,17069.9628714080,266.0168785029,4579.7764941182,2905.6080773072,0.8635048611,0.0000000000,0.0000000000,1200.0000000000,10418.6430897324
2025-08-29,22632.0279041286,0.0000000000,-497.7677484218,0.0000000000,22134.2601557068,22776.3406156520,40231.0065534330,38790.7198672031,0.0000000000,0.0000000000,1440.2866862298,13669.7369649745,12473.2011149546,15038.9636671832,2905.6080773072,1349.2589958348,0.6645076389,0.0000000000,0.0000000000,1293.4534146739,10800.0000000000
2025-08-30,22726.9108226787,124.1422179335,-30.9239742109,277.1755379139,23097.3046043152,23138.8051699123,40329.3186172199,40369.7824087953,133.0718131829,144.1483151824,103.6845236069,14401.4317875159,11755.6942432652,19344.3968443942,1349.2589958348,1248.6651120822,0.6546625000,0.0000000000,0.0000000000,1200.0000000000,10800.0000000000
2025-08-31,52340.7744840396,2130.4972962647,-323.2815892582,2296.2425523320,56444.2327433781,55348.5315476821,71763.1454793237,73173.3075096147,316.0931543433,2044.0771317222,633.9151014312,21932.2116272260,15374.7925532166,285.3585066153,1248.6651120822,3904.5527396783,0.8465388889,0.0000000000,0.0000000000,1200.0000000000,10228.7969426493
2025-09-01,49636.5859880277,0.0000000000,-3886.4799790289,0.0000000000,45750.1060089988,44991.7270857919,78192.0924362538,65758.7044371704,0.0000000000,0.0000000000,12433.3879990834,19565.3745460067,14193.5312766968,6812.7266345272,3904.5527396783,5742.7995236434,0.7517326389,0.0000000000,0.0000000000,1686.9743964749,10800.0000000000
2025-09-02,43226.0443853765,1039.6767433238,-1068.0420498889,0.0000000000,43197.6790788115,43291.3850953143,65759.7625455109,65072.7765701692,0.0000000000,1513.2655512813,2200.2515266230,18768.6219901717,15407.0057710137,7653.4045010111,5742.7995236434,5515.6640136716,0.7539930556,0.0000000000,0.0000000000,1997.8315046205,10800.0000000000
2025-09-03,47829.8687766127,0.0000000000,-2124.2469471054,0.0000000000,45705.6218295073,45492.8723071088,71315.2324083563,64873.1388128350,0.0000000000,0.0000000000,6442.0935955213,18426.4300294531,14461.2900552258,5360.2815886077,5515.6640136716,6031.3509788174,0.7609944444,0.0000000000,0.0000000000,2161.0544402159,10800.0000000000
2025-09-04,46639.1958493796,41.8506717415,-526.7746883246,0.0000000000,46154.2718327965,45602.5693139062,68858.6726044743,66579.9868890643,0.0000000000,34.8186355152,2313.5043509252,19847.1354944554,14872.6272584509,7679.9131030598,6031.3509788174,7368.6315255485,0.7569979167,0.0000000000,0.0000000000,2281.4859629630,10800.0000000000
2025-09-05,17783.9248673771,0.0000000000,-377.3449188904,0.0000000000,17406.5799484867,18379.1399379246,34458.0298276964,33409.1439761303,0.0000000000,0.0000000000,1048.8858515661,12857.5974768971,12536.3172782493,26263.6021108158,7368.6315255485,5011.2278344790,0.5586402778,0.0000000000,0.0000000000,2936.9554593285,10800.0000000000
2025-09-06,18441.0953194246,0.0000000000,-941.5936896419,0.0000000000,17499.5016297827,17758.7864019827,36496.6341191440,34858.4911511477,0.0000000000,0.0000000000,1638.1429679963,14389.0029821721,12220.7284658746,24969.1329348502,5011.2278344790,4382.7433341287,0.5657111111,0.0000000000,0.0000000000,2175.4801765945,10800.0000000000
2025-09-07,45782.5980431094,1434.0122640138,-1345.4410093976,0.0000000000,45871.1692977256,44223.7543007003,69776.8890839760,69646.1876499693,0.0000000000,2078.8723232250,2209.5737572316,24163.7361863014,15978.7503410941,6500.2181880954,4382.7433341287,8375.9388561399,0.7593138889,0.0000000000,0.0000000000,1905.0141209186,10800.0000000000
2025-09-08,45418.9139862302,1172.1413245942,-620.2148388460,0.0000000000,45970.8404719784,45601.2399863279,69410.9885496658,68108.2966857182,0.0000000000,1010.6401063216,2313.3319702692,19471.9682726257,14966.0018328039,4206.7607125631,8375.9388561399,9271.8193761653,0.7735236111,0.0000000000,0.0000000000,2455.7247056706,10800.0000000000
2025-09-09,39895.3839231091,1857.3421059024,-488.7069945835,0.0000000000,41264.0190344279,41762.6603076029,58740.2548817000,59622.5189534765,0.0000000000,1651.7411558725,769.4770840959,18319.6138051184,15926.6852733706,4126.7561550621,9271.8193761653,8063.1548303601,0.7518833333,0.0000000000,0.0000000000,1820.9391906533,10800.0000000000
2025-09-10,46538.2690262461,1526.1619851289,-1420.1870147978,562.5292876774,47206.7732842546,47052.7628729778,71588.5411758886,68803.6356101284,105.7430311404,1466.5320146737,4251.4375804339,22795.9716282929,18128.7595528946,2926.1679158705,8063.1548303601,8436.4631259408,0.7818236111,0.0000000000,0.0000000000,1200.0000000000,10800.0000000000
2025-09-11,45545.5880823892,0.0000000000,-1617.9771570756,0.0000000000,43927.6109253136,42952.5206571601,70564.8231070981,63694.7471471237,0.0000000000,0.0000000000,6870.0759599743,22316.1668427120,15948.9119559434,3831.4064770219,8436.4631259408,10800.0000000000,0.7530638889,0.0000000000,0.0000000000,1394.6699074074,10800.0000000000
2025-09-12,14187.3273397928,0.0000000000,-218.1174954421,0.0000000000,13969.2098443506,16843.7818729830,27187.4582761061,26499.6090504543,0.0000000000,0.0000000000,687.8492256519,10934.4122408699,15127.8228598722,19141.3634694565,10800.0000000000,3832.2789502583,0.5750854167,0.0000000000,0.0000000000,2760.4596714956,10800.0000000000
2025-09-13,16322.4074906900,51.4300157260,-283.1485955671,0.0000000000,16090.6889108489,16128.5840999591,33759.5628424983,33307.0381430295,0.0000000000,53.9284229994,506.4531224682,13558.4150279316,11064.9854513191,22806.5070830837,3832.2789502583,3740.4241961533,0.5665159722,0.0000000000,0.0000000000,2454.3163933678,10800.0000000000
2025-09-14,51932.8042668566,0.0000000000,-2485.6132337834,0.0000000000,49447.1910330733,46846.5214543105,81063.9153301836,74222.6609680476,0.0000000000,0.0000000000,6841.2543621360,26244.1007821374,15584.2975592038,3463.5329951140,3740.4241961533,10044.2287231839,0.7759062500,0.0000000000,0.0000000000,2000.9638642340,10800.0000000000
2025-09-15,39034.6793136511,1212.7770443629,-233.6811799564,1853.6259496336,41867.4011276912,42170.7866707332,58324.1519230749,59017.0376676354,335.7387681117,1065.8347518403,372.9490072798,20445.4084478942,17222.6237996057,1062.9611541252,10044.2287231839,9308.8476600602,0.7617263889,0.0000000000,0.0000000000,1200.0000000000,10800.0000000000
2025-09-16,42895.0448946277,0.0000000000,-1815.9810759632,0.0000000000,41079.0638186644,44026.5271604499,63009.1795371224,56894.1907323301,0.0000000000,0.0000000000,6114.9888047923,12494.5093150010,16550.5156662018,1458.4271001976,9308.8476600602,2164.4441922257,0.7779465278,0.0000000000,0.0000000000,1777.3575647814,10800.0000000000
2025-09-17,48028.0417213295,444.8987986836,-1483.2917286696,13.4391094600,47003.0879008035,44056.2704852393,75388.3504117941,72067.5204473029,2.6843322601,407.2379633645,3728.0679278557,28679.4386577095,16801.7912954890,232.4390173425,2164.4441922257,9307.2819891764,0.7780548611,0.0000000000,0.0000000000,1542.3936297856,10800.0000000000
2025-09-18,38446.1079029273,4525.6221373530,0.0000000000,0.0000000000,42971.7300402804,43885.7706220290,57240.1230441716,63384.1650870342,0.0000000000,6144.0420428626,0.0000000000,18797.6551626103,17220.1024894611,2850.5612972183,9307.2819891764,7091.7244250134,0.7698256944,0.0000000000,0.0000000000,1606.2274530429,10800.0000000000
2025-09-19,13659.8513873163,0.0000000000,0.0000000000,0.0000000000,13659.8513873163,15472.8824925183,27790.1666745743,27790.1666745743,0.0000000000,0.0000000000,0.0000000000,12525.2352735931,14100.6121181055,13264.1912024201,7091.7244250134,2697.0893733521,0.5932520833,0.0000000000,0.0000000000,1314.1136164406,10800.0000000000
2025-09-20,14924.4923688913,12.5210356202,-144.5107622414,0.0000000000,14792.5026422700,14896.3618326554,32572.4041463882,32239.0642814624,0.0000000000,25.2314747476,358.5713396734,15044.4164446110,12412.5486754060,13961.7627789241,2697.0893733521,2445.3434230509,0.5874611111,0.0000000000,0.0000000000,1339.1563401721,10800.0000000000
2025-09-21,46927.1179819625,0.0000000000,-598.7693517743,0.0000000000,46328.3486301882,43577.6492519753,74107.5508516042,71776.5015590488,0.0000000000,0.0000000000,2331.0492925554,26765.1892862161,15679.0855832073,2402.9103727068,2445.3434230509,9112.8075770816,0.7738493056,0.0000000000,0.0000000000,1596.9733166158,10800.0000000000
2025-09-22,45137.8168945193,1845.5503691149,-2137.0372032458,329.8921030667,45176.2221634552,46201.9550255223,67160.5258962646,61756.8814752987,63.4001230629,954.5525997560,6358.1970207219,17948.8316461681,16776.2148730255,33.6449418857,9112.8075770816,6626.5173108268,0.7821659722,0.0000000000,0.0000000000,1200.0000000000,10459.4860795465
2025-09-23,44520.2712218445,604.7585810946,-589.5242362158,1722.1521352284,46257.6577019518,45963.9573530443,68369.4137454635,66863.1341537022,324.0912131901,348.3471031549,1854.6266949162,22351.0098842315,17463.6035364859,183.2034358134,6626.5173108268,7338.4222772064,0.7817520833,0.0000000000,0.0000000000,1200.0000000000,10800.0000000000
2025-09-24,40406.9398275579,5412.1299120876,0.0000000000,0.0000000000,45819.0697396455,45147.2777575824,61549.4600073360,66978.4961347983,0.0000000000,5429.0361274624,0.0000000000,23068.8392298692,17220.2291931854,66.6609981145,7338.4222772064,8966.7895916605,0.7761097222,0.0000000000,0.0000000000,1386.7658876493,10794.5204731885
2025-09-25,42534.5791539819,1098.4471073803,-442.9440400654,111.1026442500,43301.1848655468,43546.2657956363,64949.7904254160,64298.8399135784,16.5147000000,1343.5861467585,1994.5366585961,20296.3706523163,16974.7102509253,658.2453121874,8966.7895916605,8372.7340110504,0.7776076389,0.0000000000,0.0000000000,1250.7739989704,10800.0000000000
2025-09-26,12149.2693136326,0.0000000000,-178.6253045013,0.0000000000,11970.6440091312,14788.0502042358,25758.3115961768,25204.6442509062,0.0000000000,0.0000000000,553.6673452706,11876.8912644633,15766.5222097922,11400.0316962351,8372.7340110504,1543.5781381871,0.5928138889,0.0000000000,0.0000000000,1423.8873832159,10800.0000000000
2025-09-27,14183.6704473404,1062.9786118102,0.0000000000,3224.3043424093,18470.9534015599,18612.6984712364,31512.9747906943,32508.8795330191,683.4409673292,995.9047423249,0.0000000000,15386.6282210860,12772.3891834481,12776.7792127104,1543.5781381871,1200.0000000000,0.5996840278,0.0000000000,0.0000000000,1200.0000000000,10800.0000000000
2025-09-28,47003.5834057967,5120.9627324960,-68.9240770842,0.0000000000,52055.6220612084,48324.0178249059,74550.0228324174,78611.8926741677,0.0000000000,4342.9058339387,281.0359921884,30770.9654342660,16783.8964068051,1137.1944800402,1200.0000000000,10245.0951055004,0.7893881944,0.0000000000,0.0000000000,1200.0000000000,10800.0000000000
2025-09-29,44123.0912361359,1969.0583879315,-1013.5963327221,5512.8360212619,50591.3893126071,51270.6427350323,66893.5617109106,63906.7096716731,975.8115450526,999.1633845159,3986.0154237534,18323.2398411272,16323.6321683352,123.0219439337,10245.0951055004,8598.6418865868,0.7877583333,0.0000000000,0.0000000000,1200.0000000000,10280.0880219762
2025-09-30,43480.5686308568,2483.1456335116,0.0000000000,2649.5187291514,48613.2329935199,49585.6008556680,64484.0197979239,66923.1470201249,479.4399620728,2439.1272222010,0.0000000000,19123.5822657783,17611.3458268774,468.1757766302,8598.6418865868,6241.7038959236,0.7938243056,0.0000000000,0.0000000000,1200.0000000000,10800.0000000000
2025-10-01,40304.7075535287,0.0000000000,-547.3715960204,0.0000000000,39757.3359575083,38020.9315298962,65115.2551139283,63123.0701166090,0.0000000000,0.0000000000,1992.1849973193,24433.7169568782,16003.3021534235,5031.1337798210,6241.7038959236,10450.6023199767,0.7381555556,0.0000000000,0.0000000000,1568.0331589801,10800.0000000000
2025-10-02,41708.0090545602,0.0000000000,-1406.8050093119,0.0000000000,40301.2040452484,40725.1977827669,66209.0647454138,61473.0592429895,0.0000000000,0.0000000000,4736.0055024243,18136.5597500298,15615.5660702687,7221.2824465617,10450.6023199767,9422.8771280383,0.7419722222,0.0000000000,0.0000000000,1918.4287921069,10800.0000000000
2025-10-03,9962.3799518758,0.0000000000,0.0000000000,0.0000000000,9962.3799518758,12569.3548712792,22511.7911500899,22511.7911500899,0.0000000000,0.0000000000,0.0000000000,12109.0619964960,15495.5195457821,18081.0949993761,9422.8771280383,3103.7889851268,0.5579645833,0.0000000000,0.0000000000,1243.1140644385,10800.0000000000
2025-10-04,13541.5489259439,0.0000000000,-247.4094873277,145.2721484201,13439.4115870363,13577.5428753267,30950.2790436593,30349.4177127789,46.9452733625,0.0000000000,600.8613308804,15553.2355253119,12899.4575476955,14646.6025751916,3103.7889851268,2768.9703493569,0.5858305556,0.0000000000,0.0000000000,1200.0000000000,10800.0000000000
2025-10-05,46156.7959756495,164.1844813487,-2237.1308217806,0.0000000000,44083.8496352176,40770.6037360135,76665.0642622365,68666.4807782381,0.0000000000,132.7463463151,8131.3298303136,28946.5829633242,16218.8055147138,1202.7422629611,2768.9703493569,10800.0000000000,0.7525611111,0.0000000000,0.0000000000,1375.8838206122,10800.0000000000
2025-10-06,37926.2652644659,2631.9968526927,-4.8099459547,0.0000000000,40553.4521712039,40687.2933806666,58084.3128636675,61320.3725851199,0.0000000000,3252.5393578692,16.4796364167,20028.3484248867,16514.9400848229,73.8549950560,10800.0000000000,10475.5801548171,0.7684895833,0.0000000000,0.0000000000,1523.6640608623,10800.0000000000
2025-10-07,39457.9198794711,2095.8000254604,-538.9093857714,0.0000000000,41014.8105191601,41156.0953963933,62259.5998995707,62172.2781174127,0.0000000000,1844.4487651281,1931.7705472861,20934.0629105753,17264.8073609026,731.4595677401,10475.5801548171,10133.1174844430,0.7657534722,0.0000000000,0.0000000000,1868.5318283467,10800.0000000000
2025-10-08,34515.3906167760,1989.0402492959,-177.9950170509,1322.3295487006,37648.7653977216,40179.5296194488,52594.6071586525,53341.0392071738,258.5934268410,1499.6065449786,753.1744964574,13905.5831654840,16784.4461981358,0.0000000000,10133.1174844430,3998.7576687833,0.7606854167,0.0000000000,0.0000000000,1200.0000000000,10786.4383916958
2025-10-09,44950.4183763482,0.0000000000,-2936.7516877788,5123.3263085574,47136.9929971268,45509.9508097900,73933.1588610153,63266.3058494620,894.2369400055,0.0000000000,10666.8530115533,25327.8640712005,16966.1377087611,38.8347436948,3998.7576687833,7942.5712120181,0.7578034722,0.0000000000,0.0000000000,1200.0000000000,10766.7206488395
2025-10-10,10379.2354178094,0.0000000000,0.0000000000,571.4346128203,10950.6700306296,13624.9950936721,24073.2855484961,24073.2855484961,179.7802150362,0.0000000000,0.0000000000,12061.0594524219,15603.5634650111,18451.9588594548,7942.5712120181,1460.2319802965,0.5595319444,0.0000000000,0.0000000000,1200.0000000000,10800.0000000000
2025-10-11,13298.1392262078,354.8001607582,-2.5500175411,0.0000000000,13650.3893694249,13322.8538237288,31793.5247567705,32089.2049603011,0.0000000000,304.8496301438,9.1694266132,17137.6242843372,13166.9488940843,14012.2159867149,1460.2319802965,2254.1506205508,0.5845513889,0.0000000000,0.0000000000,1460.2319802965,10800.0000000000
2025-10-12,42907.2278592458,1633.2783290760,-357.0017859154,105.1205901667,44288.6249925730,41009.4719302954,72389.7751076446,71833.8214630065,20.9299333333,923.3520112015,1479.3056558397,29134.6260627078,16445.4947799425,650.6641302412,2254.1506205508,10202.5420992740,0.7663437500,0.0000000000,0.0000000000,1604.0164612884,10800.0000000000
2025-10-13,39826.5390301603,2845.1485070359,-1383.6950385597,0.0000000000,41287.9924986365,41691.4581372444,63355.2020657116,59893.0412339112,0.0000000000,1826.7286361009,5288.8894679012,19366.9243836486,16567.3788753782,66.1004256408,10202.5420992740,9224.5752941375,0.7646513889,0.0000000000,0.0000000000,1327.3977952393,10800.0000000000
2025-10-14,43313.5745740492,994.3266921040,-1136.1000801804,1013.0700274526,44184.8712134254,44484.1790537769,68008.9503735936,64613.7027639788,197.7647055816,844.9837769762,4240.2313865910,20866.6318988255,17554.9191870514,725.9254744530,9224.5752941375,8499.0782396900,0.7730666667,0.0000000000,0.0000000000,1200.0000000000,10800.0000000000
2025-10-15,43774.9453445795,685.3422674983,-1490.0324345141,0.0000000000,42970.2551775637,43688.2773101795,69118.9549292358,64255.5086584460,0.0000000000,354.9916755025,5218.4379462923,19703.0876937689,17525.8838151976,158.2811298747,8499.0782396900,6758.6529249736,0.7760555556,0.0000000000,0.0000000000,1251.4262956458,10669.6922704317
2025-10-16,43503.6983477158,1600.7205719070,-313.9735448972,1645.8949867738,46436.3403614993,45671.5715992297,68913.8421759515,69387.6229072362,274.0924635910,1313.9112433631,840.1305120783,24641.2227586721,18291.0287392958,345.0484014509,6758.6529249736,8612.3881418943,0.7822208333,0.0000000000,0.0000000000,1200.0000000000,10800.0000000000
2025-10-17,9632.2167559345,755.3892856453,0.0000000000,1533.1331899441,11920.7392315239,14967.9454822056,22339.8546086441,23122.0911305870,365.0945264956,782.2365219429,0.0000000000,11744.3692844345,16160.4938283159,11899.1108842974,8612.3881418943,1226.2162442010,0.5888062500,0.0000000000,0.0000000000,1200.0000000000,10800.0000000000
2025-10-18,13597.0075177885,197.9702186829,-228.9157804826,0.0000000000,13566.0619559888,13342.5286831616,32569.7869617879,32037.3496256164,0.0000000000,234.6745259804,767.1118621518,17297.9495923266,13523.6958867519,12186.5026533751,1226.2162442010,1768.0421142372,0.5830680556,0.0000000000,0.0000000000,1226.2162442010,10800.0000000000
2025-10-19,47994.7732747598,1073.7130508402,-491.2362612664,1340.6492067648,49917.8992710983,46805.2730635106,76772.9585298219,76225.7922684397,209.0857387202,662.2210079275,1209.3872693097,29770.1313248609,17323.5364346884,102.5605836541,1768.0421142372,9312.7864902915,0.7893604167,0.0000000000,0.0000000000,1200.0000000000,10629.1871860016
2025-10-20,47293.9715338648,0.0000000000,-1416.1373253729,86.0500063368,45963.8842148287,45790.9460430765,73488.4068645250,70070.0893442823,16.3662977116,0.0000000000,3418.3175202427,23048.5264553745,18292.0375920116,889.1844119644,9312.7864902915,9731.9740867823,0.7871270833,0.0000000000,0.0000000000,1200.0000000000,10800.0000000000
2025-10-21,46471.2961023439,3033.5189817660,-1061.4137660253,0.0000000000,48443.4013180846,48280.9096699329,72286.4537661109,71565.7314456493,0.0000000000,2202.2702804557,2922.9926009173,22698.2916623609,18031.1367555268,435.9951888153,9731.9740867823,10125.8401878773,0.7953062500,0.0000000000,0.0000000000,1782.1946885823,10800.0000000000
2025-10-22,43374.4527918657,1809.3716538135,0.0000000000,1213.9973908743,46397.8218365534,46805.8710794614,67340.0836294557,68917.5659981723,207.4741762322,1577.4823687166,0.0000000000,22072.0375954794,18768.5198214616,266.6257003867,10125.8401878773,9136.7631110737,0.7929506944,0.0000000000,0.0000000000,1200.0000000000,10800.0000000000
2025-10-23,50157.0031147357,2458.5284914584,-4048.3777867802,555.1909118262,49122.3447312400,49177.2411925395,78414.9823223074,67284.3574616159,111.3022203961,1368.6220628090,12499.2469235004,21655.1348043522,17660.4171598866,21.4450042131,9136.7631110737,9003.6987017833,0.7813361111,0.0000000000,0.0000000000,1200.0000000000,10775.1748648509
2025-10-24,10122.2349803482,627.1329199944,0.0000000000,3095.3450901022,13844.7129904448,17055.1176142838,23390.9036141660,24020.2593464966,674.4320946882,629.3557323305,0.0000000000,11690.4773184633,16472.8625646900,11057.0259707449,9003.6987017833,1221.9476609669,0.5963583333,0.0000000000,0.0000000000,1200.0000000000,10800.0000000000
2025-10-25,13435.6513010323,857.5330360482,-32.1752389551,0.0000000000,14261.0090981253,14138.9919273764,32273.3720939538,32813.2522000008,0.0000000000,641.3266217679,101.4465157209,18432.0723833994,14663.7951985399,9646.5422818081,1221.9476609669,1517.7070298708,0.5985090278,0.0000000000,0.0000000000,1221.9476609669,10800.0000000000
2025-10-26,50004.4863954752,3784.5655026036,-2038.3024983993,97.3504796892,51848.0998793687,48660.6798561478,80191.1272931546,77177.6512904758,20.3321803862,2767.8187521028,5781.2947547816,29694.7176029160,17099.2867880980,58.2406393774,1517.7070298708,9243.7453301640,0.7873305556,0.0000000000,0.0000000000,1200.0000000000,10742.6093700572
2025-10-27,42415.8402199570,3331.4637223341,-136.8715829093,103.6609000000,45714.0932593819,46166.9996427874,65399.6274058602,68043.0945444324,19.7449333333,3325.0666377513,681.5994991792,21033.2595508579,18024.9665506535,1501.9648108946,9243.7453301640,8145.9383140990,0.7828958333,0.0000000000,0.0000000000,1411.0749910840,10800.0000000000
2025-10-28,44445.4829574560,3790.2438545784,-2.2376279533,1373.1482704129,49606.6374544940,48584.6201948964,69037.0994886429,72612.2144272228,206.8421064879,3586.6610064505,11.5460678705,23262.3998497309,16612.9883160034,197.2232999833,8145.9383140990,10623.2222721863,0.7930666667,0.0000000000,0.0000000000,1200.0000000000,10767.0369000136
2025-10-29,47831.3838359243,1875.3110085004,-478.8049634472,386.2663416510,49614.1562226286,50067.0650615687,73279.7853135729,73182.1960971360,62.0185617269,1182.9356921614,1280.5249085984,22175.2031608605,18949.9462315642,706.7009295666,10623.2222721863,9525.4093041116,0.8069569444,0.0000000000,0.0000000000,1200.0000000000,10800.0000000000
2025-10-30,42307.8699044751,3331.0136533377,0.0000000000,4294.1347472695,49933.0183050823,50118.9539017953,64612.8974576744,68038.0676933425,692.3979465593,3425.1702356680,0.0000000000,21692.5478930942,17976.5868295969,226.6869264044,9525.4093041116,9074.7170416776,0.7919604167,0.0000000000,0.0000000000,1200.0000000000,10800.0000000000
2025-10-31,11484.6825957444,117.3091600086,-284.0903489913,1507.2104499467,12825.1118567083,16031.6657147011,25275.9101723322,24539.5770998970,359.4279215755,127.6625965922,863.9956690273,11106.9555367850,15991.8093819791,5879.5668000000,9074.7170416776,1302.2999336962,0.6177326389,0.0000000000,0.0000000000,1200.0000000000,10800.0000000000
2025-11-01,13523.5975267757,504.3899442079,0.0000000000,0.0000000000,14027.9874709837,13921.8492719134,33082.2048313627,33536.0423310820,0.0000000000,453.8374997193,0.0000000000,18506.7830979256,14758.9512410543,7244.1720408774,1302.2999336962,1559.5700095467,0.6046034722,0.0000000000,0.0000000000,1302.2999336962,10800.0000000000
2025-11-02,50754.6565875177,2426.4773205002,-267.4264809536,1880.0385136923,54793.7459407566,51963.2593426692,79615.5413881646,81474.3361639663,305.6390642901,2377.6404982395,518.8457224378,30408.9518690965,18456.4755104647,1031.1149362914,1559.5700095467,8420.4316801060,0.8022444444,0.0000000000,0.0000000000,1200.0000000000,10800.0000000000
2025-11-03,50756.3125454873,858.5964073170,-1250.9607355540,759.9143258680,51123.8625431183,51181.6488885520,76582.9189683333,73648.7070010822,148.7873399538,459.6209023702,3393.8328696213,21503.6894625689,17544.0507857187,332.9253808524,8420.4316801060,8280.3624345084,0.8054708333,0.0000000000,0.0000000000,1200.0000000000,10800.0000000000
2025-11-04,47587.1506420943,2578.0627115409,-239.4620961606,427.1979406692,50352.9491981438,49558.5645845214,73597.7127040793,74122.0368807469,74.6948508891,1575.4195067576,1051.0953300900,24216.6785931421,17882.5402636389,282.5213687995,8280.3624345084,10205.8839865153,0.7975826389,0.0000000000,0.0000000000,1200.0000000000,10800.0000000000
2025-11-05,52834.0937994882,192.7624170204,-1851.0242732517,379.0537776600,51554.8857209170,51852.8785520727,78603.7819393262,73551.3670557181,70.5807238916,114.8661819473,5167.2810655553,22274.0767314597,18692.0807768727,361.9317583561,10205.8839865153,9483.5744038594,0.8089555556,0.0000000000,0.0000000000,1200.0000000000,10800.0000000000
2025-11-06,48844.4460730047,3186.0204814536,-4.2439466128,0.0000000000,52026.2226078455,52771.4314440360,72301.2024152747,74729.5573863913,0.0000000000,2445.3036396979,16.9486685813,20120.0258572011,17922.9121840698,1162.8591632600,9483.5744038594,7677.2508041517,0.8150673611,0.0000000000,0.0000000000,1202.2824022457,10800.0000000000
2025-11-07,11716.9045669072,0.0000000000,0.0000000000,1490.5473313255,13207.4518982327,15860.9467109551,26895.8659407350,26895.8659407350,293.9691027485,0.0000000000,0.0000000000,12761.7070106892,16125.6462884215,7235.3125378826,7677.2508041517,1245.4023488591,0.6155340278,0.0000000000,0.0000000000,1200.0000000000,10800.0000000000
2025-11-08,14181.3131352001,48.3805992561,0.0000000000,0.0000000000,14229.6937344562,14183.5433953709,34029.9369113957,34092.7549581440,0.0000000000,62.8180467483,0.0000000000,18744.7749345977,15082.5896074494,6639.3625309957,1245.4023488591,1357.2668928311,0.6173409722,0.0000000000,0.0000000000,1245.4023488591,10800.0000000000
2025-11-09,55037.4751051455,1003.6244930020,-381.7462078582,0.0000000000,55659.3533902892,52040.9812125548,86125.7003783216,85699.5150758917,0.0000000000,557.2189709791,983.4042734090,31764.2203714933,17835.4514016237,423.9289226887,1357.2668928311,10127.8970031487,0.8103173611,0.0000000000,0.0000000000,1335.7847790877,10800.0000000000
2025-11-10,51836.5343198424,4971.2867664654,-370.5882296259,0.0000000000,56437.2328566818,56178.0186275287,76579.5481568835,79892.8665225686,0.0000000000,4117.0096194950,803.6912538099,23503.9922826599,18472.7515900155,1003.1827299243,10127.8970031487,10756.2105130809,0.8189729167,0.0000000000,0.0000000000,1280.6898805763,10800.0000000000
2025-11-11,53527.0895817800,525.8818158785,-1221.9160864951,10.4696550000,52841.5249661635,52823.4593700601,79348.2038764316,76526.3597802783,2.0516666667,293.2650849977,3115.1091811510,22457.8097905645,18151.4153921301,662.9973818439,10756.2105130809,10800.0000000000,0.8138590278,0.0000000000,0.0000000000,1457.1593654892,10800.0000000000
2025-11-12,50190.0245508876,2564.0155755114,-715.7475250548,60.5796866667,52098.8722880108,52510.8980994021,75226.7978547140,75313.4918992168,11.7733333333,2062.1633619915,1975.4693174887,22560.5205072682,19172.8659610810,981.6229363630,10800.0000000000,9801.2840553402,0.8123951389,0.0000000000,0.0000000000,1260.1229958270,10800.0000000000
2025-11-13,49485.8634271601,4364.5240001444,-75.0274440712,0.0000000000,53775.3599832332,54193.5933932938,72482.5169098950,75184.9986964531,0.0000000000,2955.0964624295,252.6146758714,19126.7882427774,16405.0848546437,67.4239916527,9801.2840553402,8787.5214131247,0.8185361111,0.0000000000,0.0000000000,1450.2220060309,10726.9975663231
2025-11-14,11889.5774931835,125.5738850118,-65.8726657374,484.1146654756,12433.3933779335,15471.1158146781,26689.2949300937,26587.2000734299,108.6860127538,105.5756235968,207.6704802605,12618.1327263609,16847.5530450158,3326.8511048385,8787.5214131247,1424.3374834987,0.6290784722,0.0000000000,0.0000000000,1200.0000000000,10800.0000000000
2025-11-15,15727.2244172336,1.3814604153,-142.2568905011,276.2515640175,15862.6005511653,15272.2415586125,37258.1764895561,36795.7471749645,59.2449699382,3.5018007993,465.9311153909,20590.0356249194,15390.0463246261,3443.1159279427,1424.3374834987,2855.3180741194,0.6287680556,0.0000000000,0.0000000000,1200.0000000000,10800.0000000000
2025-11-16,55467.3881425582,3730.7005674996,0.0000000000,0.0000000000,59198.0887100578,56235.8698961723,84785.1579437691,87429.2232882422,0.0000000000,2644.0653444731,0.0000000000,29993.6118238996,17832.6730342742,833.7401152834,2855.3180741194,10035.4875664355,0.8205798611,0.0000000000,0.0000000000,1272.2253210000,10800.0000000000
2025-11-17,48518.8129732983,5014.8475555534,0.0000000000,0.0000000000,53533.6605288517,54373.3043484337,71135.9834874258,75757.8533376092,0.0000000000,4621.8698501834,0.0000000000,20066.4748189428,18085.5480610904,1081.1722464234,10035.4875664355,8000.2615022725,0.8158548611,0.0000000000,0.0000000000,1345.4390747559,10800.0000000000
2025-11-18,52889.2288427532,1998.8155629971,-7.1960875761,2094.7796290515,56975.6279472257,56789.8199025897,77755.1912158220,79269.5759387102,414.1010331038,1533.1050723170,18.7203494289,22766.3844992997,18035.4266662073,62.1673053883,8000.2615022725,8450.6445891897,0.8219125000,0.0000000000,0.0000000000,1200.0000000000,10716.1963791449
2025-11-19,53756.5238187138,5470.2283223807,-186.2733436974,146.7913852819,59187.2701826790,58563.4021067718,78673.2635898286,82288.1254973844,31.5807496336,4118.8443120150,503.9824044592,23441.4863222466,17626.6205073790,1136.5288321504,8450.6445891897,9962.8483821239,0.8290138889,0.0000000000,0.0000000000,1200.0000000000,10800.0000000000
2025-11-20,51299.4080705940,3132.4360212870,-0.4293536032,260.6566066127,54692.0713448906,55257.2033368728,75513.7683517199,77792.4459079404,53.7240046878,2280.8443672382,2.1668110177,21208.5202191735,18411.7505924661,256.3242525876,9962.8483821239,8593.0159210843,0.8211791667,0.0000000000,0.0000000000,1200.0000000000,10748.7546146977
2025-11-21,14082.6239515167,628.1717211287,0.0000000000,0.0000000000,14710.7956726454,15541.1099580987,32605.0684384307,33222.6490525381,0.0000000000,617.5806141074,0.0000000000,16454.3700346063,15139.3905796799,3043.2855309450,8593.0159210843,6580.4038636968,0.6326340278,0.0000000000,0.0000000000,1424.2285689292,10800.0000000000
2025-11-22,15209.5551573046,185.2166838889,-337.9880512231,0.0000000000,15056.7837899703,16280.4759153071,35423.2131537133,33596.0139488400,0.0000000000,141.5791563364,1968.7783612097,16336.3136084869,15901.9282203503,2941.7990773701,6580.4038636968,3614.2769776124,0.6366750000,0.0000000000,0.0000000000,1276.0657097184,10800.0000000000
2025-11-23,56651.2282782438,3718.4748864433,-191.5618229541,0.0000000000,60178.1413417329,57213.6313881635,85714.9194906327,87690.8067825161,0.0000000000,2554.1988695428,578.3115776594,29562.4415167986,17478.4269084580,374.6958908422,3614.2769776124,10800.0000000000,0.8264944444,0.0000000000,0.0000000000,1343.8430389461,10800.0000000000
2025-11-24,50844.8642134469,2199.0157543316,-1.4955245627,1345.4999423610,54387.8843855767,55452.1006445544,73907.0810526475,75530.8187116190,217.7561634100,1631.3340178355,7.5963588641,20498.5758802883,18925.4601710107,13.5154657514,10800.0000000000,8220.4292133587,0.8210506944,0.0000000000,0.0000000000,1200.0000000000,10800.0000000000
2025-11-25,59855.9234514823,0.0000000000,-2535.9851976969,0.0000000000,57319.9382537854,58058.4497575157,85214.3454900940,79138.3164419281,0.0000000000,0.0000000000,6076.0290481658,20204.1242659070,17976.4215011201,741.9532104745,8220.4292133587,6430.3393847638,0.8241243056,0.0000000000,0.0000000000,1316.9405290788,10800.0000000000
2025-11-26,59110.4138124823,2592.0116675858,-1122.8622218356,758.6793827380,61338.2426409704,59867.0367417277,86637.8712308927,85903.1100111703,116.7648145807,1720.3841511938,2455.1453709162,25965.2671533303,17822.3948660893,1119.3356551766,6430.3393847638,9996.4188604397,0.8299340278,0.0000000000,0.0000000000,1200.0000000000,10800.0000000000
2025-11-27,55155.3784620155,1764.7147653084,-399.9726655740,499.1339169767,57019.2544787267,57629.8530043732,78947.2227698441,79103.7706465531,77.4331239492,1280.5234778285,1123.9756011195,20661.6866810173,18068.0017779414,806.6261340931,9996.4188604397,8516.3793423092,0.8285638889,0.0000000000,0.0000000000,1200.0000000000,10800.0000000000
2025-11-28,14176.3312006598,204.6345367309,-3.7084835061,570.8245863190,14948.0818402036,15869.6106463410,33554.0656549725,33684.8092647363,113.9029405007,146.9876919089,16.2440821452,17244.2386111822,15978.1708268253,1611.4058708801,8516.3793423092,6282.6709514561,0.6340243056,0.0000000000,0.0000000000,1200.0000000000,10800.0000000000
2025-11-29,18429.6493883799,0.0000000000,-1339.2973262664,0.0000000000,17090.3520621135,17664.4473703826,43921.9740602877,37572.2234110260,0.0000000000,0.0000000000,6349.7506492617,18164.7059146279,15965.8146987343,443.8820951323,6282.6709514561,4891.1121649165,0.6504381944,0.0000000000,0.0000000000,1454.1043345508,10800.0000000000
2025-11-30,60812.9397571454,2518.2253738416,-107.1753312149,0.0000000000,63223.9897997721,61126.9002739026,89220.3646513266,90736.7892999512,0.0000000000,1707.5526508743,191.1280022496,28542.0667443421,18544.2221481466,494.1165870891,4891.1121649165,9974.2809591060,0.8395993056,0.0000000000,0.0000000000,1237.4276635355,10800.0000000000
2025-12-01,64501.8833775247,6370.6561053745,-27.4248192796,5658.7555572642,76503.8702208839,76830.8373866101,85868.2413917433,89475.9097802979,864.3715251561,3679.9926326749,72.3242441203,22534.7235886125,18966.4129482472,473.0429317554,9974.2809591060,9181.7400241381,0.9076055556,0.0000000000,0.0000000000,1200.0000000000,10800.0000000000
2025-12-02,68665.9796841950,6515.6612509304,-405.2273039031,2525.7336996779,77302.1473309001,77284.7397370256,90436.1201980390,93202.3787367442,371.3743184659,3838.4494563381,1072.1909176330,23635.6490255598,19106.9006203767,407.1947000270,9181.7400241381,9223.9345689455,0.9153138889,0.0000000000,0.0000000000,1200.0000000000,10800.0000000000
2025-12-03,58063.5332750154,17660.1268537704,0.0000000000,22.4741112733,75746.1342400592,76653.7011065690,78217.9708023071,89944.4171388011,3.1433826997,11726.4463364940,0.0000000000,20876.2994741335,18889.6818142124,798.1942949129,9223.9345689455,7024.0687465409,0.9120326389,0.0000000000,0.0000000000,1245.0229501122,10800.0000000000
2025-12-04,65957.6256350588,8737.3519249092,-729.5808893526,6728.2081282196,80693.6047988351,80486.6230324489,87682.1877644980,91216.8391688154,1055.1609466462,4954.7708405205,1420.1194362030,22012.5003032815,17378.5894773500,866.8805395301,7024.0687465409,7525.7751557720,0.9050854167,0.0000000000,0.0000000000,1200.0000000000,10800.0000000000
2025-12-05,17807.6282985924,4036.0517873923,0.0000000000,819.6938781308,22663.3739641156,22697.9007461363,40719.7930652468,45076.3560472988,167.2611600839,4356.5629820520,0.0000000000,20360.1244066067,16567.0217858792,138.8869033219,7525.7751557720,7442.0851374078,0.7171770833,0.0000000000,0.0000000000,1200.0000000000,10800.0000000000
2025-12-06,19896.9362951897,4835.6681601397,0.0000000000,909.0995320021,25641.7039873314,25280.0998411032,44028.0223910061,48915.7803497677,181.8481013826,4887.7579587617,0.0000000000,21332.3888905897,16490.3867427059,590.9954865999,7442.0851374078,8318.5832025987,0.7271965278,0.0000000000,0.0000000000,1200.0000000000,10800.0000000000
2025-12-07,69657.1745082197,3323.9940081468,-718.1824272633,2486.2894269575,74749.2755160607,74298.8585269617,93438.4390761904,93740.2192141584,366.4378518163,2153.8393918230,1852.0592538550,25679.7078126234,19817.9676881221,592.2356914734,8318.5832025987,9410.3561360463,0.9101083333,0.0000000000,0.0000000000,1200.0000000000,10800.0000000000
2025-12-08,70649.2461437457,1117.5120741794,-540.0541244614,0.0000000000,71226.7040934637,71077.8318310193,94552.2102813391,93774.9541734227,0.0000000000,686.5087179335,1463.7648258500,23893.6291070236,19029.0711075808,1063.1850573132,9410.3561360463,9771.2099906111,0.9085152778,0.0000000000,0.0000000000,1248.5441193470,10800.0000000000
2025-12-09,69165.8674202881,1373.6231075304,-747.5611202903,453.7942830678,70245.7236905960,70291.5535093671,93403.7402078117,92262.6704023774,61.3772765717,709.3320672599,1850.4018726942,23994.6653017142,19535.6577610854,476.5858716537,9771.2099906111,9660.1223609479,0.9057770833,0.0000000000,0.0000000000,1454.6155401021,10800.0000000000
2025-12-10,66667.2593844865,4303.2412719864,0.0000000000,1244.7166473529,72215.2173038258,72394.1449793382,89640.7416177850,92893.3139966030,184.0671153590,3252.5723788180,0.0000000000,25215.8298721854,20815.1572817517,289.0900548618,9660.1223609479,9226.4167106350,0.9161590278,0.0000000000,0.0000000000,1200.0000000000,10800.0000000000
2025-12-11,68419.4120680292,184.6402864029,-1150.1629333145,0.0000000000,67453.8894211176,67769.2798311390,92775.0791565314,90340.7602025736,0.0000000000,87.9630715321,2522.2820254899,22612.4282680903,19004.0987638845,771.1759983678,9226.4167106350,8461.9368587112,0.8976340278,0.0000000000,0.0000000000,1253.5704670576,10800.0000000000
2025-12-12,19143.4549636937,2622.0084057539,-24.7805078762,0.0000000000,21740.6828615714,23066.9118528260,42278.0561302311,45187.3411335647,0.0000000000,2977.3286971369,68.0436938033,17287.5641445108,16896.1278267448,1081.4913324653,8461.9368587112,5247.2692257212,0.7237798611,0.0000000000,0.0000000000,1500.4509208328,10800.0000000000
2025-12-13,23059.9510016856,1032.8449448396,-5.2982081547,0.0000000000,24087.4977383704,22695.2388892239,51352.4735138426,52385.4718953777,0.0000000000,1060.0096753505,27.0112938154,24505.9582327661,16812.5795544585,893.5598337367,5247.2692257212,8621.9876858124,0.7296965278,0.0000000000,0.0000000000,1515.5241969434,10800.0000000000
2025-12-14,67269.8024953099,6177.0692082939,-0.1451094960,3584.5460006092,77031.2725947170,76201.4427493466,91215.9158753821,95608.0875901440,525.6035336280,4392.8610710373,0.6893562754,26621.0247540145,19752.7360169515,486.6805867091,8621.9876858124,10633.4255011459,0.9207375000,0.0000000000,0.0000000000,1200.0000000000,10800.0000000000
2025-12-15,66243.8967612246,7713.0570507667,-36.5669133847,23.1387792570,73943.5256778636,74554.3801943100,88435.2377050156,93557.3153526780,3.2101525051,5192.3167079480,70.2390602856,22776.7627794217,19781.7718678185,1095.9766269132,10633.4255011459,9152.7654828272,0.9144402778,0.0000000000,0.0000000000,1553.6021002799,10800.0000000000
2025-12-16,73070.2291165718,387.1258055689,-387.9149362322,0.0000000000,73069.4399859085,72877.3063481256,96679.3264566336,96131.9192385167,0.0000000000,213.2206343102,760.6278524271,23417.3644697839,18548.9210066703,1845.3844420699,9152.7654828272,9618.4812759990,0.9109138889,0.0000000000,0.0000000000,1511.9995722239,10800.0000000000
2025-12-17,72499.5943423965,1607.0697421955,-1750.4044149723,225.2603623998,72581.5200320193,72592.3878762473,96330.8540759631,92991.7108154899,36.9440298698,804.3423047559,4143.4855652291,21827.0293928783,17703.6022753055,713.3806611203,9618.4812759990,9592.1385348055,0.9088097222,0.0000000000,0.0000000000,1200.0000000000,10800.0000000000
2025-12-18,67637.2012652303,1225.1149162386,0.0000000000,0.0000000000,68862.3161814689,69300.1623857688,90437.2519602924,91214.9636528144,0.0000000000,777.7116925220,0.0000000000,22162.8256590351,18907.0609504841,592.9319775967,9592.1385348055,8530.8361273992,0.9094777778,0.0000000000,0.0000000000,1366.4908486056,10800.0000000000
2025-12-19,21161.9777603214,2408.9811429536,-290.6060948079,0.0000000000,23280.3528084671,22833.1639371622,47318.7016554841,48949.6142346315,0.0000000000,2565.7260953216,934.8135161742,21690.7118594018,16593.9231836620,944.4342588916,8530.8361273992,9614.7843745698,0.7250944444,0.0000000000,0.0000000000,1237.4545860560,10800.0000000000
2025-12-20,21775.4627019479,484.8019056509,-446.3366597912,0.0000000000,21813.9279478076,22071.5439726248,47792.5432768584,46882.3533848571,0.0000000000,302.9249163071,1213.1148083085,20130.1405271942,16867.4094642530,763.2700719159,9614.7843745698,8990.3447776523,0.7189708333,0.0000000000,0.0000000000,1483.9148729962,10800.0000000000
2025-12-21,71069.6316985470,2682.3866826558,-600.7939180484,138.6370904480,73289.8615536024,73080.1344110656,95183.7611905146,95920.7499778361,20.5696047432,1869.5981374077,1132.6093500862,25113.4806537928,19884.3944562763,1674.4515183961,8990.3447776523,9498.7057479810,0.9100763889,0.0000000000,0.0000000000,1200.0000000000,10800.0000000000
2025-12-22,70150.4748445917,1680.5057540236,0.0000000000,0.0000000000,71830.9805986152,72221.5540039703,92373.9536676685,93227.3334628923,0.0000000000,853.3797952238,0.0000000000,22331.0944657483,18940.2319208047,899.0438346154,9498.7057479810,8551.9886329270,0.9192854167,0.0000000000,0.0000000000,1234.5912884173,10800.0000000000
2025-12-23,73102.2292055505,1162.3637174258,-1916.1036611069,0.0000000000,72348.4892618694,71826.3506074763,97651.1498328194,94500.7151723951,0.0000000000,561.8097977360,3712.2444581603,25275.9667150595,19334.4748381253,1301.1307621275,8551.9886329270,9817.6088563414,0.9126888889,0.0000000000,0.0000000000,1306.3686284144,10800.0000000000
2025-12-24,71016.0357243802,767.8609013675,-814.6134386408,231.5463622947,71200.8295494016,71330.0944491738,94542.1312084200,93358.6582017801,30.0514422186,391.0222963787,1574.4953030187,22810.5643697700,18758.5516690462,1482.1376266084,9817.6088563414,9504.2816013053,0.9082652778,0.0000000000,0.0000000000,1327.3878428845,10800.0000000000
2025-12-25,67051.6626826708,3360.9593909416,-56.6981473508,0.0000000000,70355.9239262616,70903.2814560020,89755.8381133909,91967.7803098708,0.0000000000,2318.1383573949,106.1961609150,21690.3384810834,18763.2479620010,1228.2412574551,9504.2816013053,8177.5329431681,0.9102520833,0.0000000000,0.0000000000,1369.4887193871,10800.0000000000
2025-12-26,21503.3412339998,1006.7742316592,-63.0832753910,0.0000000000,22447.0321902680,22150.0270507314,47215.4839200575,47982.9580074668,0.0000000000,943.8222556414,176.3481682321,21179.1670414355,16507.2013525133,303.3698852112,8177.5329431681,8897.4484443342,0.7237750000,0.0000000000,0.0000000000,1418.4776981366,10800.0000000000
2025-12-27,21430.1812878113,1442.9656523445,-364.2343247051,0.0000000000,22508.9126154507,22632.9963088079,48398.2652397947,48146.0840890931,0.0000000000,915.7590485745,1167.9401992762,19582.2546253002,16132.3178479457,1357.3382450719,8897.4484443342,8596.6799982758,0.7212277778,0.0000000000,0.0000000000,1651.2239746379,10800.0000000000
2025-12-28,70717.1989683662,406.2147130763,-872.4279797556,160.9484653113,70411.9341669983,69911.0562185966,95609.6104253805,94263.6334896476,21.5671473090,209.7140439362,1555.6909796691,25353.7195968174,19443.8354206739,1566.0617108132,8596.6799982758,9810.7660568849,0.9058916667,0.0000000000,0.0000000000,1384.0021501210,10800.0000000000
2025-12-29,69316.4724695359,1215.7125940322,-537.0050445343,683.8948774140,70679.0748964478,70599.2857643786,94040.7600927140,93938.2012465698,118.5444015008,980.4691681374,1083.0280142815,23797.3080680547,19101.7575987493,1837.4289120985,9810.7660568849,10004.1682084127,0.9065312500,0.0000000000,0.0000000000,1200.0000000000,10800.0000000000
2025-12-30,70217.2778686737,163.5825267232,-1060.4551045450,1178.3888033886,70498.7940942404,70211.5175599150,95638.1087938465,93472.4045309995,213.6587205511,87.3594776462,2253.0637404933,23875.3202471387,18712.3086385245,2298.6490429363,10004.1682084127,10700.5023880326,0.9004583333,0.0000000000,0.0000000000,1200.0000000000,10800.0000000000
2025-12-31,71741.0457150160,310.2015452332,-1136.8389018550,529.1906073014,71443.5989656956,72028.1390853130,95274.0238444496,93023.1406638338,96.2737540525,157.3764952319,2408.2596758477,22628.0709538794,19603.9259910644,1448.8465217380,10700.5023880326,9283.6262564525,0.9102437500,0.0000000000,0.0000000000,1200.0000000000,10800.0000000000
