date,plan_cost,up_cost,down_net_cost,emergency_cost,total_cost,inventory_adjusted_cost,plan_kwh,final_kwh,emergency_kwh,up_kwh,down_kwh,charge_kwh,discharge_kwh,spill_kwh,soc_start,soc_end,mean_price,balance_error,dynamics_error,soc_min,soc_max
2025-02-01,19851.5854896248,0.0000000000,-743.1957547254,0.0000000000,19108.3897348994,17977.4042407557,46956.5063436033,44163.2151691087,0.0000000000,0.0000000000,2793.2911744946,22914.9518683882,16093.8385914812,2963.9259588683,5280.4291660000,8021.8429681259,0.6514930556,0.0000000000,0.0000000000,1805.0265881548,10800.0000000000
2025-02-02,62809.0664540573,0.0000000000,-1601.0869775257,520.4641276252,61728.4436041568,61084.7796242798,90796.0323963255,86813.3162800704,83.2828967097,0.0000000000,3982.7161162551,24123.1659655722,18135.5957714606,2552.7510326685,8021.8429681259,9582.0303688514,0.8363881944,0.0000000000,0.0000000000,1200.0000000000,10800.0000000000
2025-02-03,65786.8865159203,256.3084899324,-2291.8258492537,0.0000000000,63751.3691565990,63345.7667273136,92509.2599875671,87108.4700144992,0.0000000000,150.9298124742,5551.7197855422,23817.6304737208,18407.4490981464,1481.3721389248,9582.0303688514,10565.1765750374,0.8447902778,0.0000000000,0.0000000000,1402.2776636948,10800.0000000000
2025-02-04,67376.5182121273,0.0000000000,-2782.5273142695,0.0000000000,64593.9908978577,64935.5309366737,93001.7057779171,86803.2487667187,0.0000000000,0.0000000000,6198.4570111984,22439.3566883190,18920.9568368515,2089.9849652513,10565.1765750374,9737.3122202450,0.8491895833,0.0000000000,0.0000000000,1266.5054812463,10800.0000000000
2025-02-05,63220.0782820812,17.4189975287,-1239.3981658657,0.0000000000,61998.0991137441,61893.8186594296,89339.8098356639,86648.3367430454,0.0000000000,8.3858066285,2699.8588992470,24571.3517483091,19675.3045633299,1003.8625747329,9737.3122202450,9990.0792789122,0.8482541667,0.0000000000,0.0000000000,1215.4427112035,10800.0000000000
2025-02-06,66736.8892448461,973.4885328437,-3977.7523400569,244.5015961398,63977.1270337727,64945.4781850975,91966.0153593444,83611.9512474074,36.5729100683,515.0951327922,8869.1592447292,21315.9204246797,19378.3771830238,1439.9236991532,9990.0792789122,7642.8774577641,0.8439645833,0.0000000000,0.0000000000,1530.0012652933,10800.0000000000
2025-02-07,17818.2349363992,0.0000000000,-965.6003060928,1769.2831335379,18621.9177638444,19241.0329602333,42200.6701119574,38411.6344479277,417.6777935642,0.0000000000,3789.0356640297,18663.7982160764,16468.2914461479,4828.1258048967,7642.8774577641,6142.1942454019,0.6440388889,0.0000000000,0.0000000000,1200.0000000000,10800.0000000000
2025-02-08,15340.4458965863,770.9608162994,0.0000000000,0.0000000000,16111.4067128857,15991.7990178239,37652.8803402637,38260.1916907884,0.0000000000,607.3113505247,0.0000000000,21137.5647520806,16860.5003471115,2405.9645691527,6142.1942454019,6432.1132477061,0.6423513889,0.0000000000,0.0000000000,1232.5036022060,10800.0000000000
2025-02-09,64207.0418889770,0.0000000000,-1162.6761184388,0.0000000000,63044.3657705382,61756.6176712515,92506.3221750888,89918.1513416410,0.0000000000,0.0000000000,2588.1708334479,25963.8300338019,18221.4484614432,2620.3538026156,6432.1132477061,9553.5064320798,0.8413840278,0.0000000000,0.0000000000,1337.1435929153,10800.0000000000
2025-02-10,57365.8138339096,2.5505315783,-1663.9964224541,0.0000000000,55704.3679430337,55224.4379801628,85407.8389976279,81138.1113970634,0.0000000000,1.6444433129,4271.3720438774,24124.7982918378,18494.1077046584,1180.7832265506,9553.5064320798,10716.8163340023,0.8180638889,0.0000000000,0.0000000000,1331.4900891217,10800.0000000000
2025-02-11,57715.0486585455,0.0000000000,-1910.7642958826,4288.5834829352,60092.8678455980,60076.6817286372,84292.6829902746,80050.3311060319,759.1671886405,0.0000000000,4242.3518842427,23538.2114972958,19030.6409041421,1081.3305681853,10716.8163340023,10756.0501214106,0.8284923611,0.0000000000,0.0000000000,1200.0000000000,10800.0000000000
2025-02-12,57314.1046417807,525.5691167118,-1946.3776029744,2601.1321014157,58494.4282569338,58938.3392131222,83555.5425003507,79178.3535466574,481.2877169213,292.2019941133,4669.3909478066,22462.6765467755,19163.1705736197,1093.3991570896,10756.0501214106,9680.0472650422,0.8264243056,0.0000000000,0.0000000000,1200.0000000000,10800.0000000000
2025-02-13,51715.2617068737,0.0000000000,-1095.2960528592,0.0000000000,50619.9656540144,51556.0902673098,76995.1599562003,74199.1945628673,0.0000000000,0.0000000000,2795.9653933329,20239.0994433482,18435.8492099504,1066.4653128028,9680.0472650422,7410.9598641108,0.8147909722,0.0000000000,0.0000000000,1202.7484334826,10800.0000000000
2025-02-14,14272.6036170627,457.7285546675,0.0000000000,446.4140039787,15176.7461757089,16130.0708611154,34711.0754019516,35167.0847642683,108.5637169209,456.0093623167,0.0000000000,18006.6635691497,16665.0985283913,4132.2816237642,7410.9598641108,5100.1809336885,0.6311000000,0.0000000000,0.0000000000,1200.0000000000,10800.0000000000
2025-02-15,16572.0294937477,284.6084179364,-86.8827011298,0.0000000000,16769.7552105543,15649.8304516455,39332.8969351773,39281.7370002243,0.0000000000,230.0528670845,281.2128020376,22401.3720818597,15701.9682279003,3302.2420462649,5100.1809336885,7814.7844430285,0.6378472222,0.0000000000,0.0000000000,1275.9086203151,10800.0000000000
2025-02-16,58980.1773602305,2683.9984043487,-2683.9332168702,579.0240263534,59559.2665740624,58874.5483569484,86445.9602405816,81553.5684857149,110.8327835330,1402.6203350247,6295.0120898914,23303.9732622192,17382.4888625636,365.5377695923,7814.7844430285,9474.4838650662,0.8303222222,0.0000000000,0.0000000000,1200.0000000000,10800.0000000000
2025-02-17,57254.4828430371,793.3551197701,-3384.9552599802,1533.6450707966,56196.5277736236,55722.8064403292,85057.3000754024,76607.7622671446,246.6700914181,410.4641201611,8860.0019284190,22341.6067398416,17063.2668242906,392.2292763450,9474.4838650662,10622.7445706008,0.8173527778,0.0000000000,0.0000000000,1200.0000000000,10800.0000000000
2025-02-18,49030.4194721905,3166.0903275452,-0.7790247914,354.0268243695,52549.7575993138,52510.1077600579,74149.5647077368,76573.4007498839,53.7896860483,2427.9611403276,4.1250981806,21173.4567138385,17064.0028474543,426.3487862147,10622.7445706008,10718.8524492173,0.8145215278,0.0000000000,0.0000000000,1200.0000000000,10800.0000000000
2025-02-19,49900.5171610310,1845.4321457693,-6.1565859976,1613.9730508070,53353.7657716098,53701.9095796373,74883.5305868007,76631.3284522574,271.9433121114,1761.4971811765,13.6993157198,21556.2479511613,18220.0450432479,687.7414731220,10718.8524492173,9874.9811127647,0.8164298611,0.0000000000,0.0000000000,1200.0000000000,10800.0000000000
2025-02-20,49000.4347476753,590.9210924186,-500.1509131721,226.2692407270,49317.4741676488,51364.9492226944,71781.1527781350,70920.8365681481,41.5143646496,388.1234546927,1248.4396646796,16640.9328973229,17945.7723842054,1274.0566863469,9874.9811127647,4912.0736267938,0.8168069444,0.0000000000,0.0000000000,1200.0000000000,10800.0000000000
2025-02-21,14059.7256164433,368.3138852218,0.0000000000,0.0000000000,14428.0395016651,14708.2707523731,33815.9234026373,34082.9601835736,0.0000000000,267.0367809363,0.0000000000,18124.6674482944,15292.3119368445,5690.3426387904,4912.0736267938,4232.8166226537,0.6208500000,0.0000000000,0.0000000000,1326.2567167868,10800.0000000000
2025-02-22,16042.2447322493,1458.9406191848,-31.5533360142,78.8488878644,17548.4809032843,15548.5957552988,39122.2079624909,40050.4538800943,16.2944591578,1046.4679832517,118.2220656484,24491.1603829672,15475.0417150290,3205.8667879805,4232.8166226537,9080.3701728475,0.6352840278,0.0000000000,0.0000000000,1200.0000000000,10800.0000000000
2025-02-23,49450.4379883119,2804.1041017755,-833.6417635389,268.9422114824,51689.8425380309,52201.6562832261,74514.9072445209,74458.7840395222,59.1842189176,2096.0199922370,2152.1431972357,21054.7659716184,18170.8945970112,102.2432004993,9080.3701728475,7839.7766617361,0.8153784722,0.0000000000,0.0000000000,1200.0000000000,10765.6938319785
2025-02-24,48804.6838869990,1995.1369529474,-302.1735220572,310.3411340505,50807.9884519397,49918.9565380790,73897.1792764135,74843.6077193438,60.8610987475,1571.8192915826,625.3908486523,22799.3071748057,16527.9940224001,430.1220490191,7839.7766617361,9994.7153163944,0.8082493056,0.0000000000,0.0000000000,1520.5803749596,10800.0000000000
2025-02-25,48719.8465709745,754.2144230008,-1767.0351869465,527.2991709534,48234.3249779823,48535.3042384814,74622.5494099281,70087.3125857751,109.0186009866,402.8850780365,4938.1219021895,21076.7441696598,17728.7563702181,1027.0201539867,9994.7153163944,9265.1668799570,0.7940965278,0.0000000000,0.0000000000,1200.0000000000,10800.0000000000
2025-02-26,44349.7614932483,5662.2497053643,0.0000000000,743.1745944905,50755.1857931032,50480.1779301224,68972.6765486372,73998.9186771628,143.4099277105,5026.2421285256,0.0000000000,23433.2205510317,18380.9722902506,275.2323107589,9265.1668799570,9931.7628311626,0.8055381944,0.0000000000,0.0000000000,1200.0000000000,10800.0000000000
2025-02-27,41875.1534920969,2960.0068118146,-3.8917189400,606.4149954689,45437.6835804404,47509.4599924382,63831.9683354964,65981.6945363375,114.3003743683,2160.5651339702,10.8389331290,16764.1494400106,18098.5917862908,473.8530569859,9931.7628311626,4909.9508979603,0.7979118056,0.0000000000,0.0000000000,1200.0000000000,10800.0000000000
2025-02-28,12871.8459354220,296.7485643660,-14.2278515215,489.8214835809,13644.1881318473,14242.7705397360,31216.9229882452,31460.7769226821,116.5515230897,283.1362530816,39.2823186447,15608.4280202152,13948.6488089244,6624.9556844810,4909.9508979603,3459.0374395714,0.6166784722,0.0000000000,0.0000000000,1200.0000000000,10800.0000000000
2025-03-01,15994.8087546498,0.0000000000,-150.1597127695,1293.8157702929,17138.4648121732,14728.0725450789,40382.2717647616,39916.3917058512,284.2928600029,0.0000000000,465.8800589104,23008.5780996966,13378.6187796167,6911.9593124409,3459.0374395714,9301.6257519465,0.6142222222,0.0000000000,0.0000000000,1200.0000000000,10800.0000000000
2025-03-02,51794.8963751889,2444.1514396900,-821.5653532201,0.0000000000,53417.4824616588,53216.7983437338,77915.5639635530,77794.6894634046,0.0000000000,1522.2551577707,1643.1296579192,22527.4033615585,17809.3994281701,718.3784633495,9301.6257519465,9788.0671904935,0.8122930556,0.0000000000,0.0000000000,1689.5239175738,10800.0000000000
2025-03-03,53020.0141466470,2268.9556700570,-2046.0464806543,334.5537969147,53577.4771329644,54098.9853091999,79479.0944170114,75758.5989950788,68.3503138316,1289.0084463420,5009.5038682746,21294.1615366508,18385.9536422923,901.5947812185,9788.0671904935,8523.9751931545,0.8118500000,0.0000000000,0.0000000000,1200.0000000000,10800.0000000000
2025-03-04,47613.2552641090,2270.3149964127,-49.5478024050,191.2080745597,50025.2305326764,49460.4629006466,73994.8732986137,75184.3213083331,41.7723116500,1284.4906097608,95.0426000414,22751.0323292123,17196.2818318436,471.8851892811,8523.9751931545,9892.9244762860,0.8006277778,0.0000000000,0.0000000000,1200.0000000000,10800.0000000000
2025-03-05,47998.7295604891,3819.0874117262,-2301.7220814276,0.0000000000,49516.0948907877,49600.4980054626,74988.7712741423,70759.6972447336,0.0000000000,2006.8081205698,6235.8821499785,20301.6876584374,16628.4944552242,956.0320248537,9892.9244762860,9688.3384186305,0.7945006944,0.0000000000,0.0000000000,1314.5858834341,10800.0000000000
2025-03-06,42469.5661409591,1324.1948857083,0.0000000000,0.0000000000,43793.7610266674,45597.7995958465,65291.0096400280,66021.7639919290,0.0000000000,730.7543519009,0.0000000000,17318.0186451267,17963.1492125311,726.2404260000,9688.3384186305,5315.5005186545,0.7918569444,0.0000000000,0.0000000000,1767.3392891129,10800.0000000000
2025-03-07,14308.2879219853,0.0000000000,-387.5925764390,1393.4721639043,15314.1675094506,14569.5015546828,35561.1226618832,34352.5294667501,311.0987008064,0.0000000000,1208.5931951330,18781.6998104900,13588.6699158158,8548.3127395490,5315.5005186545,7120.5082194112,0.6085013889,0.0000000000,0.0000000000,1200.0000000000,10800.0000000000
2025-03-08,13282.2856881339,0.0000000000,0.0000000000,0.0000000000,13282.2856881339,12637.4854433596,33210.8427544043,33210.8427544043,0.0000000000,0.0000000000,0.0000000000,18885.4435426539,13890.5618193284,9152.8215144121,7120.5082194112,8683.4498307681,0.5972631944,0.0000000000,0.0000000000,1313.2283672288,10800.0000000000
2025-03-09,45626.5128843865,0.0000000000,-1993.1212129727,871.4886810683,44504.8803524821,45134.2298345927,72586.2776524522,66282.3853280449,153.3455416264,0.0000000000,6303.8923244074,20245.1148219899,17771.4842406882,628.5752383695,8683.4498307681,7157.9595697944,0.7838090278,0.0000000000,0.0000000000,1200.0000000000,10800.0000000000
2025-03-10,46329.5846079004,2974.0697818839,0.0000000000,0.0000000000,49303.6543897843,48258.3927330643,72928.6646910979,75077.7468935062,0.0000000000,2149.0822024083,0.0000000000,24844.5656232445,17843.8343736722,34.9441939338,7157.9595697944,9691.5859933010,0.8024513889,0.0000000000,0.0000000000,1389.1865631831,10720.4225596891
2025-03-11,38855.1943365133,7182.7054691504,0.0000000000,0.0000000000,46037.8998056637,46013.9183066942,61606.6365705257,68973.2748544400,0.0000000000,7366.6382839144,0.0000000000,21324.1073553132,17220.2107332810,930.4594324078,9691.5859933010,9749.7151316596,0.7893930556,0.0000000000,0.0000000000,1367.8382496272,10800.0000000000
2025-03-12,45248.4834342941,478.2552651396,-1832.6993692826,0.0000000000,43894.0393301511,43942.9256803711,71885.8704196104,66699.0251754191,0.0000000000,258.9284869811,5445.7737311724,21273.1040623053,17337.8610550193,328.2474847997,9749.7151316596,9631.2187266019,0.7801680556,0.0000000000,0.0000000000,1326.4957964418,10800.0000000000
2025-03-13,44574.4685511714,67.9668576298,-192.1859398956,2075.1894111088,46525.4388800144,48029.8644657692,68140.9169808572,67781.6403985299,326.8205097480,58.1920985334,417.4686808607,17641.3754892538,17571.4552302206,492.9226325781,9631.2187266019,5984.6175222407,0.7996375000,0.0000000000,0.0000000000,1200.0000000000,10800.0000000000
2025-03-14,12106.6426395749,106.1230757282,0.0000000000,934.8649055802,13147.6306208833,12940.5926910549,30927.8702459951,31034.9795156423,179.2130557999,107.1092696472,0.0000000000,16255.2671182862,12715.1080755856,11644.6075454082,5984.6175222407,6486.4600669366,0.5913868056,0.0000000000,0.0000000000,1200.0000000000,10800.0000000000
2025-03-15,12434.7086319838,433.9716239690,0.0000000000,550.2714765198,13418.9517324726,13169.4724474450,31355.2639245307,31762.3006512313,116.1431762485,407.0367267006,0.0000000000,18987.3410180102,14835.5010835369,6802.4787430066,6486.4600669366,7091.1768903269,0.6047722222,0.0000000000,0.0000000000,1200.0000000000,10800.0000000000
2025-03-16,43644.0245749921,1925.2464379876,-526.0972919079,8.0811000000,45051.2548210717,44240.6391472480,69954.5924211968,70579.7068071031,1.6400000000,1965.4994794943,1340.3850935880,24104.6939373449,17756.4242390009,882.0301754258,7091.1768903269,9056.0411683808,0.7848951389,0.0000000000,0.0000000000,1614.6337901001,10800.0000000000
2025-03-17,38071.6309632951,3074.4311085640,-944.9066393062,695.9223191235,40897.0777516764,41003.4403168936,63233.2867237541,61853.9490590350,139.5424142799,2569.3836835208,3948.7213482399,21039.7716622390,17274.2475748973,369.8359526398,9056.0411683808,8798.2272478433,0.7601756944,0.0000000000,0.0000000000,1200.0000000000,10773.6568174668
2025-03-18,46259.5538551061,434.8296503862,-2188.1855398704,0.0000000000,44506.1979656219,43680.3554957600,74592.8623524905,68533.6822126312,0.0000000000,233.7538179517,6292.9339578110,23625.4769437311,17335.0408474812,1117.2877497146,8798.2272478433,10800.0000000000,0.7760166667,0.0000000000,0.0000000000,1391.4588921915,10800.0000000000
2025-03-19,35874.1007161220,5412.2786127931,0.0000000000,0.0000000000,41286.3793289151,41962.7099658355,57238.4188944647,63501.5907779039,0.0000000000,6263.1718834392,0.0000000000,20440.7431210021,18032.4336972159,1627.8109041176,10800.0000000000,9160.6313675509,0.7718381944,0.0000000000,0.0000000000,1618.2318603682,10800.0000000000
2025-03-20,40983.6941477886,448.2668088505,-660.1226008553,3642.3998279535,44414.2381837373,45512.4085786537,64699.7345127279,62998.2003243600,605.6365921390,390.2716726308,2091.8058609986,18542.0585052347,17414.7528723596,267.5694669573,9160.6313675509,6498.7586085292,0.7786381944,0.0000000000,0.0000000000,1200.0000000000,10630.1897626947
2025-03-21,9696.6201793177,274.7396006244,-70.1804969961,814.9079604407,10716.0872433867,12894.6700070326,23772.0573514207,23848.2604696142,165.1786699793,295.2180303668,219.0149121733,12399.4172018044,14796.1593327429,14376.7167538654,6498.7586085292,1218.0570537721,0.5702902778,0.0000000000,0.0000000000,1200.0000000000,10800.0000000000
2025-03-22,14763.6990070018,0.0000000000,-52.9024462500,0.0000000000,14710.7965607518,11786.9001278727,37655.8992226458,37494.9471583073,0.0000000000,0.0000000000,160.9520643384,23174.4562598627,12392.7582356327,10832.0494007439,1218.0570537721,8305.3363147234,0.5873881944,0.0000000000,0.0000000000,1218.0570537721,10800.0000000000
2025-03-23,42665.1723216473,956.8626927353,-1538.2839169027,0.0000000000,42083.7510974799,41417.7305529799,69921.8349597045,65644.0592573452,0.0000000000,528.6789716006,4806.4546739599,22364.7336455466,16662.4942016000,1172.0996967320,8305.3363147234,9919.7141494931,0.7671784722,0.0000000000,0.0000000000,1479.4138158551,10800.0000000000
2025-03-24,39129.1244371256,2335.1680526015,-479.1095787085,0.0000000000,40985.1829110186,40710.6037605866,64043.2826424915,63809.4594823802,0.0000000000,1706.2023255085,1940.0254856199,21829.5542866928,17082.9378630107,1064.3459753647,9919.7141494931,10585.2709375048,0.7674861111,0.0000000000,0.0000000000,1442.7445042499,10800.0000000000
2025-03-25,44113.3172790112,1508.9998532087,-2393.4100933586,473.8197855012,43702.7268243626,43743.7402823291,71497.5968717725,64663.1751738793,81.3806324462,807.5017604348,7641.9234583280,20311.1068180368,16541.4683808186,24.7926524407,10585.2709375048,10485.8577617172,0.7712756944,0.0000000000,0.0000000000,1200.0000000000,10653.4578047294
2025-03-26,36646.8388207060,1745.0744976889,-815.3564863775,0.0000000000,37576.5568320174,38365.8123187436,58952.9691018036,57979.3761849482,0.0000000000,1421.6073809484,2395.2002978038,19243.7112476168,17309.1861920352,452.2962627001,10485.8577617172,8572.7687823109,0.7566111111,0.0000000000,0.0000000000,1318.5126346683,10800.0000000000
2025-03-27,37683.0387069957,400.3374190511,-558.8543661118,0.0000000000,37524.5217599350,39583.6616410638,59781.5875692748,58482.2119775131,0.0000000000,292.3900745771,1591.7656663389,15581.4448978792,17113.0342070730,1296.8118867069,8572.7687823109,3581.5867380989,0.7664159722,0.0000000000,0.0000000000,1340.8452588032,10800.0000000000
2025-03-28,10594.0854945153,0.0000000000,0.0000000000,0.0000000000,10594.0854945153,11538.6554126988,26547.6687237398,26547.6687237398,0.0000000000,0.0000000000,0.0000000000,13425.6815855415,12935.4043835847,15235.5107551164,3581.5867380989,1292.0286277699,0.5747680556,0.0000000000,0.0000000000,1221.0361850761,10800.0000000000
2025-03-29,11104.8023087938,906.2128337935,0.0000000000,153.0003540938,12164.0154966811,11999.3217189590,28180.7125698765,29126.0751247750,48.1729871719,945.3625548985,0.0000000000,16221.8760293100,12780.4360934236,18025.5989927272,1292.0286277699,1691.2325059005,0.5630868056,0.0000000000,0.0000000000,1200.0000000000,10800.0000000000
2025-03-30,40740.5278816551,115.1907014432,-1192.5569753415,441.0597346689,40104.2213424257,37379.0605853350,71211.7213434500,66732.3818449271,68.9317394184,109.1851884323,4588.5246869553,28263.3068646164,16948.2739461633,140.6609658925,1691.2325059005,8296.7931883182,0.7520270833,0.0000000000,0.0000000000,1200.0000000000,10753.9296115644
2025-03-31,33377.2086758970,5897.2415018789,0.0000000000,112.2778983341,39386.7280761101,39328.7525272075,54389.1438846407,60965.6934233202,22.7778134166,6576.5495386795,0.0000000000,19870.3195248982,15968.4837421509,135.2459706562,8296.7931883182,8437.3210472256,0.7607041667,0.0000000000,0.0000000000,1200.0000000000,10793.5288572103
2025-04-01,42535.1979999937,941.6232850686,-999.8534974255,0.0000000000,42476.9677876369,41751.3135575837,69705.4397897275,66700.4904955387,0.0000000000,577.9989953556,3582.9482895444,21142.7377937071,15542.5852230749,891.4864082398,8437.3210472256,10196.2459248121,0.7731090278,0.0000000000,0.0000000000,1230.9172524282,10800.0000000000
2025-04-02,38471.7276239774,2250.7065402801,-312.0030439839,1078.6198483943,41489.0509686679,41832.4651079307,63319.9378559084,64259.5861533080,167.1789592891,2208.0620938743,1268.4137964746,20156.7756962024,17076.1546290409,910.8086454356,10196.2459248121,9363.8389080155,0.7723201389,0.0000000000,0.0000000000,1200.0000000000,10800.0000000000
2025-04-03,37899.0270528563,0.0000000000,-814.4455262480,0.0000000000,37084.5815266083,39236.6809591939,59491.5542732862,57269.8114872047,0.0000000000,0.0000000000,2221.7427860816,15158.5662271258,16973.2960110453,3221.0110044574,9363.8389080155,4147.3307223785,0.7644638889,0.0000000000,0.0000000000,1211.3672458688,10800.0000000000
2025-04-04,9529.0066886306,271.3938471862,0.0000000000,189.1247733940,9989.5253092109,11107.4368376228,24368.5975527938,24626.7108861299,60.2676578488,258.1133333361,0.0000000000,12696.6225928296,12723.0155471989,18282.5692483480,4147.3307223785,1437.6071145930,0.5595027778,0.0000000000,0.0000000000,1200.0000000000,10800.0000000000
2025-04-05,10538.6475445692,1741.0874856127,0.0000000000,0.0000000000,12279.7350301819,12067.8751746548,26789.2208537466,28366.2454715304,0.0000000000,1577.0246177838,0.0000000000,14520.0730393640,11299.0817232181,13101.1391720513,1437.6071145930,1951.1376020004,0.5755284722,0.0000000000,0.0000000000,1294.1003335007,10800.0000000000
2025-04-06,40643.2015444196,747.6692411844,-754.3931649005,1240.9406909214,41877.4183116249,38818.5764371130,70209.7231461993,67781.6439987153,217.0838138023,542.7324852322,2970.8116327162,28851.7223788791,16696.9570219780,1433.8861889497,1951.1376020004,9365.5132741272,0.7556868056,0.0000000000,0.0000000000,1200.0000000000,10800.0000000000
2025-04-07,31746.3639191344,3034.9436730250,0.0000000000,42.8116208344,34824.1192129937,35315.0094221541,52519.3373177307,56014.3274822212,10.1533548759,3494.9901644905,0.0000000000,19985.5650598061,17259.1966545967,55.3931485544,9365.5132741272,8175.6366561786,0.7517159722,0.0000000000,0.0000000000,1200.0000000000,10800.0000000000
2025-04-08,39099.9826490383,718.2930153677,-1381.4319170862,77.9522676735,38514.7960149932,37514.6108000014,65575.9650940796,61346.2292063634,16.8105554543,389.5669030536,4619.3027907699,23541.6859864965,16886.8372242215,354.9973828760,8175.6366561786,10600.0015726683,0.7519159722,0.0000000000,0.0000000000,1200.0000000000,10800.0000000000
2025-04-09,36336.8344543586,3269.2484411005,0.0000000000,292.6280904209,39898.7109858800,40082.0863639633,59919.8982381498,63414.3418127511,57.7982572767,3494.4435746013,0.0000000000,20961.8632909946,17379.1471225531,755.1128849197,10600.0015726683,10155.5150650600,0.7662708333,0.0000000000,0.0000000000,1200.0000000000,10800.0000000000
2025-04-10,33458.9430001581,1424.3805957472,0.0000000000,300.9214851665,35184.2450810719,37861.6387665037,52476.1835353010,54558.6130229560,71.3314882271,2082.4294876551,0.0000000000,14201.5739580675,17344.0744891206,3311.8071422361,10155.5150650600,3665.7377505201,0.7580270833,0.0000000000,0.0000000000,1200.0000000000,10800.0000000000
2025-04-11,9120.5815429441,1011.7979360732,0.0000000000,447.4613478116,10579.8408268289,11597.0946343490,23183.7821215217,24260.5231594797,165.8615342464,1076.7410379581,0.0000000000,11852.5133825783,11819.6998153565,19076.9209598377,3665.7377505201,1200.0000000000,0.5514784722,0.0000000000,0.0000000000,1200.0000000000,10800.0000000000
2025-04-12,10550.5795465478,0.8061185350,-165.7600191575,0.0000000000,10385.6256459254,10350.3725716861,27314.9718248926,26756.4023133763,0.0000000000,1.6133664266,560.1828779429,14271.1823264744,11482.7522437390,14942.8116806409,1200.0000000000,1285.4504896725,0.5638673611,0.0000000000,0.0000000000,1200.0000000000,10800.0000000000
2025-04-13,37875.5139340970,2583.1535711165,0.0000000000,0.0000000000,40458.6675052135,37042.8693908587,65298.1198215110,67545.0882322429,0.0000000000,2246.9684107319,0.0000000000,29564.0303849431,16495.2177692849,199.9171332513,1285.4504896725,9565.0580924714,0.7562548611,0.0000000000,0.0000000000,1285.4504896725,10626.5903724439
2025-04-14,35519.5460076358,2456.4453995842,-1876.0797878184,1524.0913384698,37624.0029578714,38070.3085020069,58757.4369793306,54839.1569415435,236.1550245318,1338.5445119765,5256.8245497637,18442.0734708807,15911.7059341166,16.9126293112,9565.0580924714,8483.2509561345,0.7465972222,0.0000000000,0.0000000000,1200.0000000000,10317.8023722962
2025-04-15,32028.0654856374,2557.6208260241,0.0000000000,317.2233026998,34902.9096143613,34219.2403867940,54504.5549746062,56623.5485356793,63.8737757032,2118.9935610731,0.0000000000,21711.5289323203,16094.8973516095,931.3618973383,8483.2509561345,10140.4077156566,0.7385326389,0.0000000000,0.0000000000,1200.0000000000,10800.0000000000
2025-04-16,34415.9944134387,1623.9019688047,-124.1430708883,1068.0815708782,36983.8348822332,37229.5221745140,57869.9408994388,58994.1239373495,181.2256787078,1625.7600842043,501.5770462936,19649.1789042400,16451.8077288832,198.3864907005,10140.4077156566,9544.8823640469,0.7623541667,0.0000000000,0.0000000000,1200.0000000000,10800.0000000000
2025-04-17,28716.4031619027,2784.3966946796,0.0000000000,1541.3770117480,33042.1768683303,36061.1354886515,45004.6435284122,48629.8620737690,253.0596175032,3625.2185453569,0.0000000000,12934.8860017368,17063.1894751967,142.8828147321,9544.8823640469,2227.1803487248,0.7477673611,0.0000000000,0.0000000000,1200.0000000000,10760.5734675960
2025-04-18,9627.5536046400,366.3581539647,-4.5270110266,0.0000000000,9989.3847475782,10293.6779551376,24958.3129711053,25337.1731388392,0.0000000000,392.6253192780,13.7651515441,13769.5188361106,11817.1333063288,17030.6704257241,2227.1803487248,1489.5991830812,0.5594201389,0.0000000000,0.0000000000,1265.5400324729,10800.0000000000
2025-04-19,9857.9468699679,440.0378010679,0.0000000000,204.6776404643,10502.6623115001,10582.2643132291,25618.4626983518,26116.2666470059,53.0295800058,497.8039486541,0.0000000000,15033.6993192167,12350.9501555423,16701.8678133373,1489.5991830812,1296.6506197738,0.5579763889,0.0000000000,0.0000000000,1200.0000000000,10800.0000000000
2025-04-20,37274.4653800869,1683.6818701531,-102.7777064740,494.8656034953,39350.2351472613,35485.2041981413,64848.8249574816,66489.7906058008,98.1103847659,1913.3424812649,272.3768329457,30642.5396903535,16388.7979281058,376.4143449857,1296.6506197738,10665.1608654188,0.7454388889,0.0000000000,0.0000000000,1200.0000000000,10800.0000000000
2025-04-21,32106.8761219712,23.1092662183,-843.4101573428,1302.2010076678,32588.7762385146,33582.0417103179,54114.3682897199,50899.3428329119,219.8516295376,18.5707212622,3233.5961780702,18227.5520523708,16931.1499988348,1305.8820255801,10665.1608654188,8257.5688249583,0.7339520833,0.0000000000,0.0000000000,1200.0000000000,10800.0000000000
2025-04-22,31636.4686085046,3211.7994546027,0.0000000000,183.0599704969,35031.3280336042,34916.8264505379,53109.8980532456,56317.7897038260,39.3071813094,3207.8916505803,0.0000000000,20301.8329859209,16194.6967242956,97.0313068434,8257.5688249583,8535.1110408476,0.7509583333,0.0000000000,0.0000000000,1200.0000000000,10405.2938160464
2025-04-23,30942.5489027327,4474.7883844599,0.0000000000,0.0000000000,35417.3372871926,34867.7607009437,51965.5779609129,56778.2997919082,0.0000000000,4812.7218309953,0.0000000000,20836.6996252349,15678.8119782565,220.4954282632,8535.1110408476,9867.2385054962,0.7479125000,0.0000000000,0.0000000000,1451.3581141186,10800.0000000000
2025-04-24,28125.6592336114,0.0000000000,0.0000000000,1540.1368526481,29665.7960862595,32307.3584318467,44922.6066626851,44922.6066626851,248.7720385372,0.0000000000,0.0000000000,14046.1905119977,17140.0469565863,1175.1284458108,9867.2385054962,3464.3133478649,0.7361847222,0.0000000000,0.0000000000,1200.0000000000,10800.0000000000
2025-04-25,8938.6511074640,0.0000000000,0.0000000000,454.2622830704,9392.9133905343,10316.6843043945,23315.9941303898,23315.9941303898,125.4748831606,0.0000000000,0.0000000000,13557.9742219065,12997.1878841577,20880.3250258016,3464.3133478649,1225.1702762945,0.5406916667,0.0000000000,0.0000000000,1200.0000000000,10800.0000000000
2025-04-26,9614.3198431692,584.8566824467,0.0000000000,464.8307336660,10664.0072592819,10619.9266843165,25050.0898391480,25818.9188297195,140.9435594478,768.8289905714,0.0000000000,13629.4126737463,10943.6614170354,23203.9174991230,1225.1702762945,1332.0178859602,0.5378048611,0.0000000000,0.0000000000,1200.0000000000,10800.0000000000
2025-04-27,34138.8068351360,3796.2699981067,-63.5812139595,0.0000000000,37871.4956192832,34191.3649687371,60225.9880940552,62544.5394021884,0.0000000000,2506.3436615724,187.7923534392,28524.7305774137,15076.7370546903,523.0746961317,1332.0178859602,10252.3453448655,0.7337826389,0.0000000000,0.0000000000,1312.4717810310,10800.0000000000
2025-04-28,34424.9408863018,2136.6724933300,-247.9302285007,0.0000000000,36313.6831511311,37859.6006086611,56808.6864902466,57964.8204069241,0.0000000000,1999.0395812714,842.9056645939,16980.7015366142,17126.8248581757,1488.9764118190,10252.3453448655,6505.1713298453,0.7660520833,0.0000000000,0.0000000000,1262.6281129175,10800.0000000000
2025-04-29,31794.7428892728,1640.7829112089,-326.9082746623,2711.0564642672,35819.6739900866,34476.4934662202,54405.7878555350,54651.9240110766,409.6489066587,1382.6189143284,1136.4827587868,21279.8975297650,14306.5359478526,654.9976191562,6505.1713298453,9760.9280534642,0.7303826389,0.0000000000,0.0000000000,1200.0000000000,10800.0000000000
2025-04-30,29633.6481077741,1655.5081325499,0.0000000000,2059.5256106843,33348.6818510083,33383.6837387736,49899.5674062185,52017.6836645008,397.5850402537,2118.1162582823,0.0000000000,20853.9559949930,16968.0618272341,272.5201036623,9760.9280534642,9676.0864186978,0.7294423611,0.0000000000,0.0000000000,1200.0000000000,10800.0000000000
2025-05-01,29145.8671225852,4393.2305359235,-61.7296512954,3375.5868827443,36852.9548899575,39756.2320796086,45491.9400000393,48229.3187630546,562.7079322107,2916.8292190193,179.4504560040,14292.4096970131,17910.4218077652,1398.6600060174,9676.0864186978,2638.7864707149,0.7473263889,0.0000000000,0.0000000000,1200.0000000000,10800.0000000000
2025-05-02,10213.8332633726,139.3437501832,0.0000000000,9408.9779680909,19762.1549816467,20355.7343333983,24930.9154484551,25088.1390843930,2255.9064593193,157.2236359379,0.0000000000,12398.7284040505,11337.8778309244,11992.8748872528,2638.7864707149,1200.0000000000,0.5869513889,0.0000000000,0.0000000000,1200.0000000000,10800.0000000000
2025-05-03,9946.1287748603,2147.6921992369,0.0000000000,3602.8142368460,15696.6352109433,15631.0808484539,25766.9345240079,27659.4811380344,716.7761399584,1892.5466140265,0.0000000000,14646.1890162498,11720.4046635815,16583.3012753244,1200.0000000000,1358.8982662009,0.5698243056,0.0000000000,0.0000000000,1200.0000000000,10800.0000000000
2025-05-04,35662.7490497096,3293.6234315672,-713.8909018913,4925.1275982390,43167.6091776244,41442.3949579585,59867.0853554938,59306.7194830642,884.8377376737,1759.8356429973,2320.2015154270,22914.5281477071,14797.1709293778,339.5326690752,1358.8982662009,5540.6725664953,0.7461284722,0.0000000000,0.0000000000,1200.0000000000,10800.0000000000
2025-05-05,36598.6787314226,3822.5059807885,-289.1863584321,2338.2364567058,42470.2348104848,41064.3944065411,60790.6103148947,62210.7164345869,387.9515624278,1999.6461887539,579.5400690617,23419.3022694175,15902.7597313214,6.1186589186,5540.6725664953,8948.3115741695,0.7604611111,0.0000000000,0.0000000000,1200.0000000000,10585.0348848539
2025-05-06,30342.3356492828,6701.5358185713,0.0000000000,4554.0531958099,41597.9246636639,42628.8932856289,48307.2081865701,53964.3283341893,788.1505995636,5657.1201476192,0.0000000000,18602.3017139362,17316.9475657503,597.0424189003,8948.3115741695,6449.3302658785,0.7532361111,0.0000000000,0.0000000000,1200.0000000000,10800.0000000000
2025-05-07,34405.9650429373,6237.2568447257,0.0000000000,2806.5518388907,43449.7737265538,42184.6692558788,56409.0652310161,61720.2162450966,446.9020393270,5311.1510140805,0.0000000000,22171.8357182716,15199.3306935918,126.7673097438,6449.3302658785,9515.8371972209,0.7587291667,0.0000000000,0.0000000000,1200.0000000000,10800.0000000000
2025-05-08,32557.9539553195,311.7048779250,-323.0758530655,8642.5619323924,41189.1449125714,43936.0277172806,51863.5866762313,50928.6628940819,1399.4715604173,283.4229809999,1218.3467631494,12964.3003816974,16493.4750996799,30.7967724816,9515.8371972209,2857.6240966598,0.7616590278,0.0000000000,0.0000000000,1200.0000000000,10800.0000000000
2025-05-09,9856.4210816994,430.5484764187,0.0000000000,5346.5072554263,15633.4768135444,16236.2544925771,24465.6038360757,24892.9952811042,1175.4512067367,427.3914450285,0.0000000000,12645.8006731652,11558.0727440695,16481.3327087453,2857.6240966598,1396.5416535424,0.5667381944,0.0000000000,0.0000000000,1200.0000000000,10800.0000000000
2025-05-10,10430.4133195305,626.6507923745,0.0000000000,4659.7830288063,15716.8471407113,15797.9314917783,25870.7252458719,26586.3789096062,1164.8014812163,715.6536637343,0.0000000000,14273.2609753675,11738.2288782358,13095.1030103574,1396.5416535424,1200.0000000000,0.5753076389,0.0000000000,0.0000000000,1200.0000000000,10800.0000000000
2025-05-11,37351.5698191293,2524.3251818621,-5.1123143383,1872.3562174110,41743.1389040639,39637.5092765290,63001.5716182070,64611.1712863565,273.8907637360,1630.5389036127,20.9392354632,25149.1393388855,15777.3205097886,29.1641376623,1200.0000000000,6303.8692830096,0.7607819444,0.0000000000,0.0000000000,1200.0000000000,10764.7227345787
2025-05-12,31962.6856878922,6153.9348932839,0.0000000000,0.0000000000,38116.6205811761,37406.8080395985,51620.7690699289,57198.8450569209,0.0000000000,5578.0759869921,0.0000000000,19215.7490994001,14016.2834102182,68.1841344057,6303.8692830096,8024.3952388939,0.7517881944,0.0000000000,0.0000000000,1285.1396693622,10800.0000000000
2025-05-13,33370.0365712781,3683.9479190543,-937.2335078091,0.0000000000,36116.7509825233,37530.0681673527,55098.0014057900,53810.9921246109,0.0000000000,2199.2905270070,3486.2998081862,14538.7628142593,14859.5837661964,1002.6003098813,8024.3952388939,4598.6331426201,0.7564458333,0.0000000000,0.0000000000,1423.8800997487,10800.0000000000
2025-05-14,37137.2218494450,2658.4740446010,-871.9501006121,0.0000000000,38923.7457934339,37194.0713322214,61984.0852501051,61579.0028009507,0.0000000000,2523.4007372806,2928.4831864350,23438.1194598450,15211.5497665624,338.2843243347,4598.6331426201,8791.2186936336,0.7475513889,0.0000000000,0.0000000000,1479.1385813109,10800.0000000000
2025-05-15,33916.3767006296,2011.2728706065,0.0000000000,0.0000000000,35927.6495712362,37884.8795267774,51131.2073204728,53870.4634484086,0.0000000000,2739.2561279358,0.0000000000,14932.3446203853,16364.9439956993,2538.0045403893,8791.2186936336,4047.0577456478,0.7527770833,0.0000000000,0.0000000000,1626.5481764966,10800.0000000000
2025-05-16,10174.7839641219,76.3004050329,0.0000000000,278.6353355072,10529.7197046620,11704.2891946164,24193.8887766495,24284.4156469975,163.6931756904,90.5268703480,0.0000000000,13337.9181848001,13366.0657007711,21760.7498053256,4047.0577456478,1200.0000000000,0.5453854167,0.0000000000,0.0000000000,1200.0000000000,10800.0000000000
2025-05-17,10889.9057812460,334.6175183137,-12.9719097266,2392.6981004929,13604.2494903260,13590.9016261651,26510.2831773530,26917.6721990828,482.4459705705,449.5809544884,42.1919327586,13203.4276580274,10665.6577119966,14413.5491402892,1200.0000000000,1232.3541011173,0.5734159722,0.0000000000,0.0000000000,1200.0000000000,10800.0000000000
2025-05-18,37680.5162800410,0.0000000000,-638.0600572975,0.0000000000,37042.4562227435,36045.8236606776,62888.3882463167,60644.0926962846,0.0000000000,0.0000000000,2244.2955500322,21373.9296413805,15138.7047836272,732.6997385313,1232.3541011173,3648.1076854406,0.7506812500,0.0000000000,0.0000000000,1232.3541011173,10800.0000000000
2025-05-19,34380.5232567686,403.4915070345,-400.9922127320,2674.7604041015,37057.7829551726,36160.2530411421,56736.4568879202,55686.1289310625,410.5647433059,346.3373074492,1396.6652643069,20224.1033195343,14423.5403051311,2780.9141099651,3648.1076854406,5823.6447784314,0.7317597222,0.0000000000,0.0000000000,1200.0000000000,10800.0000000000
2025-05-20,31739.0411210832,3499.4574464233,0.0000000000,978.4247729305,36216.9233404370,37795.7233369722,50178.1606604637,53577.9014274083,146.3393318771,3399.7407669446,0.0000000000,13900.1927181567,14703.3467755380,0.0000000000,5823.6447784314,1996.7662519525,0.7565819444,0.0000000000,0.0000000000,1200.0000000000,10173.9454893649
2025-05-21,33566.7192202828,3073.9570498506,-135.3607361968,2068.7015207501,38574.0170546866,37941.4889677189,53116.1391529800,56413.0200658566,326.1392743792,3510.6421632639,213.7612503872,18428.7012486472,13547.3725725572,495.2153808125,1996.7662519525,3529.9611840047,0.7458243056,0.0000000000,0.0000000000,1200.0000000000,10800.0000000000
2025-05-22,34137.5058839981,0.0000000000,0.0000000000,1527.3190163789,35664.8249003770,35477.9349683461,54504.4175660451,54504.4175660451,232.2388833542,0.0000000000,0.0000000000,18392.6674743977,14490.3557123148,17.7138706497,3529.9611840047,3982.9666750573,0.7461930556,0.0000000000,0.0000000000,1200.0000000000,10239.8247285024
2025-05-23,10152.4638473588,0.0000000000,0.0000000000,186.0891571891,10338.5530045480,11247.5330347715,24209.0240399104,24209.0240399104,63.4894590443,0.0000000000,0.0000000000,12879.7851238832,12415.5880415952,17387.3675333333,3982.9666750573,1779.6754625576,0.5569743056,0.0000000000,0.0000000000,1200.0000000000,10800.0000000000
2025-05-24,11539.2543999510,251.3139424390,-82.8221351751,308.5369894933,12016.2831967082,11848.9076536163,26735.0714069199,26807.9685487952,105.4099196535,345.9869492623,273.0898073870,13211.7415119969,10336.3767978808,20283.5123709993,1779.6754625576,2185.3797145984,0.5532048611,0.0000000000,0.0000000000,1200.0000000000,10800.0000000000
2025-05-25,36105.6363423457,735.0467333884,-91.6789574831,0.0000000000,36749.0041182510,34893.4336434426,59698.5571657584,59775.5450949966,0.0000000000,479.8448346171,402.8569053789,21739.9522153831,13561.3890763220,3051.9717726021,2185.3797145984,6683.1266236410,0.7379618056,0.0000000000,0.0000000000,1533.3564543908,10800.0000000000
2025-05-26,33387.6273976034,4994.4904274506,-32.1675943775,0.0000000000,38349.9502306765,37980.4711729035,53485.3931184225,59033.2181062039,0.0000000000,5599.2348789304,51.4098911490,18378.7220860609,14080.7373195610,155.4003897039,6683.1266236410,7578.7128126947,0.7524722222,0.0000000000,0.0000000000,1654.0648803519,10800.0000000000
2025-05-27,30008.1100850112,2329.1302739304,-274.3074856268,1943.4216275167,34006.3545008315,36125.6833865509,45408.1505808932,48287.6084564256,375.0774626781,3300.5164339859,421.0585584535,13361.8618875299,15446.4757492407,1356.9324808144,7578.7128126947,2441.6376789820,0.7429215278,0.0000000000,0.0000000000,1200.0000000000,10800.0000000000
2025-05-28,35522.5582317172,372.0420564711,-351.0887856777,0.0000000000,35543.5115025106,35440.8881395906,57672.0319229881,56927.0767832816,0.0000000000,288.7793611097,1033.7345008162,18490.2681494611,14753.2418335299,916.2263673505,2441.6376789820,2690.3880873526,0.7512673611,0.0000000000,0.0000000000,1534.7564394448,10800.0000000000
2025-05-29,35311.4689774084,4080.8125545825,0.0000000000,119.8044217333,39512.0859537243,39176.2485857005,57105.1223287623,61873.4595517075,17.8174333333,4768.3372229453,0.0000000000,19771.6229202568,15282.3771614240,3291.9077262082,2690.3880873526,3504.4296473347,0.7595125000,0.0000000000,0.0000000000,1312.6937896081,10800.0000000000
2025-05-30,11058.9423726014,0.0000000000,0.0000000000,241.2550251173,11300.1973977187,11835.7543766878,25339.4504470707,25339.4504470707,81.3287795642,0.0000000000,0.0000000000,13826.6638411908,12367.9283145559,17365.8104333333,3504.4296473347,2206.2845326776,0.5609930556,0.0000000000,0.0000000000,1200.0000000000,10800.0000000000
2025-05-31,11978.5580328686,0.0000000000,-305.5969843980,0.0000000000,11672.9610484706,11668.4549827335,28619.5180313756,27547.4838576893,0.0000000000,0.0000000000,1072.0341736863,13628.8388201374,11029.5293520759,16558.9928396279,2206.2845326776,2217.2068573836,0.5663548611,0.0000000000,0.0000000000,1581.9894607189,10800.0000000000
2025-06-01,52354.1834438905,8243.9999576402,-1477.7801880885,3807.3506076037,62927.7538210459,61037.4062424580,78944.5178416361,80094.8606506169,610.8323061285,4846.8444038713,3696.5015948905,25864.0285999841,16826.0238483028,442.8619050641,2217.2068573836,6799.2505436995,0.8191805556,0.0000000000,0.0000000000,1200.0000000000,9712.2124686037
2025-06-02,48190.1042601420,6417.9854603747,-1509.3214200049,3789.8954976915,56888.6637982033,57736.6684096943,71716.4718734679,69824.8913782092,710.5546262298,3230.9373652064,5122.5178604651,19629.8057700364,17750.0854028103,14.9181872129,6799.2505436995,4743.7586224986,0.8099458333,0.0000000000,0.0000000000,1200.0000000000,10052.7461970280
2025-06-03,43951.5853215157,9737.5154132167,-541.2248022566,0.0000000000,53147.8759324758,54280.9067767063,65587.2661400664,69353.7178923305,0.0000000000,5964.1723972215,2197.7206449573,16711.2743627185,16007.8666367828,457.9433330615,4743.7586224986,1997.3870636310,0.8062826389,0.0000000000,0.0000000000,1255.8004318756,10769.9027401299
2025-06-04,52411.2764382913,3577.6212919899,-2598.7119798873,2562.3545547145,55952.5403051083,56281.5067681374,77377.6672060755,72224.3881535454,630.8253856129,2230.9592977164,7384.2383502465,19673.9383294664,16653.5384041357,189.5527971609,1997.3870636310,1200.0000000000,0.8136590278,0.0000000000,0.0000000000,1200.0000000000,10745.6665656343
2025-06-05,44706.4559569990,11998.9766379765,-52.4137859069,2474.6858545398,59127.7046636084,58867.9223222351,67877.9140464817,75254.4207786365,636.7987022549,7563.2273713523,186.7206391975,21509.9628669201,16856.3484126109,88.2870099155,1200.0000000000,1829.6905662160,0.8220694444,0.0000000000,0.0000000000,1200.0000000000,10526.7253457625
2025-06-06,14164.9807521907,6742.4691481364,-2.4260820164,964.6561242806,21869.6799425913,22129.4622839647,29351.3160510714,34466.2521497881,497.0972025431,5121.5638326778,6.6277339610,12562.1069007266,10742.0280991830,2288.2751507876,1829.6905662160,1200.0000000000,0.6492826389,0.0000000000,0.0000000000,1200.0000000000,10800.0000000000
2025-06-07,14907.1488285296,6971.6304615152,-548.6439168030,419.7046444612,21749.8400177030,21533.8224779988,32614.3748003121,35118.6230256441,212.1254680157,5166.7321189094,2662.4838935774,15166.5773088124,11813.6800921004,851.3381102810,1200.0000000000,1723.6083644864,0.6502881944,0.0000000000,0.0000000000,1200.0000000000,10800.0000000000
2025-06-08,47691.5090198953,6193.9405343730,-995.7582513982,0.0000000000,52889.6913028701,51457.0705785492,72345.4876058631,72232.0816109520,0.0000000000,3421.9440945921,3535.3500895032,20219.1864784809,13252.2440190214,80.2158848259,1723.6083644864,5196.1606184287,0.7970791667,0.0000000000,0.0000000000,1677.7589306708,10265.1589783705
2025-06-09,50855.6767375534,2221.3358653412,-757.0276684746,101.9768259522,52421.9617603723,53594.3887483989,73109.7387582469,72192.1467474155,14.4269400795,1254.5758004702,2172.1678113017,18642.1945219422,17657.8556136797,289.5220458993,5196.1606184287,2354.2961174214,0.8192562500,0.0000000000,0.0000000000,1404.7260521409,10800.0000000000
2025-06-10,47952.6341491748,5624.8378071428,-4.6249499160,1170.8023534540,54743.6493598556,55003.6541549880,70952.4345004916,74810.0967536081,229.2009330901,3872.9669898203,15.3047367038,20785.4358352388,17403.4098244352,38.8274425612,2354.2961174214,1724.0663419861,0.8168180556,0.0000000000,0.0000000000,1200.0000000000,10257.2077677253
2025-06-11,52988.7368250394,5582.3702735180,-42.3651999194,0.0000000000,58528.7418986380,58509.0415262917,77073.0680265871,80380.1464625617,0.0000000000,3410.9383377021,103.8599017275,21988.2703678155,17767.5221554837,74.9519335632,1724.0663419861,1771.8183891493,0.8316965278,0.0000000000,0.0000000000,1449.2909920917,10162.6891886810
2025-06-12,50992.3982713209,3953.1515006317,-95.9164179028,0.0000000000,54849.6333540498,54670.8628521988,75533.9697010116,77325.5316968192,0.0000000000,1994.9880026903,203.4260068827,22564.7339679040,17887.4423068939,195.8486024758,1771.8183891493,2205.1430637141,0.8219833333,0.0000000000,0.0000000000,1310.6032201511,10617.5965764167
2025-06-13,15249.2883648490,4643.5082232511,-194.0321000248,0.0000000000,19698.7644880753,19809.3037225392,31582.1847101656,34152.8287562169,0.0000000000,3128.9103129704,558.2662669191,13320.8956556686,11031.0695153381,3517.6889158864,2205.1430637141,1937.2052478846,0.6400291667,0.0000000000,0.0000000000,1470.4168399552,10800.0000000000
2025-06-14,16119.9558905367,2774.9280178488,-144.3813173314,207.1554809050,18957.6580719590,19138.1577022282,32208.8445913748,33627.3099836086,69.0825921741,1833.1541907819,414.6887985481,13605.1377298983,11413.9259041156,5311.8380000000,1937.2052478846,1499.6893113314,0.6368673611,0.0000000000,0.0000000000,1200.0000000000,10800.0000000000
2025-06-15,48323.6908346981,5564.0381764246,-11.4024483623,0.0000000000,53876.3265627604,53145.7093543535,71291.2316808974,77088.8504221599,0.0000000000,5826.1712600112,28.5525187487,23630.3936219440,17546.7595857015,378.2420525841,1499.6893113314,3270.6440314127,0.8178270833,0.0000000000,0.0000000000,1499.6893113314,10800.0000000000
2025-06-16,50383.3788825499,3343.3031682798,-7.0416804712,66.5213691652,53786.1617395238,54282.0774909109,72688.0132149529,75775.9735970506,9.8630542168,3105.1268386342,17.1664565364,20565.3810165243,17739.8109223979,266.2137404744,3270.6440314127,2068.5859213980,0.8232416667,0.0000000000,0.0000000000,1329.6838839592,10683.5401906831
2025-06-17,53363.8563067814,2350.8120039008,-7.7888996276,562.5278231736,56269.4072342282,55953.4260974820,77504.9228336719,79798.2573365925,93.1767834685,2315.2442065145,21.9097035938,23032.3417688270,17966.8762812701,188.9574158376,2068.5859213980,2834.4976452644,0.8286263889,0.0000000000,0.0000000000,1200.0000000000,10714.4488112553
2025-06-18,52428.5255937402,2335.7772835327,-1338.4561027882,594.3214742065,54020.1682486912,54480.8005550655,75730.0367819543,74998.3533912273,88.4173908681,2333.1109744716,3064.7943651986,19191.5644688512,16550.0478234947,1516.8632367390,2834.4976452644,1717.9636411252,0.8200500000,0.0000000000,0.0000000000,1200.0000000000,10800.0000000000
2025-06-19,48852.1453389697,3916.6571937582,-799.2038498652,777.5774974067,52747.1761802695,52436.3773088823,72976.1527235937,74130.3341440301,125.2310930950,3364.0583830735,2209.8769626371,21681.8804010664,16884.3078115763,1198.4884476350,1717.9636411252,2471.3139892224,0.8079104167,0.0000000000,0.0000000000,1200.0000000000,10800.0000000000
2025-06-20,16745.5684073703,0.0000000000,0.0000000000,0.0000000000,16745.5684073703,17030.6976935103,32891.1382315253,32891.1382315253,0.0000000000,0.0000000000,0.0000000000,12178.5506777398,10486.6425363741,8798.6492401595,2471.3139892224,1780.1845587726,0.6213069444,0.0000000000,0.0000000000,1522.1559160189,10800.0000000000
2025-06-21,16952.5014399716,0.0000000000,-29.1618411001,0.0000000000,16923.3395988715,16619.5615408898,34249.5710966576,34197.9817939226,0.0000000000,0.0000000000,51.5893027350,14139.4456373062,10790.2517284988,11514.0474851153,1780.1845587726,2516.5170451272,0.6095256944,0.0000000000,0.0000000000,1511.0354208771,10800.0000000000
2025-06-22,47034.1816676233,2743.6851222717,0.0000000000,0.0000000000,49777.8667898950,49709.0382240687,69699.7304994149,72018.8550541507,0.0000000000,2319.1245547358,0.0000000000,20038.8220995133,16081.2947066404,603.9865612779,2516.5170451272,2683.3517050887,0.8074916667,0.0000000000,0.0000000000,1574.4668219565,10800.0000000000
2025-06-23,48932.5056833403,84.0080824651,-222.7630619360,0.0000000000,48793.7507038694,49077.5738802508,71123.1043812755,70589.7282094040,0.0000000000,98.1861646390,631.5623365104,19007.0532820258,16014.8803355724,536.2692629506,2683.3517050887,1995.3881749427,0.8048722222,0.0000000000,0.0000000000,1467.3110098495,10800.0000000000
2025-06-24,59348.5465978082,0.0000000000,-379.9444203564,0.0000000000,58968.6021774518,58511.7639682328,84214.3707699777,83263.4232236158,0.0000000000,0.0000000000,950.9475463619,23362.8843930101,17927.3326700338,1559.0792506396,1995.3881749427,3102.7256063919,0.8405347222,0.0000000000,0.0000000000,1922.0892048784,10800.0000000000
2025-06-25,49369.0089071810,2355.6039171734,-514.3184180177,0.0000000000,51210.2944063368,51630.2232676010,72775.5008805887,73840.1288493009,0.0000000000,2086.4469175897,1021.8189488775,19018.0858012411,16320.7345451245,705.3562265176,3102.7256063919,2084.8533329262,0.8163465278,0.0000000000,0.0000000000,1356.8272110184,10800.0000000000
2025-06-26,48491.9733165069,1119.6456166101,-18.8821595116,0.0000000000,49592.7367736055,49231.2252590301,72181.1958847785,73319.8780547167,0.0000000000,1196.7900619573,58.1078920192,20562.8612838370,15867.2714594447,1076.9043969910,2084.8533329262,2961.1268667743,0.8059743056,0.0000000000,0.0000000000,1601.9750668382,10800.0000000000
2025-06-27,17327.3102115987,0.0000000000,0.0000000000,0.0000000000,17327.3102115987,17283.2524135541,34540.2254529875,34540.2254529875,0.0000000000,0.0000000000,0.0000000000,13020.4056532433,10450.4154188360,12198.5893519135,2961.1268667743,3067.9192670977,0.6051201389,0.0000000000,0.0000000000,2152.6622316755,10800.0000000000
2025-06-28,16666.2610095224,0.0000000000,-174.8519483038,0.0000000000,16491.4090612186,16836.7961139575,33330.4170491725,33021.2918571661,0.0000000000,0.0000000000,309.1251920064,14416.8026129578,12431.0803904482,9258.6435179898,3067.9192670977,2230.7300738174,0.6229888889,0.0000000000,0.0000000000,1662.1456356437,10800.0000000000
2025-06-29,47073.7786076490,6700.7671171006,-491.8046208147,1012.7033497440,54295.4444536789,54257.5894589434,69484.2402232103,74482.9495751839,147.5168754179,5734.2011689390,735.4918169654,19659.3396490206,15841.4835220202,1544.8417902682,2230.7300738174,2322.4874001356,0.8118270833,0.0000000000,0.0000000000,1200.0000000000,10800.0000000000
2025-06-30,51416.8403505551,0.0000000000,-440.2898885909,78.3178648354,51054.8683267996,51237.0330867888,75752.6115938076,75078.0164291468,11.0378687035,0.0000000000,674.5951646608,19737.6821897825,16384.9194376917,1858.6075624262,2322.4874001356,1880.9353290602,0.8101881944,0.0000000000,0.0000000000,1359.2610212019,10800.0000000000
2025-07-01,49035.8689129836,21387.6399401967,0.0000000000,937.5182468104,71361.0270999906,71641.9507529685,66485.6784245351,81470.1020796991,330.1844986730,14984.4236551640,0.0000000000,18485.8156080046,15586.3524386379,34.2793756721,1880.9353290602,1200.0000000000,0.8907618056,0.0000000000,0.0000000000,1200.0000000000,9396.1241818083
2025-07-02,48199.4603940648,13950.9648922336,0.0000000000,6992.4196582359,69142.8449445344,69142.8449445344,64111.0015940425,74867.1338079058,1545.3539748272,10756.1322138633,0.0000000000,18032.7849506824,14606.5558100528,81.4922754367,1200.0000000000,1200.0000000000,0.8753215278,0.0000000000,0.0000000000,1200.0000000000,10041.0653484244
2025-07-03,54122.7971425469,15979.3819973261,0.0000000000,4611.3508455185,74713.5299853915,74445.1151393110,72907.9567267013,83762.9561820842,1413.5790407029,10854.9994553828,0.0000000000,20219.7104374070,15792.4119252795,988.8177773262,1200.0000000000,1850.6150322446,0.9014361111,0.0000000000,0.0000000000,1200.0000000000,10800.0000000000
2025-07-04,17856.2011073958,1738.0858448182,0.0000000000,31785.2841576993,51379.5711099133,51647.9859559938,31891.3339871164,33626.9486543644,6661.7478474095,1735.6146672480,0.0000000000,11645.9631800036,10018.7837048231,9780.6495599267,1850.6150322446,1200.0000000000,0.6903083333,0.0000000000,0.0000000000,1200.0000000000,10800.0000000000
2025-07-05,18379.5054098755,8345.6279243904,0.0000000000,4343.0940001136,31068.2273343796,31068.2273343796,34017.0990367914,39982.8515640459,1836.7679049005,5965.7525272545,0.0000000000,13346.2476146158,10810.4605678388,10493.7524555028,1200.0000000000,1200.0000000000,0.6843187500,0.0000000000,0.0000000000,1200.0000000000,10800.0000000000
2025-07-06,50202.0665444626,20392.9985967011,0.0000000000,5651.2915230799,76246.3566642436,76246.3566642436,66248.8233328287,82571.1409026579,1137.5939616556,16322.3175698291,0.0000000000,19935.4463947707,16147.7115797643,127.0184993070,1200.0000000000,1200.0000000000,0.8986708333,0.0000000000,0.0000000000,1200.0000000000,10800.0000000000
2025-07-07,48993.8423465984,9982.5472839215,0.0000000000,14300.6573120655,73277.0469425854,73277.0469425854,65855.6946446064,74236.6085648607,2793.7466468340,8380.9139202543,0.0000000000,18891.5404433459,15302.1477591102,31.4797607923,1200.0000000000,1200.0000000000,0.8773902778,0.0000000000,0.0000000000,1200.0000000000,10728.7580103464
2025-07-08,57934.4585237386,4286.8060101839,-152.3081205059,333.6705113305,62402.6269247471,62313.7216343610,78230.9508282226,79759.3703007909,39.4308144263,2140.7962075835,612.3767350152,20509.7015961479,16418.9092349407,136.6217373434,1200.0000000000,1415.4989532656,0.8836034722,0.0000000000,0.0000000000,1200.0000000000,10413.6914235233
2025-07-09,57036.8994397910,2727.0478160477,-417.4709986684,2609.5364178493,61956.0126750196,61942.4357611976,77298.6098057318,77890.3949512481,364.6170903782,1683.5099507217,1091.7248052054,19972.5914144327,16148.1806772666,371.8762877935,1415.4989532656,1448.4082515143,0.8791770833,0.0000000000,0.0000000000,1200.0000000000,10800.0000000000
2025-07-10,53674.6600458252,6706.7692455764,0.0000000000,1926.2251525291,62307.6544439307,62089.3963900632,71185.5835796333,76967.4889203332,311.9818509943,5781.9053407000,0.0000000000,20787.9585457864,16362.1111577922,0.0000000000,1448.4082515143,1977.4474340641,0.8775076389,0.0000000000,0.0000000000,1200.0000000000,10511.8429134053
2025-07-11,22103.0113455905,1409.2342529918,-11.0129189543,5860.9788204384,29362.2115000664,29682.9517581419,38315.1849200287,39643.1695530787,1303.0826029689,1364.4742594397,36.4896263897,12302.2975774967,10664.5637284300,6789.7411569809,1977.4474340641,1200.0000000000,0.7069465278,0.0000000000,0.0000000000,1200.0000000000,10800.0000000000
2025-07-12,21903.9166880580,3500.2213327240,0.0000000000,56.0483829225,25460.1864037045,25414.0809434878,39153.9703588319,41877.8202599442,21.1105020424,2723.8499011124,0.0000000000,13514.4179524257,10846.0983562358,8146.3678324633,1200.0000000000,1311.7557613656,0.6942819444,0.0000000000,0.0000000000,1200.0000000000,10800.0000000000
2025-07-13,56255.8090122308,1176.0057902740,-1534.6215634889,3775.6781324852,59672.8713715011,59435.6332908308,76544.5970455010,73271.0871511704,466.8878209228,519.9260741938,3793.4359685244,20484.1122441610,16074.5902623895,60.7325903217,1311.7557613656,1886.8009340111,0.8542875000,0.0000000000,0.0000000000,1200.0000000000,10774.6550659651
2025-07-14,52273.9736579539,6744.3582200300,-137.4848179991,0.0000000000,58880.8470599847,58977.3666790736,71494.5816737533,75506.3325579004,0.0000000000,4571.7135073275,559.9626231803,18830.0216941406,15462.8774738482,331.5091209413,1886.8009340111,1652.8454877952,0.8722152778,0.0000000000,0.0000000000,1315.9862063462,10800.0000000000
2025-07-15,58683.8034178537,1996.9508361667,-1449.9141864760,2433.7743337670,61664.6144013114,61536.0070926852,79800.9431867884,76557.3890443663,283.9343990113,985.1231936567,4228.6773360787,19884.0126860568,15825.4902972863,33.7504712738,1652.8454877952,1964.5787971504,0.8721083333,0.0000000000,0.0000000000,1200.0000000000,10403.6740746181
2025-07-16,57003.3921942089,1785.9672015014,0.0000000000,0.0000000000,58789.3593957103,58605.3916460126,74969.4406743793,76276.6289363059,0.0000000000,1307.1882619266,0.0000000000,19357.3259769358,15278.1039113554,62.8434873922,1964.5787971504,2410.5011637755,0.8758020833,0.0000000000,0.0000000000,1695.4876797387,10711.7809242197
2025-07-17,55979.5697771716,1739.5704257963,-13.2991231940,1638.5537231391,59344.3948029130,59355.4362266925,74923.2581863223,76628.1483021672,192.5169663749,1763.0756848371,58.1855689922,20723.6603134096,16810.2519889584,186.8408774243,2410.5011637755,2383.7376803348,0.8748208333,0.0000000000,0.0000000000,1200.0000000000,10774.0710216279
2025-07-18,24292.0004115222,0.0000000000,0.0000000000,0.0000000000,24292.0004115222,24422.1952571711,42550.5528193362,42550.5528193362,0.0000000000,0.0000000000,0.0000000000,12905.5458277102,10737.5153495744,9108.2742412004,2383.7376803348,2068.1563146357,0.6942027778,0.0000000000,0.0000000000,1584.5067314941,10800.0000000000
2025-07-19,24659.8865934577,26.2020410276,-633.4329658337,0.0000000000,24052.6556686516,24251.8944490853,42934.7213329061,40957.1765077906,0.0000000000,36.4843051340,2014.0291302495,13858.0242240362,11659.6438771960,11575.9771109505,2068.1563146357,1585.2182527171,0.6802993056,0.0000000000,0.0000000000,1218.3754580857,10800.0000000000
2025-07-20,57453.3462916677,1175.9143747786,-591.4245519661,0.0000000000,58037.8361144803,57769.0379184886,79441.8632041912,77875.5148331229,0.0000000000,627.1036871846,2193.4520582529,20376.2606771085,15918.3813322626,1327.6572716104,1585.2182527171,2236.7624929341,0.8676125000,0.0000000000,0.0000000000,1585.2182527171,10800.0000000000
2025-07-21,59619.8259564312,1500.2057427798,-80.7003911438,0.0000000000,61039.3313080672,60869.4750270929,79554.7540819699,80002.4813941101,0.0000000000,751.0000143147,303.2727021744,20433.6530503799,16180.7133538156,1759.7923475458,2236.7624929341,2648.4798451476,0.8791791667,0.0000000000,0.0000000000,1860.5165006209,10800.0000000000
2025-07-22,58523.7859316260,2984.2870363034,-869.0611300299,1327.1580550163,61966.1698929158,62263.5870445040,77961.0389289615,79725.5369148784,160.1959149190,3623.3978206144,1858.8998346974,19412.9120340035,16373.2815129251,3050.9576920523,2648.4798451476,1927.5656613896,0.8751333333,0.0000000000,0.0000000000,1200.0000000000,10800.0000000000
2025-07-23,65606.2800077177,0.0000000000,-3224.7239050644,332.1352928824,62713.6913955357,62690.2439063514,88630.5506967899,80066.2728681656,42.1320092858,0.0000000000,8564.2778286243,21774.5303676624,17586.2183286460,1703.5457217683,1927.5656613896,1984.4004049013,0.8755840278,0.0000000000,0.0000000000,1200.0000000000,10800.0000000000
2025-07-24,67393.9334788834,0.0000000000,-1869.2159934037,0.0000000000,65524.7174854797,64755.9097430745,90324.8565592153,85110.8394751805,0.0000000000,0.0000000000,5214.0170840348,21085.6339729262,15402.1906892305,5810.9241914848,1984.4004049013,3847.9257702788,0.8774458333,0.0000000000,0.0000000000,1972.9010165665,10800.0000000000
2025-07-25,23661.0762677430,0.0000000000,0.0000000000,0.0000000000,23661.0762677430,24094.8139316149,40688.7480344915,40688.7480344915,0.0000000000,0.0000000000,0.0000000000,13277.3375998351,11700.8527414473,12606.9436094371,3847.9257702788,2796.5821196334,0.6769687500,0.0000000000,0.0000000000,1859.9319042643,10800.0000000000
2025-07-26,23377.1581411639,70.5733370398,-244.2657814491,479.9437791861,23683.4094759407,24089.9212492971,40864.2842714611,40472.7520420263,74.0139994118,60.4374456489,451.9696750837,13981.7693207840,12212.0484916575,10307.9536456450,2796.5821196334,1811.2317398306,0.6880090278,0.0000000000,0.0000000000,1200.0000000000,10800.0000000000
2025-07-27,58905.0476305000,2145.6670859354,-834.5108689461,0.0000000000,60216.2038474894,60062.7238569698,80204.4435491961,78448.3777902188,0.0000000000,1160.4348944138,2916.5006533910,21144.1445145006,16791.9367165331,410.9801922513,1811.2317398306,2183.2543400665,0.8771312500,0.0000000000,0.0000000000,1215.5601678865,10755.6304075226
2025-07-28,60902.6993603476,1966.7914904310,-3.9213881565,0.0000000000,62865.5694626221,62634.7839269644,82659.7502177330,83945.5257757894,0.0000000000,1299.9963673273,14.2208092709,22079.2683148658,17380.7430638784,1292.1232914687,2183.2543400665,2742.6590858031,0.8862368056,0.0000000000,0.0000000000,1705.0102372217,10800.0000000000
2025-07-29,60338.9075511085,3105.1465402243,-748.0242485473,792.9016020481,63488.9314448336,63630.9260195991,80745.0228781140,82833.1708424515,97.8241699467,3090.0322805879,1001.8843162504,19715.0561587939,16278.9601144243,3425.6530180287,2742.6590858031,2398.4761682460,0.8846277778,0.0000000000,0.0000000000,1200.0000000000,10800.0000000000
2025-07-30,55534.2594914820,7477.9494100619,-300.6153064024,0.0000000000,62711.5935951416,62556.9808790150,73127.9493199970,80117.8606563332,0.0000000000,7381.0933178477,391.1819815115,20890.1538021582,16583.7331710153,1708.1859751904,2398.4761682460,2773.2444001714,0.8796965278,0.0000000000,0.0000000000,1467.1718045116,10800.0000000000
2025-07-31,57017.5237139280,4214.2331987465,0.0000000000,0.0000000000,61231.7569126745,60522.8118840125,77828.7877610411,81946.2932684381,0.0000000000,4117.5055073970,0.0000000000,23328.8575027384,17349.7937174922,1272.2332165252,2773.2444001714,4491.6675776445,0.8814312500,0.0000000000,0.0000000000,1409.0252893989,10800.0000000000
2025-08-01,23692.9304623822,0.0000000000,0.0000000000,0.0000000000,23692.9304623822,24332.3067216167,40227.0131844190,40227.0131844190,0.0000000000,0.0000000000,0.0000000000,12791.1927186899,11755.6809957019,17940.1417947643,4491.6675776445,2941.8732514633,0.6663972222,0.0000000000,0.0000000000,1816.2039772559,10800.0000000000
2025-08-02,24150.5860311291,0.0000000000,-497.3717606119,0.0000000000,23653.2142705172,23880.1826607428,42458.1763799473,41350.6235602609,0.0000000000,0.0000000000,1107.5528196865,13895.3616152095,11750.3799836839,18278.6169954020,2941.8732514633,2391.7209455030,0.6621875000,0.0000000000,0.0000000000,1288.8648783895,10800.0000000000
2025-08-03,49314.1619024446,396.1645522887,-125.4236634051,274.0011007742,49858.9038921024,50017.3383750040,66102.3260348529,65957.4617181396,32.8903919440,169.8907865733,314.7551032867,18343.5745711522,15203.9240887369,11.2216443349,2391.7209455030,2007.6890720545,0.8333687500,0.0000000000,0.0000000000,1256.3262625566,10800.0000000000
2025-08-04,53156.1911709680,2152.4086850981,-911.3487849648,0.0000000000,54397.2510711012,54031.4304966242,70889.7723954962,70334.4204131373,0.0000000000,1561.2175599038,2116.5695422627,18810.3345075579,14438.3244514549,546.7552737009,2007.6890720545,2894.4074050179,0.8447847222,0.0000000000,0.0000000000,1959.8584902901,10800.0000000000
2025-08-05,51181.2552196677,1597.6131183771,-272.2485549157,0.0000000000,52506.6197831291,52752.2304102797,68524.3318852705,69775.1879264375,0.0000000000,1802.7666114387,551.9105702717,18497.9364544885,15519.1340977343,1644.0758363500,2894.4074050179,2299.0678832417,0.8445958333,0.0000000000,0.0000000000,1855.4914867879,10800.0000000000
2025-08-06,58512.7693241818,0.0000000000,-2131.3825312664,0.0000000000,56381.3867929153,56247.9602920837,77104.3728264716,72375.0123948944,0.0000000000,0.0000000000,4729.3604315772,19459.9549813296,15471.4903711991,272.1485180972,2299.0678832417,2622.4825095504,0.8577486111,0.0000000000,0.0000000000,1402.7163235142,10800.0000000000
2025-08-07,56393.0471331651,892.8398923084,-1623.8965402326,47.9221296386,55709.9126148794,55064.4060550621,79943.9670444520,73545.0889071952,5.5013350521,660.0594700688,7058.9376073255,20519.5340683861,15212.6343016895,4855.7052255507,2622.4825095504,4187.1361692207,0.8411048611,0.0000000000,0.0000000000,1606.3709464053,10800.0000000000
2025-08-08,21119.3960248825,0.0000000000,0.0000000000,0.0000000000,21119.3960248825,22004.1878702479,37790.0388418503,37790.0388418503,0.0000000000,0.0000000000,0.0000000000,12690.9574284612,12209.8704934768,21533.7806568659,4187.1361692207,2042.4750843060,0.6379520833,0.0000000000,0.0000000000,1578.9139738376,10800.0000000000
2025-08-09,22583.8994043608,0.0000000000,-108.5882729856,0.0000000000,22475.3111313752,22552.9943811869,40150.0991458846,39973.3023267444,0.0000000000,0.0000000000,176.7968191402,14723.9895935200,12095.8994736532,18423.2832068775,2042.4750843060,1854.1774144149,0.6529750000,0.0000000000,0.0000000000,1584.9978774303,10800.0000000000
2025-08-10,54128.1005048374,0.0000000000,-340.1258955718,0.0000000000,53787.9746092656,53262.1432246611,72688.1838053010,71484.0031389654,0.0000000000,0.0000000000,1204.1806663356,19514.2433756604,14659.4231522499,1324.5638655549,1854.1774144149,3128.7485055649,0.8486909722,0.0000000000,0.0000000000,1445.9904830043,10800.0000000000
2025-08-11,48896.3711141077,1241.3470646387,-446.3678970795,5298.0475881143,54989.3978697813,55599.9166468714,67626.1590634984,67631.7181943480,625.8339793061,934.5961004488,929.0369695992,18187.8881847133,16064.0510225157,1572.4616781232,3128.7485055649,1648.9022912339,0.8396298611,0.0000000000,0.0000000000,1200.0000000000,10800.0000000000
2025-08-12,55051.9129089755,1169.1563838550,-608.9929695114,0.0000000000,55612.0763233192,55219.2599838534,75893.8981393234,73743.3993364780,0.0000000000,616.5439783326,2767.0427811780,19365.1125686364,14828.8027616155,1446.5458794571,1648.9022912339,2601.0560901005,0.8573708333,0.0000000000,0.0000000000,1415.6339585929,10800.0000000000
2025-08-13,51026.7273725376,2465.9650317638,-16.0050238373,451.1455422202,53927.8329226843,53382.7846650179,70192.2924011054,72657.5526961892,53.5009380290,2504.1999888237,38.9396937400,19964.4645305120,14982.1802107063,1607.7898644125,2601.0560901005,3922.2072667765,0.8531652778,0.0000000000,0.0000000000,1249.1864973375,10800.0000000000
2025-08-14,50780.4211120897,2660.3267944855,0.0000000000,276.9474098906,53717.6953164657,54347.9576320741,67854.2808371246,71616.5552173378,32.4656620123,3762.2743802132,0.0000000000,18366.2882848514,16251.6261141308,3608.0677252961,3922.2072667765,2394.5043741086,0.8501201389,0.0000000000,0.0000000000,1223.0195840161,10800.0000000000
2025-08-15,22092.2214806314,146.4779251076,-129.6633055392,0.0000000000,22109.0361001997,22501.3968582082,39015.5559612684,38815.7162924159,0.0000000000,162.1812412663,362.0209101188,12980.7173163407,11370.3255831627,20045.5976759046,2394.5043741086,1443.4548664122,0.6512152778,0.0000000000,0.0000000000,1231.2674553829,10800.0000000000
2025-08-16,23510.2050367987,351.2607975640,-956.0275767174,499.6722536882,23405.1105113335,23415.5792156637,41328.4133831975,38948.6476304778,79.9900171247,368.3957535658,2748.1615062855,14217.1476849523,11538.7273584701,19420.9369544536,1443.4548664122,1418.0796067913,0.6473409722,0.0000000000,0.0000000000,1200.0000000000,10800.0000000000
2025-08-17,53285.0726836813,1029.2979407140,-921.4161654538,643.4689198899,54036.4233788315,53097.3199984239,75224.0022457422,71597.1734566167,75.7482696872,594.7929037873,4221.6216929129,21857.7088066685,15656.0672195041,2305.8865224728,1418.0796067913,3694.3872888996,0.8399000000,0.0000000000,0.0000000000,1200.0000000000,10800.0000000000
2025-08-18,50498.0679873130,472.1018855796,-277.1300183806,2907.0810985694,53600.1209530814,54450.5152843879,67317.7399853407,67700.6436702915,363.8131122698,767.1602466869,384.2565617361,17809.5098099686,16280.8589071796,2141.6902631056,3694.3872888996,1633.1028876718,0.8475611111,0.0000000000,0.0000000000,1200.0000000000,10800.0000000000
2025-08-19,50754.5351688446,0.0000000000,-137.0282236224,1781.8004322985,52399.3073775207,52427.6943703740,68199.9745139560,67995.6488030170,276.9539139662,0.0000000000,204.3257109390,18567.6324322395,15101.7091869229,489.0194216667,1633.1028876718,1564.2952023285,0.8429152778,0.0000000000,0.0000000000,1200.0000000000,10800.0000000000
2025-08-20,58061.5563125077,4515.7777709558,-1511.1202024591,0.0000000000,61066.2138810044,59665.2227798236,81317.0007087851,78467.8215353875,0.0000000000,2211.2367188282,5060.4158922259,24126.0267821068,16485.7854587733,176.8891453873,1564.2952023285,4960.1799075877,0.8663486111,0.0000000000,0.0000000000,1539.3980220864,10747.3051058046
2025-08-21,51382.9044006199,442.6176549967,-1025.3936347189,617.9120708627,51418.0404917604,52570.4736077776,70417.1500938840,66671.4562170219,81.9664737890,310.7316731522,4056.4255500143,16294.0259563770,15712.2219564562,327.2002075568,4960.1799075877,2166.7788722646,0.8472069444,0.0000000000,0.0000000000,1200.0000000000,10800.0000000000
2025-08-22,21953.7304894930,311.9008183167,-216.9188008509,2388.5877028229,24437.3002097817,24787.4258472785,38618.9745767082,38288.1674819581,438.3868320798,307.6135021997,638.4205969498,12644.3181803363,11005.7053381717,15857.3720718733,2166.7788722646,1318.1037477099,0.6604708333,0.0000000000,0.0000000000,1200.0000000000,10800.0000000000
2025-08-23,20850.3707151254,1190.7564572806,0.0000000000,31.0879191624,22072.2150915684,22108.1892460647,38443.8739207386,39406.6892985595,8.1918100560,962.8153778209,0.0000000000,14094.2350670357,11494.8088991602,14285.4487907400,1318.1037477099,1230.9054200862,0.6591965278,0.0000000000,0.0000000000,1200.0000000000,10800.0000000000
2025-08-24,51556.6264139212,729.8291056862,0.0000000000,0.0000000000,52286.4555196073,52167.9241111194,68662.3388198737,69424.7266991366,0.0000000000,762.3878792630,0.0000000000,19987.4713260460,15931.2726174174,1634.9385071747,1230.9054200862,1518.2155941750,0.8410215278,0.0000000000,0.0000000000,1201.0859620333,10800.0000000000
2025-08-25,64697.1746544703,189.6275156148,-5023.1953969835,53.6044695609,59917.2112426626,59938.9289415450,90151.8032321714,75350.8026234897,7.4049550436,77.4802509913,14878.4808596730,20693.5648025995,16809.1651795610,700.7209388282,1518.2155941750,1465.5737170023,0.8601569444,0.0000000000,0.0000000000,1200.0000000000,10800.0000000000
2025-08-26,53761.1637550109,1082.5709813749,0.0000000000,0.0000000000,54843.7347363858,53372.2430177423,73053.1231158109,74369.3138182108,0.0000000000,1316.1907023999,0.0000000000,23291.9801579391,15656.4088778331,1204.9241547715,1465.5737170023,5032.3459948885,0.8444180556,0.0000000000,0.0000000000,1465.5737170023,10800.0000000000
2025-08-27,51567.9130537864,4269.8936594706,-178.6638524693,720.4148229482,56379.5576837359,56482.1466463527,70207.8037988368,74243.0972705634,100.9975919378,4494.9462915271,459.6528198005,19844.0463306836,16297.4778502874,2883.3775154383,5032.3459948885,4783.6789699621,0.8533875000,0.0000000000,0.0000000000,1200.0000000000,10800.0000000000
2025-08-28,49478.1100173008,5987.9630036794,-8.4024929617,4403.7238309415,59861.3943589601,60340.2353500503,67770.6348016378,73136.4606640948,555.7203466640,5389.8295561055,24.0036936486,19529.4974183350,16863.4962020994,258.3848111899,4783.6789699621,3623.0086441309,0.8635048611,0.0000000000,0.0000000000,1200.0000000000,10309.7970040466
2025-08-29,22031.4422139121,0.0000000000,-412.2510388311,352.2005116909,21971.3916867719,22939.5196553735,39081.2802950679,37893.3124926162,55.1995159769,0.0000000000,1187.9678024517,13627.3267151417,13150.1293997476,14916.0943431991,3623.0086441309,1276.3477991499,0.6645076389,0.0000000000,0.0000000000,1200.0000000000,10800.0000000000
2025-08-30,22473.4488364755,369.5097681976,-30.8104355679,284.4289947058,23096.5771638110,23095.2252689899,40020.2311456893,40254.2325103606,135.4900134441,337.9045809577,103.9032162863,14535.9696164918,11771.1861978553,19112.2192718349,1276.3477991499,1279.6246785978,0.6546625000,0.0000000000,0.0000000000,1200.0000000000,10800.0000000000
2025-08-31,50890.2792165454,3336.7352224135,-93.9649229946,2465.8829650545,56598.9324810188,55800.1690467029,69524.9709004813,72320.2516344002,307.7126083762,2975.6707597191,180.3900258002,20800.1026367131,15105.5612348600,286.7997575900,1279.6246785978,3215.7601240173,0.8465388889,0.0000000000,0.0000000000,1200.0000000000,9863.3880728820
2025-09-01,49930.0911884545,0.0000000000,-3834.8095694178,0.0000000000,46095.2816190367,45039.7022923340,78978.1014832275,66575.4238964099,0.0000000000,0.0000000000,12402.6775868176,20340.9590715259,14173.4048182318,6833.7351097824,3215.7601240173,5774.3957125776,0.7517326389,0.0000000000,0.0000000000,1696.6055723351,10800.0000000000
2025-09-02,43050.9985076345,1204.9275209392,-1072.0614929310,0.0000000000,43183.8645356427,43324.0587020279,65310.0793907669,64777.4768348919,0.0000000000,1888.8873265995,2421.4898824745,18778.3284960243,15516.2830728166,7457.6755616842,5774.3957125776,5434.5768336477,0.7539930556,0.0000000000,0.0000000000,2127.0906001362,10800.0000000000
2025-09-03,47711.5354066076,0.0000000000,-1962.4317884031,0.0000000000,45749.1036182045,45488.1104408599,71407.2549684907,65116.6618107258,0.0000000000,0.0000000000,6290.5931577649,18570.0371924118,14472.3671480753,5471.2745163892,5434.5768336477,6067.2023645125,0.7609944444,0.0000000000,0.0000000000,2176.2533937047,10800.0000000000
2025-09-04,46371.2729444040,0.0000000000,-412.1833228770,0.0000000000,45959.0896215270,45409.5394813866,68361.0970747689,66483.2450705449,0.0000000000,0.0000000000,1877.8520042240,19790.3801600098,14831.3509042545,7598.6502647896,6067.2023645125,7399.2657260163,0.7569979167,0.0000000000,0.0000000000,2281.4859629630,10800.0000000000
2025-09-05,17619.3830755934,0.0000000000,-353.2351665320,0.0000000000,17266.1479090614,18243.5074255867,34249.3335690099,33216.0921727971,0.0000000000,0.0000000000,1033.2413962128,12886.5795165711,12570.2630157091,26075.5140052684,7399.2657260163,5030.2283845868,0.5586402778,0.0000000000,0.0000000000,2956.6102615568,10800.0000000000
2025-09-06,18403.2356289253,0.0000000000,-892.7826996916,0.0000000000,17510.4529292338,17768.9846771103,36499.0410007300,34834.7923050380,0.0000000000,0.0000000000,1664.2486956921,13854.6164973514,11786.2326722540,25045.3247799405,5030.2283845868,4403.5691519209,0.5657111111,0.0000000000,0.0000000000,2301.9679149719,10800.0000000000
2025-09-07,45383.4684026187,1611.7011878503,-1167.4600436231,0.0000000000,45827.7095468459,44173.2629581917,68908.6189388875,69426.1467511646,0.0000000000,2394.3567471008,1876.8289348236,23930.4506937023,15774.4495035637,6309.1619443593,4403.5691519209,8413.8086611823,0.7593138889,0.0000000000,0.0000000000,2022.2118700304,10800.0000000000
2025-09-08,44835.1042377672,1601.1797312881,-723.0706204709,0.0000000000,45713.2133485844,45300.3992203315,68533.7512100439,67396.3540013435,0.0000000000,1375.3403666568,2512.7375753571,19746.4269489805,15094.0417460326,3348.3992650623,8413.8086611823,9414.4354196730,0.7735236111,0.0000000000,0.0000000000,2360.2203931182,10800.0000000000
2025-09-09,39464.0988079598,1505.2719533348,-412.2393007732,0.0000000000,40557.1314605214,41180.4684983617,57928.3642383307,58619.2687522577,0.0000000000,1337.9595178326,647.0550039056,17804.3143341089,15781.3195517827,3493.4397032648,9414.4354196730,7903.5188183902,0.7518833333,0.0000000000,0.0000000000,1908.4063764335,10800.0000000000
2025-09-10,45856.8004743516,1929.6795288096,-1438.5030522339,837.2775211967,47185.2544721240,47248.9346839828,70313.0585868363,67975.0356439728,159.3123119117,1856.2573267147,4194.2802695782,21600.7293922682,17635.5107420373,2853.1306556536,7903.5188183902,7749.1633358346,0.7818236111,0.0000000000,0.0000000000,1200.0000000000,10800.0000000000
2025-09-11,46159.5684456784,0.0000000000,-1842.3095893114,0.0000000000,44317.2588563670,43058.6192414730,71803.4154740453,64351.7756839949,0.0000000000,0.0000000000,7451.6397900504,23185.2288651873,16034.2823830529,3704.7434185272,7749.1633358346,10800.0000000000,0.7530638889,0.0000000000,0.0000000000,1394.6699074074,10800.0000000000
2025-09-12,13974.6332381888,0.0000000000,0.0000000000,0.0000000000,13974.6332381888,16844.4921923093,26850.6704882663,26850.6704882663,0.0000000000,0.0000000000,0.0000000000,10921.0145811127,15106.6890685456,19484.6887756992,10800.0000000000,3843.7030468397,0.5750854167,0.0000000000,0.0000000000,2731.3010614804,10800.0000000000
2025-09-13,16156.1041289178,91.4491762708,-241.7677640317,0.0000000000,16005.7855411569,16075.0902154615,33534.6289893939,33204.2212027222,0.0000000000,95.9484057062,426.3561923778,13474.3793025336,11065.4370712675,22788.1774881228,3843.7030468397,3675.7143399338,0.5665159722,0.0000000000,0.0000000000,2454.3163933678,10800.0000000000
2025-09-14,51152.9109797890,0.0000000000,-2289.0305611187,0.0000000000,48863.8804186702,46284.9912968926,79712.9639966786,73261.2027769721,0.0000000000,0.0000000000,6451.7612197066,26486.3563841821,15828.0391946460,2503.5608374360,3675.7143399338,9926.7248694244,0.7759062500,0.0000000000,0.0000000000,2078.3999693825,10800.0000000000
2025-09-15,39117.8923618681,781.4182736894,-238.4878298484,1821.0150533983,41481.8378591073,41858.4354167805,58403.0416977831,58730.6030829845,330.1950561155,699.7299255426,372.1685403412,20407.8897807120,17351.9474735625,937.8251986172,9926.7248694244,9013.8840347735,0.7617263889,0.0000000000,0.0000000000,1200.0000000000,10800.0000000000
2025-09-16,42671.6581499028,0.0000000000,-1737.4373827634,0.0000000000,40934.2207671394,43781.8177879433,62888.4813631160,57017.2238559835,0.0000000000,0.0000000000,5871.2575071325,12834.4146278263,16607.9781562452,1299.0174010690,9013.8840347735,2111.5481373225,0.7779465278,0.0000000000,0.0000000000,1744.4910305398,10800.0000000000
2025-09-17,47427.9848184586,0.0000000000,-896.2108402538,38.1954229167,46569.9694011215,43641.5338713155,73700.9930787430,71944.3326105401,7.6291666667,0.0000000000,1756.6604682029,28759.5015616530,16906.7427795017,139.0845950554,2111.5481373225,9209.8297878084,0.7780548611,0.0000000000,0.0000000000,1481.3941964992,10800.0000000000
2025-09-18,38410.7632913208,4275.1063181861,0.0000000000,0.0000000000,42685.8696095068,43616.0932615993,57326.0337936814,62960.7901862567,0.0000000000,5634.7563925753,0.0000000000,18808.5698536580,17264.2471516083,2460.4163675403,9209.8297878084,6955.0458209803,0.7698256944,0.0000000000,0.0000000000,1663.3948966242,10800.0000000000
2025-09-19,13687.0615462503,0.0000000000,0.0000000000,0.0000000000,13687.0615462503,15464.6554047885,27755.4148494861,27755.4148494861,0.0000000000,0.0000000000,0.0000000000,12135.6013290298,13707.7014056709,13226.1626094605,6955.0458209803,2646.3076774727,0.5932520833,0.0000000000,0.0000000000,1389.7208739183,10800.0000000000
2025-09-20,14768.2685212531,11.4287954442,-146.6767746193,0.0000000000,14633.0205420780,14775.9464455545,32236.1440944209,31880.9400026801,0.0000000000,22.7205666481,377.9246583889,15043.1259355784,12496.7283499030,13689.1086836713,2646.3076774727,2299.8672973789,0.5874611111,0.0000000000,0.0000000000,1231.5392131361,10800.0000000000
2025-09-21,46585.8972347059,90.7144379965,-441.3466517520,23.9456200403,46259.2106409906,43210.1039530357,73902.1126534806,72152.8239689348,3.4850269306,73.1131979824,1822.4018825282,27788.3370411147,15856.8524451465,1937.3369165638,2299.8672973789,9690.6456953305,0.7738493056,0.0000000000,0.0000000000,1570.9168380607,10800.0000000000
2025-09-22,43339.9033037575,2380.9109515812,-1346.4071170244,321.1663504546,44695.5734887690,45739.4547135877,63854.9105924320,61683.7953820537,61.7402880597,1450.4488857972,3621.5640961755,17698.1016352632,16612.7146598802,46.1288113971,9690.6456953305,7160.3653227561,0.7821659722,0.0000000000,0.0000000000,1200.0000000000,10558.7875677787
2025-09-23,44110.8011358662,558.1286852727,-313.1780905649,1031.9617455684,45387.7134761424,45094.8975455451,67508.5847414944,67008.3942035541,207.9722534961,303.9607868824,804.1513248227,22282.1089179212,17409.7231338749,227.3650896706,7160.3653227561,7870.1265334686,0.7817520833,0.0000000000,0.0000000000,1200.0000000000,10800.0000000000
2025-09-24,39874.1194215437,5723.9185040776,0.0000000000,0.0000000000,45598.0379256214,45011.0492688296,61015.7598364126,66746.3648268911,0.0000000000,5730.6049904786,0.0000000000,22988.8641191035,17340.4498745258,34.7254823135,7870.1265334686,9292.9377134108,0.7761097222,0.0000000000,0.0000000000,1444.5907316649,10790.2263492502
2025-09-25,41396.9932129025,2000.1588515752,-359.4976496214,962.0831464812,43999.7375613376,44416.6661587813,62743.5273476101,63581.3709310502,181.6384514289,2435.7365692553,1597.8929858151,19596.7330618992,16782.8936776052,613.7210981851,9292.9377134108,8282.3378273366,0.7776076389,0.0000000000,0.0000000000,1200.0000000000,10800.0000000000
2025-09-26,12240.8420157609,0.0000000000,-170.0983069409,0.0000000000,12070.7437088200,14846.5412016517,25866.3387959192,25329.7321906454,0.0000000000,0.0000000000,536.6066052738,12504.2238158628,16183.8911782544,11315.1560530370,8282.3378273366,1554.0379524416,0.5928138889,0.0000000000,0.0000000000,1415.9021224672,10800.0000000000
2025-09-27,14453.8732410453,981.9663897684,-186.4410965521,3738.4056523244,18987.8041865860,19133.8645107433,31843.2825113440,32511.3978726589,789.0683697076,988.2141590372,320.0987977224,16009.9406444627,13286.6860792122,12775.9094271160,1554.0379524416,1200.0000000000,0.5996840278,0.0000000000,0.0000000000,1200.0000000000,10800.0000000000
2025-09-28,46483.7242769329,5685.5851994554,0.0000000000,0.0000000000,52169.3094763883,48419.4582211353,73727.4023112468,78459.5359663566,0.0000000000,4732.1336551098,0.0000000000,30838.7004115481,16798.9554218138,932.1618099555,1200.0000000000,10289.3243461558,0.7893881944,0.0000000000,0.0000000000,1200.0000000000,10800.0000000000
2025-09-29,42289.8832019850,2904.2973405063,-450.3186600231,6374.9045051237,51118.7663875919,51618.2813868431,63674.4739676526,64141.8368248736,1121.0900716754,2079.8168062715,1612.4539490505,18868.7270329469,16373.3730426431,7.6813062452,10289.3243461558,9078.5419617601,0.7877583333,0.0000000000,0.0000000000,1200.0000000000,10393.0131772376
2025-09-30,42536.8665634196,4305.9108988585,-0.1249500484,1417.0868239861,48259.7393362158,49257.3683282086,63194.5230104035,66950.1635976049,265.7955690790,3755.9504447300,0.3098575286,18804.3529587551,17407.8778586551,397.3092999174,9078.5419617601,6660.3731150229,0.7938243056,0.0000000000,0.0000000000,1200.0000000000,10777.4481599052
2025-10-01,40028.8946093449,0.0000000000,-916.1629465887,0.0000000000,39112.7316627562,37756.6107874755,64314.2090139007,61181.0273280322,0.0000000000,0.0000000000,3133.1816858685,23672.7702371608,16216.5331488268,4063.2687063649,6660.3731150229,9947.4961631045,0.7381555556,0.0000000000,0.0000000000,1605.5198330970,10800.0000000000
2025-10-02,41585.0930099484,0.0000000000,-1603.0933531646,0.0000000000,39981.9996567838,40307.7257427034,65728.6799123513,60037.0006402442,0.0000000000,0.0000000000,5691.6792721072,18091.1113894540,15364.3796210809,5579.4857552044,9947.4961631045,9157.9635013009,0.7419722222,0.0000000000,0.0000000000,2170.2310944112,10800.0000000000
2025-10-03,10042.8361455360,0.0000000000,0.0000000000,0.0000000000,10042.8361455360,12505.2437996209,22872.4676507713,22872.4676507713,0.0000000000,0.0000000000,0.0000000000,12225.4910532077,15274.4500687695,18104.2729663331,9157.9635013009,3189.2942616662,0.5579645833,0.0000000000,0.0000000000,1263.9742346998,10800.0000000000
2025-10-04,13324.2019135700,0.0000000000,-123.3917108005,194.6882280398,13395.4984308093,13556.2956399550,30494.9333297666,30252.2553814043,62.9142763095,0.0000000000,242.6779483624,15038.5514197318,12532.0096809766,14712.6454856253,3189.2942616662,2799.5353383397,0.5858305556,0.0000000000,0.0000000000,1200.0000000000,10800.0000000000
2025-10-05,45791.0956988413,0.0000000000,-2054.1318432306,0.0000000000,43736.9638556107,40436.3277124168,76260.2557948993,68533.2103678160,0.0000000000,0.0000000000,7727.0454270832,28764.9738516695,16099.2106243580,1131.4860738379,2799.5353383397,10800.0000000000,0.7525611111,0.0000000000,0.0000000000,1281.9534658733,10800.0000000000
2025-10-06,37904.8462750897,2835.7774004874,-14.1564080900,0.0000000000,40726.4672674872,40848.4054622839,58063.9664606052,61487.6931013504,0.0000000000,3454.6592789432,30.9326381981,20203.6871989281,16630.9977751807,181.8944276030,10800.0000000000,10504.4320621678,0.7684895833,0.0000000000,0.0000000000,1439.3985437185,10800.0000000000
2025-10-07,38413.9130614043,2712.5447172939,-219.2244331847,0.0000000000,40907.2333455136,41053.2441488311,60379.4078313263,61982.9740100886,0.0000000000,2288.2268496019,684.6606708396,19914.3090942086,16449.1164925875,746.2184084676,10504.4320621678,10150.5141440805,0.7657534722,0.0000000000,0.0000000000,1983.1363006008,10800.0000000000
2025-10-08,34429.0382726681,2576.6148709080,0.0000000000,1341.9016821927,38347.5548257688,40177.1257526367,53025.0062576179,55298.5706244613,262.3547669952,2273.5643668434,0.0000000000,16154.2878235607,17076.2267076819,4.3686089110,10150.5141440805,5715.7879545274,0.7606854167,0.0000000000,0.0000000000,1200.0000000000,10578.4091988696
2025-10-09,43525.4439974702,0.0000000000,-2814.9888070458,7906.0173106113,48616.4725010358,47802.9350156725,70730.2311710550,60589.2124413960,1266.0185870044,0.0000000000,10141.0187296589,22721.1320280670,16629.3650893968,3.4824063969,5715.7879545274,7687.7344582357,0.7578034722,0.0000000000,0.0000000000,1200.0000000000,10714.9017167029
2025-10-10,10654.5520051486,18.5771085715,-8.9109850683,379.8379710920,11044.0560997438,13547.2025451948,24730.2209157756,24722.2170166415,118.6053848172,22.7076256832,30.7115248173,12905.1274223714,15913.8281941174,18505.9122565379,7687.7344582357,1620.3178115729,0.5595319444,0.0000000000,0.0000000000,1200.0000000000,10800.0000000000
2025-10-11,13103.2004632112,450.5723093034,-2.5093668139,0.0000000000,13551.2634057006,13332.1981188897,31447.5694588515,31898.3181096562,0.0000000000,459.7719043607,9.0232535560,17263.0962684928,13505.2117148430,14034.1199726731,1620.3178115729,2151.3136589464,0.5845513889,0.0000000000,0.0000000000,1539.8644970489,10800.0000000000
2025-10-12,42055.1582644946,1945.3568443821,-172.2017895933,105.1205901667,43933.4339094501,40680.0905836100,71180.8599242991,71690.2140017510,20.9299333333,1245.7877043521,736.4336269002,29205.3028544859,16559.0475504031,549.9326476682,2151.3136589464,10037.1445053136,0.7663437500,0.0000000000,0.0000000000,1425.1591071539,10800.0000000000
2025-10-13,40247.2569601286,2682.7299949028,-1384.7245842778,0.0000000000,41545.2623707537,41635.2980644895,64631.7854521113,60781.8197680650,0.0000000000,1692.8028740053,5542.7685580516,20235.8393813221,16587.4449592695,106.0300460124,10037.1445053136,9818.9055493152,0.7646513889,0.0000000000,0.0000000000,1303.6468970887,10800.0000000000
2025-10-14,41545.4077615635,1344.3272697870,-786.5831526665,1134.5167837019,43237.6686623858,43865.4686355115,65303.8039127172,63527.3135391639,221.0638434712,1026.8796874008,2803.3700609541,20309.9583982738,17820.6272458602,485.2169468882,9818.9055493152,8297.1711679169,0.7730666667,0.0000000000,0.0000000000,1200.0000000000,10751.4422748201
2025-10-15,42497.1302695713,816.4285408623,-958.3035920877,1576.2094667688,43931.4646851146,44389.3804862074,67425.2996830589,64597.1892354410,306.0065681523,578.0235467867,3406.1339944045,20534.3261522599,17631.7586645725,80.6046659058,8297.1711679169,7187.2217443148,0.7760555556,0.0000000000,0.0000000000,1200.0000000000,10767.5747534861
2025-10-16,42483.4049016939,1853.7354055118,0.0000000000,1590.7260281376,45927.8663353432,45339.4191236935,67168.2478181547,68762.1218043850,289.4052149581,1593.8739862303,0.0000000000,24134.4779712660,18265.2152218040,215.7913198811,7187.2217443148,8613.5683386719,0.7822208333,0.0000000000,0.0000000000,1200.0000000000,10800.0000000000
2025-10-17,9499.3840335982,575.7169017189,0.0000000000,3227.4696639204,13302.5705992375,16359.4566924363,22219.5654477667,22827.3489404982,701.0081319989,607.7834927315,0.0000000000,12068.1914319508,16443.9065801901,11899.8729040697,8613.5683386719,1203.9333161053,0.5888062500,0.0000000000,0.0000000000,1200.0000000000,10800.0000000000
2025-10-18,13365.1410779660,644.4862649598,-202.3896190159,0.0000000000,13807.2377239099,13424.0297478858,32235.5897706874,32399.6113107988,0.0000000000,790.6205691968,626.5990290853,17676.1120705630,13481.6732372166,12128.5792107858,1203.9333161053,2132.7972493714,0.5830680556,0.0000000000,0.0000000000,1203.9333161053,10800.0000000000
2025-10-19,47129.4288310246,1142.0521269605,-235.7196759002,2117.8444829843,50153.6057650693,47161.5915821015,75542.3399996314,75676.7214754085,365.2180310657,664.5816747362,530.2001989591,29473.0068514554,17345.9836827145,29.1938043999,2132.7972493714,9385.1882126652,0.7893604167,0.0000000000,0.0000000000,1200.0000000000,10643.1908342325
2025-10-20,46511.3001624808,0.0000000000,-918.1634190140,0.0000000000,45593.1367434668,45321.8706601902,72511.2489430913,70321.1003510064,0.0000000000,0.0000000000,2190.1485920849,23237.5699804319,18230.6581116909,873.4061155987,9385.1882126652,10042.7144042862,0.7871270833,0.0000000000,0.0000000000,1304.1229316662,10800.0000000000
2025-10-21,45787.1381290053,2500.2381635429,-585.2966130581,0.0000000000,47702.0796794901,47634.5993329916,71070.9178391081,71354.0523189509,0.0000000000,1732.0526721420,1448.9181922991,21986.0059653195,17661.4548112683,566.9198148997,10042.7144042862,10206.2810938868,0.7953062500,0.0000000000,0.0000000000,1746.7716728364,10800.0000000000
2025-10-22,42780.6999952818,2785.5504089582,0.0000000000,1242.8288608980,46809.0792651380,47230.2034166306,66267.1154222949,68746.9348870119,206.2004677486,2479.8194647170,0.0000000000,21951.9243534009,18699.7513271409,146.0656285005,10206.2810938868,9185.5115373466,0.7929506944,0.0000000000,0.0000000000,1200.0000000000,10800.0000000000
2025-10-23,49207.8913277930,3560.2765618639,-3895.6499511644,0.0000000000,48872.5179384926,49073.6687895958,77325.7195141149,66856.6036617686,0.0000000000,1887.3226030932,12356.4384554394,20460.4811411024,17011.8052087895,28.4306961224,9185.5115373466,8697.9387767949,0.7813361111,0.0000000000,0.0000000000,1258.7829564661,10800.0000000000
2025-10-24,10135.4900242868,285.7829142015,0.0000000000,5150.3090650362,15571.5820035245,18662.1441041401,23395.4488088801,23695.5808904475,1038.8577391237,300.1320815674,0.0000000000,10944.4717735037,15607.1586878405,10977.0748272415,8697.9387767949,1206.6759420143,0.5963583333,0.0000000000,0.0000000000,1200.0000000000,10800.0000000000
2025-10-25,13028.0109423194,1549.0865896376,0.0000000000,0.0000000000,14577.0975319569,14293.7161895575,31680.0599703723,33198.2071825163,0.0000000000,1518.1472121440,0.0000000000,18837.9346376069,14640.5237509308,9602.3635625069,1206.6759420143,1893.5685037151,0.5985090278,0.0000000000,0.0000000000,1206.6759420143,10800.0000000000
2025-10-26,50123.5928655048,3368.9091334436,-2032.2101483699,53.9318072808,51514.2236578593,48476.2811826496,80206.9129559028,76749.6430976946,11.2639530662,2324.3200004115,5781.5898586197,29071.0539295203,16920.2081269731,65.7492315469,1893.5685037151,9257.2857880910,0.7873305556,0.0000000000,0.0000000000,1200.0000000000,10694.0764954369
2025-10-27,41338.7942351770,4657.3629454731,0.0000000000,66.3609590372,46062.5181396873,46337.0145909017,63652.9669959308,68557.0683558504,12.6401826738,4904.1013599196,0.0000000000,21180.9899789176,17755.4225817749,1591.5594747148,9257.2857880910,8591.9294560336,0.7828958333,0.0000000000,0.0000000000,1432.2367396490,10800.0000000000
2025-10-28,43744.7328614030,4532.4431424982,0.0000000000,1340.9797012885,49618.1557051897,48788.3412987314,67948.7769297050,72132.6789422250,219.4187745789,4183.9020125200,0.0000000000,22897.5104330349,16736.7230973212,218.8886810902,8591.9294560336,10603.3298487415,0.7930666667,0.0000000000,0.0000000000,1200.0000000000,10758.0185021479
2025-10-29,47441.8305860870,2231.1383886715,-230.5815526749,0.0000000000,49442.3874220836,49841.3199723083,72669.4209226701,73364.9329760072,0.0000000000,1282.4352399020,586.9231865649,21766.3039077426,18500.9872470975,787.3595153620,10603.3298487415,9636.3508689349,0.8069569444,0.0000000000,0.0000000000,1243.5263269080,10800.0000000000
2025-10-30,42365.9032950113,3462.6226900897,0.0000000000,4868.5770516564,50697.1030367574,50666.3308168912,64836.3554133141,68362.1505530288,800.2168591905,3525.7951397147,0.0000000000,21661.1532219440,17478.4037620999,191.8003023752,9636.3508689349,9710.9401441291,0.7919604167,0.0000000000,0.0000000000,1200.0000000000,10800.0000000000
2025-10-31,11112.8077525149,0.0000000000,-143.1050330883,1205.5645846530,12175.2673040796,15667.4875979646,24639.4034459526,24173.7226031210,285.3363301139,0.0000000000,465.6808428317,11560.0279930204,16981.9863642115,5976.7252377592,9710.9401441291,1246.0915998347,0.6177326389,0.0000000000,0.0000000000,1200.0000000000,10800.0000000000
2025-11-01,13602.0535218074,608.0888439805,0.0000000000,0.0000000000,14210.1423657879,13967.1297887445,33102.6991960225,33849.9210568109,0.0000000000,747.2218607884,0.0000000000,18446.9934523730,14411.9268364567,7270.8160075612,1246.0915998347,1835.1336664630,0.6046034722,0.0000000000,0.0000000000,1246.0915998347,10800.0000000000
2025-11-02,50078.6850190684,2752.8085255143,-206.5752174182,2455.3092622677,55080.2275894322,52319.4492583947,78604.8299348368,80920.7761718060,396.2673540537,2712.5402026689,396.5939656998,30359.1849356670,18568.2345780131,729.7092348724,1835.1336664630,8527.0283552154,0.8022444444,0.0000000000,0.0000000000,1200.0000000000,10800.0000000000
2025-11-03,49991.9780578819,1069.6625274823,-788.2543013063,0.0000000000,50273.3862840579,50182.3116340761,76147.8399545265,74641.3435397120,0.0000000000,561.9923773921,2068.4887922066,22394.5759440182,17940.9249458822,682.7622582426,8527.0283552154,8747.7856538517,0.8054708333,0.0000000000,0.0000000000,1416.0211461341,10800.0000000000
2025-11-04,46819.4016734155,3785.9540806494,-215.1166073510,91.3245497854,50481.5636964994,49679.2980916821,72194.5985165566,74037.5504376922,19.0596994230,2793.6656240535,950.7137029179,23769.1685609178,17502.8645631555,210.2341060197,8747.7856538517,10692.4100662826,0.7975826389,0.0000000000,0.0000000000,1223.3508487070,10800.0000000000
2025-11-05,52432.2299005493,261.8657787529,-1781.0501596299,1615.2495943813,52528.2951140536,52732.7586398170,78219.2951680243,73441.1228069202,293.6583434301,152.8258908237,4930.9982519279,22513.0956589378,18681.6496487499,225.3150734958,10692.4100662826,10196.8076607156,0.8089555556,0.0000000000,0.0000000000,1200.0000000000,10800.0000000000
2025-11-06,48087.2816615900,3718.0345404267,0.0000000000,725.9402800523,52531.2564820691,53375.2328680820,71035.1506029990,74117.2711682479,152.7221622922,3082.1205652489,0.0000000000,19850.6904238623,17920.2143003456,969.9326570235,10196.8076607156,8151.0798195854,0.8150673611,0.0000000000,0.0000000000,1200.0000000000,10800.0000000000
2025-11-07,11466.2426795632,0.0000000000,0.0000000000,2114.7266851003,13580.9693646635,16445.5321157834,26290.2306723039,26290.2306723039,418.9022576328,0.0000000000,0.0000000000,12697.0992098486,16533.7638218872,7227.3357586420,8151.0798195854,1207.6204174634,0.6155340278,0.0000000000,0.0000000000,1200.0000000000,10800.0000000000
2025-11-08,14098.6697712534,83.4798014212,0.0000000000,0.0000000000,14182.1495726746,14123.0733122184,33771.6279325563,33843.5287571258,0.0000000000,71.9008245694,0.0000000000,18736.5052400744,15047.6929423609,6363.5093594123,1207.6204174634,1350.8163086848,0.6173409722,0.0000000000,0.0000000000,1207.6204174634,10800.0000000000
2025-11-09,54371.6956402445,841.2500896064,-163.1133115653,0.0000000000,55049.8324182856,51604.7523609759,85083.1533964476,85176.8708392953,0.0000000000,490.6251848532,396.9077420055,31450.1798716168,17959.1195812214,338.9933655666,1350.8163086848,9701.4008806717,0.8103173611,0.0000000000,0.0000000000,1257.5327415669,10800.0000000000
2025-11-10,51656.7102166030,4108.0311076475,-100.7277414355,0.0000000000,55664.0135828150,55447.6146936027,76573.0641473794,79749.6592191925,0.0000000000,3400.1792793958,223.5842075828,23287.3068873514,18390.6391274701,994.5483593113,9701.4008806717,10225.9336043211,0.8189729167,0.0000000000,0.0000000000,1238.4939176671,10800.0000000000
2025-11-11,53900.1717659110,487.0158981339,-1303.0585449510,10.4696550000,53094.5987740939,52944.4314113561,79761.5260758061,76924.3825768391,2.0516666667,273.5118631233,3110.6553620903,22759.0444508592,18107.2322432311,715.6023692110,10225.9336043211,10589.9266731710,0.8138590278,0.0000000000,0.0000000000,1459.6568240389,10800.0000000000
2025-11-12,49389.6812423616,2600.7667284815,-334.2374669990,60.5796866667,51716.7901905108,52079.3731807780,74267.8424304062,75377.0466211916,11.7733333333,2032.9980547090,923.7938639236,22268.7535973502,18828.6740446546,992.7526518293,10589.9266731710,9711.0559722811,0.8123951389,0.0000000000,0.0000000000,1208.9518711481,10800.0000000000
2025-11-13,48810.3825776902,5097.6693931963,-1.3194926257,0.0000000000,53906.7324782608,54233.8776032607,71804.2160487480,75690.6770051254,0.0000000000,3890.9528461670,4.4918897896,20532.6330970911,17345.1078726080,107.2804639756,9711.0559722811,8918.0836789875,0.8185361111,0.0000000000,0.0000000000,1381.5555989267,10679.7759367000
2025-11-14,11780.8740517838,8.9437435701,0.0000000000,342.0140824313,12131.8318777852,15226.9014129089,26393.0733072311,26403.9980334750,81.4002287176,10.9247262440,0.0000000000,12438.0631877222,16826.8008116004,3275.6805860708,8918.0836789875,1415.8952017148,0.6290784722,0.0000000000,0.0000000000,1200.0000000000,10800.0000000000
2025-11-15,15658.4219527882,6.4576856191,-165.9873219580,655.7092323332,16154.6015487825,15556.0405868883,37165.0512379773,36677.8027479465,125.4225769574,6.7626826046,494.0111726355,20658.8832123114,15427.9200743819,3360.3752703077,1415.8952017148,2866.7566768152,0.6287680556,0.0000000000,0.0000000000,1200.0000000000,10800.0000000000
2025-11-16,54532.3622335695,4772.1228374713,0.0000000000,0.0000000000,59304.4850710408,56477.8042627254,83345.4298101109,86985.9028889159,0.0000000000,3640.4730788049,0.0000000000,29594.3968132756,17804.9883383992,761.9500307061,2866.7566768152,9718.3934327641,0.8205798611,0.0000000000,0.0000000000,1382.1703998232,10800.0000000000
2025-11-17,48472.7911549766,5387.3810477725,0.0000000000,0.0000000000,53860.1722027490,54565.7954733474,71257.1596768611,76273.9281970935,0.0000000000,5016.7685202324,0.0000000000,20901.0164101413,18469.1576557605,1146.3151093794,9718.3934327641,8008.0219177129,0.8158548611,0.0000000000,0.0000000000,1339.6621671321,10800.0000000000
2025-11-18,52553.8617927797,2526.8447985187,-41.2236232240,2228.4771636744,57267.9601317487,57091.0133542172,77349.2773982506,79199.3167440652,441.1668161624,1955.8778401758,105.8384943612,22762.0769814445,18051.2686469159,39.1233923657,8008.0219177129,8436.9260377730,0.8219125000,0.0000000000,0.0000000000,1200.0000000000,10737.6045900401
2025-11-19,53286.4439869089,5822.8496982949,-29.0931397303,299.0267162980,59379.2272617715,58744.0310608370,77997.1695254024,82336.7529941491,62.6761018788,4432.3880978223,92.8046290756,23672.4912112649,17789.0218866271,1147.6481713900,8436.9260377730,9976.5882538814,0.8290138889,0.0000000000,0.0000000000,1200.0000000000,10800.0000000000
2025-11-20,51025.0842470888,3961.0026404310,-0.2624363438,216.0699669172,55201.8944180932,55489.7953999707,75449.7862881030,78391.5514711023,45.8068325631,2943.2994498443,1.5342668451,21709.1294149105,18212.4578352906,147.6106907121,9976.5882538814,9278.7404658668,0.8211791667,0.0000000000,0.0000000000,1200.0000000000,10709.1028966175
2025-11-21,13679.2459928928,350.9038366127,0.0000000000,0.0000000000,14030.1498295055,15484.9933306351,31286.5015871530,31617.1638260752,0.0000000000,330.6622389222,0.0000000000,15755.5408581497,15935.7646529116,2933.0035541704,9278.7404658668,5752.3220682998,0.6326340278,0.0000000000,0.0000000000,1284.0091518716,10800.0000000000
2025-11-22,15250.0539793965,316.4901757706,-256.4419477415,0.0000000000,15310.1022074256,16180.1265770485,35667.6703422139,34335.3941323368,0.0000000000,232.7490443976,1565.0252542747,17205.0946507941,15834.1060352944,2744.5760335039,5752.3220682998,3643.4561036874,0.6366750000,0.0000000000,0.0000000000,1325.0046000102,10800.0000000000
2025-11-23,55771.6290727715,3805.9999220346,-35.6649020108,0.0000000000,59541.9640927952,57011.2358762317,84036.5498323719,86544.6996429175,0.0000000000,2628.5986521898,120.4488416442,28476.5296994154,17545.1437685748,381.2174287436,3643.4561036874,9777.7286458559,0.8264944444,0.0000000000,0.0000000000,1333.6434261920,10800.0000000000
2025-11-24,50904.7840561749,2808.7149991923,-0.3472939719,2040.8842056812,55754.0359670765,56340.0893204734,74443.4421268268,76560.8718616325,330.7596728348,2119.2461258721,1.8163910665,20936.6678769650,18237.1906551369,30.2106126392,9777.7286458559,8357.1845627500,0.8210506944,0.0000000000,0.0000000000,1200.0000000000,10768.1539791569
2025-11-25,60108.4604843171,0.0000000000,-2475.5191318934,0.0000000000,57632.9413524237,58120.6898509576,85825.3568038767,79982.5736125580,0.0000000000,0.0000000000,5842.7831913187,21538.0357336692,18509.8441821187,785.7215943408,8357.1845627500,7174.9231873649,0.8241243056,0.0000000000,0.0000000000,1311.1434888717,10800.0000000000
2025-11-26,58507.2758219950,2171.1307439547,-909.7314907860,758.6793827380,60527.3544579016,59504.2463087163,85353.3890475461,84809.8248248569,116.7648145807,1446.1884982028,1989.7527208920,24868.2826404612,17911.3735742701,1212.0136899132,7174.9231873649,9654.8513701465,0.8299340278,0.0000000000,0.0000000000,1200.0000000000,10800.0000000000
2025-11-27,54911.1741855746,1872.4393864100,-279.4551573541,177.5171906867,56681.6756053171,57179.0472823001,78788.6128034915,79336.3883868928,27.5391235940,1392.4320599637,844.6564765624,20770.8049729367,17909.3804642656,721.6102684824,9654.8513701465,8449.2642188277,0.8285638889,0.0000000000,0.0000000000,1200.0000000000,10800.0000000000
2025-11-28,14168.6175128016,33.9597200229,-2.5675329899,792.3570109674,14992.3667108020,16064.8597755992,33336.3467340562,33357.6171457960,158.1077543585,29.2059178128,7.9355060730,16622.8422794273,15804.1720079460,1775.8160786731,8449.2642188277,5849.6311503724,0.6340243056,0.0000000000,0.0000000000,1200.0000000000,10800.0000000000
2025-11-29,18348.3655912057,0.0000000000,-1177.9023588350,0.0000000000,17170.4632323707,17584.3082804055,43722.8687219923,38160.9526597051,0.0000000000,0.0000000000,5561.9160622871,18572.3604073454,15946.4249892230,605.5671415827,5849.6311503724,4846.5055289577,0.6504381944,0.0000000000,0.0000000000,1427.4041310457,10800.0000000000
2025-11-30,60253.0477301468,3402.6387481167,-236.3151258969,812.5268361584,64231.8981885251,62139.9038327551,88770.9899482276,90586.2035585146,143.4623911692,2284.4916736737,469.2780633867,28519.5127301805,18537.0686344366,502.3937372732,4846.5055289577,9917.3240589684,0.8395993056,0.0000000000,0.0000000000,1200.0000000000,10800.0000000000
2025-12-01,63993.6167665960,6614.6916784596,0.0000000000,5972.7509216297,76581.0593666853,76882.0969541608,85450.3007672325,89387.2705752010,908.7320804098,3936.9698079685,0.0000000000,22606.5410308523,18968.0190695048,358.5529609299,9917.3240589684,9187.6342428413,0.9076055556,0.0000000000,0.0000000000,1200.0000000000,10800.0000000000
2025-12-02,68598.5181286366,7069.5179007198,-305.9563310303,3433.1242122681,78795.2039105942,78776.9200342631,89906.5736625522,93177.6213263371,523.0600368043,4134.1931057689,863.1454419840,23126.5980456564,18692.6576951174,628.9310626024,9187.6342428413,9231.9528226905,0.9153138889,0.0000000000,0.0000000000,1200.0000000000,10800.0000000000
2025-12-03,58108.8562692273,17920.0867489114,0.0000000000,913.4419182905,76942.3849364291,77836.7303313553,77835.3314650846,89744.5848680624,134.4973734697,11909.2534029779,0.0000000000,20885.7971786204,18868.5319923291,699.0684885742,9231.9528226905,7064.1347364165,0.9120326389,0.0000000000,0.0000000000,1200.0000000000,10800.0000000000
2025-12-04,65831.2568893413,8680.7298974305,-611.5647010959,7312.7298813207,81213.1519669965,81046.8824583143,87454.7059824706,91345.6031866023,1174.6845952306,5028.9949505136,1138.0977463820,22205.4398876826,17623.6853232092,1167.3244673596,7064.1347364165,7467.1580539872,0.9050854167,0.0000000000,0.0000000000,1200.0000000000,10800.0000000000
2025-12-05,17586.4555145620,4859.7008879682,0.0000000000,1825.1876332501,24271.3440357803,24017.6662387406,40407.0701910884,45655.5781481194,372.9936193102,5248.5079570311,0.0000000000,20817.6681946925,16308.9069403615,208.1828297652,7467.1580539872,8082.0517176978,0.7171770833,0.0000000000,0.0000000000,1200.0000000000,10800.0000000000
2025-12-06,19605.4126848721,4982.5106378391,0.0000000000,892.3394239535,25480.2627466647,25320.7125462039,43407.2889986821,48486.1429758575,178.5621278411,5078.8539771754,0.0000000000,21209.4622181590,16831.6017455555,622.2138144285,8082.0517176978,8468.7879967570,0.7271965278,0.0000000000,0.0000000000,1200.0000000000,10800.0000000000
2025-12-07,69145.9838367052,5759.0187134317,-922.2192714769,3874.6189728539,77857.4022515138,77464.3537187289,91921.6025007589,93252.9415993874,573.9172944887,3603.7937896572,2272.4546910287,24313.4131909219,18836.4197302818,697.1841832360,8468.7879967570,9421.5046127181,0.9101083333,0.0000000000,0.0000000000,1200.0000000000,10800.0000000000
2025-12-08,69765.4769523634,2317.2365131488,-360.9023825880,74.9643630730,71796.7754459972,71736.0544454010,92949.0475752329,93502.0569195565,10.6551578527,1523.3887598337,970.3794155101,23838.7018942921,19176.8841915733,1003.6832580238,9421.5046127181,9568.6872158329,0.9085152778,0.0000000000,0.0000000000,1200.0000000000,10800.0000000000
2025-12-09,68788.4543492817,1717.1527384551,-775.4642883675,586.7973183379,70316.9401177072,70311.4763149693,93023.7259826619,92276.2059721770,79.3653374996,944.4108979377,1691.9309084226,24764.4063315092,20047.2497096760,249.9604211767,9568.6872158329,9581.9310145512,0.9057770833,0.0000000000,0.0000000000,1375.6644195460,10800.0000000000
2025-12-10,66461.9558029834,5090.3882086677,0.0000000000,189.1735949274,71741.5176065785,71898.7359809149,89151.4798659174,92947.1783949898,27.4984301919,3795.6985290724,0.0000000000,24671.1319283928,20326.5925776257,242.5190077479,9581.9310145512,9200.8468860762,0.9161590278,0.0000000000,0.0000000000,1200.0000000000,10800.0000000000
2025-12-11,68296.4504547264,108.3941488118,-1109.3693383983,0.0000000000,67295.4752651399,67631.5372626477,92566.6286134527,90263.0167417099,0.0000000000,51.7341068045,2355.3459785473,22590.1731469946,19031.1676877441,742.7565824595,9200.8468860762,8386.2608431001,0.8976340278,0.0000000000,0.0000000000,1225.4843868868,10800.0000000000
2025-12-12,19062.6335476114,3347.4550097714,-34.8299931656,0.0000000000,22375.2585642172,23438.3625040083,42177.1047067293,45670.9628078099,0.0000000000,3588.9945278963,95.1364268158,17379.5645026149,16396.6344036784,973.6192255400,8386.2608431001,5809.3862246998,0.7237798611,0.0000000000,0.0000000000,1362.2857819812,10800.0000000000
2025-12-13,22295.2044214093,2146.8114518217,-40.0531063392,96.0124809263,24497.9752478181,23167.1969749008,49947.3653344019,52008.4522061559,19.4390442069,2248.8712206647,187.7843489107,24848.6173725237,17224.2548332228,604.9953277285,5809.3862246998,9035.0809341680,0.7296965278,0.0000000000,0.0000000000,1200.0000000000,10800.0000000000
2025-12-14,66176.0516396815,6390.8089522103,0.0000000000,6350.9547669863,78917.8153588781,78422.8327307655,89588.9962691618,94113.7602696105,933.8180419171,4524.7640004486,0.0000000000,25258.4411041219,19379.5206264928,389.9360338984,9035.0809341680,10234.8772317746,0.9207375000,0.0000000000,0.0000000000,1200.0000000000,10800.0000000000
2025-12-15,66139.5836113568,7634.4613681156,0.0000000000,24.5988127347,73798.6437922071,74335.4846288222,88360.2884820295,93582.1363919576,3.4127098689,5221.8479099280,0.0000000000,22359.2482368048,19282.1224417505,1038.8653401055,10234.8772317746,8933.6201540650,0.9144402778,0.0000000000,0.0000000000,1542.8422715336,10800.0000000000
2025-12-16,72603.3662599474,651.2584176257,-279.2063964576,0.0000000000,72975.4182811155,72697.6042911945,96265.3991643406,96250.1133288106,0.0000000000,468.4755923786,483.7614279087,24278.0474637256,19059.1604552164,1613.1349869681,8933.6201540650,9607.0179211776,0.9109138889,0.0000000000,0.0000000000,1501.3049818583,10800.0000000000
2025-12-17,72131.3002568323,1536.8258054227,-1722.2400886737,62.5103113850,72008.3962849663,71993.4395933166,95701.0265242740,92603.6838047865,13.3026610291,768.3169080678,3865.6596275552,22251.5589019307,17991.1343231783,164.7148203967,9607.0179211776,9643.2716849393,0.9088097222,0.0000000000,0.0000000000,1200.0000000000,10800.0000000000
2025-12-18,66798.0497013341,2051.8340885863,0.0000000000,0.0000000000,68849.8837899204,69357.4556446567,89208.2708184789,90581.8670379384,0.0000000000,1373.5962194595,0.0000000000,22381.6671640026,19236.4307754151,70.3636826843,9643.2716849393,8412.9601598581,0.9094777778,0.0000000000,0.0000000000,1287.3017050975,10767.7998956350
2025-12-19,21287.0494882889,2499.7899774486,-206.7484943078,162.2677330507,23742.3587044804,22884.2820927253,47773.9278114886,49949.2325990252,37.7542422175,2778.8829178680,603.5781303314,22619.5742206902,16449.9400756091,908.9613961615,8412.9601598581,10492.8657633581,0.7250944444,0.0000000000,0.0000000000,1200.0000000000,10800.0000000000
2025-12-20,21172.5510132043,514.9421791976,-338.2882339992,0.0000000000,21349.2049584027,21702.1758140450,46843.7208925060,45993.6789728393,0.0000000000,306.6459938881,1156.6879135549,19941.9477193102,16922.9921774738,118.3711810029,10492.8657633581,9637.2940690998,0.7189708333,0.0000000000,0.0000000000,1524.9505019592,10800.0000000000
2025-12-21,70527.0853899416,2609.8744231616,-444.2534157674,261.5841210246,72954.2905183605,72997.1071472652,94180.0639341086,95011.6082260278,37.7747065089,1799.2002842453,967.6559923261,23771.5000159087,19348.3205324465,1588.4215824078,9637.2940690998,9533.5101584771,0.9100763889,0.0000000000,0.0000000000,1200.0000000000,10800.0000000000
2025-12-22,69778.2390484189,1960.5872369627,0.0000000000,0.0000000000,71738.8262853816,72127.9715602707,91761.5307687307,92928.8173298313,0.0000000000,1167.2865611006,0.0000000000,22401.1499970763,18993.8613997599,584.1016491817,9533.5101584771,8590.2547116680,0.9192854167,0.0000000000,0.0000000000,1283.6378987763,10800.0000000000
2025-12-23,72075.3053164645,1222.9576292701,-1537.2755136807,0.0000000000,71760.9874320538,71286.4461136815,96090.7084885229,93822.8129685681,0.0000000000,592.1784552517,2860.0739752064,25034.3818710741,19242.6258631554,772.9644273161,8590.2547116680,9740.5029921287,0.9126888889,0.0000000000,0.0000000000,1351.7167103054,10800.0000000000
2025-12-24,70669.1807997345,1067.1485547767,-932.6016377230,169.5846157315,70973.3123325196,71363.3077930494,93659.4588699817,92482.9511898808,22.0096840664,546.1765504448,1722.6842305457,22176.0606239400,18813.3937082171,1287.7346415576,9740.5029921287,8795.1867667669,0.9082652778,0.0000000000,0.0000000000,1324.4166561773,10800.0000000000
2025-12-25,66425.3587252944,4221.3498573261,-64.5499036643,0.0000000000,70582.1586789562,71139.2655097835,89295.5851894095,92131.2045268711,0.0000000000,2953.9501285878,118.3307911262,22396.2242640709,19356.2837841697,1278.8155136366,8795.1867667669,7444.8066220199,0.9102520833,0.0000000000,0.0000000000,1331.9712406219,10800.0000000000
2025-12-26,21555.1063036173,1179.7008274020,-5.5261023476,0.0000000000,22729.2810286717,22178.5124638114,47929.7751945890,48885.6505605083,0.0000000000,970.2775091240,14.4021432047,22023.3720500748,16637.4163119830,492.0723890831,7444.8066220199,8779.8233426617,0.7237750000,0.0000000000,0.0000000000,1424.7293150806,10800.0000000000
2025-12-27,21501.5263668605,1194.4371434422,-267.6165451308,0.0000000000,22428.3469651719,22509.4056885366,48275.0901405469,48293.3112732190,0.0000000000,770.0081780418,751.7870453698,19891.0901481784,16288.6146007555,1352.0266591294,8779.8233426617,8583.3438085162,0.7212277778,0.0000000000,0.0000000000,1610.5603672470,10800.0000000000
2025-12-28,70337.8490445225,421.4683733659,-659.5454535424,160.9484653113,70260.7204296573,69740.2176623953,95251.5139575759,94315.1574529403,21.5671473090,216.0262920373,1152.3827966730,25473.3780590583,19497.9467544136,1552.0385456046,8583.3438085162,9844.9987789870,0.9058916667,0.0000000000,0.0000000000,1325.4846805355,10800.0000000000
2025-12-29,68676.3934897624,944.6756151878,-288.2377960289,890.3484672079,70223.1797761292,70356.7126005148,93018.7143953501,93219.7558809091,148.0124743735,804.0502529411,603.0087673820,23156.9620169669,19048.4443448455,1735.4844164945,9844.9987789870,9521.3264333177,0.9065312500,0.0000000000,0.0000000000,1200.0000000000,10800.0000000000
2025-12-30,70033.7834476527,334.2245593130,-1004.0516973494,886.9203977675,70250.8767073838,69779.3254106122,95396.7911709140,93480.7660570604,151.3260219883,195.7224328133,2111.7475466668,24372.7820523517,18713.2528149904,1748.1602416875,9521.3264333177,10664.3271526671,0.9004583333,0.0000000000,0.0000000000,1200.0000000000,10800.0000000000
2025-12-31,70392.5550541086,558.8744828389,-596.4155083719,556.5534004810,70911.5674290566,71386.9769013753,93857.9145092377,92713.8969444930,110.5239683176,286.6435024373,1430.6610671820,22750.1940008931,19464.7744921324,892.5784707165,10664.3271526671,9511.9745399905,0.9102437500,0.0000000000,0.0000000000,1200.0000000000,10800.0000000000
