date,plan_cost,up_cost,down_net_cost,emergency_cost,total_cost,inventory_adjusted_cost,plan_kwh,final_kwh,emergency_kwh,up_kwh,down_kwh,charge_kwh,discharge_kwh,spill_kwh,soc_start,soc_end,mean_price,balance_error,dynamics_error,soc_min,soc_max
2025-02-01,19453.7161908485,0.0000000000,-564.5088152249,0.0000000000,18889.2073756236,17642.7845341511,46278.3020540444,44302.4824753866,0.0000000000,0.0000000000,1975.8195786579,23309.7655577166,16161.8082929901,2776.3492773267,5280.4291660000,8301.6533979560,0.6514930556,0.0000000000,0.0000000000,1757.5762235868,10800.0000000000
2025-02-02,63584.9510037936,0.0000000000,-2101.7564046483,470.6740632220,61953.8686623673,61427.5845420607,91435.7399621956,86242.6133027722,81.1507005555,0.0000000000,5193.1266594233,23580.8121685342,17952.3562205084,2339.0301053020,8301.6533979560,9577.3218824052,0.8363881944,0.0000000000,0.0000000000,1200.0000000000,10800.0000000000
2025-02-03,65918.9921557016,473.8694047518,-2383.3001352641,0.0000000000,64009.5614251893,63572.2357522929,92771.5336226918,87332.1740932624,0.0000000000,259.7885590610,5699.1480884904,24489.7514112586,18882.6620283980,1508.1682104018,9577.3218824052,10637.3625654290,0.8447902778,0.0000000000,0.0000000000,1462.5085437444,10800.0000000000
2025-02-04,66645.4931050997,0.0000000000,-2557.6411655498,0.0000000000,64087.8519395498,64776.8096781745,91669.2624986763,86053.6763313499,0.0000000000,0.0000000000,5615.5861673264,22003.8808094646,19326.1215550091,2181.0531268943,10637.3625654290,8967.3868994926,0.8491895833,0.0000000000,0.0000000000,1475.3536032201,10800.0000000000
2025-02-05,63482.5615534035,10.9796120580,-1013.2597090478,0.0000000000,62480.2814564137,61913.6991389323,90238.0209811387,88070.6507908744,0.0000000000,5.2857751098,2172.6559653741,25639.7682440793,19532.1991423420,1214.6547058038,8967.3868994926,10340.7348276728,0.8482541667,0.0000000000,0.0000000000,1239.8676601740,10800.0000000000
2025-02-06,66597.8819412630,848.5259890498,-3957.5566677362,203.0961635622,63691.9474261388,64787.1259726980,91609.7706400678,83244.8284099800,29.4494749560,445.4623722164,8810.4046023042,20781.8280138928,19222.4393842586,1443.8320386352,10340.7348276728,7686.1140576667,0.8439645833,0.0000000000,0.0000000000,1559.1640249065,10800.0000000000
2025-02-07,17787.5021227149,0.0000000000,-477.3537109675,982.9805397258,18293.1289514731,18921.8119405343,42083.7577908418,40154.6417491865,232.0539517766,0.0000000000,1929.1160416553,18489.6177956099,16348.0776784880,6439.4759171746,7686.1140576667,6162.2393198401,0.6440388889,0.0000000000,0.0000000000,1200.0000000000,10800.0000000000
2025-02-08,15411.1250865177,597.6338606004,0.0000000000,46.6647271347,16055.4236742528,16043.1082938728,37654.0106579659,38111.8023715022,9.4025241053,457.7917135362,0.0000000000,20890.7776524166,16894.6635959856,2547.9281225099,6162.2393198401,6192.0907670310,0.6423513889,0.0000000000,0.0000000000,1200.0000000000,10800.0000000000
2025-02-09,62719.0731008226,1657.8199998271,-947.8382986274,0.0000000000,63429.0548020223,62034.3538716665,90927.7521651594,89923.5054579475,0.0000000000,1189.0037829103,2193.2504901222,25919.7792734307,17952.4471377160,2400.7573555662,6192.0907670310,9572.7286267675,0.8413840278,0.0000000000,0.0000000000,1351.1980216361,10800.0000000000
2025-02-10,57771.8656409270,0.0000000000,-1877.4776264310,0.0000000000,55894.3880144960,55485.8442870351,85736.9015600004,80992.9436927497,0.0000000000,0.0000000000,4743.9578672507,23904.2832524993,18471.2213352966,1233.2441922137,9572.7286267675,10563.0042925762,0.8180638889,0.0000000000,0.0000000000,1298.5032883405,10800.0000000000
2025-02-11,58323.1454547522,0.0000000000,-2262.4673274589,3656.9416809198,59717.6198082131,59885.4936432573,84897.0217816793,79644.1583697630,645.1461320832,0.0000000000,5252.8634119162,22934.5971149959,18943.2445260226,1077.3547795396,10563.0042925762,10156.0922227141,0.8284923611,0.0000000000,0.0000000000,1200.0000000000,10800.0000000000
2025-02-12,58061.2085337888,353.5522289838,-2322.5107163234,4581.0208612681,60673.2709077172,60973.3320605665,84596.1629451204,79355.8545223438,840.7715185665,196.5653289877,5436.8737517643,23305.1848063562,19531.7904117261,1156.4955129470,10156.0922227141,9428.7692020722,0.8264243056,0.0000000000,0.0000000000,1200.0000000000,10800.0000000000
2025-02-13,52583.7411164587,0.0000000000,-1430.3828256823,164.1452354658,51317.5035262422,52208.6837240088,78233.5395236550,74486.7629008556,33.3309709545,0.0000000000,3746.7766227994,20419.9200359741,18484.2665520342,1254.9613712034,9428.7692020722,7268.6232877443,0.8147909722,0.0000000000,0.0000000000,1200.0000000000,10800.0000000000
2025-02-14,14686.5954094648,434.4387618549,0.0000000000,463.3177724315,15584.3519437512,16089.0727715427,36032.6963925834,36466.8760692610,112.6745555524,434.1796766776,0.0000000000,18961.9129198449,16460.2102528771,4276.0461411789,7268.6232877443,6045.2224124080,0.6311000000,0.0000000000,0.0000000000,1200.0000000000,10800.0000000000
2025-02-15,16143.3510964480,321.7560538611,-86.2183201791,0.0000000000,16378.8888301300,15650.7963129924,38139.2992820758,38109.2572575842,0.0000000000,244.0591149411,274.1011394327,21544.8383301378,15862.9674748788,3147.2953023251,6045.2224124080,7810.0574930000,0.6378472222,0.0000000000,0.0000000000,1275.6793376644,10800.0000000000
2025-02-16,57828.8167673748,2736.7825366477,-2203.4471652898,1253.7332786979,59615.8854174305,58928.2377383912,85164.6860031347,81473.0774931150,238.4341355124,1457.0909804252,5148.6994904449,23684.5722890539,17684.3833817074,333.9436212809,7810.0574930000,9476.8576845848,0.8303222222,0.0000000000,0.0000000000,1200.0000000000,10800.0000000000
2025-02-17,57532.6386414343,884.1096611137,-3577.4899034370,1509.7570219882,56349.0154210992,55893.0192313689,85318.9730476342,76570.2000928936,236.6619005480,458.8120036528,9207.5849583934,22157.2327990509,16952.5917649647,418.3577926888,9476.8576845848,10582.1541315476,0.8173527778,0.0000000000,0.0000000000,1200.0000000000,10800.0000000000
2025-02-18,49415.8518049293,2878.5901486024,-90.8339176096,326.9009982325,52530.5090341547,52455.5909243570,74854.2837086440,76767.1070234975,49.4032036017,2168.2280009990,255.4046861455,21225.3750399420,17029.1180997886,528.8655036125,10582.1541315476,10763.7493343969,0.8145215278,0.0000000000,0.0000000000,1200.0000000000,10800.0000000000
2025-02-19,48905.3544209066,3520.8563823953,-8.7922454911,1570.9242426775,53988.3428004884,54359.5121293030,73402.4962118427,76556.0924472661,269.8228287918,3172.1039063487,18.5076709253,21916.2716622343,18561.8949840340,592.2112145242,10763.7493343969,9864.0660703700,0.8164298611,0.0000000000,0.0000000000,1200.0000000000,10800.0000000000
2025-02-20,49837.9625315296,492.7072307105,-684.3099096217,353.2094927676,49999.5693453861,51759.4667760432,73383.3819952795,71961.9811785826,68.7563416635,305.6388332023,1727.0396498992,17564.4409182111,18066.4562841557,1539.6191528574,9864.0660703700,5598.2225810314,0.8168069444,0.0000000000,0.0000000000,1200.0000000000,10800.0000000000
2025-02-21,13518.0676382129,600.6664773660,0.0000000000,0.0000000000,14118.7341155789,14948.5743045946,32373.1430236665,32795.6047777588,0.0000000000,422.4617540923,0.0000000000,17055.1143617585,15624.9592317390,5805.1876144060,5598.2225810314,3586.7596935707,0.6208500000,0.0000000000,0.0000000000,1429.6450684303,10800.0000000000
2025-02-22,16265.6348348109,1507.3928081525,-49.5702374974,377.3670291027,18100.8244345687,15804.5518459360,39683.4234827372,40547.2334137822,75.8930264499,1034.9748169419,171.1648858968,24061.1781743166,14480.1797001556,3197.3650827377,3586.7596935707,9152.7314947273,0.6352840278,0.0000000000,0.0000000000,1200.0000000000,10800.0000000000
2025-02-23,49081.5043720836,2679.4125955784,-655.9817129084,611.5449013495,51716.4801561031,52279.7364608837,74049.2923990303,74264.6335647126,121.0164100274,1852.8246101515,1637.4834444692,20839.2152306540,18108.5216944173,123.1027551700,9152.7314947273,7787.4455418522,0.8153784722,0.0000000000,0.0000000000,1200.0000000000,10800.0000000000
2025-02-24,48707.1594286133,2103.8219173895,-147.8150336543,205.4816054005,50868.6479177490,49955.8400550938,73982.7514247218,75389.3001290106,40.2155994521,1695.4180764486,288.8693721598,23021.8123054896,16656.3553664482,861.0251727546,7787.4455418522,10000.0150985171,0.8082493056,0.0000000000,0.0000000000,1539.3661868467,10800.0000000000
2025-02-25,48858.4399073111,695.3110053335,-1762.8968476730,826.7547566141,48617.6088215857,48777.3290253978,75110.1562165473,70468.6651736894,167.8927823933,357.9227396658,4999.4137825236,21140.1892787029,17471.9868333574,1147.0322774039,10000.0150985171,9612.8667456192,0.7940965278,0.0000000000,0.0000000000,1200.0000000000,10800.0000000000
2025-02-26,44990.5909759670,5214.6289346339,0.0000000000,130.5269934182,50335.7469040191,49908.0662960451,70003.4226096062,74531.2952746602,25.5417693062,4527.8726650540,0.0000000000,23934.9657379768,18454.3265772550,261.3498499112,9612.8667456192,10649.5286017373,0.8055381944,0.0000000000,0.0000000000,1200.0000000000,10800.0000000000
2025-02-27,41595.9870807036,1512.7853365230,-2.7233468556,5830.2204897610,48936.2695601321,51233.3755723256,63229.7629740533,64656.3915019918,914.0354665849,1438.1001663246,11.4716383861,16260.0057841310,18181.7974399987,535.6344244444,10649.5286017373,5081.5366519011,0.7979118056,0.0000000000,0.0000000000,1200.0000000000,10800.0000000000
2025-02-28,12850.6312704479,342.3093671930,0.0000000000,473.7798353019,13666.7204729429,14295.6079960589,31178.0367479583,31502.5391577419,112.9563237720,324.5024097837,0.0000000000,16261.3431331191,14543.6213978965,6605.1801962913,5081.5366519011,3557.1661407121,0.6166784722,0.0000000000,0.0000000000,1200.0000000000,10800.0000000000
2025-03-01,16125.2157866812,0.0000000000,-213.3019689452,1072.9233869607,16984.8372046967,14635.8054210295,40584.6783446381,39822.4792376671,227.7977135683,0.0000000000,762.1991069710,22864.9029764740,13396.1013199921,6922.7093614203,3557.1661407121,9251.0217973252,0.6142222222,0.0000000000,0.0000000000,1200.0000000000,10800.0000000000
2025-03-02,51989.7871812126,2777.8014438592,-968.4584122936,0.0000000000,53799.1302127782,53536.5559323521,78350.6445297209,78129.8449325380,0.0000000000,1702.9216660270,1923.7212632100,22873.2670017212,17954.5340787061,852.8049428561,9251.0217973252,9887.4797892009,0.8122930556,0.0000000000,0.0000000000,1631.8560895323,10800.0000000000
2025-03-03,52663.8387066828,2361.1440513372,-1885.4804351233,277.6500416446,53417.1523645412,53982.9818869447,79122.3402799673,75660.6100841592,55.9929146954,1324.5563671499,4786.2865629580,21304.6902858256,18491.1700260697,885.9361057654,9887.4797892009,8515.9565730331,0.8118500000,0.0000000000,0.0000000000,1200.0000000000,10800.0000000000
2025-03-04,46919.2789067639,3363.9040446107,0.0000000000,285.7355302901,50568.9184816647,49821.7382448228,73133.3188731591,75537.1754365774,60.8402173267,2403.8565634183,0.0000000000,22573.9936823016,16654.9429843558,479.5070226250,8515.9565730331,10327.0586822647,0.8006277778,0.0000000000,0.0000000000,1200.0000000000,10800.0000000000
2025-03-05,47840.2286938908,3938.3017428350,-2347.3168534697,0.0000000000,49431.2135832561,49681.0744891193,74685.6066806761,70405.4312492920,0.0000000000,2106.3179347105,6386.4933660945,20011.0296143525,16754.0116438312,1017.9412621041,10327.0586822647,9721.4168420362,0.7945006944,0.0000000000,0.0000000000,1361.3908778444,10800.0000000000
2025-03-06,42804.8426420622,1433.7614602859,-62.4048831672,0.0000000000,44176.1992191810,45927.6900278437,65815.8167102933,66440.2726200795,0.0000000000,789.7987562428,165.3428464567,17211.4123814797,17762.1639186210,1050.3700238875,9721.4168420362,5475.9502980112,0.7918569444,0.0000000000,0.0000000000,1800.5714595221,10800.0000000000
2025-03-07,13975.7662404534,0.0000000000,-370.9371181562,1412.1378365068,15016.9669588040,14643.4115316610,34540.2433677963,33381.3131803737,314.3436586688,0.0000000000,1158.9301874226,17958.8970686048,13731.7863562843,8546.2605933886,5475.9502980112,6381.4172638842,0.6085013889,0.0000000000,0.0000000000,1200.0000000000,10800.0000000000
2025-03-08,13422.5817822547,17.2856481500,0.0000000000,0.0000000000,13439.8674304046,12565.1877996553,33650.1960579859,33669.4794673455,0.0000000000,19.2834093596,0.0000000000,18910.6557878318,13409.4962543786,9105.1804172256,6381.4172638842,8501.5671902899,0.5972631944,0.0000000000,0.0000000000,1206.5399725907,10800.0000000000
2025-03-09,45110.3078084699,0.0000000000,-1696.7246383072,924.6449947859,44338.2281649485,44897.6305512628,71865.7172396005,66472.3781052418,164.3861282580,0.0000000000,5393.3391343586,20511.6512012098,17834.7874134986,626.3753957886,8501.5671902899,7145.6228119358,0.7838090278,0.0000000000,0.0000000000,1200.0000000000,10800.0000000000
2025-03-10,46050.1734401308,2712.1455710115,0.0000000000,0.0000000000,48762.3190111423,48066.5475874011,72191.6911564085,74185.1480848620,0.0000000000,1993.4569284535,0.0000000000,24062.8364704201,17973.0552215401,53.2953859820,7145.6228119358,8832.1142780471,0.8024513889,0.0000000000,0.0000000000,1409.2036079185,10800.0000000000
2025-03-11,39733.2098146030,6833.3530940266,0.0000000000,0.0000000000,46566.5629086296,46133.3897659916,63295.7481962416,70234.8233293447,0.0000000000,6939.0751331031,0.0000000000,22532.7392152190,17306.5409955777,1069.7063097034,8832.1142780471,9882.0895766578,0.7893930556,0.0000000000,0.0000000000,1503.0525410921,10800.0000000000
2025-03-12,44928.8848453471,573.8691286958,-1636.3363653324,0.0000000000,43866.4176087104,44004.8239046691,71316.8267240000,66660.6104232635,0.0000000000,314.2196725052,4970.4359732417,21139.4551243658,17424.8953588605,510.5159744248,9882.0895766578,9546.6043454087,0.7801680556,0.0000000000,0.0000000000,1383.8654760376,10800.0000000000
2025-03-13,43645.8969758996,444.0015960309,0.0000000000,2405.5151462074,46495.4137181379,48037.5856162225,66915.5703716744,67352.4691996237,377.2141377597,436.8988279493,0.0000000000,17294.0799433627,17372.4903384183,262.4757157723,9546.6043454087,5808.5092517482,0.7996375000,0.0000000000,0.0000000000,1200.0000000000,10800.0000000000
2025-03-14,11959.7052463000,284.8390528572,0.0000000000,522.2604549965,12766.8047541538,12675.7760800661,30602.8836279881,30893.5794998906,100.1170238659,290.6958719025,0.0000000000,15911.1096823929,12689.4175714992,11742.5784295295,5808.5092517482,6029.1551086805,0.5913868056,0.0000000000,0.0000000000,1200.0000000000,10800.0000000000
2025-03-15,12543.8666602409,564.6423334524,0.0000000000,249.5029393103,13358.0119330037,12925.6511375300,31629.7511121740,32124.9365239950,57.8726471724,495.1854118210,0.0000000000,19138.6742884413,14559.1205600265,6679.1302927526,6029.1551086805,7077.1613460260,0.6047722222,0.0000000000,0.0000000000,1200.0000000000,10800.0000000000
2025-03-16,43842.2578502946,1505.5606508313,-560.1860424875,8.0811000000,44795.7135586384,43966.5117426292,70238.5698785978,70325.0920659467,1.6400000000,1519.0715645217,1432.5493771728,24177.0213003788,17774.4632808654,573.1271131000,7077.1613460260,9087.0768709609,0.7848951389,0.0000000000,0.0000000000,1617.3199741719,10800.0000000000
2025-03-17,37860.1404240223,3223.8775333992,-904.0795324591,812.1548415710,40992.0932665334,41131.8524485283,62873.0720044019,61774.4633125124,156.3523641317,2727.1801726126,3825.7888645021,20958.6483742550,17281.3932451339,395.4291141896,9087.0768709609,8748.3123576416,0.7601756944,0.0000000000,0.0000000000,1200.0000000000,10778.0853733797
2025-03-18,46361.8220498023,342.9711965864,-2216.6924445169,0.0000000000,44488.1008018718,43641.6656667522,74777.5527301799,68605.2571335805,0.0000000000,188.0168376443,6360.3124342437,23222.2306514913,16963.4879495854,1220.5560650079,8748.3123576416,10800.0000000000,0.7760166667,0.0000000000,0.0000000000,1346.8576137328,10800.0000000000
2025-03-19,35997.1903753402,5868.2722168316,0.0000000000,0.0000000000,41865.4625921717,42263.0702285908,57707.6114021500,64445.5987897805,0.0000000000,6737.9873876305,0.0000000000,20617.7961974899,17567.8056700325,1930.1378123232,10800.0000000000,9836.2324999270,0.7718381944,0.0000000000,0.0000000000,1585.8663960848,10800.0000000000
2025-03-20,41384.1581833412,443.6461914836,-857.1895955685,3338.2902689923,44308.9050482486,45364.4730898344,65307.0768557070,62991.8823788899,556.9807752523,375.8233790672,2691.0178558843,18620.6840373841,17385.5014812277,104.7187813191,9836.2324999270,7277.6242655419,0.7786381944,0.0000000000,0.0000000000,1200.0000000000,10640.7976265801
2025-03-21,9553.8680137846,334.5784170754,-99.0357660407,1120.6562687092,10910.0669335285,13410.2827987350,23217.6975755943,23270.8831949654,237.9606657286,356.4543018653,303.2686824942,13206.4277744898,16151.4883471004,14420.4399166379,7277.6242655419,1217.3110991378,0.5702902778,0.0000000000,0.0000000000,1200.0000000000,10800.0000000000
2025-03-22,14824.1495291907,67.7914134587,-63.1639588458,0.0000000000,14828.7769838035,11763.2382415229,37947.0563559963,37834.2360787516,0.0000000000,77.8862442291,190.7065214737,23538.1255800575,12378.3342346666,10793.2450000275,1217.3110991378,8647.9194160044,0.5873881944,0.0000000000,0.0000000000,1217.3110991378,10800.0000000000
2025-03-23,42001.6338266871,827.5956049662,-1406.5080510071,0.0000000000,41422.7213806462,41291.1585826180,68464.4317797777,64309.5087758620,0.0000000000,466.8706274513,4621.7936313670,20107.8219567945,16000.3283344169,1432.2950368177,8647.9194160044,8966.8165833229,0.7671784722,0.0000000000,0.0000000000,1435.3587411723,10800.0000000000
2025-03-24,39468.5679683712,2005.2082159644,-432.0375907003,0.0000000000,41041.7385936353,40544.6204723116,64621.2698086269,64224.3052627391,0.0000000000,1377.4726619690,1774.4372078567,22152.9052662436,16859.3779673213,932.2808804835,8966.8165833229,10171.7891370295,0.7674861111,0.0000000000,0.0000000000,1663.8223657676,10800.0000000000
2025-03-25,44363.1277601929,1298.9960955392,-2349.2142545156,445.3548975627,43758.2644987792,43627.5848966140,72085.6029669191,65110.6680244925,77.2444631451,693.0601726370,7667.9951150636,20786.5843588557,16552.0525933883,3.2560055035,10171.7891370295,10488.5455117905,0.7712756944,0.0000000000,0.0000000000,1200.0000000000,10528.7012032462
2025-03-26,36721.5113999763,1401.1947088806,-790.8578788158,0.0000000000,37331.8482300410,38075.2863061785,59192.9723074021,57969.7780836654,0.0000000000,1137.4912724676,2360.6854962043,19611.6804949399,17507.2894844223,272.8322064811,10488.5455117905,8686.5140856561,0.7566111111,0.0000000000,0.0000000000,1327.6906983266,10800.0000000000
2025-03-27,37594.8678692336,636.0944573800,-739.2046000403,302.2810119607,37794.0387385339,39912.3725924172,59901.9996372610,58296.1869426535,59.5271792152,482.3875635058,2088.2002581133,15603.6168855959,17260.1266114708,1295.2344477436,8686.5140856561,3551.8508255026,0.7664159722,0.0000000000,0.0000000000,1200.0000000000,10800.0000000000
2025-03-28,10646.1324938734,0.0000000000,0.0000000000,0.0000000000,10646.1324938734,11548.6982476056,26642.2154839058,26642.2154839058,0.0000000000,0.0000000000,0.0000000000,13453.3625797965,12866.1928803787,15233.1650178212,3551.8508255026,1364.1072802321,0.5747680556,0.0000000000,0.0000000000,1271.2320179393,10800.0000000000
2025-03-29,11106.5228261168,977.7621113437,0.0000000000,0.0000000000,12084.2849374605,11780.1653372536,28103.8926348147,29504.7308021938,0.0000000000,1400.8381673791,0.0000000000,16094.6969247889,12373.2601886708,18076.0848827424,1364.1072802321,2101.2676362411,0.5630868056,0.0000000000,0.0000000000,1247.6777240148,10800.0000000000
2025-03-30,40747.1085596207,1.9127551338,-1155.7494282375,1495.8248064416,41089.0966929585,38456.1583877109,70838.6943784742,66188.9671679586,233.7774175887,1.0089967473,4650.7362072628,27602.8188164348,16614.4641536458,88.7702227584,2101.2676362411,8483.2888447594,0.7520270833,0.0000000000,0.0000000000,1200.0000000000,10636.3613370602
2025-03-31,33377.5982342601,5802.5543575621,0.0000000000,122.3038153889,39302.4564072111,39265.9854106468,54435.4625270176,60987.6343988339,23.5460817694,6552.1718718163,0.0000000000,20012.5708227815,16130.6199985104,177.8401729988,8483.2888447594,8571.6914758068,0.7607041667,0.0000000000,0.0000000000,1200.0000000000,10800.0000000000
2025-04-01,42810.3437978905,1126.5171849102,-1065.7001605530,22.5415768430,42893.7023990907,41974.4013379430,70411.0456225833,67251.2422813914,5.6241459189,730.5526198453,3890.3559610372,21596.0189747654,15487.2976977860,939.2936336643,8571.6914758068,10800.0000000000,0.7731090278,0.0000000000,0.0000000000,1200.0000000000,10800.0000000000
2025-04-02,38050.9960491384,2273.8706225134,-343.8368737125,1129.4589424476,41110.4887403869,41642.9605358220,62836.0757817775,63493.1388437201,174.7906267137,2056.6236468467,1399.5605849041,19772.5541630773,17177.3690722069,637.4089795635,10800.0000000000,9509.3331109841,0.7723201389,0.0000000000,0.0000000000,1200.0000000000,10800.0000000000
2025-04-03,38419.8440178091,0.0000000000,-725.7691381108,155.4319193943,37849.5067990925,39765.0660012970,60542.4911458738,58486.7016998768,22.4175264144,0.0000000000,2055.7894459970,15758.2871500825,16943.0516806744,3830.3534902165,9509.3331109841,4866.1785675312,0.7644638889,0.0000000000,0.0000000000,1200.0000000000,10800.0000000000
2025-04-04,9270.6865559946,0.0000000000,0.0000000000,699.5110227355,9970.1975787301,11457.3704954818,23584.8201160155,23584.8201160155,209.9626585140,0.0000000000,0.0000000000,12593.0437212395,13444.6693801853,18215.6061834753,4866.1785675312,1261.3963831075,0.5595027778,0.0000000000,0.0000000000,1200.0000000000,10800.0000000000
2025-04-05,10632.9374566729,1481.5113570781,0.0000000000,0.0000000000,12114.4488137510,11874.4424663000,27058.6225050119,28416.2861734561,0.0000000000,1357.6636684443,0.0000000000,14767.0213940140,11437.7076323150,13042.8574284238,1261.3963831075,1843.1516018146,0.5755284722,0.0000000000,0.0000000000,1218.5881563449,10800.0000000000
2025-04-06,41009.6603039756,796.3635972186,-950.0446179115,1269.1520400419,42125.1313233246,39014.1994481559,70813.3322209918,67898.4146457015,217.1439992130,583.4102936970,3498.3278689874,29148.8939154483,16824.0303605337,1380.6188233333,1843.1516018146,9383.7890584583,0.7556868056,0.0000000000,0.0000000000,1200.0000000000,10800.0000000000
2025-04-07,31376.6216482497,3133.0534517763,-0.0129082913,552.7031223557,35062.3653140903,35710.3056650813,51889.5136833454,55565.8883482329,92.2596225138,3676.4325496021,0.0578847146,19720.2699264365,17386.9163088829,82.0750698597,9383.7890584583,7813.2360934924,0.7517159722,0.0000000000,0.0000000000,1200.0000000000,10800.0000000000
2025-04-08,39036.6714256523,1219.4948311677,-1547.5516663196,0.0000000000,38708.6145905004,37783.5795239178,65458.5116535322,60871.9609822821,0.0000000000,656.7381899072,5243.2888611573,23406.2571999487,16941.0817875687,53.5919532355,7813.2360934924,10055.4433650365,0.7519159722,0.0000000000,0.0000000000,1271.1960019246,10794.3331405685
2025-04-09,36997.2442511586,2591.9676440353,-4.3048595061,0.0000000000,39584.9070356878,39672.5450030540,60981.3642583826,63643.6742216386,0.0000000000,2674.8077408902,12.4977776342,20861.6565466402,17089.1261646601,736.8328229918,10055.4433650365,9843.0162962793,0.7662708333,0.0000000000,0.0000000000,1423.2432263709,10800.0000000000
2025-04-10,33594.8336638561,1434.0620447034,0.0000000000,288.7822194919,35317.6779280514,37866.7048339836,52622.0502038899,54788.7266293514,68.8619379669,2166.6764254615,0.0000000000,14310.3134963486,17152.1182568609,3238.7554278306,9843.0162962793,3664.3892687032,0.7580270833,0.0000000000,0.0000000000,1200.0000000000,10800.0000000000
2025-04-11,9116.2069260279,1038.0259031132,0.0000000000,574.6871464733,10728.9199756144,11745.6174594694,23243.0874898297,24343.5747980606,196.5278945852,1100.4873082309,0.0000000000,12321.4063589252,12198.2894925623,19100.3356596163,3664.3892687032,1200.0000000000,0.5514784722,0.0000000000,0.0000000000,1200.0000000000,10800.0000000000
2025-04-12,10380.5495302811,0.0000000000,-117.8260341624,0.0000000000,10262.7234961187,10243.7471510080,27223.5676008812,26834.4531450930,0.0000000000,0.0000000000,389.1144557883,15002.8469354441,12110.9086583247,14917.3543179736,1200.0000000000,1245.9970659833,0.5638673611,0.0000000000,0.0000000000,1200.0000000000,10800.0000000000
2025-04-13,37863.7134032328,2681.2751615126,0.0000000000,0.0000000000,40544.9885647454,37051.9436663270,65403.1228496643,67731.2292758569,0.0000000000,2328.1064261927,0.0000000000,29664.1049986693,16407.7624641688,198.5282580230,1245.9970659833,9712.8443823760,0.7562548611,0.0000000000,0.0000000000,1245.9970659833,10655.4667546122
2025-04-14,35124.1848040244,3037.8564582819,-1809.6538181289,1602.1520445452,37954.5394887226,38482.2670447287,57979.0675541916,54532.9563282631,247.5693922213,1665.8873915969,5111.9986175254,17843.5077351825,15604.4917916623,13.4779769642,9712.8443823760,8433.6771310821,0.7465972222,0.0000000000,0.0000000000,1200.0000000000,10264.4817537485
2025-04-15,32137.7980568067,2088.2293378271,0.0000000000,610.6737421711,34836.7011368050,34122.6739807787,54644.9648007502,56398.9426624881,105.9175637832,1753.9778617379,0.0000000000,21790.7500204544,16092.8398721262,667.5212446097,8433.6771310821,10164.4189582398,0.7385326389,0.0000000000,0.0000000000,1200.0000000000,10800.0000000000
2025-04-16,34156.8306536130,1865.8408327662,-118.9228726570,1485.7208134441,37389.4694271663,37656.6878077080,57419.8298637504,58719.5827878242,246.4343380063,1801.9393856289,502.1864615551,19579.2890853497,16442.1675694182,49.3036598989,10164.4189582398,9516.7040579232,0.7623541667,0.0000000000,0.0000000000,1200.0000000000,10713.8934206853
2025-04-17,29083.0955608372,2762.0241736258,0.0000000000,454.2396061307,32299.3593405937,35165.3261122324,45659.8927029034,49434.0669831267,70.7360257471,3774.1742802233,0.0000000000,13314.4080478300,17036.8468856351,358.8994966789,9516.7040579232,2569.8414280423,0.7477673611,0.0000000000,0.0000000000,1200.0000000000,10800.0000000000
2025-04-18,9571.6313656232,274.6607109620,-10.8845712679,0.0000000000,9835.4075053173,10273.8692872877,24687.5593055273,24948.5758159881,0.0000000000,295.0655085628,34.0489981021,13436.8013364845,11840.3241469102,16997.9814430805,2569.8414280423,1507.0469120892,0.5594201389,0.0000000000,0.0000000000,1282.1741022241,10800.0000000000
2025-04-19,9784.2880586890,381.0376339882,0.0000000000,273.2559573669,10438.5816500441,10510.3268007355,25586.5263320849,26020.7511819501,71.6094723157,434.2248498652,0.0000000000,14775.0144181964,12124.2754736759,16656.9424597454,1507.0469120892,1333.1426954927,0.5579763889,0.0000000000,0.0000000000,1200.0000000000,10800.0000000000
2025-04-20,36740.7194689719,2443.6765879660,-21.9568514754,473.2795292258,39635.7187346883,35745.1186967680,63887.6437256275,66767.3877481499,93.8077987046,2985.4916452674,105.7476227450,30837.3781857935,16490.8375189777,556.9099967054,1333.1426954927,10763.6302638427,0.7454388889,0.0000000000,0.0000000000,1200.0000000000,10800.0000000000
2025-04-21,31814.0618705089,357.3304183592,-1088.9283852392,1503.1743116193,32585.6382152483,34065.7668949367,53461.0326805803,49471.7027179388,252.1394370893,191.6955136473,4181.0254762888,16933.7713822944,16945.2916107914,1218.4520001918,10763.6302638427,7175.9227181395,0.7339520833,0.0000000000,0.0000000000,1200.0000000000,10800.0000000000
2025-04-22,32187.2988994813,3156.4102905669,-0.1726652288,144.4616726715,35487.9981974908,34994.4985278304,54268.2061674160,57244.0218777377,33.1578424710,2976.5687204778,0.7530101561,21137.3989840540,16044.7116192466,31.5630387347,7175.9227181395,8372.1244490696,0.7509583333,0.0000000000,0.0000000000,1200.0000000000,10191.9875128694
2025-04-23,31204.0962048213,4415.8405851352,0.0000000000,0.0000000000,35619.9367899566,34826.6038740034,52610.4677369717,57443.5206458038,0.0000000000,4833.0529088321,0.0000000000,21434.4902380178,15631.2620000876,240.3756912069,8372.1244490696,10295.0967742994,0.7479125000,0.0000000000,0.0000000000,1405.1475271417,10800.0000000000
2025-04-24,27878.4149282876,0.0000000000,0.0000000000,1192.2696502891,29070.6845785767,31871.0618081209,44477.6928247333,44477.6928247333,190.5279738033,0.0000000000,0.0000000000,13700.1669436698,17206.2264065185,1084.1735613853,10295.0967742994,3507.2176830261,0.7361847222,0.0000000000,0.0000000000,1200.0000000000,10800.0000000000
2025-04-25,8840.3578003581,0.0000000000,0.0000000000,380.0105505567,9220.3683509148,10166.7698412692,23091.2100805121,23091.2100805121,110.5609621811,0.0000000000,0.0000000000,12789.2389920099,12423.8815021573,20836.0559028406,3507.2176830261,1213.2199956602,0.5406916667,0.0000000000,0.0000000000,1200.0000000000,10800.0000000000
2025-04-26,9566.6016258387,789.2422731588,0.0000000000,278.8886197315,10634.7325187290,10430.3919446767,25168.0704170059,26222.5871341871,69.8530102803,1054.5167171812,0.0000000000,14131.5885316333,11000.8127677672,23091.4707472679,1213.2199956602,1708.5243766111,0.5378048611,0.0000000000,0.0000000000,1200.0000000000,10800.0000000000
2025-04-27,34167.1306650225,3764.9800868841,-63.5100364569,0.0000000000,37868.6007154496,34117.8619388226,60426.8776037216,62758.2221363898,0.0000000000,2518.7096546738,187.3651220056,28696.8118012878,15062.0894979931,550.0286497617,1708.5243766111,10800.0000000000,0.7337826389,0.0000000000,0.0000000000,1284.2047237257,10800.0000000000
2025-04-28,34168.5732723008,1713.3076835242,-93.5025247896,0.0000000000,35788.3784310353,37547.6498613872,56098.2525384516,57342.6205114064,0.0000000000,1552.7472622450,308.3792892902,16324.4310389407,17060.6826470229,1456.9048028219,10800.0000000000,6535.6738827990,0.7660520833,0.0000000000,0.0000000000,1259.6090475395,10800.0000000000
2025-04-29,31757.5944843352,1667.9907134861,-318.7719823915,2681.5468852736,35788.3601007034,34466.3248900876,54348.1505043708,54676.3757579268,405.1899192012,1379.6044564502,1051.3792028942,21361.8326492587,14419.0324108907,705.5517220934,6535.6738827990,9740.1761439198,0.7303826389,0.0000000000,0.0000000000,1200.0000000000,10800.0000000000
2025-04-30,29810.1060634592,1312.3902193418,0.0000000000,2351.1086071087,33473.6048899097,33511.5794585146,50283.2207684377,52046.6718452524,446.1747642858,1763.4510768147,0.0000000000,20314.7562080797,16537.7949755413,459.0309436666,9740.1761439198,9648.1289805901,0.7294423611,0.0000000000,0.0000000000,1200.0000000000,10800.0000000000
2025-05-01,29204.8901372173,4293.7744053604,-57.9729884372,3396.8088626529,36837.5004167934,39727.9912167622,45539.5201202976,48223.8636424225,572.7066657277,2852.8644498749,168.5209277499,14120.3463288262,17743.1566587887,1408.0018381127,9648.1289805901,2641.8221667684,0.7473263889,0.0000000000,0.0000000000,1200.0000000000,10800.0000000000
2025-05-02,10325.7649600337,137.3580642004,-3.6215300770,8981.2489269714,19440.7504211285,20035.5821661520,25087.3240719849,25230.3399478143,2213.9607522241,155.2984943710,12.2826185417,12456.0369102564,11387.0298473992,12084.9735538479,2641.8221667684,1200.0000000000,0.5869513889,0.0000000000,0.0000000000,1200.0000000000,10800.0000000000
2025-05-03,10022.7137380506,2084.7325711303,0.0000000000,3637.3302940598,15744.7766032406,15691.2834416600,25898.7242616079,27717.7736759542,733.6399863150,1819.0494143463,0.0000000000,14709.5107567300,11798.0070771304,16672.7383326695,1200.0000000000,1329.6629286899,0.5698243056,0.0000000000,0.0000000000,1200.0000000000,10800.0000000000
2025-05-04,35687.0001186713,3091.5272823660,-699.7943701011,4555.9411199721,42634.6741509083,40942.3428520402,59974.7246484788,59260.3336033595,773.7984134264,1658.1639605522,2372.5550056715,22807.0263128921,14781.8293363804,274.2677069410,1329.6629286899,5431.7317920923,0.7461284722,0.0000000000,0.0000000000,1200.0000000000,10800.0000000000
2025-05-05,36644.3648362981,3818.9298638305,-124.6422457401,1704.4730290743,42043.1254834628,40535.9833652246,60826.8576536770,62583.2708631973,289.8471155096,1995.9001909406,239.4869814202,23732.8626997740,15935.7515210670,0.0000000000,5431.7317920923,9084.9176429255,0.7604611111,0.0000000000,0.0000000000,1200.0000000000,10595.0759009701
2025-05-06,30638.9300372193,6720.6002908555,0.0000000000,4976.8626673662,42336.3929954410,43090.3502619428,48956.3836163309,54682.7155823460,936.6735891962,5726.3319660151,0.0000000000,19347.4024457273,17316.1721347327,718.0764938809,9084.9176429255,7257.3885832660,0.7532361111,0.0000000000,0.0000000000,1200.0000000000,10800.0000000000
2025-05-07,34178.8580955729,5648.9724764425,0.0000000000,2819.9042841736,42647.7348561889,41896.5549488430,55756.0080818664,60341.2436079112,447.3779564399,4585.2355260448,0.0000000000,21100.1439023594,15452.3992839108,73.0309959025,7257.3885832660,9078.1855577108,0.7587291667,0.0000000000,0.0000000000,1200.0000000000,10685.3916212096
2025-05-08,32958.8729533993,171.5006757202,-238.3509193004,8298.3312374173,41190.3539472364,43800.4901943374,52222.1756367604,51287.9192648319,1322.1639384177,146.1402485849,1080.3966205134,12466.6639789559,15792.0736650007,108.9804892944,9078.1855577108,2751.4346221036,0.7616590278,0.0000000000,0.0000000000,1200.0000000000,10800.0000000000
2025-05-09,9901.6670769240,458.3085450699,0.0000000000,5224.7204153752,15584.6960373690,16094.2426705985,24660.7533454492,25117.4155352707,1147.4934379961,456.6621898216,0.0000000000,12666.3714662012,11371.3492876119,16470.5009446775,2751.4346221036,1516.3363998937,0.5667381944,0.0000000000,0.0000000000,1200.0000000000,10800.0000000000
2025-05-10,10434.9070684183,965.8516452288,0.0000000000,3448.2297149757,14848.9884286228,14979.4947678234,25888.8124580550,26969.3802270747,795.9252991524,1080.5677690197,0.0000000000,14637.8897735668,12141.3934764935,13147.7639458204,1516.3363998937,1200.0000000000,0.5753076389,0.0000000000,0.0000000000,1200.0000000000,10800.0000000000
2025-05-11,37082.2680924606,3630.9708616319,-12.7456854723,1847.8195520781,42548.3128206984,40138.4946731138,62976.8132441209,65385.9369367547,270.2600983483,2461.3280156823,52.2043230484,25839.4681872656,15672.8922062516,5.5419707557,1200.0000000000,7041.1966949262,0.7607819444,0.0000000000,0.0000000000,1200.0000000000,10622.1076401988
2025-05-12,31772.0300134932,7016.6698156915,0.0000000000,297.5039420507,39086.2037712354,38329.7407313390,51354.3109360920,57546.3936717525,61.0535453751,6192.0827356606,0.0000000000,20776.9232836564,15179.0653003324,78.3940004702,7041.1966949262,8874.7995387365,0.7517881944,0.0000000000,0.0000000000,1200.0000000000,10800.0000000000
2025-05-13,33622.6349680075,3040.2225663914,-935.5416747525,0.0000000000,35727.3158596464,37214.7362341126,55261.5110604683,53644.6716556122,0.0000000000,1926.8591892039,3543.6985940601,14485.1820056866,14977.8412256233,1008.1181088822,8874.7995387365,5269.4175376063,0.7564458333,0.0000000000,0.0000000000,1321.1154981030,10800.0000000000
2025-05-14,37074.0571376800,2337.1511637099,-806.8944482111,0.0000000000,38604.3138531788,36962.3480437225,61616.7383386587,61402.9343629187,0.0000000000,2501.9390807806,2715.7430565206,23418.9030739206,15387.3230555650,357.2055612298,5269.4175376063,9249.4046868404,0.7475513889,0.0000000000,0.0000000000,1317.2304045325,10800.0000000000
2025-05-15,33354.8944099569,2300.8135852996,0.0000000000,0.0000000000,35655.7079952566,37887.6288013830,50100.1097683511,53184.5034189124,0.0000000000,3084.3936505613,0.0000000000,15029.1124948097,17042.5707598004,2432.9034005698,9249.4046868404,3839.4161990576,0.7527770833,0.0000000000,0.0000000000,1442.0817416889,10800.0000000000
2025-05-16,10233.0318608856,0.0000000000,0.0000000000,361.0708309273,10594.1026918129,11683.0085081574,24331.5814701772,24331.5814701772,211.5961669465,0.0000000000,0.0000000000,12896.7080475275,12821.8080976491,21752.7711539119,3839.4161990576,1200.0000000000,0.5453854167,0.0000000000,0.0000000000,1200.0000000000,10800.0000000000
2025-05-17,10764.1292373580,512.0343747857,0.0000000000,3092.7046794942,14368.8682916380,14331.8705545885,26449.9926613337,26833.8129051490,665.7035372797,383.8202438152,0.0000000000,13534.4022368038,10882.1543466612,14398.4694689528,1200.0000000000,1289.6794057220,0.5734159722,0.0000000000,0.0000000000,1200.0000000000,10800.0000000000
2025-05-18,38473.2256482501,0.0000000000,-990.9973602948,0.0000000000,37482.2282879554,36418.7861812439,63811.9859507888,60744.2177039933,0.0000000000,0.0000000000,3067.7682467955,21306.0354945600,14937.9638746542,699.9779840876,1289.6794057220,3867.3737123213,0.7506812500,0.0000000000,0.0000000000,1289.6794057220,10800.0000000000
2025-05-19,34123.1032337318,345.0593559974,-395.3586549646,2541.9023665231,36614.7063012877,35846.9568524790,55952.7644137532,55022.7599335090,382.8225091029,308.7090568311,1238.7135370753,20386.5745230447,14838.2612281021,2342.0525976692,3867.3737123213,5728.3338629482,0.7317597222,0.0000000000,0.0000000000,1200.0000000000,10800.0000000000
2025-05-20,31598.0080388364,3717.8017261882,0.0000000000,1176.6149426998,36492.4247077244,38055.1435712031,49918.2605375471,53580.2997421137,178.8587014462,3662.0392045666,0.0000000000,13899.3311421217,14667.5675152284,0.0000000000,5728.3338629482,1940.4346517149,0.7565819444,0.0000000000,0.0000000000,1200.0000000000,10166.5542761553
2025-05-21,32741.0712807470,3572.2234159456,-132.1768538885,2033.1272442875,38214.2450870915,37980.4510078634,51505.6457618623,55334.2966348932,330.8878187892,4033.6771836142,205.0263105832,17387.7276996261,13574.0319544059,488.8734251289,1940.4346517149,2507.1318542608,0.7458243056,0.0000000000,0.0000000000,1200.0000000000,10800.0000000000
2025-05-22,34689.8319534562,0.0000000000,0.0000000000,1018.4482880770,35708.2802415332,35062.9553361658,55800.5128754465,55800.5128754465,154.8617483581,0.0000000000,0.0000000000,19543.6089029845,14422.5312013243,17.6661054777,2507.1318542608,4071.3451988088,0.7461930556,0.0000000000,0.0000000000,1200.0000000000,10306.0464041321
2025-05-23,10063.5933527164,0.0000000000,0.0000000000,14.1875671547,10077.7809198711,11086.0548239510,24044.8826826873,24044.8826826873,4.8429995408,0.0000000000,0.0000000000,12847.2808568420,12605.8715912806,17387.3675333333,4071.3451988088,1627.3739796548,0.5569743056,0.0000000000,0.0000000000,1200.0000000000,10800.0000000000
2025-05-24,11546.3582107643,215.4224757116,-0.3322074086,274.6182270969,12036.0667061642,11841.4504034645,26797.9934139059,27082.2294237831,94.6572745990,285.0840185782,0.8480087010,12932.0811517923,10050.4255250694,20540.7296883258,1627.3739796548,2099.1075439686,0.5532048611,0.0000000000,0.0000000000,1200.0000000000,10800.0000000000
2025-05-25,35721.2663007612,750.1252976041,-4.3531075093,0.0000000000,36467.0384908561,34585.2344407318,59197.9976085680,59683.6775350606,0.0000000000,498.7719791520,13.0920526594,22405.8476894145,14043.5352263232,2776.3548886359,2099.1075439686,6660.4424351937,0.7379618056,0.0000000000,0.0000000000,1531.7714949653,10800.0000000000
2025-05-26,33258.4055020413,4737.1274604309,0.0000000000,0.0000000000,37995.5329624722,37642.1975738181,53464.7382766535,58970.2297839578,0.0000000000,5505.4915073043,0.0000000000,18801.6275505341,14458.5085534499,47.2778368736,6660.4424351937,7516.8977268411,0.7524722222,0.0000000000,0.0000000000,1442.1336871105,10517.8016266435
2025-05-27,30101.5383859164,2101.4713686744,-250.6440873983,1398.3452303749,33350.7108975675,35444.4620881654,45732.0791601815,48415.9247893459,273.1273276100,3070.3788354609,386.5332062965,13291.9105741993,15334.0168201089,1340.7910628654,7516.8977268411,2441.8207768329,0.7429215278,0.0000000000,0.0000000000,1200.0000000000,10800.0000000000
2025-05-28,35366.2939945739,411.9712370768,-224.2516595136,0.0000000000,35554.0135721371,35422.9498356379,57406.8532111193,56977.2323853993,0.0000000000,326.9844667690,756.6052924891,18422.2601461256,14636.1119826645,917.2601219382,2441.8207768329,2759.5082609409,0.7512673611,0.0000000000,0.0000000000,1586.8553955297,10800.0000000000
2025-05-29,35136.1602158492,4475.6038699863,0.0000000000,119.8044217333,39731.5685075688,39439.7806876755,56662.7725186371,61880.4443975000,17.8174333333,5217.6718788629,0.0000000000,19572.7434254051,15217.3799334966,3432.7748389248,2759.5082609409,3466.7774176982,0.7595125000,0.0000000000,0.0000000000,1368.0094559511,10800.0000000000
2025-05-30,10953.6880515563,0.0000000000,0.0000000000,96.5375014400,11050.2255529962,11632.0641025340,25062.0403114709,25062.0403114709,33.1618553914,0.0000000000,0.0000000000,12644.4918121470,11511.3333452848,17365.8104333333,3466.7774176982,2056.4496649807,0.5609930556,0.0000000000,0.0000000000,1200.0000000000,10800.0000000000
2025-05-31,12121.0655023285,0.0000000000,-364.7730162313,0.0000000000,11756.2924860972,11647.2081432049,28847.9369121897,27569.8085985487,0.0000000000,0.0000000000,1278.1283136410,13790.5715456168,10932.3927991276,16322.4483020596,2056.4496649807,2320.8609458940,0.5663548611,0.0000000000,0.0000000000,1496.3710906231,10800.0000000000
2025-06-01,52582.6471800389,8387.5479607342,-1689.4779766249,4454.9296324519,63735.6467966002,61733.9419055344,79644.8462033806,80302.8367824320,718.6469291322,4978.8620724105,4320.8714933592,26021.1445444648,16710.3590719583,485.8719390577,2320.8609458940,7172.8254004030,0.8191805556,0.0000000000,0.0000000000,1200.0000000000,9703.0869796399
2025-06-02,47635.4205637990,7002.7736837046,-1714.9256768007,2296.0548018140,55219.3233725170,56719.7438200790,70471.5425142873,68401.1623901674,446.4704001538,3578.2000166356,5648.5801407555,18190.1744183993,18007.2450562404,23.8959781623,7172.8254004030,3535.9323144731,0.8099458333,0.0000000000,0.0000000000,1200.0000000000,10097.0927373858
2025-06-03,44024.4199723185,10654.1600196599,-506.6020856195,0.0000000000,54171.9779063589,54736.7701354270,66071.0935170597,70873.5572839864,0.0000000000,6862.3681255827,2059.9043586560,17866.4205139332,15703.9086301431,518.6785668630,3535.9323144731,2166.9234101873,0.8062826389,0.0000000000,0.0000000000,1416.0919595571,10768.6040311859
2025-06-04,52316.0635891336,3469.0517678446,-2603.0405520516,3405.5914018147,56587.6662067414,56986.5758314109,77276.0055247739,71736.4996737251,846.3631119665,2108.3853148040,7647.8911658528,19362.1369621339,16553.5620084970,129.0270153881,2166.9234101873,1200.0000000000,0.8136590278,0.0000000000,0.0000000000,1200.0000000000,10800.0000000000
2025-06-05,44389.2005310705,12243.5448676889,-11.0774518357,2107.5694587614,58729.2374056851,58469.4174212855,67390.2488999795,75172.3328231831,665.4698831811,7821.0138271516,38.9299039480,21031.8044663011,16468.9579889301,125.6382123265,1200.0000000000,1829.7818097486,0.8220694444,0.0000000000,0.0000000000,1200.0000000000,10698.2306509556
2025-06-06,14181.1288885269,6555.2663928024,0.0000000000,1346.3769379968,22082.7722193261,22342.5922037257,29427.4738998912,34309.6621914259,704.2442236273,4882.1882915347,0.0000000000,12755.5998366875,10898.8394964907,2302.1506748564,1829.7818097486,1200.0000000000,0.6492826389,0.0000000000,0.0000000000,1200.0000000000,10800.0000000000
2025-06-07,15194.3457850473,6566.9299290743,-594.7159506718,798.8062915439,21965.3660549937,21782.9134650366,33055.2009776394,34867.8272590462,417.8877924862,4601.1784940841,2788.5522126774,15598.9388508096,12237.1156970975,797.3787311536,1200.0000000000,1642.2497467314,0.6502881944,0.0000000000,0.0000000000,1200.0000000000,10800.0000000000
2025-06-08,47011.8416662356,6419.6197807283,-939.9734881072,0.0000000000,52491.4879588566,51321.9675952330,71349.3687303522,71525.6496415202,0.0000000000,3561.6269653966,3385.3460542286,19539.0457483977,13275.2898772765,76.9705037323,1642.2497467314,4477.0688344266,0.7970791667,0.0000000000,0.0000000000,1603.2194407056,10306.2740362194
2025-06-09,50886.2006477822,2413.4230631492,-559.2713641533,107.6080373395,52847.9603841176,53722.5056632160,73497.1249519091,72979.2311661296,15.2236029341,1276.0388168253,1793.9326026049,18812.0023874065,17145.5637761632,395.3034244870,4477.0688344266,2357.2445651334,0.8192562500,0.0000000000,0.0000000000,1503.6869708410,10800.0000000000
2025-06-10,47850.0114524899,5683.7024954065,-4.8251780791,1802.7682666152,55331.6570364325,55591.3393338090,70630.5724071165,74646.9610314893,316.4004911688,4032.3603472495,15.9717228767,20354.8516473452,17053.9330955264,43.9987375060,2357.2445651334,1727.7964971591,0.8168180556,0.0000000000,0.0000000000,1200.0000000000,10100.6019466098
2025-06-11,53222.3146352896,5274.5525117867,-1.7415543263,0.0000000000,58495.1255927501,58486.4801412157,76821.1371066718,80235.3147474958,0.0000000000,3418.6403040560,4.4626632320,21214.6491928276,17165.0055829455,101.2248209470,1727.7964971591,1748.7523452089,0.8316965278,0.0000000000,0.0000000000,1456.3956578969,10164.2067918635
2025-06-12,51500.0122855458,3194.3622799227,0.0000000000,23.2834687544,54717.6580342229,54587.6642378006,75549.1872016965,77108.2481561059,5.3482183885,1559.0609544094,0.0000000000,21649.2123893702,17252.2774000490,264.2699518399,1748.7523452089,2063.8463844766,0.8219833333,0.0000000000,0.0000000000,1200.0000000000,10173.2037292781
2025-06-13,15342.2906081536,4583.3783837052,-140.5845481835,0.0000000000,19785.0844436754,19786.6672810655,31710.4793134242,34539.9782587444,0.0000000000,3231.4000250334,401.9010797132,14074.6899986996,11403.9518972930,3523.9264573378,2063.8463844766,2060.0097196473,0.6400291667,0.0000000000,0.0000000000,1477.0828960800,10800.0000000000
2025-06-14,16117.8740278504,3039.1116788386,-198.6286051118,137.6728674735,19096.0299690507,19328.9949729623,32037.3049970540,33504.4398037351,46.5252784403,2014.4896044257,547.3547977446,13442.1219287156,11396.3375965402,5311.8380000000,2060.0097196473,1495.3221260023,0.6368673611,0.0000000000,0.0000000000,1200.0000000000,10800.0000000000
2025-06-15,49191.6268826079,4739.8013262916,-13.4144572709,0.0000000000,53918.0137516285,53383.7572596716,72179.6291113982,76596.1341796861,0.0000000000,4450.0957963984,33.5907281105,22140.1754834223,16768.0485824956,597.0329454260,1495.3221260023,2790.3149694207,0.8178270833,0.0000000000,0.0000000000,1495.3221260023,10800.0000000000
2025-06-16,50459.6646617107,3748.3512403842,-4.5303152411,66.5213691652,54270.0069560190,54596.2166326265,72991.9590481037,76095.4854852631,9.8630542168,3114.5705991320,11.0441619726,20204.7301756619,17077.4658027818,284.0313499332,2790.3149694207,1999.6101244254,0.8232416667,0.0000000000,0.0000000000,1329.6838839592,10459.2287435686
2025-06-17,53528.8816871628,2754.3577679018,-7.6847502355,504.5229275512,56780.0776323804,56112.7954562311,77929.5333058028,80790.2143418451,90.1757608532,2882.2977736949,21.6167376527,24033.4580625599,18011.4086991872,221.3295226589,1999.6101244254,3617.0460482991,0.8286263889,0.0000000000,0.0000000000,1200.0000000000,10782.3391282853
2025-06-18,52059.6235177628,1970.6835546482,-1170.9659299964,182.2616276090,53041.6027700236,53763.4952113770,75140.8631525015,74176.7173416052,26.9557979160,1853.1470604951,2817.2928713914,18772.8057205856,16780.7985897645,1283.2751087001,3617.0460482991,1867.2394304212,0.8200500000,0.0000000000,0.0000000000,1332.1796842367,10800.0000000000
2025-06-19,48444.1346398511,3154.1371985843,-519.1626517379,1664.4701184608,52743.5793051583,52495.3246878786,72666.7711185957,73821.8238805661,278.2210266262,2732.5075178840,1577.4547559136,21600.7395320386,16955.0255224419,1194.8266975956,1867.2394304212,2468.9877620982,0.8079104167,0.0000000000,0.0000000000,1200.0000000000,10800.0000000000
2025-06-20,16794.6143432209,0.0000000000,0.0000000000,0.0000000000,16794.6143432209,17090.7015147692,32988.9094278440,32988.9094278440,0.0000000000,0.0000000000,0.0000000000,12581.8241614124,10837.1989522526,8843.7033686842,2468.9877620982,1751.2973381999,0.6213069444,0.0000000000,0.0000000000,1573.0448641286,10800.0000000000
2025-06-21,16639.9511578892,160.5905535462,-13.4701610205,0.0000000000,16787.0715504149,16492.5432154253,33761.4124846488,33901.5554048470,0.0000000000,163.8859219720,23.7430017739,14071.4324603804,10755.3395513472,11250.7220958138,1751.2973381999,2465.2092732676,0.6095256944,0.0000000000,0.0000000000,1488.3149677859,10800.0000000000
2025-06-22,47544.7081214828,2319.2155892556,-87.7217483941,0.0000000000,49776.2019623443,49623.6979681024,70665.1592563007,72130.0836875641,0.0000000000,1756.9168576760,291.9924264126,19626.7794241367,15565.0001530068,610.9633164342,2465.2092732676,2834.8661405386,0.8074916667,0.0000000000,0.0000000000,1685.1998987888,10800.0000000000
2025-06-23,49137.0430002889,182.4157533582,-538.5854198815,52.6323218997,48833.5056556653,49179.0978062154,71544.3247045452,70653.7931803478,7.5065709049,236.3873930629,1126.9189172603,20017.5417631189,16968.1265279528,550.5985160866,2834.8661405386,1997.1798073980,0.8048722222,0.0000000000,0.0000000000,1458.9816354397,10800.0000000000
2025-06-24,59745.7114683636,0.0000000000,-766.7439375762,0.0000000000,58978.9675307874,58435.8368157929,84476.6571067821,82761.8488091114,0.0000000000,0.0000000000,1714.8082976708,23632.0980680546,17957.1465421925,818.1050332493,1997.1798073980,3313.6830217666,0.8405347222,0.0000000000,0.0000000000,1997.1798073980,10800.0000000000
2025-06-25,49394.9204448236,2043.1333012540,-579.2149505939,243.7747943431,51102.6135898267,51682.0104560391,72703.4649159889,73301.8071274493,35.3937995416,1794.3459120876,1196.0037006272,18167.2316921847,15979.4260564277,711.9739245673,3313.6830217666,1909.2737042576,0.8163465278,0.0000000000,0.0000000000,1200.0000000000,10800.0000000000
2025-06-26,48160.5584354643,1156.7106338037,-18.8821595116,21.7996955050,49320.1866052613,48981.4918702169,72125.6751386501,73280.1863589714,3.1126858721,1212.6191123405,58.1078920192,20735.3652868038,16056.7750625266,1057.3249872330,1909.2737042576,2730.2412817959,0.8059743056,0.0000000000,0.0000000000,1473.4384857083,10800.0000000000
2025-06-27,17310.5662394409,0.0000000000,0.0000000000,0.0000000000,17310.5662394409,17271.2352728660,34831.6052468654,34831.6052468654,0.0000000000,0.0000000000,0.0000000000,13324.1746706948,10706.7800210338,12442.5647305377,2730.2412817959,2825.5762398282,0.6051201389,0.0000000000,0.0000000000,1930.7157668573,10800.0000000000
2025-06-28,16770.8176467113,0.0000000000,-326.4978504029,0.0000000000,16444.3197963084,16785.2143449869,33550.7004377469,32977.7431139195,0.0000000000,0.0000000000,572.9573238273,14455.1071514283,12452.3065595021,9198.0164053266,2825.5762398282,1999.2764988892,0.6229888889,0.0000000000,0.0000000000,1423.2347782205,10800.0000000000
2025-06-29,47434.3587394173,7193.6881077276,-643.8904770007,957.6175669508,54941.7739370950,54819.8666796517,69759.0046373350,74904.3984652778,139.4833942134,6111.3284859172,965.9346579744,19700.4534997699,15691.4236813553,1767.0835077432,1999.2764988892,2294.7694471762,0.8118270833,0.0000000000,0.0000000000,1200.0000000000,10800.0000000000
2025-06-30,50448.2713371461,120.4860558314,-420.3919444268,300.6423678769,50449.0078164275,50635.5635172791,74758.3891710970,74166.8978869912,43.1676071672,81.2292349183,672.7205190241,19968.6101742432,16581.5500496200,945.3213862020,2294.7694471762,1842.5741044173,0.8101881944,0.0000000000,0.0000000000,1409.7294265673,10800.0000000000
2025-07-01,49094.8516380640,21410.7585438530,0.0000000000,434.7957207179,70940.4059026349,71205.5034192684,66510.0106466327,81746.7060829500,161.5466784779,15236.6954363173,0.0000000000,18731.0333201194,15750.4536832722,61.1290912475,1842.5741044173,1200.0000000000,0.8907618056,0.0000000000,0.0000000000,1200.0000000000,9465.6383168350
2025-07-02,47784.4462007022,14202.4971582610,0.0000000000,8655.4033789503,70642.3467379135,70642.3467379135,63521.3066393210,74358.8168079960,1970.6004921851,10837.5101686750,0.0000000000,17816.0559935088,14431.0053547421,39.6002947478,1200.0000000000,1200.0000000000,0.8753215278,0.0000000000,0.0000000000,1200.0000000000,9924.9901318407
2025-07-03,54609.9033120101,15145.9834645987,0.0000000000,4728.1291036701,74484.0158802789,74215.6010341985,73695.5192908013,83588.2827786189,1397.7336220546,9892.7634878175,0.0000000000,20506.0384312057,16024.3376002565,743.8966363909,1200.0000000000,1850.6150322446,0.9014361111,0.0000000000,0.0000000000,1200.0000000000,10800.0000000000
2025-07-04,17741.2510538782,1754.2059507779,0.0000000000,31984.9847600798,51480.4417647360,51748.8566108165,31835.5290069264,33591.1417508139,6700.7208169023,1755.6127438874,0.0000000000,11671.1224134533,10039.1626839173,9779.0353715135,1850.6150322446,1200.0000000000,0.6903083333,0.0000000000,0.0000000000,1200.0000000000,10800.0000000000
2025-07-05,18313.2232878915,8102.0910670817,0.0000000000,5030.6758736602,31445.9902286334,31445.9902286334,33705.5302808247,39591.6599663137,2146.1595172998,5886.1296854890,0.0000000000,13162.8116371762,10661.8774261127,10446.8053058834,1200.0000000000,1200.0000000000,0.6843187500,0.0000000000,0.0000000000,1200.0000000000,10800.0000000000
2025-07-06,49830.0229736088,20960.6797580394,0.0000000000,5908.9150385601,76699.6177702082,76674.2278634101,65789.9113972798,82757.4239301546,1061.7933559317,16967.5125328748,0.0000000000,20255.0646095401,16351.2136331982,121.3847597445,1200.0000000000,1261.5430005880,0.8986708333,0.0000000000,0.0000000000,1200.0000000000,10800.0000000000
2025-07-07,49113.1065375216,9687.5014772288,0.0000000000,13346.5049905277,72147.1130052781,72172.5029120762,65968.4219205611,74450.2934845452,2532.6208230172,8481.8715639840,0.0000000000,18870.0341084713,15340.1163283910,43.5137608154,1261.5430005880,1200.0000000000,0.8773902778,0.0000000000,0.0000000000,1200.0000000000,10800.0000000000
2025-07-08,56978.4077348970,6065.3330104194,-100.4551680669,356.3588230485,63299.6444002980,63146.4547266009,77015.5253305569,80016.8079791519,69.6805654102,3452.1730223988,450.8903738039,21072.5601892608,16734.5867463133,177.1280849479,1200.0000000000,1571.3188966533,0.8836034722,0.0000000000,0.0000000000,1200.0000000000,10315.2438381205
2025-07-09,56446.0272152351,2603.8020195647,-107.7585501373,1875.8903329830,60817.9610176455,60895.0841903057,76658.8571660239,77813.0729361976,265.8301531361,1463.4344229424,309.2186527688,19795.9077288201,16202.9313412891,427.2016851360,1571.3188966533,1384.3788067146,0.8791770833,0.0000000000,0.0000000000,1200.0000000000,10800.0000000000
2025-07-10,53116.7955225983,7873.8883683073,0.0000000000,1869.4239140817,62860.1078049873,62607.8411644146,70626.5117721068,77063.1654461975,306.3409418454,6436.6536740907,0.0000000000,20658.3030796767,16182.8996694265,40.4795944594,1384.3788067146,1995.8519457276,0.8775076389,0.0000000000,0.0000000000,1200.0000000000,10452.1466624965
2025-07-11,22976.6372760092,873.0081629829,-15.5787300560,3276.8585946756,27110.9253036117,27439.2584452213,39685.3100344482,40488.7766177447,680.5255901033,854.6495571570,51.1829738605,12809.6116840152,11092.0522152071,6932.9655890399,1995.8519457276,1200.0000000000,0.7069465278,0.0000000000,0.0000000000,1200.0000000000,10800.0000000000
2025-07-12,21509.6795547310,4320.6858646147,0.0000000000,177.1595725646,26007.5249919103,25911.1728771041,38806.1769302321,42234.7383341898,78.7636511786,3428.5614039577,0.0000000000,14564.3777977652,11586.9515292708,8251.8323835406,1200.0000000000,1433.5494299100,0.6942819444,0.0000000000,0.0000000000,1200.0000000000,10800.0000000000
2025-07-13,56634.5166825777,1660.6446685542,-1896.6528701166,3840.2127322363,60238.7212132516,60296.8062641940,75984.1998122428,72388.3737116288,472.7255187284,714.6999440730,4310.5260446870,19448.3456039153,15879.8738935571,24.9071199990,1433.5494299100,1292.7561472592,0.8542875000,0.0000000000,0.0000000000,1200.0000000000,10472.9969058895
2025-07-14,52464.7914016327,6740.9392185059,-20.3913120535,0.0000000000,59185.3393080852,59039.7897259134,72208.5287195105,76446.1004654078,0.0000000000,4322.9186104730,85.3468645757,19398.2964528538,15395.1001657043,635.2249615917,1292.7561472592,1645.5561040450,0.8722152778,0.0000000000,0.0000000000,1283.7793483063,10800.0000000000
2025-07-15,58774.5372719214,494.2311434268,-1142.1751839108,2492.8301359887,60619.4233674261,60467.0141421376,79686.5086514742,76623.4651208642,290.8492519026,243.2713711656,3306.3149017756,19898.7010135191,15785.4633811884,52.0261571028,1645.5561040450,2014.9832593362,0.8721083333,0.0000000000,0.0000000000,1200.0000000000,10399.2566499390
2025-07-16,57481.4117773208,864.9207592242,-48.2495753812,193.4750901249,58491.5580512887,58369.3661015538,75844.1652726711,76091.2410710386,23.0149396449,369.0912992781,122.0155009106,19368.2253208651,15421.6977932691,33.1650997541,2014.9832593362,2311.1662778159,0.8758020833,0.0000000000,0.0000000000,1622.9175195503,10699.4732170530
2025-07-17,55365.2687238935,2113.4454337293,-0.4555146291,4596.1229752533,62074.3816182469,62054.2244827682,74291.3298421419,76272.6497110829,538.5934058921,1983.2631907377,1.9433217967,20529.2090342016,16584.6860353501,146.3040514569,2311.1662778159,2360.0254804305,0.8748208333,0.0000000000,0.0000000000,1200.0000000000,10592.7153048502
2025-07-18,24879.4397566418,0.0000000000,-256.7919976016,0.0000000000,24622.6477590401,24611.0939702603,43398.2309019932,42538.0847311672,0.0000000000,0.0000000000,860.1461708259,12851.8159307544,10384.7660320778,8796.7867324907,2360.0254804305,2388.0308935785,0.6942027778,0.0000000000,0.0000000000,1815.0772680637,10800.0000000000
2025-07-19,24005.0660829261,352.4575209654,-530.3730739942,0.0000000000,23827.1505298973,24185.4871402907,41812.3385094106,40467.9861416995,0.0000000000,342.4381047964,1686.7904725075,13909.5522667435,12048.4573856682,11424.0722106241,2388.0308935785,1519.4530606831,0.6802993056,0.0000000000,0.0000000000,1210.4908162353,10800.0000000000
2025-07-20,57288.4718349554,1185.8932659199,-574.9596520103,0.0000000000,57899.4054488650,57636.1019669418,79242.1860865659,77735.2314742359,0.0000000000,666.7949599200,2173.7495722500,20892.9451088229,16348.8825746190,1101.1907233653,1519.4530606831,2157.6785757138,0.8676125000,0.0000000000,0.0000000000,1519.4530606831,10800.0000000000
2025-07-21,59545.6044045959,1905.0346275367,-139.3275989937,0.0000000000,61311.3114331389,61023.3963507869,79622.8175990877,80215.8556824931,0.0000000000,1106.2708420945,513.2327586891,20933.0034674379,16327.6390388830,1620.7419039381,2157.6785757138,2855.5605420935,0.8791791667,0.0000000000,0.0000000000,1973.1438130864,10800.0000000000
2025-07-22,57758.4619070235,2963.7263494190,-784.6227769612,1089.5660142431,61027.1314937244,61407.2438086572,76858.0857881944,78893.2002935611,129.8061158755,3660.6142373309,1625.4997319641,19445.4511849134,16580.0397395956,2362.4503474522,2855.5605420935,1934.2002311870,0.8751333333,0.0000000000,0.0000000000,1200.0000000000,10800.0000000000
2025-07-23,66210.7730514455,0.0000000000,-3344.6685814961,397.0299716577,63263.1344416072,63219.1781876650,89309.2070614348,80794.3822537948,46.3023379084,0.0000000000,8514.8248076400,21794.1367730562,17557.3591468187,2387.3598487989,1934.2002311870,2040.7464971391,0.8755840278,0.0000000000,0.0000000000,1250.3220593864,10800.0000000000
2025-07-24,66156.0162583329,0.0000000000,-1402.9773550364,0.0000000000,64753.0389032965,64074.6696572150,88551.9345160631,84490.4890452468,0.0000000000,0.0000000000,4061.4454708163,20932.3960756587,15475.3617765057,5416.9827460938,2040.7464971391,3685.0565468923,0.8774458333,0.0000000000,0.0000000000,1882.0719219377,10800.0000000000
2025-07-25,23758.0135965547,0.0000000000,0.0000000000,0.0000000000,23758.0135965547,24102.6125429268,40846.1425839943,40846.1425839943,0.0000000000,0.0000000000,0.0000000000,13501.6479017755,11688.0858011422,12527.2609166944,3685.0565468923,2849.7776572210,0.6769687500,0.0000000000,0.0000000000,1881.7401633737,10800.0000000000
2025-07-26,24127.6089047154,9.7911258844,-294.3957686147,0.0000000000,23843.0042619851,24095.3022338264,41960.9499069345,41459.8759651111,0.0000000000,8.6024966775,509.6764385009,14322.5730680676,12151.6783601724,10819.8896905492,2849.7776572210,2238.2285738458,0.6880090278,0.0000000000,0.0000000000,1246.4425283753,10800.0000000000
2025-07-27,58440.4588579608,1981.1366158669,-850.5771223135,0.0000000000,59571.0183515142,59637.6205185381,79749.1153993514,77858.3462841909,0.0000000000,1144.3790554081,3035.1481705686,20538.1984521347,16781.2349969411,416.1930289973,2238.2285738458,2076.7905174992,0.8771312500,0.0000000000,0.0000000000,1216.7981750147,10800.0000000000
2025-07-28,61271.2314978489,1582.2569534809,-0.5135407959,0.0000000000,62852.9749105338,62592.0355474194,82896.3690241955,83910.5955204301,0.0000000000,1015.5383899526,1.3118937181,22226.2654028201,17434.0293955608,1163.4822798374,2076.7905174992,2709.2856071919,0.8862368056,0.0000000000,0.0000000000,1648.6916705059,10800.0000000000
2025-07-29,59820.0014308993,4080.4040411770,-706.9019440679,0.0000000000,63193.5035280083,63306.7139095671,80364.9197479114,82781.5476074767,0.0000000000,4097.5145744359,1680.8867148705,20100.9660589924,16528.7537145239,3140.0893130082,2709.2856071919,2434.8731552585,0.8846277778,0.0000000000,0.0000000000,1239.9135421501,10800.0000000000
2025-07-30,56282.0485514330,6513.6026977851,-242.6823375801,0.0000000000,62552.9689116380,62339.9334759099,74077.5734873510,80276.7994242155,0.0000000000,6517.4870598406,318.2611229761,20524.3992043539,16160.0213599980,1809.1675298597,2434.8731552585,2951.2531502903,0.8796965278,0.0000000000,0.0000000000,1652.9568606104,10800.0000000000
2025-07-31,58157.0903703834,3430.9135085667,0.0000000000,0.0000000000,61588.0038789501,60732.5967883529,79331.9735957758,82498.2875186122,0.0000000000,3166.3139228364,0.0000000000,23197.2492665627,16923.6804882382,1529.7224736210,2951.2531502903,5024.6880588210,0.8814312500,0.0000000000,0.0000000000,1650.5526360647,10800.0000000000
2025-08-01,23443.2997326245,0.0000000000,-331.6772142264,0.0000000000,23111.6225183981,23981.0659499929,39686.4053976165,38702.9578447363,0.0000000000,0.0000000000,983.4475528803,12833.2554452607,12291.6489483446,16909.9916811535,5024.6880588210,2917.2302391727,0.6663972222,0.0000000000,0.0000000000,1777.6002295873,10800.0000000000
2025-08-02,24240.8829173206,0.0000000000,-633.0774607113,0.0000000000,23607.8054566093,23799.0972936521,42651.8886511159,41103.7316078376,0.0000000000,0.0000000000,1548.1570432783,13794.0887752624,11590.5197129844,17973.1376122263,2917.2302391727,2453.5549002595,0.6621875000,0.0000000000,0.0000000000,1288.8648783895,10800.0000000000
2025-08-03,49657.3855139911,213.3890361883,-173.0871462101,391.2402549702,50088.9276589396,50262.1523864104,66389.3298843168,66058.5402966150,46.5598797837,89.0951430178,419.8847307196,18115.5196944441,15051.4649176260,201.5654162473,2453.5549002595,2033.6727167859,0.8333687500,0.0000000000,0.0000000000,1200.0000000000,10800.0000000000
2025-08-04,52563.1770667644,2736.9481757313,-883.7927021643,0.0000000000,54416.3325403313,54202.9233668476,69919.4773677986,69879.4165619874,0.0000000000,1971.5058113012,2011.5666171123,18693.5650373457,14676.2303666983,446.4268080067,2033.6727167859,2550.9586207323,0.8447847222,0.0000000000,0.0000000000,1938.0801822165,10800.0000000000
2025-08-05,51522.4969850934,1178.3571538278,-159.7168795702,0.0000000000,52541.1372593510,52616.8646044574,68774.5733076934,69939.2082351657,0.0000000000,1489.7090826798,325.0741552075,18053.3469407761,14788.4120711429,1521.9636321992,2550.9586207323,2367.4018994942,0.8445958333,0.0000000000,0.0000000000,1825.2180755471,10800.0000000000
2025-08-06,58388.9135858275,0.0000000000,-2159.6775945144,0.0000000000,56229.2359913131,56291.9283986171,76963.6105835556,72037.7453149965,0.0000000000,0.0000000000,4925.8652685591,18931.1500954763,15470.9965919230,463.1925447765,2367.4018994942,2215.4407721751,0.8577486111,0.0000000000,0.0000000000,1393.8908884045,10800.0000000000
2025-08-07,56007.1914161298,695.7437376124,-1750.7514062979,0.0000000000,54952.1837474443,54522.8159292906,79489.4618911284,72326.8949288560,0.0000000000,526.1173528024,7688.6843150748,20058.4553745594,15310.6724927562,4191.1267970528,2215.4407721751,3256.1922839939,0.8411048611,0.0000000000,0.0000000000,1463.5634346254,10800.0000000000
2025-08-08,21434.3277743742,0.0000000000,0.0000000000,0.0000000000,21434.3277743742,21926.3019224022,38552.7962058772,38552.7962058772,0.0000000000,0.0000000000,0.0000000000,12903.4819680821,11525.0739893596,21399.2169771547,3256.1922839939,2063.6882893126,0.6379520833,0.0000000000,0.0000000000,1612.9514810461,10800.0000000000
2025-08-09,22160.8710022545,0.0000000000,-25.3619134137,0.0000000000,22135.5090888407,22244.8946808486,39479.3829071569,39438.7528943932,0.0000000000,0.0000000000,40.6300127637,14998.3174588497,12387.2644767784,17905.7709123219,2063.6882893126,1798.5468058569,0.6529750000,0.0000000000,0.0000000000,1643.7366494086,10800.0000000000
2025-08-10,54822.7987783501,0.0000000000,-424.7502044097,0.0000000000,54398.0485739404,53636.9444338977,73745.5785969157,72366.9464621641,0.0000000000,0.0000000000,1378.6321347517,20035.3535673365,14568.2691570229,1595.2430018505,1798.5468058569,3643.3992864343,0.8486909722,0.0000000000,0.0000000000,1422.6501923632,10800.0000000000
2025-08-11,48904.9617722246,1965.6092005970,-749.5153115123,5345.2391948798,55466.2948561891,56294.8929892971,67403.3019370305,67231.7635762570,631.1432505784,1571.9105618906,1743.4489226641,17531.3901660750,16008.0330579990,1778.2963854261,3643.3992864343,1634.9470381251,0.8396298611,0.0000000000,0.0000000000,1200.0000000000,10800.0000000000
2025-08-12,55078.1648602470,1407.2919180636,-698.8187797174,0.0000000000,55786.6379985931,55426.9224286150,76182.3439753808,73784.7770933147,0.0000000000,748.2282870036,3145.7951690697,19436.2884621865,14958.6653708205,1546.6103519488,1634.9470381251,2506.8673531813,0.8573708333,0.0000000000,0.0000000000,1421.1588258939,10800.0000000000
2025-08-13,50235.6313510232,3367.3870902569,0.0000000000,241.6010922462,53844.6195335263,53297.2726362212,68887.8667856426,72721.9448371256,28.2287367856,3834.0780514830,0.0000000000,20151.6888453348,15128.8173673145,1606.3226458910,2506.8673531813,3833.5902391887,0.8531652778,0.0000000000,0.0000000000,1203.5124092046,10800.0000000000
2025-08-14,50868.6956117176,2558.5352695019,0.0000000000,466.7286286826,53893.9595099021,54484.0762298343,67873.9886624883,71507.9401795669,54.3927542913,3633.9515170787,0.0000000000,18382.6201507821,16177.2763300653,3430.6981298081,3833.5902391887,2403.1968970423,0.8501201389,0.0000000000,0.0000000000,1209.7330835677,10800.0000000000
2025-08-15,22099.3057525176,298.0081576416,-173.7529854391,0.0000000000,22223.5609247201,22667.9654503220,39028.1997573349,38842.8742456993,0.0000000000,298.5596827552,483.8851943908,13366.8721826155,11796.6457723557,20112.9209521062,2403.1968970423,1325.9976698899,0.6512152778,0.0000000000,0.0000000000,1318.6513611211,10800.0000000000
2025-08-16,23467.3355078075,217.7774394183,-879.0181865166,786.8539042983,23592.9486650074,23570.1896483445,41287.7494827045,38981.0872345617,172.4340111872,229.7238684520,2536.3861165948,14255.1877714129,11497.0527452700,19466.1058529393,1325.9976698899,1381.1636138615,0.6473409722,0.0000000000,0.0000000000,1200.0000000000,10800.0000000000
2025-08-17,52990.5529601990,956.3795787515,-949.7371565550,616.8761823836,53614.0715647791,52953.5882344578,74617.8089232502,70847.3201106872,72.7871865378,562.7323114282,4333.2211239912,21125.3660900476,15670.6860493397,2300.0336398504,1381.1636138615,2982.1197067492,0.8399000000,0.0000000000,0.0000000000,1200.0000000000,10800.0000000000
2025-08-18,51169.6351967867,497.4506867297,-255.1647405457,2599.9639921229,54011.8851350936,54553.2025551179,68495.8114752737,68982.7233410355,312.2523579377,836.6196997132,349.7078339514,18686.0498454080,16316.5975205380,2531.4077574364,2982.1197067492,1670.0117670187,0.8475611111,0.0000000000,0.0000000000,1200.0000000000,10800.0000000000
2025-08-19,50399.2240144602,135.6687673462,-71.5985656970,1840.1811007232,52303.4753168326,52389.9401590269,67946.3271709142,68036.9380139826,276.1656100560,196.6259923979,106.0151493295,18470.7905772269,15149.9655282794,674.6185250912,1670.0117670187,1460.4282551013,0.8429152778,0.0000000000,0.0000000000,1200.0000000000,10800.0000000000
2025-08-20,58062.2573882113,4880.9059474839,-1465.0769543417,60.5176750591,61538.6040564126,59875.9643017974,81799.7580087158,79055.9145661647,7.2868964550,2479.2598649631,5223.1033075142,24454.5793331640,16181.1201102850,139.0511730740,1460.4282551013,5490.5273101878,0.8663486111,0.0000000000,0.0000000000,1454.8065679938,10767.7024762517
2025-08-21,50835.9233610342,494.1966325877,-959.5806924030,659.0931452705,51029.6324464893,52411.3264469308,69429.4317932027,66009.8797961854,83.4440577255,332.6343057526,3752.1863027699,15830.7257871860,15837.0870267470,255.2666101386,5490.5273101878,2141.4171556030,0.8472069444,0.0000000000,0.0000000000,1200.0000000000,10800.0000000000
2025-08-22,21739.8050448165,342.6679024845,-130.5779400588,2417.4819358968,24369.3769431390,24734.9510213921,38397.1789023496,38378.8040772101,470.6286478625,341.9685612404,360.3433863799,13279.2442962092,11553.6966420760,15893.3156709393,2141.4171556030,1255.2963087735,0.6604708333,0.0000000000,0.0000000000,1200.0000000000,10800.0000000000
2025-08-23,20835.3844448053,1211.3722341684,0.0000000000,223.9393836862,22270.6960626599,22222.2095943719,38430.7887017094,39589.0920228222,66.1084944310,1158.3033211128,0.0000000000,14509.1646135708,11646.6489246217,14262.6786783041,1255.2963087735,1372.8234336299,0.6591965278,0.0000000000,0.0000000000,1200.0000000000,10800.0000000000
2025-08-24,52377.4795906488,343.9405547875,-83.0597874410,311.7900002571,52950.1503582524,52603.0406885327,70102.2111105001,70152.4468383615,60.7735268685,388.4872209444,338.2514930829,20755.2493146756,16054.5237400045,1778.9053072255,1372.8234336299,2214.1881057218,0.8410215278,0.0000000000,0.0000000000,1200.0000000000,10800.0000000000
2025-08-25,64400.8713906276,104.3192126972,-5039.6617801889,205.1096647249,59670.6384878609,59947.1514001464,89508.5779682504,74607.5312350989,28.3339777214,45.9403826700,14946.9871158216,20131.6706833999,16909.8729113812,640.9804241348,2214.1881057218,1543.9440414694,0.8601569444,0.0000000000,0.0000000000,1200.0000000000,10800.0000000000
2025-08-26,52967.0553946434,1494.9403023585,0.0000000000,0.0000000000,54461.9956970019,53327.6365614660,71824.8511985396,73754.0209179664,0.0000000000,1929.1697194267,0.0000000000,23071.9100033813,16213.6149999000,1366.9075311517,1543.9440414694,4293.5352668459,0.8444180556,0.0000000000,0.0000000000,1543.9440414694,10800.0000000000
2025-08-27,51273.8444213544,4256.3695032816,-273.2670154005,1908.5529586689,57165.4998679044,57423.5592107729,69672.8982250845,73471.1639806814,224.6679460601,4568.7343294625,770.4685738656,19386.0191526485,16265.6382600053,2661.3021674317,4293.5352668459,3668.0211042236,0.8533875000,0.0000000000,0.0000000000,1200.0000000000,10800.0000000000
2025-08-28,49723.4891881852,5676.6735770021,-1.5529288903,5798.7001340628,61197.3099703598,61522.7693985204,68460.3061259508,73295.7792542517,729.2365458690,4839.9094342295,4.4363059285,19635.7921334810,16614.9893033420,236.4179866483,3668.0211042236,2879.1347984210,0.8635048611,0.0000000000,0.0000000000,1200.0000000000,10383.8047495457
2025-08-29,22525.2510894353,0.0000000000,-535.0395881686,227.1111785668,22217.3226798336,22895.3990517837,40063.6077796686,38540.0782341928,35.5945738683,0.0000000000,1523.5295454758,13745.3887259857,12613.0050007703,14888.0687328457,2879.1347984210,1235.5346509522,0.6645076389,0.0000000000,0.0000000000,1200.0000000000,10800.0000000000
2025-08-30,22826.9254563398,96.7559680485,-65.4394885182,200.7071947039,23058.9491305741,23054.8873613663,40652.8861333845,40557.8896202949,97.1809779770,133.9555452220,228.9520583116,14471.2582641297,11712.8583454174,19383.9508462262,1235.5346509522,1245.3800382052,0.6546625000,0.0000000000,0.0000000000,1200.0000000000,10800.0000000000
2025-08-31,51467.1496155644,1686.1738389797,-40.2301718917,2870.3100634495,55983.4033461019,55154.6899210471,70436.9436888615,72398.0863720205,349.5300933336,2041.6695513746,80.5268682156,21413.5057457014,15537.0811183477,224.5687546671,1245.3800382052,3254.1117445056,0.8465388889,0.0000000000,0.0000000000,1200.0000000000,10323.1041434517
2025-09-01,49773.7503999847,9.0788760415,-3878.8498262954,0.0000000000,45903.9794497309,44894.6685464777,78704.9144873708,66259.2481243508,0.0000000000,8.0039460826,12453.6703091027,20230.6918891396,14185.0240939924,6639.4457958702,3254.1117445056,5700.5965625175,0.7517326389,0.0000000000,0.0000000000,1694.9525358763,10800.0000000000
2025-09-02,43140.2147990226,857.0168143022,-977.5288532317,0.0000000000,43019.7027600931,43057.1683644079,65706.3455010762,65062.8477274136,0.0000000000,1209.1517351681,1852.6495088307,19073.2648271619,15531.0766389939,7462.9036892455,5700.5965625175,5609.7830858590,0.7539930556,0.0000000000,0.0000000000,2133.1541913515,10800.0000000000
2025-09-03,47027.6281079036,0.0000000000,-2003.9407112479,0.0000000000,45023.6873966557,44856.8119927859,69897.9833935697,63687.8828612427,0.0000000000,0.0000000000,6210.1005323271,18312.5781055864,14469.1455045918,4296.7330102481,5609.7830858590,6014.2750424514,0.7609944444,0.0000000000,0.0000000000,2187.0640977560,10800.0000000000
2025-09-04,45877.5308470026,0.0000000000,-460.7627986791,0.0000000000,45416.7680483235,45145.0954332078,67564.9467888299,65480.9490932588,0.0000000000,0.0000000000,2083.9976955711,19108.6403123055,14885.3382213927,7332.0814523460,6014.2750424514,6672.7866330900,0.7569979167,0.0000000000,0.0000000000,2281.4859629630,10800.0000000000
2025-09-05,17919.1853138104,0.0000000000,-284.6937177093,0.0000000000,17634.4915961011,18275.4698962955,35022.7640541678,34192.0364413527,0.0000000000,0.0000000000,830.7276128151,13086.7879539474,11998.6080276623,26279.5948484009,6672.7866330900,5119.1090942402,0.5586402778,0.0000000000,0.0000000000,3028.4664125350,10800.0000000000
2025-09-06,18348.3966105188,0.0000000000,-858.9166763559,0.0000000000,17489.4799341628,17805.3569252754,36340.8298650279,34888.7481391074,0.0000000000,0.0000000000,1452.0817259206,13962.9965707512,11999.1205775500,25203.7884459062,5119.1090942402,4353.4498106385,0.5657111111,0.0000000000,0.0000000000,2172.3733244141,10800.0000000000
2025-09-07,45561.2123513028,989.2476834966,-1137.0409914976,0.0000000000,45413.4190433019,43594.2930339954,70063.1584205589,69602.7221384279,0.0000000000,1417.6016187229,1878.0379008539,24329.9726704926,15738.8101347440,6050.5759860127,4353.4498106385,8762.8583976995,0.7593138889,0.0000000000,0.0000000000,2068.6320165820,10800.0000000000
2025-09-08,44252.9055963715,1952.6641134802,-548.9489126065,0.0000000000,45656.6207972451,45330.0759529670,67522.8108883154,67226.0339800057,0.0000000000,1673.9624496979,1970.7393580076,19248.6301473863,14879.0248824443,3460.8591817304,8762.8583976995,9554.3756609647,0.7735236111,0.0000000000,0.0000000000,2457.4149737645,10800.0000000000
2025-09-09,39192.4692650944,1861.8000920531,-428.0274384184,0.0000000000,40626.2419187291,41339.3500160692,57610.4038627612,58554.1724639223,0.0000000000,1635.2605779123,691.4919767512,17566.9371783933,15784.8818100158,3669.2828288782,9554.3756609647,7825.8615548344,0.7518833333,0.0000000000,0.0000000000,1852.9270296526,10800.0000000000
2025-09-10,45819.8221012774,2554.8174296388,-1505.2997291896,1307.1655854054,48176.5053871320,48076.9004174415,70395.5638822540,68464.9858518648,248.5101175654,2488.6591120632,4419.2371424524,22119.5891212510,17699.5765190798,2977.4847172590,7825.8615548344,8067.2956316494,0.7818236111,0.0000000000,0.0000000000,1200.0000000000,10800.0000000000
2025-09-11,46407.2316524391,0.0000000000,-1774.9243460688,0.0000000000,44632.3073063703,43504.9149375163,72278.4865027474,64772.4197907912,0.0000000000,0.0000000000,7506.0667119561,22855.4769484841,16053.5023967566,4474.3594557304,8067.2956316494,10800.0000000000,0.7530638889,0.0000000000,0.0000000000,1394.6699074074,10800.0000000000
2025-09-12,14117.8288073907,0.0000000000,0.0000000000,0.0000000000,14117.8288073907,16983.5816059359,27061.1392576856,27061.1392576856,0.0000000000,0.0000000000,0.0000000000,10832.4689797857,15026.0094530006,19703.0235309006,10800.0000000000,3853.6560229175,0.5750854167,0.0000000000,0.0000000000,2757.1769638932,10800.0000000000
2025-09-13,16179.1173358776,68.1687303667,-218.0135743029,0.0000000000,16029.2724919413,16080.8893881044,33600.6638863425,33290.6785138117,0.0000000000,71.7377816425,381.7231541733,13515.0806030606,11059.8188055598,22828.3152329776,3853.6560229175,3728.5410039390,0.5665159722,0.0000000000,0.0000000000,2454.3163933678,10800.0000000000
2025-09-14,51162.8910649920,0.0000000000,-2309.4564990963,0.0000000000,48853.4345658957,46418.1822140373,79747.9116122675,73357.2695574998,0.0000000000,0.0000000000,6390.6420547677,26190.4318616150,15901.6874459224,2969.2003918073,3728.5410039390,9631.3880728120,0.7759062500,0.0000000000,0.0000000000,2004.1639044182,10800.0000000000
2025-09-15,39001.6624114703,1143.2414641013,-89.4505642452,2532.9104016318,42588.3637129581,42706.8618364109,58517.4384277526,59376.0226110162,458.4935682500,1000.8236323629,142.2394490994,20910.3154510795,17195.8620599388,1053.0321547921,9631.3880728120,9344.1585788516,0.7617263889,0.0000000000,0.0000000000,1200.0000000000,10800.0000000000
2025-09-16,42513.8246210979,0.0000000000,-1618.7224900717,0.0000000000,40895.1021310263,43860.9382033042,62550.6458383297,56868.6367994686,0.0000000000,0.0000000000,5682.0090388611,12494.9820247297,16590.9791204651,1472.8639118707,9344.1585788516,2155.2211561470,0.7779465278,0.0000000000,0.0000000000,1777.5937729649,10800.0000000000
2025-09-17,47318.1231888088,307.9063438486,-651.2329778412,13.4391094600,46988.2356642763,44124.1783421709,73603.2490737637,72734.8153517632,2.6843322601,302.1989502397,1170.6326722402,28655.6917530421,16963.0994637688,1084.7889947501,2155.2211561470,9097.4554408085,0.7780548611,0.0000000000,0.0000000000,1518.4785179824,10800.0000000000
2025-09-18,38564.4915134347,4427.9843844085,0.0000000000,0.0000000000,42992.4758978432,43609.8135288083,57940.0818674328,63786.0836792880,0.0000000000,5846.0018118552,0.0000000000,19713.8436013484,17314.9504059197,2431.1393671927,9097.4554408085,7601.0808976668,0.7698256944,0.0000000000,0.0000000000,1606.2274530429,10800.0000000000
2025-09-19,13412.3373097562,0.0000000000,0.0000000000,0.0000000000,13412.3373097562,15531.0780999018,27275.8312293890,27275.8312293890,0.0000000000,0.0000000000,0.0000000000,12591.8577400368,14821.4894449426,13404.1106176282,7601.0808976668,2465.4312582080,0.5932520833,0.0000000000,0.0000000000,1323.7685541068,10800.0000000000
2025-09-20,14769.6217947095,63.8604974096,-147.2726597912,0.0000000000,14686.2096323279,14742.7693934180,32424.8748212513,32117.8753901871,0.0000000000,122.2250948705,429.2245259347,15226.4229726923,12456.7891052764,13702.8077894378,2465.4312582080,2328.3351499908,0.5874611111,0.0000000000,0.0000000000,1234.0243030964,10800.0000000000
2025-09-21,46631.6565883357,25.2418814423,-479.8290198891,0.0000000000,46177.0694498889,43125.5446566043,73977.7028659091,72116.2296094793,0.0000000000,30.0242251180,1891.4974815479,27691.2920763389,15772.9708679630,1910.4209177700,2328.3351499908,9724.9748320702,0.7738493056,0.0000000000,0.0000000000,1610.9712619951,10800.0000000000
2025-09-22,43005.7311387092,2100.4107663444,-1201.3423974861,0.0000000000,43904.7995075675,45060.1561125279,63681.1294923356,61434.8461364453,0.0000000000,1353.3254518952,3599.6088077856,17519.1626243199,16710.9603198762,12.6239486683,9724.9748320702,6924.4875052068,0.7821659722,0.0000000000,0.0000000000,1277.8523069809,10657.8554632957
2025-09-23,44318.6814735444,231.4143717196,-506.4123847830,1035.9493050975,45079.6327655785,44978.0470367958,68004.8660602270,66623.3047693319,208.3631272431,125.3883719789,1506.9496628740,22825.2278618830,18266.8228247535,156.6472761122,6924.4875052068,7170.7227756198,0.7817520833,0.0000000000,0.0000000000,1200.0000000000,10800.0000000000
2025-09-24,40143.3629752723,5903.0684487735,0.0000000000,0.0000000000,46046.4314240458,45230.9261744773,61630.9191980590,67226.2484870014,0.0000000000,5595.3292889424,0.0000000000,22984.6469393016,16838.5194419212,16.8958896210,7170.7227756198,9147.4389744122,0.7761097222,0.0000000000,0.0000000000,1230.0951001335,10544.8686665795
2025-09-25,41643.0217245946,1802.0857298114,-280.8085096726,945.9159812182,44110.2149259516,44269.7802008503,63365.0464258195,64248.4874854873,179.6218576754,2115.2541974534,1231.8131377856,20512.1784489216,16962.9600800335,543.4420742746,9147.4389744122,8760.6661561822,0.7776076389,0.0000000000,0.0000000000,1200.0000000000,10800.0000000000
2025-09-26,12057.9652569718,0.0000000000,-204.2026038932,0.0000000000,11853.7626530785,14880.7755049854,25245.2523972692,24607.9213727355,0.0000000000,0.0000000000,637.3310245337,11620.1190684932,16015.7987617858,11309.3575660281,8760.6661561822,1423.4413602863,0.5928138889,0.0000000000,0.0000000000,1402.3476550598,10800.0000000000
2025-09-27,14230.9066036329,786.0322191657,0.0000000000,4226.0433619745,19242.9821847730,19335.1641593000,31640.1914300762,32438.3140522175,916.3154127996,798.1226221413,0.0000000000,15679.1409870759,12901.2014237892,12775.3876517303,1423.4413602863,1200.0000000000,0.5996840278,0.0000000000,0.0000000000,1200.0000000000,10800.0000000000
2025-09-28,46172.6748468269,5828.5007891541,0.0000000000,0.0000000000,52001.1756359809,48263.3308647224,73371.9853472110,78530.7054231432,0.0000000000,5158.7200759322,0.0000000000,30770.5001362133,16769.9056362703,1042.4817565335,1200.0000000000,10260.2216378472,0.7893881944,0.0000000000,0.0000000000,1200.0000000000,10800.0000000000
2025-09-29,42922.6639629537,2491.4882264139,-623.1180417269,6021.0667323287,50812.1008799695,51475.4685993802,64614.5206801889,63764.3867705181,1040.6902844667,1525.6074096563,2375.7413193271,18284.8054602637,16257.8452715146,18.2252662358,10260.2216378472,8652.2740281794,0.7877583333,0.0000000000,0.0000000000,1200.0000000000,10435.1648389060
2025-09-30,42690.6049179465,4581.2851455639,0.0000000000,2213.9795343225,49485.8695978329,50259.3698315242,63421.2135923439,67333.2806940154,409.7186924276,3912.0671016715,0.0000000000,19028.9851167210,17100.8875574984,392.7270605537,8652.2740281794,6777.3744582301,0.7938243056,0.0000000000,0.0000000000,1200.0000000000,10588.9015286809
2025-10-01,39350.1428604494,26.5637732769,-475.3339213770,0.0000000000,38901.3727123493,37381.2159824281,63316.1017362876,61339.8232793315,0.0000000000,26.2008909374,2002.4793478935,23789.4623754460,15953.2055657590,3842.0449363111,6777.3744582301,10462.1066341771,0.7381555556,0.0000000000,0.0000000000,1559.8620321765,10800.0000000000
2025-10-02,40926.3991018888,0.0000000000,-1422.1864482331,0.0000000000,39504.2126536558,40041.6533520985,64313.7012000420,59323.1746099946,0.0000000000,0.0000000000,4990.5265900474,17432.4559501156,15292.7293027301,5452.6648459424,10462.1066341771,9159.3955418032,0.7419722222,0.0000000000,0.0000000000,2180.9717241761,10800.0000000000
2025-10-03,9924.8635025290,0.0000000000,0.0000000000,93.5985697157,10018.4620722447,12569.4824619069,22554.6198065780,22554.6198065780,31.0059335045,0.0000000000,0.0000000000,12107.3406048068,15372.0590480576,18033.1904833333,9159.3955418032,2975.9364771765,0.5579645833,0.0000000000,0.0000000000,1200.0000000000,10800.0000000000
2025-10-04,13189.0922730318,0.0000000000,-106.0186475849,200.9636439132,13284.0372693602,13479.0024249644,30379.4915173196,30176.9984906508,64.9422019432,0.0000000000,202.4930266687,15040.2638114160,12607.9349262435,14713.6293740882,2975.9364771765,2503.3573227359,0.5858305556,0.0000000000,0.0000000000,1200.0000000000,10800.0000000000
2025-10-05,46159.4451603556,0.0000000000,-2214.0113242730,0.0000000000,43945.4338360826,40522.6078071180,76872.7150634405,68735.4812874368,0.0000000000,0.0000000000,8137.2337760037,29176.0527388014,16165.6243088914,989.0917908602,2503.3573227359,10800.0000000000,0.7525611111,0.0000000000,0.0000000000,1378.6346590903,10800.0000000000
2025-10-06,37913.9579343920,2790.6329982472,-19.6491543688,0.0000000000,40684.9417782704,40848.3202206604,58010.6385767648,61372.5607715453,0.0000000000,3404.2315880915,42.3093933110,20153.2185239574,16680.5210586362,166.7540562242,10800.0000000000,10403.9843841880,0.7684895833,0.0000000000,0.0000000000,1471.0505567787,10800.0000000000
2025-10-07,38196.8568065826,2983.3429402540,-216.3328433808,0.0000000000,40963.8669034558,41066.0827324812,59961.9578644753,62171.4626519263,0.0000000000,2564.8189482420,355.3141607910,20187.3503582724,16574.7401126102,787.2894062640,10403.9843841880,10156.2218037331,0.7657534722,0.0000000000,0.0000000000,1962.4131564105,10800.0000000000
2025-10-08,34249.4446259463,2647.3009586956,0.0000000000,1387.6436388679,38284.3892235098,40430.5234758968,52160.1376523428,54394.6700696000,271.1453803660,2234.5324172571,0.0000000000,15100.8629703957,16913.5431870964,0.0000000000,10156.2218037331,4954.1727136488,0.7606854167,0.0000000000,0.0000000000,1200.0000000000,10518.2274975345
2025-10-09,43920.3563415473,0.0000000000,-2619.3130412269,7032.5934351554,48333.6367354759,46891.8723786283,71797.2464119385,62425.2309453410,1130.2204902570,0.0000000000,9372.0154665975,24435.5075494109,16647.5170292524,7.4792321062,4954.1727136488,8448.8883645048,0.7578034722,0.0000000000,0.0000000000,1200.0000000000,10695.5905133812
2025-10-10,10422.3747068742,89.9666020217,-48.2111019157,514.3305343698,10978.4607413500,13836.3661673898,23865.4192418893,23805.3259289443,149.3413390103,102.7312093890,162.8245223341,11942.6539223629,15908.1400220970,18576.5424510220,8448.8883645048,1521.5657589681,0.5595319444,0.0000000000,0.0000000000,1200.0000000000,10800.0000000000
2025-10-11,13186.0160335407,245.4480820834,-2.5500175411,0.0000000000,13428.9140980830,13182.4750761337,31751.6471063814,31977.8882536729,0.0000000000,235.4105739047,9.1694266132,17596.4174255200,13715.4853816280,13990.6426264476,1521.5657589681,2118.9132401271,0.5845513889,0.0000000000,0.0000000000,1521.5657589681,10800.0000000000
2025-10-12,42255.2633313182,1801.8739550471,-162.8861201946,105.1205901667,43999.3717563373,40755.2077187904,71335.2191057707,71789.3954653429,20.9299333333,1151.6361121054,697.4597525332,29171.5766207021,16551.7541421844,675.5469368251,2118.9132401271,9982.4942629986,0.7663437500,0.0000000000,0.0000000000,1419.1294601435,10800.0000000000
2025-10-13,40055.2080201750,2960.1356528908,-1446.9137147189,0.0000000000,41568.4299583469,41830.8906443107,63728.1845597877,60204.0668630047,0.0000000000,1899.2165416298,5423.3342384128,19661.0015660014,16497.9756520611,13.6456490645,9982.4942629986,9346.3116145542,0.7646513889,0.0000000000,0.0000000000,1219.9551150950,10785.8389715479
2025-10-14,41862.4015081362,1589.3121495982,-879.7118573343,1145.5240903570,43717.5258907570,43972.4511757001,66174.6506690738,64419.1757275501,223.1755569782,1360.8685325398,3116.3434740634,20843.1966326864,17439.1149950827,464.4403635913,9346.3116145542,8728.3941449911,0.7730666667,0.0000000000,0.0000000000,1200.0000000000,10763.4044562960
2025-10-15,43089.8075868667,199.0781346594,-1048.4449510667,1383.0661088667,43623.5068793260,44010.6690349695,68607.7779532837,64854.4800565442,272.3652159616,144.8930805430,3898.1909772825,20766.6848779571,17665.6184303030,105.7551748517,8728.3941449911,7789.9456125937,0.7760555556,0.0000000000,0.0000000000,1200.0000000000,10738.6312684839
2025-10-16,42528.0544282340,1758.0166202094,0.0000000000,1751.5957176170,46037.6667660604,45687.0082570225,66724.8710092751,68164.9571966057,286.4505509417,1440.0861873305,0.0000000000,23482.6795812433,18256.0003764530,258.2555927571,7789.9456125937,8639.9123729871,0.7822208333,0.0000000000,0.0000000000,1200.0000000000,10800.0000000000
2025-10-17,9597.5115955302,537.2079738799,0.0000000000,2780.0163981270,12914.7359675371,15974.0987901353,22275.8290347806,22847.9853392159,566.5225278966,572.1563044352,0.0000000000,11497.4221696745,15986.9865232984,11899.8729040697,8639.9123729871,1224.2739664737,0.5888062500,0.0000000000,0.0000000000,1200.0000000000,10800.0000000000
2025-10-18,13320.9511639262,399.9221158427,-220.3702000088,0.0000000000,13500.5030797602,13369.7576109323,32067.1697291337,31775.8817488076,0.0000000000,397.8866680035,689.1746483296,17086.8650488306,13555.1362625381,12167.5596958485,1224.2739664737,1541.1899964899,0.5830680556,0.0000000000,0.0000000000,1224.2739664737,10800.0000000000
2025-10-19,47570.4245440109,1465.2339741417,-385.4853366189,1686.6377939849,50336.8109755187,47138.3960739531,76335.9312972082,76233.3068551888,330.9000287866,796.4320907344,899.0565327538,29864.1724586115,17212.5596261155,26.8715181461,1541.1899964899,9293.8789580008,0.7893604167,0.0000000000,0.0000000000,1200.0000000000,10623.0978088269
2025-10-20,46894.2071060192,0.0000000000,-1135.3503145458,0.0000000000,45758.8567914735,45535.9502168208,72969.7483250585,70247.4336754181,0.0000000000,0.0000000000,2722.3146496404,23194.6978010442,18301.4290931560,913.3826008633,9293.8789580008,9834.1857643228,0.7871270833,0.0000000000,0.0000000000,1201.0025302070,10800.0000000000
2025-10-21,45942.1013767549,2664.4640694872,-719.9067280006,0.0000000000,47886.6587182415,47739.3655456363,71273.3290266027,71448.4828301113,0.0000000000,2072.1287596811,1896.9749561724,22165.0624919829,17632.3769723705,453.2159604989,9834.1857643228,10191.2120378069,0.7953062500,0.0000000000,0.0000000000,1753.0433556047,10800.0000000000
2025-10-22,43011.7894198841,2379.8707163459,0.0000000000,1275.5211656217,46667.1813018517,47069.1920573102,66602.5967610861,68582.9790521079,214.0975102080,1980.3822910218,0.0000000000,21115.3157382659,17980.4020095664,107.2661336166,10191.2120378069,9216.7717471724,0.7929506944,0.0000000000,0.0000000000,1200.0000000000,10800.0000000000
2025-10-23,48909.9479704153,2338.2615778703,-3505.6783218022,472.1931982504,48214.7244247337,48374.3867366627,76799.7931546045,67126.3430321134,95.2095953693,1334.7623067519,11008.2124292430,21863.4069563598,18057.6668597052,36.3154974948,9216.7717471724,8829.7637193348,0.7813361111,0.0000000000,0.0000000000,1200.0000000000,10796.4420701998
2025-10-24,10164.1427227521,719.6896356893,0.0000000000,3154.6893312861,14038.5216897276,17173.4895390311,23486.9364519454,24205.9851953586,659.4380689609,719.0487434132,0.0000000000,11537.4368180299,16184.3325970072,11092.2683266302,8829.7637193348,1230.8650811093,0.5963583333,0.0000000000,0.0000000000,1200.0000000000,10800.0000000000
2025-10-25,13097.5532294463,1518.2307238614,0.0000000000,0.0000000000,14615.7839533076,14450.8958233577,31835.8392009591,33024.2654826732,0.0000000000,1188.4262817141,0.0000000000,18429.4373781268,14568.1368018429,9764.5321730560,1230.8650811093,1630.5400527090,0.5985090278,0.0000000000,0.0000000000,1230.8650811093,10800.0000000000
2025-10-26,49870.4448473777,3208.0447894085,-2001.7033944750,1053.6843995313,52130.4706418425,49063.8072857329,79966.6218933154,76658.5911191177,206.0616227756,2342.5265446022,5650.5573188000,29240.0669821071,16994.4533978476,74.7271409673,1630.5400527090,9063.8743389969,0.7873305556,0.0000000000,0.0000000000,1200.0000000000,10675.8556190574
2025-10-27,41808.8069272208,4137.3190049449,-55.9731064651,103.6609000000,45993.8137257006,46280.2430710317,64546.3831471400,68495.3644115097,19.7449333333,4214.0054427083,265.0241783386,21028.0723408454,17657.5911943023,1592.0465316334,9063.8743389969,8369.5936743107,0.7828958333,0.0000000000,0.0000000000,1478.0769147160,10800.0000000000
2025-10-28,43885.2046641504,4614.2047089028,0.0000000000,1110.7688171552,49610.1781902084,48709.6051142608,68014.6392926144,72341.4095162813,168.9676195517,4326.7702236668,0.0000000000,23063.0165882991,16716.4213209349,191.3601684688,8369.5936743107,10552.5071360744,0.7930666667,0.0000000000,0.0000000000,1200.0000000000,10758.0453648805
2025-10-29,47835.5157540489,1628.6529112081,-363.5691831595,227.0919421598,49327.6914242573,49743.4881880118,73307.1719373038,73379.3808005495,40.6827239275,1004.0729220918,931.8640588461,22364.8901371493,19022.6317857775,765.5483731053,10552.5071360744,9544.6507197559,0.8069569444,0.0000000000,0.0000000000,1200.0000000000,10800.0000000000
2025-10-30,42529.1177509208,3363.6137982266,0.0000000000,4094.6527337043,49987.3842828517,49993.2336998109,64943.4760726591,68389.9372893850,662.0379580642,3446.4612167259,0.0000000000,21571.6054244208,17485.7610394502,178.3132124785,9544.6507197559,9530.4722245678,0.7919604167,0.0000000000,0.0000000000,1200.0000000000,10800.0000000000
2025-10-31,10717.1229300007,0.0000000000,0.0000000000,2332.8082100889,13049.9311400897,16435.2311093914,24041.0589524132,24041.0589524132,554.0974192449,0.0000000000,0.0000000000,11097.3388661910,16373.9588773443,5967.4843161448,9530.4722245678,1324.7895626461,0.6177326389,0.0000000000,0.0000000000,1200.0000000000,10800.0000000000
2025-11-01,13536.5214780519,815.5063784607,0.0000000000,0.0000000000,14352.0278565126,14038.4418085127,33002.2490992061,34121.3046655280,0.0000000000,1119.0555663219,0.0000000000,19125.6860971975,14807.7101317279,7259.2902667250,1324.7895626461,2084.8957926485,0.6046034722,0.0000000000,0.0000000000,1324.7895626461,10800.0000000000
2025-11-02,50036.7870455892,2616.2077740662,-199.1802239165,2568.4182437717,55022.2328395106,52382.9920450915,78294.5864161295,80546.2591546115,413.7032787307,2628.1182840301,376.4455455482,29852.7090367893,18423.1261983895,733.9956616090,2084.8957926485,8482.1937053261,0.8022444444,0.0000000000,0.0000000000,1200.0000000000,10800.0000000000
2025-11-03,50006.3281648740,1080.7986470412,-627.1705912225,0.0000000000,50459.9562206927,50245.5234008118,75930.6837867008,74819.1810964702,0.0000000000,598.5279902100,1710.0306804405,22016.9745132151,17365.9589325868,663.2352325086,8482.1937053261,9001.9608421232,0.8054708333,0.0000000000,0.0000000000,1442.5344312211,10800.0000000000
2025-11-04,46845.5180589043,3607.0798558457,-181.1575581669,125.6093254162,50397.0496819993,49734.0727286556,71982.1523582746,73786.6169637485,26.2745868159,2588.6743028836,784.2096974097,23639.2295244355,17701.4755317914,295.0655245869,9001.9608421232,10608.9612676803,0.7975826389,0.0000000000,0.0000000000,1320.8443447239,10800.0000000000
2025-11-05,52308.8960883257,360.9674339539,-1716.9253825139,1356.8066771427,52309.7448169084,52586.0880934251,77819.7241489207,73328.0501457882,247.7292662596,208.8720044542,4700.5460075866,22166.4264797472,18557.6550418581,288.9879074921,10608.9612676803,9939.1283862771,0.8089555556,0.0000000000,0.0000000000,1200.0000000000,10800.0000000000
2025-11-06,48015.0795397763,3838.7903133064,0.0000000000,694.2042840410,52548.0741371236,53355.3204353772,71176.9699377811,74274.5684479009,146.9501020881,3097.5985101198,0.0000000000,19930.3947397987,17904.6472145544,1026.1864747448,9939.1283862771,7982.4311914799,0.8150673611,0.0000000000,0.0000000000,1200.0000000000,10800.0000000000
2025-11-07,11363.9251486386,108.1651630498,0.0000000000,2516.8585690222,13988.9488807106,16787.0785489289,26310.6586413397,26426.6361733569,505.5912185649,115.9775320172,0.0000000000,13108.5153804125,16722.0855304661,7227.3357586420,7982.4311914799,1200.0000000000,0.6155340278,0.0000000000,0.0000000000,1200.0000000000,10800.0000000000
2025-11-08,14214.8028501632,71.8610622463,0.0000000000,0.0000000000,14286.6639124095,14220.0298709060,33963.8355488828,34030.0347138748,0.0000000000,66.1991649920,0.0000000000,18783.9630528291,15069.6462871255,6524.5108481712,1200.0000000000,1361.5153174067,0.6173409722,0.0000000000,0.0000000000,1200.0000000000,10800.0000000000
2025-11-09,54374.6471595008,1261.9108193611,-179.2146334918,0.0000000000,55457.3433453702,51955.7845580991,85030.1157872058,85301.8470725232,0.0000000000,704.8668392018,433.1355538843,31806.4754225834,18124.5092514911,273.0637180976,1361.5153174067,9848.9995849639,0.8103173611,0.0000000000,0.0000000000,1361.5153174067,10800.0000000000
2025-11-10,51803.4043455969,3911.8985434799,-5.7829483966,0.0000000000,55709.5199406802,55389.5210829973,76864.8099078631,80037.5690215129,0.0000000000,3187.0770692247,14.3179555749,23838.3552527572,18610.9824471029,951.7531158586,9848.9995849639,10624.6499267755,0.8189729167,0.0000000000,0.0000000000,1225.4978900600,10800.0000000000
2025-11-11,53250.6519981681,414.1390998815,-999.4783544046,10.4696550000,52675.7823986450,52603.4407517692,78820.2487652438,76623.2481830901,2.0516666667,229.7302638480,2426.7308460016,22370.3522408044,17962.1702491495,658.0981914352,10624.6499267755,10800.0000000000,0.8138590278,0.0000000000,0.0000000000,1440.7533107359,10800.0000000000
2025-11-12,49246.4793744028,2630.5397079776,-338.7345749657,60.5796866667,51598.8641940814,52140.9589571671,73786.1097439795,74873.5825444892,11.7733333333,2064.2099417423,976.7371412326,21620.6101379095,18695.2871502992,1004.0451402122,10800.0000000000,9486.0078460083,0.8123951389,0.0000000000,0.0000000000,1277.4982553084,10800.0000000000
2025-11-13,49096.2450272615,5027.6665181961,-6.6022015957,0.0000000000,54117.3093438619,54300.3761035304,72400.9357285897,75970.7061832642,0.0000000000,3593.5279271310,23.7574724565,20148.8992919894,16719.9730247647,145.9085993728,9486.0078460083,9042.2694035047,0.8185361111,0.0000000000,0.0000000000,1498.9679450274,10689.4971074067
2025-11-14,11738.1946200491,312.7814362567,-43.8707345314,5.0575990774,12012.1629208518,15159.7971666975,26343.2459898800,26430.5439787761,3.5806011168,220.5350728511,133.2370839550,12618.2357951361,17087.4118212486,3304.8453060054,9042.2694035047,1412.6684844065,0.6290784722,0.0000000000,0.0000000000,1200.0000000000,10800.0000000000
2025-11-15,15547.6495204533,1.1776994465,-152.3754385336,227.2921181066,15623.7438994728,15238.7039732813,36896.7603496479,36320.4597650919,59.5321041851,2.3563269443,578.6569115004,20607.5140297280,15852.1123801984,3412.7033030807,1412.6684844065,2345.9729109413,0.6287680556,0.0000000000,0.0000000000,1200.0000000000,10800.0000000000
2025-11-16,54693.9909246391,4956.4569208538,0.0000000000,13.8968883667,59664.3447338596,56622.3752443959,83870.3195688591,87566.7727313371,2.7407333333,3696.4531624780,0.0000000000,29979.1970549014,17647.0190287833,802.7910552189,2345.9729109413,9719.4513394823,0.8205798611,0.0000000000,0.0000000000,1372.3465351649,10800.0000000000
2025-11-17,48561.3785576462,5161.7598547682,0.0000000000,0.0000000000,53723.1384124144,54422.2925356675,71306.4409708972,76065.2450456367,0.0000000000,4758.8040747395,0.0000000000,20174.6376969084,17866.6782954303,1061.5313108252,9719.4513394823,8024.7604939995,0.8158548611,0.0000000000,0.0000000000,1313.1484179837,10800.0000000000
2025-11-18,53125.6294400141,2172.4722684954,-2.9759127437,2406.3073076671,57701.4331034329,57166.2529349989,78652.3079785061,80168.4373301451,476.3516154963,1525.0280288127,8.8986771737,23648.5214059884,17987.7937570258,93.5094633455,8024.7604939995,9321.9922515826,0.8219125000,0.0000000000,0.0000000000,1200.0000000000,10800.0000000000
2025-11-19,52554.7570446571,6008.4401259913,-11.1159493120,329.5058463583,58881.5870676948,58610.7550572516,76653.1413226184,81240.0784974063,69.8466068603,4619.7026062437,32.7654314557,22444.1535992115,17588.9377833684,1086.3976884236,9321.9922515826,9978.4662871302,0.8290138889,0.0000000000,0.0000000000,1200.0000000000,10800.0000000000
2025-11-20,50671.7738923067,3903.4317983718,-0.3300783826,446.2972087939,55021.1728210898,55596.6121028491,74714.6384274385,77591.7324323921,87.1754481385,2878.7598055219,1.6658005684,21034.1098898186,18292.9638295656,144.6857869442,9978.4662871302,8583.6498217831,0.8211791667,0.0000000000,0.0000000000,1200.0000000000,10718.1720548196
2025-11-21,14169.3697295771,355.0618313240,0.0000000000,0.0000000000,14524.4315609011,15393.5446904324,32674.5027077020,33008.7287009444,0.0000000000,334.2259932424,0.0000000000,16494.2556218263,15256.3385293601,2906.4275418116,8583.6498217831,6476.9926265822,0.6326340278,0.0000000000,0.0000000000,1335.0070028236,10800.0000000000
2025-11-22,15063.8343600740,248.8772693207,-268.0238549558,0.0000000000,15044.6877744389,16217.1157725409,35021.5395865671,33592.8933715698,0.0000000000,184.7495954920,1613.3958104894,16358.5724662219,15808.1239520504,2822.6153740649,6476.9926265822,3635.1256772370,0.6366750000,0.0000000000,0.0000000000,1328.3643417341,10800.0000000000
2025-11-23,56068.7858555075,3629.1583405272,-103.3589572676,0.0000000000,59594.5852387671,56903.1519376419,84651.4333794495,87006.1865945170,0.0000000000,2687.0980210698,332.3448060024,29601.2874609680,18105.6154964642,278.4183466798,3635.1256772370,10158.9338404814,0.8264944444,0.0000000000,0.0000000000,1247.8815601811,10800.0000000000
2025-11-24,50820.1577345751,2750.6657259936,-0.0152561609,1956.3447515478,55527.1529559557,56270.5727348386,74076.9548006070,76125.8702285899,321.5717110086,2048.9874759682,0.0720479853,20455.6963282459,18190.9023934934,20.7043048461,10158.9338404814,8356.9467653545,0.8210506944,0.0000000000,0.0000000000,1200.0000000000,10710.2715098670
2025-11-25,60648.0329794831,0.0000000000,-2747.3968296447,0.0000000000,57900.6361498383,58439.7730746275,86173.9446840771,79844.5107628504,0.0000000000,0.0000000000,6329.4339212267,21321.0083381206,18446.1570961325,800.9990541957,8356.9467653545,7050.1241628490,0.8241243056,0.0000000000,0.0000000000,1393.9030881647,10800.0000000000
2025-11-26,58573.4682324070,2385.5945017513,-960.0858859843,758.6793827380,60757.6562309120,59679.1127979971,85496.2935662313,84960.6809365889,116.7648145807,1562.1806560280,2097.7932856703,25017.6153517193,17911.3996477635,1213.5631638804,7050.1241628490,9664.4228152148,0.8299340278,0.0000000000,0.0000000000,1200.0000000000,10800.0000000000
2025-11-27,55155.7030701614,1521.9708727154,-379.0522367278,696.1998276281,56994.8215337772,57474.3597188140,79218.7288153167,79381.0610411144,108.0049375780,1147.4506356133,985.1184098156,21091.2709990565,18130.0537480719,746.9559943746,9664.4228152148,8502.0625498413,0.8285638889,0.0000000000,0.0000000000,1200.0000000000,10800.0000000000
2025-11-28,13791.8408417713,162.9964878939,-0.5089493973,813.3151384882,14767.6435187562,16151.9079945329,32429.7063506156,32550.2812827811,162.2897612468,122.1447945877,1.5698624221,15907.9619070934,15905.2558384681,1788.6264254026,8502.0625498413,5146.7217790386,0.6340243056,0.0000000000,0.0000000000,1200.0000000000,10800.0000000000
2025-11-29,19159.8470025784,0.0000000000,-1355.9855390174,0.0000000000,17803.8614635610,17491.8848843229,46143.7666367370,39739.1596635286,0.0000000000,0.0000000000,6404.6069732084,19994.6916340708,15515.1157119280,330.1336413859,5146.7217790386,5902.9267920045,0.6504381944,0.0000000000,0.0000000000,1373.2986306094,10800.0000000000
2025-11-30,60263.2588005754,2523.4832072574,-80.4872287687,0.0000000000,62706.2547790640,61038.7061763127,88036.5000875445,89602.3939623197,0.0000000000,1730.0525892292,164.1587144540,27388.4649329108,18546.8586742234,515.9595869656,5902.9267920045,9944.9244824871,0.8395993056,0.0000000000,0.0000000000,1236.0830515979,10800.0000000000
2025-12-01,63804.7840510438,6847.9434031828,-9.3590244700,6001.0161457733,76644.3845755300,76979.5386652755,85272.8013271448,89224.4056871153,927.2868100621,3981.5261047655,29.9217447951,22372.4445276981,18852.8268832013,333.1471193473,9944.9244824871,9132.5391316361,0.9076055556,0.0000000000,0.0000000000,1200.0000000000,10800.0000000000
2025-12-02,68638.1835578006,7070.6543895261,-411.6636288830,4166.3359081888,79463.5102266324,79441.6608810890,90008.7265513063,93046.8172462110,640.2048054333,4080.0192724469,1041.9285775421,23134.1492679802,18690.9960272090,606.0588608732,9132.5391316361,9185.5001092528,0.9153138889,0.0000000000,0.0000000000,1200.0000000000,10800.0000000000
2025-12-03,57587.0760838532,18638.8620927599,0.0000000000,951.3887592242,77177.3269358373,78057.9252253667,77452.5068860625,89882.4847107604,142.2333255605,12429.9778246979,0.0000000000,20831.9791627128,18794.9497539517,824.9400608930,9185.5001092528,7051.0038513036,0.9120326389,0.0000000000,0.0000000000,1200.0000000000,10800.0000000000
2025-12-04,66020.6704644474,9257.2847287719,-713.0401153655,7034.5256365890,81599.4407144428,81389.2312348975,87490.7878361490,91448.6285247940,1136.9902945118,5256.1369457839,1298.2962571389,22715.4313398733,17940.9222820608,1039.9010114933,7051.0038513036,7560.5339660109,0.9050854167,0.0000000000,0.0000000000,1200.0000000000,10800.0000000000
2025-12-05,17412.9526151781,4896.0745807203,0.0000000000,2053.0932902109,24362.1204861093,24179.5150461179,40040.5461024502,45384.5278224135,420.6826038176,5343.9817199634,0.0000000000,20785.4285584586,16437.8389142178,145.9930986570,7560.5339660109,8003.1542083817,0.7171770833,0.0000000000,0.0000000000,1200.0000000000,10800.0000000000
2025-12-06,19530.0915657119,5209.4059941012,0.0000000000,1049.6878060104,25789.1853658235,25631.1395067294,43190.3988068750,48542.9849860411,209.5938542958,5352.5861791661,0.0000000000,20963.8558278260,16635.9423267435,760.0345225878,8003.1542083817,8386.2440903767,0.7271965278,0.0000000000,0.0000000000,1200.0000000000,10800.0000000000
2025-12-07,68968.5930866009,5789.1686291091,-790.0825513023,3677.5451536148,77645.2243180225,77203.2488606747,91624.0710978305,93345.6550787934,543.4783387401,3765.2244712703,2043.6404903074,24481.5024492724,18865.8367510755,620.7864693365,8386.2440903767,9457.5554601936,0.9101083333,0.0000000000,0.0000000000,1200.0000000000,10800.0000000000
2025-12-08,70143.7054802783,2040.7852060340,-469.1965607933,280.8806924240,71996.1748179429,71924.5376101798,93387.6376996072,93474.8547061764,39.9233448119,1352.6111012875,1265.3940947183,23594.8473742285,18955.5480583174,1028.2676184106,9457.5554601936,9631.1980322021,0.9085152778,0.0000000000,0.0000000000,1200.0000000000,10800.0000000000
2025-12-09,68962.5793207669,1688.7842011226,-827.3095736979,483.2352747332,70307.2892229248,70308.3654771490,93270.8114754775,92230.7979610426,65.3600947083,900.4387120246,1940.4522264595,24216.0570383548,19617.3540758899,309.0008266193,9631.1980322021,9628.5892823993,0.9057770833,0.0000000000,0.0000000000,1422.5887165601,10800.0000000000
2025-12-10,66507.4164122104,4963.0755633765,-12.6534850526,113.9534514402,71571.7919419745,71715.8595769005,89351.7359407231,92890.2180709038,15.5218213499,3565.2036365573,26.7215063766,24636.8957193182,20270.1725897177,151.3982959866,9628.5892823993,9279.3814412105,0.9161590278,0.0000000000,0.0000000000,1265.1177278311,10799.3667339332
2025-12-11,67529.1558246850,1758.9080494453,-1026.5529577237,0.0000000000,68261.5109164066,68273.9046745427,91916.7016496042,90775.1101996112,0.0000000000,1172.1917404903,2313.7831904833,23672.3709352551,19201.6577430139,343.1423073700,9279.3814412105,9249.3400129246,0.8976340278,0.0000000000,0.0000000000,1237.8730871074,10800.0000000000
2025-12-12,18976.7610313046,2500.2085991557,-37.6042178772,0.0000000000,21439.3654125832,23136.3198347294,41628.5507393474,44334.6602506046,0.0000000000,2808.0282673947,101.9187561375,16319.8708337400,16921.0428085060,1221.4187420372,9249.3400129246,5136.0650871729,0.7237798611,0.0000000000,0.0000000000,1414.1158426431,10800.0000000000
2025-12-13,22727.8887879783,1107.1364215363,-19.1044663237,0.0000000000,23815.9207431909,22764.3756502103,50233.5546348565,51263.9032850795,0.0000000000,1119.3814510700,89.0328008470,23513.1800507995,16751.7045906379,703.8944415845,5136.0650871729,7684.9220321837,0.7296965278,0.0000000000,0.0000000000,1572.8148460954,10800.0000000000
2025-12-14,67248.7129883305,6407.3805253325,0.0000000000,6142.7411040056,79798.8346176686,78513.6918960573,92050.2426172016,96470.6480740924,903.8807790874,4420.4054568908,0.0000000000,27295.4076299933,19305.7100092599,606.1094324464,7684.9220321837,10800.0000000000,0.9207375000,0.0000000000,0.0000000000,1200.0000000000,10800.0000000000
2025-12-15,66275.8367760653,7699.4709117548,0.0000000000,24.5988127347,73999.9065005549,74425.9354400906,88592.8960419537,93862.5848772867,3.4127098689,5269.6888353329,0.0000000000,22492.3835378512,19148.2231812099,1052.2792638477,10800.0000000000,9767.3416493883,0.9144402778,0.0000000000,0.0000000000,1510.3678926904,10800.0000000000
2025-12-16,71938.7899975623,372.1340541207,-55.5240835461,0.0000000000,72255.3999681369,72326.9283871558,95182.6066827756,95308.5641391803,0.0000000000,250.2606828040,124.3032263993,23051.5430546763,18827.7908637985,1666.7206149691,9767.3416493883,9593.9627721543,0.9109138889,0.0000000000,0.0000000000,1458.8363829790,10800.0000000000
2025-12-17,72124.6852671812,1065.3189591888,-1530.7386709419,241.1862651068,71900.4518205348,71878.9124737985,95544.9729622437,92561.4033080636,37.1297774829,527.9474404240,3511.5170946041,22122.6472168825,17872.3556357735,156.3944377708,9593.9627721543,9646.1723387114,0.9088097222,0.0000000000,0.0000000000,1200.0000000000,10800.0000000000
2025-12-18,67046.1002152875,1709.2992546056,0.0000000000,0.0000000000,68755.3994698931,69242.2682995516,89483.5684959371,90622.6593029498,0.0000000000,1139.0908070127,0.0000000000,22191.2734862713,19037.0477426339,102.1665926457,9646.1723387114,8466.0432067623,0.9094777778,0.0000000000,0.0000000000,1343.1649712229,10800.0000000000
2025-12-19,20614.7460305405,2917.5912696073,-231.5148392610,53.2851557739,23354.1076166607,22735.9242784629,46250.7396412892,48790.4709299013,12.3976630465,3318.1158405749,778.3845519629,22158.8448074467,16600.0822742627,335.7147597638,8466.0432067623,9964.4676731724,0.7250944444,0.0000000000,0.0000000000,1200.0000000000,10800.0000000000
2025-12-20,21588.8414764298,382.4695418575,-334.7661308157,0.0000000000,21636.5448874716,21744.5115292625,47320.6953473652,46724.1056519316,0.0000000000,241.7790680178,838.3687634515,20331.7484712684,16704.2481223538,240.2530530170,9964.4676731724,9702.7656058097,0.7189708333,0.0000000000,0.0000000000,1624.8323945733,10800.0000000000
2025-12-21,70704.8734008326,2789.1355548321,-595.5567483679,404.9516661987,73303.4038734956,73394.0657482380,94304.3486588631,95091.5725851105,55.9836537939,1888.0381562713,1100.8142300238,23827.3540576521,19497.9378762253,1780.3581908109,9702.7656058097,9483.0088396685,0.9100763889,0.0000000000,0.0000000000,1200.0000000000,10800.0000000000
2025-12-22,69009.1811159895,2693.3137702330,0.0000000000,0.0000000000,71702.4948862225,72076.2613721965,90812.3169461380,92697.9159384389,0.0000000000,1885.5989923009,0.0000000000,22267.4077588517,18851.9809839400,345.0620801939,9483.0088396685,8577.0302849239,0.9192854167,0.0000000000,0.0000000000,1312.4575916570,10800.0000000000
2025-12-23,72969.1010574500,1108.9029756779,-1812.4419765487,0.0000000000,72265.5620565792,71763.0182828786,97387.8943430619,94457.8807334706,0.0000000000,535.2938902858,3465.3074998771,25004.1098176451,19157.0174610524,1352.6958435445,8577.0302849239,9795.1541640797,0.9126888889,0.0000000000,0.0000000000,1358.7342553372,10800.0000000000
2025-12-24,69911.6195379341,914.1029247381,-558.2554490570,107.5921582628,70375.0591718781,70864.4224216210,92838.7601633318,92195.7042220200,13.9639400730,476.3698517040,1119.4257930157,21834.3920114156,18753.4153862135,1274.1322202243,9795.1541640797,8608.9787674498,0.9082652778,0.0000000000,0.0000000000,1280.4932386950,10800.0000000000
2025-12-25,66354.7244575175,4428.4387192271,0.0000000000,0.0000000000,70783.1631767446,70997.9163723576,89402.3078630115,92361.6551417093,0.0000000000,2959.3472786978,0.0000000000,23297.3660364891,19339.3558201422,591.1963920291,8608.9787674498,8088.4350667986,0.9102520833,0.0000000000,0.0000000000,1247.8317821956,10800.0000000000
2025-12-26,21205.5738808736,989.9029547299,-2.3230779468,0.0000000000,22193.1537576567,21956.2102999013,47245.0450102931,48104.3210898405,0.0000000000,869.0246231764,9.7485436290,21746.0962945961,17097.4400703118,448.0424322228,8088.4350667986,8662.7660982554,0.7237750000,0.0000000000,0.0000000000,1361.9920529987,10800.0000000000
2025-12-27,21174.3011405684,1364.0771362752,-243.4082724490,0.0000000000,22294.9700043947,22319.1056862017,47638.1300102691,47845.0756298878,0.0000000000,869.1058563821,662.1602367633,19874.0355878101,16150.6214042671,782.8523796781,8662.7660982554,8604.2632336545,0.7212277778,0.0000000000,0.0000000000,1664.7709231642,10800.0000000000
2025-12-28,70433.9888886594,304.8844397021,-721.3521915160,238.1956822579,70255.7168191034,69751.6543073864,95170.0089158611,94045.3247648751,31.8026338529,156.8021314253,1281.4862824113,24389.1773594645,18655.6090059258,1534.3042951894,8604.2632336545,9826.0684061438,0.9058916667,0.0000000000,0.0000000000,1531.4279391446,10800.0000000000
2025-12-29,68702.9417466943,797.9441925240,-318.0466823775,898.3490067008,70081.1882635415,70199.9658187471,93027.7630016285,93129.0105649776,149.3339209514,733.0991561851,631.8515928360,23412.0764341644,19222.8980434171,1565.3998285151,9826.0684061438,9538.1615930949,0.9065312500,0.0000000000,0.0000000000,1200.0000000000,10800.0000000000
2025-12-30,70350.9170107936,170.2944054942,-1041.6840747131,1180.0325111629,70659.5598527376,70186.5627657030,95820.8575328259,93749.8803049955,213.9803526831,98.3977918872,2169.3750197177,24311.8383226644,18660.7343672455,2088.3541022597,9538.1615930949,10684.6667865534,0.9004583333,0.0000000000,0.0000000000,1200.0000000000,10800.0000000000
2025-12-31,71243.5417514265,283.9358482215,-779.8683138316,687.3609681241,71434.9702539405,71916.1530837555,94856.2926882406,93291.2470960760,127.8792286127,143.9486083913,1708.9942005559,22647.6024963673,19394.2700935635,1519.3709885515,10684.6667865534,9518.3200404357,0.9102437500,0.0000000000,0.0000000000,1200.0000000000,10800.0000000000
