date,plan_cost,up_cost,down_net_cost,emergency_cost,total_cost,inventory_adjusted_cost,plan_kwh,final_kwh,emergency_kwh,up_kwh,down_kwh,charge_kwh,discharge_kwh,spill_kwh,soc_start,soc_end,mean_price,balance_error,dynamics_error,soc_min,soc_max
2025-02-01,20069.4082547135,0.0000000000,-453.3865307921,0.0000000000,19616.0217239215,18513.6913163656,47123.9258088451,45394.2704326138,0.0000000000,0.0000000000,1729.6553762313,22265.9620344145,15630.6685957879,4380.8010606539,5280.4291660000,7952.3854460976,0.6514930556,0.0000000000,0.0000000000,1845.7470765960,10800.0000000000
2025-02-02,63829.5164336012,224.8324981648,-1423.0719073903,520.4626067432,63151.7396311189,62472.6499365107,92028.6435548288,88504.6417630099,89.7349321971,109.1132576432,3633.1150494621,23747.4661237031,17753.9968394006,4244.6294609045,7952.3854460976,9598.4418025408,0.8363881944,0.0000000000,0.0000000000,1200.0000000000,10800.0000000000
2025-02-03,66033.3503823857,88.9222646370,-2007.5413575126,0.0000000000,64114.7312895101,63848.3109397068,92763.5931629869,88009.3945207739,0.0000000000,52.4393243830,4806.6379665960,24273.1583485129,19080.0557755175,2599.3754477785,9598.4418025408,10244.2223434053,0.8447902778,0.0000000000,0.0000000000,1397.8223055753,10800.0000000000
2025-02-04,67659.3465617944,0.0000000000,-2880.0479617755,0.0000000000,64779.2986000189,65085.3976967870,93349.4889821897,86966.1740473209,0.0000000000,0.0000000000,6383.3149348688,22520.0563221087,18909.0082613126,2160.2620365248,10244.2223434053,9502.2638540668,0.8491895833,0.0000000000,0.0000000000,1268.8272122553,10800.0000000000
2025-02-05,63767.6463889560,10.9796120580,-1429.2987101355,0.0000000000,62349.3272908786,62141.7900926733,90082.4451369738,86965.7553899779,0.0000000000,5.2857751098,3121.9755221057,24774.7605494706,19614.8085887116,1057.3764458856,9502.2638540668,10005.3165833553,0.8482541667,0.0000000000,0.0000000000,1211.4264787235,10800.0000000000
2025-02-06,67139.6474799098,1066.2421018273,-4175.3175299837,244.5015961398,64275.0736478932,65223.5737417084,92374.6561750219,83681.0408894304,36.5729100683,563.4667947578,9257.0820803493,21323.6932212219,19341.3675824197,1464.2309440298,10005.3165833553,7706.2320575442,0.8439645833,0.0000000000,0.0000000000,1580.8806729112,10800.0000000000
2025-02-07,18083.6719181355,0.0000000000,-1073.2594568686,1698.1143669617,18708.5268282287,19358.4522510155,42750.0396050696,38283.3862997006,401.2295620161,0.0000000000,4466.6533053690,17910.1881957613,15925.0805895424,4893.8285888312,7706.2320575442,6130.8674453489,0.6440388889,0.0000000000,0.0000000000,1200.0000000000,10800.0000000000
2025-02-08,15289.9447785608,724.6659355508,0.0000000000,0.0000000000,16014.6107141115,15976.2700618891,37449.0485277308,38025.8327382534,0.0000000000,576.7842105226,0.0000000000,20935.1701291554,16873.8467372844,2387.3466297157,6130.8674453489,6223.8019646061,0.6423513889,0.0000000000,0.0000000000,1227.5595263276,10800.0000000000
2025-02-09,64570.6979745867,0.0000000000,-1232.3090202945,0.0000000000,63338.3889542922,61962.9102928910,92982.8599095877,90253.4118221521,0.0000000000,0.0000000000,2729.4480874356,26437.3423375004,18413.6070678569,2674.2605858419,6223.8019646061,9557.8466596266,0.8413840278,0.0000000000,0.0000000000,1336.9828290523,10800.0000000000
2025-02-10,57888.6881925140,2.5505315783,-1969.4481553543,0.0000000000,55921.7905687380,55442.4149162912,86081.1783413424,81061.9286382050,0.0000000000,1.6444433129,5020.8941464502,23928.2402504579,18336.1049328415,1143.1557372553,9557.8466596266,10719.8129596592,0.8180638889,0.0000000000,0.0000000000,1266.2421727750,10800.0000000000
2025-02-11,58785.6014431944,0.0000000000,-2451.2842027413,4270.6824721643,60604.9997126174,60571.9181036412,85654.8827040704,80056.4954900468,759.8953583894,0.0000000000,5598.3872140236,23560.0102133637,19011.4399365179,1047.2234382571,10719.8129596592,10800.0000000000,0.8284923611,0.0000000000,0.0000000000,1200.0000000000,10800.0000000000
2025-02-12,58172.4616521853,523.1761698919,-2362.0494653245,2773.6011432341,59107.1894999867,59523.7001363389,84758.8507781818,79258.3990447359,508.3644442943,290.8715814038,5791.3233148497,22618.8467582024,19229.8939793022,1111.0745767966,10800.0000000000,9790.4132164908,0.8264243056,0.0000000000,0.0000000000,1200.0000000000,10800.0000000000
2025-02-13,52713.8879669079,0.0000000000,-1493.0747313593,116.7128826098,51337.5261181584,52329.7591967130,78294.5110178274,74502.8566085406,23.1687680352,0.0000000000,3791.6544092868,20879.1586858349,19076.6991809054,1394.0868549796,9790.4132164908,7385.3236105141,0.8147909722,0.0000000000,0.0000000000,1200.0000000000,10800.0000000000
2025-02-14,14339.4612131291,453.3193589784,0.0000000000,391.1209491726,15183.9015212800,16114.8963029833,35037.9763863906,35489.3556948115,95.1169623474,451.3793084209,0.0000000000,18558.4469102647,17063.3298055009,4287.5537357284,7385.3236105141,5128.6704903069,0.6311000000,0.0000000000,0.0000000000,1200.0000000000,10800.0000000000
2025-02-15,16751.5156830763,233.0537046554,-172.5289211093,0.0000000000,16812.0404666224,15714.5658021799,39824.9821311758,39247.6104322555,0.0000000000,187.3691153520,764.7408142723,22347.1284755202,15707.0063350384,3327.3971917736,5128.6704903069,7788.8568571214,0.6378472222,0.0000000000,0.0000000000,1247.7175557078,10800.0000000000
2025-02-16,59802.6929288474,2626.8398915350,-3058.2695180140,565.8108013441,59937.0741037125,59188.3791453474,87635.9340319328,81756.8786121595,108.3708448319,1413.9333365123,7292.9887562856,23738.4508475033,17594.8488862467,344.2683957348,7788.8568571214,9603.6305240447,0.8303222222,0.0000000000,0.0000000000,1200.0000000000,10800.0000000000
2025-02-17,57915.0076760712,790.9443787298,-3747.3502266189,1388.7250402484,56347.3268684305,55931.9522287997,85820.0725365628,76524.7210260686,218.2226374284,406.6088181652,9701.9603286594,22238.8716733621,17107.3361548013,427.5449782696,9603.6305240447,10610.4637469580,0.8173527778,0.0000000000,0.0000000000,1200.0000000000,10800.0000000000
2025-02-18,49335.1388006797,2289.1945048909,-0.9539140317,387.8386165343,52011.2180080732,52203.1515277860,74410.0255503665,76085.6027974515,58.6124552719,1680.2744698477,4.6972227626,20776.9520734406,17248.0388308937,523.9142268433,10610.4637469580,10145.2330231726,0.8145215278,0.0000000000,0.0000000000,1200.0000000000,10800.0000000000
2025-02-19,50566.6122922280,1576.1948236359,-200.1824816854,1609.4373891575,53552.0620233360,53840.8729541715,76005.6228508636,76940.0827759921,270.6900954551,1408.9340408368,474.4741157082,21998.9149068424,18449.1691595860,781.6997408575,10145.2330231726,9445.1795953462,0.8164298611,0.0000000000,0.0000000000,1200.0000000000,10800.0000000000
2025-02-20,50102.5442977932,603.6164457508,-850.6765177351,250.0535525118,50105.5377783208,51965.7700433152,73572.5380068011,71756.1284038714,46.8299856081,387.5151065095,2203.9247094392,17263.8139349169,18041.8313143376,1587.8420355668,9445.1795953462,4936.1328986186,0.8168069444,0.0000000000,0.0000000000,1200.0000000000,10800.0000000000
2025-02-21,13930.7462318570,466.8693322041,0.0000000000,0.0000000000,14397.6155640611,14892.8808988890,33314.9164558256,33656.7719265765,0.0000000000,341.8554707510,0.0000000000,17842.5420267118,15532.8924410726,5786.8603076040,4936.1328986186,3735.6513436897,0.6208500000,0.0000000000,0.0000000000,1424.6750361150,10800.0000000000
2025-02-22,16418.1110728934,1660.3211248582,-92.8057671252,100.4879773110,18086.1144079373,15800.0341079186,39964.0815166863,40782.2729781735,20.7662693348,1149.0937668911,330.9023054040,25108.4316811672,15350.6897667410,3200.5344497487,3735.6513436897,9276.9178936946,0.6352840278,0.0000000000,0.0000000000,1200.0000000000,10800.0000000000
2025-02-23,49886.6412753300,2537.4171687327,-977.0905325307,5.7049488228,51452.6728603547,52293.9348466194,74659.8016535929,73864.1766690254,1.1034717259,1664.4624666156,2460.0874511831,20217.3000110878,18211.2465367871,327.3729831172,9276.9178936946,7237.7695294657,0.8153784722,0.0000000000,0.0000000000,1295.2994749807,10800.0000000000
2025-02-24,50101.5308949632,1455.1481060480,-453.7398349601,310.3411340505,51413.2803001017,50130.1640495985,76182.9264265902,76170.2919629699,60.8610987475,937.0533882691,949.6878518894,24009.4604133179,16648.5135598682,667.1725916011,7237.7695294657,10347.9355015983,0.8082493056,0.0000000000,0.0000000000,1515.1092300550,10800.0000000000
2025-02-25,49116.3518284123,918.4855093394,-2083.1150010958,562.5223018922,48514.2446385482,48970.1403455533,75051.3166544765,69804.3400904543,115.5096033570,487.9123553103,5734.8889193324,20670.8848932416,17737.9643602781,1165.6059275145,10347.9355015983,9242.8826163178,0.7940965278,0.0000000000,0.0000000000,1200.0000000000,10800.0000000000
2025-02-26,45193.5531787007,4751.3172772847,0.0000000000,735.7777586285,50680.6482146139,50226.5909161556,70497.4510404701,74598.5719858587,142.0039524468,4101.1209453885,0.0000000000,23953.7731643941,18412.0191994607,383.9739400388,9242.8826163178,10343.4793537605,0.8055381944,0.0000000000,0.0000000000,1200.0000000000,10800.0000000000
2025-02-27,41775.2305347286,2939.0052525077,-4.8135660838,240.5759738001,44949.9981949525,47293.3352392056,63319.0999965232,65412.7120968298,47.9760394394,2110.9052655782,17.2931652717,16052.2080227095,18114.3353765121,566.2312900718,10343.4793537605,4663.4272669633,0.7979118056,0.0000000000,0.0000000000,1200.0000000000,10800.0000000000
2025-02-28,13093.6118608372,97.6892763508,-35.7508278121,474.1530040509,13629.7033134268,14123.1564972841,31783.3546475692,31775.5363927378,111.9858068412,91.5489770438,99.3672318752,16045.8735086360,14073.6376899198,6622.6928308628,4663.4272669633,3467.3382137137,0.6166784722,0.0000000000,0.0000000000,1200.0000000000,10800.0000000000
2025-03-01,16567.2251304463,0.0000000000,-381.3600285046,1261.2907135530,17447.1558154947,15042.6514939779,42140.3627642450,40205.3220460015,277.8662532572,0.0000000000,1935.0407182435,22993.1869868684,13378.9966750148,7210.2320540719,3467.3382137137,9295.6546407677,0.6142222222,0.0000000000,0.0000000000,1200.0000000000,10800.0000000000
2025-03-02,52079.3496418974,2419.6083564889,-1102.6497034884,0.0000000000,53396.3082948980,53434.7083745405,78294.2430213464,77454.5513628904,0.0000000000,1499.3204131370,2339.0120715930,22354.7454554898,18191.1145286436,932.6133693775,9295.6546407677,9202.5760744379,0.8122930556,0.0000000000,0.0000000000,1651.7878890287,10800.0000000000
2025-03-03,53731.3864333197,2052.3316418142,-2191.2296812579,328.0266482388,53920.5150421149,54198.9963234207,80698.5362591428,76575.5754848048,67.0756831901,1159.8178245924,5282.7785989304,22038.6700227759,18458.8364212702,1045.6709331558,9202.5760744379,8527.5608490804,0.8118500000,0.0000000000,0.0000000000,1200.0000000000,10800.0000000000
2025-03-04,48170.4644033949,1785.1235652871,-231.1675803318,213.4825949225,49937.9029832727,49375.6769236924,74782.0124083531,75196.4390092110,45.2604235793,946.5633522799,532.1367514220,22767.0481871757,17214.7991790402,489.9924913215,8527.5608490804,9890.3495741606,0.8006277778,0.0000000000,0.0000000000,1200.0000000000,10800.0000000000
2025-03-05,49144.2918692154,3926.0860159031,-2828.3517653314,0.0000000000,50242.0261197871,50284.5593562567,76547.2684709586,71032.5724431421,0.0000000000,2062.9641611711,7577.6601889876,20472.8039177870,16675.7584654634,1105.0549741518,9890.3495741606,9787.2525829874,0.7945006944,0.0000000000,0.0000000000,1362.9086557201,10800.0000000000
2025-03-06,42735.0812135739,1283.8322320079,0.0000000000,0.0000000000,44018.9134455818,46007.1632482387,65475.4085503963,66159.5062720071,0.0000000000,684.0977216108,0.0000000000,16680.3092114656,17848.4658670293,1387.0087942375,9787.2525829874,4967.9021321627,0.7918569444,0.0000000000,0.0000000000,1756.5797059364,10800.0000000000
2025-03-07,14235.4686412089,0.0000000000,-425.0634301544,1400.1873005070,15210.5925115616,14619.0138369809,35191.6585343639,33865.8697382948,310.7253125886,0.0000000000,1325.7887960691,18026.5002203706,13310.9218808694,8538.7311780488,4967.9021321627,6401.8391295303,0.6085013889,0.0000000000,0.0000000000,1200.0000000000,10800.0000000000
2025-03-08,13534.8815905617,0.0000000000,0.0000000000,0.0000000000,13534.8815905617,12615.3967651475,33864.7853863444,33864.7853863444,0.0000000000,0.0000000000,0.0000000000,19725.0640625508,13971.4233326660,9048.0051397929,6401.8391295303,8630.5930828638,0.5972631944,0.0000000000,0.0000000000,1323.4099448318,10800.0000000000
2025-03-09,45527.9216333205,0.0000000000,-2192.5586893450,897.5195996823,44232.8825436578,45284.4822841256,71932.5261487872,65017.8717160381,153.4900534278,0.0000000000,6914.6544327491,19057.2942305960,17730.4987921180,511.0412809879,8630.5930828638,6081.6036769357,0.7838090278,0.0000000000,0.0000000000,1200.0000000000,10800.0000000000
2025-03-10,47065.9632170549,2590.3376613472,-1.0262079130,0.0000000000,49655.2746704891,48177.9513091840,74379.2802798670,76284.3867277096,0.0000000000,1908.4837982227,3.3773503801,26234.4955951176,18027.1245113418,34.9441939338,6081.6036769357,9662.5113666061,0.8024513889,0.0000000000,0.0000000000,1402.5151003181,10794.2007039277
2025-03-11,39766.3588694916,5569.0423556586,0.0000000000,0.0000000000,45335.4012251502,45287.6718187915,63198.0850077746,68773.7227237936,0.0000000000,5575.6377160189,0.0000000000,21615.8351814905,17404.7036336878,623.6723759908,9662.5113666061,9778.2034369612,0.7893930556,0.0000000000,0.0000000000,1406.9856546069,10800.0000000000
2025-03-12,45410.7395225031,631.0054842309,-1939.6085520261,0.0000000000,44102.1364547080,44122.5794653800,71995.3682855314,66677.3885291250,0.0000000000,345.6140962524,5663.5938526588,21252.1076349854,17258.8041103935,248.5503211998,9778.2034369612,9728.6512968998,0.7801680556,0.0000000000,0.0000000000,1400.4322035424,10800.0000000000
2025-03-13,45187.1507621391,193.1393785033,-395.7488759704,2101.7650287711,47086.3062934432,48488.7416301263,69159.1510910123,68452.9354831636,330.0498749674,176.1206323423,882.3362401910,18265.0480153130,17854.1357620867,826.4550882380,9728.6512968998,6329.2658861407,0.7996375000,0.0000000000,0.0000000000,1200.0000000000,10800.0000000000
2025-03-14,11910.5340372573,105.3330746026,0.0000000000,824.5004218407,12840.3675337006,12926.4943441732,30187.0699178550,30296.9183358492,158.0562487953,109.8484179942,0.0000000000,15957.1444904925,13113.1747735844,11581.5788844030,6329.2658861407,6120.5017347123,0.5913868056,0.0000000000,0.0000000000,1200.0000000000,10800.0000000000
2025-03-15,12588.8593626897,480.0781767669,0.0000000000,148.6544495203,13217.5919889769,12819.2811609938,31692.7956058309,32108.4584832258,36.3766602320,415.6628773949,0.0000000000,19000.2846336274,14521.3057736359,6741.7311334662,6120.5017347123,7085.9737120483,0.6047722222,0.0000000000,0.0000000000,1200.0000000000,10800.0000000000
2025-03-16,44406.9201166298,1577.8940393633,-796.3289256754,8.0811000000,45196.5663303177,44362.6398281454,70914.8146322052,70462.6783899566,1.6400000000,1590.1036696238,2042.2399118723,24056.9033775287,17666.8607453336,723.2288244282,7085.9737120483,9107.3414792312,0.7848951389,0.0000000000,0.0000000000,1715.2974636664,10800.0000000000
2025-03-17,38391.1442173651,2963.0514277442,-1070.9514762733,797.2621271577,41080.5062959938,41179.7209496370,63846.4092213924,61803.7423888114,159.2181366436,2410.1519135429,4452.8187461239,20990.7761868742,17218.9678965311,333.0208017786,9107.3414792312,8866.8534957168,0.7601756944,0.0000000000,0.0000000000,1200.0000000000,10751.7949037294
2025-03-18,47071.1917532848,440.4812087732,-2706.6323466303,0.0000000000,44805.0406154277,44007.5102853828,75730.8469491090,68332.5696481868,0.0000000000,237.4201960671,7635.6974969892,23587.0522486295,17365.6804675350,985.2395004256,8866.8534957168,10800.0000000000,0.7760166667,0.0000000000,0.0000000000,1391.4588921915,10800.0000000000
2025-03-19,36622.0234747943,4898.0426124114,0.0000000000,0.0000000000,41520.0660872057,41887.1364202995,58648.3259311712,64190.5616493355,0.0000000000,5542.2357181644,0.0000000000,20778.3453356491,17631.2326004267,1577.9784641131,10800.0000000000,9910.2523571657,0.7718381944,0.0000000000,0.0000000000,1677.8449988309,10800.0000000000
2025-03-20,41170.6515167855,492.2931520983,-917.8331608482,3139.1017922942,43884.2133003299,45292.9905310769,64601.7061728340,62280.5620556933,523.6252854650,438.3957600390,2759.5398771797,17775.1632507095,17471.1640992345,291.2263730167,9910.2523571657,6495.4947280992,0.7786381944,0.0000000000,0.0000000000,1200.0000000000,10615.1215976641
2025-03-21,9759.0518614774,303.0036163038,-78.1167210531,810.5090184322,10794.4477751602,12969.9658448799,23809.2917189397,23885.4200640585,163.2116428579,323.2911488405,247.1628037217,12507.3886412220,14876.9304941728,14384.7090432005,6495.4947280992,1222.2217338959,0.5702902778,0.0000000000,0.0000000000,1200.0000000000,10800.0000000000
2025-03-22,14740.2319803783,0.0000000000,-54.3394838449,0.0000000000,14685.8924965334,11749.9110978036,37680.4701971808,37514.6561147949,0.0000000000,0.0000000000,165.8140823858,23194.3677017799,12382.5228560255,10821.6115357073,1222.2217338959,8338.7939365805,0.5873881944,0.0000000000,0.0000000000,1222.2217338959,10800.0000000000
2025-03-23,43241.1594994955,933.8896020200,-1778.8002549984,0.0000000000,42396.2488465171,41724.5325299474,70823.3887098339,65716.9794132133,0.0000000000,530.2038434207,5636.6131400413,22362.5436854062,16648.2948682886,1233.0104794291,8338.7939365805,9966.9778442365,0.7671784722,0.0000000000,0.0000000000,1500.5129249655,10800.0000000000
2025-03-24,39212.6419991244,2251.3315894803,-434.6507644190,0.0000000000,41029.3228241857,40761.9767041350,64206.3674202983,63986.6266282487,0.0000000000,1639.9195148057,1859.6603068553,21646.3198639044,16950.2970126254,1292.1066936364,9966.9778442365,10615.0023743889,0.7674861111,0.0000000000,0.0000000000,1626.6815826836,10800.0000000000
2025-03-25,44293.7500665534,1736.7148500757,-2476.8729057451,0.0000000000,43553.5920108840,43583.4464955661,71620.3253087989,64754.8383071298,0.0000000000,935.2400918616,7800.7270935308,20324.6206922416,16528.0710467177,8.1639449392,10615.0023743889,10542.6376121645,0.7712756944,0.0000000000,0.0000000000,1217.7236735786,10658.2103016974
2025-03-26,36640.3090513863,1831.6847406998,-884.6150454012,0.0000000000,37587.3787466849,38419.1919112588,58838.1570125584,57735.5947699186,0.0000000000,1523.6138324027,2626.1760750425,18631.6982971444,16906.2963136706,417.6379197780,10542.6376121645,8526.3923977383,0.7566111111,0.0000000000,0.0000000000,1341.2211784043,10800.0000000000
2025-03-27,38275.5123870024,362.3554298717,-788.0765642308,302.2810119607,38152.0722646040,40193.5463322673,60713.1739914735,58787.6536864406,59.5271792152,264.2131427242,2189.7334477571,15853.1225880586,17294.5547334599,1571.6236110571,8526.3923977383,3578.0308009245,0.7664159722,0.0000000000,0.0000000000,1200.0000000000,10800.0000000000
2025-03-28,10642.2203771415,0.0000000000,0.0000000000,0.0000000000,10642.2203771415,11585.0800375561,26683.0303084424,26683.0303084424,0.0000000000,0.0000000000,0.0000000000,13398.4036231329,12909.5782650253,15372.3241836682,3578.0308009245,1292.6182117160,0.5747680556,0.0000000000,0.0000000000,1221.2478181785,10800.0000000000
2025-03-29,11134.0816853417,787.7240670999,0.0000000000,0.0000000000,11921.8057524416,11856.5249091711,28247.9927244962,28922.8937365957,0.0000000000,674.9010120995,0.0000000000,15987.3188815267,12807.3165432983,18035.6822150340,1292.6182117160,1450.8534903141,0.5630868056,0.0000000000,0.0000000000,1207.6525395474,10800.0000000000
2025-03-30,41070.1168442975,0.0000000000,-1219.8876269022,444.2448678549,40294.4740852503,37431.4288664990,71804.3401385317,67073.5009272821,69.4295331492,0.0000000000,4730.8392112496,28568.7237508409,16894.8633101215,123.4503197119,1450.8534903141,8390.6345214915,0.7520270833,0.0000000000,0.0000000000,1200.0000000000,10790.2914018905
2025-03-31,33444.6379940124,5796.2222797836,0.0000000000,100.3630740061,39341.2233478021,39303.5149043873,54450.0069241874,60964.8594656456,19.2082438289,6514.8525414583,0.0000000000,19863.8966672444,16007.4944120596,176.2759709564,8390.6345214915,8482.0366197230,0.7607041667,0.0000000000,0.0000000000,1200.0000000000,10800.0000000000
2025-04-01,43007.6497618852,744.3302413629,-960.5838679003,0.0000000000,42791.3961353479,41835.1074652403,70722.1867444650,67614.1677766426,0.0000000000,415.4583532301,3523.4773210525,21820.1267346627,15588.1356128275,1173.3251381407,8482.0366197230,10800.0000000000,0.7731090278,0.0000000000,0.0000000000,1229.3564558263,10800.0000000000
2025-04-02,38335.3427174616,2086.0519119738,-261.2485800536,1108.7165051285,41268.8625545105,41796.4310078605,62914.1575231381,63802.9954442989,173.6025763957,1951.3079152863,1062.4699941254,19606.4660840539,17032.1409679261,966.9375045669,10800.0000000000,9521.2184001751,0.7723201389,0.0000000000,0.0000000000,1200.0000000000,10800.0000000000
2025-04-03,38286.0085941473,0.0000000000,-978.3164354426,0.0000000000,37307.6921587046,39525.8043785262,59855.6771020868,57255.1382987407,0.0000000000,0.0000000000,2600.5388033461,14937.2742654765,16938.0580264484,3392.3917930459,9521.2184001751,4144.7007652724,0.7644638889,0.0000000000,0.0000000000,1215.9717994579,10800.0000000000
2025-04-04,9593.2903945567,0.0000000000,0.0000000000,76.3978248871,9669.6882194438,10850.7172308303,24438.9750067375,24438.9750067375,24.3965591209,0.0000000000,0.0000000000,12741.7848341707,12897.2892902085,18188.0737718962,4144.7007652724,1281.9856824609,0.5595027778,0.0000000000,0.0000000000,1200.0000000000,10800.0000000000
2025-04-05,10621.6014610075,1944.3465726392,0.0000000000,0.0000000000,12565.9480336467,12108.9442924805,27081.0946666184,29097.0594316294,0.0000000000,2015.9647650109,0.0000000000,15470.3825859329,11534.0450943239,13116.6069566870,1281.9856824609,2389.7243494406,0.5755284722,0.0000000000,0.0000000000,1227.4223997318,10800.0000000000
2025-04-06,40629.4221012458,741.2603711073,-873.5431367397,1229.3547576649,41726.4940932782,38848.8997029882,70042.4517482118,67147.1544110378,214.2824879445,534.9425133848,3430.2398505588,28397.2895746725,16724.2622550943,1278.3333127375,2389.7243494406,9364.7713498744,0.7556868056,0.0000000000,0.0000000000,1200.0000000000,10800.0000000000
2025-04-07,31798.7114252904,3040.0466801078,0.0000000000,5.4592115960,34844.2173169942,35328.1780187860,52576.6329864678,56008.7291550829,1.2947258617,3432.0961686151,0.0000000000,19911.0839636400,17183.7500774790,39.9707114503,9364.7713498744,8191.6912755070,0.7517159722,0.0000000000,0.0000000000,1200.0000000000,10800.0000000000
2025-04-08,39250.5713407333,892.5665178645,-1485.6501297250,0.0000000000,38657.4877288729,37609.6895865890,65929.5057364470,61263.3372525903,0.0000000000,475.6567562918,5141.8252401484,23541.8568096841,16783.1068296068,151.3936558464,8191.6912755070,10731.4659268819,0.7519159722,0.0000000000,0.0000000000,1304.9534007584,10800.0000000000
2025-04-09,37126.6447519129,2555.7395136681,0.0000000000,0.0000000000,39682.3842655809,39712.3153144699,61330.4100059584,64015.5535591850,0.0000000000,2685.1435532266,0.0000000000,21253.9631838456,17281.0054916002,908.2848502730,10731.4659268819,10658.9155794538,0.7662708333,0.0000000000,0.0000000000,1353.5794541645,10800.0000000000
2025-04-10,33398.8122342719,1387.8135607728,0.0000000000,305.3171811490,35091.9429761937,37981.6357955730,52239.6647028948,54321.0813499839,71.9667260143,2081.4166470891,0.0000000000,14278.1050588824,17869.2004160282,3523.5055331440,10658.9155794538,3654.5430035277,0.7580270833,0.0000000000,0.0000000000,1200.0000000000,10800.0000000000
2025-04-11,9167.9904780873,1025.8690327734,0.0000000000,456.0802356212,10649.9397464820,11662.5750989374,23256.0063460119,24364.9153970641,173.1092862447,1108.9090510522,0.0000000000,11978.3795630558,11911.5761492501,19154.5711028366,3654.5430035277,1200.0000000000,0.5514784722,0.0000000000,0.0000000000,1200.0000000000,10800.0000000000
2025-04-12,10678.3610728255,1.5406018216,-210.9636479695,0.0000000000,10468.9380266776,10405.9640291192,27662.5386137319,26944.3543626696,0.0000000000,3.7226092102,721.9068602724,14347.1161317971,11483.7847561649,15055.8624370374,1200.0000000000,1352.6436784342,0.5638673611,0.0000000000,0.0000000000,1200.0000000000,10800.0000000000
2025-04-13,38174.1332693426,1984.9163431187,0.0000000000,0.0000000000,40159.0496124613,36765.1840488033,65901.8407827505,67559.8254339382,0.0000000000,1657.9846511877,0.0000000000,29558.8682020812,16538.8827950917,263.4815436153,1352.6436784342,9579.0886213165,0.7562548611,0.0000000000,0.0000000000,1337.1184459658,10654.0198486861
2025-04-14,35745.8160157422,2696.2377782199,-1952.0866275264,1595.4024741276,38085.3696405634,38466.5170220586,59075.8127694755,54981.4232397080,246.6952929795,1467.3381002225,5561.7276299900,18498.1916111917,15815.0175078154,16.9126293112,9579.0886213165,8655.2193960386,0.7465972222,0.0000000000,0.0000000000,1200.0000000000,10328.0036820274
2025-04-15,31961.3802826985,2322.0207080153,-1.4300327656,339.5317199162,34621.5026778644,34171.4713538775,54150.8476045348,56105.7346350432,67.6883999557,1962.3819611460,7.4949306375,21021.0380504161,16045.2865185765,1058.2426698260,8655.2193960386,9746.0575096614,0.7385326389,0.0000000000,0.0000000000,1200.0000000000,10800.0000000000
2025-04-16,34793.0254167411,1374.9702658139,-179.0761827863,1618.6573033734,37607.5768031421,37710.2579694963,58500.5296129607,59238.6804174509,272.9281254743,1475.7311013218,737.5802968316,20033.3918998916,16451.0489060463,149.6735990799,9746.0575096614,9497.1669906236,0.7623541667,0.0000000000,0.0000000000,1200.0000000000,10800.0000000000
2025-04-17,29100.4112631816,2523.3494581825,0.0000000000,912.2448226932,32536.0055440572,35526.1030804914,45672.9502832527,49035.0629618614,157.3647524716,3362.1126786087,0.0000000000,13796.3170264420,17697.9874472534,225.7557851444,9497.1669906236,2249.4218174732,0.7477673611,0.0000000000,0.0000000000,1200.0000000000,10800.0000000000
2025-04-18,9637.1979614600,396.6032894598,-7.7021894822,0.0000000000,10026.0990614376,10346.2174733658,24931.3042397962,25333.2805469932,0.0000000000,425.8672949192,23.8909877223,13737.0171137470,11825.3299802654,17067.4762301783,2249.4218174732,1473.4816862172,0.5594201389,0.0000000000,0.0000000000,1269.6142061797,10800.0000000000
2025-04-19,9877.8607371191,430.5844296328,0.0000000000,128.3788150280,10436.8239817799,10506.4097989569,25697.1359445133,26188.9812688046,33.0935481651,491.8453242913,0.0000000000,14700.7172173983,12059.3841023364,16796.0624519078,1473.4816862172,1304.8115126130,0.5579763889,0.0000000000,0.0000000000,1200.0000000000,10800.0000000000
2025-04-20,37224.4281807252,1652.8995863459,-102.6801385019,498.4475808178,39273.0952093870,35417.7930235826,64846.5640087093,66488.2425720106,98.8243527393,1933.0373293709,291.3587660695,30700.7272981108,16457.1534246894,385.7481679950,1304.8115126130,10649.7400534802,0.7454388889,0.0000000000,0.0000000000,1200.0000000000,10800.0000000000
2025-04-21,32359.0768807268,17.8496365516,-983.6840547148,1343.5259499689,32736.7684125325,33742.5078896003,54779.0512147038,50859.0748945785,228.1127460503,15.0553614639,3935.0316815892,18167.7880703810,16909.9535199468,1312.4427068613,10649.7400534802,8211.9120724377,0.7339520833,0.0000000000,0.0000000000,1200.0000000000,10800.0000000000
2025-04-22,32276.7198713406,2585.6182557616,-1.4890357475,229.0312700218,35089.8803613764,34668.0940429041,54386.5198456845,57168.4391688252,48.9446642807,2788.8791456058,6.9598224650,21301.5056594947,16334.0824498988,97.0313068434,8211.9120724377,9234.2866660954,0.7509583333,0.0000000000,0.0000000000,1200.0000000000,10614.5771705197
2025-04-23,30710.1446834885,4108.4178569877,-1.3265426759,0.0000000000,34817.2359978004,34655.7716183130,51363.0359681961,55781.1786893462,0.0000000000,4425.6246313355,7.4819101855,19933.9552683853,15794.2652880363,241.5719923305,9234.2866660954,9625.6627542685,0.7479125000,0.0000000000,0.0000000000,1439.3022613547,10800.0000000000
2025-04-24,28014.5672469398,0.0000000000,0.0000000000,1548.9170671781,29563.4843141179,32374.9106035114,44619.2819154692,44619.2819154692,256.3254218279,0.0000000000,0.0000000000,13502.1672421780,17069.9504416794,1353.2838367985,9625.6627542685,2811.0016703627,0.7361847222,0.0000000000,0.0000000000,1200.0000000000,10800.0000000000
2025-04-25,9154.2495825752,0.0000000000,0.0000000000,398.1007622397,9552.3503448149,10202.8943452607,24048.7148744442,24048.7148744442,100.3104942174,0.0000000000,0.0000000000,14055.4086773272,12804.0586218511,20897.3176631855,2811.0016703627,1234.1376779005,0.5406916667,0.0000000000,0.0000000000,1200.0000000000,10800.0000000000
2025-04-26,9731.9871830533,460.6155197744,0.0000000000,447.8103951232,10640.4130979509,10638.7329735980,25176.5875968441,25724.2034559020,127.9416580544,547.6158590579,0.0000000000,13491.4146613608,10924.3806434753,23214.9174627377,1234.1376779005,1238.2101581525,0.5378048611,0.0000000000,0.0000000000,1200.0000000000,10800.0000000000
2025-04-27,34196.7546862176,3601.8656062237,-95.2307232413,0.0000000000,37703.3895691999,34137.4195349098,60159.5823009332,62226.6595833374,0.0000000000,2343.4271946287,276.3499122245,28194.9725658991,15058.6772322564,516.8930663614,1238.2101581525,9881.8218760657,0.7337826389,0.0000000000,0.0000000000,1238.2101581525,10800.0000000000
2025-04-28,35080.1133703858,1549.4267221327,-313.5563312893,0.0000000000,36315.9837612292,37844.0961487596,57840.4694606893,58091.7004327363,0.0000000000,1330.4198913016,1079.1889192546,16787.5520958189,16931.5316169498,1613.7126372005,9881.8218760657,6177.8058545807,0.7660520833,0.0000000000,0.0000000000,1261.8015478637,10800.0000000000
2025-04-29,32141.1807906908,1180.3710637809,-314.6544137714,2695.6344486650,35702.5318893653,34303.7381284361,55341.2840373712,55136.8932192606,407.3185930289,943.3600958103,1147.7509139208,22000.8086052076,14769.1522868014,879.3417772167,6177.8058545807,9568.3643917104,0.7303826389,0.0000000000,0.0000000000,1200.0000000000,10800.0000000000
2025-04-30,29813.9251317302,1214.3351844532,0.0000000000,2043.0122257766,33071.2725419600,33103.0201865806,50332.8503274906,51970.6713941857,394.3707874725,1637.8210666951,0.0000000000,20262.8596835148,16482.1746041983,327.5026690085,9568.3643917104,9491.4107688756,0.7294423611,0.0000000000,0.0000000000,1200.0000000000,10800.0000000000
2025-05-01,29279.6707480199,4423.8380420373,-70.1282854960,3152.0757680320,36785.4562725932,39612.5444969344,45741.3350538326,48482.3719690900,522.7135693227,2939.5139360190,198.4770207616,14312.8160197153,17760.7428443140,1441.6335630114,9491.4107688756,2638.7864707149,0.7473263889,0.0000000000,0.0000000000,1200.0000000000,10800.0000000000
2025-05-02,10208.9893510739,105.1163339459,0.0000000000,9698.7215625716,20012.8272475913,20606.4065993430,24940.2411538661,25059.5943018807,2277.6318965548,119.3531480146,0.0000000000,12357.7112030928,11304.6538981486,11993.8488101580,2638.7864707149,1200.0000000000,0.5869513889,0.0000000000,0.0000000000,1200.0000000000,10800.0000000000
2025-05-03,9964.9198978722,2349.1216127248,0.0000000000,2798.7951756100,15112.8366862070,15058.2344347184,25834.7272735333,27826.4201462323,562.6799434115,1991.6928726990,0.0000000000,14862.7479010616,11919.7096573721,16578.8901959543,1200.0000000000,1332.3512694309,0.5698243056,0.0000000000,0.0000000000,1200.0000000000,10800.0000000000
2025-05-04,35674.9504194942,3046.5569631631,-626.0209981905,4437.8318069797,42533.3181914466,40921.2431998456,59533.1056469374,59107.1901545162,782.2163185482,1610.4085536531,2036.3240460742,22574.6893955419,14768.7175237830,348.7672679722,1332.3512694309,5239.8855878819,0.7461284722,0.0000000000,0.0000000000,1200.0000000000,10800.0000000000
2025-05-05,36732.8853252398,3693.4394565452,0.0000000000,1194.1192704670,41620.4440522520,40119.9091684422,60677.2807782667,62624.0942507521,216.8215902467,1946.8134724854,0.0000000000,23497.9422937806,15759.8798351615,26.8465823796,5239.8855878819,8877.0560576607,0.7604611111,0.0000000000,0.0000000000,1200.0000000000,10580.2178352962
2025-05-06,30656.5142497931,6470.6946568964,0.0000000000,3849.9384728129,40977.1473795024,41987.8139690523,48488.8452042213,54055.5649148660,682.9101341680,5566.7197106447,0.0000000000,18095.7756731566,16862.3720941673,634.9891033780,8877.0560576607,6427.2851699825,0.7532361111,0.0000000000,0.0000000000,1200.0000000000,10800.0000000000
2025-05-07,34781.4249470860,5975.6605926777,0.0000000000,1897.8049930908,42654.8905328544,41371.4247116886,56688.9346948452,61844.4888303721,284.0138864095,5155.5541355268,0.0000000000,22194.2144074597,15177.4016982020,43.8440575238,6427.2851699825,9538.2984720274,0.7587291667,0.0000000000,0.0000000000,1200.0000000000,10792.6987801196
2025-05-08,33126.5942908688,514.2833192880,-405.2385959724,6345.5368954386,39581.1759096231,42337.5918836229,52383.6647391988,51295.5430416138,1056.1731641443,468.6267854609,1556.7484830459,13000.9031063266,16543.9201477966,68.2208472282,9538.2984720274,2856.9777701695,0.7616590278,0.0000000000,0.0000000000,1200.0000000000,10800.0000000000
2025-05-09,10022.0908406097,400.7928180311,0.0000000000,5377.3593381509,15800.2429967918,16247.1238730656,24961.2457094141,25360.1325094250,1180.8431076733,398.8868000109,0.0000000000,13299.0134806437,11747.0824431077,16489.6587295622,2856.9777701695,1773.7760770737,0.5667381944,0.0000000000,0.0000000000,1200.0000000000,10800.0000000000
2025-05-10,10386.0031681329,698.8611169252,0.0000000000,4247.2919004486,15332.1561855066,15568.8706937483,25711.3866890757,26479.6526926737,1057.1662869907,768.2660035980,0.0000000000,14558.7782420728,12309.0088454453,13166.0042997035,1773.7760770737,1200.0000000000,0.5753076389,0.0000000000,0.0000000000,1200.0000000000,10800.0000000000
2025-05-11,37430.1507320552,2698.0923253836,0.0000000000,1279.0716490083,41407.3147064470,39238.2219803912,63003.4146281523,64846.0914967816,187.7326794486,1842.6768686293,0.0000000000,25203.4331803393,15682.8522251047,29.1641376623,1200.0000000000,6457.6985010779,0.7607819444,0.0000000000,0.0000000000,1200.0000000000,10768.8511643972
2025-05-12,32088.2258875709,5867.2987977649,0.0000000000,0.0000000000,37955.5246853357,37413.6604112036,51409.8882756728,56736.6828542465,0.0000000000,5326.7945785738,0.0000000000,18663.3001605782,13935.1830087458,77.3704690808,6457.6985010779,7771.1319692141,0.7517881944,0.0000000000,0.0000000000,1284.0602887574,10800.0000000000
2025-05-13,34510.9630228700,2979.9106895472,-1174.8747691188,0.0000000000,36315.9989432983,37610.1027598699,56684.4118886935,54184.3123948474,0.0000000000,1865.2287660707,4365.3282599169,14854.8014957319,14855.5082296495,1055.8063620983,7771.1319692141,4634.3330602067,0.7564458333,0.0000000000,0.0000000000,1429.6626506856,10800.0000000000
2025-05-14,37583.5421323449,2114.5295272237,-862.4416405981,0.0000000000,38835.6300189705,37097.5797768816,62610.6177396257,61823.0267726320,0.0000000000,2083.5565276070,2871.1474946006,23376.5482256501,15143.4050967330,575.7348603816,4634.3330602067,8847.2208002551,0.7475513889,0.0000000000,0.0000000000,1495.3539905001,10800.0000000000
2025-05-15,34408.5336884063,1588.5305375908,0.0000000000,0.0000000000,35997.0642259971,37862.6405707404,51906.5054117384,54064.9571112321,0.0000000000,2158.4516994937,0.0000000000,14523.0996136996,15833.5109543792,2610.3101685784,8847.2208002551,4325.2205032745,0.7527770833,0.0000000000,0.0000000000,2046.8020035516,10800.0000000000
2025-05-16,10399.5225171660,0.0000000000,0.0000000000,0.0000000000,10399.5225171660,11593.1274477436,24422.6314977177,24422.6314977177,0.0000000000,0.0000000000,0.0000000000,13515.7054101067,13551.5996309551,21743.0191852328,4325.2205032745,1432.0224490871,0.5453854167,0.0000000000,0.0000000000,1279.3941023706,10800.0000000000
2025-05-17,11096.5924010311,217.2340606901,-8.9337103186,1476.5489590243,12781.4417104269,12866.1118502987,26761.3991378726,26987.6031491404,288.4443846230,253.4133029796,27.2092917119,13578.5210502147,11183.3120245391,14432.0394247545,1432.0224490871,1226.7891447923,0.5734159722,0.0000000000,0.0000000000,1200.0000000000,10800.0000000000
2025-05-18,38206.2959150607,0.0000000000,-851.0665894223,0.0000000000,37355.2293256385,36292.7114902904,63516.9146783360,60740.0377171171,0.0000000000,0.0000000000,2776.8769612189,21337.0648763211,14965.1139943880,691.9187351840,1226.7891447923,3802.2430952724,0.7506812500,0.0000000000,0.0000000000,1226.7891447923,10800.0000000000
2025-05-19,34857.9580918091,534.9698428844,-462.2233407066,2707.6342252250,37638.3388192119,36655.5169925788,57482.4312366625,56418.6315995653,413.0927593832,458.3414939828,1522.1411310800,20294.2600254539,14294.3008506937,3316.5486341883,3802.2430952724,6184.5206174101,0.7317597222,0.0000000000,0.0000000000,1200.0000000000,10800.0000000000
2025-05-20,32060.0774478311,2867.4585797579,0.0000000000,985.5864367496,35913.1224643386,37626.5219535864,50511.2310137204,53220.8834951447,147.4104751346,2709.6524814243,0.0000000000,13540.2032177209,14705.3873542415,6.0832901333,6184.5206174101,2031.3842308683,0.7565819444,0.0000000000,0.0000000000,1200.0000000000,10155.7120605977
2025-05-21,33408.0228726047,3029.8664337622,-198.1337185986,2068.0775315663,38307.8331193345,37969.6770110862,52429.1323599386,55589.1462071146,326.1392743792,3471.3508137479,311.3369665718,17476.7887065019,13418.5030599662,494.3845516248,2031.3842308683,2851.0462223132,0.7458243056,0.0000000000,0.0000000000,1200.0000000000,10800.0000000000
2025-05-22,34646.5507794760,0.0000000000,0.0000000000,141.0248953110,34787.5756747871,34298.5308757623,55593.6606937480,55593.6606937480,21.4437611664,0.0000000000,0.0000000000,19473.7399571948,14706.8662163646,31.5998974176,2851.0462223132,4036.4497211611,0.7461930556,0.0000000000,0.0000000000,1200.0000000000,10401.6596265269
2025-05-23,10290.8103417201,0.0000000000,0.0000000000,0.0000000000,10290.8103417201,11141.4358460078,24436.8485083622,24436.8485083622,0.0000000000,0.0000000000,0.0000000000,12960.5348067183,12353.6934640398,17409.0582823503,4036.4497211611,1974.6049760523,0.5569743056,0.0000000000,0.0000000000,1219.5216741153,10800.0000000000
2025-05-24,11533.0192429539,223.3748652062,-19.4072858606,305.6198697405,12042.6066920400,11945.2500829277,26609.0835973214,26825.9434531158,103.6261057358,281.1678416840,64.3079858896,12950.6637546758,10277.6518255562,20502.0562463988,1974.6049760523,2210.5892157536,0.5532048611,0.0000000000,0.0000000000,1200.0000000000,10800.0000000000
2025-05-25,36289.6547921598,586.2456336858,-167.1920093567,0.0000000000,36708.7084164889,35017.1003266361,59991.1671487560,59588.0306566041,0.0000000000,425.7291902856,828.8656824375,21367.7483566397,13617.5918899102,3292.8640065413,2210.5892157536,6310.9050812735,0.7379618056,0.0000000000,0.0000000000,1533.3856777250,10800.0000000000
2025-05-26,34037.0959926389,4715.0584533865,-87.0720041716,0.0000000000,38665.0824418538,38021.6451258360,54698.7704409041,59747.1888058233,0.0000000000,5190.0943022900,141.6759373708,18738.8718335353,13774.8119972445,203.2960195325,6310.9050812735,7870.5430678503,0.7524722222,0.0000000000,0.0000000000,1632.3182034875,10800.0000000000
2025-05-27,29670.9548553133,2298.9146376817,-280.9546762663,1943.4216275167,33632.3364442454,36144.4373237006,44560.0732306253,47399.4387864716,375.0774626781,3273.0948239368,433.7292680905,12639.6344157638,15718.3131747992,1462.8277081851,7870.5430678503,1781.4216255941,0.7429215278,0.0000000000,0.0000000000,1200.0000000000,10800.0000000000
2025-05-28,36270.3754792477,371.4054446913,-537.9237076778,0.0000000000,36103.8572162613,35711.6206911166,59018.0316836357,57747.6718609382,0.0000000000,298.4807968081,1568.8406195056,19129.1478335606,14638.9362052779,983.6361326556,1781.4216255941,2732.1700032677,0.7512673611,0.0000000000,0.0000000000,1470.5310073606,10800.0000000000
2025-05-29,35622.3503318122,3719.7616911484,0.0000000000,119.8044217333,39461.9164446940,39136.0114986770,57537.2623725894,61962.8346090698,17.8174333333,4425.5722364804,0.0000000000,19948.9262476130,15447.6606772814,3369.2629720715,2732.1700032677,3522.1362069178,0.7595125000,0.0000000000,0.0000000000,1362.5093054852,10800.0000000000
2025-05-30,11247.3743395367,0.0000000000,0.0000000000,24.9179026238,11272.2922421605,11711.1974801878,25550.0287958905,25550.0287958905,8.6236036075,0.0000000000,0.0000000000,13442.5851265919,11845.9764270939,17365.8104333333,3522.1362069178,2458.2667907462,0.5609930556,0.0000000000,0.0000000000,1200.0000000000,10800.0000000000
2025-05-31,12052.4728486180,0.0000000000,-293.4310483473,0.0000000000,11759.0418002707,11787.9013143972,28544.2146275823,27515.6679922512,0.0000000000,0.0000000000,1028.5466353310,13401.2764889302,10917.9916895171,16643.2016428381,2458.2667907462,2388.3137535421,0.5663548611,0.0000000000,0.0000000000,1591.6359123735,10800.0000000000
2025-06-01,52873.9766380795,7718.2831404875,-1672.8337549240,4414.7225069822,63334.1485306251,61407.2623322376,79742.2556548764,80080.4888515044,710.3954190229,4622.7386202472,4284.5054236192,25804.4870530747,16698.0853056275,459.6562230800,2388.3137535421,7058.9239839455,0.8191805556,0.0000000000,0.0000000000,1200.0000000000,9983.5775489996
2025-06-02,48056.1454300653,5272.2092701376,-1280.7221096223,2610.3009279431,54657.9335185237,55786.3979082414,71187.8653433231,69233.3161166276,547.2216666462,2678.1277849754,4632.6770116710,18779.5593804738,17673.2156693429,33.3866221429,7058.9239839455,4323.6211271021,0.8099458333,0.0000000000,0.0000000000,1200.0000000000,10525.4797521928
2025-06-03,44312.9134466606,9288.3919177917,-582.7684122693,0.0000000000,53018.5369521830,54237.8972567468,66100.0123354562,69293.4226111789,0.0000000000,5563.1642250590,2369.7539493364,16440.1446114210,15976.5813601277,637.4925265522,4323.6211271021,1367.9942105724,0.8062826389,0.0000000000,0.0000000000,1308.3699930521,10800.0000000000
2025-06-04,53004.1678419364,2851.8155960199,-2353.6427911830,2755.4619496996,56257.8025964729,56327.1095413457,78528.1671371928,73268.2279572783,720.6055526866,1581.7317685208,6841.6709484352,20205.7374359919,16517.8421126686,655.6773699751,1367.9942105724,1200.0000000000,0.8136590278,0.0000000000,0.0000000000,1200.0000000000,10800.0000000000
2025-06-05,44758.7481108531,11990.7422392755,-54.2889672948,2082.7867941994,58777.9881770331,58518.2058356598,67736.1591501905,75185.5057532682,610.0120824667,7647.0053556353,197.6587525575,21181.5007197026,16590.2940733647,54.9931727304,1200.0000000000,1829.6905662160,0.8220694444,0.0000000000,0.0000000000,1200.0000000000,10532.5883644727
2025-06-06,14419.1411937597,6854.7089307679,-11.2196294315,0.0000000000,21262.6304950962,21479.1944386629,29683.3461977434,35003.6019821302,0.0000000000,5352.7131376638,32.4573532770,12510.9663152591,10606.3222367416,2243.9625036128,1829.6905662160,1304.7577646807,0.6492826389,0.0000000000,0.0000000000,1229.4437102112,10800.0000000000
2025-06-07,15771.3222292567,6250.0457885567,-677.0318351526,350.2085884082,21694.5447710690,21527.1313190746,34100.8964015266,35084.8370855252,182.8308155939,4169.4536722255,3185.5129882270,15389.6982062083,12100.4390209974,851.8955492415,1304.7577646807,1710.5539047155,0.6502881944,0.0000000000,0.0000000000,1200.0000000000,10800.0000000000
2025-06-08,48173.6955259949,5340.1620333763,-1186.4992519263,0.0000000000,52327.3583074449,51160.7854181520,72326.2635699267,71565.8740914688,0.0000000000,3045.8444875074,3806.2339659652,19509.0090995524,13257.3901788053,129.3319040551,1710.5539047155,4538.2285623068,0.7970791667,0.0000000000,0.0000000000,1697.2285112728,10305.6244753536
2025-06-09,51604.0250276856,2200.9775467878,-835.3237700504,101.9768259522,53071.6556303753,54008.7476261230,74096.5577392923,73083.9754370574,14.4269400795,1269.4084106720,2281.9907129070,18634.9028337929,17138.5603246091,669.3471346198,4538.2285623068,2266.7963075991,0.8192562500,0.0000000000,0.0000000000,1393.4917897664,10800.0000000000
2025-06-10,49068.2112056912,4248.8861954854,-0.8041113379,1293.0649304808,54609.3582203195,54830.7992905422,71891.6529457961,74803.4579666350,209.9779158860,2914.3905878417,2.5855670028,20127.9113239812,16786.6872644806,53.7675896870,2266.7963075991,1730.0417608704,0.8168180556,0.0000000000,0.0000000000,1200.0000000000,9823.3033998514
2025-06-11,53829.0886936491,4462.9877485311,-21.5497944182,0.0000000000,58270.5266477620,58254.0831436962,77458.8705933356,80289.6442991097,0.0000000000,2886.1804968701,55.4067910960,21403.1896588488,17300.7117187570,102.7200423513,1730.0417608704,1769.8994329932,0.8316965278,0.0000000000,0.0000000000,1509.6777882557,10234.5469703993
2025-06-12,52062.7382238628,2484.5167584001,-97.5570923426,0.0000000000,54449.6978899204,54250.1372793757,76400.8609564662,77487.1812624047,0.0000000000,1262.6499154113,176.3296094729,22750.2136106306,17992.3266886528,276.9029070935,1769.8994329932,2253.6175840576,0.8219833333,0.0000000000,0.0000000000,1343.8303598118,10579.0502949099
2025-06-13,15694.0909036965,4199.3289727178,-256.7625990489,0.0000000000,19636.6572773654,19719.0176464726,32191.9437673260,34304.5504425110,0.0000000000,2846.3885367521,733.7818615671,13736.6446135153,11306.3532895918,3528.9454185875,2253.6175840576,2053.9829700082,0.6400291667,0.0000000000,0.0000000000,1504.3370912145,10800.0000000000
2025-06-14,16444.5000366647,2499.6892943264,-245.3098099607,217.3543700071,18916.2338910375,19156.7313094762,32691.5718554830,33550.1009227040,72.4529046052,1554.2570134799,695.7279462589,13905.3897761813,11788.0166988721,5311.8380000000,2053.9829700082,1471.0374364913,0.6368673611,0.0000000000,0.0000000000,1200.0000000000,10800.0000000000
2025-06-15,48956.2744460472,4947.0193847268,-30.5659995293,0.0000000000,53872.7278312446,53366.6150164285,71542.1406157798,76419.9843319301,0.0000000000,4954.3830914583,76.5393753081,20589.6238182210,15573.4978513340,776.8840317097,1471.0374364913,2697.8123714080,0.8178270833,0.0000000000,0.0000000000,1471.0374364913,10800.0000000000
2025-06-16,51730.6355802598,2853.1216378616,-89.0466060962,35.4952104702,54530.2058224954,54708.0008857360,74092.1255564801,76724.5209354989,5.2628379376,2765.5346115022,133.1392324834,20118.8614834169,16684.1420655723,601.0115389253,2697.8123714080,2266.8520780695,0.8232416667,0.0000000000,0.0000000000,1537.4253819082,10800.0000000000
2025-06-17,54049.7549125825,2249.7268180358,-233.9111493623,298.7203194426,56364.2909006986,56173.4145806329,77897.3488559638,79632.0208480301,49.1491651154,2097.8140866224,363.1420945560,21307.0071912413,16842.2744802966,579.4260855342,2266.8520780695,2729.5202387460,0.8286263889,0.0000000000,0.0000000000,1200.0000000000,10800.0000000000
2025-06-18,53140.2963800848,1523.8995221607,-1339.1575668734,607.1688627094,53932.2071980814,54349.7975047554,76001.9860526679,74680.0426191772,90.3750954557,1451.3871680945,2773.3306015852,17394.3105601800,15000.3749860269,1448.0912404797,2729.5202387460,1717.3164251004,0.8200500000,0.0000000000,0.0000000000,1200.0000000000,10800.0000000000
2025-06-19,49607.4326702592,2854.8725453395,-699.4358676620,191.4161766819,51954.2855246186,51529.0852100240,73526.7399731336,74125.2732223023,27.6504227247,2494.6149918989,1896.0817427301,21229.1607991147,16268.0353972383,932.2940431506,1717.3164251004,2747.9662584833,0.8079104167,0.0000000000,0.0000000000,1481.2315467498,10800.0000000000
2025-06-20,16909.7350729539,0.0000000000,0.0000000000,0.0000000000,16909.7350729539,17276.7694396046,33056.5135973328,33056.5135973328,0.0000000000,0.0000000000,0.0000000000,11870.3616016020,10415.6873141761,9201.2584599069,2747.9662584833,1858.3057952850,0.6213069444,0.0000000000,0.0000000000,1597.2963248561,10800.0000000000
2025-06-21,17683.1891761613,0.0000000000,-332.4690920294,0.0000000000,17350.7200841319,17045.5000166566,35209.0655029055,34544.7306203619,0.0000000000,0.0000000000,664.3348825436,14198.0327290585,10834.5614939605,11846.5189852640,1858.3057952850,2598.1335914814,0.6095256944,0.0000000000,0.0000000000,1642.4085151869,10800.0000000000
2025-06-22,48193.6962300204,1709.0486170514,-162.0064155344,0.0000000000,49740.7384315374,49720.2357610576,70440.5809218114,71456.3445034570,0.0000000000,1288.8396741576,273.0760925121,18549.4099372812,14980.2949738178,429.8884399936,2598.1335914814,2647.8303419037,0.8074916667,0.0000000000,0.0000000000,1799.7049641745,10800.0000000000
2025-06-23,49684.9030754381,0.0000000000,-635.7296968504,52.6323218997,49101.8057004875,49373.6377800189,71875.0278115191,70738.9351114662,7.5065709049,0.0000000000,1136.0927000529,18691.3034192907,15732.9640767099,726.8163397903,2647.8303419037,1988.9322229210,0.8048722222,0.0000000000,0.0000000000,1438.5009167446,10800.0000000000
2025-06-24,60030.0582529918,0.0000000000,-444.1268332056,0.0000000000,59585.9314197862,59022.3376974940,84541.4489759566,83687.4163156671,0.0000000000,0.0000000000,854.0326602896,22653.9310793697,17120.1907321759,1884.8837184733,1988.9322229210,3355.0360474916,0.8405347222,0.0000000000,0.0000000000,1988.9322229210,10800.0000000000
2025-06-25,49728.2150430111,2150.9308611174,-531.4277470316,0.0000000000,51347.7181570969,51872.4421629804,72851.4745071865,73680.9121400521,0.0000000000,1788.1584023311,958.7207694655,17581.2389360515,15385.5017465660,1047.7535839000,3355.0360474916,2083.1491493090,0.8163465278,0.0000000000,0.0000000000,1331.6152750140,10800.0000000000
2025-06-26,48918.2651906182,1243.2223528863,-28.9666100987,0.0000000000,50132.5209334058,49605.2408665797,72550.6300495749,73777.8633556928,0.0000000000,1316.3750513055,89.1417451876,20599.0161894671,15534.9287958571,1166.3921287495,2083.1491493090,3361.2317244326,0.8059743056,0.0000000000,0.0000000000,1959.8251712332,10800.0000000000
2025-06-27,17600.3853628533,0.0000000000,0.0000000000,0.0000000000,17600.3853628533,17650.6331765324,34866.1835940735,34866.1835940735,0.0000000000,0.0000000000,0.0000000000,12820.5361889342,10494.2511433089,12768.2526817815,3361.2317244326,3239.4352463524,0.6051201389,0.0000000000,0.0000000000,2173.0484036343,10800.0000000000
2025-06-28,17033.7659159808,0.0000000000,-267.5456639346,0.0000000000,16766.2202520462,17143.8769903681,33859.4653716147,33388.2065717976,0.0000000000,0.0000000000,471.2587998171,14559.6843106615,12617.2116712230,9668.8078156924,3239.4352463524,2324.0270468112,0.6229888889,0.0000000000,0.0000000000,1684.1407707797,10800.0000000000
2025-06-29,47972.7264306248,6015.8901558578,-765.2339626658,1012.7033497440,54236.0859735608,54251.6782789817,70125.9522085455,74285.3237557789,147.5168754179,5338.2460748377,1178.8745276044,18960.0920937447,15391.6895902531,1596.6695943718,2324.0270468112,2286.2326086780,0.8118270833,0.0000000000,0.0000000000,1200.0000000000,10800.0000000000
2025-06-30,52207.7711070592,0.0000000000,-696.0609273307,0.0000000000,51511.7101797285,51690.2936106200,75993.7535946112,74928.6278158551,0.0000000000,0.0000000000,1065.1257787561,18514.0208906283,15385.9410286594,1922.8639705529,2286.2326086780,1853.3613783996,0.8101881944,0.0000000000,0.0000000000,1360.4589353742,10800.0000000000
2025-07-01,49797.4588373050,20127.0584176814,0.0000000000,1398.9678499213,71323.4851049077,71593.0329713519,66773.8488125268,81253.9571217794,507.2476676218,14480.1083092526,0.0000000000,18090.2555618223,15241.1322456357,45.5374398814,1853.3613783996,1200.0000000000,0.8907618056,0.0000000000,0.0000000000,1200.0000000000,10109.2713529424
2025-07-02,48187.1694249862,13886.8547905537,0.0000000000,6848.5648638421,68922.5890793821,68922.5890793821,64299.9519773759,74770.0618059575,1493.6203219855,10470.1098285816,0.0000000000,17188.3881885526,13922.5944327276,93.1220054513,1200.0000000000,1200.0000000000,0.8753215278,0.0000000000,0.0000000000,1200.0000000000,10034.9485161654
2025-07-03,54684.8935067619,15101.6368944505,0.0000000000,4637.0831106482,74423.6135118606,74152.3258454614,73639.1962265734,83694.8859570131,1401.8022562075,10055.6897304397,0.0000000000,19860.5805010603,15495.2495492918,970.9383281188,1200.0000000000,1857.5785072967,0.9014361111,0.0000000000,0.0000000000,1200.0000000000,10800.0000000000
2025-07-04,18407.3305094799,1472.1807481948,0.0000000000,29689.7136316597,49569.2248893344,49840.5125557336,32830.0475568325,34304.9299052270,5956.3988530015,1474.8823483945,0.0000000000,11535.7732564871,9935.7969943216,9780.4850293963,1857.5785072967,1200.0000000000,0.6903083333,0.0000000000,0.0000000000,1200.0000000000,10800.0000000000
2025-07-05,18817.9851002690,7669.0873767522,0.0000000000,3731.9258035162,30218.9982805375,30218.9982805375,34809.9079326399,40200.0024849147,1562.4163767456,5390.0945522748,0.0000000000,13401.8669846645,10855.5122575782,10425.9841679073,1200.0000000000,1200.0000000000,0.6843187500,0.0000000000,0.0000000000,1200.0000000000,10800.0000000000
2025-07-06,51256.9688109540,18674.4312479891,0.0000000000,5766.4631186216,75697.8631775646,75697.8631775646,67346.1318979427,82604.5984581094,1156.0800647267,15258.4665601667,0.0000000000,20096.1228779747,16277.8595311595,148.4336260209,1200.0000000000,1200.0000000000,0.8986708333,0.0000000000,0.0000000000,1200.0000000000,10800.0000000000
2025-07-07,49331.4831018801,8895.3482901214,0.0000000000,14762.2029804144,72989.0343724159,72989.0343724159,66262.3546995501,74218.7434264212,2976.6532888925,7956.3887268711,0.0000000000,18990.2280326976,15382.0847064851,177.7706224345,1200.0000000000,1200.0000000000,0.8773902778,0.0000000000,0.0000000000,1200.0000000000,10800.0000000000
2025-07-08,60272.4615948114,1583.5374137024,-723.1506445101,355.6273933236,61488.4757573273,61416.1079998311,81547.2596705204,80068.5809927675,43.0484294000,849.8344315194,2328.5131092723,21837.5267681708,17530.5246553615,233.2402926916,1200.0000000000,1375.4133631742,0.8836034722,0.0000000000,0.0000000000,1200.0000000000,10734.1262861581
2025-07-09,57944.6417756165,1331.2160793192,-268.6667878251,2291.1169015878,61298.3079686984,61273.2624565225,78351.6078573481,78326.5034062156,310.1716694123,662.4472151432,687.5516662758,19958.5947572286,16111.8243580884,731.1796598211,1375.4133631742,1436.1215801373,0.8791770833,0.0000000000,0.0000000000,1200.0000000000,10800.0000000000
2025-07-10,54150.5176901380,4247.6753287583,0.0000000000,6138.4489254678,64536.6419443641,64572.7884146305,71268.9381840274,75890.4528343030,789.4233776856,4621.5146502756,0.0000000000,20241.1753079707,16474.2064053699,59.2839260545,1436.1215801373,1348.5055735666,0.8775076389,0.0000000000,0.0000000000,1200.0000000000,10645.0153405086
2025-07-11,23443.3747248814,768.2400962102,-44.2343013970,2711.3362258101,26878.7167455048,26939.9835449106,40581.8013530750,41182.4081598242,599.8216294727,751.5561457356,150.9493389865,13209.0632948942,10832.9962850742,6887.3856294769,1348.5055735666,1200.0000000000,0.7069465278,0.0000000000,0.0000000000,1200.0000000000,10800.0000000000
2025-07-12,23044.9065767897,1582.6081166963,0.0000000000,104.2457914922,24731.7604849782,24696.0224099006,40870.2043903336,42059.1855620990,39.2639515978,1188.9811717653,0.0000000000,14185.7974713575,11412.5324699443,8240.9411789503,1200.0000000000,1286.6260909502,0.6942819444,0.0000000000,0.0000000000,1200.0000000000,10800.0000000000
2025-07-13,59237.7784624488,39.8396732384,-2798.0331705769,3122.9693982432,59602.5543633534,59598.4261152308,80140.3234006337,73065.2324861903,372.1866629232,16.4609743780,7091.5518888214,20464.1569260305,16566.9612361840,272.5030592671,1286.6260909502,1296.6326175066,0.8542875000,0.0000000000,0.0000000000,1200.0000000000,10685.1228413350
2025-07-14,53606.3094506246,5088.0165558798,-38.5291826835,0.0000000000,58655.7968238208,58505.6542867523,73605.0601914093,76411.3468204161,0.0000000000,2973.5153969077,167.2287679010,19373.0200952092,15364.6066729570,595.2541814972,1296.6326175066,1660.5655110204,0.8722152778,0.0000000000,0.0000000000,1291.0155076168,10800.0000000000
2025-07-15,60146.1417987692,791.4666382622,-1876.5605227016,2568.5658747111,61629.6137890410,61504.3927762830,81843.0804046969,76482.4642454591,299.6608651115,329.6747430855,5690.2909023233,19443.1804191699,15475.8034480813,65.6975561487,1660.5655110204,1964.0907237385,0.8721083333,0.0000000000,0.0000000000,1200.0000000000,10762.9402385238
2025-07-16,57917.1526942249,755.1470497563,-41.2854722353,0.0000000000,58631.0142717459,58462.0592695014,76311.5483040373,76885.8284293561,0.0000000000,632.7546510089,58.4745256901,19149.5559989871,15142.5609037039,744.2699507397,1964.0907237385,2373.6234520447,0.8758020833,0.0000000000,0.0000000000,1651.8995215939,10800.0000000000
2025-07-17,58074.8338620203,1212.7352671498,-517.8346735451,165.6728241354,58935.4072797604,58907.8443762989,77909.6720547767,77223.6431427117,19.6251256729,974.6413247124,1660.6702367775,20354.1550055546,16426.7364087846,595.4336049479,2373.6234520447,2440.4336139498,0.8748208333,0.0000000000,0.0000000000,1200.0000000000,10800.0000000000
2025-07-18,25230.5514705469,0.0000000000,-283.0538980660,0.0000000000,24947.4975724810,24902.7461937329,43932.9435176990,42981.1865652136,0.0000000000,0.0000000000,951.7569524854,13153.8705009807,10557.0088822933,9110.0768465262,2440.4336139498,2548.9071956176,0.6942027778,0.0000000000,0.0000000000,1604.5888816255,10800.0000000000
2025-07-19,25091.1925280478,205.1815005012,-709.6906428613,0.0000000000,24586.6833856877,24878.8187373762,43740.5860360542,41592.9591485442,0.0000000000,113.1951015518,2260.8219890618,13510.3902280110,11580.7164748524,12480.4663453856,2548.9071956176,1840.7956509915,0.6802993056,0.0000000000,0.0000000000,1423.6970937509,10800.0000000000
2025-07-20,59361.3779331041,579.8655946641,-1365.5238386978,0.0000000000,58575.7196890704,58361.0260079279,81896.8672568765,77851.1774990636,0.0000000000,309.8996616510,4355.5894194639,20365.3664640458,16027.5873375593,1423.4201559104,1840.7956509915,2361.1950935669,0.8676125000,0.0000000000,0.0000000000,1788.1666789646,10800.0000000000
2025-07-21,60171.9878308596,1664.9454556954,-206.3760128999,0.0000000000,61630.5572736551,61459.2550688869,80381.7141654218,80463.3597407737,0.0000000000,804.3587599359,722.7131845840,20662.9493749185,16363.2890586927,2173.9500745479,2361.1950935669,2776.4172435572,0.8791791667,0.0000000000,0.0000000000,1934.8506852438,10800.0000000000
2025-07-22,61057.2248663071,1274.8067644803,-1341.9746567484,1327.1580550163,62317.2150290553,62658.8626406694,81530.9414944186,80377.8235189813,160.1959149190,1664.0472173578,2817.1651927951,19522.4862665536,16558.5264679024,3778.9150185824,2776.4172435572,1948.2921413416,0.8751333333,0.0000000000,0.0000000000,1200.0000000000,10800.0000000000
2025-07-23,67805.7462534265,0.0000000000,-4106.8491546328,330.8008114667,64029.6979102605,63990.7252704857,91489.6023877675,80824.9075848502,41.8835025045,0.0000000000,10664.6948029173,21788.5537275814,17563.7087557602,2425.3989988668,1948.2921413416,2042.7585453203,0.8755840278,0.0000000000,0.0000000000,1200.0000000000,10800.0000000000
2025-07-24,69026.1386983285,0.0000000000,-2328.2428094922,0.0000000000,66697.8958888363,65832.7904860506,92135.8676927301,85764.5892007742,0.0000000000,0.0000000000,6371.2784919558,21145.8749909385,15240.9102205583,6243.1524303940,2042.7585453203,4139.7013476557,0.8774458333,0.0000000000,0.0000000000,2042.7585453203,10800.0000000000
2025-07-25,24539.9373800261,0.0000000000,0.0000000000,0.0000000000,24539.9373800261,24893.2207230678,41919.6277236009,41919.6277236009,0.0000000000,0.0000000000,0.0000000000,13411.6747522967,11634.1527730710,13636.7861777085,4139.7013476557,3283.3722101994,0.6769687500,0.0000000000,0.0000000000,2229.6540071317,10800.0000000000
2025-07-26,24015.6331485255,26.3174954947,-415.7301277131,610.2181625635,24236.4386788706,24673.8622729356,41609.6076532685,40888.7210160996,94.1041194485,21.8670672193,742.7537043882,14250.6554410854,12497.2811394165,10760.3592672124,3283.3722101994,2223.0941744913,0.6880090278,0.0000000000,0.0000000000,1200.0000000000,10800.0000000000
2025-07-27,60988.6891693182,1590.9609184366,-1427.2297678459,0.0000000000,61152.4203199088,61136.9918031237,82997.3953706178,79292.1427881348,0.0000000000,782.7470364277,4487.9996189107,20855.8315893028,16859.5659019167,1610.6873007487,2223.0941744913,2260.4916027341,0.8771312500,0.0000000000,0.0000000000,1234.5907978279,10800.0000000000
2025-07-28,63883.9881634128,111.3539974355,-743.9496354035,0.0000000000,63251.3925254448,63042.1230320372,86021.1122007726,84294.4729961935,0.0000000000,54.5799283622,1781.2191329413,21519.9312373313,16974.6178016724,1794.2823272012,2260.4916027341,2767.7432700296,0.8862368056,0.0000000000,0.0000000000,1978.2727305032,10800.0000000000
2025-07-29,62525.0171487740,1447.5524560910,-882.2296850205,786.6981333837,63877.0380532282,64000.7487763539,83961.3240620536,84279.9865489677,97.1003112928,1527.9273010566,1209.2648141425,20133.0455803542,16577.6448778887,4752.4402077949,2767.7432700296,2467.8788724721,0.8846277778,0.0000000000,0.0000000000,1200.0000000000,10800.0000000000
2025-07-30,56703.8335438699,6421.2630971980,-624.0638090446,0.0000000000,62501.0328320233,62383.9618398556,74103.0188903743,80065.1192687775,0.0000000000,6766.1300377819,804.0296593787,20945.5614014220,16710.5115122705,1726.8153296260,2467.8788724721,2751.6491201180,0.8796965278,0.0000000000,0.0000000000,1458.4918104614,10800.0000000000
2025-07-31,57847.4686782324,3275.2217055317,-6.7615162180,0.0000000000,61115.9288675461,60445.7285849072,78724.1269677384,81945.0331258751,0.0000000000,3233.7884988244,12.8823406878,23246.1175909361,17367.2969967394,1371.2162650117,2751.6491201180,4376.1582889167,0.8814312500,0.0000000000,0.0000000000,1604.7557691150,10800.0000000000
2025-08-01,24187.6669151460,0.0000000000,0.0000000000,0.0000000000,24187.6669151460,24557.1867883107,41067.9136342151,41067.9136342151,0.0000000000,0.0000000000,0.0000000000,13374.1082181440,11639.1442666170,18081.5900160215,4376.1582889167,3480.4731667830,0.6663972222,0.0000000000,0.0000000000,1971.8071895517,10800.0000000000
2025-08-02,24419.4437305138,0.0000000000,-592.3523776924,0.0000000000,23827.0913528214,24143.7460379560,42856.2767960267,41477.2007863256,0.0000000000,0.0000000000,1379.0760097011,14265.7799518699,12246.0716747206,18530.4675758430,3480.4731667830,2712.9288182207,0.6621875000,0.0000000000,0.0000000000,1288.8648783895,10800.0000000000
2025-08-03,50341.6783146899,0.0000000000,-291.2262877993,140.5683767277,50191.0204036183,50411.7900792882,67208.2243665113,66518.5989977682,16.8850902976,0.0000000000,689.6253687431,18004.5928192631,15065.3346120777,756.7458975471,2712.9288182207,2177.8016754712,0.8333687500,0.0000000000,0.0000000000,1337.0644108615,10800.0000000000
2025-08-04,54056.0499681174,1776.2455246063,-1216.2044751221,0.0000000000,54616.0910176016,54245.4069618923,71908.1371406419,70082.6989465888,0.0000000000,1215.2603861292,3040.6985801823,19158.7714781642,14709.9485947960,218.2209798874,2177.8016754712,3076.3086782678,0.8447847222,0.0000000000,0.0000000000,2001.3269786083,10800.0000000000
2025-08-05,51550.5603506002,1226.2165266665,-329.1077446590,0.0000000000,52447.6691326077,52713.9696468171,68842.7475234629,69673.6055440860,0.0000000000,1509.2918346702,678.4338140471,18174.0798940999,15301.9457767298,1649.1616933826,3076.3086782678,2430.8186088135,0.8445958333,0.0000000000,0.0000000000,1897.7781402650,10800.0000000000
2025-08-06,58356.4521389767,0.0000000000,-2374.1049977297,0.0000000000,55982.3471412470,56230.9531566817,76650.9026646287,71271.8511314773,0.0000000000,0.0000000000,5379.0515331514,18369.1838761032,15421.3790217931,209.6470105006,2430.8186088135,1828.2185175362,0.8577486111,0.0000000000,0.0000000000,1402.7163235142,10800.0000000000
2025-08-07,57343.2641712808,566.3072716070,-1771.5674928020,0.0000000000,56138.0039500858,55150.1072482252,81406.0932137841,74402.5053040636,0.0000000000,418.1612595418,7421.7491692622,21360.2692706183,15146.6973752739,4800.9481587192,1828.2185175362,4222.7971107884,0.8411048611,0.0000000000,0.0000000000,1658.7829113409,10800.0000000000
2025-08-08,21268.9267980591,0.0000000000,0.0000000000,0.0000000000,21268.9267980591,22059.1963082121,38276.2657289080,38276.2657289080,0.0000000000,0.0000000000,0.0000000000,13990.7175328426,13056.4733998896,21566.8503459550,4222.7971107884,2307.2502238028,0.6379520833,0.0000000000,0.0000000000,1622.5537716018,10800.0000000000
2025-08-09,22619.3245832891,0.0000000000,-152.7381156678,0.0000000000,22466.5864676213,22633.3146532387,40106.4838589119,39858.1017053051,0.0000000000,0.0000000000,248.3821536067,14704.2207792669,12274.1404319338,18506.0923579720,2307.2502238028,1903.1151118833,0.6529750000,0.0000000000,0.0000000000,1597.9871288135,10800.0000000000
2025-08-10,54847.5904900062,17.6602986057,-580.2651408420,0.0000000000,54284.9856477699,53762.7563283626,73585.0331287693,71769.7343219849,0.0000000000,7.1693657312,1822.4681725157,19388.1386347845,14565.1363051640,1642.1129423643,1903.1151118833,3168.9550996738,0.8486909722,0.0000000000,0.0000000000,1458.0154727320,10800.0000000000
2025-08-11,49955.4377752134,890.8581740745,-808.2539442210,5351.9683914903,55390.0103965573,56008.1307433663,69142.8797609613,67769.7515297559,633.1165105134,722.3640218845,2095.4922530899,18191.8228427388,16083.8211051374,1733.6129693346,3168.9550996738,1670.6833190972,0.8396298611,0.0000000000,0.0000000000,1200.0000000000,10800.0000000000
2025-08-12,55366.7569662913,1199.7498662199,-721.6920578060,0.0000000000,55844.8147747051,55423.8737255480,76346.0867147689,73821.2941853124,0.0000000000,627.4047806204,3152.1973100768,19561.3034215286,14926.3626127598,1425.8097265436,1670.6833190972,2691.0090509621,0.8573708333,0.0000000000,0.0000000000,1430.6939171076,10800.0000000000
2025-08-13,50890.9874786535,2153.0482742198,-14.2921012644,317.4470977739,53347.1907493829,53077.4612983283,69679.5466300839,72029.7083450520,38.0685556839,2390.3605729669,40.1988579987,19225.0403116538,14983.8612806265,1705.6184197087,2691.0090509621,3344.8105751988,0.8531652778,0.0000000000,0.0000000000,1254.8350189445,10800.0000000000
2025-08-14,51543.6633210048,2499.5478638314,0.0000000000,276.9474098906,54320.1585947269,54728.4356900468,68936.5022716572,72315.2197130269,32.4656620123,3378.7174413696,0.0000000000,18665.5299038865,16009.7456568617,3765.6101446810,3344.8105751988,2355.1812032948,0.8501201389,0.0000000000,0.0000000000,1207.2507493978,10800.0000000000
2025-08-15,22400.8161763191,0.0000000000,0.0000000000,0.0000000000,22400.8161763191,22706.3675237367,39523.3896862259,39523.3896862259,0.0000000000,0.0000000000,0.0000000000,13368.5744376944,11495.1130063780,20490.2013715761,2355.1812032948,1614.5504123553,0.6512152778,0.0000000000,0.0000000000,1243.9087226671,10800.0000000000
2025-08-16,23801.0924140583,99.0024752599,-1051.6638486990,725.9504367313,23574.3814773505,23631.1560935353,41789.9928474572,38860.3944430162,152.4714893667,105.4933169976,3035.0917214386,14596.5223210531,11947.0382890747,19434.1015337378,1614.5504123553,1476.9335134424,0.6473409722,0.0000000000,0.0000000000,1200.0000000000,10800.0000000000
2025-08-17,53625.9040711088,781.7070849643,-1011.4553622850,475.5778518288,53871.7336456169,52959.0042557319,75670.3097674527,71657.0093132956,56.1531403617,440.2837214607,4453.5841756178,21793.6807540508,15661.7400000435,2415.8280829833,1476.9335134424,3689.3128587064,0.8399000000,0.0000000000,0.0000000000,1200.0000000000,10800.0000000000
2025-08-18,51065.8875286329,570.4336077817,-892.8462975402,3024.9142744942,53768.3891133686,54617.6666542346,68457.7066095151,66259.3032414199,377.5205800451,339.9460450040,2538.3494130992,17598.7354278325,16107.6953520829,751.6681290487,3689.3128587064,1630.7354636636,0.8475611111,0.0000000000,0.0000000000,1200.0000000000,10800.0000000000
2025-08-19,51346.0754030989,0.0000000000,-463.4104082414,1817.1972302272,52699.8622250847,52726.3132757410,69243.5067343073,68215.8550279059,281.3624642509,0.0000000000,1027.6517064014,18496.3469942961,15039.7446770996,722.9551249603,1630.7354636636,1566.6203395305,0.8429152778,0.0000000000,0.0000000000,1200.0000000000,10800.0000000000
2025-08-20,58821.8452638301,4994.6412623633,-1849.2111475260,0.0000000000,61967.2753786675,60386.6443723782,82714.2558742924,78925.9868104490,0.0000000000,2540.5261005708,6328.7951644142,24192.0843583035,16147.4032639876,230.6146494664,1566.6203395305,5397.9370797952,0.8663486111,0.0000000000,0.0000000000,1563.0093804990,10733.3119723005
2025-08-21,51852.4883490393,291.9831208094,-982.1455445253,615.4106329874,51777.7365583108,53100.0396272426,71193.7288330847,67346.5556032357,80.9776816691,193.6744341561,4040.8476640051,15939.2473588519,15795.4267351239,1439.2941778435,5397.9370797952,2192.7855526243,0.8472069444,0.0000000000,0.0000000000,1200.0000000000,10800.0000000000
2025-08-22,22074.4693231377,253.0635295600,-262.5712058341,2305.5146902223,24370.4763370860,24735.1676740145,38835.7289894615,38318.0120042609,402.8490462922,253.3812302996,771.0982155001,12661.9869534969,11051.7924727635,15880.0971698199,2192.7855526243,1308.8043965897,0.6604708333,0.0000000000,0.0000000000,1200.0000000000,10800.0000000000
2025-08-23,21043.4660419351,900.3833881719,0.0000000000,179.3872633417,22123.2366934488,22152.1031251892,38811.6619717746,39559.5017785053,47.2693711045,747.8398067307,0.0000000000,14142.4462745154,11518.3543067844,14452.6730318789,1308.8043965897,1238.8345916709,0.6591965278,0.0000000000,0.0000000000,1200.0000000000,10800.0000000000
2025-08-24,51634.0759775670,780.6434432865,0.0000000000,0.0000000000,52414.7194208535,52299.6201912537,68738.2858081947,69548.7714756002,0.0000000000,810.4856674055,0.0000000000,19878.6151901096,15850.5865292089,1787.1533313662,1238.8345916709,1517.8254525374,0.8410215278,0.0000000000,0.0000000000,1201.0859620333,10800.0000000000
2025-08-25,65185.1895593533,96.4472196080,-5205.6621451700,0.0000000000,60075.9746337913,60093.2691700954,90888.4558365250,75484.9502555441,0.0000000000,42.3066309109,15445.8122118917,20821.1319908302,16902.8453650538,793.5766131011,1517.8254525374,1475.9049497803,0.8601569444,0.0000000000,0.0000000000,1218.4922161246,10800.0000000000
2025-08-26,54186.5196814846,617.4731477929,0.0000000000,0.0000000000,54803.9928292775,53331.2942363619,73732.7902290635,74430.3158771132,0.0000000000,697.5256480497,0.0000000000,23354.0166692127,15704.0256263241,1251.5064508912,1475.9049497803,5045.6025894895,0.8444180556,0.0000000000,0.0000000000,1475.9049497803,10800.0000000000
2025-08-27,51953.0776465265,3948.9569064580,-219.6168729070,795.0860219045,56477.5037019820,56613.1814890678,70746.1886563546,74297.0088586895,109.2743050257,4248.8763291323,698.0561267974,19836.8306255958,16363.8172062463,3019.1208776990,5045.6025894895,4716.7310344743,0.8533875000,0.0000000000,0.0000000000,1200.0000000000,10800.0000000000
2025-08-28,49850.7030862610,5735.4559460693,-12.6589581287,2442.7954479646,58016.2955221662,58489.3704455039,68244.7581497994,73485.1803571514,301.2253887810,5275.5058992327,35.0836918807,19796.2873382458,17067.0172198841,289.3406442374,4716.7310344743,3570.0371723575,0.8635048611,0.0000000000,0.0000000000,1200.0000000000,10421.5748417645
2025-08-29,22298.9505107546,0.0000000000,-507.9068474403,225.1176374733,22016.1613007877,22959.8151682166,39495.1610866405,38032.1386312724,35.2821310984,0.0000000000,1463.0224553680,13693.5394782311,13150.3708896146,14969.0318237543,3570.0371723575,1282.6994920826,0.6645076389,0.0000000000,0.0000000000,1200.0000000000,10800.0000000000
2025-08-30,22586.5876069179,415.1919322181,-30.7126930148,285.7466825032,23256.8135286244,23232.5343006524,40265.0138571708,40505.3145771345,136.1195879671,343.2821447482,102.9814247845,14523.9885664377,11711.4650112161,19316.1907765466,1282.6994920826,1341.5503005253,0.6546625000,0.0000000000,0.0000000000,1200.0000000000,10800.0000000000
2025-08-31,51205.4586321601,2968.7551830653,-354.4599796853,2472.3165474419,56292.0703829820,55508.4439281907,70261.8732983590,72449.0344774346,309.4101448259,2926.0594859061,738.8983068304,21420.8780331505,15641.4109957530,332.3545015298,1341.5503005253,3240.9949795240,0.8465388889,0.0000000000,0.0000000000,1200.0000000000,10218.9648130598
2025-09-01,50460.9600282050,0.0000000000,-3978.3467128560,0.0000000000,46482.6133153490,45191.6039507192,80008.0779264874,67235.0288737775,0.0000000000,0.0000000000,12773.0490527100,20972.1079381080,14171.0390340954,6859.8254364315,3240.9949795240,6370.2931970486,0.7517326389,0.0000000000,0.0000000000,1699.2342213755,10800.0000000000
2025-09-02,43036.8836142921,1111.2094040633,-1130.5802556417,0.0000000000,43017.5127627137,43424.8705833683,65032.8499332376,64122.2546726884,0.0000000000,1755.4013284009,2665.9965889501,17845.1806499160,15343.2573410567,7562.5755138291,6370.2931970486,5382.8920696877,0.7539930556,0.0000000000,0.0000000000,2134.3707704703,10800.0000000000
2025-09-03,47936.7187002686,0.0000000000,-2094.1462890384,0.0000000000,45842.5724112301,45577.4859993936,71804.8958279077,65104.4533574533,0.0000000000,0.0000000000,6700.4424704544,18578.0931652483,14469.9629952606,5448.6059374656,5382.8920696877,6025.4392570104,0.7609944444,0.0000000000,0.0000000000,2159.2233349156,10800.0000000000
2025-09-04,46808.0860768845,0.0000000000,-306.5546084893,0.0000000000,46501.5314683952,45940.0305645880,69148.6284425270,67656.1970080675,0.0000000000,0.0000000000,1492.4314344595,19859.8483406502,14861.5492483483,8732.3323657656,6025.4392570104,7386.4702654309,0.7569979167,0.0000000000,0.0000000000,2281.4859629630,10800.0000000000
2025-09-05,17726.4553745320,0.0000000000,-421.3421321866,0.0000000000,17305.1132423454,18268.0888096458,34399.1818739195,33193.3595886831,0.0000000000,0.0000000000,1205.8222852364,12843.5108842943,12503.9984877391,26029.5855254612,7386.4702654309,5052.2984082523,0.5586402778,0.0000000000,0.0000000000,2989.2548596101,10800.0000000000
2025-09-06,18463.6588234760,0.0000000000,-875.5856672286,0.0000000000,17588.0731562475,17832.3336527450,36511.7819234888,34882.2849530870,0.0000000000,0.0000000000,1629.4969704018,13904.3421753026,11795.3773886662,25052.2364664506,5052.2984082523,4460.2314897289,0.5657111111,0.0000000000,0.0000000000,2301.9679149719,10800.0000000000
2025-09-07,45775.5914075588,1336.5662609008,-1251.8299378403,0.0000000000,45860.3277306193,44233.8754895146,69685.5997758988,69501.7635775539,0.0000000000,1968.8337136909,2152.6699120358,23933.2759498376,15837.8083125416,6445.3123235912,4460.2314897289,8402.6150528699,0.7593138889,0.0000000000,0.0000000000,1943.4392962963,10800.0000000000
2025-09-08,44919.1419266211,1384.3811891978,-731.1573674207,0.0000000000,45572.3657483982,45368.2877886886,68630.3014174221,67263.8487137889,0.0000000000,1190.5716362891,2557.0243399223,19143.3162832131,15060.8851461363,3785.8480433788,8402.6150528699,8897.2828787213,0.7735236111,0.0000000000,0.0000000000,2356.0478573723,10800.0000000000
2025-09-09,39982.5609328954,1236.7612980715,-428.6111790694,0.0000000000,40790.7110518975,41203.2507073171,58781.1080599557,59241.7934162055,0.0000000000,1131.8726993713,671.1873431215,18364.2746302171,15775.0277639418,3549.7122832635,8897.2828787213,7897.3214193147,0.7518833333,0.0000000000,0.0000000000,1897.4369988945,10800.0000000000
2025-09-10,46069.3656394664,1618.3309480225,-1380.4250545090,676.5709197281,46983.8424527080,47065.6605282543,70649.6677921057,68209.6502701293,128.4931343359,1566.7024674132,4006.7199893896,20929.8791372902,17131.6902272284,3223.9558444035,7897.3214193147,7699.0012792887,0.7818236111,0.0000000000,0.0000000000,1200.0000000000,10800.0000000000
2025-09-11,46485.1151810047,0.0000000000,-2000.6912511205,0.0000000000,44484.4239298842,43208.5137807153,72213.5237401881,64170.6544888150,0.0000000000,0.0000000000,8042.8692513732,23217.3568428398,16022.6299534818,3479.8418161236,7699.0012792887,10791.7002673092,0.7530638889,0.0000000000,0.0000000000,1394.6699074074,10800.0000000000
2025-09-12,14130.4145048256,0.0000000000,0.0000000000,0.0000000000,14130.4145048256,16976.2018948947,27048.2671622388,27048.2671622388,0.0000000000,0.0000000000,0.0000000000,10918.5848852847,15052.2083112307,19630.2343881848,10791.7002673092,3893.7507626980,0.5750854167,0.0000000000,0.0000000000,2744.8955894004,10800.0000000000
2025-09-13,16183.5781158379,36.9393774956,-235.7361082909,0.0000000000,15984.7813850426,16071.4610804560,33624.0411928028,33231.8563582497,0.0000000000,38.6109307041,430.7957652571,13476.8153205926,11105.3142779399,22853.2538322637,3893.7507626980,3683.6464646314,0.5665159722,0.0000000000,0.0000000000,2425.9321318917,10800.0000000000
2025-09-14,51215.8869584817,0.0000000000,-2245.4328740853,0.0000000000,48970.4540843964,46469.6902784926,80046.7335324199,73616.7131954641,0.0000000000,0.0000000000,6430.0203369558,26305.6147020295,15852.0707128938,3063.8444563284,3683.6464646314,9745.2877932426,0.7759062500,0.0000000000,0.0000000000,2068.2936716121,10800.0000000000
2025-09-15,39480.5348395715,741.5678448309,-239.6862312010,1635.7785682928,41618.1950214942,41917.0872854983,59079.7725876992,59356.8284389456,297.4533000208,653.3031520548,376.2473008083,20648.4696349736,17377.3011634003,1316.0826340598,9745.2877932426,9020.7980609408,0.7617263889,0.0000000000,0.0000000000,1200.0000000000,10800.0000000000
2025-09-16,43300.1073331401,0.0000000000,-2029.9214962438,0.0000000000,41270.1858368963,44119.2987566140,63706.4626737120,57046.3004062344,0.0000000000,0.0000000000,6660.1622674776,12830.3194737732,16607.9680518906,1332.1790010185,9020.7980609408,2114.7877519026,0.7779465278,0.0000000000,0.0000000000,1743.2893432294,10800.0000000000
2025-09-17,47542.8750342293,473.8892378203,-1059.1495697310,38.1954229167,46995.8101252352,44072.5701155152,74064.2506069884,72383.7534449656,7.6291666667,464.4500756603,2144.9472376832,28754.7355696487,16914.2164796804,590.7451216640,2114.7877519026,9200.4758982749,0.7780548611,0.0000000000,0.0000000000,1609.0364855853,10800.0000000000
2025-09-18,38615.0190397633,4298.7055726430,0.0000000000,0.0000000000,42913.7246124063,43846.4448461334,57549.5945344156,63289.6527275951,0.0000000000,5740.0581931796,0.0000000000,18678.4897533914,17164.3286240794,2819.4404816165,9200.4758982749,6939.6404273500,0.7698256944,0.0000000000,0.0000000000,1705.7006537670,10800.0000000000
2025-09-19,13898.5280513954,0.0000000000,0.0000000000,0.0000000000,13898.5280513954,15584.0893881528,28252.7521275518,28252.7521275518,0.0000000000,0.0000000000,0.0000000000,12828.5079024791,14068.1845407159,13391.0764491220,6939.6404273500,2853.9813832302,0.5932520833,0.0000000000,0.0000000000,1443.0266699934,10800.0000000000
2025-09-20,14943.7021258938,0.0000000000,-217.6823785915,0.0000000000,14726.0197473023,14915.1543037436,32446.2171079640,31910.6267533636,0.0000000000,0.0000000000,535.5903546004,15480.4323690070,12951.7518637044,13736.5125147276,2853.9813832302,2395.5351112205,0.5874611111,0.0000000000,0.0000000000,1273.2094240614,10800.0000000000
2025-09-21,47101.5868663378,29.9758696635,-593.8209240919,0.0000000000,46537.7418119094,43536.9000457542,74807.7488885242,72537.8034984844,0.0000000000,14.8978031228,2284.8431931627,27394.1086469115,15642.8185491485,2499.0259173880,2395.5351112205,9669.3233943870,0.7738493056,0.0000000000,0.0000000000,1565.0189546450,10800.0000000000
2025-09-22,44406.1333384042,1593.5632625770,-1679.5244538310,427.9151246761,44748.0872718263,45772.9362652583,66077.5070427460,62068.8947240395,82.0463132112,923.1838794570,4931.7961981635,18404.6030575318,17143.4615352594,275.7796316449,9669.3233943870,7185.1755514329,0.7821659722,0.0000000000,0.0000000000,1200.0000000000,10800.0000000000
2025-09-23,44551.6767020517,297.4138432038,-413.0611773257,1058.2593767030,45494.2887446328,45273.0197577043,68314.6095142923,67245.2700733871,213.3394259599,150.2085201004,1219.5479610055,22319.7109825603,17596.2622077184,618.5451411718,7185.1755514329,7721.5129827167,0.7817520833,0.0000000000,0.0000000000,1200.0000000000,10800.0000000000
2025-09-24,40267.9326385758,5349.9509681748,0.0000000000,0.0000000000,45617.8836067506,45068.7010276011,61277.0517525883,66873.2424764718,0.0000000000,5596.1907238834,0.0000000000,22881.9707315244,17336.3411104418,264.3877553891,7721.5129827167,9052.6854072645,0.7761097222,0.0000000000,0.0000000000,1408.1897167182,10800.0000000000
2025-09-25,42062.9012699436,1623.2382212287,-412.7562847573,572.3810194339,43845.7642258489,44138.7954736928,64007.4369570461,64114.1492810807,106.1129915669,1953.4192335397,1846.7069095050,20114.0922356169,16931.6695203125,702.3906573432,9052.6854072645,8342.4022856392,0.7776076389,0.0000000000,0.0000000000,1200.0000000000,10800.0000000000
2025-09-26,12520.2921555851,0.0000000000,-186.6531862714,0.0000000000,12333.6389693137,14998.9061170922,26195.1380528381,25611.2223141904,0.0000000000,0.0000000000,583.9157386477,12543.7151073198,15974.7544825540,11348.0181894247,8342.4022856392,1882.0186793892,0.5928138889,0.0000000000,0.0000000000,1410.3211962312,10800.0000000000
2025-09-27,14501.4357079637,841.3903108334,-191.0246021399,3551.9958109666,18703.7972276238,18985.1678227985,31568.0696697740,32099.3121286677,740.4194784371,856.2059472202,324.9634883266,15085.6469321468,12833.1908264892,12785.9732514472,1882.0186793892,1200.0000000000,0.5996840278,0.0000000000,0.0000000000,1200.0000000000,10800.0000000000
2025-09-28,47734.0417852733,4341.3490391199,-55.7732223910,0.0000000000,52019.6176020023,48178.4928055170,75700.5008486749,78877.3331057043,0.0000000000,3420.7562561151,243.9239990858,30958.2646958185,16696.6870371896,1128.1262804086,1200.0000000000,10510.5637404705,0.7893881944,0.0000000000,0.0000000000,1200.0000000000,10800.0000000000
2025-09-29,43022.8987955333,2200.8081339163,-727.3504733012,6465.0176720527,50961.3741282010,51668.8472502040,64942.0968023865,63716.0710629830,1113.7687283609,1545.2689107110,2771.2946501144,18714.8406500928,16702.3907860484,57.4983272995,10510.5637404705,8795.7083410558,0.7877583333,0.0000000000,0.0000000000,1200.0000000000,10545.4277283625
2025-09-30,42958.9980242279,3642.8847988773,-2.9092355496,359.3672661192,46958.3408536748,48039.8729263003,63892.5801002711,66999.2163998444,71.6838589021,3112.5755252806,5.9392257073,18679.3502534729,17489.6622828156,459.0375214225,8795.7083410558,6174.1654771641,0.7938243056,0.0000000000,0.0000000000,1200.0000000000,10800.0000000000
2025-10-01,40756.6436049898,0.0000000000,-1101.1608421262,0.0000000000,39655.4827628636,38139.4625444530,66155.7846056327,62050.6080848748,0.0000000000,0.0000000000,4105.1765207579,24111.4746741635,16223.0594284031,4500.6713057811,6174.1654771641,9848.8710967968,0.7381555556,0.0000000000,0.0000000000,1724.5587178408,10800.0000000000
2025-10-02,41726.5056432487,0.0000000000,-1850.8223850877,0.0000000000,39875.6832581610,40452.1926672563,65913.0873694630,59406.9321262306,0.0000000000,0.0000000000,6506.1552432325,17903.8784931710,15759.8109071474,5532.0814235403,9848.8710967968,8451.4607327091,0.7419722222,0.0000000000,0.0000000000,2170.2310944112,10800.0000000000
2025-10-03,10505.4224385413,0.0000000000,0.0000000000,0.0000000000,10505.4224385413,12578.8535915137,23840.8965640445,23840.8965640445,0.0000000000,0.0000000000,0.0000000000,12477.3236495388,14629.8727537768,18176.2919682825,8451.4607327091,3425.6378464309,0.5579645833,0.0000000000,0.0000000000,1287.0799676456,10800.0000000000
2025-10-04,13513.3243338975,0.0000000000,-241.5290910684,0.0000000000,13271.7952428291,13497.2406285225,30756.3469973542,30223.7001442674,0.0000000000,0.0000000000,532.6468530868,15378.1056795765,12948.0802043128,14697.6922356704,3425.6378464309,2879.1771754800,0.5858305556,0.0000000000,0.0000000000,1208.0137681578,10800.0000000000
2025-10-05,46035.1208006532,0.0000000000,-2206.8518218723,0.0000000000,43828.2689787809,40560.4895179539,76489.5736067446,68429.6640592160,0.0000000000,0.0000000000,8059.9095475287,28795.4781662194,16195.5967725697,1093.8215988996,2879.1771754800,10800.0000000000,0.7525611111,0.0000000000,0.0000000000,1281.0701397645,10800.0000000000
2025-10-06,38031.8011486909,2689.1617301912,-25.7735144469,0.0000000000,40695.1893644352,40809.3629566818,58179.2996177448,61478.8536045860,0.0000000000,3342.8300008289,43.2760139877,20086.9357707424,16519.4904486341,178.2990324777,10800.0000000000,10523.2528062970,0.7684895833,0.0000000000,0.0000000000,1439.3985437185,10800.0000000000
2025-10-07,38906.6472368696,2444.5182406742,-296.7637441144,0.0000000000,41054.4017334293,41201.6522400306,61276.1755380765,62312.0165587976,0.0000000000,2082.9209624853,1047.0799417642,20616.3637840996,17020.4852343289,944.5750090270,10523.2528062970,10166.3299516211,0.7657534722,0.0000000000,0.0000000000,2058.9644288865,10800.0000000000
2025-10-08,35005.8854376619,1685.3929887490,0.0000000000,1096.9527077010,37788.2311341120,39667.7198929397,54071.0089005591,55306.4032723020,214.7573831555,1235.3943717429,0.0000000000,16065.1805644234,17112.9467948895,90.4312192570,10166.3299516211,5610.6071319472,0.7606854167,0.0000000000,0.0000000000,1200.0000000000,10637.2262438642
2025-10-09,44205.7083050908,0.0000000000,-3075.4923708506,7479.1960409731,48609.4119752132,47761.7243771370,71960.5696597531,60793.1371064637,1175.2347719145,0.0000000000,11167.4325532894,22924.5085897805,16719.6008011325,3.4824063969,5610.6071319472,7665.3306392691,0.7578034722,0.0000000000,0.0000000000,1200.0000000000,10731.3103711628
2025-10-10,10817.6577333070,0.0000000000,-33.2405584605,348.5868461975,11133.0040210440,13564.5990433172,25030.5801253805,24915.6568225852,113.6728977349,0.0000000000,114.9233027954,13068.6441903966,15890.1856025738,18507.2602158306,7665.3306392691,1771.3486299884,0.5595319444,0.0000000000,0.0000000000,1200.0000000000,10800.0000000000
2025-10-11,13205.3396617253,343.3668681579,-33.0176111130,0.0000000000,13515.6889187703,13354.0305858994,31634.7481567016,31892.5305112022,0.0000000000,368.2828755451,110.5005210445,17655.6911244541,13948.4482174185,14078.9740208333,1771.3486299884,2163.1948448654,0.5845513889,0.0000000000,0.0000000000,1568.0121007873,10800.0000000000
2025-10-12,42542.4353068746,2028.9972331037,-274.0860986336,105.1205901667,44402.4670315113,40992.5907274351,72173.7876323067,72225.4492875505,20.9299333333,1244.6449625660,1192.9833073222,29279.8514541165,16277.9514087750,729.5231922090,2163.1948448654,10428.4484771535,0.7663437500,0.0000000000,0.0000000000,1605.9514442871,10800.0000000000
2025-10-13,40212.1425320990,3218.4101576786,-1557.8800121369,0.0000000000,41872.6726776406,42246.2376594397,64168.0576033933,59915.4995128478,0.0000000000,1936.8039918944,6189.3620824399,19049.2834613519,16244.8607166959,83.6814681919,10428.4484771535,9522.9583515969,0.7646513889,0.0000000000,0.0000000000,1347.9555988884,10800.0000000000
2025-10-14,42351.6995842530,1345.7283147717,-1000.8928678202,853.7954727940,43550.3305039985,43924.6737574514,67185.6314992656,64559.6452961847,167.2084361028,1112.8422410198,3738.8284441007,21514.0386389511,18243.0102291336,681.9960391366,9522.9583515969,8615.5817609489,0.7730666667,0.0000000000,0.0000000000,1200.0000000000,10800.0000000000
2025-10-15,43161.7228282993,583.6360814470,-1332.4690283421,1252.6137890940,43665.5036704982,44212.9837992451,68563.4578191666,64431.7623482102,244.5857315433,333.2468531776,4464.9423241340,20418.8270252258,17733.5911354774,71.0885400050,8615.5817609489,7288.5359331217,0.7760555556,0.0000000000,0.0000000000,1200.0000000000,10749.5606630762
2025-10-16,42845.9445895232,1703.5891726146,-133.9351294660,1465.9488375589,45881.5474702307,45339.9522090952,67712.1005204757,68772.8654275091,229.6669468814,1402.8401862915,342.0752792582,24021.5280757888,18275.9344784755,290.4658270772,7288.5359331217,8601.3173363589,0.7822208333,0.0000000000,0.0000000000,1200.0000000000,10800.0000000000
2025-10-17,9507.7333155856,881.6523969700,0.0000000000,1637.9762586806,12027.3619712362,15079.1938453697,22178.3009236164,23090.2511021416,390.1323758385,911.9501785252,0.0000000000,11757.6677656421,16181.3565083983,11899.8729040697,8601.3173363589,1203.9333161053,0.5888062500,0.0000000000,0.0000000000,1200.0000000000,10800.0000000000
2025-10-18,13507.4577135511,991.1601400105,-279.0962232554,0.0000000000,14219.5216303062,13749.9608172861,32525.0655002630,32668.5256171255,0.0000000000,1013.1411445280,869.6810276656,17731.4671331005,13338.1300192166,12198.5952365750,1203.9333161053,2342.1092700995,0.5830680556,0.0000000000,0.0000000000,1203.9333161053,10800.0000000000
2025-10-19,48252.7986977002,1260.8245913995,-772.7549016631,259.6791444124,49000.5475318490,46110.6623754534,77088.9929305877,75851.1466264702,46.6721421488,705.6672740106,1943.5135781281,29336.4612292843,17458.1786894977,133.8136954990,2342.1092700995,9346.9480547913,0.7893604167,0.0000000000,0.0000000000,1200.0000000000,10625.0937643832
2025-10-20,47084.6721173825,5.3902821426,-1188.8838828391,651.2127877222,46552.3913044082,46364.7519998648,73152.5776137145,70339.7884714781,122.5013100072,5.0266071177,2817.8157493541,23123.3078705368,18320.5396587863,1218.7392030682,9346.9480547913,9801.7699618451,0.7871270833,0.0000000000,0.0000000000,1200.0000000000,10800.0000000000
2025-10-21,46048.3203494386,3182.3492865324,-769.5705760724,0.0000000000,48461.0990598987,48234.7761955799,71431.5503214033,71645.7389570120,0.0000000000,2218.0077324915,2003.8190968829,21875.6671803525,17225.5615712209,533.0519978804,9801.7699618451,10350.3575672503,0.7953062500,0.0000000000,0.0000000000,1966.2952156485,10800.0000000000
2025-10-22,43647.1204597234,1556.5540360051,0.0000000000,0.0000000000,45203.6744957285,45678.4906619596,67754.2947426949,68948.2972301689,0.0000000000,1194.0024874739,0.0000000000,21846.1846301020,18731.2325901004,278.4484901673,10350.3575672503,9199.4430786749,0.7929506944,0.0000000000,0.0000000000,1231.7784300788,10800.0000000000
2025-10-23,50327.2659881221,3083.7793555688,-4241.2891098186,0.0000000000,49169.7562338723,49339.2173367088,78525.0263175539,66917.6754912962,0.0000000000,1618.4251218947,13225.7759481525,20451.7691931640,16935.6165727152,22.0258375141,9199.4430786749,8788.6836050611,0.7813361111,0.0000000000,0.0000000000,1259.3159169906,10800.0000000000
2025-10-24,10117.8945865852,474.3625463987,0.0000000000,3879.7974739485,14472.0546069323,17601.8828459905,23359.4877567784,23854.9722913549,797.9461342903,495.4845345764,0.0000000000,11032.5283712240,15764.1445700723,10964.4839078268,8788.6836050611,1202.2429501936,0.5963583333,0.0000000000,0.0000000000,1200.0000000000,10800.0000000000
2025-10-25,13312.2163614551,877.2004732240,-0.6466666925,0.0000000000,14188.7701679865,14061.9523424673,32121.0272087870,32810.8205632549,0.0000000000,691.9261601821,2.1328057141,18509.4236536961,14715.9769820885,9618.9411583140,1202.2429501936,1509.6387028661,0.5985090278,0.0000000000,0.0000000000,1202.2429501936,10800.0000000000
2025-10-26,50991.5477243259,2921.8810588486,-2276.6023454371,53.9318072808,51690.7582450183,48543.6637689221,81708.3302532133,77091.0536085741,11.2639530662,2074.7055102810,6691.9821549202,29572.4294614841,17088.2045574787,73.7806409682,1509.6387028661,9137.9312654477,0.7873305556,0.0000000000,0.0000000000,1200.0000000000,10694.3991038162
2025-10-27,41983.1156093126,4088.3781199253,-34.8722962537,79.4022704154,46116.0237033997,46352.4042045766,64668.9560050081,68788.7052413051,15.1242419839,4284.8642753770,165.1150390800,21170.4711328141,17663.7514423931,1744.5281262014,9137.9312654477,8564.9647934325,0.7828958333,0.0000000000,0.0000000000,1419.8914720562,10800.0000000000
2025-10-28,44089.2928572391,3976.5848150665,-6.6766686727,1135.6116643178,49194.8126679507,48384.2144521901,68534.6929054487,72172.3291283867,179.7227628607,3671.1548962312,33.5186732932,22972.1154433404,16839.0737440476,246.5884919546,8564.9647934325,10529.7867546082,0.7930666667,0.0000000000,0.0000000000,1200.0000000000,10761.4361728935
2025-10-29,47920.2428897093,2259.3589848249,-469.1249365836,0.0000000000,49710.4769379505,50060.0013072447,73233.2522161496,73504.6358165246,0.0000000000,1401.3829781474,1129.9993777724,21778.8143094000,18403.3355214738,816.9002285984,10529.7867546082,9682.5690536528,0.8069569444,0.0000000000,0.0000000000,1312.3648808798,10800.0000000000
2025-10-30,42413.8399936023,3483.7923015069,0.0000000000,4564.5949239452,50462.2272190544,50518.5804132275,64607.3511518020,68126.5607077403,758.1824168894,3519.2095559383,0.0000000000,21276.3437589493,17356.7743113802,177.3560270605,9682.5690536528,9545.9736462848,0.7919604167,0.0000000000,0.0000000000,1200.0000000000,10800.0000000000
2025-10-31,11265.0774475694,0.0000000000,-122.8384327175,1159.8233169120,12302.0623317639,15708.8467908829,25007.6600984398,24635.5890752077,289.7393346721,0.0000000000,372.0710232320,11566.5937458646,16800.9242680754,6255.3668654240,9545.9736462848,1288.2143863680,0.6177326389,0.0000000000,0.0000000000,1200.0000000000,10800.0000000000
2025-11-01,13574.9332274641,441.9280235694,-20.2075136870,0.0000000000,13996.6537373465,13890.7007982680,33075.2416178887,33460.1430040984,0.0000000000,441.7089658130,56.8075796033,18160.7945161813,14479.1046390291,7234.4146936129,1288.2143863680,1545.0354075656,0.6046034722,0.0000000000,0.0000000000,1288.2143863680,10800.0000000000
2025-11-02,50574.0820049727,2472.8588774013,-243.2541041471,2471.6116377885,55275.2984160154,52406.6387317834,79397.4276033881,81367.9419957931,395.3348615045,2403.0744726250,432.5600802199,30488.0540375755,18437.2727490844,916.1116354732,1545.0354075656,8498.4254312897,0.8022444444,0.0000000000,0.0000000000,1200.0000000000,10800.0000000000
2025-11-03,50600.9004727533,1023.5449215850,-1030.0144130670,425.0472877537,51019.4782690250,50898.9324134120,77081.2082099463,74732.5114960675,83.1531532056,545.2335564393,2893.9302703181,22147.2215825085,17676.2757596490,839.7885430803,8498.4254312897,8790.6184559373,0.8054708333,0.0000000000,0.0000000000,1200.0000000000,10800.0000000000
2025-11-04,47020.3155552729,3691.3643350627,-312.4407652192,91.3245497854,50490.5636749017,49697.5051478430,72296.2418675381,73953.3669603395,19.0596994230,2958.5192997124,1301.3942069110,23412.5694567015,17234.1047532824,213.8899230101,8790.6184559373,10712.9256855438,0.7975826389,0.0000000000,0.0000000000,1253.3772770500,10800.0000000000
2025-11-05,52436.5091239648,282.3345612796,-1941.5755357730,1608.9931896190,52386.2613390903,52861.0468842502,77961.2353106161,72757.4507638979,292.5464890206,157.9844126758,5361.7689593940,21819.7019095099,18709.7147858076,261.9900625495,10712.9256855438,9562.0854198721,0.8089555556,0.0000000000,0.0000000000,1200.0000000000,10800.0000000000
2025-11-06,48340.1540914966,3208.2888011272,0.0000000000,446.5421838440,51994.9850764678,53029.7857017182,71171.2978308892,73692.7828621153,92.3943522964,2521.4850312262,0.0000000000,19424.8984170808,17991.6105038650,982.3047511960,9562.0854198721,7053.8156576170,0.8150673611,0.0000000000,0.0000000000,1200.0000000000,10800.0000000000
2025-11-07,11924.2872888144,0.0000000000,0.0000000000,1649.2598005250,13573.5470893394,15972.9676081878,27576.6177242890,27576.6177242890,324.2657305724,0.0000000000,0.0000000000,13628.8434621157,16273.7575492295,7227.3357586420,7053.8156576170,1237.8219410439,0.6155340278,0.0000000000,0.0000000000,1200.0000000000,10800.0000000000
2025-11-08,14204.8847377168,18.5833433843,0.0000000000,0.0000000000,14223.4680811011,14167.7127390109,33972.3817032648,33991.6945944255,0.0000000000,19.3128911608,0.0000000000,18697.2295907129,15023.1243307369,6526.3822344496,1237.8219410439,1372.9682052000,0.6173409722,0.0000000000,0.0000000000,1237.8219410439,10800.0000000000
2025-11-09,54825.2816911034,765.4811448692,-389.1642209079,0.0000000000,55201.5986150647,51765.4593881684,85729.9018541475,85129.0927621787,0.0000000000,429.6583065204,1030.4673984891,31439.6041277101,17970.0578681261,312.7293192614,1372.9682052000,9701.8809555546,0.8103173611,0.0000000000,0.0000000000,1265.8344451063,10800.0000000000
2025-11-10,52476.3290192195,3757.4490836247,-496.6893192874,0.0000000000,55737.0887835568,55588.1117921187,77512.9504751953,79442.4175347777,0.0000000000,2991.9419733082,1062.4749137258,23255.2565065311,18511.7608323294,840.4787605760,9701.8809555546,10062.9886644000,0.8189729167,0.0000000000,0.0000000000,1215.3664819556,10800.0000000000
2025-11-11,54462.8262802857,497.7175710060,-1504.6709591593,10.4696550000,53466.3425471325,53162.2844261232,80670.5992774963,77278.3201820758,2.0516666667,272.9950790244,3665.2741744448,23195.0366890733,18124.6695161093,650.9850091119,10062.9886644000,10800.0000000000,0.8138590278,0.0000000000,0.0000000000,1451.9953134475,10800.0000000000
2025-11-12,49497.0593884588,2421.1255696907,-388.6024651531,60.5796866667,51590.1621796631,52057.3756036507,74367.3889736555,75201.2223254439,11.7733333333,1954.1011569129,1120.2678051244,22309.8624695100,19090.2260725089,1037.3715117761,10800.0000000000,9667.5139197714,0.8123951389,0.0000000000,0.0000000000,1201.9317104662,10800.0000000000
2025-11-13,49179.9087040338,4515.5324257874,-3.6816902046,0.0000000000,53691.7594396167,54067.1579023678,72257.5806512481,75465.5919976626,0.0000000000,3220.5447598769,12.5334134623,19879.4195353229,16921.2707199984,111.5718656714,9667.5139197714,8757.5795904527,0.8185361111,0.0000000000,0.0000000000,1427.6810282871,10711.3969586755
2025-11-14,11894.7933831746,29.4710089204,-39.0974288788,479.2665024969,12364.4334657131,15390.7055075132,26679.4243336809,26586.3743074745,108.8225225832,26.3518771789,119.4019033853,12411.8790230305,16655.5082296569,3340.3707366841,8757.5795904527,1422.1504560058,0.6290784722,0.0000000000,0.0000000000,1200.0000000000,10800.0000000000
2025-11-15,15739.7169510351,0.0000000000,-185.4897756068,556.9932148336,16111.2203902619,15507.2394346680,37311.2557267293,36753.3303602653,106.5404006950,0.0000000000,557.9253664640,20643.1359232390,15403.3409218713,3408.1888429259,1422.1504560058,2886.1495403973,0.6287680556,0.0000000000,0.0000000000,1200.0000000000,10800.0000000000
2025-11-16,55227.1565890165,3533.0259154245,0.0000000000,0.0000000000,58760.1825044410,55975.1366832375,84320.5989934410,86838.9142761372,0.0000000000,2518.3152826962,0.0000000000,29542.2004862008,17853.5370526569,715.7064592599,2886.1495403973,9636.8665861370,0.8205798611,0.0000000000,0.0000000000,1333.2482302085,10800.0000000000
2025-11-17,48676.2611270937,5196.3738035274,0.0000000000,0.0000000000,53872.6349306211,54545.0624347666,71480.6856714804,76338.0624400981,0.0000000000,4857.3767686177,0.0000000000,20523.1065454058,18090.6332917002,1209.8348530591,9636.8665861370,8006.9588195577,0.8158548611,0.0000000000,0.0000000000,1320.1496828648,10800.0000000000
2025-11-18,53220.9796810035,1592.9396275966,-59.7490315482,2091.5825851259,56845.7528621777,56674.0962549479,78099.1219373178,79227.2008210141,413.9609525202,1291.1375870697,163.0587033734,22835.1254106335,18121.9785100137,37.4630395811,8006.9588195577,8423.0400113349,0.8219125000,0.0000000000,0.0000000000,1200.0000000000,10724.6845090258
2025-11-19,53728.4334508613,5434.7973586220,-97.0101811174,275.5364640235,59341.7570923894,58700.8300874310,78652.2934770948,82423.5831241785,58.0551082772,4065.2157602533,293.9261131695,23475.3479327721,17616.8339423879,1254.8126420716,8423.0400113349,9976.5932148431,0.8290138889,0.0000000000,0.0000000000,1200.0000000000,10800.0000000000
2025-11-20,51538.5297382885,3365.3669148267,0.0000000000,253.8722737176,55157.7689268328,55349.3816090968,76201.0777742615,78689.4507358477,52.8424319403,2488.3729615862,0.0000000000,22207.3279213946,18405.9433530220,147.8325660821,9976.5932148431,9512.1401740738,0.8211791667,0.0000000000,0.0000000000,1200.0000000000,10682.3008064990
2025-11-21,13380.8840781600,396.6945371184,0.0000000000,0.0000000000,13777.5786152784,15582.1854962559,30333.6757596517,30706.2427234083,0.0000000000,372.5669637566,0.0000000000,14957.9948812067,16052.7697497962,2936.6335253311,9512.1401740738,5137.9247340530,0.6326340278,0.0000000000,0.0000000000,1359.3290762069,10800.0000000000
2025-11-22,15653.1418278545,230.8138544737,-283.3999720129,0.0000000000,15600.5557103154,16241.1577216229,36789.4865167665,35350.9233570312,0.0000000000,168.5146208312,1607.0777805665,17832.1725506238,15841.5486675918,3140.4699906660,5137.9247340530,3585.1592878457,0.6366750000,0.0000000000,0.0000000000,1284.8212163294,10800.0000000000
2025-11-23,56076.9939946337,3787.5165608181,-161.8567028224,0.0000000000,59702.6538526294,57155.4007792264,84528.6858152506,86625.0427756003,0.0000000000,2611.0171053166,514.6601449669,28493.7130387998,17523.0128955069,422.2463489741,3585.1592878457,9759.4866944245,0.8264944444,0.0000000000,0.0000000000,1331.0183773566,10800.0000000000
2025-11-24,51235.9160262503,2291.8372302173,-0.3472939719,2060.6792313528,55588.0851938485,56166.1892347942,74773.4065922753,76567.6487709421,333.1299713800,1796.0585697333,1.8163910665,20907.5203601706,18196.2395476661,27.5542298177,9759.4866944245,8358.2110767268,0.8210506944,0.0000000000,0.0000000000,1200.0000000000,10795.9329067755
2025-11-25,60143.1787159146,0.0000000000,-2535.6376414887,0.0000000000,57607.5410744260,58108.9005314040,85861.7882511463,79777.4787298403,0.0000000000,0.0000000000,6084.3095213061,20686.1055596664,17849.4733787734,772.1860822805,8358.2110767268,7142.9578817895,0.8241243056,0.0000000000,0.0000000000,1305.4162341530,10800.0000000000
2025-11-26,58987.9140465959,2284.8278059735,-1094.0216471527,758.6793827380,60937.3995881547,59738.1284014919,86168.0973316440,85278.3546255487,116.7648145807,1516.2169975850,2405.9597036803,25536.8611719190,18068.6182247275,1169.2096096046,7142.9578817895,10049.8904645971,0.8299340278,0.0000000000,0.0000000000,1200.0000000000,10800.0000000000
2025-11-27,54946.6964291390,1765.6026672619,-344.5202775175,561.9783443351,56929.7571632185,57602.3562929894,78761.2321794480,79053.0401199202,87.1824921401,1296.2095885364,1004.4016480642,21116.4522158075,18571.6176902107,814.4953531302,10049.8904645971,8419.5666919231,0.8285638889,0.0000000000,0.0000000000,1200.0000000000,10800.0000000000
2025-11-28,13903.1447441593,2.4567943481,-20.9347830054,888.7927211034,14773.4594766055,16124.5666756891,32564.7736114767,32504.6368165994,177.3506377539,2.1817808695,62.3185757468,15476.7249854858,15483.6205246903,1767.6444435579,8419.5666919231,5144.5963736488,0.6340243056,0.0000000000,0.0000000000,1200.0000000000,10800.0000000000
2025-11-29,18673.7879095832,0.0000000000,-1310.9790965470,0.0000000000,17362.8088130361,17656.5754557033,44621.3928672532,38404.5576322771,0.0000000000,0.0000000000,6216.8352349760,18857.5644596219,15915.4863034880,533.0293761432,5144.5963736488,4432.5307167663,0.6504381944,0.0000000000,0.0000000000,1426.8781453901,10800.0000000000
2025-11-30,61133.0640263527,2510.4096062564,-229.6669129292,817.8016563482,64231.6083760282,61970.0586757045,89991.5019121430,91201.3664043093,143.8065905906,1673.4945145042,463.6300223379,29044.2077920085,18592.1825176615,648.3196038863,4432.5307167663,9914.3371543945,0.8395993056,0.0000000000,0.0000000000,1200.0000000000,10800.0000000000
2025-12-01,64678.1893650797,5851.5853819309,-37.8558863354,5859.1487525633,76351.0676132386,76651.2402014621,86057.6159143486,89345.9741255057,890.5334070596,3357.7795814268,69.4213702698,22486.9779561914,18869.2859620778,319.8878051184,9914.3371543945,9186.7440237692,0.9076055556,0.0000000000,0.0000000000,1200.0000000000,10800.0000000000
2025-12-02,68317.9976190204,7145.5220507186,-328.8076634041,2088.6148328615,77223.3268391966,77203.9474437486,90174.9060556000,93467.2287778448,293.6945507063,4202.6236811138,910.3009588691,23535.7267702686,19021.6620603979,609.0486686804,9186.7440237692,9233.7180499021,0.9153138889,0.0000000000,0.0000000000,1200.0000000000,10800.0000000000
2025-12-03,57905.6556699735,17942.0249523721,0.0000000000,34.0269863808,75881.7076087265,76764.9004071007,78132.9349655910,89966.1611863123,4.7460752327,11833.2262207212,0.0000000000,20845.3848215597,18811.4683219006,774.2421952191,9233.7180499021,7092.9329205274,0.9120326389,0.0000000000,0.0000000000,1313.5660510665,10800.0000000000
2025-12-04,66440.2767097222,6891.6195966894,-760.5483657023,7215.5143316329,79786.8622723422,79650.7852977524,88777.2558412544,91327.3061363877,1060.8904160663,4032.6723234613,1482.6220283280,23008.1061234684,18339.7107232259,948.5924022114,7092.9329205274,7422.7720725092,0.9050854167,0.0000000000,0.0000000000,1200.0000000000,10800.0000000000
2025-12-05,17774.8127513376,3998.5701436526,0.0000000000,1515.1855717481,23288.5684667383,23306.0764603149,40658.2536124530,44982.6053416402,308.1260609294,4324.3517291872,0.0000000000,20527.5458307947,16665.5062376677,117.0641261093,7422.7720725092,7380.3341672603,0.7171770833,0.0000000000,0.0000000000,1200.0000000000,10800.0000000000
2025-12-06,20306.9983604987,4001.4383763901,0.0000000000,892.3394239535,25200.7761608423,24756.8595577004,45061.2415112483,49177.8727889925,178.5621278411,4116.6312777442,0.0000000000,22140.3817235188,16965.2943063519,516.7166830001,7380.3341672603,8456.3507113695,0.7271965278,0.0000000000,0.0000000000,1200.0000000000,10800.0000000000
2025-12-07,69872.1078002293,3277.6737052144,-929.3823967369,3682.8790395121,75903.2781482189,75462.1459802326,93540.7077545577,93400.8408108877,542.6546837086,2105.1551147492,2245.0220584192,25284.5622487467,19518.1548449458,524.4068407953,8456.3507113695,9525.6180186351,0.9101083333,0.0000000000,0.0000000000,1200.0000000000,10800.0000000000
2025-12-08,70541.9732831015,1078.9562567364,-500.6419928402,0.0000000000,71120.2875469976,71095.3422544130,94342.8840091182,93680.1280145504,0.0000000000,687.5676002548,1350.3235948227,24258.3733238605,19594.8636285414,1169.4072025646,9525.6180186351,9586.0833117302,0.9085152778,0.0000000000,0.0000000000,1200.5442947451,10800.0000000000
2025-12-09,69415.2402027378,1370.0256475707,-924.6176992484,445.9289014204,70306.5770524804,70296.8264749449,93796.6386294344,92358.4684939197,60.3084629166,710.1132033614,2148.2833388761,24738.6534089949,20017.0381387334,308.7074199081,9586.0833117302,9609.7178923441,0.9057770833,0.0000000000,0.0000000000,1402.1773309995,10800.0000000000
2025-12-10,66999.6974884176,4394.2270665933,-15.4804989565,194.1122085447,71572.5562645991,71717.7272428867,89796.7785480685,92971.5296566576,28.3570208764,3205.9582970585,31.2071884695,24256.8834130474,19964.7695920744,320.1543898943,9609.7178923441,9257.8356395596,0.9161590278,0.0000000000,0.0000000000,1200.0000000000,10800.0000000000
2025-12-11,68429.1327114754,107.9718470920,-1202.9420217365,0.0000000000,67334.1625368309,67684.4694687582,92763.5700924313,90229.3312650342,0.0000000000,51.5315494407,2585.7703768378,22518.3155810148,19004.0387309400,753.7997149595,9257.8356395596,8408.7210725395,0.8976340278,0.0000000000,0.0000000000,1224.1374243103,10800.0000000000
2025-12-12,19256.1757912844,2416.5124535858,-28.9041405043,0.0000000000,21643.7841043659,23000.2852992635,42588.1503817347,45281.5966235660,0.0000000000,2776.9967876167,83.5505457855,17314.4858818706,16983.9739841027,1236.6712424647,8408.7210725395,5120.6761616645,0.7237798611,0.0000000000,0.0000000000,1404.6113910653,10800.0000000000
2025-12-13,23086.6394281049,1221.9544925197,-31.1690204126,0.0000000000,24277.4249002120,22727.0125396542,51705.6382066647,52774.3111637203,0.0000000000,1212.0967571343,143.4238000787,25346.4526839994,17148.3643200082,777.6894163957,5120.6761616645,8878.7454439216,0.7296965278,0.0000000000,0.0000000000,1588.8612069795,10800.0000000000
2025-12-14,67165.5906686316,5290.1012691287,0.0000000000,6338.3315896721,78794.0235274323,78064.1135408049,90992.7093977545,94873.5576767297,933.5951754500,3880.8482789752,0.0000000000,26183.5550692092,19616.3631795359,461.2391625065,8878.7454439216,10647.9859178366,0.9207375000,0.0000000000,0.0000000000,1200.0000000000,10800.0000000000
2025-12-15,66175.6440028491,7473.3771285486,0.0000000000,23.1387792570,73672.1599106547,74326.3180442173,88203.9858670385,93303.4425836073,3.2101525051,5099.4567165688,0.0000000000,21945.1015284728,19202.5941507636,1094.5873917365,10647.9859178366,9062.3615703915,0.9144402778,0.0000000000,0.0000000000,1525.1462912846,10800.0000000000
2025-12-16,72889.2832091303,567.1525569562,-339.3771437591,0.0000000000,73117.0586223274,72864.3670519574,96512.8797175251,96111.5990329609,0.0000000000,308.7754899470,710.0561745112,23393.9080876314,18397.8127311599,1697.4123431561,9062.3615703915,9674.8647035266,0.9109138889,0.0000000000,0.0000000000,1544.7892886110,10800.0000000000
2025-12-17,72783.0052252677,1792.2058408002,-1948.6855530337,0.0000000000,72626.5255130342,72595.8084465590,96738.9611909329,93231.6938949915,0.0000000000,880.1225193423,4387.3898152837,22749.3975612311,18360.0019953891,650.4512624829,9674.8647035266,9749.3202915356,0.9088097222,0.0000000000,0.0000000000,1274.2502715348,10800.0000000000
2025-12-18,67153.3181701752,1319.2170853354,0.0000000000,0.0000000000,68472.5352555106,69058.9582488177,89465.1777428036,90319.3716371682,0.0000000000,854.1938943646,0.0000000000,21929.4508116050,19042.1512106688,65.8050695654,9749.3202915356,8327.8802323480,0.9094777778,0.0000000000,0.0000000000,1279.2073492853,10789.9943633833
2025-12-19,21594.9185763710,2290.0012993698,-252.9011222258,184.5442375416,23816.5629910565,22973.4961441134,48307.4484115250,49944.9795386678,42.9959610094,2412.6235804583,775.0924533155,22472.0282925318,16363.1720415834,970.7279487288,8327.8802323480,10371.4034272006,0.7250944444,0.0000000000,0.0000000000,1200.0000000000,10800.0000000000
2025-12-20,21628.2832365070,570.5066986504,-439.4559013377,0.0000000000,21759.3340338197,22055.7488755164,47861.9463396983,46712.6040484469,0.0000000000,338.3598030380,1487.7020942894,19857.8831908485,16731.5215865110,729.8901941095,10371.4034272006,9652.9187583965,0.7189708333,0.0000000000,0.0000000000,1592.8952271167,10800.0000000000
2025-12-21,70992.7204980838,1657.1425482300,-325.3273819341,250.7893443601,72575.3250087398,72608.1901848948,94686.1139289561,95105.7952451264,36.2395039682,1150.0984176151,730.4171014449,23300.7649974910,18945.3158307997,1748.8037157366,9652.9187583965,9573.2563330276,0.9100763889,0.0000000000,0.0000000000,1200.0000000000,10800.0000000000
2025-12-22,70209.1238844843,1717.2396737619,-0.4630008814,0.0000000000,71925.9005573648,72312.2183372997,92291.6617932628,93213.8953183059,0.0000000000,923.1299449490,0.8964199059,22173.4133957050,18803.2265034896,906.2813427572,9573.2563330276,8636.8544963958,0.9192854167,0.0000000000,0.0000000000,1312.0175488705,10800.0000000000
2025-12-23,72742.1471268737,1156.6673207031,-1797.5336649836,0.0000000000,72101.2807825932,71618.5497707439,96921.5162890537,93995.5721587952,0.0000000000,559.5682906743,3485.5124209329,24792.7918792989,19029.0719538832,973.7597000461,8636.8544963958,9806.9539056725,0.9126888889,0.0000000000,0.0000000000,1352.1491034682,10800.0000000000
2025-12-24,70861.5102538043,1116.5067167261,-1053.7747502029,169.5846157315,71093.8268360590,71491.8440978505,93820.4661120969,92473.3787801481,22.0096840664,581.1435808876,1928.2309128365,22146.6402090542,18807.0629271340,1301.2518656275,9806.9539056725,8842.1935081168,0.9082652778,0.0000000000,0.0000000000,1331.3175906066,10800.0000000000
2025-12-25,67092.2422850254,3403.3348380606,-127.5761513488,0.0000000000,70368.0009717372,70918.5568777867,89930.4394688245,92056.2419518162,0.0000000000,2375.4982449340,249.6957619424,22001.3262122542,19022.1253601245,1264.5925663531,8842.1935081168,7507.6922545629,0.9102520833,0.0000000000,0.0000000000,1322.2198864751,10800.0000000000
2025-12-26,21911.2906046114,1007.7773308955,-103.6071066370,0.0000000000,22815.4608288698,22356.9964902644,48724.5389052286,49193.8593629738,0.0000000000,769.2581553408,299.9376975956,21968.7916676838,16794.5701216282,1012.0153835849,7507.6922545629,8618.9712870026,0.7237750000,0.0000000000,0.0000000000,1394.6848563078,10800.0000000000
2025-12-27,21600.3656652119,1231.7265443874,-321.8275154823,0.0000000000,22510.2646941170,22474.3608601607,48756.3786600660,48579.4886074818,0.0000000000,797.7466527948,974.6367053791,19990.4481062727,16113.9378771918,1364.1693117342,8618.9712870026,8705.9991635461,0.7212277778,0.0000000000,0.0000000000,1634.7503050540,10800.0000000000
2025-12-28,70677.8820842232,471.2169141992,-864.3631260324,160.9484653113,70445.6843377013,69957.4261724184,95563.4442217291,94293.4486140116,21.5671473090,249.5397071913,1519.5353149088,25281.1695595998,19412.6002549936,1637.1917067145,8705.9991635461,9889.4959283041,0.9058916667,0.0000000000,0.0000000000,1324.1606072424,10800.0000000000
2025-12-29,69042.3126389073,966.9377174330,-428.8519090351,905.3414877269,70485.7399350321,70622.6373347275,93366.5417925848,93287.8911266132,151.0190692040,816.8108894798,895.4615554514,23078.5514217709,18992.2716657827,1828.8641731623,9889.4959283041,9557.6681348061,0.9065312500,0.0000000000,0.0000000000,1200.0000000000,10800.0000000000
2025-12-30,70418.5346394801,344.2870872916,-1098.1086210247,883.6177291333,70548.3308348803,70093.0588227390,96085.5468857787,93949.2525270871,150.5339689332,213.9606022978,2350.2549609894,24406.0979018703,18775.7523093100,2245.0383034600,9557.6681348061,10661.2092361449,0.9004583333,0.0000000000,0.0000000000,1200.0000000000,10800.0000000000
2025-12-31,71292.4859435567,714.6501914870,-947.3298565355,629.2239676893,71689.0302461976,72165.6481308465,95054.4885776264,93237.3372257870,120.0590768828,362.0229509327,2179.1743027722,22454.7457426227,19228.0975838854,1484.3252105992,10661.2092361449,9505.9275335215,0.9102437500,0.0000000000,0.0000000000,1200.0000000000,10800.0000000000
