date,balance_max_abs,soc_equation_max_abs,soc_min,soc_max,charge_max,discharge_max,negative_min,simultaneous_max,pass
2025-02-01,0.0000000000,0.0000000000,2140.0449899982,10800.0000000000,833.3333333333,552.0416666667,0.0000000000,0.0000000000,True
2025-02-02,0.0000000000,0.0000000000,1638.7744817611,10800.0000000000,833.3333333333,794.8620604734,0.0000000000,0.0000000000,True
2025-02-03,0.0000000000,0.0000000000,1277.6211381259,10800.0000000000,833.3333333333,797.6173588547,0.0000000000,0.0000000000,True
2025-02-04,0.0000000000,0.0000000000,1648.4272606991,10800.0000000000,833.3333333333,815.6467135799,0.0000000000,0.0000000000,True
2025-02-05,0.0000000000,0.0000000000,1349.5282990406,10800.0000000000,833.3333333333,833.3333333333,0.0000000000,0.0000000000,True
2025-02-06,0.0000000000,0.0000000000,1522.8754214694,10800.0000000000,833.3333333333,833.3333333333,0.0000000000,0.0000000000,True
2025-02-07,0.0000000000,0.0000000000,1417.0514793558,10800.0000000000,833.3333333333,536.0374500000,0.0000000000,0.0000000000,True
2025-02-08,0.0000000000,0.0000000000,1330.1947704749,10800.0000000000,833.3333333333,519.1618833333,0.0000000000,0.0000000000,True
2025-02-09,0.0000000000,0.0000000000,1200.0000000000,10800.0000000000,833.3333333333,833.3333333333,0.0000000000,0.0000000000,True
2025-02-10,0.0000000000,0.0000000000,1200.0000000000,10800.0000000000,833.3333333333,833.3333333333,0.0000000000,0.0000000000,True
2025-02-11,0.0000000000,0.0000000000,1200.0000000000,10800.0000000000,833.3333333333,833.3333333333,0.0000000000,0.0000000000,True
2025-02-12,0.0000000000,0.0000000000,1374.3458077054,10800.0000000000,833.3333333333,833.3333333333,0.0000000000,0.0000000000,True
2025-02-13,0.0000000000,0.0000000000,1357.6111047134,10800.0000000000,833.3333333333,824.8433707834,0.0000000000,0.0000000000,True
2025-02-14,0.0000000000,0.0000000000,1629.3280224305,10800.0000000000,833.3333333333,559.7672500000,0.0000000000,0.0000000000,True
2025-02-15,0.0000000000,0.0000000000,1586.3987793196,10800.0000000000,833.3333333333,547.3166666667,0.0000000000,0.0000000000,True
2025-02-16,0.0000000000,0.0000000000,1312.2124664106,10800.0000000000,833.3333333333,833.3333333333,0.0000000000,0.0000000000,True
2025-02-17,0.0000000000,0.0000000000,1200.0000000000,10800.0000000000,833.3333333333,833.3333333333,0.0000000000,0.0000000000,True
2025-02-18,0.0000000000,0.0000000000,1499.0246856837,10800.0000000000,833.3333333333,833.3333333333,0.0000000000,0.0000000000,True
2025-02-19,0.0000000000,0.0000000000,1362.1361244175,10800.0000000000,833.3333333333,833.3333333333,0.0000000000,0.0000000000,True
2025-02-20,0.0000000000,0.0000000000,1603.5231940709,10800.0000000000,833.3333333333,833.3333333333,0.0000000000,0.0000000000,True
2025-02-21,0.0000000000,0.0000000000,1876.3120519961,10800.0000000000,833.3333333333,535.0380000000,0.0000000000,0.0000000000,True
2025-02-22,0.0000000000,0.0000000000,1671.6099937975,10800.0000000000,833.3333333333,530.3050000000,0.0000000000,0.0000000000,True
2025-02-23,0.0000000000,0.0000000000,1368.9003195019,10800.0000000000,833.3333333333,833.3333333333,0.0000000000,0.0000000000,True
2025-02-24,0.0000000000,0.0000000000,1200.0000000000,10800.0000000000,833.3333333333,833.3333333333,0.0000000000,0.0000000000,True
2025-02-25,0.0000000000,0.0000000000,1476.7177028058,10800.0000000000,833.3333333333,833.3333333333,0.0000000000,0.0000000000,True
2025-02-26,0.0000000000,0.0000000000,1558.5464412598,10800.0000000000,833.3333333333,825.4791136661,0.0000000000,0.0000000000,True
2025-02-27,0.0000000000,0.0000000000,1240.5272761969,10800.0000000000,833.3333333333,821.8737679314,0.0000000000,0.0000000000,True
2025-02-28,0.0000000000,0.0000000000,1726.9668903335,10800.0000000000,833.3333333333,520.9738000000,0.0000000000,0.0000000000,True
2025-03-01,0.0000000000,0.0000000000,1713.0922436644,10800.0000000000,833.3333333333,478.9468333333,0.0000000000,0.0000000000,True
2025-03-02,0.0000000000,0.0000000000,1200.0000000000,10800.0000000000,833.3333333333,784.3625590991,0.0000000000,0.0000000000,True
2025-03-03,0.0000000000,0.0000000000,1200.0000000000,10800.0000000000,833.3333333333,817.7283333333,0.0000000000,0.0000000000,True
2025-03-04,0.0000000000,0.0000000000,1441.7444871022,10800.0000000000,833.3333333333,796.3509654276,0.0000000000,0.0000000000,True
2025-03-05,0.0000000000,0.0000000000,1312.1612433826,10800.0000000000,833.3333333333,833.3333333333,0.0000000000,0.0000000000,True
2025-03-06,0.0000000000,0.0000000000,1502.0079886057,10800.0000000000,833.3333333333,779.3537164978,0.0000000000,0.0000000000,True
2025-03-07,0.0000000000,0.0000000000,1839.5882312272,10800.0000000000,833.3333333333,463.2970666667,0.0000000000,0.0000000000,True
2025-03-08,0.0000000000,0.0000000000,1375.6672882991,10800.0000000000,833.3333333333,470.8035500000,0.0000000000,0.0000000000,True
2025-03-09,0.0000000000,0.0000000000,1261.4966464594,10800.0000000000,833.3333333333,780.8316666667,0.0000000000,0.0000000000,True
2025-03-10,0.0000000000,0.0000000000,1200.0000000000,10769.6261003171,833.3333333333,822.2328833333,0.0000000000,0.0000000000,True
2025-03-11,0.0000000000,0.0000000000,1562.1745625542,10800.0000000000,833.3333333333,788.2315166667,0.0000000000,0.0000000000,True
2025-03-12,0.0000000000,0.0000000000,1373.2286080605,10800.0000000000,833.3333333333,795.6400000000,0.0000000000,0.0000000000,True
2025-03-13,0.0000000000,0.0000000000,1200.0000000000,10800.0000000000,833.3333333333,829.3766666667,0.0000000000,0.0000000000,True
2025-03-14,0.0000000000,0.0000000000,1692.8628481373,10800.0000000000,833.3333333333,496.7150000000,0.0000000000,0.0000000000,True
2025-03-15,0.0000000000,0.0000000000,1529.6397940742,10800.0000000000,833.3333333333,508.6490333333,0.0000000000,0.0000000000,True
2025-03-16,0.0000000000,0.0000000000,1658.1645313354,10800.0000000000,833.3333333333,833.3333333333,0.0000000000,0.0000000000,True
2025-03-17,0.0000000000,0.0000000000,1262.0178055495,10800.0000000000,833.3333333333,792.1298500000,0.0000000000,0.0000000000,True
2025-03-18,0.0000000000,0.0000000000,1265.0321169352,10800.0000000000,833.3333333333,801.5304166667,0.0000000000,0.0000000000,True
2025-03-19,0.0000000000,0.0000000000,1590.2319083223,10800.0000000000,833.3333333333,823.4450000000,0.0000000000,0.0000000000,True
2025-03-20,0.0000000000,0.0000000000,1387.1570019323,10800.0000000000,833.3333333333,827.0150000000,0.0000000000,0.0000000000,True
2025-03-21,0.0000000000,0.0000000000,1497.3631442291,10800.0000000000,833.3333333333,494.8250000000,0.0000000000,0.0000000000,True
2025-03-22,0.0000000000,0.0000000000,1849.0149629630,10800.0000000000,833.3333333333,471.8125166667,0.0000000000,0.0000000000,True
2025-03-23,0.0000000000,0.0000000000,1200.0000000000,10800.0000000000,833.3333333333,817.6898666667,0.0000000000,0.0000000000,True
2025-03-24,0.0000000000,0.0000000000,1209.4120015115,10800.0000000000,833.3333333333,805.6850000000,0.0000000000,0.0000000000,True
2025-03-25,0.0000000000,0.0000000000,1200.0000000000,10800.0000000000,833.3333333333,800.1925000000,0.0000000000,0.0000000000,True
2025-03-26,0.0000000000,0.0000000000,1305.4282047203,10800.0000000000,833.3333333333,787.9337500000,0.0000000000,0.0000000000,True
2025-03-27,0.0000000000,0.0000000000,1498.0232831337,10800.0000000000,833.3333333333,766.7254166667,0.0000000000,0.0000000000,True
2025-03-28,0.0000000000,0.0000000000,1797.5835255092,10800.0000000000,833.3333333333,483.8733333333,0.0000000000,0.0000000000,True
2025-03-29,0.0000000000,0.0000000000,1558.1693607528,10800.0000000000,833.3333333333,482.2450000000,0.0000000000,0.0000000000,True
2025-03-30,0.0000000000,0.0000000000,1488.2651301526,10800.0000000000,833.3333333333,761.5791333333,0.0000000000,0.0000000000,True
2025-03-31,0.0000000000,0.0000000000,1200.0000000000,10800.0000000000,833.3333333333,796.0470833333,0.0000000000,0.0000000000,True
2025-04-01,0.0000000000,0.0000000000,1200.0000000000,10800.0000000000,833.3333333333,772.0364500000,0.0000000000,0.0000000000,True
2025-04-02,0.0000000000,0.0000000000,1200.0000000000,10800.0000000000,833.3333333333,788.4129166667,0.0000000000,0.0000000000,True
2025-04-03,0.0000000000,0.0000000000,1414.9004232767,10800.0000000000,833.3333333333,779.5462500000,0.0000000000,0.0000000000,True
2025-04-04,0.0000000000,0.0000000000,1756.7577579340,10800.0000000000,833.3333333333,503.5033333333,0.0000000000,0.0000000000,True
2025-04-05,0.0000000000,0.0000000000,1581.1982864209,10800.0000000000,833.3333333333,487.7073833333,0.0000000000,0.0000000000,True
2025-04-06,0.0000000000,0.0000000000,1241.5845661775,10800.0000000000,833.3333333333,772.5316666667,0.0000000000,0.0000000000,True
2025-04-07,0.0000000000,0.0000000000,1350.9797391708,10800.0000000000,833.3333333333,735.0190166667,0.0000000000,0.0000000000,True
2025-04-08,0.0000000000,0.0000000000,1214.7602495913,10800.0000000000,833.3333333333,746.5050000000,0.0000000000,0.0000000000,True
2025-04-09,0.0000000000,0.0000000000,1200.0000000000,10800.0000000000,833.3333333333,749.6552500000,0.0000000000,0.0000000000,True
2025-04-10,0.0000000000,0.0000000000,1373.3817943595,10800.0000000000,833.3333333333,766.9669166667,0.0000000000,0.0000000000,True
2025-04-11,0.0000000000,0.0000000000,1711.2966735351,10800.0000000000,833.3333333333,493.1533333333,0.0000000000,0.0000000000,True
2025-04-12,0.0000000000,0.0000000000,1748.2025922801,10800.0000000000,833.3333333333,476.1539333333,0.0000000000,0.0000000000,True
2025-04-13,0.0000000000,0.0000000000,1301.0541120534,10800.0000000000,833.3333333333,748.9800000000,0.0000000000,0.0000000000,True
2025-04-14,0.0000000000,0.0000000000,1200.0000000000,10800.0000000000,833.3333333333,759.3166666667,0.0000000000,0.0000000000,True
2025-04-15,0.0000000000,0.0000000000,1441.3586688139,10800.0000000000,833.3333333333,751.0735833333,0.0000000000,0.0000000000,True
2025-04-16,0.0000000000,0.0000000000,1500.1055103796,10800.0000000000,833.3333333333,730.5316666667,0.0000000000,0.0000000000,True
2025-04-17,0.0000000000,0.0000000000,1371.8222580236,10800.0000000000,833.3333333333,750.8766666667,0.0000000000,0.0000000000,True
2025-04-18,0.0000000000,0.0000000000,1765.7569736665,10800.0000000000,833.3333333333,475.2600000000,0.0000000000,0.0000000000,True
2025-04-19,0.0000000000,0.0000000000,1754.1965694804,10800.0000000000,833.3333333333,475.2686500000,0.0000000000,0.0000000000,True
2025-04-20,0.0000000000,0.0000000000,1594.9517153002,10800.0000000000,833.3333333333,721.5449000000,0.0000000000,0.0000000000,True
2025-04-21,0.0000000000,0.0000000000,1200.0000000000,10800.0000000000,833.3333333333,741.0165500000,0.0000000000,0.0000000000,True
2025-04-22,0.0000000000,0.0000000000,1595.1927197402,10800.0000000000,833.3333333333,736.1570333333,0.0000000000,0.0000000000,True
2025-04-23,0.0000000000,0.0000000000,1542.3591984463,10800.0000000000,833.3333333333,748.3694500000,0.0000000000,0.0000000000,True
2025-04-24,0.0000000000,0.0000000000,1473.4377629372,10800.0000000000,833.3333333333,745.5016666667,0.0000000000,0.0000000000,True
2025-04-25,0.0000000000,0.0000000000,1663.1767777778,10800.0000000000,833.3333333333,490.2083333333,0.0000000000,0.0000000000,True
2025-04-26,0.0000000000,0.0000000000,1533.2759399600,10800.0000000000,833.3333333333,484.1332333333,0.0000000000,0.0000000000,True
2025-04-27,0.0000000000,0.0000000000,1200.0000000000,10800.0000000000,833.3333333333,733.8631166667,0.0000000000,0.0000000000,True
2025-04-28,0.0000000000,0.0000000000,1200.0000000000,10800.0000000000,833.3333333333,697.8383333333,0.0000000000,0.0000000000,True
2025-04-29,0.0000000000,0.0000000000,1200.0000000000,10800.0000000000,833.3333333333,748.9916666667,0.0000000000,0.0000000000,True
2025-04-30,0.0000000000,0.0000000000,1283.3687693016,10800.0000000000,833.3333333333,746.8378333333,0.0000000000,0.0000000000,True
2025-05-01,0.0000000000,0.0000000000,1200.0000000000,10800.0000000000,833.3333333333,819.6148166667,0.0000000000,0.0000000000,True
2025-05-02,0.0000000000,0.0000000000,1200.0000000000,10800.0000000000,833.3333333333,546.4155500000,0.0000000000,0.0000000000,True
2025-05-03,0.0000000000,0.0000000000,1200.0000000000,10800.0000000000,833.3333333333,572.5083333333,0.0000000000,0.0000000000,True
2025-05-04,0.0000000000,0.0000000000,1200.0000000000,10800.0000000000,833.3333333333,803.8746000000,0.0000000000,0.0000000000,True
2025-05-05,0.0000000000,0.0000000000,1200.0000000000,10800.0000000000,833.3333333333,809.2416833333,0.0000000000,0.0000000000,True
2025-05-06,0.0000000000,0.0000000000,1200.0000000000,10800.0000000000,833.3333333333,814.2691666667,0.0000000000,0.0000000000,True
2025-05-07,0.0000000000,0.0000000000,1200.0000000000,10800.0000000000,833.3333333333,833.0116666667,0.0000000000,0.0000000000,True
2025-05-08,0.0000000000,0.0000000000,1680.7076936958,10800.0000000000,833.3333333333,833.3333333333,0.0000000000,0.0000000000,True
2025-05-09,0.0000000000,0.0000000000,2237.8768677075,10800.0000000000,833.3333333333,560.7918000000,0.0000000000,0.0000000000,True
2025-05-10,0.0000000000,0.0000000000,2294.3435907884,10800.0000000000,833.3333333333,554.0049500000,0.0000000000,0.0000000000,True
2025-05-11,0.0000000000,0.0000000000,1571.2166764744,10800.0000000000,833.3333333333,833.3333333333,0.0000000000,0.0000000000,True
2025-05-12,0.0000000000,0.0000000000,1686.7513762936,10800.0000000000,833.3333333333,819.3645333333,0.0000000000,0.0000000000,True
2025-05-13,0.0000000000,0.0000000000,1656.7914480722,10800.0000000000,833.3333333333,825.4812333333,0.0000000000,0.0000000000,True
2025-05-14,0.0000000000,0.0000000000,1925.7449892515,10800.0000000000,833.3333333333,816.3005938343,0.0000000000,0.0000000000,True
2025-05-15,0.0000000000,0.0000000000,2340.9390594958,10800.0000000000,833.3333333333,801.5756502209,0.0000000000,0.0000000000,True
2025-05-16,0.0000000000,0.0000000000,2359.0835473338,10800.0000000000,833.3333333333,566.1133333333,0.0000000000,0.0000000000,True
2025-05-17,0.0000000000,0.0000000000,1875.8195727918,10800.0000000000,833.3333333333,593.3274333333,0.0000000000,0.0000000000,True
2025-05-18,0.0000000000,0.0000000000,1984.5143992782,10800.0000000000,833.3333333333,833.0757601583,0.0000000000,0.0000000000,True
2025-05-19,0.0000000000,0.0000000000,1411.4528656531,10800.0000000000,833.3333333333,833.3333333333,0.0000000000,0.0000000000,True
2025-05-20,0.0000000000,0.0000000000,1559.3151599042,10800.0000000000,833.3333333333,831.5733333333,0.0000000000,0.0000000000,True
2025-05-21,0.0000000000,0.0000000000,1736.0660090768,10800.0000000000,833.3333333333,811.0043333333,0.0000000000,0.0000000000,True
2025-05-22,0.0000000000,0.0000000000,1670.2501668489,10800.0000000000,833.3333333333,832.2686942667,0.0000000000,0.0000000000,True
2025-05-23,0.0000000000,0.0000000000,1975.3974454371,10800.0000000000,833.3333333333,551.3140666667,0.0000000000,0.0000000000,True
2025-05-24,0.0000000000,0.0000000000,2138.4912722919,10800.0000000000,833.3333333333,551.4284333333,0.0000000000,0.0000000000,True
2025-05-25,0.0000000000,0.0000000000,1545.4750466584,10800.0000000000,833.3333333333,810.7893500000,0.0000000000,0.0000000000,True
2025-05-26,0.0000000000,0.0000000000,1200.0000000000,10800.0000000000,833.3333333333,824.9333333333,0.0000000000,0.0000000000,True
2025-05-27,0.0000000000,0.0000000000,1535.4209162010,10800.0000000000,833.3333333333,819.2750000000,0.0000000000,0.0000000000,True
2025-05-28,0.0000000000,0.0000000000,1543.7667533980,10800.0000000000,833.3333333333,825.7825333333,0.0000000000,0.0000000000,True
2025-05-29,0.0000000000,0.0000000000,1439.5687374009,10800.0000000000,833.3333333333,833.3333333333,0.0000000000,0.0000000000,True
2025-05-30,0.0000000000,0.0000000000,1929.1917475142,10800.0000000000,833.3333333333,532.5197666667,0.0000000000,0.0000000000,True
2025-05-31,0.0000000000,0.0000000000,1769.7822943911,10800.0000000000,833.3333333333,551.2803500000,0.0000000000,0.0000000000,True
2025-06-01,0.0000000000,0.0000000000,1200.0000000000,9683.8745659465,833.3333333333,620.8420833333,0.0000000000,0.0000000000,True
2025-06-02,0.0000000000,0.0000000000,1200.0000000000,10310.4219769419,833.3333333333,683.4500000000,0.0000000000,0.0000000000,True
2025-06-03,0.0000000000,0.0000000000,1200.0000000000,10800.0000000000,833.3333333333,833.3333333333,0.0000000000,0.0000000000,True
2025-06-04,0.0000000000,0.0000000000,1200.0000000000,10800.0000000000,833.3333333333,833.3333333333,0.0000000000,0.0000000000,True
2025-06-05,0.0000000000,0.0000000000,1200.0000000000,10800.0000000000,833.3333333333,833.3333333333,0.0000000000,0.0000000000,True
2025-06-06,0.0000000000,0.0000000000,1200.0000000000,10800.0000000000,833.3333333333,633.1102333333,0.0000000000,0.0000000000,True
2025-06-07,0.0000000000,0.0000000000,1364.9656692158,10800.0000000000,833.3333333333,659.9410833333,0.0000000000,0.0000000000,True
2025-06-08,0.0000000000,0.0000000000,2184.9358660273,10800.0000000000,833.3333333333,792.1710582014,0.0000000000,0.0000000000,True
2025-06-09,0.0000000000,0.0000000000,1517.9822339721,10800.0000000000,833.3333333333,833.3333333333,0.0000000000,0.0000000000,True
2025-06-10,0.0000000000,0.0000000000,2101.8124485300,10800.0000000000,833.3333333333,785.0721146630,0.0000000000,0.0000000000,True
2025-06-11,0.0000000000,0.0000000000,1500.0000000000,10800.0000000000,833.3333333333,801.3723026834,0.0000000000,0.0000000000,True
2025-06-12,0.0000000000,0.0000000000,2088.3712646519,10800.0000000000,833.3333333333,797.4501163244,0.0000000000,0.0000000000,True
2025-06-13,0.0000000000,0.0000000000,2280.9835481063,10800.0000000000,833.3333333333,637.9376166667,0.0000000000,0.0000000000,True
2025-06-14,0.0000000000,0.0000000000,2303.6743923996,10800.0000000000,833.3333333333,655.4149666667,0.0000000000,0.0000000000,True
2025-06-15,0.0000000000,0.0000000000,2385.9763482148,10800.0000000000,833.3333333333,794.5774132834,0.0000000000,0.0000000000,True
2025-06-16,0.0000000000,0.0000000000,1759.5874372305,10800.0000000000,833.3333333333,833.3333333333,0.0000000000,0.0000000000,True
2025-06-17,0.0000000000,0.0000000000,1885.7585191786,10800.0000000000,833.3333333333,819.4836712041,0.0000000000,0.0000000000,True
2025-06-18,0.0000000000,0.0000000000,1977.0786499778,10800.0000000000,833.3333333333,809.7840861939,0.0000000000,0.0000000000,True
2025-06-19,0.0000000000,0.0000000000,1773.4720675446,10800.0000000000,833.3333333333,833.3333333333,0.0000000000,0.0000000000,True
2025-06-20,0.0000000000,0.0000000000,2438.6322473236,10800.0000000000,833.3333333333,636.1150000000,0.0000000000,0.0000000000,True
2025-06-21,0.0000000000,0.0000000000,2179.3378487077,10800.0000000000,833.3333333333,667.4907000000,0.0000000000,0.0000000000,True
2025-06-22,0.0000000000,0.0000000000,1548.7810225077,10800.0000000000,833.3333333333,833.3333333333,0.0000000000,0.0000000000,True
2025-06-23,0.0000000000,0.0000000000,1739.2670462257,10800.0000000000,833.3333333333,828.2133499847,0.0000000000,0.0000000000,True
2025-06-24,0.0000000000,0.0000000000,1311.8943325250,10800.0000000000,833.3333333333,812.3930585266,0.0000000000,0.0000000000,True
2025-06-25,0.0000000000,0.0000000000,1674.9262475038,10800.0000000000,833.3333333333,825.4327041978,0.0000000000,0.0000000000,True
2025-06-26,0.0000000000,0.0000000000,1597.6536811988,10800.0000000000,833.3333333333,833.3333333333,0.0000000000,0.0000000000,True
2025-06-27,0.0000000000,0.0000000000,1780.4398342051,10800.0000000000,833.3333333333,641.4883333333,0.0000000000,0.0000000000,True
2025-06-28,0.0000000000,0.0000000000,1987.9736566797,10800.0000000000,833.3333333333,628.0102833333,0.0000000000,0.0000000000,True
2025-06-29,0.0000000000,0.0000000000,1563.6636695758,10800.0000000000,833.3333333333,815.3750119015,0.0000000000,0.0000000000,True
2025-06-30,0.0000000000,0.0000000000,1548.4691410872,10800.0000000000,833.3333333333,833.3333333333,0.0000000000,0.0000000000,True
2025-07-01,0.0000000000,0.0000000000,1200.0000000000,10800.0000000000,833.3333333333,833.3333333333,0.0000000000,0.0000000000,True
2025-07-02,0.0000000000,0.0000000000,1200.0000000000,10800.0000000000,833.3333333333,833.3333333333,0.0000000000,0.0000000000,True
2025-07-03,0.0000000000,0.0000000000,1200.0000000000,10448.4881533706,833.3333333333,833.3333333333,0.0000000000,0.0000000000,True
2025-07-04,0.0000000000,0.0000000000,1200.0000000000,10800.0000000000,833.3333333333,779.2083333333,0.0000000000,0.0000000000,True
2025-07-05,0.0000000000,0.0000000000,1200.0000000000,10800.0000000000,833.3333333333,728.0928333333,0.0000000000,0.0000000000,True
2025-07-06,0.0000000000,0.0000000000,1200.0000000000,10800.0000000000,833.3333333333,833.3333333333,0.0000000000,0.0000000000,True
2025-07-07,0.0000000000,0.0000000000,1486.8834725972,10800.0000000000,833.3333333333,833.3333333333,0.0000000000,0.0000000000,True
2025-07-08,0.0000000000,0.0000000000,2632.5900273768,10800.0000000000,833.3333333333,751.2698433834,0.0000000000,0.0000000000,True
2025-07-09,0.0000000000,0.0000000000,2189.3061976661,10800.0000000000,833.3333333333,833.1704831098,0.0000000000,0.0000000000,True
2025-07-10,0.0000000000,0.0000000000,1889.4436748430,10800.0000000000,833.3333333333,807.8332204002,0.0000000000,0.0000000000,True
2025-07-11,0.0000000000,0.0000000000,2291.1215561065,10800.0000000000,833.3333333333,740.9250666667,0.0000000000,0.0000000000,True
2025-07-12,0.0000000000,0.0000000000,2027.6784229345,10800.0000000000,833.3333333333,726.9878333333,0.0000000000,0.0000000000,True
2025-07-13,0.0000000000,0.0000000000,1926.5892263957,10800.0000000000,833.3333333333,833.3333333333,0.0000000000,0.0000000000,True
2025-07-14,0.0000000000,0.0000000000,1609.0110322097,10800.0000000000,833.3333333333,827.1934581595,0.0000000000,0.0000000000,True
2025-07-15,0.0000000000,0.0000000000,2547.2246389648,10800.0000000000,833.3333333333,767.9656816860,0.0000000000,0.0000000000,True
2025-07-16,0.0000000000,0.0000000000,2056.9114313571,10800.0000000000,833.3333333333,807.8274013430,0.0000000000,0.0000000000,True
2025-07-17,0.0000000000,0.0000000000,2172.4705012487,10800.0000000000,833.3333333333,801.8967407638,0.0000000000,0.0000000000,True
2025-07-18,0.0000000000,0.0000000000,2265.3541078549,10800.0000000000,833.3333333333,742.0443500000,0.0000000000,0.0000000000,True
2025-07-19,0.0000000000,0.0000000000,1824.1656212283,10800.0000000000,833.3333333333,741.6691333333,0.0000000000,0.0000000000,True
2025-07-20,0.0000000000,0.0000000000,1869.4607408307,10800.0000000000,833.3333333333,827.6457056590,0.0000000000,0.0000000000,True
2025-07-21,0.0000000000,0.0000000000,1747.6013022182,10800.0000000000,833.3333333333,832.0301255369,0.0000000000,0.0000000000,True
2025-07-22,0.0000000000,0.0000000000,1590.5821394965,10800.0000000000,833.3333333333,833.3333333333,0.0000000000,0.0000000000,True
2025-07-23,0.0000000000,0.0000000000,1596.3848402196,10800.0000000000,833.3333333333,833.3333333333,0.0000000000,0.0000000000,True
2025-07-24,0.0000000000,0.0000000000,1785.4981946255,10800.0000000000,833.3333333333,815.1510425721,0.0000000000,0.0000000000,True
2025-07-25,0.0000000000,0.0000000000,1640.3574104099,10800.0000000000,833.3333333333,714.6207500000,0.0000000000,0.0000000000,True
2025-07-26,0.0000000000,0.0000000000,1653.7008915811,10800.0000000000,833.3333333333,730.4740333333,0.0000000000,0.0000000000,True
2025-07-27,0.0000000000,0.0000000000,1631.0363638447,10800.0000000000,833.3333333333,818.8777043770,0.0000000000,0.0000000000,True
2025-07-28,0.0000000000,0.0000000000,1200.0000000000,10800.0000000000,833.3333333333,810.2555372665,0.0000000000,0.0000000000,True
2025-07-29,0.0000000000,0.0000000000,1533.9020075098,10800.0000000000,833.3333333333,833.3333333333,0.0000000000,0.0000000000,True
2025-07-30,0.0000000000,0.0000000000,1762.3062191554,10800.0000000000,833.3333333333,811.2715892589,0.0000000000,0.0000000000,True
2025-07-31,0.0000000000,0.0000000000,1297.1339973538,10800.0000000000,833.3333333333,833.3333333333,0.0000000000,0.0000000000,True
2025-08-01,0.0000000000,0.0000000000,1605.5200320709,10800.0000000000,833.3333333333,725.0833333333,0.0000000000,0.0000000000,True
2025-08-02,0.0000000000,0.0000000000,1637.2244657483,10800.0000000000,833.3333333333,720.1400000000,0.0000000000,0.0000000000,True
2025-08-03,0.0000000000,0.0000000000,1200.0000000000,10800.0000000000,833.3333333333,833.3333333333,0.0000000000,0.0000000000,True
2025-08-04,0.0000000000,0.0000000000,1458.4585042586,10800.0000000000,833.3333333333,833.3333333333,0.0000000000,0.0000000000,True
2025-08-05,0.0000000000,0.0000000000,1700.5446836187,10800.0000000000,833.3333333333,826.1364381581,0.0000000000,0.0000000000,True
2025-08-06,0.0000000000,0.0000000000,1200.0000000000,10800.0000000000,833.3333333333,815.5450008244,0.0000000000,0.0000000000,True
2025-08-07,0.0000000000,0.0000000000,1506.1837195407,10800.0000000000,833.3333333333,833.3333333333,0.0000000000,0.0000000000,True
2025-08-08,0.0000000000,0.0000000000,1809.1456340147,10800.0000000000,833.3333333333,720.2655166667,0.0000000000,0.0000000000,True
2025-08-09,0.0000000000,0.0000000000,1846.9324519030,10800.0000000000,833.3333333333,700.3216666667,0.0000000000,0.0000000000,True
2025-08-10,0.0000000000,0.0000000000,1538.3676265844,10800.0000000000,833.3333333333,833.3333333333,0.0000000000,0.0000000000,True
2025-08-11,0.0000000000,0.0000000000,1254.5425480694,10800.0000000000,833.3333333333,833.3333333333,0.0000000000,0.0000000000,True
2025-08-12,0.0000000000,0.0000000000,1200.0000000000,10800.0000000000,833.3333333333,833.3333333333,0.0000000000,0.0000000000,True
2025-08-13,0.0000000000,0.0000000000,1560.9250403313,10800.0000000000,833.3333333333,833.3333333333,0.0000000000,0.0000000000,True
2025-08-14,0.0000000000,0.0000000000,1319.0054912684,10800.0000000000,833.3333333333,833.3333333333,0.0000000000,0.0000000000,True
2025-08-15,0.0000000000,0.0000000000,1851.0851716108,10800.0000000000,833.3333333333,707.0260333333,0.0000000000,0.0000000000,True
2025-08-16,0.0000000000,0.0000000000,1353.6605736255,10800.0000000000,833.3333333333,731.8950000000,0.0000000000,0.0000000000,True
2025-08-17,0.0000000000,0.0000000000,1423.1905190528,10800.0000000000,833.3333333333,833.3333333333,0.0000000000,0.0000000000,True
2025-08-18,0.0000000000,0.0000000000,1200.0000000000,10800.0000000000,833.3333333333,833.3333333333,0.0000000000,0.0000000000,True
2025-08-19,0.0000000000,0.0000000000,1659.8062330469,10800.0000000000,833.3333333333,833.3333333333,0.0000000000,0.0000000000,True
2025-08-20,0.0000000000,0.0000000000,1200.0000000000,10800.0000000000,833.3333333333,833.3333333333,0.0000000000,0.0000000000,True
2025-08-21,0.0000000000,0.0000000000,1527.3147004221,10800.0000000000,833.3333333333,833.3333333333,0.0000000000,0.0000000000,True
2025-08-22,0.0000000000,0.0000000000,1460.0789127820,10800.0000000000,833.3333333333,751.1733333333,0.0000000000,0.0000000000,True
2025-08-23,0.0000000000,0.0000000000,1796.3938703704,10800.0000000000,833.3333333333,698.8283333333,0.0000000000,0.0000000000,True
2025-08-24,0.0000000000,0.0000000000,1716.1755338060,10800.0000000000,833.3333333333,829.7165518680,0.0000000000,0.0000000000,True
2025-08-25,0.0000000000,0.0000000000,1200.0000000000,10800.0000000000,833.3333333333,833.3333333333,0.0000000000,0.0000000000,True
2025-08-26,0.0000000000,0.0000000000,1712.8382651686,10800.0000000000,833.3333333333,820.3282198896,0.0000000000,0.0000000000,True
2025-08-27,0.0000000000,0.0000000000,1476.3282531276,10800.0000000000,833.3333333333,832.3815678533,0.0000000000,0.0000000000,True
2025-08-28,0.0000000000,0.0000000000,1646.6607263121,10800.0000000000,833.3333333333,833.3333333333,0.0000000000,0.0000000000,True
2025-08-29,0.0000000000,0.0000000000,1786.4516905941,10800.0000000000,833.3333333333,729.1532333333,0.0000000000,0.0000000000,True
2025-08-30,0.0000000000,0.0000000000,1607.1119178155,10800.0000000000,833.3333333333,703.5511333333,0.0000000000,0.0000000000,True
2025-08-31,0.0000000000,0.0000000000,1412.2617338227,10800.0000000000,833.3333333333,833.3333333333,0.0000000000,0.0000000000,True
2025-09-01,0.0000000000,0.0000000000,2988.0731719597,10800.0000000000,833.3333333333,735.4883276099,0.0000000000,0.0000000000,True
2025-09-02,0.0000000000,0.0000000000,2394.9793038830,10800.0000000000,833.3333333333,757.2045833333,0.0000000000,0.0000000000,True
2025-09-03,0.0000000000,0.0000000000,2626.6202551989,10800.0000000000,833.3333333333,769.0974011116,0.0000000000,0.0000000000,True
2025-09-04,0.0000000000,0.0000000000,2284.3224912501,10800.0000000000,833.3333333333,800.1577473913,0.0000000000,0.0000000000,True
2025-09-05,0.0000000000,0.0000000000,2575.1188535774,10800.0000000000,833.3333333333,588.7583333333,0.0000000000,0.0000000000,True
2025-09-06,0.0000000000,0.0000000000,2583.2558451589,10800.0000000000,833.3333333333,588.4176000000,0.0000000000,0.0000000000,True
2025-09-07,0.0000000000,0.0000000000,1801.4269762998,10800.0000000000,833.3333333333,807.7741741728,0.0000000000,0.0000000000,True
2025-09-08,0.0000000000,0.0000000000,1200.0000000000,9974.0720950221,833.3333333333,761.2837500000,0.0000000000,0.0000000000,True
2025-09-09,0.0000000000,0.0000000000,1200.0000000000,10800.0000000000,833.3333333333,833.3333333333,0.0000000000,0.0000000000,True
2025-09-10,0.0000000000,0.0000000000,1200.0000000000,10665.6723940409,833.3333333333,819.7666666667,0.0000000000,0.0000000000,True
2025-09-11,0.0000000000,0.0000000000,1200.0000000000,10800.0000000000,833.3333333333,833.3333333333,0.0000000000,0.0000000000,True
2025-09-12,0.0000000000,0.0000000000,1444.7231643504,10800.0000000000,833.3333333333,583.2223166667,0.0000000000,0.0000000000,True
2025-09-13,0.0000000000,0.0000000000,1416.8845091852,10800.0000000000,833.3333333333,571.3068333333,0.0000000000,0.0000000000,True
2025-09-14,0.0000000000,0.0000000000,1200.0000000000,10800.0000000000,833.3333333333,831.9316666667,0.0000000000,0.0000000000,True
2025-09-15,0.0000000000,0.0000000000,1200.0000000000,10800.0000000000,833.3333333333,833.3333333333,0.0000000000,0.0000000000,True
2025-09-16,0.0000000000,0.0000000000,1200.0000000000,10800.0000000000,833.3333333333,833.3333333333,0.0000000000,0.0000000000,True
2025-09-17,0.0000000000,0.0000000000,1200.0000000000,10800.0000000000,833.3333333333,833.3333333333,0.0000000000,0.0000000000,True
2025-09-18,0.0000000000,0.0000000000,1200.0000000000,10800.0000000000,833.3333333333,833.1831333333,0.0000000000,0.0000000000,True
2025-09-19,0.0000000000,0.0000000000,1793.7535875019,10800.0000000000,833.3333333333,545.1881666667,0.0000000000,0.0000000000,True
2025-09-20,0.0000000000,0.0000000000,1522.3291757766,10800.0000000000,833.3333333333,572.0883333333,0.0000000000,0.0000000000,True
2025-09-21,0.0000000000,0.0000000000,1548.0893688257,10800.0000000000,833.3333333333,826.8919593993,0.0000000000,0.0000000000,True
2025-09-22,0.0000000000,0.0000000000,1602.0488634626,10800.0000000000,833.3333333333,833.3333333333,0.0000000000,0.0000000000,True
2025-09-23,0.0000000000,0.0000000000,1643.2621124828,10800.0000000000,833.3333333333,822.8799969987,0.0000000000,0.0000000000,True
2025-09-24,0.0000000000,0.0000000000,1663.7995582235,10800.0000000000,833.3333333333,825.1169333333,0.0000000000,0.0000000000,True
2025-09-25,0.0000000000,0.0000000000,1802.6494833846,10800.0000000000,833.3333333333,833.3333333333,0.0000000000,0.0000000000,True
2025-09-26,0.0000000000,0.0000000000,1950.9688561709,10800.0000000000,833.3333333333,562.1766666667,0.0000000000,0.0000000000,True
2025-09-27,0.0000000000,0.0000000000,1707.3142277234,10800.0000000000,833.3333333333,548.6300000000,0.0000000000,0.0000000000,True
2025-09-28,0.0000000000,0.0000000000,1704.3915721418,10800.0000000000,833.3333333333,833.3333333333,0.0000000000,0.0000000000,True
2025-09-29,0.0000000000,0.0000000000,1405.6902734150,10800.0000000000,833.3333333333,833.3333333333,0.0000000000,0.0000000000,True
2025-09-30,0.0000000000,0.0000000000,1723.7652784759,10800.0000000000,833.3333333333,833.3333333333,0.0000000000,0.0000000000,True
2025-10-01,0.0000000000,0.0000000000,2524.1027172317,10800.0000000000,833.3333333333,816.4716666667,0.0000000000,0.0000000000,True
2025-10-02,0.0000000000,0.0000000000,2546.7041352536,10800.0000000000,833.3333333333,828.9116666667,0.0000000000,0.0000000000,True
2025-10-03,0.0000000000,0.0000000000,2715.9967901004,10800.0000000000,833.3333333333,498.6756500000,0.0000000000,0.0000000000,True
2025-10-04,0.0000000000,0.0000000000,2399.2531721406,10800.0000000000,833.3333333333,501.8200000000,0.0000000000,0.0000000000,True
2025-10-05,0.0000000000,0.0000000000,2126.0869191362,10800.0000000000,833.3333333333,813.2966579088,0.0000000000,0.0000000000,True
2025-10-06,0.0000000000,0.0000000000,1787.0886165893,10800.0000000000,833.3333333333,789.2292166667,0.0000000000,0.0000000000,True
2025-10-07,0.0000000000,0.0000000000,1786.0433571296,10800.0000000000,833.3333333333,810.2468000000,0.0000000000,0.0000000000,True
2025-10-08,0.0000000000,0.0000000000,1200.0000000000,10800.0000000000,833.3333333333,815.9605269527,0.0000000000,0.0000000000,True
2025-10-09,0.0000000000,0.0000000000,1358.6261698175,10800.0000000000,833.3333333333,820.1652000000,0.0000000000,0.0000000000,True
2025-10-10,0.0000000000,0.0000000000,1746.3969844707,10800.0000000000,833.3333333333,486.0208666667,0.0000000000,0.0000000000,True
2025-10-11,0.0000000000,0.0000000000,1533.6221481481,10800.0000000000,833.3333333333,496.5483333333,0.0000000000,0.0000000000,True
2025-10-12,0.0000000000,0.0000000000,1339.3269877330,10800.0000000000,833.3333333333,833.3333333333,0.0000000000,0.0000000000,True
2025-10-13,0.0000000000,0.0000000000,1200.0000000000,10800.0000000000,833.3333333333,806.2616666667,0.0000000000,0.0000000000,True
2025-10-14,0.0000000000,0.0000000000,1388.8846200360,10800.0000000000,833.3333333333,814.6924166667,0.0000000000,0.0000000000,True
2025-10-15,0.0000000000,0.0000000000,1243.8696966886,10800.0000000000,833.3333333333,799.1702600154,0.0000000000,0.0000000000,True
2025-10-16,0.0000000000,0.0000000000,1200.0000000000,10800.0000000000,833.3333333333,814.4841664050,0.0000000000,0.0000000000,True
2025-10-17,0.0000000000,0.0000000000,1660.3095469882,10800.0000000000,833.3333333333,489.1051833333,0.0000000000,0.0000000000,True
2025-10-18,0.0000000000,0.0000000000,2110.0857194426,10800.0000000000,833.3333333333,466.4000333333,0.0000000000,0.0000000000,True
2025-10-19,0.0000000000,0.0000000000,1200.0000000000,10800.0000000000,833.3333333333,825.5608333333,0.0000000000,0.0000000000,True
2025-10-20,0.0000000000,0.0000000000,1200.0000000000,10800.0000000000,833.3333333333,819.6775666667,0.0000000000,0.0000000000,True
2025-10-21,0.0000000000,0.0000000000,1743.6495002281,10800.0000000000,833.3333333333,831.9733333333,0.0000000000,0.0000000000,True
2025-10-22,0.0000000000,0.0000000000,1200.0000000000,10800.0000000000,833.3333333333,825.7539500000,0.0000000000,0.0000000000,True
2025-10-23,0.0000000000,0.0000000000,1594.9580972815,10800.0000000000,833.3333333333,811.1005166667,0.0000000000,0.0000000000,True
2025-10-24,0.0000000000,0.0000000000,1618.0645192915,10800.0000000000,833.3333333333,509.0331333333,0.0000000000,0.0000000000,True
2025-10-25,0.0000000000,0.0000000000,1665.9694421467,10800.0000000000,833.3333333333,485.5650000000,0.0000000000,0.0000000000,True
2025-10-26,0.0000000000,0.0000000000,1812.2287544944,10800.0000000000,833.3333333333,830.1616666667,0.0000000000,0.0000000000,True
2025-10-27,0.0000000000,0.0000000000,1200.0000000000,10800.0000000000,833.3333333333,833.3333333333,0.0000000000,0.0000000000,True
2025-10-28,0.0000000000,0.0000000000,1578.7230044169,10800.0000000000,833.3333333333,800.1979044689,0.0000000000,0.0000000000,True
2025-10-29,0.0000000000,0.0000000000,1200.0000000000,10800.0000000000,833.3333333333,816.2304500000,0.0000000000,0.0000000000,True
2025-10-30,0.0000000000,0.0000000000,1631.4503131707,10800.0000000000,833.3333333333,833.3333333333,0.0000000000,0.0000000000,True
2025-10-31,0.0000000000,0.0000000000,1729.8963354809,10800.0000000000,833.3333333333,487.6216666667,0.0000000000,0.0000000000,True
2025-11-01,0.0000000000,0.0000000000,1975.9077592593,10800.0000000000,833.3333333333,477.1737833333,0.0000000000,0.0000000000,True
2025-11-02,0.0000000000,0.0000000000,1200.0000000000,10800.0000000000,833.3333333333,813.5112661812,0.0000000000,0.0000000000,True
2025-11-03,0.0000000000,0.0000000000,1576.6750846322,10800.0000000000,833.3333333333,808.0150000000,0.0000000000,0.0000000000,True
2025-11-04,0.0000000000,0.0000000000,1276.3943534615,10800.0000000000,833.3333333333,833.3333333333,0.0000000000,0.0000000000,True
2025-11-05,0.0000000000,0.0000000000,1726.4898904321,10800.0000000000,833.3333333333,813.7311236182,0.0000000000,0.0000000000,True
2025-11-06,0.0000000000,0.0000000000,1362.0714368027,10800.0000000000,833.3333333333,814.6407652473,0.0000000000,0.0000000000,True
2025-11-07,0.0000000000,0.0000000000,1687.6221059673,10800.0000000000,833.3333333333,491.6083333333,0.0000000000,0.0000000000,True
2025-11-08,0.0000000000,0.0000000000,1709.7563403619,10800.0000000000,833.3333333333,481.4116666667,0.0000000000,0.0000000000,True
2025-11-09,0.0000000000,0.0000000000,1543.8485613279,10800.0000000000,833.3333333333,808.1183333333,0.0000000000,0.0000000000,True
2025-11-10,0.0000000000,0.0000000000,1200.0000000000,10800.0000000000,833.3333333333,826.6853333333,0.0000000000,0.0000000000,True
2025-11-11,0.0000000000,0.0000000000,1665.9777634532,10800.0000000000,833.3333333333,790.9244396860,0.0000000000,0.0000000000,True
2025-11-12,0.0000000000,0.0000000000,1332.6990336988,10800.0000000000,833.3333333333,817.6585166667,0.0000000000,0.0000000000,True
2025-11-13,0.0000000000,0.0000000000,1274.1153344196,10800.0000000000,833.3333333333,833.3333333333,0.0000000000,0.0000000000,True
2025-11-14,0.0000000000,0.0000000000,1758.6514451663,10800.0000000000,833.3333333333,474.0410500000,0.0000000000,0.0000000000,True
2025-11-15,0.0000000000,0.0000000000,1539.4460926692,10800.0000000000,833.3333333333,486.8850000000,0.0000000000,0.0000000000,True
2025-11-16,0.0000000000,0.0000000000,1504.4700548726,10800.0000000000,833.3333333333,832.3133333333,0.0000000000,0.0000000000,True
2025-11-17,0.0000000000,0.0000000000,1439.6105478067,10800.0000000000,833.3333333333,788.5726500000,0.0000000000,0.0000000000,True
2025-11-18,0.0000000000,0.0000000000,1526.7448313738,10800.0000000000,833.3333333333,817.0241315797,0.0000000000,0.0000000000,True
2025-11-19,0.0000000000,0.0000000000,1401.5514392112,10800.0000000000,833.3333333333,833.3333333333,0.0000000000,0.0000000000,True
2025-11-20,0.0000000000,0.0000000000,1568.0727645973,10800.0000000000,833.3333333333,803.3735434343,0.0000000000,0.0000000000,True
2025-11-21,0.0000000000,0.0000000000,1967.3358333333,10800.0000000000,833.3333333333,489.4308333333,0.0000000000,0.0000000000,True
2025-11-22,0.0000000000,0.0000000000,1600.1784700380,10800.0000000000,833.3333333333,537.3437500000,0.0000000000,0.0000000000,True
2025-11-23,0.0000000000,0.0000000000,1445.6518679135,10800.0000000000,833.3333333333,805.6600000000,0.0000000000,0.0000000000,True
2025-11-24,0.0000000000,0.0000000000,1200.0000000000,10800.0000000000,833.3333333333,833.3333333333,0.0000000000,0.0000000000,True
2025-11-25,0.0000000000,0.0000000000,1489.9822053703,10800.0000000000,833.3333333333,802.4653738193,0.0000000000,0.0000000000,True
2025-11-26,0.0000000000,0.0000000000,1540.0563082361,10800.0000000000,833.3333333333,833.3333333333,0.0000000000,0.0000000000,True
2025-11-27,0.0000000000,0.0000000000,1433.1939221539,10800.0000000000,833.3333333333,802.0593942637,0.0000000000,0.0000000000,True
2025-11-28,0.0000000000,0.0000000000,1415.5597521457,10800.0000000000,833.3333333333,511.0125000000,0.0000000000,0.0000000000,True
2025-11-29,0.0000000000,0.0000000000,1732.6916699167,10800.0000000000,833.3333333333,499.8883333333,0.0000000000,0.0000000000,True
2025-11-30,0.0000000000,0.0000000000,1272.9375766525,10800.0000000000,833.3333333333,833.3333333333,0.0000000000,0.0000000000,True
2025-12-01,0.0000000000,0.0000000000,1200.0000000000,10200.0000000000,833.3333333333,833.3333333333,0.0000000000,0.0000000000,True
2025-12-02,0.0000000000,0.0000000000,1200.0000000000,10800.0000000000,833.3333333333,833.3333333333,0.0000000000,0.0000000000,True
2025-12-03,0.0000000000,0.0000000000,1643.0385969228,10800.0000000000,833.3333333333,810.4818194805,0.0000000000,0.0000000000,True
2025-12-04,0.0000000000,0.0000000000,1200.0000000000,10800.0000000000,833.3333333333,833.3333333333,0.0000000000,0.0000000000,True
2025-12-05,0.0000000000,0.0000000000,1766.1503875053,10800.0000000000,833.3333333333,665.5750000000,0.0000000000,0.0000000000,True
2025-12-06,0.0000000000,0.0000000000,1512.7414999966,10800.0000000000,833.3333333333,655.6695833333,0.0000000000,0.0000000000,True
2025-12-07,0.0000000000,0.0000000000,1359.7499877278,10800.0000000000,833.3333333333,833.3333333333,0.0000000000,0.0000000000,True
2025-12-08,0.0000000000,0.0000000000,1412.3515515199,10800.0000000000,833.3333333333,768.9918333333,0.0000000000,0.0000000000,True
2025-12-09,0.0000000000,0.0000000000,1442.3232348020,10800.0000000000,833.3333333333,824.6018767785,0.0000000000,0.0000000000,True
2025-12-10,0.0000000000,0.0000000000,1518.8985064588,10800.0000000000,833.3333333333,748.9394666667,0.0000000000,0.0000000000,True
2025-12-11,0.0000000000,0.0000000000,1542.6811836539,10800.0000000000,833.3333333333,777.5800844683,0.0000000000,0.0000000000,True
2025-12-12,0.0000000000,0.0000000000,1615.5864739922,10800.0000000000,833.3333333333,625.3124500000,0.0000000000,0.0000000000,True
2025-12-13,0.0000000000,0.0000000000,1657.8195000000,10800.0000000000,833.3333333333,633.9050000000,0.0000000000,0.0000000000,True
2025-12-14,0.0000000000,0.0000000000,1307.8715545124,10800.0000000000,833.3333333333,766.4541500000,0.0000000000,0.0000000000,True
2025-12-15,0.0000000000,0.0000000000,1200.0000000000,10800.0000000000,833.3333333333,833.3333333333,0.0000000000,0.0000000000,True
2025-12-16,0.0000000000,0.0000000000,1625.0431208125,10800.0000000000,833.3333333333,770.0212902442,0.0000000000,0.0000000000,True
2025-12-17,0.0000000000,0.0000000000,1417.5135439770,10800.0000000000,833.3333333333,787.1043294578,0.0000000000,0.0000000000,True
2025-12-18,0.0000000000,0.0000000000,1481.3823991293,10800.0000000000,833.3333333333,789.8746044660,0.0000000000,0.0000000000,True
2025-12-19,0.0000000000,0.0000000000,1535.5520154724,10800.0000000000,833.3333333333,626.0969500000,0.0000000000,0.0000000000,True
2025-12-20,0.0000000000,0.0000000000,1652.0277843103,10800.0000000000,833.3333333333,619.5816666667,0.0000000000,0.0000000000,True
2025-12-21,0.0000000000,0.0000000000,1340.0065674986,10800.0000000000,833.3333333333,822.2800875222,0.0000000000,0.0000000000,True
2025-12-22,0.0000000000,0.0000000000,1200.0000000000,10800.0000000000,833.3333333333,833.3333333333,0.0000000000,0.0000000000,True
2025-12-23,0.0000000000,0.0000000000,1553.7192215933,10800.0000000000,833.3333333333,764.0764833333,0.0000000000,0.0000000000,True
2025-12-24,0.0000000000,0.0000000000,1200.0000000000,10800.0000000000,833.3333333333,833.3333333333,0.0000000000,0.0000000000,True
2025-12-25,0.0000000000,0.0000000000,1347.8079017007,10800.0000000000,833.3333333333,793.5394075666,0.0000000000,0.0000000000,True
2025-12-26,0.0000000000,0.0000000000,1913.7676952851,10800.0000000000,833.3333333333,651.6783333333,0.0000000000,0.0000000000,True
2025-12-27,0.0000000000,0.0000000000,1502.4640809230,10800.0000000000,833.3333333333,648.7416666667,0.0000000000,0.0000000000,True
2025-12-28,0.0000000000,0.0000000000,1541.3495774663,10800.0000000000,833.3333333333,833.3333333333,0.0000000000,0.0000000000,True
2025-12-29,0.0000000000,0.0000000000,1312.4557033958,10800.0000000000,833.3333333333,805.1631786543,0.0000000000,0.0000000000,True
2025-12-30,0.0000000000,0.0000000000,1496.1111931518,10800.0000000000,833.3333333333,833.3333333333,0.0000000000,0.0000000000,True
2025-12-31,0.0000000000,0.0000000000,1313.1413138636,10800.0000000000,833.3333333333,813.6006697434,0.0000000000,0.0000000000,True
2025-02-01,0.0000000000,0.0000000000,2140.0449899982,10800.0000000000,833.3333333333,552.0416666667,0.0000000000,0.0000000000,True
2025-02-02,0.0000000000,0.0000000000,1638.7744817611,10800.0000000000,833.3333333333,794.8620604734,0.0000000000,0.0000000000,True
2025-02-03,0.0000000000,0.0000000000,1277.6211381259,10800.0000000000,833.3333333333,797.6173588547,0.0000000000,0.0000000000,True
2025-02-04,0.0000000000,0.0000000000,1648.4272606991,10800.0000000000,833.3333333333,815.6467135799,0.0000000000,0.0000000000,True
2025-02-05,0.0000000000,0.0000000000,1349.5282990406,10800.0000000000,833.3333333333,833.3333333333,0.0000000000,0.0000000000,True
2025-02-06,0.0000000000,0.0000000000,1522.8754214694,10800.0000000000,833.3333333333,833.3333333333,0.0000000000,0.0000000000,True
2025-02-07,0.0000000000,0.0000000000,1417.0514793558,10800.0000000000,833.3333333333,536.0374500000,0.0000000000,0.0000000000,True
2025-02-08,0.0000000000,0.0000000000,1330.1947704749,10800.0000000000,833.3333333333,519.1618833333,0.0000000000,0.0000000000,True
2025-02-09,0.0000000000,0.0000000000,1200.0000000000,10800.0000000000,833.3333333333,833.3333333333,0.0000000000,0.0000000000,True
2025-02-10,0.0000000000,0.0000000000,1200.0000000000,10800.0000000000,833.3333333333,833.3333333333,0.0000000000,0.0000000000,True
2025-02-11,0.0000000000,0.0000000000,1200.0000000000,10800.0000000000,833.3333333333,833.3333333333,0.0000000000,0.0000000000,True
2025-02-12,0.0000000000,0.0000000000,1374.3458077054,10800.0000000000,833.3333333333,833.3333333333,0.0000000000,0.0000000000,True
2025-02-13,0.0000000000,0.0000000000,1357.6111047134,10800.0000000000,833.3333333333,824.8433707834,0.0000000000,0.0000000000,True
2025-02-14,0.0000000000,0.0000000000,1629.3280224305,10800.0000000000,833.3333333333,559.7672500000,0.0000000000,0.0000000000,True
2025-02-15,0.0000000000,0.0000000000,1586.3987793196,10800.0000000000,833.3333333333,547.3166666667,0.0000000000,0.0000000000,True
2025-02-16,0.0000000000,0.0000000000,1312.2124664106,10800.0000000000,833.3333333333,833.3333333333,0.0000000000,0.0000000000,True
2025-02-17,0.0000000000,0.0000000000,1200.0000000000,10800.0000000000,833.3333333333,833.3333333333,0.0000000000,0.0000000000,True
2025-02-18,0.0000000000,0.0000000000,1499.0246856837,10800.0000000000,833.3333333333,833.3333333333,0.0000000000,0.0000000000,True
2025-02-19,0.0000000000,0.0000000000,1362.1361244175,10800.0000000000,833.3333333333,833.3333333333,0.0000000000,0.0000000000,True
2025-02-20,0.0000000000,0.0000000000,1603.5231940709,10800.0000000000,833.3333333333,833.3333333333,0.0000000000,0.0000000000,True
2025-02-21,0.0000000000,0.0000000000,1876.3120519961,10800.0000000000,833.3333333333,535.0380000000,0.0000000000,0.0000000000,True
2025-02-22,0.0000000000,0.0000000000,1671.6099937975,10800.0000000000,833.3333333333,530.3050000000,0.0000000000,0.0000000000,True
2025-02-23,0.0000000000,0.0000000000,1368.9003195019,10800.0000000000,833.3333333333,833.3333333333,0.0000000000,0.0000000000,True
2025-02-24,0.0000000000,0.0000000000,1200.0000000000,10800.0000000000,833.3333333333,833.3333333333,0.0000000000,0.0000000000,True
2025-02-25,0.0000000000,0.0000000000,1476.7177028058,10800.0000000000,833.3333333333,833.3333333333,0.0000000000,0.0000000000,True
2025-02-26,0.0000000000,0.0000000000,1558.5464412598,10800.0000000000,833.3333333333,825.4791136661,0.0000000000,0.0000000000,True
2025-02-27,0.0000000000,0.0000000000,1240.5272761969,10800.0000000000,833.3333333333,821.8737679314,0.0000000000,0.0000000000,True
2025-02-28,0.0000000000,0.0000000000,1726.9668903335,10800.0000000000,833.3333333333,520.9738000000,0.0000000000,0.0000000000,True
2025-03-01,0.0000000000,0.0000000000,1713.0922436644,10800.0000000000,833.3333333333,478.9468333333,0.0000000000,0.0000000000,True
2025-03-02,0.0000000000,0.0000000000,1200.0000000000,10800.0000000000,833.3333333333,784.3625590991,0.0000000000,0.0000000000,True
2025-03-03,0.0000000000,0.0000000000,1200.0000000000,10800.0000000000,833.3333333333,817.7283333333,0.0000000000,0.0000000000,True
2025-03-04,0.0000000000,0.0000000000,1441.7444871022,10800.0000000000,833.3333333333,796.3509654276,0.0000000000,0.0000000000,True
2025-03-05,0.0000000000,0.0000000000,1312.1612433826,10800.0000000000,833.3333333333,833.3333333333,0.0000000000,0.0000000000,True
2025-03-06,0.0000000000,0.0000000000,1502.0079886057,10800.0000000000,833.3333333333,779.3537164978,0.0000000000,0.0000000000,True
2025-03-07,0.0000000000,0.0000000000,1839.5882312272,10800.0000000000,833.3333333333,463.2970666667,0.0000000000,0.0000000000,True
2025-03-08,0.0000000000,0.0000000000,1375.6672882991,10800.0000000000,833.3333333333,470.8035500000,0.0000000000,0.0000000000,True
2025-03-09,0.0000000000,0.0000000000,1261.4966464594,10800.0000000000,833.3333333333,780.8316666667,0.0000000000,0.0000000000,True
2025-03-10,0.0000000000,0.0000000000,1200.0000000000,10769.6261003171,833.3333333333,822.2328833333,0.0000000000,0.0000000000,True
2025-03-11,0.0000000000,0.0000000000,1562.1745625542,10800.0000000000,833.3333333333,788.2315166667,0.0000000000,0.0000000000,True
2025-03-12,0.0000000000,0.0000000000,1373.2286080605,10800.0000000000,833.3333333333,795.6400000000,0.0000000000,0.0000000000,True
2025-03-13,0.0000000000,0.0000000000,1200.0000000000,10800.0000000000,833.3333333333,829.3766666667,0.0000000000,0.0000000000,True
2025-03-14,0.0000000000,0.0000000000,1692.8628481373,10800.0000000000,833.3333333333,496.7150000000,0.0000000000,0.0000000000,True
2025-03-15,0.0000000000,0.0000000000,1529.6397940742,10800.0000000000,833.3333333333,508.6490333333,0.0000000000,0.0000000000,True
2025-03-16,0.0000000000,0.0000000000,1658.1645313354,10800.0000000000,833.3333333333,833.3333333333,0.0000000000,0.0000000000,True
2025-03-17,0.0000000000,0.0000000000,1262.0178055495,10800.0000000000,833.3333333333,792.1298500000,0.0000000000,0.0000000000,True
2025-03-18,0.0000000000,0.0000000000,1265.0321169352,10800.0000000000,833.3333333333,801.5304166667,0.0000000000,0.0000000000,True
2025-03-19,0.0000000000,0.0000000000,1590.2319083223,10800.0000000000,833.3333333333,823.4450000000,0.0000000000,0.0000000000,True
2025-03-20,0.0000000000,0.0000000000,1387.1570019323,10800.0000000000,833.3333333333,827.0150000000,0.0000000000,0.0000000000,True
2025-03-21,0.0000000000,0.0000000000,1497.3631442291,10800.0000000000,833.3333333333,494.8250000000,0.0000000000,0.0000000000,True
2025-03-22,0.0000000000,0.0000000000,1849.0149629630,10800.0000000000,833.3333333333,471.8125166667,0.0000000000,0.0000000000,True
2025-03-23,0.0000000000,0.0000000000,1200.0000000000,10800.0000000000,833.3333333333,817.6898666667,0.0000000000,0.0000000000,True
2025-03-24,0.0000000000,0.0000000000,1209.4120015115,10800.0000000000,833.3333333333,805.6850000000,0.0000000000,0.0000000000,True
2025-03-25,0.0000000000,0.0000000000,1200.0000000000,10800.0000000000,833.3333333333,800.1925000000,0.0000000000,0.0000000000,True
2025-03-26,0.0000000000,0.0000000000,1305.4282047203,10800.0000000000,833.3333333333,787.9337500000,0.0000000000,0.0000000000,True
2025-03-27,0.0000000000,0.0000000000,1498.0232831337,10800.0000000000,833.3333333333,766.7254166667,0.0000000000,0.0000000000,True
2025-03-28,0.0000000000,0.0000000000,1797.5835255092,10800.0000000000,833.3333333333,483.8733333333,0.0000000000,0.0000000000,True
2025-03-29,0.0000000000,0.0000000000,1558.1693607528,10800.0000000000,833.3333333333,482.2450000000,0.0000000000,0.0000000000,True
2025-03-30,0.0000000000,0.0000000000,1488.2651301526,10800.0000000000,833.3333333333,761.5791333333,0.0000000000,0.0000000000,True
2025-03-31,0.0000000000,0.0000000000,1200.0000000000,10800.0000000000,833.3333333333,796.0470833333,0.0000000000,0.0000000000,True
2025-04-01,0.0000000000,0.0000000000,1200.0000000000,10800.0000000000,833.3333333333,772.0364500000,0.0000000000,0.0000000000,True
2025-04-02,0.0000000000,0.0000000000,1200.0000000000,10800.0000000000,833.3333333333,788.4129166667,0.0000000000,0.0000000000,True
2025-04-03,0.0000000000,0.0000000000,1414.9004232767,10800.0000000000,833.3333333333,779.5462500000,0.0000000000,0.0000000000,True
2025-04-04,0.0000000000,0.0000000000,1756.7577579340,10800.0000000000,833.3333333333,503.5033333333,0.0000000000,0.0000000000,True
2025-04-05,0.0000000000,0.0000000000,1581.1982864209,10800.0000000000,833.3333333333,487.7073833333,0.0000000000,0.0000000000,True
2025-04-06,0.0000000000,0.0000000000,1241.5845661775,10800.0000000000,833.3333333333,772.5316666667,0.0000000000,0.0000000000,True
2025-04-07,0.0000000000,0.0000000000,1350.9797391708,10800.0000000000,833.3333333333,735.0190166667,0.0000000000,0.0000000000,True
2025-04-08,0.0000000000,0.0000000000,1214.7602495913,10800.0000000000,833.3333333333,746.5050000000,0.0000000000,0.0000000000,True
2025-04-09,0.0000000000,0.0000000000,1200.0000000000,10800.0000000000,833.3333333333,749.6552500000,0.0000000000,0.0000000000,True
2025-04-10,0.0000000000,0.0000000000,1373.3817943595,10800.0000000000,833.3333333333,766.9669166667,0.0000000000,0.0000000000,True
2025-04-11,0.0000000000,0.0000000000,1711.2966735351,10800.0000000000,833.3333333333,493.1533333333,0.0000000000,0.0000000000,True
2025-04-12,0.0000000000,0.0000000000,1748.2025922801,10800.0000000000,833.3333333333,476.1539333333,0.0000000000,0.0000000000,True
2025-04-13,0.0000000000,0.0000000000,1301.0541120534,10800.0000000000,833.3333333333,748.9800000000,0.0000000000,0.0000000000,True
2025-04-14,0.0000000000,0.0000000000,1200.0000000000,10800.0000000000,833.3333333333,759.3166666667,0.0000000000,0.0000000000,True
2025-04-15,0.0000000000,0.0000000000,1441.3586688139,10800.0000000000,833.3333333333,751.0735833333,0.0000000000,0.0000000000,True
2025-04-16,0.0000000000,0.0000000000,1500.1055103796,10800.0000000000,833.3333333333,730.5316666667,0.0000000000,0.0000000000,True
2025-04-17,0.0000000000,0.0000000000,1371.8222580236,10800.0000000000,833.3333333333,750.8766666667,0.0000000000,0.0000000000,True
2025-04-18,0.0000000000,0.0000000000,1765.7569736665,10800.0000000000,833.3333333333,475.2600000000,0.0000000000,0.0000000000,True
2025-04-19,0.0000000000,0.0000000000,1754.1965694804,10800.0000000000,833.3333333333,475.2686500000,0.0000000000,0.0000000000,True
2025-04-20,0.0000000000,0.0000000000,1594.9517153002,10800.0000000000,833.3333333333,721.5449000000,0.0000000000,0.0000000000,True
2025-04-21,0.0000000000,0.0000000000,1200.0000000000,10800.0000000000,833.3333333333,741.0165500000,0.0000000000,0.0000000000,True
2025-04-22,0.0000000000,0.0000000000,1595.1927197402,10800.0000000000,833.3333333333,736.1570333333,0.0000000000,0.0000000000,True
2025-04-23,0.0000000000,0.0000000000,1542.3591984463,10800.0000000000,833.3333333333,748.3694500000,0.0000000000,0.0000000000,True
2025-04-24,0.0000000000,0.0000000000,1473.4377629372,10800.0000000000,833.3333333333,745.5016666667,0.0000000000,0.0000000000,True
2025-04-25,0.0000000000,0.0000000000,1663.1767777778,10800.0000000000,833.3333333333,490.2083333333,0.0000000000,0.0000000000,True
2025-04-26,0.0000000000,0.0000000000,1533.2759399600,10800.0000000000,833.3333333333,484.1332333333,0.0000000000,0.0000000000,True
2025-04-27,0.0000000000,0.0000000000,1200.0000000000,10800.0000000000,833.3333333333,733.8631166667,0.0000000000,0.0000000000,True
2025-04-28,0.0000000000,0.0000000000,1200.0000000000,10800.0000000000,833.3333333333,697.8383333333,0.0000000000,0.0000000000,True
2025-04-29,0.0000000000,0.0000000000,1200.0000000000,10800.0000000000,833.3333333333,748.9916666667,0.0000000000,0.0000000000,True
2025-04-30,0.0000000000,0.0000000000,1283.3687693016,10800.0000000000,833.3333333333,746.8378333333,0.0000000000,0.0000000000,True
2025-05-01,0.0000000000,0.0000000000,1200.0000000000,10800.0000000000,833.3333333333,819.6148166667,0.0000000000,0.0000000000,True
2025-05-02,0.0000000000,0.0000000000,1200.0000000000,10800.0000000000,833.3333333333,546.4155500000,0.0000000000,0.0000000000,True
2025-05-03,0.0000000000,0.0000000000,1200.0000000000,10800.0000000000,833.3333333333,572.5083333333,0.0000000000,0.0000000000,True
2025-05-04,0.0000000000,0.0000000000,1200.0000000000,10800.0000000000,833.3333333333,803.8746000000,0.0000000000,0.0000000000,True
2025-05-05,0.0000000000,0.0000000000,1200.0000000000,10800.0000000000,833.3333333333,809.2416833333,0.0000000000,0.0000000000,True
2025-05-06,0.0000000000,0.0000000000,1200.0000000000,10800.0000000000,833.3333333333,814.2691666667,0.0000000000,0.0000000000,True
2025-05-07,0.0000000000,0.0000000000,1200.0000000000,10800.0000000000,833.3333333333,833.0116666667,0.0000000000,0.0000000000,True
2025-05-08,0.0000000000,0.0000000000,1680.7076936958,10800.0000000000,833.3333333333,833.3333333333,0.0000000000,0.0000000000,True
2025-05-09,0.0000000000,0.0000000000,2237.8768677075,10800.0000000000,833.3333333333,560.7918000000,0.0000000000,0.0000000000,True
2025-05-10,0.0000000000,0.0000000000,2294.3435907884,10800.0000000000,833.3333333333,554.0049500000,0.0000000000,0.0000000000,True
2025-05-11,0.0000000000,0.0000000000,1571.2166764744,10800.0000000000,833.3333333333,833.3333333333,0.0000000000,0.0000000000,True
2025-05-12,0.0000000000,0.0000000000,1686.7513762936,10800.0000000000,833.3333333333,819.3645333333,0.0000000000,0.0000000000,True
2025-05-13,0.0000000000,0.0000000000,1656.7914480722,10800.0000000000,833.3333333333,825.4812333333,0.0000000000,0.0000000000,True
2025-05-14,0.0000000000,0.0000000000,1925.7449892515,10800.0000000000,833.3333333333,816.3005938343,0.0000000000,0.0000000000,True
2025-05-15,0.0000000000,0.0000000000,2340.9390594958,10800.0000000000,833.3333333333,801.5756502209,0.0000000000,0.0000000000,True
2025-05-16,0.0000000000,0.0000000000,2359.0835473338,10800.0000000000,833.3333333333,566.1133333333,0.0000000000,0.0000000000,True
2025-05-17,0.0000000000,0.0000000000,1875.8195727918,10800.0000000000,833.3333333333,593.3274333333,0.0000000000,0.0000000000,True
2025-05-18,0.0000000000,0.0000000000,1984.5143992782,10800.0000000000,833.3333333333,833.0757601583,0.0000000000,0.0000000000,True
2025-05-19,0.0000000000,0.0000000000,1411.4528656531,10800.0000000000,833.3333333333,833.3333333333,0.0000000000,0.0000000000,True
2025-05-20,0.0000000000,0.0000000000,1559.3151599042,10800.0000000000,833.3333333333,831.5733333333,0.0000000000,0.0000000000,True
2025-05-21,0.0000000000,0.0000000000,1736.0660090768,10800.0000000000,833.3333333333,811.0043333333,0.0000000000,0.0000000000,True
2025-05-22,0.0000000000,0.0000000000,1670.2501668489,10800.0000000000,833.3333333333,832.2686942667,0.0000000000,0.0000000000,True
2025-05-23,0.0000000000,0.0000000000,1975.3974454371,10800.0000000000,833.3333333333,551.3140666667,0.0000000000,0.0000000000,True
2025-05-24,0.0000000000,0.0000000000,2138.4912722919,10800.0000000000,833.3333333333,551.4284333333,0.0000000000,0.0000000000,True
2025-05-25,0.0000000000,0.0000000000,1545.4750466584,10800.0000000000,833.3333333333,810.7893500000,0.0000000000,0.0000000000,True
2025-05-26,0.0000000000,0.0000000000,1200.0000000000,10800.0000000000,833.3333333333,824.9333333333,0.0000000000,0.0000000000,True
2025-05-27,0.0000000000,0.0000000000,1535.4209162010,10800.0000000000,833.3333333333,819.2750000000,0.0000000000,0.0000000000,True
2025-05-28,0.0000000000,0.0000000000,1543.7667533980,10800.0000000000,833.3333333333,825.7825333333,0.0000000000,0.0000000000,True
2025-05-29,0.0000000000,0.0000000000,1439.5687374009,10800.0000000000,833.3333333333,833.3333333333,0.0000000000,0.0000000000,True
2025-05-30,0.0000000000,0.0000000000,1929.1917475142,10800.0000000000,833.3333333333,532.5197666667,0.0000000000,0.0000000000,True
2025-05-31,0.0000000000,0.0000000000,1769.7822943911,10800.0000000000,833.3333333333,551.2803500000,0.0000000000,0.0000000000,True
2025-06-01,0.0000000000,0.0000000000,1200.0000000000,9683.8745659465,833.3333333333,620.8420833333,0.0000000000,0.0000000000,True
2025-06-02,0.0000000000,0.0000000000,1200.0000000000,10310.4219769419,833.3333333333,683.4500000000,0.0000000000,0.0000000000,True
2025-06-03,0.0000000000,0.0000000000,1200.0000000000,10800.0000000000,833.3333333333,833.3333333333,0.0000000000,0.0000000000,True
2025-06-04,0.0000000000,0.0000000000,1200.0000000000,10800.0000000000,833.3333333333,833.3333333333,0.0000000000,0.0000000000,True
2025-06-05,0.0000000000,0.0000000000,1200.0000000000,10800.0000000000,833.3333333333,833.3333333333,0.0000000000,0.0000000000,True
2025-06-06,0.0000000000,0.0000000000,1200.0000000000,10800.0000000000,833.3333333333,633.1102333333,0.0000000000,0.0000000000,True
2025-06-07,0.0000000000,0.0000000000,1364.9656692158,10800.0000000000,833.3333333333,659.9410833333,0.0000000000,0.0000000000,True
2025-06-08,0.0000000000,0.0000000000,2184.9358660273,10800.0000000000,833.3333333333,792.1710582014,0.0000000000,0.0000000000,True
2025-06-09,0.0000000000,0.0000000000,1517.9822339721,10800.0000000000,833.3333333333,833.3333333333,0.0000000000,0.0000000000,True
2025-06-10,0.0000000000,0.0000000000,2101.8124485300,10800.0000000000,833.3333333333,785.0721146630,0.0000000000,0.0000000000,True
2025-06-11,0.0000000000,0.0000000000,1500.0000000000,10800.0000000000,833.3333333333,801.3723026834,0.0000000000,0.0000000000,True
2025-06-12,0.0000000000,0.0000000000,2088.3712646519,10800.0000000000,833.3333333333,797.4501163244,0.0000000000,0.0000000000,True
2025-06-13,0.0000000000,0.0000000000,2280.9835481063,10800.0000000000,833.3333333333,637.9376166667,0.0000000000,0.0000000000,True
2025-06-14,0.0000000000,0.0000000000,2303.6743923996,10800.0000000000,833.3333333333,655.4149666667,0.0000000000,0.0000000000,True
2025-06-15,0.0000000000,0.0000000000,2385.9763482148,10800.0000000000,833.3333333333,794.5774132834,0.0000000000,0.0000000000,True
2025-06-16,0.0000000000,0.0000000000,1759.5874372305,10800.0000000000,833.3333333333,833.3333333333,0.0000000000,0.0000000000,True
2025-06-17,0.0000000000,0.0000000000,1885.7585191786,10800.0000000000,833.3333333333,819.4836712041,0.0000000000,0.0000000000,True
2025-06-18,0.0000000000,0.0000000000,1977.0786499778,10800.0000000000,833.3333333333,809.7840861939,0.0000000000,0.0000000000,True
2025-06-19,0.0000000000,0.0000000000,1773.4720675446,10800.0000000000,833.3333333333,833.3333333333,0.0000000000,0.0000000000,True
2025-06-20,0.0000000000,0.0000000000,2438.6322473236,10800.0000000000,833.3333333333,636.1150000000,0.0000000000,0.0000000000,True
2025-06-21,0.0000000000,0.0000000000,2179.3378487077,10800.0000000000,833.3333333333,667.4907000000,0.0000000000,0.0000000000,True
2025-06-22,0.0000000000,0.0000000000,1548.7810225077,10800.0000000000,833.3333333333,833.3333333333,0.0000000000,0.0000000000,True
2025-06-23,0.0000000000,0.0000000000,1739.2670462257,10800.0000000000,833.3333333333,828.2133499847,0.0000000000,0.0000000000,True
2025-06-24,0.0000000000,0.0000000000,1311.8943325250,10800.0000000000,833.3333333333,812.3930585266,0.0000000000,0.0000000000,True
2025-06-25,0.0000000000,0.0000000000,1674.9262475038,10800.0000000000,833.3333333333,825.4327041978,0.0000000000,0.0000000000,True
2025-06-26,0.0000000000,0.0000000000,1597.6536811988,10800.0000000000,833.3333333333,833.3333333333,0.0000000000,0.0000000000,True
2025-06-27,0.0000000000,0.0000000000,1780.4398342051,10800.0000000000,833.3333333333,641.4883333333,0.0000000000,0.0000000000,True
2025-06-28,0.0000000000,0.0000000000,1987.9736566797,10800.0000000000,833.3333333333,628.0102833333,0.0000000000,0.0000000000,True
2025-06-29,0.0000000000,0.0000000000,1563.6636695758,10800.0000000000,833.3333333333,815.3750119015,0.0000000000,0.0000000000,True
2025-06-30,0.0000000000,0.0000000000,1548.4691410872,10800.0000000000,833.3333333333,833.3333333333,0.0000000000,0.0000000000,True
2025-07-01,0.0000000000,0.0000000000,1200.0000000000,10800.0000000000,833.3333333333,833.3333333333,0.0000000000,0.0000000000,True
2025-07-02,0.0000000000,0.0000000000,1200.0000000000,10800.0000000000,833.3333333333,833.3333333333,0.0000000000,0.0000000000,True
2025-07-03,0.0000000000,0.0000000000,1200.0000000000,10366.3234728012,833.3333333333,833.3333333333,0.0000000000,0.0000000000,True
2025-07-04,0.0000000000,0.0000000000,1200.0000000000,10800.0000000000,833.3333333333,779.2083333333,0.0000000000,0.0000000000,True
2025-07-05,0.0000000000,0.0000000000,1200.0000000000,10800.0000000000,833.3333333333,728.0928333333,0.0000000000,0.0000000000,True
2025-07-06,0.0000000000,0.0000000000,1200.0000000000,10800.0000000000,833.3333333333,833.3333333333,0.0000000000,0.0000000000,True
2025-07-07,0.0000000000,0.0000000000,1427.0711518061,10800.0000000000,833.3333333333,833.3333333333,0.0000000000,0.0000000000,True
2025-07-08,0.0000000000,0.0000000000,2562.7614250455,10800.0000000000,833.3333333333,767.2593609462,0.0000000000,0.0000000000,True
2025-07-09,0.0000000000,0.0000000000,2124.7906270704,10800.0000000000,833.3333333333,833.3333333333,0.0000000000,0.0000000000,True
2025-07-10,0.0000000000,0.0000000000,1820.4838183426,10800.0000000000,833.3333333333,825.2355851946,0.0000000000,0.0000000000,True
2025-07-11,0.0000000000,0.0000000000,2227.3787520393,10800.0000000000,833.3333333333,740.9250666667,0.0000000000,0.0000000000,True
2025-07-12,0.0000000000,0.0000000000,1962.4300637860,10800.0000000000,833.3333333333,726.9878333333,0.0000000000,0.0000000000,True
2025-07-13,0.0000000000,0.0000000000,1857.0336877314,10800.0000000000,833.3333333333,833.3333333333,0.0000000000,0.0000000000,True
2025-07-14,0.0000000000,0.0000000000,1578.8643576061,10800.0000000000,833.3333333333,833.3333333333,0.0000000000,0.0000000000,True
2025-07-15,0.0000000000,0.0000000000,2543.4857271394,10800.0000000000,833.3333333333,761.7644803335,0.0000000000,0.0000000000,True
2025-07-16,0.0000000000,0.0000000000,2072.0012916035,10800.0000000000,833.3333333333,808.8095415564,0.0000000000,0.0000000000,True
2025-07-17,0.0000000000,0.0000000000,2213.8843842304,10800.0000000000,833.3333333333,795.2123442405,0.0000000000,0.0000000000,True
2025-07-18,0.0000000000,0.0000000000,2293.3514814815,10800.0000000000,833.3333333333,742.0443500000,0.0000000000,0.0000000000,True
2025-07-19,0.0000000000,0.0000000000,1918.6129718436,10800.0000000000,833.3333333333,741.6691333333,0.0000000000,0.0000000000,True
2025-07-20,0.0000000000,0.0000000000,1955.5868015162,10800.0000000000,833.3333333333,815.8381267887,0.0000000000,0.0000000000,True
2025-07-21,0.0000000000,0.0000000000,1834.7722224136,10800.0000000000,833.3333333333,823.4796689608,0.0000000000,0.0000000000,True
2025-07-22,0.0000000000,0.0000000000,1656.5195285268,10800.0000000000,833.3333333333,833.3333333333,0.0000000000,0.0000000000,True
2025-07-23,0.0000000000,0.0000000000,1678.3052624957,10800.0000000000,833.3333333333,826.6152646736,0.0000000000,0.0000000000,True
2025-07-24,0.0000000000,0.0000000000,1852.9800055333,10800.0000000000,833.3333333333,810.3562051917,0.0000000000,0.0000000000,True
2025-07-25,0.0000000000,0.0000000000,1729.9810527257,10800.0000000000,833.3333333333,714.6207500000,0.0000000000,0.0000000000,True
2025-07-26,0.0000000000,0.0000000000,1734.6670361921,10800.0000000000,833.3333333333,730.4740333333,0.0000000000,0.0000000000,True
2025-07-27,0.0000000000,0.0000000000,1676.4841661619,10800.0000000000,833.3333333333,820.9879974421,0.0000000000,0.0000000000,True
2025-07-28,0.0000000000,0.0000000000,1200.0000000000,10800.0000000000,833.3333333333,805.1664768733,0.0000000000,0.0000000000,True
2025-07-29,0.0000000000,0.0000000000,1589.2299014134,10800.0000000000,833.3333333333,833.3333333333,0.0000000000,0.0000000000,True
2025-07-30,0.0000000000,0.0000000000,1776.2989341626,10800.0000000000,833.3333333333,808.1497731955,0.0000000000,0.0000000000,True
2025-07-31,0.0000000000,0.0000000000,1268.7846621735,10800.0000000000,833.3333333333,833.3333333333,0.0000000000,0.0000000000,True
2025-08-01,0.0000000000,0.0000000000,1606.3287122360,10800.0000000000,833.3333333333,725.0833333333,0.0000000000,0.0000000000,True
2025-08-02,0.0000000000,0.0000000000,1575.3582807516,10800.0000000000,833.3333333333,720.1400000000,0.0000000000,0.0000000000,True
2025-08-03,0.0000000000,0.0000000000,1200.0000000000,10800.0000000000,833.3333333333,833.3333333333,0.0000000000,0.0000000000,True
2025-08-04,0.0000000000,0.0000000000,1200.0000000000,10800.0000000000,833.3333333333,833.3333333333,0.0000000000,0.0000000000,True
2025-08-05,0.0000000000,0.0000000000,1541.1113035687,10800.0000000000,833.3333333333,831.5398388480,0.0000000000,0.0000000000,True
2025-08-06,0.0000000000,0.0000000000,1200.0000000000,10800.0000000000,833.3333333333,820.3163713810,0.0000000000,0.0000000000,True
2025-08-07,0.0000000000,0.0000000000,1425.4957875536,10800.0000000000,833.3333333333,833.3333333333,0.0000000000,0.0000000000,True
2025-08-08,0.0000000000,0.0000000000,1676.4015395115,10800.0000000000,833.3333333333,720.2655166667,0.0000000000,0.0000000000,True
2025-08-09,0.0000000000,0.0000000000,1702.1767354799,10800.0000000000,833.3333333333,700.3216666667,0.0000000000,0.0000000000,True
2025-08-10,0.0000000000,0.0000000000,1472.8045144866,10800.0000000000,833.3333333333,833.3333333333,0.0000000000,0.0000000000,True
2025-08-11,0.0000000000,0.0000000000,1208.6941550362,10800.0000000000,833.3333333333,833.3333333333,0.0000000000,0.0000000000,True
2025-08-12,0.0000000000,0.0000000000,1200.0000000000,10800.0000000000,833.3333333333,833.3333333333,0.0000000000,0.0000000000,True
2025-08-13,0.0000000000,0.0000000000,1512.6246186578,10800.0000000000,833.3333333333,833.3333333333,0.0000000000,0.0000000000,True
2025-08-14,0.0000000000,0.0000000000,1258.2236532512,10800.0000000000,833.3333333333,833.3333333333,0.0000000000,0.0000000000,True
2025-08-15,0.0000000000,0.0000000000,1822.0495812902,10800.0000000000,833.3333333333,707.0260333333,0.0000000000,0.0000000000,True
2025-08-16,0.0000000000,0.0000000000,1364.3328348806,10800.0000000000,833.3333333333,731.8950000000,0.0000000000,0.0000000000,True
2025-08-17,0.0000000000,0.0000000000,1424.0002794319,10800.0000000000,833.3333333333,833.3333333333,0.0000000000,0.0000000000,True
2025-08-18,0.0000000000,0.0000000000,1262.0628366562,10800.0000000000,833.3333333333,833.3333333333,0.0000000000,0.0000000000,True
2025-08-19,0.0000000000,0.0000000000,1700.6416977110,10800.0000000000,833.3333333333,833.3333333333,0.0000000000,0.0000000000,True
2025-08-20,0.0000000000,0.0000000000,1200.0000000000,10800.0000000000,833.3333333333,833.3333333333,0.0000000000,0.0000000000,True
2025-08-21,0.0000000000,0.0000000000,1569.7804442049,10800.0000000000,833.3333333333,829.1804053028,0.0000000000,0.0000000000,True
2025-08-22,0.0000000000,0.0000000000,1501.2832256562,10800.0000000000,833.3333333333,751.1733333333,0.0000000000,0.0000000000,True
2025-08-23,0.0000000000,0.0000000000,1796.3938703704,10800.0000000000,833.3333333333,698.8283333333,0.0000000000,0.0000000000,True
2025-08-24,0.0000000000,0.0000000000,1771.3697697928,10800.0000000000,833.3333333333,826.9856585250,0.0000000000,0.0000000000,True
2025-08-25,0.0000000000,0.0000000000,1200.0000000000,10800.0000000000,833.3333333333,833.3333333333,0.0000000000,0.0000000000,True
2025-08-26,0.0000000000,0.0000000000,1741.5118720555,10800.0000000000,833.3333333333,817.0545282937,0.0000000000,0.0000000000,True
2025-08-27,0.0000000000,0.0000000000,1505.6024915987,10800.0000000000,833.3333333333,828.3854944432,0.0000000000,0.0000000000,True
2025-08-28,0.0000000000,0.0000000000,1663.9536121217,10800.0000000000,833.3333333333,833.3333333333,0.0000000000,0.0000000000,True
2025-08-29,0.0000000000,0.0000000000,1797.7342029574,10800.0000000000,833.3333333333,729.1532333333,0.0000000000,0.0000000000,True
2025-08-30,0.0000000000,0.0000000000,1628.5216991475,10800.0000000000,833.3333333333,703.5511333333,0.0000000000,0.0000000000,True
2025-08-31,0.0000000000,0.0000000000,1427.6068078849,10800.0000000000,833.3333333333,833.3333333333,0.0000000000,0.0000000000,True
2025-09-01,0.0000000000,0.0000000000,2982.2108457899,10800.0000000000,833.3333333333,737.3911831506,0.0000000000,0.0000000000,True
2025-09-02,0.0000000000,0.0000000000,2402.7117589439,10800.0000000000,833.3333333333,757.2045833333,0.0000000000,0.0000000000,True
2025-09-03,0.0000000000,0.0000000000,2627.0775287790,10800.0000000000,833.3333333333,769.2419100565,0.0000000000,0.0000000000,True
2025-09-04,0.0000000000,0.0000000000,2284.7025723826,10800.0000000000,833.3333333333,797.3536973194,0.0000000000,0.0000000000,True
2025-09-05,0.0000000000,0.0000000000,2577.3039800781,10800.0000000000,833.3333333333,588.7583333333,0.0000000000,0.0000000000,True
2025-09-06,0.0000000000,0.0000000000,2585.2056272154,10800.0000000000,833.3333333333,588.4176000000,0.0000000000,0.0000000000,True
2025-09-07,0.0000000000,0.0000000000,1802.8020263797,10800.0000000000,833.3333333333,809.6150500024,0.0000000000,0.0000000000,True
2025-09-08,0.0000000000,0.0000000000,1200.0000000000,9970.8106303640,833.3333333333,761.2837500000,0.0000000000,0.0000000000,True
2025-09-09,0.0000000000,0.0000000000,1200.0000000000,10800.0000000000,833.3333333333,833.3333333333,0.0000000000,0.0000000000,True
2025-09-10,0.0000000000,0.0000000000,1200.0000000000,10665.5346443198,833.3333333333,819.7666666667,0.0000000000,0.0000000000,True
2025-09-11,0.0000000000,0.0000000000,1200.0000000000,10800.0000000000,833.3333333333,833.3333333333,0.0000000000,0.0000000000,True
2025-09-12,0.0000000000,0.0000000000,1465.4786275556,10800.0000000000,833.3333333333,583.2223166667,0.0000000000,0.0000000000,True
2025-09-13,0.0000000000,0.0000000000,1447.4687626991,10800.0000000000,833.3333333333,571.3068333333,0.0000000000,0.0000000000,True
2025-09-14,0.0000000000,0.0000000000,1200.0000000000,10800.0000000000,833.3333333333,831.9316666667,0.0000000000,0.0000000000,True
2025-09-15,0.0000000000,0.0000000000,1200.0000000000,10800.0000000000,833.3333333333,833.3333333333,0.0000000000,0.0000000000,True
2025-09-16,0.0000000000,0.0000000000,1200.0000000000,10800.0000000000,833.3333333333,833.3333333333,0.0000000000,0.0000000000,True
2025-09-17,0.0000000000,0.0000000000,1200.0000000000,10800.0000000000,833.3333333333,833.3333333333,0.0000000000,0.0000000000,True
2025-09-18,0.0000000000,0.0000000000,1200.0000000000,10800.0000000000,833.3333333333,833.1831333333,0.0000000000,0.0000000000,True
2025-09-19,0.0000000000,0.0000000000,1811.4714987297,10800.0000000000,833.3333333333,545.1881666667,0.0000000000,0.0000000000,True
2025-09-20,0.0000000000,0.0000000000,1537.6462976584,10800.0000000000,833.3333333333,572.0883333333,0.0000000000,0.0000000000,True
2025-09-21,0.0000000000,0.0000000000,1543.3167837261,10800.0000000000,833.3333333333,825.8545666452,0.0000000000,0.0000000000,True
2025-09-22,0.0000000000,0.0000000000,1595.0986189164,10800.0000000000,833.3333333333,833.3333333333,0.0000000000,0.0000000000,True
2025-09-23,0.0000000000,0.0000000000,1647.8734234263,10800.0000000000,833.3333333333,825.6250514967,0.0000000000,0.0000000000,True
2025-09-24,0.0000000000,0.0000000000,1674.7122446349,10800.0000000000,833.3333333333,825.1169333333,0.0000000000,0.0000000000,True
2025-09-25,0.0000000000,0.0000000000,1827.5562628420,10800.0000000000,833.3333333333,833.3333333333,0.0000000000,0.0000000000,True
2025-09-26,0.0000000000,0.0000000000,1982.7357002479,10800.0000000000,833.3333333333,562.1766666667,0.0000000000,0.0000000000,True
2025-09-27,0.0000000000,0.0000000000,1738.4491694009,10800.0000000000,833.3333333333,548.6300000000,0.0000000000,0.0000000000,True
2025-09-28,0.0000000000,0.0000000000,1737.9585181608,10800.0000000000,833.3333333333,833.3333333333,0.0000000000,0.0000000000,True
2025-09-29,0.0000000000,0.0000000000,1456.9356003043,10800.0000000000,833.3333333333,833.3333333333,0.0000000000,0.0000000000,True
2025-09-30,0.0000000000,0.0000000000,1771.9537211244,10800.0000000000,833.3333333333,833.3333333333,0.0000000000,0.0000000000,True
2025-10-01,0.0000000000,0.0000000000,2574.8211680059,10800.0000000000,833.3333333333,816.4716666667,0.0000000000,0.0000000000,True
2025-10-02,0.0000000000,0.0000000000,2603.2828284901,10800.0000000000,833.3333333333,828.9116666667,0.0000000000,0.0000000000,True
2025-10-03,0.0000000000,0.0000000000,2801.7006851852,10800.0000000000,833.3333333333,498.6756500000,0.0000000000,0.0000000000,True
2025-10-04,0.0000000000,0.0000000000,2461.1957527995,10800.0000000000,833.3333333333,501.8200000000,0.0000000000,0.0000000000,True
2025-10-05,0.0000000000,0.0000000000,2189.6928219490,10800.0000000000,833.3333333333,811.3057198141,0.0000000000,0.0000000000,True
2025-10-06,0.0000000000,0.0000000000,1846.5850185185,10800.0000000000,833.3333333333,789.2292166667,0.0000000000,0.0000000000,True
2025-10-07,0.0000000000,0.0000000000,1765.5902927325,10800.0000000000,833.3333333333,810.2468000000,0.0000000000,0.0000000000,True
2025-10-08,0.0000000000,0.0000000000,1200.0000000000,10800.0000000000,833.3333333333,816.5865244603,0.0000000000,0.0000000000,True
2025-10-09,0.0000000000,0.0000000000,1390.1254398129,10800.0000000000,833.3333333333,820.1652000000,0.0000000000,0.0000000000,True
2025-10-10,0.0000000000,0.0000000000,1779.0190009686,10800.0000000000,833.3333333333,486.0208666667,0.0000000000,0.0000000000,True
2025-10-11,0.0000000000,0.0000000000,1566.7237661072,10800.0000000000,833.3333333333,496.5483333333,0.0000000000,0.0000000000,True
2025-10-12,0.0000000000,0.0000000000,1346.6832123489,10800.0000000000,833.3333333333,833.3333333333,0.0000000000,0.0000000000,True
2025-10-13,0.0000000000,0.0000000000,1200.0000000000,10800.0000000000,833.3333333333,806.2616666667,0.0000000000,0.0000000000,True
2025-10-14,0.0000000000,0.0000000000,1273.3864572827,10800.0000000000,833.3333333333,814.6924166667,0.0000000000,0.0000000000,True
2025-10-15,0.0000000000,0.0000000000,1200.0000000000,10800.0000000000,833.3333333333,796.8039090865,0.0000000000,0.0000000000,True
2025-10-16,0.0000000000,0.0000000000,1200.0000000000,10800.0000000000,833.3333333333,813.0891422133,0.0000000000,0.0000000000,True
2025-10-17,0.0000000000,0.0000000000,1566.6636297097,10800.0000000000,833.3333333333,489.1051833333,0.0000000000,0.0000000000,True
2025-10-18,0.0000000000,0.0000000000,2036.2784157408,10800.0000000000,833.3333333333,466.4000333333,0.0000000000,0.0000000000,True
2025-10-19,0.0000000000,0.0000000000,1200.0000000000,10800.0000000000,833.3333333333,825.5608333333,0.0000000000,0.0000000000,True
2025-10-20,0.0000000000,0.0000000000,1200.0000000000,10800.0000000000,833.3333333333,819.6775666667,0.0000000000,0.0000000000,True
2025-10-21,0.0000000000,0.0000000000,1693.5302658172,10800.0000000000,833.3333333333,831.9733333333,0.0000000000,0.0000000000,True
2025-10-22,0.0000000000,0.0000000000,1200.0000000000,10800.0000000000,833.3333333333,825.7539500000,0.0000000000,0.0000000000,True
2025-10-23,0.0000000000,0.0000000000,1548.9671728929,10800.0000000000,833.3333333333,811.1005166667,0.0000000000,0.0000000000,True
2025-10-24,0.0000000000,0.0000000000,1537.9057813407,10800.0000000000,833.3333333333,509.0331333333,0.0000000000,0.0000000000,True
2025-10-25,0.0000000000,0.0000000000,1602.7565677576,10800.0000000000,833.3333333333,485.5650000000,0.0000000000,0.0000000000,True
2025-10-26,0.0000000000,0.0000000000,1766.2734546082,10800.0000000000,833.3333333333,830.1616666667,0.0000000000,0.0000000000,True
2025-10-27,0.0000000000,0.0000000000,1200.0000000000,10800.0000000000,833.3333333333,833.3333333333,0.0000000000,0.0000000000,True
2025-10-28,0.0000000000,0.0000000000,1539.1133679821,10800.0000000000,833.3333333333,819.3346394136,0.0000000000,0.0000000000,True
2025-10-29,0.0000000000,0.0000000000,1200.0000000000,10800.0000000000,833.3333333333,816.2304500000,0.0000000000,0.0000000000,True
2025-10-30,0.0000000000,0.0000000000,1619.5146374297,10800.0000000000,833.3333333333,832.0128653835,0.0000000000,0.0000000000,True
2025-10-31,0.0000000000,0.0000000000,1742.2192941203,10800.0000000000,833.3333333333,487.6216666667,0.0000000000,0.0000000000,True
2025-11-01,0.0000000000,0.0000000000,1987.1178984796,10800.0000000000,833.3333333333,467.0846580350,0.0000000000,0.0000000000,True
2025-11-02,0.0000000000,0.0000000000,1200.0000000000,10800.0000000000,833.3333333333,813.2376264142,0.0000000000,0.0000000000,True
2025-11-03,0.0000000000,0.0000000000,1613.0951057620,10800.0000000000,833.3333333333,808.0150000000,0.0000000000,0.0000000000,True
2025-11-04,0.0000000000,0.0000000000,1301.0182547860,10800.0000000000,833.3333333333,833.3333333333,0.0000000000,0.0000000000,True
2025-11-05,0.0000000000,0.0000000000,1753.0907362299,10800.0000000000,833.3333333333,811.8805994350,0.0000000000,0.0000000000,True
2025-11-06,0.0000000000,0.0000000000,1365.7941004318,10800.0000000000,833.3333333333,812.7902410640,0.0000000000,0.0000000000,True
2025-11-07,0.0000000000,0.0000000000,1716.2065324059,10800.0000000000,833.3333333333,491.6083333333,0.0000000000,0.0000000000,True
2025-11-08,0.0000000000,0.0000000000,1724.6862704377,10800.0000000000,833.3333333333,481.4116666667,0.0000000000,0.0000000000,True
2025-11-09,0.0000000000,0.0000000000,1540.0002006328,10800.0000000000,833.3333333333,808.1183333333,0.0000000000,0.0000000000,True
2025-11-10,0.0000000000,0.0000000000,1200.0000000000,10800.0000000000,833.3333333333,826.6853333333,0.0000000000,0.0000000000,True
2025-11-11,0.0000000000,0.0000000000,1655.9766482257,10800.0000000000,833.3333333333,804.8483333333,0.0000000000,0.0000000000,True
2025-11-12,0.0000000000,0.0000000000,1319.4450532769,10800.0000000000,833.3333333333,817.6585166667,0.0000000000,0.0000000000,True
2025-11-13,0.0000000000,0.0000000000,1260.2111773999,10800.0000000000,833.3333333333,833.3333333333,0.0000000000,0.0000000000,True
2025-11-14,0.0000000000,0.0000000000,1744.4292799297,10800.0000000000,833.3333333333,474.0410500000,0.0000000000,0.0000000000,True
2025-11-15,0.0000000000,0.0000000000,1508.5321763927,10800.0000000000,833.3333333333,486.8850000000,0.0000000000,0.0000000000,True
2025-11-16,0.0000000000,0.0000000000,1476.7855248472,10800.0000000000,833.3333333333,832.3133333333,0.0000000000,0.0000000000,True
2025-11-17,0.0000000000,0.0000000000,1404.9955666237,10800.0000000000,833.3333333333,788.5726500000,0.0000000000,0.0000000000,True
2025-11-18,0.0000000000,0.0000000000,1482.1412700213,10800.0000000000,833.3333333333,816.1556919063,0.0000000000,0.0000000000,True
2025-11-19,0.0000000000,0.0000000000,1358.5525147607,10800.0000000000,833.3333333333,833.3333333333,0.0000000000,0.0000000000,True
2025-11-20,0.0000000000,0.0000000000,1538.6740468003,10800.0000000000,833.3333333333,802.4140502327,0.0000000000,0.0000000000,True
2025-11-21,0.0000000000,0.0000000000,1964.4179098771,10800.0000000000,833.3333333333,489.4308333333,0.0000000000,0.0000000000,True
2025-11-22,0.0000000000,0.0000000000,1558.0555678407,10800.0000000000,833.3333333333,537.3437500000,0.0000000000,0.0000000000,True
2025-11-23,0.0000000000,0.0000000000,1392.1966765725,10800.0000000000,833.3333333333,805.6600000000,0.0000000000,0.0000000000,True
2025-11-24,0.0000000000,0.0000000000,1200.0000000000,10800.0000000000,833.3333333333,833.3333333333,0.0000000000,0.0000000000,True
2025-11-25,0.0000000000,0.0000000000,1474.7105153252,10800.0000000000,833.3333333333,801.0718558608,0.0000000000,0.0000000000,True
2025-11-26,0.0000000000,0.0000000000,1528.6866659030,10800.0000000000,833.3333333333,833.3333333333,0.0000000000,0.0000000000,True
2025-11-27,0.0000000000,0.0000000000,1421.7854045828,10800.0000000000,833.3333333333,800.0045189188,0.0000000000,0.0000000000,True
2025-11-28,0.0000000000,0.0000000000,1418.3047983148,10800.0000000000,833.3333333333,511.0125000000,0.0000000000,0.0000000000,True
2025-11-29,0.0000000000,0.0000000000,1738.7553533832,10800.0000000000,833.3333333333,499.8883333333,0.0000000000,0.0000000000,True
2025-11-30,0.0000000000,0.0000000000,1276.5864498401,10800.0000000000,833.3333333333,833.3333333333,0.0000000000,0.0000000000,True
2025-12-01,0.0000000000,0.0000000000,1200.0000000000,10200.0000000000,833.3333333333,833.3333333333,0.0000000000,0.0000000000,True
2025-12-02,0.0000000000,0.0000000000,1200.0000000000,10800.0000000000,833.3333333333,833.3333333333,0.0000000000,0.0000000000,True
2025-12-03,0.0000000000,0.0000000000,1638.7835784900,10800.0000000000,833.3333333333,828.3274466576,0.0000000000,0.0000000000,True
2025-12-04,0.0000000000,0.0000000000,1200.0000000000,10800.0000000000,833.3333333333,833.3333333333,0.0000000000,0.0000000000,True
2025-12-05,0.0000000000,0.0000000000,1758.2506370070,10800.0000000000,833.3333333333,665.5750000000,0.0000000000,0.0000000000,True
2025-12-06,0.0000000000,0.0000000000,1525.0163405294,10800.0000000000,833.3333333333,655.6695833333,0.0000000000,0.0000000000,True
2025-12-07,0.0000000000,0.0000000000,1361.4466252170,10800.0000000000,833.3333333333,833.3333333333,0.0000000000,0.0000000000,True
2025-12-08,0.0000000000,0.0000000000,1412.3684990486,10800.0000000000,833.3333333333,768.9918333333,0.0000000000,0.0000000000,True
2025-12-09,0.0000000000,0.0000000000,1440.1383418018,10800.0000000000,833.3333333333,833.3333333333,0.0000000000,0.0000000000,True
2025-12-10,0.0000000000,0.0000000000,1519.1771825832,10800.0000000000,833.3333333333,762.0901767392,0.0000000000,0.0000000000,True
2025-12-11,0.0000000000,0.0000000000,1537.0011717420,10800.0000000000,833.3333333333,781.7015653851,0.0000000000,0.0000000000,True
2025-12-12,0.0000000000,0.0000000000,1613.5464014311,10800.0000000000,833.3333333333,625.3124500000,0.0000000000,0.0000000000,True
2025-12-13,0.0000000000,0.0000000000,1657.8195000000,10800.0000000000,833.3333333333,633.9050000000,0.0000000000,0.0000000000,True
2025-12-14,0.0000000000,0.0000000000,1290.1514682666,10800.0000000000,833.3333333333,766.4541500000,0.0000000000,0.0000000000,True
2025-12-15,0.0000000000,0.0000000000,1200.0000000000,10800.0000000000,833.3333333333,833.3333333333,0.0000000000,0.0000000000,True
2025-12-16,0.0000000000,0.0000000000,1618.5802973545,10800.0000000000,833.3333333333,784.4958132317,0.0000000000,0.0000000000,True
2025-12-17,0.0000000000,0.0000000000,1425.8634303897,10800.0000000000,833.3333333333,786.3347589076,0.0000000000,0.0000000000,True
2025-12-18,0.0000000000,0.0000000000,1476.4931567390,10800.0000000000,833.3333333333,797.8469070714,0.0000000000,0.0000000000,True
2025-12-19,0.0000000000,0.0000000000,1547.8352640609,10800.0000000000,833.3333333333,626.0969500000,0.0000000000,0.0000000000,True
2025-12-20,0.0000000000,0.0000000000,1671.2013357217,10800.0000000000,833.3333333333,619.5816666667,0.0000000000,0.0000000000,True
2025-12-21,0.0000000000,0.0000000000,1348.1750411286,10800.0000000000,833.3333333333,833.3333333333,0.0000000000,0.0000000000,True
2025-12-22,0.0000000000,0.0000000000,1200.0000000000,10800.0000000000,833.3333333333,833.3333333333,0.0000000000,0.0000000000,True
2025-12-23,0.0000000000,0.0000000000,1557.8602724844,10800.0000000000,833.3333333333,775.0516006017,0.0000000000,0.0000000000,True
2025-12-24,0.0000000000,0.0000000000,1200.0000000000,10800.0000000000,833.3333333333,833.3333333333,0.0000000000,0.0000000000,True
2025-12-25,0.0000000000,0.0000000000,1351.8080931968,10800.0000000000,833.3333333333,817.8804260990,0.0000000000,0.0000000000,True
2025-12-26,0.0000000000,0.0000000000,1935.6921002466,10800.0000000000,833.3333333333,651.6783333333,0.0000000000,0.0000000000,True
2025-12-27,0.0000000000,0.0000000000,1516.0843011080,10800.0000000000,833.3333333333,648.7416666667,0.0000000000,0.0000000000,True
2025-12-28,0.0000000000,0.0000000000,1540.0890516923,10800.0000000000,833.3333333333,833.3333333333,0.0000000000,0.0000000000,True
2025-12-29,0.0000000000,0.0000000000,1320.1339450829,10800.0000000000,833.3333333333,802.8692187949,0.0000000000,0.0000000000,True
2025-12-30,0.0000000000,0.0000000000,1465.2056615850,10800.0000000000,833.3333333333,833.3333333333,0.0000000000,0.0000000000,True
2025-12-31,0.0000000000,0.0000000000,1200.0000000000,10800.0000000000,833.3333333333,827.8576135548,0.0000000000,0.0000000000,True
2025-02-01,0.0000000000,0.0000000000,2140.0449899982,10800.0000000000,833.3333333333,552.0416666667,0.0000000000,0.0000000000,True
2025-02-02,0.0000000000,0.0000000000,1638.7744817611,10800.0000000000,833.3333333333,794.8620604734,0.0000000000,0.0000000000,True
2025-02-03,0.0000000000,0.0000000000,1277.6211381259,10800.0000000000,833.3333333333,797.6173588547,0.0000000000,0.0000000000,True
2025-02-04,0.0000000000,0.0000000000,1648.4272606991,10800.0000000000,833.3333333333,815.6467135799,0.0000000000,0.0000000000,True
2025-02-05,0.0000000000,0.0000000000,1349.5282990406,10800.0000000000,833.3333333333,833.3333333333,0.0000000000,0.0000000000,True
2025-02-06,0.0000000000,0.0000000000,1522.8754214694,10800.0000000000,833.3333333333,833.3333333333,0.0000000000,0.0000000000,True
2025-02-07,0.0000000000,0.0000000000,1417.0514793558,10800.0000000000,833.3333333333,536.0374500000,0.0000000000,0.0000000000,True
2025-02-08,0.0000000000,0.0000000000,1330.1947704749,10800.0000000000,833.3333333333,519.1618833333,0.0000000000,0.0000000000,True
2025-02-09,0.0000000000,0.0000000000,1200.0000000000,10800.0000000000,833.3333333333,833.3333333333,0.0000000000,0.0000000000,True
2025-02-10,0.0000000000,0.0000000000,1200.0000000000,10800.0000000000,833.3333333333,833.3333333333,0.0000000000,0.0000000000,True
2025-02-11,0.0000000000,0.0000000000,1200.0000000000,10800.0000000000,833.3333333333,833.3333333333,0.0000000000,0.0000000000,True
2025-02-12,0.0000000000,0.0000000000,1374.3458077054,10800.0000000000,833.3333333333,833.3333333333,0.0000000000,0.0000000000,True
2025-02-13,0.0000000000,0.0000000000,1357.6111047134,10800.0000000000,833.3333333333,824.8433707834,0.0000000000,0.0000000000,True
2025-02-14,0.0000000000,0.0000000000,1629.3280224305,10800.0000000000,833.3333333333,559.7672500000,0.0000000000,0.0000000000,True
2025-02-15,0.0000000000,0.0000000000,1586.3987793196,10800.0000000000,833.3333333333,547.3166666667,0.0000000000,0.0000000000,True
2025-02-16,0.0000000000,0.0000000000,1312.2124664106,10800.0000000000,833.3333333333,833.3333333333,0.0000000000,0.0000000000,True
2025-02-17,0.0000000000,0.0000000000,1200.0000000000,10800.0000000000,833.3333333333,833.3333333333,0.0000000000,0.0000000000,True
2025-02-18,0.0000000000,0.0000000000,1499.0246856837,10800.0000000000,833.3333333333,833.3333333333,0.0000000000,0.0000000000,True
2025-02-19,0.0000000000,0.0000000000,1362.1361244175,10800.0000000000,833.3333333333,833.3333333333,0.0000000000,0.0000000000,True
2025-02-20,0.0000000000,0.0000000000,1603.5231940709,10800.0000000000,833.3333333333,833.3333333333,0.0000000000,0.0000000000,True
2025-02-21,0.0000000000,0.0000000000,1876.3120519961,10800.0000000000,833.3333333333,535.0380000000,0.0000000000,0.0000000000,True
2025-02-22,0.0000000000,0.0000000000,1671.6099937975,10800.0000000000,833.3333333333,530.3050000000,0.0000000000,0.0000000000,True
2025-02-23,0.0000000000,0.0000000000,1368.9003195019,10800.0000000000,833.3333333333,833.3333333333,0.0000000000,0.0000000000,True
2025-02-24,0.0000000000,0.0000000000,1200.0000000000,10800.0000000000,833.3333333333,833.3333333333,0.0000000000,0.0000000000,True
2025-02-25,0.0000000000,0.0000000000,1476.7177028058,10800.0000000000,833.3333333333,833.3333333333,0.0000000000,0.0000000000,True
2025-02-26,0.0000000000,0.0000000000,1558.5464412598,10800.0000000000,833.3333333333,825.4791136661,0.0000000000,0.0000000000,True
2025-02-27,0.0000000000,0.0000000000,1240.5272761969,10800.0000000000,833.3333333333,821.8737679314,0.0000000000,0.0000000000,True
2025-02-28,0.0000000000,0.0000000000,1726.9668903335,10800.0000000000,833.3333333333,520.9738000000,0.0000000000,0.0000000000,True
2025-03-01,0.0000000000,0.0000000000,1713.0922436644,10800.0000000000,833.3333333333,478.9468333333,0.0000000000,0.0000000000,True
2025-03-02,0.0000000000,0.0000000000,1200.0000000000,10800.0000000000,833.3333333333,784.3625590991,0.0000000000,0.0000000000,True
2025-03-03,0.0000000000,0.0000000000,1200.0000000000,10800.0000000000,833.3333333333,817.7283333333,0.0000000000,0.0000000000,True
2025-03-04,0.0000000000,0.0000000000,1441.7444871022,10800.0000000000,833.3333333333,796.3509654276,0.0000000000,0.0000000000,True
2025-03-05,0.0000000000,0.0000000000,1312.1612433826,10800.0000000000,833.3333333333,833.3333333333,0.0000000000,0.0000000000,True
2025-03-06,0.0000000000,0.0000000000,1502.0079886057,10800.0000000000,833.3333333333,779.3537164978,0.0000000000,0.0000000000,True
2025-03-07,0.0000000000,0.0000000000,1839.5882312272,10800.0000000000,833.3333333333,463.2970666667,0.0000000000,0.0000000000,True
2025-03-08,0.0000000000,0.0000000000,1375.6672882991,10800.0000000000,833.3333333333,470.8035500000,0.0000000000,0.0000000000,True
2025-03-09,0.0000000000,0.0000000000,1261.4966464594,10800.0000000000,833.3333333333,780.8316666667,0.0000000000,0.0000000000,True
2025-03-10,0.0000000000,0.0000000000,1200.0000000000,10769.6261003171,833.3333333333,822.2328833333,0.0000000000,0.0000000000,True
2025-03-11,0.0000000000,0.0000000000,1562.1745625542,10800.0000000000,833.3333333333,788.2315166667,0.0000000000,0.0000000000,True
2025-03-12,0.0000000000,0.0000000000,1373.2286080605,10800.0000000000,833.3333333333,795.6400000000,0.0000000000,0.0000000000,True
2025-03-13,0.0000000000,0.0000000000,1200.0000000000,10800.0000000000,833.3333333333,829.3766666667,0.0000000000,0.0000000000,True
2025-03-14,0.0000000000,0.0000000000,1692.8628481373,10800.0000000000,833.3333333333,496.7150000000,0.0000000000,0.0000000000,True
2025-03-15,0.0000000000,0.0000000000,1529.6397940742,10800.0000000000,833.3333333333,508.6490333333,0.0000000000,0.0000000000,True
2025-03-16,0.0000000000,0.0000000000,1658.1645313354,10800.0000000000,833.3333333333,833.3333333333,0.0000000000,0.0000000000,True
2025-03-17,0.0000000000,0.0000000000,1262.0178055495,10800.0000000000,833.3333333333,792.1298500000,0.0000000000,0.0000000000,True
2025-03-18,0.0000000000,0.0000000000,1265.0321169352,10800.0000000000,833.3333333333,801.5304166667,0.0000000000,0.0000000000,True
2025-03-19,0.0000000000,0.0000000000,1590.2319083223,10800.0000000000,833.3333333333,823.4450000000,0.0000000000,0.0000000000,True
2025-03-20,0.0000000000,0.0000000000,1387.1570019323,10800.0000000000,833.3333333333,827.0150000000,0.0000000000,0.0000000000,True
2025-03-21,0.0000000000,0.0000000000,1497.3631442291,10800.0000000000,833.3333333333,494.8250000000,0.0000000000,0.0000000000,True
2025-03-22,0.0000000000,0.0000000000,1849.0149629630,10800.0000000000,833.3333333333,471.8125166667,0.0000000000,0.0000000000,True
2025-03-23,0.0000000000,0.0000000000,1200.0000000000,10800.0000000000,833.3333333333,817.6898666667,0.0000000000,0.0000000000,True
2025-03-24,0.0000000000,0.0000000000,1209.4120015115,10800.0000000000,833.3333333333,805.6850000000,0.0000000000,0.0000000000,True
2025-03-25,0.0000000000,0.0000000000,1200.0000000000,10800.0000000000,833.3333333333,800.1925000000,0.0000000000,0.0000000000,True
2025-03-26,0.0000000000,0.0000000000,1305.4282047203,10800.0000000000,833.3333333333,787.9337500000,0.0000000000,0.0000000000,True
2025-03-27,0.0000000000,0.0000000000,1498.0232831337,10800.0000000000,833.3333333333,766.7254166667,0.0000000000,0.0000000000,True
2025-03-28,0.0000000000,0.0000000000,1797.5835255092,10800.0000000000,833.3333333333,483.8733333333,0.0000000000,0.0000000000,True
2025-03-29,0.0000000000,0.0000000000,1558.1693607528,10800.0000000000,833.3333333333,482.2450000000,0.0000000000,0.0000000000,True
2025-03-30,0.0000000000,0.0000000000,1488.2651301526,10800.0000000000,833.3333333333,761.5791333333,0.0000000000,0.0000000000,True
2025-03-31,0.0000000000,0.0000000000,1200.0000000000,10800.0000000000,833.3333333333,796.0470833333,0.0000000000,0.0000000000,True
2025-04-01,0.0000000000,0.0000000000,1200.0000000000,10800.0000000000,833.3333333333,772.0364500000,0.0000000000,0.0000000000,True
2025-04-02,0.0000000000,0.0000000000,1200.0000000000,10800.0000000000,833.3333333333,788.4129166667,0.0000000000,0.0000000000,True
2025-04-03,0.0000000000,0.0000000000,1414.9004232767,10800.0000000000,833.3333333333,779.5462500000,0.0000000000,0.0000000000,True
2025-04-04,0.0000000000,0.0000000000,1756.7577579340,10800.0000000000,833.3333333333,503.5033333333,0.0000000000,0.0000000000,True
2025-04-05,0.0000000000,0.0000000000,1581.1982864209,10800.0000000000,833.3333333333,487.7073833333,0.0000000000,0.0000000000,True
2025-04-06,0.0000000000,0.0000000000,1241.5845661775,10800.0000000000,833.3333333333,772.5316666667,0.0000000000,0.0000000000,True
2025-04-07,0.0000000000,0.0000000000,1350.9797391708,10800.0000000000,833.3333333333,735.0190166667,0.0000000000,0.0000000000,True
2025-04-08,0.0000000000,0.0000000000,1214.7602495913,10800.0000000000,833.3333333333,746.5050000000,0.0000000000,0.0000000000,True
2025-04-09,0.0000000000,0.0000000000,1200.0000000000,10800.0000000000,833.3333333333,749.6552500000,0.0000000000,0.0000000000,True
2025-04-10,0.0000000000,0.0000000000,1373.3817943595,10800.0000000000,833.3333333333,766.9669166667,0.0000000000,0.0000000000,True
2025-04-11,0.0000000000,0.0000000000,1711.2966735351,10800.0000000000,833.3333333333,493.1533333333,0.0000000000,0.0000000000,True
2025-04-12,0.0000000000,0.0000000000,1748.2025922801,10800.0000000000,833.3333333333,476.1539333333,0.0000000000,0.0000000000,True
2025-04-13,0.0000000000,0.0000000000,1301.0541120534,10800.0000000000,833.3333333333,748.9800000000,0.0000000000,0.0000000000,True
2025-04-14,0.0000000000,0.0000000000,1200.0000000000,10800.0000000000,833.3333333333,759.3166666667,0.0000000000,0.0000000000,True
2025-04-15,0.0000000000,0.0000000000,1441.3586688139,10800.0000000000,833.3333333333,751.0735833333,0.0000000000,0.0000000000,True
2025-04-16,0.0000000000,0.0000000000,1500.1055103796,10800.0000000000,833.3333333333,730.5316666667,0.0000000000,0.0000000000,True
2025-04-17,0.0000000000,0.0000000000,1371.8222580236,10800.0000000000,833.3333333333,750.8766666667,0.0000000000,0.0000000000,True
2025-04-18,0.0000000000,0.0000000000,1765.7569736665,10800.0000000000,833.3333333333,475.2600000000,0.0000000000,0.0000000000,True
2025-04-19,0.0000000000,0.0000000000,1754.1965694804,10800.0000000000,833.3333333333,475.2686500000,0.0000000000,0.0000000000,True
2025-04-20,0.0000000000,0.0000000000,1594.9517153002,10800.0000000000,833.3333333333,721.5449000000,0.0000000000,0.0000000000,True
2025-04-21,0.0000000000,0.0000000000,1200.0000000000,10800.0000000000,833.3333333333,741.0165500000,0.0000000000,0.0000000000,True
2025-04-22,0.0000000000,0.0000000000,1595.1927197402,10800.0000000000,833.3333333333,736.1570333333,0.0000000000,0.0000000000,True
2025-04-23,0.0000000000,0.0000000000,1542.3591984463,10800.0000000000,833.3333333333,748.3694500000,0.0000000000,0.0000000000,True
2025-04-24,0.0000000000,0.0000000000,1473.4377629372,10800.0000000000,833.3333333333,745.5016666667,0.0000000000,0.0000000000,True
2025-04-25,0.0000000000,0.0000000000,1663.1767777778,10800.0000000000,833.3333333333,490.2083333333,0.0000000000,0.0000000000,True
2025-04-26,0.0000000000,0.0000000000,1533.2759399600,10800.0000000000,833.3333333333,484.1332333333,0.0000000000,0.0000000000,True
2025-04-27,0.0000000000,0.0000000000,1200.0000000000,10800.0000000000,833.3333333333,733.8631166667,0.0000000000,0.0000000000,True
2025-04-28,0.0000000000,0.0000000000,1200.0000000000,10800.0000000000,833.3333333333,697.8383333333,0.0000000000,0.0000000000,True
2025-04-29,0.0000000000,0.0000000000,1200.0000000000,10800.0000000000,833.3333333333,748.9916666667,0.0000000000,0.0000000000,True
2025-04-30,0.0000000000,0.0000000000,1283.3687693016,10800.0000000000,833.3333333333,746.8378333333,0.0000000000,0.0000000000,True
2025-05-01,0.0000000000,0.0000000000,1200.0000000000,10800.0000000000,833.3333333333,819.6148166667,0.0000000000,0.0000000000,True
2025-05-02,0.0000000000,0.0000000000,1200.0000000000,10800.0000000000,833.3333333333,546.4155500000,0.0000000000,0.0000000000,True
2025-05-03,0.0000000000,0.0000000000,1200.0000000000,10800.0000000000,833.3333333333,572.5083333333,0.0000000000,0.0000000000,True
2025-05-04,0.0000000000,0.0000000000,1200.0000000000,10800.0000000000,833.3333333333,803.8746000000,0.0000000000,0.0000000000,True
2025-05-05,0.0000000000,0.0000000000,1200.0000000000,10800.0000000000,833.3333333333,809.2416833333,0.0000000000,0.0000000000,True
2025-05-06,0.0000000000,0.0000000000,1200.0000000000,10800.0000000000,833.3333333333,814.2691666667,0.0000000000,0.0000000000,True
2025-05-07,0.0000000000,0.0000000000,1200.0000000000,10800.0000000000,833.3333333333,833.0116666667,0.0000000000,0.0000000000,True
2025-05-08,0.0000000000,0.0000000000,1680.7076936958,10800.0000000000,833.3333333333,833.3333333333,0.0000000000,0.0000000000,True
2025-05-09,0.0000000000,0.0000000000,2237.8768677075,10800.0000000000,833.3333333333,560.7918000000,0.0000000000,0.0000000000,True
2025-05-10,0.0000000000,0.0000000000,2294.3435907884,10800.0000000000,833.3333333333,554.0049500000,0.0000000000,0.0000000000,True
2025-05-11,0.0000000000,0.0000000000,1571.2166764744,10800.0000000000,833.3333333333,833.3333333333,0.0000000000,0.0000000000,True
2025-05-12,0.0000000000,0.0000000000,1686.7513762936,10800.0000000000,833.3333333333,819.3645333333,0.0000000000,0.0000000000,True
2025-05-13,0.0000000000,0.0000000000,1656.7914480722,10800.0000000000,833.3333333333,825.4812333333,0.0000000000,0.0000000000,True
2025-05-14,0.0000000000,0.0000000000,1925.7449892515,10800.0000000000,833.3333333333,816.3005938343,0.0000000000,0.0000000000,True
2025-05-15,0.0000000000,0.0000000000,2340.9390594958,10800.0000000000,833.3333333333,801.5756502209,0.0000000000,0.0000000000,True
2025-05-16,0.0000000000,0.0000000000,2359.0835473338,10800.0000000000,833.3333333333,566.1133333333,0.0000000000,0.0000000000,True
2025-05-17,0.0000000000,0.0000000000,1875.8195727918,10800.0000000000,833.3333333333,593.3274333333,0.0000000000,0.0000000000,True
2025-05-18,0.0000000000,0.0000000000,1984.5143992782,10800.0000000000,833.3333333333,833.0757601583,0.0000000000,0.0000000000,True
2025-05-19,0.0000000000,0.0000000000,1411.4528656531,10800.0000000000,833.3333333333,833.3333333333,0.0000000000,0.0000000000,True
2025-05-20,0.0000000000,0.0000000000,1559.3151599042,10800.0000000000,833.3333333333,831.5733333333,0.0000000000,0.0000000000,True
2025-05-21,0.0000000000,0.0000000000,1736.0660090768,10800.0000000000,833.3333333333,811.0043333333,0.0000000000,0.0000000000,True
2025-05-22,0.0000000000,0.0000000000,1670.2501668489,10800.0000000000,833.3333333333,832.2686942667,0.0000000000,0.0000000000,True
2025-05-23,0.0000000000,0.0000000000,1975.3974454371,10800.0000000000,833.3333333333,551.3140666667,0.0000000000,0.0000000000,True
2025-05-24,0.0000000000,0.0000000000,2138.4912722919,10800.0000000000,833.3333333333,551.4284333333,0.0000000000,0.0000000000,True
2025-05-25,0.0000000000,0.0000000000,1545.4750466584,10800.0000000000,833.3333333333,810.7893500000,0.0000000000,0.0000000000,True
2025-05-26,0.0000000000,0.0000000000,1200.0000000000,10800.0000000000,833.3333333333,824.9333333333,0.0000000000,0.0000000000,True
2025-05-27,0.0000000000,0.0000000000,1535.4209162010,10800.0000000000,833.3333333333,819.2750000000,0.0000000000,0.0000000000,True
2025-05-28,0.0000000000,0.0000000000,1543.7667533980,10800.0000000000,833.3333333333,825.7825333333,0.0000000000,0.0000000000,True
2025-05-29,0.0000000000,0.0000000000,1439.5687374009,10800.0000000000,833.3333333333,833.3333333333,0.0000000000,0.0000000000,True
2025-05-30,0.0000000000,0.0000000000,1929.1917475142,10800.0000000000,833.3333333333,532.5197666667,0.0000000000,0.0000000000,True
2025-05-31,0.0000000000,0.0000000000,1769.7822943911,10800.0000000000,833.3333333333,551.2803500000,0.0000000000,0.0000000000,True
2025-06-01,0.0000000000,0.0000000000,1200.0000000000,9664.4672129946,833.3333333333,620.8420833333,0.0000000000,0.0000000000,True
2025-06-02,0.0000000000,0.0000000000,1200.0000000000,10501.0493326065,833.3333333333,683.4500000000,0.0000000000,0.0000000000,True
2025-06-03,0.0000000000,0.0000000000,1200.0000000000,10800.0000000000,833.3333333333,833.3333333333,0.0000000000,0.0000000000,True
2025-06-04,0.0000000000,0.0000000000,1200.0000000000,10800.0000000000,833.3333333333,833.3333333333,0.0000000000,0.0000000000,True
2025-06-05,0.0000000000,0.0000000000,1322.0220165776,10800.0000000000,833.3333333333,833.3333333333,0.0000000000,0.0000000000,True
2025-06-06,0.0000000000,0.0000000000,1200.0000000000,10800.0000000000,833.3333333333,633.1102333333,0.0000000000,0.0000000000,True
2025-06-07,0.0000000000,0.0000000000,1771.9902714765,10800.0000000000,833.3333333333,659.9410833333,0.0000000000,0.0000000000,True
2025-06-08,0.0000000000,0.0000000000,2429.1474135617,10800.0000000000,833.3333333333,776.3629043110,0.0000000000,0.0000000000,True
2025-06-09,0.0000000000,0.0000000000,1778.6357157528,10800.0000000000,833.3333333333,821.4942978149,0.0000000000,0.0000000000,True
2025-06-10,0.0000000000,0.0000000000,2354.0022211981,10800.0000000000,833.3333333333,757.5175099738,0.0000000000,0.0000000000,True
2025-06-11,0.0000000000,0.0000000000,1500.0000000000,10800.0000000000,833.3333333333,784.5115173152,0.0000000000,0.0000000000,True
2025-06-12,0.0000000000,0.0000000000,2340.5610373200,10800.0000000000,833.3333333333,776.3935734446,0.0000000000,0.0000000000,True
2025-06-13,0.0000000000,0.0000000000,2586.4842777778,10800.0000000000,833.3333333333,637.9376166667,0.0000000000,0.0000000000,True
2025-06-14,0.0000000000,0.0000000000,2561.4168888889,10800.0000000000,833.3333333333,655.4149666667,0.0000000000,0.0000000000,True
2025-06-15,0.0000000000,0.0000000000,2612.2808599751,10800.0000000000,833.3333333333,774.7783626838,0.0000000000,0.0000000000,True
2025-06-16,0.0000000000,0.0000000000,1826.9782267890,10800.0000000000,833.3333333333,833.3333333333,0.0000000000,0.0000000000,True
2025-06-17,0.0000000000,0.0000000000,1897.0354804002,10800.0000000000,833.3333333333,833.1279040864,0.0000000000,0.0000000000,True
2025-06-18,0.0000000000,0.0000000000,1906.5857287827,10800.0000000000,833.3333333333,817.3176859502,0.0000000000,0.0000000000,True
2025-06-19,0.0000000000,0.0000000000,1583.9906957158,10800.0000000000,833.3333333333,833.3333333333,0.0000000000,0.0000000000,True
2025-06-20,0.0000000000,0.0000000000,1942.7765031819,10800.0000000000,833.3333333333,636.1150000000,0.0000000000,0.0000000000,True
2025-06-21,0.0000000000,0.0000000000,1538.1770469426,10800.0000000000,833.3333333333,667.4907000000,0.0000000000,0.0000000000,True
2025-06-22,0.0000000000,0.0000000000,1200.0000000000,10800.0000000000,833.3333333333,833.3333333333,0.0000000000,0.0000000000,True
2025-06-23,0.0000000000,0.0000000000,1200.0000000000,10800.0000000000,833.3333333333,833.3333333333,0.0000000000,0.0000000000,True
2025-06-24,0.0000000000,0.0000000000,1200.0000000000,10800.0000000000,833.3333333333,833.3333333333,0.0000000000,0.0000000000,True
2025-06-25,0.0000000000,0.0000000000,1244.6201718503,10800.0000000000,833.3333333333,833.3333333333,0.0000000000,0.0000000000,True
2025-06-26,0.0000000000,0.0000000000,1302.7221279767,10800.0000000000,833.3333333333,833.3333333333,0.0000000000,0.0000000000,True
2025-06-27,0.0000000000,0.0000000000,1236.0851648131,10800.0000000000,833.3333333333,641.4883333333,0.0000000000,0.0000000000,True
2025-06-28,0.0000000000,0.0000000000,1481.2682557380,10800.0000000000,833.3333333333,628.0102833333,0.0000000000,0.0000000000,True
2025-06-29,0.0000000000,0.0000000000,1200.0000000000,10800.0000000000,833.3333333333,833.3333333333,0.0000000000,0.0000000000,True
2025-06-30,0.0000000000,0.0000000000,1342.6865448332,10800.0000000000,833.3333333333,833.3333333333,0.0000000000,0.0000000000,True
2025-07-01,0.0000000000,0.0000000000,1200.0000000000,10800.0000000000,833.3333333333,833.3333333333,0.0000000000,0.0000000000,True
2025-07-02,0.0000000000,0.0000000000,1200.0000000000,10800.0000000000,833.3333333333,833.3333333333,0.0000000000,0.0000000000,True
2025-07-03,0.0000000000,0.0000000000,1200.0000000000,10448.4881533706,833.3333333333,833.3333333333,0.0000000000,0.0000000000,True
2025-07-04,0.0000000000,0.0000000000,1200.0000000000,10800.0000000000,833.3333333333,779.2083333333,0.0000000000,0.0000000000,True
2025-07-05,0.0000000000,0.0000000000,1200.0000000000,10800.0000000000,833.3333333333,728.0928333333,0.0000000000,0.0000000000,True
2025-07-06,0.0000000000,0.0000000000,1200.0000000000,10800.0000000000,833.3333333333,833.3333333333,0.0000000000,0.0000000000,True
2025-07-07,0.0000000000,0.0000000000,1486.8834725972,10800.0000000000,833.3333333333,833.3333333333,0.0000000000,0.0000000000,True
2025-07-08,0.0000000000,0.0000000000,2632.5900273768,10800.0000000000,833.3333333333,751.2698433834,0.0000000000,0.0000000000,True
2025-07-09,0.0000000000,0.0000000000,2189.3061976661,10800.0000000000,833.3333333333,833.1704831098,0.0000000000,0.0000000000,True
2025-07-10,0.0000000000,0.0000000000,1889.4436748430,10800.0000000000,833.3333333333,807.8332204002,0.0000000000,0.0000000000,True
2025-07-11,0.0000000000,0.0000000000,2291.1215561065,10800.0000000000,833.3333333333,740.9250666667,0.0000000000,0.0000000000,True
2025-07-12,0.0000000000,0.0000000000,2027.6784229345,10800.0000000000,833.3333333333,726.9878333333,0.0000000000,0.0000000000,True
2025-07-13,0.0000000000,0.0000000000,1926.5892263957,10800.0000000000,833.3333333333,833.3333333333,0.0000000000,0.0000000000,True
2025-07-14,0.0000000000,0.0000000000,1609.0110322097,10800.0000000000,833.3333333333,827.1934581595,0.0000000000,0.0000000000,True
2025-07-15,0.0000000000,0.0000000000,2547.2246389648,10800.0000000000,833.3333333333,767.9656816860,0.0000000000,0.0000000000,True
2025-07-16,0.0000000000,0.0000000000,2056.9114313571,10800.0000000000,833.3333333333,807.8274013430,0.0000000000,0.0000000000,True
2025-07-17,0.0000000000,0.0000000000,2172.4705012487,10800.0000000000,833.3333333333,801.8967407638,0.0000000000,0.0000000000,True
2025-07-18,0.0000000000,0.0000000000,2265.3541078549,10800.0000000000,833.3333333333,742.0443500000,0.0000000000,0.0000000000,True
2025-07-19,0.0000000000,0.0000000000,1824.1656212283,10800.0000000000,833.3333333333,741.6691333333,0.0000000000,0.0000000000,True
2025-07-20,0.0000000000,0.0000000000,1869.4607408307,10800.0000000000,833.3333333333,827.6457056590,0.0000000000,0.0000000000,True
2025-07-21,0.0000000000,0.0000000000,1747.6013022182,10800.0000000000,833.3333333333,832.0301255369,0.0000000000,0.0000000000,True
2025-07-22,0.0000000000,0.0000000000,1590.5821394965,10800.0000000000,833.3333333333,833.3333333333,0.0000000000,0.0000000000,True
2025-07-23,0.0000000000,0.0000000000,1596.3848402196,10800.0000000000,833.3333333333,833.3333333333,0.0000000000,0.0000000000,True
2025-07-24,0.0000000000,0.0000000000,1785.4981946255,10800.0000000000,833.3333333333,815.1510425721,0.0000000000,0.0000000000,True
2025-07-25,0.0000000000,0.0000000000,1640.3574104099,10800.0000000000,833.3333333333,714.6207500000,0.0000000000,0.0000000000,True
2025-07-26,0.0000000000,0.0000000000,1653.7008915811,10800.0000000000,833.3333333333,730.4740333333,0.0000000000,0.0000000000,True
2025-07-27,0.0000000000,0.0000000000,1631.0363638447,10800.0000000000,833.3333333333,818.8777043770,0.0000000000,0.0000000000,True
2025-07-28,0.0000000000,0.0000000000,1200.0000000000,10800.0000000000,833.3333333333,810.2555372665,0.0000000000,0.0000000000,True
2025-07-29,0.0000000000,0.0000000000,1533.9020075098,10800.0000000000,833.3333333333,833.3333333333,0.0000000000,0.0000000000,True
2025-07-30,0.0000000000,0.0000000000,1762.3062191554,10800.0000000000,833.3333333333,811.2715892589,0.0000000000,0.0000000000,True
2025-07-31,0.0000000000,0.0000000000,1297.1339973538,10800.0000000000,833.3333333333,833.3333333333,0.0000000000,0.0000000000,True
2025-08-01,0.0000000000,0.0000000000,1550.8837647120,10800.0000000000,833.3333333333,725.0833333333,0.0000000000,0.0000000000,True
2025-08-02,0.0000000000,0.0000000000,1561.1411510974,10800.0000000000,833.3333333333,720.1400000000,0.0000000000,0.0000000000,True
2025-08-03,0.0000000000,0.0000000000,1200.0000000000,10800.0000000000,833.3333333333,833.3333333333,0.0000000000,0.0000000000,True
2025-08-04,0.0000000000,0.0000000000,1298.8813343335,10800.0000000000,833.3333333333,833.3333333333,0.0000000000,0.0000000000,True
2025-08-05,0.0000000000,0.0000000000,1620.3323349858,10800.0000000000,833.3333333333,830.6182843737,0.0000000000,0.0000000000,True
2025-08-06,0.0000000000,0.0000000000,1200.0000000000,10800.0000000000,833.3333333333,818.8278192453,0.0000000000,0.0000000000,True
2025-08-07,0.0000000000,0.0000000000,1444.3072715653,10800.0000000000,833.3333333333,833.3333333333,0.0000000000,0.0000000000,True
2025-08-08,0.0000000000,0.0000000000,1692.9539804380,10800.0000000000,833.3333333333,720.2655166667,0.0000000000,0.0000000000,True
2025-08-09,0.0000000000,0.0000000000,1727.0341278987,10800.0000000000,833.3333333333,700.3216666667,0.0000000000,0.0000000000,True
2025-08-10,0.0000000000,0.0000000000,1482.4834178542,10800.0000000000,833.3333333333,833.3333333333,0.0000000000,0.0000000000,True
2025-08-11,0.0000000000,0.0000000000,1222.6303314171,10800.0000000000,833.3333333333,833.3333333333,0.0000000000,0.0000000000,True
2025-08-12,0.0000000000,0.0000000000,1200.0000000000,10800.0000000000,833.3333333333,833.3333333333,0.0000000000,0.0000000000,True
2025-08-13,0.0000000000,0.0000000000,1529.7405407616,10800.0000000000,833.3333333333,833.3333333333,0.0000000000,0.0000000000,True
2025-08-14,0.0000000000,0.0000000000,1262.8046725220,10800.0000000000,833.3333333333,833.3333333333,0.0000000000,0.0000000000,True
2025-08-15,0.0000000000,0.0000000000,1846.8925738095,10800.0000000000,833.3333333333,707.0260333333,0.0000000000,0.0000000000,True
2025-08-16,0.0000000000,0.0000000000,1363.3452982648,10800.0000000000,833.3333333333,731.8950000000,0.0000000000,0.0000000000,True
2025-08-17,0.0000000000,0.0000000000,1424.4303732697,10800.0000000000,833.3333333333,833.3333333333,0.0000000000,0.0000000000,True
2025-08-18,0.0000000000,0.0000000000,1271.6018496591,10800.0000000000,833.3333333333,833.3333333333,0.0000000000,0.0000000000,True
2025-08-19,0.0000000000,0.0000000000,1704.5019534940,10800.0000000000,833.3333333333,833.3333333333,0.0000000000,0.0000000000,True
2025-08-20,0.0000000000,0.0000000000,1200.0000000000,10800.0000000000,833.3333333333,833.3333333333,0.0000000000,0.0000000000,True
2025-08-21,0.0000000000,0.0000000000,1595.9496481763,10800.0000000000,833.3333333333,831.9721853954,0.0000000000,0.0000000000,True
2025-08-22,0.0000000000,0.0000000000,1538.2196875024,10800.0000000000,833.3333333333,751.1733333333,0.0000000000,0.0000000000,True
2025-08-23,0.0000000000,0.0000000000,1796.3938703704,10800.0000000000,833.3333333333,698.8283333333,0.0000000000,0.0000000000,True
2025-08-24,0.0000000000,0.0000000000,1827.9816179701,10800.0000000000,833.3333333333,825.7335433313,0.0000000000,0.0000000000,True
2025-08-25,0.0000000000,0.0000000000,1200.0000000000,10800.0000000000,833.3333333333,833.3333333333,0.0000000000,0.0000000000,True
2025-08-26,0.0000000000,0.0000000000,1746.0326850043,10800.0000000000,833.3333333333,821.4929840641,0.0000000000,0.0000000000,True
2025-08-27,0.0000000000,0.0000000000,1502.3694820750,10800.0000000000,833.3333333333,833.3333333333,0.0000000000,0.0000000000,True
2025-08-28,0.0000000000,0.0000000000,1645.9230555556,10800.0000000000,833.3333333333,833.3333333333,0.0000000000,0.0000000000,True
2025-08-29,0.0000000000,0.0000000000,1812.9170809739,10800.0000000000,833.3333333333,729.1532333333,0.0000000000,0.0000000000,True
2025-08-30,0.0000000000,0.0000000000,1633.2423226314,10800.0000000000,833.3333333333,703.5511333333,0.0000000000,0.0000000000,True
2025-08-31,0.0000000000,0.0000000000,1413.1954827246,10800.0000000000,833.3333333333,833.3333333333,0.0000000000,0.0000000000,True
2025-09-01,0.0000000000,0.0000000000,2963.6299202493,10800.0000000000,833.3333333333,748.3579375900,0.0000000000,0.0000000000,True
2025-09-02,0.0000000000,0.0000000000,2384.0910259567,10800.0000000000,833.3333333333,766.3893915804,0.0000000000,0.0000000000,True
2025-09-03,0.0000000000,0.0000000000,2508.2522043170,10800.0000000000,833.3333333333,785.2038637175,0.0000000000,0.0000000000,True
2025-09-04,0.0000000000,0.0000000000,2107.6273660539,10800.0000000000,833.3333333333,810.2531826073,0.0000000000,0.0000000000,True
2025-09-05,0.0000000000,0.0000000000,2389.7381361376,10800.0000000000,833.3333333333,588.7583333333,0.0000000000,0.0000000000,True
2025-09-06,0.0000000000,0.0000000000,2329.4161160785,10800.0000000000,833.3333333333,588.4176000000,0.0000000000,0.0000000000,True
2025-09-07,0.0000000000,0.0000000000,1551.6712444915,10800.0000000000,833.3333333333,819.8683333333,0.0000000000,0.0000000000,True
2025-09-08,0.0000000000,0.0000000000,1200.0000000000,9387.0110164799,833.3333333333,761.2837500000,0.0000000000,0.0000000000,True
2025-09-09,0.0000000000,0.0000000000,1200.0000000000,10800.0000000000,833.3333333333,833.3333333333,0.0000000000,0.0000000000,True
2025-09-10,0.0000000000,0.0000000000,1200.0000000000,10395.2821018050,833.3333333333,819.7666666667,0.0000000000,0.0000000000,True
2025-09-11,0.0000000000,0.0000000000,1200.0000000000,10800.0000000000,833.3333333333,833.3333333333,0.0000000000,0.0000000000,True
2025-09-12,0.0000000000,0.0000000000,1383.1856462593,10800.0000000000,833.3333333333,583.2223166667,0.0000000000,0.0000000000,True
2025-09-13,0.0000000000,0.0000000000,1273.7926843038,10800.0000000000,833.3333333333,571.3068333333,0.0000000000,0.0000000000,True
2025-09-14,0.0000000000,0.0000000000,1200.0000000000,10778.8054772418,833.3333333333,831.9316666667,0.0000000000,0.0000000000,True
2025-09-15,0.0000000000,0.0000000000,1200.0000000000,10800.0000000000,833.3333333333,833.3333333333,0.0000000000,0.0000000000,True
2025-09-16,0.0000000000,0.0000000000,1200.0000000000,10800.0000000000,833.3333333333,833.3333333333,0.0000000000,0.0000000000,True
2025-09-17,0.0000000000,0.0000000000,1344.6646443635,10800.0000000000,833.3333333333,833.3333333333,0.0000000000,0.0000000000,True
2025-09-18,0.0000000000,0.0000000000,1250.6209005550,10800.0000000000,833.3333333333,833.3333333333,0.0000000000,0.0000000000,True
2025-09-19,0.0000000000,0.0000000000,2079.4733621786,10800.0000000000,833.3333333333,545.1881666667,0.0000000000,0.0000000000,True
2025-09-20,0.0000000000,0.0000000000,1843.0397307824,10800.0000000000,833.3333333333,572.0883333333,0.0000000000,0.0000000000,True
2025-09-21,0.0000000000,0.0000000000,1727.9887560459,10800.0000000000,833.3333333333,810.1317564045,0.0000000000,0.0000000000,True
2025-09-22,0.0000000000,0.0000000000,1746.1810383053,10800.0000000000,833.3333333333,833.3333333333,0.0000000000,0.0000000000,True
2025-09-23,0.0000000000,0.0000000000,1781.4495824746,10800.0000000000,833.3333333333,815.7042172993,0.0000000000,0.0000000000,True
2025-09-24,0.0000000000,0.0000000000,1790.8059140439,10800.0000000000,833.3333333333,825.1169333333,0.0000000000,0.0000000000,True
2025-09-25,0.0000000000,0.0000000000,1926.2364056423,10800.0000000000,833.3333333333,833.3333333333,0.0000000000,0.0000000000,True
2025-09-26,0.0000000000,0.0000000000,2089.6172320492,10800.0000000000,833.3333333333,562.1766666667,0.0000000000,0.0000000000,True
2025-09-27,0.0000000000,0.0000000000,1835.6514465793,10800.0000000000,833.3333333333,548.6300000000,0.0000000000,0.0000000000,True
2025-09-28,0.0000000000,0.0000000000,1814.6836909897,10800.0000000000,833.3333333333,831.8665435601,0.0000000000,0.0000000000,True
2025-09-29,0.0000000000,0.0000000000,1518.2645555843,10800.0000000000,833.3333333333,833.3333333333,0.0000000000,0.0000000000,True
2025-09-30,0.0000000000,0.0000000000,1593.3015648403,10800.0000000000,833.3333333333,833.3333333333,0.0000000000,0.0000000000,True
2025-10-01,0.0000000000,0.0000000000,2531.4358265911,10800.0000000000,833.3333333333,816.4716666667,0.0000000000,0.0000000000,True
2025-10-02,0.0000000000,0.0000000000,2531.3103949574,10800.0000000000,833.3333333333,828.9116666667,0.0000000000,0.0000000000,True
2025-10-03,0.0000000000,0.0000000000,2620.0523734795,10800.0000000000,833.3333333333,498.6756500000,0.0000000000,0.0000000000,True
2025-10-04,0.0000000000,0.0000000000,2239.6018437595,10800.0000000000,833.3333333333,501.8200000000,0.0000000000,0.0000000000,True
2025-10-05,0.0000000000,0.0000000000,2057.9733333333,10800.0000000000,833.3333333333,814.7684000000,0.0000000000,0.0000000000,True
2025-10-06,0.0000000000,0.0000000000,1665.1093597606,10800.0000000000,833.3333333333,792.6234664674,0.0000000000,0.0000000000,True
2025-10-07,0.0000000000,0.0000000000,1616.8056800794,10800.0000000000,833.3333333333,810.2468000000,0.0000000000,0.0000000000,True
2025-10-08,0.0000000000,0.0000000000,1200.0000000000,10800.0000000000,833.3333333333,821.6677166667,0.0000000000,0.0000000000,True
2025-10-09,0.0000000000,0.0000000000,1200.0000000000,10800.0000000000,833.3333333333,820.1652000000,0.0000000000,0.0000000000,True
2025-10-10,0.0000000000,0.0000000000,1544.0155197491,10800.0000000000,833.3333333333,486.0208666667,0.0000000000,0.0000000000,True
2025-10-11,0.0000000000,0.0000000000,1421.4283033366,10800.0000000000,833.3333333333,496.5483333333,0.0000000000,0.0000000000,True
2025-10-12,0.0000000000,0.0000000000,1211.1595090290,10800.0000000000,833.3333333333,833.3333333333,0.0000000000,0.0000000000,True
2025-10-13,0.0000000000,0.0000000000,1200.0000000000,10800.0000000000,833.3333333333,806.2616666667,0.0000000000,0.0000000000,True
2025-10-14,0.0000000000,0.0000000000,1222.3888782065,10800.0000000000,833.3333333333,814.6924166667,0.0000000000,0.0000000000,True
2025-10-15,0.0000000000,0.0000000000,1200.0000000000,10800.0000000000,833.3333333333,801.6336339464,0.0000000000,0.0000000000,True
2025-10-16,0.0000000000,0.0000000000,1200.0000000000,10800.0000000000,833.3333333333,814.5196333333,0.0000000000,0.0000000000,True
2025-10-17,0.0000000000,0.0000000000,1573.4575511241,10800.0000000000,833.3333333333,489.1051833333,0.0000000000,0.0000000000,True
2025-10-18,0.0000000000,0.0000000000,2039.6535160101,10800.0000000000,833.3333333333,466.4000333333,0.0000000000,0.0000000000,True
2025-10-19,0.0000000000,0.0000000000,1200.0000000000,10800.0000000000,833.3333333333,825.5608333333,0.0000000000,0.0000000000,True
2025-10-20,0.0000000000,0.0000000000,1200.0000000000,10800.0000000000,833.3333333333,819.6775666667,0.0000000000,0.0000000000,True
2025-10-21,0.0000000000,0.0000000000,1727.5816679644,10800.0000000000,833.3333333333,831.9733333333,0.0000000000,0.0000000000,True
2025-10-22,0.0000000000,0.0000000000,1200.0000000000,10800.0000000000,833.3333333333,825.7539500000,0.0000000000,0.0000000000,True
2025-10-23,0.0000000000,0.0000000000,1570.2654982333,10800.0000000000,833.3333333333,813.5752238749,0.0000000000,0.0000000000,True
2025-10-24,0.0000000000,0.0000000000,1559.7017382583,10800.0000000000,833.3333333333,509.0331333333,0.0000000000,0.0000000000,True
2025-10-25,0.0000000000,0.0000000000,1617.3192530871,10800.0000000000,833.3333333333,485.5650000000,0.0000000000,0.0000000000,True
2025-10-26,0.0000000000,0.0000000000,1779.3730254333,10800.0000000000,833.3333333333,830.1616666667,0.0000000000,0.0000000000,True
2025-10-27,0.0000000000,0.0000000000,1200.0000000000,10800.0000000000,833.3333333333,833.3333333333,0.0000000000,0.0000000000,True
2025-10-28,0.0000000000,0.0000000000,1528.2778026194,10800.0000000000,833.3333333333,805.3445552890,0.0000000000,0.0000000000,True
2025-10-29,0.0000000000,0.0000000000,1200.0000000000,10800.0000000000,833.3333333333,816.2304500000,0.0000000000,0.0000000000,True
2025-10-30,0.0000000000,0.0000000000,1599.0773573665,10800.0000000000,833.3333333333,833.3333333333,0.0000000000,0.0000000000,True
2025-10-31,0.0000000000,0.0000000000,1685.3891439745,10800.0000000000,833.3333333333,487.6216666667,0.0000000000,0.0000000000,True
2025-11-01,0.0000000000,0.0000000000,1975.9077592593,10800.0000000000,833.3333333333,477.1737833333,0.0000000000,0.0000000000,True
2025-11-02,0.0000000000,0.0000000000,1200.0000000000,10800.0000000000,833.3333333333,815.4652185552,0.0000000000,0.0000000000,True
2025-11-03,0.0000000000,0.0000000000,1442.0344771905,10800.0000000000,833.3333333333,808.0150000000,0.0000000000,0.0000000000,True
2025-11-04,0.0000000000,0.0000000000,1239.1947747141,10800.0000000000,833.3333333333,833.3333333333,0.0000000000,0.0000000000,True
2025-11-05,0.0000000000,0.0000000000,1700.7030898656,10800.0000000000,833.3333333333,813.2937315847,0.0000000000,0.0000000000,True
2025-11-06,0.0000000000,0.0000000000,1302.6266386621,10800.0000000000,833.3333333333,816.8703064171,0.0000000000,0.0000000000,True
2025-11-07,0.0000000000,0.0000000000,1659.3332222222,10800.0000000000,833.3333333333,491.6083333333,0.0000000000,0.0000000000,True
2025-11-08,0.0000000000,0.0000000000,1654.8140548974,10800.0000000000,833.3333333333,481.4116666667,0.0000000000,0.0000000000,True
2025-11-09,0.0000000000,0.0000000000,1491.8004045869,10800.0000000000,833.3333333333,808.1183333333,0.0000000000,0.0000000000,True
2025-11-10,0.0000000000,0.0000000000,1200.0000000000,10800.0000000000,833.3333333333,826.6853333333,0.0000000000,0.0000000000,True
2025-11-11,0.0000000000,0.0000000000,1632.7855813045,10800.0000000000,833.3333333333,797.5288841395,0.0000000000,0.0000000000,True
2025-11-12,0.0000000000,0.0000000000,1302.4965662251,10800.0000000000,833.3333333333,817.6585166667,0.0000000000,0.0000000000,True
2025-11-13,0.0000000000,0.0000000000,1245.3582325000,10800.0000000000,833.3333333333,833.3333333333,0.0000000000,0.0000000000,True
2025-11-14,0.0000000000,0.0000000000,1720.6487821920,10800.0000000000,833.3333333333,474.0410500000,0.0000000000,0.0000000000,True
2025-11-15,0.0000000000,0.0000000000,1491.6806483510,10800.0000000000,833.3333333333,486.8850000000,0.0000000000,0.0000000000,True
2025-11-16,0.0000000000,0.0000000000,1480.7054871979,10800.0000000000,833.3333333333,832.3133333333,0.0000000000,0.0000000000,True
2025-11-17,0.0000000000,0.0000000000,1399.1932930704,10800.0000000000,833.3333333333,788.5726500000,0.0000000000,0.0000000000,True
2025-11-18,0.0000000000,0.0000000000,1486.5929300283,10800.0000000000,833.3333333333,815.6380748148,0.0000000000,0.0000000000,True
2025-11-19,0.0000000000,0.0000000000,1345.4279974704,10800.0000000000,833.3333333333,833.3333333333,0.0000000000,0.0000000000,True
2025-11-20,0.0000000000,0.0000000000,1527.4314651661,10800.0000000000,833.3333333333,804.2333333333,0.0000000000,0.0000000000,True
2025-11-21,0.0000000000,0.0000000000,1937.7684650680,10800.0000000000,833.3333333333,489.4308333333,0.0000000000,0.0000000000,True
2025-11-22,0.0000000000,0.0000000000,1536.8250557799,10800.0000000000,833.3333333333,537.3437500000,0.0000000000,0.0000000000,True
2025-11-23,0.0000000000,0.0000000000,1389.3423992800,10800.0000000000,833.3333333333,805.6600000000,0.0000000000,0.0000000000,True
2025-11-24,0.0000000000,0.0000000000,1200.0000000000,10800.0000000000,833.3333333333,833.3333333333,0.0000000000,0.0000000000,True
2025-11-25,0.0000000000,0.0000000000,1465.8150539368,10800.0000000000,833.3333333333,804.7575490929,0.0000000000,0.0000000000,True
2025-11-26,0.0000000000,0.0000000000,1519.5356169708,10800.0000000000,833.3333333333,833.3333333333,0.0000000000,0.0000000000,True
2025-11-27,0.0000000000,0.0000000000,1395.8827469703,10800.0000000000,833.3333333333,800.2227801833,0.0000000000,0.0000000000,True
2025-11-28,0.0000000000,0.0000000000,1366.1196263532,10800.0000000000,833.3333333333,511.0125000000,0.0000000000,0.0000000000,True
2025-11-29,0.0000000000,0.0000000000,1703.5038938100,10800.0000000000,833.3333333333,499.8883333333,0.0000000000,0.0000000000,True
2025-11-30,0.0000000000,0.0000000000,1241.1970706117,10800.0000000000,833.3333333333,833.3333333333,0.0000000000,0.0000000000,True
2025-12-01,0.0000000000,0.0000000000,1200.0000000000,10200.0000000000,833.3333333333,833.3333333333,0.0000000000,0.0000000000,True
2025-12-02,0.0000000000,0.0000000000,1200.0000000000,10800.0000000000,833.3333333333,833.3333333333,0.0000000000,0.0000000000,True
2025-12-03,0.0000000000,0.0000000000,1637.0914199232,10800.0000000000,833.3333333333,812.5849241679,0.0000000000,0.0000000000,True
2025-12-04,0.0000000000,0.0000000000,1200.0000000000,10800.0000000000,833.3333333333,833.3333333333,0.0000000000,0.0000000000,True
2025-12-05,0.0000000000,0.0000000000,1778.9897715385,10800.0000000000,833.3333333333,665.5750000000,0.0000000000,0.0000000000,True
2025-12-06,0.0000000000,0.0000000000,1521.3008918021,10800.0000000000,833.3333333333,655.6695833333,0.0000000000,0.0000000000,True
2025-12-07,0.0000000000,0.0000000000,1373.7198905633,10800.0000000000,833.3333333333,833.3333333333,0.0000000000,0.0000000000,True
2025-12-08,0.0000000000,0.0000000000,1430.2069608588,10800.0000000000,833.3333333333,768.9918333333,0.0000000000,0.0000000000,True
2025-12-09,0.0000000000,0.0000000000,1439.1485820218,10800.0000000000,833.3333333333,829.2721796693,0.0000000000,0.0000000000,True
2025-12-10,0.0000000000,0.0000000000,1516.8789495621,10800.0000000000,833.3333333333,748.9394666667,0.0000000000,0.0000000000,True
2025-12-11,0.0000000000,0.0000000000,1545.5930785350,10800.0000000000,833.3333333333,773.3083333333,0.0000000000,0.0000000000,True
2025-12-12,0.0000000000,0.0000000000,1618.4218603399,10800.0000000000,833.3333333333,625.3124500000,0.0000000000,0.0000000000,True
2025-12-13,0.0000000000,0.0000000000,1657.8195000000,10800.0000000000,833.3333333333,633.9050000000,0.0000000000,0.0000000000,True
2025-12-14,0.0000000000,0.0000000000,1305.5388190690,10800.0000000000,833.3333333333,766.4541500000,0.0000000000,0.0000000000,True
2025-12-15,0.0000000000,0.0000000000,1200.0000000000,10800.0000000000,833.3333333333,830.0362408831,0.0000000000,0.0000000000,True
2025-12-16,0.0000000000,0.0000000000,1630.4603350836,10800.0000000000,833.3333333333,780.4191364690,0.0000000000,0.0000000000,True
2025-12-17,0.0000000000,0.0000000000,1415.1040142972,10800.0000000000,833.3333333333,802.2003794478,0.0000000000,0.0000000000,True
2025-12-18,0.0000000000,0.0000000000,1473.9757423889,10800.0000000000,833.3333333333,805.5397180473,0.0000000000,0.0000000000,True
2025-12-19,0.0000000000,0.0000000000,1517.2436328196,10800.0000000000,833.3333333333,626.0969500000,0.0000000000,0.0000000000,True
2025-12-20,0.0000000000,0.0000000000,1641.9024860689,10800.0000000000,833.3333333333,619.5816666667,0.0000000000,0.0000000000,True
2025-12-21,0.0000000000,0.0000000000,1333.4133038076,10800.0000000000,833.3333333333,833.3333333333,0.0000000000,0.0000000000,True
2025-12-22,0.0000000000,0.0000000000,1200.0000000000,10800.0000000000,833.3333333333,833.3333333333,0.0000000000,0.0000000000,True
2025-12-23,0.0000000000,0.0000000000,1556.2243086583,10800.0000000000,833.3333333333,770.2997818775,0.0000000000,0.0000000000,True
2025-12-24,0.0000000000,0.0000000000,1200.0000000000,10800.0000000000,833.3333333333,833.3333333333,0.0000000000,0.0000000000,True
2025-12-25,0.0000000000,0.0000000000,1351.3020625382,10800.0000000000,833.3333333333,811.9459646733,0.0000000000,0.0000000000,True
2025-12-26,0.0000000000,0.0000000000,1677.2190019592,10800.0000000000,833.3333333333,651.6783333333,0.0000000000,0.0000000000,True
2025-12-27,0.0000000000,0.0000000000,1510.8572543671,10800.0000000000,833.3333333333,648.7416666667,0.0000000000,0.0000000000,True
2025-12-28,0.0000000000,0.0000000000,1540.0692008028,10800.0000000000,833.3333333333,833.3333333333,0.0000000000,0.0000000000,True
2025-12-29,0.0000000000,0.0000000000,1318.5211376766,10800.0000000000,833.3333333333,819.1030202038,0.0000000000,0.0000000000,True
2025-12-30,0.0000000000,0.0000000000,1291.4381588166,10800.0000000000,833.3333333333,833.3333333333,0.0000000000,0.0000000000,True
2025-12-31,0.0000000000,0.0000000000,1200.0000000000,10800.0000000000,833.3333333333,824.6344597781,0.0000000000,0.0000000000,True
2025-02-01,0.0000000000,0.0000000000,2140.0449899982,10800.0000000000,833.3333333333,552.0416666667,0.0000000000,0.0000000000,True
2025-02-02,0.0000000000,0.0000000000,1638.7744817611,10800.0000000000,833.3333333333,794.8620604734,0.0000000000,0.0000000000,True
2025-02-03,0.0000000000,0.0000000000,1277.6211381259,10800.0000000000,833.3333333333,797.6173588547,0.0000000000,0.0000000000,True
2025-02-04,0.0000000000,0.0000000000,1648.4272606991,10800.0000000000,833.3333333333,815.6467135799,0.0000000000,0.0000000000,True
2025-02-05,0.0000000000,0.0000000000,1349.5282990406,10800.0000000000,833.3333333333,833.3333333333,0.0000000000,0.0000000000,True
2025-02-06,0.0000000000,0.0000000000,1522.8754214694,10800.0000000000,833.3333333333,833.3333333333,0.0000000000,0.0000000000,True
2025-02-07,0.0000000000,0.0000000000,1417.0514793558,10800.0000000000,833.3333333333,536.0374500000,0.0000000000,0.0000000000,True
2025-02-08,0.0000000000,0.0000000000,1330.1947704749,10800.0000000000,833.3333333333,519.1618833333,0.0000000000,0.0000000000,True
2025-02-09,0.0000000000,0.0000000000,1200.0000000000,10800.0000000000,833.3333333333,833.3333333333,0.0000000000,0.0000000000,True
2025-02-10,0.0000000000,0.0000000000,1200.0000000000,10800.0000000000,833.3333333333,833.3333333333,0.0000000000,0.0000000000,True
2025-02-11,0.0000000000,0.0000000000,1200.0000000000,10800.0000000000,833.3333333333,833.3333333333,0.0000000000,0.0000000000,True
2025-02-12,0.0000000000,0.0000000000,1374.3458077054,10800.0000000000,833.3333333333,833.3333333333,0.0000000000,0.0000000000,True
2025-02-13,0.0000000000,0.0000000000,1357.6111047134,10800.0000000000,833.3333333333,824.8433707834,0.0000000000,0.0000000000,True
2025-02-14,0.0000000000,0.0000000000,1629.3280224305,10800.0000000000,833.3333333333,559.7672500000,0.0000000000,0.0000000000,True
2025-02-15,0.0000000000,0.0000000000,1586.3987793196,10800.0000000000,833.3333333333,547.3166666667,0.0000000000,0.0000000000,True
2025-02-16,0.0000000000,0.0000000000,1312.2124664106,10800.0000000000,833.3333333333,833.3333333333,0.0000000000,0.0000000000,True
2025-02-17,0.0000000000,0.0000000000,1200.0000000000,10800.0000000000,833.3333333333,833.3333333333,0.0000000000,0.0000000000,True
2025-02-18,0.0000000000,0.0000000000,1499.0246856837,10800.0000000000,833.3333333333,833.3333333333,0.0000000000,0.0000000000,True
2025-02-19,0.0000000000,0.0000000000,1362.1361244175,10800.0000000000,833.3333333333,833.3333333333,0.0000000000,0.0000000000,True
2025-02-20,0.0000000000,0.0000000000,1603.5231940709,10800.0000000000,833.3333333333,833.3333333333,0.0000000000,0.0000000000,True
2025-02-21,0.0000000000,0.0000000000,1876.3120519961,10800.0000000000,833.3333333333,535.0380000000,0.0000000000,0.0000000000,True
2025-02-22,0.0000000000,0.0000000000,1671.6099937975,10800.0000000000,833.3333333333,530.3050000000,0.0000000000,0.0000000000,True
2025-02-23,0.0000000000,0.0000000000,1368.9003195019,10800.0000000000,833.3333333333,833.3333333333,0.0000000000,0.0000000000,True
2025-02-24,0.0000000000,0.0000000000,1200.0000000000,10800.0000000000,833.3333333333,833.3333333333,0.0000000000,0.0000000000,True
2025-02-25,0.0000000000,0.0000000000,1476.7177028058,10800.0000000000,833.3333333333,833.3333333333,0.0000000000,0.0000000000,True
2025-02-26,0.0000000000,0.0000000000,1558.5464412598,10800.0000000000,833.3333333333,825.4791136661,0.0000000000,0.0000000000,True
2025-02-27,0.0000000000,0.0000000000,1240.5272761969,10800.0000000000,833.3333333333,821.8737679314,0.0000000000,0.0000000000,True
2025-02-28,0.0000000000,0.0000000000,1726.9668903335,10800.0000000000,833.3333333333,520.9738000000,0.0000000000,0.0000000000,True
2025-03-01,0.0000000000,0.0000000000,1713.0922436644,10800.0000000000,833.3333333333,478.9468333333,0.0000000000,0.0000000000,True
2025-03-02,0.0000000000,0.0000000000,1200.0000000000,10800.0000000000,833.3333333333,784.3625590991,0.0000000000,0.0000000000,True
2025-03-03,0.0000000000,0.0000000000,1200.0000000000,10800.0000000000,833.3333333333,817.7283333333,0.0000000000,0.0000000000,True
2025-03-04,0.0000000000,0.0000000000,1441.7444871022,10800.0000000000,833.3333333333,796.3509654276,0.0000000000,0.0000000000,True
2025-03-05,0.0000000000,0.0000000000,1312.1612433826,10800.0000000000,833.3333333333,833.3333333333,0.0000000000,0.0000000000,True
2025-03-06,0.0000000000,0.0000000000,1502.0079886057,10800.0000000000,833.3333333333,779.3537164978,0.0000000000,0.0000000000,True
2025-03-07,0.0000000000,0.0000000000,1839.5882312272,10800.0000000000,833.3333333333,463.2970666667,0.0000000000,0.0000000000,True
2025-03-08,0.0000000000,0.0000000000,1375.6672882991,10800.0000000000,833.3333333333,470.8035500000,0.0000000000,0.0000000000,True
2025-03-09,0.0000000000,0.0000000000,1261.4966464594,10800.0000000000,833.3333333333,780.8316666667,0.0000000000,0.0000000000,True
2025-03-10,0.0000000000,0.0000000000,1200.0000000000,10769.6261003171,833.3333333333,822.2328833333,0.0000000000,0.0000000000,True
2025-03-11,0.0000000000,0.0000000000,1562.1745625542,10800.0000000000,833.3333333333,788.2315166667,0.0000000000,0.0000000000,True
2025-03-12,0.0000000000,0.0000000000,1373.2286080605,10800.0000000000,833.3333333333,795.6400000000,0.0000000000,0.0000000000,True
2025-03-13,0.0000000000,0.0000000000,1200.0000000000,10800.0000000000,833.3333333333,829.3766666667,0.0000000000,0.0000000000,True
2025-03-14,0.0000000000,0.0000000000,1692.8628481373,10800.0000000000,833.3333333333,496.7150000000,0.0000000000,0.0000000000,True
2025-03-15,0.0000000000,0.0000000000,1529.6397940742,10800.0000000000,833.3333333333,508.6490333333,0.0000000000,0.0000000000,True
2025-03-16,0.0000000000,0.0000000000,1658.1645313354,10800.0000000000,833.3333333333,833.3333333333,0.0000000000,0.0000000000,True
2025-03-17,0.0000000000,0.0000000000,1262.0178055495,10800.0000000000,833.3333333333,792.1298500000,0.0000000000,0.0000000000,True
2025-03-18,0.0000000000,0.0000000000,1265.0321169352,10800.0000000000,833.3333333333,801.5304166667,0.0000000000,0.0000000000,True
2025-03-19,0.0000000000,0.0000000000,1590.2319083223,10800.0000000000,833.3333333333,823.4450000000,0.0000000000,0.0000000000,True
2025-03-20,0.0000000000,0.0000000000,1387.1570019323,10800.0000000000,833.3333333333,827.0150000000,0.0000000000,0.0000000000,True
2025-03-21,0.0000000000,0.0000000000,1497.3631442291,10800.0000000000,833.3333333333,494.8250000000,0.0000000000,0.0000000000,True
2025-03-22,0.0000000000,0.0000000000,1849.0149629630,10800.0000000000,833.3333333333,471.8125166667,0.0000000000,0.0000000000,True
2025-03-23,0.0000000000,0.0000000000,1200.0000000000,10800.0000000000,833.3333333333,817.6898666667,0.0000000000,0.0000000000,True
2025-03-24,0.0000000000,0.0000000000,1209.4120015115,10800.0000000000,833.3333333333,805.6850000000,0.0000000000,0.0000000000,True
2025-03-25,0.0000000000,0.0000000000,1200.0000000000,10800.0000000000,833.3333333333,800.1925000000,0.0000000000,0.0000000000,True
2025-03-26,0.0000000000,0.0000000000,1305.4282047203,10800.0000000000,833.3333333333,787.9337500000,0.0000000000,0.0000000000,True
2025-03-27,0.0000000000,0.0000000000,1498.0232831337,10800.0000000000,833.3333333333,766.7254166667,0.0000000000,0.0000000000,True
2025-03-28,0.0000000000,0.0000000000,1797.5835255092,10800.0000000000,833.3333333333,483.8733333333,0.0000000000,0.0000000000,True
2025-03-29,0.0000000000,0.0000000000,1558.1693607528,10800.0000000000,833.3333333333,482.2450000000,0.0000000000,0.0000000000,True
2025-03-30,0.0000000000,0.0000000000,1488.2651301526,10800.0000000000,833.3333333333,761.5791333333,0.0000000000,0.0000000000,True
2025-03-31,0.0000000000,0.0000000000,1200.0000000000,10800.0000000000,833.3333333333,796.0470833333,0.0000000000,0.0000000000,True
2025-04-01,0.0000000000,0.0000000000,1200.0000000000,10800.0000000000,833.3333333333,772.0364500000,0.0000000000,0.0000000000,True
2025-04-02,0.0000000000,0.0000000000,1200.0000000000,10800.0000000000,833.3333333333,788.4129166667,0.0000000000,0.0000000000,True
2025-04-03,0.0000000000,0.0000000000,1414.9004232767,10800.0000000000,833.3333333333,779.5462500000,0.0000000000,0.0000000000,True
2025-04-04,0.0000000000,0.0000000000,1756.7577579340,10800.0000000000,833.3333333333,503.5033333333,0.0000000000,0.0000000000,True
2025-04-05,0.0000000000,0.0000000000,1581.1982864209,10800.0000000000,833.3333333333,487.7073833333,0.0000000000,0.0000000000,True
2025-04-06,0.0000000000,0.0000000000,1241.5845661775,10800.0000000000,833.3333333333,772.5316666667,0.0000000000,0.0000000000,True
2025-04-07,0.0000000000,0.0000000000,1350.9797391708,10800.0000000000,833.3333333333,735.0190166667,0.0000000000,0.0000000000,True
2025-04-08,0.0000000000,0.0000000000,1214.7602495913,10800.0000000000,833.3333333333,746.5050000000,0.0000000000,0.0000000000,True
2025-04-09,0.0000000000,0.0000000000,1200.0000000000,10800.0000000000,833.3333333333,749.6552500000,0.0000000000,0.0000000000,True
2025-04-10,0.0000000000,0.0000000000,1373.3817943595,10800.0000000000,833.3333333333,766.9669166667,0.0000000000,0.0000000000,True
2025-04-11,0.0000000000,0.0000000000,1711.2966735351,10800.0000000000,833.3333333333,493.1533333333,0.0000000000,0.0000000000,True
2025-04-12,0.0000000000,0.0000000000,1748.2025922801,10800.0000000000,833.3333333333,476.1539333333,0.0000000000,0.0000000000,True
2025-04-13,0.0000000000,0.0000000000,1301.0541120534,10800.0000000000,833.3333333333,748.9800000000,0.0000000000,0.0000000000,True
2025-04-14,0.0000000000,0.0000000000,1200.0000000000,10800.0000000000,833.3333333333,759.3166666667,0.0000000000,0.0000000000,True
2025-04-15,0.0000000000,0.0000000000,1441.3586688139,10800.0000000000,833.3333333333,751.0735833333,0.0000000000,0.0000000000,True
2025-04-16,0.0000000000,0.0000000000,1500.1055103796,10800.0000000000,833.3333333333,730.5316666667,0.0000000000,0.0000000000,True
2025-04-17,0.0000000000,0.0000000000,1371.8222580236,10800.0000000000,833.3333333333,750.8766666667,0.0000000000,0.0000000000,True
2025-04-18,0.0000000000,0.0000000000,1765.7569736665,10800.0000000000,833.3333333333,475.2600000000,0.0000000000,0.0000000000,True
2025-04-19,0.0000000000,0.0000000000,1754.1965694804,10800.0000000000,833.3333333333,475.2686500000,0.0000000000,0.0000000000,True
2025-04-20,0.0000000000,0.0000000000,1594.9517153002,10800.0000000000,833.3333333333,721.5449000000,0.0000000000,0.0000000000,True
2025-04-21,0.0000000000,0.0000000000,1200.0000000000,10800.0000000000,833.3333333333,741.0165500000,0.0000000000,0.0000000000,True
2025-04-22,0.0000000000,0.0000000000,1595.1927197402,10800.0000000000,833.3333333333,736.1570333333,0.0000000000,0.0000000000,True
2025-04-23,0.0000000000,0.0000000000,1542.3591984463,10800.0000000000,833.3333333333,748.3694500000,0.0000000000,0.0000000000,True
2025-04-24,0.0000000000,0.0000000000,1473.4377629372,10800.0000000000,833.3333333333,745.5016666667,0.0000000000,0.0000000000,True
2025-04-25,0.0000000000,0.0000000000,1663.1767777778,10800.0000000000,833.3333333333,490.2083333333,0.0000000000,0.0000000000,True
2025-04-26,0.0000000000,0.0000000000,1533.2759399600,10800.0000000000,833.3333333333,484.1332333333,0.0000000000,0.0000000000,True
2025-04-27,0.0000000000,0.0000000000,1200.0000000000,10800.0000000000,833.3333333333,733.8631166667,0.0000000000,0.0000000000,True
2025-04-28,0.0000000000,0.0000000000,1200.0000000000,10800.0000000000,833.3333333333,697.8383333333,0.0000000000,0.0000000000,True
2025-04-29,0.0000000000,0.0000000000,1200.0000000000,10800.0000000000,833.3333333333,748.9916666667,0.0000000000,0.0000000000,True
2025-04-30,0.0000000000,0.0000000000,1283.3687693016,10800.0000000000,833.3333333333,746.8378333333,0.0000000000,0.0000000000,True
2025-05-01,0.0000000000,0.0000000000,1200.0000000000,10800.0000000000,833.3333333333,819.6148166667,0.0000000000,0.0000000000,True
2025-05-02,0.0000000000,0.0000000000,1200.0000000000,10800.0000000000,833.3333333333,546.4155500000,0.0000000000,0.0000000000,True
2025-05-03,0.0000000000,0.0000000000,1200.0000000000,10800.0000000000,833.3333333333,572.5083333333,0.0000000000,0.0000000000,True
2025-05-04,0.0000000000,0.0000000000,1200.0000000000,10800.0000000000,833.3333333333,803.8746000000,0.0000000000,0.0000000000,True
2025-05-05,0.0000000000,0.0000000000,1200.0000000000,10800.0000000000,833.3333333333,809.2416833333,0.0000000000,0.0000000000,True
2025-05-06,0.0000000000,0.0000000000,1200.0000000000,10800.0000000000,833.3333333333,814.2691666667,0.0000000000,0.0000000000,True
2025-05-07,0.0000000000,0.0000000000,1200.0000000000,10800.0000000000,833.3333333333,833.0116666667,0.0000000000,0.0000000000,True
2025-05-08,0.0000000000,0.0000000000,1680.7076936958,10800.0000000000,833.3333333333,833.3333333333,0.0000000000,0.0000000000,True
2025-05-09,0.0000000000,0.0000000000,2237.8768677075,10800.0000000000,833.3333333333,560.7918000000,0.0000000000,0.0000000000,True
2025-05-10,0.0000000000,0.0000000000,2294.3435907884,10800.0000000000,833.3333333333,554.0049500000,0.0000000000,0.0000000000,True
2025-05-11,0.0000000000,0.0000000000,1571.2166764744,10800.0000000000,833.3333333333,833.3333333333,0.0000000000,0.0000000000,True
2025-05-12,0.0000000000,0.0000000000,1686.7513762936,10800.0000000000,833.3333333333,819.3645333333,0.0000000000,0.0000000000,True
2025-05-13,0.0000000000,0.0000000000,1656.7914480722,10800.0000000000,833.3333333333,825.4812333333,0.0000000000,0.0000000000,True
2025-05-14,0.0000000000,0.0000000000,1925.7449892515,10800.0000000000,833.3333333333,816.3005938343,0.0000000000,0.0000000000,True
2025-05-15,0.0000000000,0.0000000000,2340.9390594958,10800.0000000000,833.3333333333,801.5756502209,0.0000000000,0.0000000000,True
2025-05-16,0.0000000000,0.0000000000,2359.0835473338,10800.0000000000,833.3333333333,566.1133333333,0.0000000000,0.0000000000,True
2025-05-17,0.0000000000,0.0000000000,1875.8195727918,10800.0000000000,833.3333333333,593.3274333333,0.0000000000,0.0000000000,True
2025-05-18,0.0000000000,0.0000000000,1984.5143992782,10800.0000000000,833.3333333333,833.0757601583,0.0000000000,0.0000000000,True
2025-05-19,0.0000000000,0.0000000000,1411.4528656531,10800.0000000000,833.3333333333,833.3333333333,0.0000000000,0.0000000000,True
2025-05-20,0.0000000000,0.0000000000,1559.3151599042,10800.0000000000,833.3333333333,831.5733333333,0.0000000000,0.0000000000,True
2025-05-21,0.0000000000,0.0000000000,1736.0660090768,10800.0000000000,833.3333333333,811.0043333333,0.0000000000,0.0000000000,True
2025-05-22,0.0000000000,0.0000000000,1670.2501668489,10800.0000000000,833.3333333333,832.2686942667,0.0000000000,0.0000000000,True
2025-05-23,0.0000000000,0.0000000000,1975.3974454371,10800.0000000000,833.3333333333,551.3140666667,0.0000000000,0.0000000000,True
2025-05-24,0.0000000000,0.0000000000,2138.4912722919,10800.0000000000,833.3333333333,551.4284333333,0.0000000000,0.0000000000,True
2025-05-25,0.0000000000,0.0000000000,1545.4750466584,10800.0000000000,833.3333333333,810.7893500000,0.0000000000,0.0000000000,True
2025-05-26,0.0000000000,0.0000000000,1200.0000000000,10800.0000000000,833.3333333333,824.9333333333,0.0000000000,0.0000000000,True
2025-05-27,0.0000000000,0.0000000000,1535.4209162010,10800.0000000000,833.3333333333,819.2750000000,0.0000000000,0.0000000000,True
2025-05-28,0.0000000000,0.0000000000,1543.7667533980,10800.0000000000,833.3333333333,825.7825333333,0.0000000000,0.0000000000,True
2025-05-29,0.0000000000,0.0000000000,1439.5687374009,10800.0000000000,833.3333333333,833.3333333333,0.0000000000,0.0000000000,True
2025-05-30,0.0000000000,0.0000000000,1929.1917475142,10800.0000000000,833.3333333333,532.5197666667,0.0000000000,0.0000000000,True
2025-05-31,0.0000000000,0.0000000000,1769.7822943911,10800.0000000000,833.3333333333,551.2803500000,0.0000000000,0.0000000000,True
2025-06-01,0.0000000000,0.0000000000,1200.0000000000,9683.8745659465,833.3333333333,620.8420833333,0.0000000000,0.0000000000,True
2025-06-02,0.0000000000,0.0000000000,1200.0000000000,10310.4219769419,833.3333333333,683.4500000000,0.0000000000,0.0000000000,True
2025-06-03,0.0000000000,0.0000000000,1200.0000000000,10800.0000000000,833.3333333333,833.3333333333,0.0000000000,0.0000000000,True
2025-06-04,0.0000000000,0.0000000000,1200.0000000000,10800.0000000000,833.3333333333,833.3333333333,0.0000000000,0.0000000000,True
2025-06-05,0.0000000000,0.0000000000,1200.0000000000,10800.0000000000,833.3333333333,833.3333333333,0.0000000000,0.0000000000,True
2025-06-06,0.0000000000,0.0000000000,1200.0000000000,10800.0000000000,833.3333333333,633.1102333333,0.0000000000,0.0000000000,True
2025-06-07,0.0000000000,0.0000000000,1364.9656692158,10800.0000000000,833.3333333333,659.9410833333,0.0000000000,0.0000000000,True
2025-06-08,0.0000000000,0.0000000000,2184.9358660273,10800.0000000000,833.3333333333,792.1710582014,0.0000000000,0.0000000000,True
2025-06-09,0.0000000000,0.0000000000,1517.9822339721,10800.0000000000,833.3333333333,833.3333333333,0.0000000000,0.0000000000,True
2025-06-10,0.0000000000,0.0000000000,2101.8124485300,10800.0000000000,833.3333333333,785.0721146630,0.0000000000,0.0000000000,True
2025-06-11,0.0000000000,0.0000000000,1500.0000000000,10800.0000000000,833.3333333333,801.3723026834,0.0000000000,0.0000000000,True
2025-06-12,0.0000000000,0.0000000000,2088.3712646519,10800.0000000000,833.3333333333,797.4501163244,0.0000000000,0.0000000000,True
2025-06-13,0.0000000000,0.0000000000,2280.9835481063,10800.0000000000,833.3333333333,637.9376166667,0.0000000000,0.0000000000,True
2025-06-14,0.0000000000,0.0000000000,2303.6743923996,10800.0000000000,833.3333333333,655.4149666667,0.0000000000,0.0000000000,True
2025-06-15,0.0000000000,0.0000000000,2385.9763482148,10800.0000000000,833.3333333333,794.5774132834,0.0000000000,0.0000000000,True
2025-06-16,0.0000000000,0.0000000000,1759.5874372305,10800.0000000000,833.3333333333,833.3333333333,0.0000000000,0.0000000000,True
2025-06-17,0.0000000000,0.0000000000,1885.7585191786,10800.0000000000,833.3333333333,819.4836712041,0.0000000000,0.0000000000,True
2025-06-18,0.0000000000,0.0000000000,1977.0786499778,10800.0000000000,833.3333333333,809.7840861939,0.0000000000,0.0000000000,True
2025-06-19,0.0000000000,0.0000000000,1773.4720675446,10800.0000000000,833.3333333333,833.3333333333,0.0000000000,0.0000000000,True
2025-06-20,0.0000000000,0.0000000000,2438.6322473236,10800.0000000000,833.3333333333,636.1150000000,0.0000000000,0.0000000000,True
2025-06-21,0.0000000000,0.0000000000,2179.3378487077,10800.0000000000,833.3333333333,667.4907000000,0.0000000000,0.0000000000,True
2025-06-22,0.0000000000,0.0000000000,1548.7810225077,10800.0000000000,833.3333333333,833.3333333333,0.0000000000,0.0000000000,True
2025-06-23,0.0000000000,0.0000000000,1739.2670462257,10800.0000000000,833.3333333333,828.2133499847,0.0000000000,0.0000000000,True
2025-06-24,0.0000000000,0.0000000000,1311.8943325250,10800.0000000000,833.3333333333,812.3930585266,0.0000000000,0.0000000000,True
2025-06-25,0.0000000000,0.0000000000,1674.9262475038,10800.0000000000,833.3333333333,825.4327041978,0.0000000000,0.0000000000,True
2025-06-26,0.0000000000,0.0000000000,1597.6536811988,10800.0000000000,833.3333333333,833.3333333333,0.0000000000,0.0000000000,True
2025-06-27,0.0000000000,0.0000000000,1780.4398342051,10800.0000000000,833.3333333333,641.4883333333,0.0000000000,0.0000000000,True
2025-06-28,0.0000000000,0.0000000000,1987.9736566797,10800.0000000000,833.3333333333,628.0102833333,0.0000000000,0.0000000000,True
2025-06-29,0.0000000000,0.0000000000,1563.6636695758,10800.0000000000,833.3333333333,815.3750119015,0.0000000000,0.0000000000,True
2025-06-30,0.0000000000,0.0000000000,1548.4691410872,10800.0000000000,833.3333333333,833.3333333333,0.0000000000,0.0000000000,True
2025-07-01,0.0000000000,0.0000000000,1200.0000000000,10800.0000000000,833.3333333333,833.3333333333,0.0000000000,0.0000000000,True
2025-07-02,0.0000000000,0.0000000000,1200.0000000000,10800.0000000000,833.3333333333,833.3333333333,0.0000000000,0.0000000000,True
2025-07-03,0.0000000000,0.0000000000,1200.0000000000,10448.4881533706,833.3333333333,833.3333333333,0.0000000000,0.0000000000,True
2025-07-04,0.0000000000,0.0000000000,1200.0000000000,10800.0000000000,833.3333333333,779.2083333333,0.0000000000,0.0000000000,True
2025-07-05,0.0000000000,0.0000000000,1200.0000000000,10800.0000000000,833.3333333333,728.0928333333,0.0000000000,0.0000000000,True
2025-07-06,0.0000000000,0.0000000000,1200.0000000000,10800.0000000000,833.3333333333,833.3333333333,0.0000000000,0.0000000000,True
2025-07-07,0.0000000000,0.0000000000,1486.8834725972,10800.0000000000,833.3333333333,833.3333333333,0.0000000000,0.0000000000,True
2025-07-08,0.0000000000,0.0000000000,2632.5900273768,10800.0000000000,833.3333333333,751.2698433834,0.0000000000,0.0000000000,True
2025-07-09,0.0000000000,0.0000000000,2189.3061976661,10800.0000000000,833.3333333333,833.1704831098,0.0000000000,0.0000000000,True
2025-07-10,0.0000000000,0.0000000000,1889.4436748430,10800.0000000000,833.3333333333,807.8332204002,0.0000000000,0.0000000000,True
2025-07-11,0.0000000000,0.0000000000,2291.1215561065,10800.0000000000,833.3333333333,740.9250666667,0.0000000000,0.0000000000,True
2025-07-12,0.0000000000,0.0000000000,2027.6784229345,10800.0000000000,833.3333333333,726.9878333333,0.0000000000,0.0000000000,True
2025-07-13,0.0000000000,0.0000000000,1926.5892263957,10800.0000000000,833.3333333333,833.3333333333,0.0000000000,0.0000000000,True
2025-07-14,0.0000000000,0.0000000000,1609.0110322097,10800.0000000000,833.3333333333,827.1934581595,0.0000000000,0.0000000000,True
2025-07-15,0.0000000000,0.0000000000,2547.2246389648,10800.0000000000,833.3333333333,767.9656816860,0.0000000000,0.0000000000,True
2025-07-16,0.0000000000,0.0000000000,2056.9114313571,10800.0000000000,833.3333333333,807.8274013430,0.0000000000,0.0000000000,True
2025-07-17,0.0000000000,0.0000000000,2172.4705012487,10800.0000000000,833.3333333333,801.8967407638,0.0000000000,0.0000000000,True
2025-07-18,0.0000000000,0.0000000000,2265.3541078549,10800.0000000000,833.3333333333,742.0443500000,0.0000000000,0.0000000000,True
2025-07-19,0.0000000000,0.0000000000,1824.1656212283,10800.0000000000,833.3333333333,741.6691333333,0.0000000000,0.0000000000,True
2025-07-20,0.0000000000,0.0000000000,1869.4607408307,10800.0000000000,833.3333333333,827.6457056590,0.0000000000,0.0000000000,True
2025-07-21,0.0000000000,0.0000000000,1747.6013022182,10800.0000000000,833.3333333333,832.0301255369,0.0000000000,0.0000000000,True
2025-07-22,0.0000000000,0.0000000000,1590.5821394965,10800.0000000000,833.3333333333,833.3333333333,0.0000000000,0.0000000000,True
2025-07-23,0.0000000000,0.0000000000,1596.3848402196,10800.0000000000,833.3333333333,833.3333333333,0.0000000000,0.0000000000,True
2025-07-24,0.0000000000,0.0000000000,1785.4981946255,10800.0000000000,833.3333333333,815.1510425721,0.0000000000,0.0000000000,True
2025-07-25,0.0000000000,0.0000000000,1640.3574104099,10800.0000000000,833.3333333333,714.6207500000,0.0000000000,0.0000000000,True
2025-07-26,0.0000000000,0.0000000000,1653.7008915811,10800.0000000000,833.3333333333,730.4740333333,0.0000000000,0.0000000000,True
2025-07-27,0.0000000000,0.0000000000,1631.0363638447,10800.0000000000,833.3333333333,818.8777043770,0.0000000000,0.0000000000,True
2025-07-28,0.0000000000,0.0000000000,1200.0000000000,10800.0000000000,833.3333333333,810.2555372665,0.0000000000,0.0000000000,True
2025-07-29,0.0000000000,0.0000000000,1533.9020075098,10800.0000000000,833.3333333333,833.3333333333,0.0000000000,0.0000000000,True
2025-07-30,0.0000000000,0.0000000000,1762.3062191554,10800.0000000000,833.3333333333,811.2715892589,0.0000000000,0.0000000000,True
2025-07-31,0.0000000000,0.0000000000,1297.1339973538,10800.0000000000,833.3333333333,833.3333333333,0.0000000000,0.0000000000,True
2025-08-01,0.0000000000,0.0000000000,1605.5200320709,10800.0000000000,833.3333333333,725.0833333333,0.0000000000,0.0000000000,True
2025-08-02,0.0000000000,0.0000000000,1637.2244657483,10800.0000000000,833.3333333333,720.1400000000,0.0000000000,0.0000000000,True
2025-08-03,0.0000000000,0.0000000000,1200.0000000000,10800.0000000000,833.3333333333,833.3333333333,0.0000000000,0.0000000000,True
2025-08-04,0.0000000000,0.0000000000,1458.4585042586,10800.0000000000,833.3333333333,833.3333333333,0.0000000000,0.0000000000,True
2025-08-05,0.0000000000,0.0000000000,1700.5446836187,10800.0000000000,833.3333333333,826.1364381581,0.0000000000,0.0000000000,True
2025-08-06,0.0000000000,0.0000000000,1200.0000000000,10800.0000000000,833.3333333333,815.5450008244,0.0000000000,0.0000000000,True
2025-08-07,0.0000000000,0.0000000000,1506.1837195407,10800.0000000000,833.3333333333,833.3333333333,0.0000000000,0.0000000000,True
2025-08-08,0.0000000000,0.0000000000,1809.1456340147,10800.0000000000,833.3333333333,720.2655166667,0.0000000000,0.0000000000,True
2025-08-09,0.0000000000,0.0000000000,1846.9324519030,10800.0000000000,833.3333333333,700.3216666667,0.0000000000,0.0000000000,True
2025-08-10,0.0000000000,0.0000000000,1538.3676265844,10800.0000000000,833.3333333333,833.3333333333,0.0000000000,0.0000000000,True
2025-08-11,0.0000000000,0.0000000000,1254.5425480694,10800.0000000000,833.3333333333,833.3333333333,0.0000000000,0.0000000000,True
2025-08-12,0.0000000000,0.0000000000,1200.0000000000,10800.0000000000,833.3333333333,833.3333333333,0.0000000000,0.0000000000,True
2025-08-13,0.0000000000,0.0000000000,1560.9250403313,10800.0000000000,833.3333333333,833.3333333333,0.0000000000,0.0000000000,True
2025-08-14,0.0000000000,0.0000000000,1319.0054912684,10800.0000000000,833.3333333333,833.3333333333,0.0000000000,0.0000000000,True
2025-08-15,0.0000000000,0.0000000000,1851.0851716108,10800.0000000000,833.3333333333,707.0260333333,0.0000000000,0.0000000000,True
2025-08-16,0.0000000000,0.0000000000,1353.6605736255,10800.0000000000,833.3333333333,731.8950000000,0.0000000000,0.0000000000,True
2025-08-17,0.0000000000,0.0000000000,1423.1905190528,10800.0000000000,833.3333333333,833.3333333333,0.0000000000,0.0000000000,True
2025-08-18,0.0000000000,0.0000000000,1200.0000000000,10800.0000000000,833.3333333333,833.3333333333,0.0000000000,0.0000000000,True
2025-08-19,0.0000000000,0.0000000000,1659.8062330469,10800.0000000000,833.3333333333,833.3333333333,0.0000000000,0.0000000000,True
2025-08-20,0.0000000000,0.0000000000,1200.0000000000,10800.0000000000,833.3333333333,833.3333333333,0.0000000000,0.0000000000,True
2025-08-21,0.0000000000,0.0000000000,1527.3147004221,10800.0000000000,833.3333333333,833.3333333333,0.0000000000,0.0000000000,True
2025-08-22,0.0000000000,0.0000000000,1460.0789127820,10800.0000000000,833.3333333333,751.1733333333,0.0000000000,0.0000000000,True
2025-08-23,0.0000000000,0.0000000000,1796.3938703704,10800.0000000000,833.3333333333,698.8283333333,0.0000000000,0.0000000000,True
2025-08-24,0.0000000000,0.0000000000,1716.1755338060,10800.0000000000,833.3333333333,829.7165518680,0.0000000000,0.0000000000,True
2025-08-25,0.0000000000,0.0000000000,1200.0000000000,10800.0000000000,833.3333333333,833.3333333333,0.0000000000,0.0000000000,True
2025-08-26,0.0000000000,0.0000000000,1712.8382651686,10800.0000000000,833.3333333333,820.3282198896,0.0000000000,0.0000000000,True
2025-08-27,0.0000000000,0.0000000000,1476.3282531276,10800.0000000000,833.3333333333,832.3815678533,0.0000000000,0.0000000000,True
2025-08-28,0.0000000000,0.0000000000,1646.6607263121,10800.0000000000,833.3333333333,833.3333333333,0.0000000000,0.0000000000,True
2025-08-29,0.0000000000,0.0000000000,1786.4516905941,10800.0000000000,833.3333333333,729.1532333333,0.0000000000,0.0000000000,True
2025-08-30,0.0000000000,0.0000000000,1607.1119178155,10800.0000000000,833.3333333333,703.5511333333,0.0000000000,0.0000000000,True
2025-08-31,0.0000000000,0.0000000000,1412.2617338227,10800.0000000000,833.3333333333,833.3333333333,0.0000000000,0.0000000000,True
2025-09-01,0.0000000000,0.0000000000,2988.0731719597,10800.0000000000,833.3333333333,735.4883276099,0.0000000000,0.0000000000,True
2025-09-02,0.0000000000,0.0000000000,2394.9793038830,10800.0000000000,833.3333333333,757.2045833333,0.0000000000,0.0000000000,True
2025-09-03,0.0000000000,0.0000000000,2626.6202551989,10800.0000000000,833.3333333333,769.0974011116,0.0000000000,0.0000000000,True
2025-09-04,0.0000000000,0.0000000000,2284.3224912501,10800.0000000000,833.3333333333,800.1577473913,0.0000000000,0.0000000000,True
2025-09-05,0.0000000000,0.0000000000,2575.1188535774,10800.0000000000,833.3333333333,588.7583333333,0.0000000000,0.0000000000,True
2025-09-06,0.0000000000,0.0000000000,2583.2558451589,10800.0000000000,833.3333333333,588.4176000000,0.0000000000,0.0000000000,True
2025-09-07,0.0000000000,0.0000000000,1801.4269762998,10800.0000000000,833.3333333333,807.7741741728,0.0000000000,0.0000000000,True
2025-09-08,0.0000000000,0.0000000000,1200.0000000000,9974.0720950221,833.3333333333,761.2837500000,0.0000000000,0.0000000000,True
2025-09-09,0.0000000000,0.0000000000,1200.0000000000,10800.0000000000,833.3333333333,833.3333333333,0.0000000000,0.0000000000,True
2025-09-10,0.0000000000,0.0000000000,1200.0000000000,10665.6723940409,833.3333333333,819.7666666667,0.0000000000,0.0000000000,True
2025-09-11,0.0000000000,0.0000000000,1200.0000000000,10800.0000000000,833.3333333333,833.3333333333,0.0000000000,0.0000000000,True
2025-09-12,0.0000000000,0.0000000000,1444.7231643504,10800.0000000000,833.3333333333,583.2223166667,0.0000000000,0.0000000000,True
2025-09-13,0.0000000000,0.0000000000,1416.8845091852,10800.0000000000,833.3333333333,571.3068333333,0.0000000000,0.0000000000,True
2025-09-14,0.0000000000,0.0000000000,1200.0000000000,10800.0000000000,833.3333333333,831.9316666667,0.0000000000,0.0000000000,True
2025-09-15,0.0000000000,0.0000000000,1200.0000000000,10800.0000000000,833.3333333333,833.3333333333,0.0000000000,0.0000000000,True
2025-09-16,0.0000000000,0.0000000000,1200.0000000000,10800.0000000000,833.3333333333,833.3333333333,0.0000000000,0.0000000000,True
2025-09-17,0.0000000000,0.0000000000,1200.0000000000,10800.0000000000,833.3333333333,833.3333333333,0.0000000000,0.0000000000,True
2025-09-18,0.0000000000,0.0000000000,1200.0000000000,10800.0000000000,833.3333333333,833.1831333333,0.0000000000,0.0000000000,True
2025-09-19,0.0000000000,0.0000000000,1793.7535875019,10800.0000000000,833.3333333333,545.1881666667,0.0000000000,0.0000000000,True
2025-09-20,0.0000000000,0.0000000000,1522.3291757766,10800.0000000000,833.3333333333,572.0883333333,0.0000000000,0.0000000000,True
2025-09-21,0.0000000000,0.0000000000,1548.0893688257,10800.0000000000,833.3333333333,826.8919593993,0.0000000000,0.0000000000,True
2025-09-22,0.0000000000,0.0000000000,1602.0488634626,10800.0000000000,833.3333333333,833.3333333333,0.0000000000,0.0000000000,True
2025-09-23,0.0000000000,0.0000000000,1643.2621124828,10800.0000000000,833.3333333333,822.8799969987,0.0000000000,0.0000000000,True
2025-09-24,0.0000000000,0.0000000000,1663.7995582235,10800.0000000000,833.3333333333,825.1169333333,0.0000000000,0.0000000000,True
2025-09-25,0.0000000000,0.0000000000,1802.6494833846,10800.0000000000,833.3333333333,833.3333333333,0.0000000000,0.0000000000,True
2025-09-26,0.0000000000,0.0000000000,1950.9688561709,10800.0000000000,833.3333333333,562.1766666667,0.0000000000,0.0000000000,True
2025-09-27,0.0000000000,0.0000000000,1707.3142277234,10800.0000000000,833.3333333333,548.6300000000,0.0000000000,0.0000000000,True
2025-09-28,0.0000000000,0.0000000000,1704.3915721418,10800.0000000000,833.3333333333,833.3333333333,0.0000000000,0.0000000000,True
2025-09-29,0.0000000000,0.0000000000,1405.6902734150,10800.0000000000,833.3333333333,833.3333333333,0.0000000000,0.0000000000,True
2025-09-30,0.0000000000,0.0000000000,1723.7652784759,10800.0000000000,833.3333333333,833.3333333333,0.0000000000,0.0000000000,True
2025-10-01,0.0000000000,0.0000000000,2524.1027172317,10800.0000000000,833.3333333333,816.4716666667,0.0000000000,0.0000000000,True
2025-10-02,0.0000000000,0.0000000000,2546.7041352536,10800.0000000000,833.3333333333,828.9116666667,0.0000000000,0.0000000000,True
2025-10-03,0.0000000000,0.0000000000,2715.9967901004,10800.0000000000,833.3333333333,498.6756500000,0.0000000000,0.0000000000,True
2025-10-04,0.0000000000,0.0000000000,2399.2531721406,10800.0000000000,833.3333333333,501.8200000000,0.0000000000,0.0000000000,True
2025-10-05,0.0000000000,0.0000000000,2126.0869191362,10800.0000000000,833.3333333333,813.2966579088,0.0000000000,0.0000000000,True
2025-10-06,0.0000000000,0.0000000000,1787.0886165893,10800.0000000000,833.3333333333,789.2292166667,0.0000000000,0.0000000000,True
2025-10-07,0.0000000000,0.0000000000,1786.0433571296,10800.0000000000,833.3333333333,810.2468000000,0.0000000000,0.0000000000,True
2025-10-08,0.0000000000,0.0000000000,1200.0000000000,10800.0000000000,833.3333333333,815.9605269527,0.0000000000,0.0000000000,True
2025-10-09,0.0000000000,0.0000000000,1358.6261698175,10800.0000000000,833.3333333333,820.1652000000,0.0000000000,0.0000000000,True
2025-10-10,0.0000000000,0.0000000000,1746.3969844707,10800.0000000000,833.3333333333,486.0208666667,0.0000000000,0.0000000000,True
2025-10-11,0.0000000000,0.0000000000,1533.6221481481,10800.0000000000,833.3333333333,496.5483333333,0.0000000000,0.0000000000,True
2025-10-12,0.0000000000,0.0000000000,1339.3269877330,10800.0000000000,833.3333333333,833.3333333333,0.0000000000,0.0000000000,True
2025-10-13,0.0000000000,0.0000000000,1200.0000000000,10800.0000000000,833.3333333333,806.2616666667,0.0000000000,0.0000000000,True
2025-10-14,0.0000000000,0.0000000000,1388.8846200360,10800.0000000000,833.3333333333,814.6924166667,0.0000000000,0.0000000000,True
2025-10-15,0.0000000000,0.0000000000,1243.8696966886,10800.0000000000,833.3333333333,799.1702600154,0.0000000000,0.0000000000,True
2025-10-16,0.0000000000,0.0000000000,1200.0000000000,10800.0000000000,833.3333333333,814.4841664050,0.0000000000,0.0000000000,True
2025-10-17,0.0000000000,0.0000000000,1660.3095469882,10800.0000000000,833.3333333333,489.1051833333,0.0000000000,0.0000000000,True
2025-10-18,0.0000000000,0.0000000000,2110.0857194426,10800.0000000000,833.3333333333,466.4000333333,0.0000000000,0.0000000000,True
2025-10-19,0.0000000000,0.0000000000,1200.0000000000,10800.0000000000,833.3333333333,825.5608333333,0.0000000000,0.0000000000,True
2025-10-20,0.0000000000,0.0000000000,1200.0000000000,10800.0000000000,833.3333333333,819.6775666667,0.0000000000,0.0000000000,True
2025-10-21,0.0000000000,0.0000000000,1743.6495002281,10800.0000000000,833.3333333333,831.9733333333,0.0000000000,0.0000000000,True
2025-10-22,0.0000000000,0.0000000000,1200.0000000000,10800.0000000000,833.3333333333,825.7539500000,0.0000000000,0.0000000000,True
2025-10-23,0.0000000000,0.0000000000,1594.9580972815,10800.0000000000,833.3333333333,811.1005166667,0.0000000000,0.0000000000,True
2025-10-24,0.0000000000,0.0000000000,1618.0645192915,10800.0000000000,833.3333333333,509.0331333333,0.0000000000,0.0000000000,True
2025-10-25,0.0000000000,0.0000000000,1665.9694421467,10800.0000000000,833.3333333333,485.5650000000,0.0000000000,0.0000000000,True
2025-10-26,0.0000000000,0.0000000000,1812.2287544944,10800.0000000000,833.3333333333,830.1616666667,0.0000000000,0.0000000000,True
2025-10-27,0.0000000000,0.0000000000,1200.0000000000,10800.0000000000,833.3333333333,833.3333333333,0.0000000000,0.0000000000,True
2025-10-28,0.0000000000,0.0000000000,1578.7230044169,10800.0000000000,833.3333333333,800.1979044689,0.0000000000,0.0000000000,True
2025-10-29,0.0000000000,0.0000000000,1200.0000000000,10800.0000000000,833.3333333333,816.2304500000,0.0000000000,0.0000000000,True
2025-10-30,0.0000000000,0.0000000000,1631.4503131707,10800.0000000000,833.3333333333,833.3333333333,0.0000000000,0.0000000000,True
2025-10-31,0.0000000000,0.0000000000,1729.8963354809,10800.0000000000,833.3333333333,487.6216666667,0.0000000000,0.0000000000,True
2025-11-01,0.0000000000,0.0000000000,1975.9077592593,10800.0000000000,833.3333333333,477.1737833333,0.0000000000,0.0000000000,True
2025-11-02,0.0000000000,0.0000000000,1200.0000000000,10800.0000000000,833.3333333333,813.5112661812,0.0000000000,0.0000000000,True
2025-11-03,0.0000000000,0.0000000000,1576.6750846322,10800.0000000000,833.3333333333,808.0150000000,0.0000000000,0.0000000000,True
2025-11-04,0.0000000000,0.0000000000,1276.3943534615,10800.0000000000,833.3333333333,833.3333333333,0.0000000000,0.0000000000,True
2025-11-05,0.0000000000,0.0000000000,1726.4898904321,10800.0000000000,833.3333333333,813.7311236182,0.0000000000,0.0000000000,True
2025-11-06,0.0000000000,0.0000000000,1362.0714368027,10800.0000000000,833.3333333333,814.6407652473,0.0000000000,0.0000000000,True
2025-11-07,0.0000000000,0.0000000000,1687.6221059673,10800.0000000000,833.3333333333,491.6083333333,0.0000000000,0.0000000000,True
2025-11-08,0.0000000000,0.0000000000,1709.7563403619,10800.0000000000,833.3333333333,481.4116666667,0.0000000000,0.0000000000,True
2025-11-09,0.0000000000,0.0000000000,1543.8485613279,10800.0000000000,833.3333333333,808.1183333333,0.0000000000,0.0000000000,True
2025-11-10,0.0000000000,0.0000000000,1200.0000000000,10800.0000000000,833.3333333333,826.6853333333,0.0000000000,0.0000000000,True
2025-11-11,0.0000000000,0.0000000000,1665.9777634532,10800.0000000000,833.3333333333,790.9244396860,0.0000000000,0.0000000000,True
2025-11-12,0.0000000000,0.0000000000,1332.6990336988,10800.0000000000,833.3333333333,817.6585166667,0.0000000000,0.0000000000,True
2025-11-13,0.0000000000,0.0000000000,1274.1153344196,10800.0000000000,833.3333333333,833.3333333333,0.0000000000,0.0000000000,True
2025-11-14,0.0000000000,0.0000000000,1758.6514451663,10800.0000000000,833.3333333333,474.0410500000,0.0000000000,0.0000000000,True
2025-11-15,0.0000000000,0.0000000000,1539.4460926692,10800.0000000000,833.3333333333,486.8850000000,0.0000000000,0.0000000000,True
2025-11-16,0.0000000000,0.0000000000,1504.4700548726,10800.0000000000,833.3333333333,832.3133333333,0.0000000000,0.0000000000,True
2025-11-17,0.0000000000,0.0000000000,1439.6105478067,10800.0000000000,833.3333333333,788.5726500000,0.0000000000,0.0000000000,True
2025-11-18,0.0000000000,0.0000000000,1526.7448313738,10800.0000000000,833.3333333333,817.0241315797,0.0000000000,0.0000000000,True
2025-11-19,0.0000000000,0.0000000000,1401.5514392112,10800.0000000000,833.3333333333,833.3333333333,0.0000000000,0.0000000000,True
2025-11-20,0.0000000000,0.0000000000,1568.0727645973,10800.0000000000,833.3333333333,803.3735434343,0.0000000000,0.0000000000,True
2025-11-21,0.0000000000,0.0000000000,1967.3358333333,10800.0000000000,833.3333333333,489.4308333333,0.0000000000,0.0000000000,True
2025-11-22,0.0000000000,0.0000000000,1600.1784700380,10800.0000000000,833.3333333333,537.3437500000,0.0000000000,0.0000000000,True
2025-11-23,0.0000000000,0.0000000000,1445.6518679135,10800.0000000000,833.3333333333,805.6600000000,0.0000000000,0.0000000000,True
2025-11-24,0.0000000000,0.0000000000,1200.0000000000,10800.0000000000,833.3333333333,833.3333333333,0.0000000000,0.0000000000,True
2025-11-25,0.0000000000,0.0000000000,1489.9822053703,10800.0000000000,833.3333333333,802.4653738193,0.0000000000,0.0000000000,True
2025-11-26,0.0000000000,0.0000000000,1540.0563082361,10800.0000000000,833.3333333333,833.3333333333,0.0000000000,0.0000000000,True
2025-11-27,0.0000000000,0.0000000000,1433.1939221539,10800.0000000000,833.3333333333,802.0593942637,0.0000000000,0.0000000000,True
2025-11-28,0.0000000000,0.0000000000,1415.5597521457,10800.0000000000,833.3333333333,511.0125000000,0.0000000000,0.0000000000,True
2025-11-29,0.0000000000,0.0000000000,1732.6916699167,10800.0000000000,833.3333333333,499.8883333333,0.0000000000,0.0000000000,True
2025-11-30,0.0000000000,0.0000000000,1272.9375766525,10800.0000000000,833.3333333333,833.3333333333,0.0000000000,0.0000000000,True
2025-12-01,0.0000000000,0.0000000000,1200.0000000000,10200.0000000000,833.3333333333,833.3333333333,0.0000000000,0.0000000000,True
2025-12-02,0.0000000000,0.0000000000,1200.0000000000,10800.0000000000,833.3333333333,833.3333333333,0.0000000000,0.0000000000,True
2025-12-03,0.0000000000,0.0000000000,1643.0385969228,10800.0000000000,833.3333333333,810.4818194805,0.0000000000,0.0000000000,True
2025-12-04,0.0000000000,0.0000000000,1200.0000000000,10800.0000000000,833.3333333333,833.3333333333,0.0000000000,0.0000000000,True
2025-12-05,0.0000000000,0.0000000000,1766.1503875053,10800.0000000000,833.3333333333,665.5750000000,0.0000000000,0.0000000000,True
2025-12-06,0.0000000000,0.0000000000,1512.7414999966,10800.0000000000,833.3333333333,655.6695833333,0.0000000000,0.0000000000,True
2025-12-07,0.0000000000,0.0000000000,1359.7499877278,10800.0000000000,833.3333333333,833.3333333333,0.0000000000,0.0000000000,True
2025-12-08,0.0000000000,0.0000000000,1412.3515515199,10800.0000000000,833.3333333333,768.9918333333,0.0000000000,0.0000000000,True
2025-12-09,0.0000000000,0.0000000000,1442.3232348020,10800.0000000000,833.3333333333,824.6018767785,0.0000000000,0.0000000000,True
2025-12-10,0.0000000000,0.0000000000,1518.8985064588,10800.0000000000,833.3333333333,748.9394666667,0.0000000000,0.0000000000,True
2025-12-11,0.0000000000,0.0000000000,1542.6811836539,10800.0000000000,833.3333333333,777.5800844683,0.0000000000,0.0000000000,True
2025-12-12,0.0000000000,0.0000000000,1615.5864739922,10800.0000000000,833.3333333333,625.3124500000,0.0000000000,0.0000000000,True
2025-12-13,0.0000000000,0.0000000000,1657.8195000000,10800.0000000000,833.3333333333,633.9050000000,0.0000000000,0.0000000000,True
2025-12-14,0.0000000000,0.0000000000,1307.8715545124,10800.0000000000,833.3333333333,766.4541500000,0.0000000000,0.0000000000,True
2025-12-15,0.0000000000,0.0000000000,1200.0000000000,10800.0000000000,833.3333333333,833.3333333333,0.0000000000,0.0000000000,True
2025-12-16,0.0000000000,0.0000000000,1625.0431208125,10800.0000000000,833.3333333333,770.0212902442,0.0000000000,0.0000000000,True
2025-12-17,0.0000000000,0.0000000000,1417.5135439770,10800.0000000000,833.3333333333,787.1043294578,0.0000000000,0.0000000000,True
2025-12-18,0.0000000000,0.0000000000,1481.3823991293,10800.0000000000,833.3333333333,789.8746044660,0.0000000000,0.0000000000,True
2025-12-19,0.0000000000,0.0000000000,1535.5520154724,10800.0000000000,833.3333333333,626.0969500000,0.0000000000,0.0000000000,True
2025-12-20,0.0000000000,0.0000000000,1652.0277843103,10800.0000000000,833.3333333333,619.5816666667,0.0000000000,0.0000000000,True
2025-12-21,0.0000000000,0.0000000000,1340.0065674986,10800.0000000000,833.3333333333,822.2800875222,0.0000000000,0.0000000000,True
2025-12-22,0.0000000000,0.0000000000,1200.0000000000,10800.0000000000,833.3333333333,833.3333333333,0.0000000000,0.0000000000,True
2025-12-23,0.0000000000,0.0000000000,1553.7192215933,10800.0000000000,833.3333333333,764.0764833333,0.0000000000,0.0000000000,True
2025-12-24,0.0000000000,0.0000000000,1200.0000000000,10800.0000000000,833.3333333333,833.3333333333,0.0000000000,0.0000000000,True
2025-12-25,0.0000000000,0.0000000000,1347.8079017007,10800.0000000000,833.3333333333,793.5394075666,0.0000000000,0.0000000000,True
2025-12-26,0.0000000000,0.0000000000,1913.7676952851,10800.0000000000,833.3333333333,651.6783333333,0.0000000000,0.0000000000,True
2025-12-27,0.0000000000,0.0000000000,1502.4640809230,10800.0000000000,833.3333333333,648.7416666667,0.0000000000,0.0000000000,True
2025-12-28,0.0000000000,0.0000000000,1541.3495774663,10800.0000000000,833.3333333333,833.3333333333,0.0000000000,0.0000000000,True
2025-12-29,0.0000000000,0.0000000000,1312.4557033958,10800.0000000000,833.3333333333,805.1631786543,0.0000000000,0.0000000000,True
2025-12-30,0.0000000000,0.0000000000,1496.1111931518,10800.0000000000,833.3333333333,833.3333333333,0.0000000000,0.0000000000,True
2025-12-31,0.0000000000,0.0000000000,1313.1413138636,10800.0000000000,833.3333333333,813.6006697434,0.0000000000,0.0000000000,True
2025-02-01,0.0000000000,0.0000000000,2140.0449899982,10800.0000000000,833.3333333333,552.0416666667,0.0000000000,0.0000000000,True
2025-02-02,0.0000000000,0.0000000000,1638.7744817611,10800.0000000000,833.3333333333,794.8620604734,0.0000000000,0.0000000000,True
2025-02-03,0.0000000000,0.0000000000,1277.6211381259,10800.0000000000,833.3333333333,797.6173588547,0.0000000000,0.0000000000,True
2025-02-04,0.0000000000,0.0000000000,1648.4272606991,10800.0000000000,833.3333333333,815.6467135799,0.0000000000,0.0000000000,True
2025-02-05,0.0000000000,0.0000000000,1349.5282990406,10800.0000000000,833.3333333333,833.3333333333,0.0000000000,0.0000000000,True
2025-02-06,0.0000000000,0.0000000000,1522.8754214694,10800.0000000000,833.3333333333,833.3333333333,0.0000000000,0.0000000000,True
2025-02-07,0.0000000000,0.0000000000,1417.0514793558,10800.0000000000,833.3333333333,536.0374500000,0.0000000000,0.0000000000,True
2025-02-08,0.0000000000,0.0000000000,1330.1947704749,10800.0000000000,833.3333333333,519.1618833333,0.0000000000,0.0000000000,True
2025-02-09,0.0000000000,0.0000000000,1200.0000000000,10800.0000000000,833.3333333333,833.3333333333,0.0000000000,0.0000000000,True
2025-02-10,0.0000000000,0.0000000000,1200.0000000000,10800.0000000000,833.3333333333,833.3333333333,0.0000000000,0.0000000000,True
2025-02-11,0.0000000000,0.0000000000,1200.0000000000,10800.0000000000,833.3333333333,833.3333333333,0.0000000000,0.0000000000,True
2025-02-12,0.0000000000,0.0000000000,1374.3458077054,10800.0000000000,833.3333333333,833.3333333333,0.0000000000,0.0000000000,True
2025-02-13,0.0000000000,0.0000000000,1357.6111047134,10800.0000000000,833.3333333333,824.8433707834,0.0000000000,0.0000000000,True
2025-02-14,0.0000000000,0.0000000000,1629.3280224305,10800.0000000000,833.3333333333,559.7672500000,0.0000000000,0.0000000000,True
2025-02-15,0.0000000000,0.0000000000,1586.3987793196,10800.0000000000,833.3333333333,547.3166666667,0.0000000000,0.0000000000,True
2025-02-16,0.0000000000,0.0000000000,1312.2124664106,10800.0000000000,833.3333333333,833.3333333333,0.0000000000,0.0000000000,True
2025-02-17,0.0000000000,0.0000000000,1200.0000000000,10800.0000000000,833.3333333333,833.3333333333,0.0000000000,0.0000000000,True
2025-02-18,0.0000000000,0.0000000000,1499.0246856837,10800.0000000000,833.3333333333,833.3333333333,0.0000000000,0.0000000000,True
2025-02-19,0.0000000000,0.0000000000,1362.1361244175,10800.0000000000,833.3333333333,833.3333333333,0.0000000000,0.0000000000,True
2025-02-20,0.0000000000,0.0000000000,1603.5231940709,10800.0000000000,833.3333333333,833.3333333333,0.0000000000,0.0000000000,True
2025-02-21,0.0000000000,0.0000000000,1876.3120519961,10800.0000000000,833.3333333333,535.0380000000,0.0000000000,0.0000000000,True
2025-02-22,0.0000000000,0.0000000000,1671.6099937975,10800.0000000000,833.3333333333,530.3050000000,0.0000000000,0.0000000000,True
2025-02-23,0.0000000000,0.0000000000,1368.9003195019,10800.0000000000,833.3333333333,833.3333333333,0.0000000000,0.0000000000,True
2025-02-24,0.0000000000,0.0000000000,1200.0000000000,10800.0000000000,833.3333333333,833.3333333333,0.0000000000,0.0000000000,True
2025-02-25,0.0000000000,0.0000000000,1476.7177028058,10800.0000000000,833.3333333333,833.3333333333,0.0000000000,0.0000000000,True
2025-02-26,0.0000000000,0.0000000000,1558.5464412598,10800.0000000000,833.3333333333,825.4791136661,0.0000000000,0.0000000000,True
2025-02-27,0.0000000000,0.0000000000,1240.5272761969,10800.0000000000,833.3333333333,821.8737679314,0.0000000000,0.0000000000,True
2025-02-28,0.0000000000,0.0000000000,1726.9668903335,10800.0000000000,833.3333333333,520.9738000000,0.0000000000,0.0000000000,True
2025-03-01,0.0000000000,0.0000000000,1713.0922436644,10800.0000000000,833.3333333333,478.9468333333,0.0000000000,0.0000000000,True
2025-03-02,0.0000000000,0.0000000000,1200.0000000000,10800.0000000000,833.3333333333,784.3625590991,0.0000000000,0.0000000000,True
2025-03-03,0.0000000000,0.0000000000,1200.0000000000,10800.0000000000,833.3333333333,817.7283333333,0.0000000000,0.0000000000,True
2025-03-04,0.0000000000,0.0000000000,1441.7444871022,10800.0000000000,833.3333333333,796.3509654276,0.0000000000,0.0000000000,True
2025-03-05,0.0000000000,0.0000000000,1312.1612433826,10800.0000000000,833.3333333333,833.3333333333,0.0000000000,0.0000000000,True
2025-03-06,0.0000000000,0.0000000000,1502.0079886057,10800.0000000000,833.3333333333,779.3537164978,0.0000000000,0.0000000000,True
2025-03-07,0.0000000000,0.0000000000,1839.5882312272,10800.0000000000,833.3333333333,463.2970666667,0.0000000000,0.0000000000,True
2025-03-08,0.0000000000,0.0000000000,1375.6672882991,10800.0000000000,833.3333333333,470.8035500000,0.0000000000,0.0000000000,True
2025-03-09,0.0000000000,0.0000000000,1261.4966464594,10800.0000000000,833.3333333333,780.8316666667,0.0000000000,0.0000000000,True
2025-03-10,0.0000000000,0.0000000000,1200.0000000000,10769.6261003171,833.3333333333,822.2328833333,0.0000000000,0.0000000000,True
2025-03-11,0.0000000000,0.0000000000,1562.1745625542,10800.0000000000,833.3333333333,788.2315166667,0.0000000000,0.0000000000,True
2025-03-12,0.0000000000,0.0000000000,1373.2286080605,10800.0000000000,833.3333333333,795.6400000000,0.0000000000,0.0000000000,True
2025-03-13,0.0000000000,0.0000000000,1200.0000000000,10800.0000000000,833.3333333333,829.3766666667,0.0000000000,0.0000000000,True
2025-03-14,0.0000000000,0.0000000000,1692.8628481373,10800.0000000000,833.3333333333,496.7150000000,0.0000000000,0.0000000000,True
2025-03-15,0.0000000000,0.0000000000,1529.6397940742,10800.0000000000,833.3333333333,508.6490333333,0.0000000000,0.0000000000,True
2025-03-16,0.0000000000,0.0000000000,1658.1645313354,10800.0000000000,833.3333333333,833.3333333333,0.0000000000,0.0000000000,True
2025-03-17,0.0000000000,0.0000000000,1262.0178055495,10800.0000000000,833.3333333333,792.1298500000,0.0000000000,0.0000000000,True
2025-03-18,0.0000000000,0.0000000000,1265.0321169352,10800.0000000000,833.3333333333,801.5304166667,0.0000000000,0.0000000000,True
2025-03-19,0.0000000000,0.0000000000,1590.2319083223,10800.0000000000,833.3333333333,823.4450000000,0.0000000000,0.0000000000,True
2025-03-20,0.0000000000,0.0000000000,1387.1570019323,10800.0000000000,833.3333333333,827.0150000000,0.0000000000,0.0000000000,True
2025-03-21,0.0000000000,0.0000000000,1497.3631442291,10800.0000000000,833.3333333333,494.8250000000,0.0000000000,0.0000000000,True
2025-03-22,0.0000000000,0.0000000000,1849.0149629630,10800.0000000000,833.3333333333,471.8125166667,0.0000000000,0.0000000000,True
2025-03-23,0.0000000000,0.0000000000,1200.0000000000,10800.0000000000,833.3333333333,817.6898666667,0.0000000000,0.0000000000,True
2025-03-24,0.0000000000,0.0000000000,1209.4120015115,10800.0000000000,833.3333333333,805.6850000000,0.0000000000,0.0000000000,True
2025-03-25,0.0000000000,0.0000000000,1200.0000000000,10800.0000000000,833.3333333333,800.1925000000,0.0000000000,0.0000000000,True
2025-03-26,0.0000000000,0.0000000000,1305.4282047203,10800.0000000000,833.3333333333,787.9337500000,0.0000000000,0.0000000000,True
2025-03-27,0.0000000000,0.0000000000,1498.0232831337,10800.0000000000,833.3333333333,766.7254166667,0.0000000000,0.0000000000,True
2025-03-28,0.0000000000,0.0000000000,1797.5835255092,10800.0000000000,833.3333333333,483.8733333333,0.0000000000,0.0000000000,True
2025-03-29,0.0000000000,0.0000000000,1558.1693607528,10800.0000000000,833.3333333333,482.2450000000,0.0000000000,0.0000000000,True
2025-03-30,0.0000000000,0.0000000000,1488.2651301526,10800.0000000000,833.3333333333,761.5791333333,0.0000000000,0.0000000000,True
2025-03-31,0.0000000000,0.0000000000,1200.0000000000,10800.0000000000,833.3333333333,796.0470833333,0.0000000000,0.0000000000,True
2025-04-01,0.0000000000,0.0000000000,1200.0000000000,10800.0000000000,833.3333333333,772.0364500000,0.0000000000,0.0000000000,True
2025-04-02,0.0000000000,0.0000000000,1200.0000000000,10800.0000000000,833.3333333333,788.4129166667,0.0000000000,0.0000000000,True
2025-04-03,0.0000000000,0.0000000000,1414.9004232767,10800.0000000000,833.3333333333,779.5462500000,0.0000000000,0.0000000000,True
2025-04-04,0.0000000000,0.0000000000,1756.7577579340,10800.0000000000,833.3333333333,503.5033333333,0.0000000000,0.0000000000,True
2025-04-05,0.0000000000,0.0000000000,1581.1982864209,10800.0000000000,833.3333333333,487.7073833333,0.0000000000,0.0000000000,True
2025-04-06,0.0000000000,0.0000000000,1241.5845661775,10800.0000000000,833.3333333333,772.5316666667,0.0000000000,0.0000000000,True
2025-04-07,0.0000000000,0.0000000000,1350.9797391708,10800.0000000000,833.3333333333,735.0190166667,0.0000000000,0.0000000000,True
2025-04-08,0.0000000000,0.0000000000,1214.7602495913,10800.0000000000,833.3333333333,746.5050000000,0.0000000000,0.0000000000,True
2025-04-09,0.0000000000,0.0000000000,1200.0000000000,10800.0000000000,833.3333333333,749.6552500000,0.0000000000,0.0000000000,True
2025-04-10,0.0000000000,0.0000000000,1373.3817943595,10800.0000000000,833.3333333333,766.9669166667,0.0000000000,0.0000000000,True
2025-04-11,0.0000000000,0.0000000000,1711.2966735351,10800.0000000000,833.3333333333,493.1533333333,0.0000000000,0.0000000000,True
2025-04-12,0.0000000000,0.0000000000,1748.2025922801,10800.0000000000,833.3333333333,476.1539333333,0.0000000000,0.0000000000,True
2025-04-13,0.0000000000,0.0000000000,1301.0541120534,10800.0000000000,833.3333333333,748.9800000000,0.0000000000,0.0000000000,True
2025-04-14,0.0000000000,0.0000000000,1200.0000000000,10800.0000000000,833.3333333333,759.3166666667,0.0000000000,0.0000000000,True
2025-04-15,0.0000000000,0.0000000000,1441.3586688139,10800.0000000000,833.3333333333,751.0735833333,0.0000000000,0.0000000000,True
2025-04-16,0.0000000000,0.0000000000,1500.1055103796,10800.0000000000,833.3333333333,730.5316666667,0.0000000000,0.0000000000,True
2025-04-17,0.0000000000,0.0000000000,1371.8222580236,10800.0000000000,833.3333333333,750.8766666667,0.0000000000,0.0000000000,True
2025-04-18,0.0000000000,0.0000000000,1765.7569736665,10800.0000000000,833.3333333333,475.2600000000,0.0000000000,0.0000000000,True
2025-04-19,0.0000000000,0.0000000000,1754.1965694804,10800.0000000000,833.3333333333,475.2686500000,0.0000000000,0.0000000000,True
2025-04-20,0.0000000000,0.0000000000,1594.9517153002,10800.0000000000,833.3333333333,721.5449000000,0.0000000000,0.0000000000,True
2025-04-21,0.0000000000,0.0000000000,1200.0000000000,10800.0000000000,833.3333333333,741.0165500000,0.0000000000,0.0000000000,True
2025-04-22,0.0000000000,0.0000000000,1595.1927197402,10800.0000000000,833.3333333333,736.1570333333,0.0000000000,0.0000000000,True
2025-04-23,0.0000000000,0.0000000000,1542.3591984463,10800.0000000000,833.3333333333,748.3694500000,0.0000000000,0.0000000000,True
2025-04-24,0.0000000000,0.0000000000,1473.4377629372,10800.0000000000,833.3333333333,745.5016666667,0.0000000000,0.0000000000,True
2025-04-25,0.0000000000,0.0000000000,1663.1767777778,10800.0000000000,833.3333333333,490.2083333333,0.0000000000,0.0000000000,True
2025-04-26,0.0000000000,0.0000000000,1533.2759399600,10800.0000000000,833.3333333333,484.1332333333,0.0000000000,0.0000000000,True
2025-04-27,0.0000000000,0.0000000000,1200.0000000000,10800.0000000000,833.3333333333,733.8631166667,0.0000000000,0.0000000000,True
2025-04-28,0.0000000000,0.0000000000,1200.0000000000,10800.0000000000,833.3333333333,697.8383333333,0.0000000000,0.0000000000,True
2025-04-29,0.0000000000,0.0000000000,1200.0000000000,10800.0000000000,833.3333333333,748.9916666667,0.0000000000,0.0000000000,True
2025-04-30,0.0000000000,0.0000000000,1283.3687693016,10800.0000000000,833.3333333333,746.8378333333,0.0000000000,0.0000000000,True
2025-05-01,0.0000000000,0.0000000000,1200.0000000000,10800.0000000000,833.3333333333,819.6148166667,0.0000000000,0.0000000000,True
2025-05-02,0.0000000000,0.0000000000,1200.0000000000,10800.0000000000,833.3333333333,546.4155500000,0.0000000000,0.0000000000,True
2025-05-03,0.0000000000,0.0000000000,1200.0000000000,10800.0000000000,833.3333333333,572.5083333333,0.0000000000,0.0000000000,True
2025-05-04,0.0000000000,0.0000000000,1200.0000000000,10800.0000000000,833.3333333333,803.8746000000,0.0000000000,0.0000000000,True
2025-05-05,0.0000000000,0.0000000000,1200.0000000000,10800.0000000000,833.3333333333,809.2416833333,0.0000000000,0.0000000000,True
2025-05-06,0.0000000000,0.0000000000,1200.0000000000,10800.0000000000,833.3333333333,814.2691666667,0.0000000000,0.0000000000,True
2025-05-07,0.0000000000,0.0000000000,1200.0000000000,10800.0000000000,833.3333333333,833.0116666667,0.0000000000,0.0000000000,True
2025-05-08,0.0000000000,0.0000000000,1680.7076936958,10800.0000000000,833.3333333333,833.3333333333,0.0000000000,0.0000000000,True
2025-05-09,0.0000000000,0.0000000000,2237.8768677075,10800.0000000000,833.3333333333,560.7918000000,0.0000000000,0.0000000000,True
2025-05-10,0.0000000000,0.0000000000,2294.3435907884,10800.0000000000,833.3333333333,554.0049500000,0.0000000000,0.0000000000,True
2025-05-11,0.0000000000,0.0000000000,1571.2166764744,10800.0000000000,833.3333333333,833.3333333333,0.0000000000,0.0000000000,True
2025-05-12,0.0000000000,0.0000000000,1686.7513762936,10800.0000000000,833.3333333333,819.3645333333,0.0000000000,0.0000000000,True
2025-05-13,0.0000000000,0.0000000000,1656.7914480722,10800.0000000000,833.3333333333,825.4812333333,0.0000000000,0.0000000000,True
2025-05-14,0.0000000000,0.0000000000,1925.7449892515,10800.0000000000,833.3333333333,816.3005938343,0.0000000000,0.0000000000,True
2025-05-15,0.0000000000,0.0000000000,2340.9390594958,10800.0000000000,833.3333333333,801.5756502209,0.0000000000,0.0000000000,True
2025-05-16,0.0000000000,0.0000000000,2359.0835473338,10800.0000000000,833.3333333333,566.1133333333,0.0000000000,0.0000000000,True
2025-05-17,0.0000000000,0.0000000000,1875.8195727918,10800.0000000000,833.3333333333,593.3274333333,0.0000000000,0.0000000000,True
2025-05-18,0.0000000000,0.0000000000,1984.5143992782,10800.0000000000,833.3333333333,833.0757601583,0.0000000000,0.0000000000,True
2025-05-19,0.0000000000,0.0000000000,1411.4528656531,10800.0000000000,833.3333333333,833.3333333333,0.0000000000,0.0000000000,True
2025-05-20,0.0000000000,0.0000000000,1559.3151599042,10800.0000000000,833.3333333333,831.5733333333,0.0000000000,0.0000000000,True
2025-05-21,0.0000000000,0.0000000000,1736.0660090768,10800.0000000000,833.3333333333,811.0043333333,0.0000000000,0.0000000000,True
2025-05-22,0.0000000000,0.0000000000,1670.2501668489,10800.0000000000,833.3333333333,832.2686942667,0.0000000000,0.0000000000,True
2025-05-23,0.0000000000,0.0000000000,1975.3974454371,10800.0000000000,833.3333333333,551.3140666667,0.0000000000,0.0000000000,True
2025-05-24,0.0000000000,0.0000000000,2138.4912722919,10800.0000000000,833.3333333333,551.4284333333,0.0000000000,0.0000000000,True
2025-05-25,0.0000000000,0.0000000000,1545.4750466584,10800.0000000000,833.3333333333,810.7893500000,0.0000000000,0.0000000000,True
2025-05-26,0.0000000000,0.0000000000,1200.0000000000,10800.0000000000,833.3333333333,824.9333333333,0.0000000000,0.0000000000,True
2025-05-27,0.0000000000,0.0000000000,1535.4209162010,10800.0000000000,833.3333333333,819.2750000000,0.0000000000,0.0000000000,True
2025-05-28,0.0000000000,0.0000000000,1543.7667533980,10800.0000000000,833.3333333333,825.7825333333,0.0000000000,0.0000000000,True
2025-05-29,0.0000000000,0.0000000000,1439.5687374009,10800.0000000000,833.3333333333,833.3333333333,0.0000000000,0.0000000000,True
2025-05-30,0.0000000000,0.0000000000,1929.1917475142,10800.0000000000,833.3333333333,532.5197666667,0.0000000000,0.0000000000,True
2025-05-31,0.0000000000,0.0000000000,1769.7822943911,10800.0000000000,833.3333333333,551.2803500000,0.0000000000,0.0000000000,True
2025-06-01,0.0000000000,0.0000000000,1200.0000000000,9683.8745659465,833.3333333333,620.8420833333,0.0000000000,0.0000000000,True
2025-06-02,0.0000000000,0.0000000000,1200.0000000000,10310.4219769419,833.3333333333,683.4500000000,0.0000000000,0.0000000000,True
2025-06-03,0.0000000000,0.0000000000,1200.0000000000,10800.0000000000,833.3333333333,833.3333333333,0.0000000000,0.0000000000,True
2025-06-04,0.0000000000,0.0000000000,1200.0000000000,10800.0000000000,833.3333333333,833.3333333333,0.0000000000,0.0000000000,True
2025-06-05,0.0000000000,0.0000000000,1200.0000000000,10800.0000000000,833.3333333333,833.3333333333,0.0000000000,0.0000000000,True
2025-06-06,0.0000000000,0.0000000000,1200.0000000000,10800.0000000000,833.3333333333,633.1102333333,0.0000000000,0.0000000000,True
2025-06-07,0.0000000000,0.0000000000,1364.9656692158,10800.0000000000,833.3333333333,659.9410833333,0.0000000000,0.0000000000,True
2025-06-08,0.0000000000,0.0000000000,2184.9358660273,10800.0000000000,833.3333333333,792.1710582014,0.0000000000,0.0000000000,True
2025-06-09,0.0000000000,0.0000000000,1517.9822339721,10800.0000000000,833.3333333333,833.3333333333,0.0000000000,0.0000000000,True
2025-06-10,0.0000000000,0.0000000000,2101.8124485300,10800.0000000000,833.3333333333,785.0721146630,0.0000000000,0.0000000000,True
2025-06-11,0.0000000000,0.0000000000,1500.0000000000,10800.0000000000,833.3333333333,801.3723026834,0.0000000000,0.0000000000,True
2025-06-12,0.0000000000,0.0000000000,2088.3712646519,10800.0000000000,833.3333333333,797.4501163244,0.0000000000,0.0000000000,True
2025-06-13,0.0000000000,0.0000000000,2280.9835481063,10800.0000000000,833.3333333333,637.9376166667,0.0000000000,0.0000000000,True
2025-06-14,0.0000000000,0.0000000000,2303.6743923996,10800.0000000000,833.3333333333,655.4149666667,0.0000000000,0.0000000000,True
2025-06-15,0.0000000000,0.0000000000,2385.9763482148,10800.0000000000,833.3333333333,794.5774132834,0.0000000000,0.0000000000,True
2025-06-16,0.0000000000,0.0000000000,1759.5874372305,10800.0000000000,833.3333333333,833.3333333333,0.0000000000,0.0000000000,True
2025-06-17,0.0000000000,0.0000000000,1885.7585191786,10800.0000000000,833.3333333333,819.4836712041,0.0000000000,0.0000000000,True
2025-06-18,0.0000000000,0.0000000000,1977.0786499778,10800.0000000000,833.3333333333,809.7840861939,0.0000000000,0.0000000000,True
2025-06-19,0.0000000000,0.0000000000,1773.4720675446,10800.0000000000,833.3333333333,833.3333333333,0.0000000000,0.0000000000,True
2025-06-20,0.0000000000,0.0000000000,2438.6322473236,10800.0000000000,833.3333333333,636.1150000000,0.0000000000,0.0000000000,True
2025-06-21,0.0000000000,0.0000000000,2179.3378487077,10800.0000000000,833.3333333333,667.4907000000,0.0000000000,0.0000000000,True
2025-06-22,0.0000000000,0.0000000000,1548.7810225077,10800.0000000000,833.3333333333,833.3333333333,0.0000000000,0.0000000000,True
2025-06-23,0.0000000000,0.0000000000,1739.2670462257,10800.0000000000,833.3333333333,828.2133499847,0.0000000000,0.0000000000,True
2025-06-24,0.0000000000,0.0000000000,1311.8943325250,10800.0000000000,833.3333333333,812.3930585266,0.0000000000,0.0000000000,True
2025-06-25,0.0000000000,0.0000000000,1674.9262475038,10800.0000000000,833.3333333333,825.4327041978,0.0000000000,0.0000000000,True
2025-06-26,0.0000000000,0.0000000000,1597.6536811988,10800.0000000000,833.3333333333,833.3333333333,0.0000000000,0.0000000000,True
2025-06-27,0.0000000000,0.0000000000,1780.4398342051,10800.0000000000,833.3333333333,641.4883333333,0.0000000000,0.0000000000,True
2025-06-28,0.0000000000,0.0000000000,1987.9736566797,10800.0000000000,833.3333333333,628.0102833333,0.0000000000,0.0000000000,True
2025-06-29,0.0000000000,0.0000000000,1563.6636695758,10800.0000000000,833.3333333333,815.3750119015,0.0000000000,0.0000000000,True
2025-06-30,0.0000000000,0.0000000000,1548.4691410872,10800.0000000000,833.3333333333,833.3333333333,0.0000000000,0.0000000000,True
2025-07-01,0.0000000000,0.0000000000,1200.0000000000,10800.0000000000,833.3333333333,833.3333333333,0.0000000000,0.0000000000,True
2025-07-02,0.0000000000,0.0000000000,1200.0000000000,10800.0000000000,833.3333333333,833.3333333333,0.0000000000,0.0000000000,True
2025-07-03,0.0000000000,0.0000000000,1200.0000000000,10366.3234728012,833.3333333333,833.3333333333,0.0000000000,0.0000000000,True
2025-07-04,0.0000000000,0.0000000000,1200.0000000000,10800.0000000000,833.3333333333,779.2083333333,0.0000000000,0.0000000000,True
2025-07-05,0.0000000000,0.0000000000,1200.0000000000,10800.0000000000,833.3333333333,728.0928333333,0.0000000000,0.0000000000,True
2025-07-06,0.0000000000,0.0000000000,1200.0000000000,10800.0000000000,833.3333333333,833.3333333333,0.0000000000,0.0000000000,True
2025-07-07,0.0000000000,0.0000000000,1427.0711518061,10800.0000000000,833.3333333333,833.3333333333,0.0000000000,0.0000000000,True
2025-07-08,0.0000000000,0.0000000000,2562.7614250455,10800.0000000000,833.3333333333,767.2593609462,0.0000000000,0.0000000000,True
2025-07-09,0.0000000000,0.0000000000,2124.7906270704,10800.0000000000,833.3333333333,833.3333333333,0.0000000000,0.0000000000,True
2025-07-10,0.0000000000,0.0000000000,1820.4838183426,10800.0000000000,833.3333333333,825.2355851946,0.0000000000,0.0000000000,True
2025-07-11,0.0000000000,0.0000000000,2227.3787520393,10800.0000000000,833.3333333333,740.9250666667,0.0000000000,0.0000000000,True
2025-07-12,0.0000000000,0.0000000000,1962.4300637860,10800.0000000000,833.3333333333,726.9878333333,0.0000000000,0.0000000000,True
2025-07-13,0.0000000000,0.0000000000,1857.0336877314,10800.0000000000,833.3333333333,833.3333333333,0.0000000000,0.0000000000,True
2025-07-14,0.0000000000,0.0000000000,1578.8643576061,10800.0000000000,833.3333333333,833.3333333333,0.0000000000,0.0000000000,True
2025-07-15,0.0000000000,0.0000000000,2543.4857271394,10800.0000000000,833.3333333333,761.7644803335,0.0000000000,0.0000000000,True
2025-07-16,0.0000000000,0.0000000000,2072.0012916035,10800.0000000000,833.3333333333,808.8095415564,0.0000000000,0.0000000000,True
2025-07-17,0.0000000000,0.0000000000,2213.8843842304,10800.0000000000,833.3333333333,795.2123442405,0.0000000000,0.0000000000,True
2025-07-18,0.0000000000,0.0000000000,2293.3514814815,10800.0000000000,833.3333333333,742.0443500000,0.0000000000,0.0000000000,True
2025-07-19,0.0000000000,0.0000000000,1918.6129718436,10800.0000000000,833.3333333333,741.6691333333,0.0000000000,0.0000000000,True
2025-07-20,0.0000000000,0.0000000000,1955.5868015162,10800.0000000000,833.3333333333,815.8381267887,0.0000000000,0.0000000000,True
2025-07-21,0.0000000000,0.0000000000,1834.7722224136,10800.0000000000,833.3333333333,823.4796689608,0.0000000000,0.0000000000,True
2025-07-22,0.0000000000,0.0000000000,1656.5195285268,10800.0000000000,833.3333333333,833.3333333333,0.0000000000,0.0000000000,True
2025-07-23,0.0000000000,0.0000000000,1678.3052624957,10800.0000000000,833.3333333333,826.6152646736,0.0000000000,0.0000000000,True
2025-07-24,0.0000000000,0.0000000000,1852.9800055333,10800.0000000000,833.3333333333,810.3562051917,0.0000000000,0.0000000000,True
2025-07-25,0.0000000000,0.0000000000,1729.9810527257,10800.0000000000,833.3333333333,714.6207500000,0.0000000000,0.0000000000,True
2025-07-26,0.0000000000,0.0000000000,1734.6670361921,10800.0000000000,833.3333333333,730.4740333333,0.0000000000,0.0000000000,True
2025-07-27,0.0000000000,0.0000000000,1676.4841661619,10800.0000000000,833.3333333333,820.9879974421,0.0000000000,0.0000000000,True
2025-07-28,0.0000000000,0.0000000000,1200.0000000000,10800.0000000000,833.3333333333,805.1664768733,0.0000000000,0.0000000000,True
2025-07-29,0.0000000000,0.0000000000,1589.2299014134,10800.0000000000,833.3333333333,833.3333333333,0.0000000000,0.0000000000,True
2025-07-30,0.0000000000,0.0000000000,1776.2989341626,10800.0000000000,833.3333333333,808.1497731955,0.0000000000,0.0000000000,True
2025-07-31,0.0000000000,0.0000000000,1268.7846621735,10800.0000000000,833.3333333333,833.3333333333,0.0000000000,0.0000000000,True
2025-08-01,0.0000000000,0.0000000000,1606.3287122360,10800.0000000000,833.3333333333,725.0833333333,0.0000000000,0.0000000000,True
2025-08-02,0.0000000000,0.0000000000,1575.3582807516,10800.0000000000,833.3333333333,720.1400000000,0.0000000000,0.0000000000,True
2025-08-03,0.0000000000,0.0000000000,1200.0000000000,10800.0000000000,833.3333333333,833.3333333333,0.0000000000,0.0000000000,True
2025-08-04,0.0000000000,0.0000000000,1200.0000000000,10800.0000000000,833.3333333333,833.3333333333,0.0000000000,0.0000000000,True
2025-08-05,0.0000000000,0.0000000000,1541.1113035687,10800.0000000000,833.3333333333,831.5398388480,0.0000000000,0.0000000000,True
2025-08-06,0.0000000000,0.0000000000,1200.0000000000,10800.0000000000,833.3333333333,820.3163713810,0.0000000000,0.0000000000,True
2025-08-07,0.0000000000,0.0000000000,1425.4957875536,10800.0000000000,833.3333333333,833.3333333333,0.0000000000,0.0000000000,True
2025-08-08,0.0000000000,0.0000000000,1676.4015395115,10800.0000000000,833.3333333333,720.2655166667,0.0000000000,0.0000000000,True
2025-08-09,0.0000000000,0.0000000000,1702.1767354799,10800.0000000000,833.3333333333,700.3216666667,0.0000000000,0.0000000000,True
2025-08-10,0.0000000000,0.0000000000,1472.8045144866,10800.0000000000,833.3333333333,833.3333333333,0.0000000000,0.0000000000,True
2025-08-11,0.0000000000,0.0000000000,1208.6941550362,10800.0000000000,833.3333333333,833.3333333333,0.0000000000,0.0000000000,True
2025-08-12,0.0000000000,0.0000000000,1200.0000000000,10800.0000000000,833.3333333333,833.3333333333,0.0000000000,0.0000000000,True
2025-08-13,0.0000000000,0.0000000000,1512.6246186578,10800.0000000000,833.3333333333,833.3333333333,0.0000000000,0.0000000000,True
2025-08-14,0.0000000000,0.0000000000,1258.2236532512,10800.0000000000,833.3333333333,833.3333333333,0.0000000000,0.0000000000,True
2025-08-15,0.0000000000,0.0000000000,1822.0495812902,10800.0000000000,833.3333333333,707.0260333333,0.0000000000,0.0000000000,True
2025-08-16,0.0000000000,0.0000000000,1364.3328348806,10800.0000000000,833.3333333333,731.8950000000,0.0000000000,0.0000000000,True
2025-08-17,0.0000000000,0.0000000000,1424.0002794319,10800.0000000000,833.3333333333,833.3333333333,0.0000000000,0.0000000000,True
2025-08-18,0.0000000000,0.0000000000,1262.0628366562,10800.0000000000,833.3333333333,833.3333333333,0.0000000000,0.0000000000,True
2025-08-19,0.0000000000,0.0000000000,1700.6416977110,10800.0000000000,833.3333333333,833.3333333333,0.0000000000,0.0000000000,True
2025-08-20,0.0000000000,0.0000000000,1200.0000000000,10800.0000000000,833.3333333333,833.3333333333,0.0000000000,0.0000000000,True
2025-08-21,0.0000000000,0.0000000000,1569.7804442049,10800.0000000000,833.3333333333,829.1804053028,0.0000000000,0.0000000000,True
2025-08-22,0.0000000000,0.0000000000,1501.2832256562,10800.0000000000,833.3333333333,751.1733333333,0.0000000000,0.0000000000,True
2025-08-23,0.0000000000,0.0000000000,1796.3938703704,10800.0000000000,833.3333333333,698.8283333333,0.0000000000,0.0000000000,True
2025-08-24,0.0000000000,0.0000000000,1771.3697697928,10800.0000000000,833.3333333333,826.9856585250,0.0000000000,0.0000000000,True
2025-08-25,0.0000000000,0.0000000000,1200.0000000000,10800.0000000000,833.3333333333,833.3333333333,0.0000000000,0.0000000000,True
2025-08-26,0.0000000000,0.0000000000,1741.5118720555,10800.0000000000,833.3333333333,817.0545282937,0.0000000000,0.0000000000,True
2025-08-27,0.0000000000,0.0000000000,1505.6024915987,10800.0000000000,833.3333333333,828.3854944432,0.0000000000,0.0000000000,True
2025-08-28,0.0000000000,0.0000000000,1663.9536121217,10800.0000000000,833.3333333333,833.3333333333,0.0000000000,0.0000000000,True
2025-08-29,0.0000000000,0.0000000000,1797.7342029574,10800.0000000000,833.3333333333,729.1532333333,0.0000000000,0.0000000000,True
2025-08-30,0.0000000000,0.0000000000,1628.5216991475,10800.0000000000,833.3333333333,703.5511333333,0.0000000000,0.0000000000,True
2025-08-31,0.0000000000,0.0000000000,1427.6068078849,10800.0000000000,833.3333333333,833.3333333333,0.0000000000,0.0000000000,True
2025-09-01,0.0000000000,0.0000000000,2982.2108457899,10800.0000000000,833.3333333333,737.3911831506,0.0000000000,0.0000000000,True
2025-09-02,0.0000000000,0.0000000000,2402.7117589439,10800.0000000000,833.3333333333,757.2045833333,0.0000000000,0.0000000000,True
2025-09-03,0.0000000000,0.0000000000,2627.0775287790,10800.0000000000,833.3333333333,769.2419100565,0.0000000000,0.0000000000,True
2025-09-04,0.0000000000,0.0000000000,2284.7025723826,10800.0000000000,833.3333333333,797.3536973194,0.0000000000,0.0000000000,True
2025-09-05,0.0000000000,0.0000000000,2577.3039800781,10800.0000000000,833.3333333333,588.7583333333,0.0000000000,0.0000000000,True
2025-09-06,0.0000000000,0.0000000000,2585.2056272154,10800.0000000000,833.3333333333,588.4176000000,0.0000000000,0.0000000000,True
2025-09-07,0.0000000000,0.0000000000,1802.8020263797,10800.0000000000,833.3333333333,809.6150500024,0.0000000000,0.0000000000,True
2025-09-08,0.0000000000,0.0000000000,1200.0000000000,9970.8106303640,833.3333333333,761.2837500000,0.0000000000,0.0000000000,True
2025-09-09,0.0000000000,0.0000000000,1200.0000000000,10800.0000000000,833.3333333333,833.3333333333,0.0000000000,0.0000000000,True
2025-09-10,0.0000000000,0.0000000000,1200.0000000000,10665.5346443198,833.3333333333,819.7666666667,0.0000000000,0.0000000000,True
2025-09-11,0.0000000000,0.0000000000,1200.0000000000,10800.0000000000,833.3333333333,833.3333333333,0.0000000000,0.0000000000,True
2025-09-12,0.0000000000,0.0000000000,1465.4786275556,10800.0000000000,833.3333333333,583.2223166667,0.0000000000,0.0000000000,True
2025-09-13,0.0000000000,0.0000000000,1447.4687626991,10800.0000000000,833.3333333333,571.3068333333,0.0000000000,0.0000000000,True
2025-09-14,0.0000000000,0.0000000000,1200.0000000000,10800.0000000000,833.3333333333,831.9316666667,0.0000000000,0.0000000000,True
2025-09-15,0.0000000000,0.0000000000,1200.0000000000,10800.0000000000,833.3333333333,833.3333333333,0.0000000000,0.0000000000,True
2025-09-16,0.0000000000,0.0000000000,1200.0000000000,10800.0000000000,833.3333333333,833.3333333333,0.0000000000,0.0000000000,True
2025-09-17,0.0000000000,0.0000000000,1200.0000000000,10800.0000000000,833.3333333333,833.3333333333,0.0000000000,0.0000000000,True
2025-09-18,0.0000000000,0.0000000000,1200.0000000000,10800.0000000000,833.3333333333,833.1831333333,0.0000000000,0.0000000000,True
2025-09-19,0.0000000000,0.0000000000,1811.4714987297,10800.0000000000,833.3333333333,545.1881666667,0.0000000000,0.0000000000,True
2025-09-20,0.0000000000,0.0000000000,1537.6462976584,10800.0000000000,833.3333333333,572.0883333333,0.0000000000,0.0000000000,True
2025-09-21,0.0000000000,0.0000000000,1543.3167837261,10800.0000000000,833.3333333333,825.8545666452,0.0000000000,0.0000000000,True
2025-09-22,0.0000000000,0.0000000000,1595.0986189164,10800.0000000000,833.3333333333,833.3333333333,0.0000000000,0.0000000000,True
2025-09-23,0.0000000000,0.0000000000,1647.8734234263,10800.0000000000,833.3333333333,825.6250514967,0.0000000000,0.0000000000,True
2025-09-24,0.0000000000,0.0000000000,1674.7122446349,10800.0000000000,833.3333333333,825.1169333333,0.0000000000,0.0000000000,True
2025-09-25,0.0000000000,0.0000000000,1827.5562628420,10800.0000000000,833.3333333333,833.3333333333,0.0000000000,0.0000000000,True
2025-09-26,0.0000000000,0.0000000000,1982.7357002479,10800.0000000000,833.3333333333,562.1766666667,0.0000000000,0.0000000000,True
2025-09-27,0.0000000000,0.0000000000,1738.4491694009,10800.0000000000,833.3333333333,548.6300000000,0.0000000000,0.0000000000,True
2025-09-28,0.0000000000,0.0000000000,1737.9585181608,10800.0000000000,833.3333333333,833.3333333333,0.0000000000,0.0000000000,True
2025-09-29,0.0000000000,0.0000000000,1456.9356003043,10800.0000000000,833.3333333333,833.3333333333,0.0000000000,0.0000000000,True
2025-09-30,0.0000000000,0.0000000000,1771.9537211244,10800.0000000000,833.3333333333,833.3333333333,0.0000000000,0.0000000000,True
2025-10-01,0.0000000000,0.0000000000,2574.8211680059,10800.0000000000,833.3333333333,816.4716666667,0.0000000000,0.0000000000,True
2025-10-02,0.0000000000,0.0000000000,2603.2828284901,10800.0000000000,833.3333333333,828.9116666667,0.0000000000,0.0000000000,True
2025-10-03,0.0000000000,0.0000000000,2801.7006851852,10800.0000000000,833.3333333333,498.6756500000,0.0000000000,0.0000000000,True
2025-10-04,0.0000000000,0.0000000000,2461.1957527995,10800.0000000000,833.3333333333,501.8200000000,0.0000000000,0.0000000000,True
2025-10-05,0.0000000000,0.0000000000,2189.6928219490,10800.0000000000,833.3333333333,811.3057198141,0.0000000000,0.0000000000,True
2025-10-06,0.0000000000,0.0000000000,1846.5850185185,10800.0000000000,833.3333333333,789.2292166667,0.0000000000,0.0000000000,True
2025-10-07,0.0000000000,0.0000000000,1765.5902927325,10800.0000000000,833.3333333333,810.2468000000,0.0000000000,0.0000000000,True
2025-10-08,0.0000000000,0.0000000000,1200.0000000000,10800.0000000000,833.3333333333,816.5865244603,0.0000000000,0.0000000000,True
2025-10-09,0.0000000000,0.0000000000,1390.1254398129,10800.0000000000,833.3333333333,820.1652000000,0.0000000000,0.0000000000,True
2025-10-10,0.0000000000,0.0000000000,1779.0190009686,10800.0000000000,833.3333333333,486.0208666667,0.0000000000,0.0000000000,True
2025-10-11,0.0000000000,0.0000000000,1566.7237661072,10800.0000000000,833.3333333333,496.5483333333,0.0000000000,0.0000000000,True
2025-10-12,0.0000000000,0.0000000000,1346.6832123489,10800.0000000000,833.3333333333,833.3333333333,0.0000000000,0.0000000000,True
2025-10-13,0.0000000000,0.0000000000,1200.0000000000,10800.0000000000,833.3333333333,806.2616666667,0.0000000000,0.0000000000,True
2025-10-14,0.0000000000,0.0000000000,1273.3864572827,10800.0000000000,833.3333333333,814.6924166667,0.0000000000,0.0000000000,True
2025-10-15,0.0000000000,0.0000000000,1200.0000000000,10800.0000000000,833.3333333333,796.8039090865,0.0000000000,0.0000000000,True
2025-10-16,0.0000000000,0.0000000000,1200.0000000000,10800.0000000000,833.3333333333,813.0891422133,0.0000000000,0.0000000000,True
2025-10-17,0.0000000000,0.0000000000,1566.6636297097,10800.0000000000,833.3333333333,489.1051833333,0.0000000000,0.0000000000,True
2025-10-18,0.0000000000,0.0000000000,2036.2784157408,10800.0000000000,833.3333333333,466.4000333333,0.0000000000,0.0000000000,True
2025-10-19,0.0000000000,0.0000000000,1200.0000000000,10800.0000000000,833.3333333333,825.5608333333,0.0000000000,0.0000000000,True
2025-10-20,0.0000000000,0.0000000000,1200.0000000000,10800.0000000000,833.3333333333,819.6775666667,0.0000000000,0.0000000000,True
2025-10-21,0.0000000000,0.0000000000,1693.5302658172,10800.0000000000,833.3333333333,831.9733333333,0.0000000000,0.0000000000,True
2025-10-22,0.0000000000,0.0000000000,1200.0000000000,10800.0000000000,833.3333333333,825.7539500000,0.0000000000,0.0000000000,True
2025-10-23,0.0000000000,0.0000000000,1548.9671728929,10800.0000000000,833.3333333333,811.1005166667,0.0000000000,0.0000000000,True
2025-10-24,0.0000000000,0.0000000000,1537.9057813407,10800.0000000000,833.3333333333,509.0331333333,0.0000000000,0.0000000000,True
2025-10-25,0.0000000000,0.0000000000,1602.7565677576,10800.0000000000,833.3333333333,485.5650000000,0.0000000000,0.0000000000,True
2025-10-26,0.0000000000,0.0000000000,1766.2734546082,10800.0000000000,833.3333333333,830.1616666667,0.0000000000,0.0000000000,True
2025-10-27,0.0000000000,0.0000000000,1200.0000000000,10800.0000000000,833.3333333333,833.3333333333,0.0000000000,0.0000000000,True
2025-10-28,0.0000000000,0.0000000000,1539.1133679821,10800.0000000000,833.3333333333,819.3346394136,0.0000000000,0.0000000000,True
2025-10-29,0.0000000000,0.0000000000,1200.0000000000,10800.0000000000,833.3333333333,816.2304500000,0.0000000000,0.0000000000,True
2025-10-30,0.0000000000,0.0000000000,1619.5146374297,10800.0000000000,833.3333333333,832.0128653835,0.0000000000,0.0000000000,True
2025-10-31,0.0000000000,0.0000000000,1742.2192941203,10800.0000000000,833.3333333333,487.6216666667,0.0000000000,0.0000000000,True
2025-11-01,0.0000000000,0.0000000000,1987.1178984796,10800.0000000000,833.3333333333,467.0846580350,0.0000000000,0.0000000000,True
2025-11-02,0.0000000000,0.0000000000,1200.0000000000,10800.0000000000,833.3333333333,813.2376264142,0.0000000000,0.0000000000,True
2025-11-03,0.0000000000,0.0000000000,1613.0951057620,10800.0000000000,833.3333333333,808.0150000000,0.0000000000,0.0000000000,True
2025-11-04,0.0000000000,0.0000000000,1301.0182547860,10800.0000000000,833.3333333333,833.3333333333,0.0000000000,0.0000000000,True
2025-11-05,0.0000000000,0.0000000000,1753.0907362299,10800.0000000000,833.3333333333,811.8805994350,0.0000000000,0.0000000000,True
2025-11-06,0.0000000000,0.0000000000,1365.7941004318,10800.0000000000,833.3333333333,812.7902410640,0.0000000000,0.0000000000,True
2025-11-07,0.0000000000,0.0000000000,1716.2065324059,10800.0000000000,833.3333333333,491.6083333333,0.0000000000,0.0000000000,True
2025-11-08,0.0000000000,0.0000000000,1724.6862704377,10800.0000000000,833.3333333333,481.4116666667,0.0000000000,0.0000000000,True
2025-11-09,0.0000000000,0.0000000000,1540.0002006328,10800.0000000000,833.3333333333,808.1183333333,0.0000000000,0.0000000000,True
2025-11-10,0.0000000000,0.0000000000,1200.0000000000,10800.0000000000,833.3333333333,826.6853333333,0.0000000000,0.0000000000,True
2025-11-11,0.0000000000,0.0000000000,1655.9766482257,10800.0000000000,833.3333333333,804.8483333333,0.0000000000,0.0000000000,True
2025-11-12,0.0000000000,0.0000000000,1319.4450532769,10800.0000000000,833.3333333333,817.6585166667,0.0000000000,0.0000000000,True
2025-11-13,0.0000000000,0.0000000000,1260.2111773999,10800.0000000000,833.3333333333,833.3333333333,0.0000000000,0.0000000000,True
2025-11-14,0.0000000000,0.0000000000,1744.4292799297,10800.0000000000,833.3333333333,474.0410500000,0.0000000000,0.0000000000,True
2025-11-15,0.0000000000,0.0000000000,1508.5321763927,10800.0000000000,833.3333333333,486.8850000000,0.0000000000,0.0000000000,True
2025-11-16,0.0000000000,0.0000000000,1476.7855248472,10800.0000000000,833.3333333333,832.3133333333,0.0000000000,0.0000000000,True
2025-11-17,0.0000000000,0.0000000000,1404.9955666237,10800.0000000000,833.3333333333,788.5726500000,0.0000000000,0.0000000000,True
2025-11-18,0.0000000000,0.0000000000,1482.1412700213,10800.0000000000,833.3333333333,816.1556919063,0.0000000000,0.0000000000,True
2025-11-19,0.0000000000,0.0000000000,1358.5525147607,10800.0000000000,833.3333333333,833.3333333333,0.0000000000,0.0000000000,True
2025-11-20,0.0000000000,0.0000000000,1538.6740468003,10800.0000000000,833.3333333333,802.4140502327,0.0000000000,0.0000000000,True
2025-11-21,0.0000000000,0.0000000000,1964.4179098771,10800.0000000000,833.3333333333,489.4308333333,0.0000000000,0.0000000000,True
2025-11-22,0.0000000000,0.0000000000,1558.0555678407,10800.0000000000,833.3333333333,537.3437500000,0.0000000000,0.0000000000,True
2025-11-23,0.0000000000,0.0000000000,1392.1966765725,10800.0000000000,833.3333333333,805.6600000000,0.0000000000,0.0000000000,True
2025-11-24,0.0000000000,0.0000000000,1200.0000000000,10800.0000000000,833.3333333333,833.3333333333,0.0000000000,0.0000000000,True
2025-11-25,0.0000000000,0.0000000000,1474.7105153252,10800.0000000000,833.3333333333,801.0718558608,0.0000000000,0.0000000000,True
2025-11-26,0.0000000000,0.0000000000,1528.6866659030,10800.0000000000,833.3333333333,833.3333333333,0.0000000000,0.0000000000,True
2025-11-27,0.0000000000,0.0000000000,1421.7854045828,10800.0000000000,833.3333333333,800.0045189188,0.0000000000,0.0000000000,True
2025-11-28,0.0000000000,0.0000000000,1418.3047983148,10800.0000000000,833.3333333333,511.0125000000,0.0000000000,0.0000000000,True
2025-11-29,0.0000000000,0.0000000000,1738.7553533832,10800.0000000000,833.3333333333,499.8883333333,0.0000000000,0.0000000000,True
2025-11-30,0.0000000000,0.0000000000,1276.5864498401,10800.0000000000,833.3333333333,833.3333333333,0.0000000000,0.0000000000,True
2025-12-01,0.0000000000,0.0000000000,1200.0000000000,10200.0000000000,833.3333333333,833.3333333333,0.0000000000,0.0000000000,True
2025-12-02,0.0000000000,0.0000000000,1200.0000000000,10800.0000000000,833.3333333333,833.3333333333,0.0000000000,0.0000000000,True
2025-12-03,0.0000000000,0.0000000000,1638.7835784900,10800.0000000000,833.3333333333,828.3274466576,0.0000000000,0.0000000000,True
2025-12-04,0.0000000000,0.0000000000,1200.0000000000,10800.0000000000,833.3333333333,833.3333333333,0.0000000000,0.0000000000,True
2025-12-05,0.0000000000,0.0000000000,1758.2506370070,10800.0000000000,833.3333333333,665.5750000000,0.0000000000,0.0000000000,True
2025-12-06,0.0000000000,0.0000000000,1525.0163405294,10800.0000000000,833.3333333333,655.6695833333,0.0000000000,0.0000000000,True
2025-12-07,0.0000000000,0.0000000000,1361.4466252170,10800.0000000000,833.3333333333,833.3333333333,0.0000000000,0.0000000000,True
2025-12-08,0.0000000000,0.0000000000,1412.3684990486,10800.0000000000,833.3333333333,768.9918333333,0.0000000000,0.0000000000,True
2025-12-09,0.0000000000,0.0000000000,1440.1383418018,10800.0000000000,833.3333333333,833.3333333333,0.0000000000,0.0000000000,True
2025-12-10,0.0000000000,0.0000000000,1519.1771825832,10800.0000000000,833.3333333333,762.0901767392,0.0000000000,0.0000000000,True
2025-12-11,0.0000000000,0.0000000000,1537.0011717420,10800.0000000000,833.3333333333,781.7015653851,0.0000000000,0.0000000000,True
2025-12-12,0.0000000000,0.0000000000,1613.5464014311,10800.0000000000,833.3333333333,625.3124500000,0.0000000000,0.0000000000,True
2025-12-13,0.0000000000,0.0000000000,1657.8195000000,10800.0000000000,833.3333333333,633.9050000000,0.0000000000,0.0000000000,True
2025-12-14,0.0000000000,0.0000000000,1290.1514682666,10800.0000000000,833.3333333333,766.4541500000,0.0000000000,0.0000000000,True
2025-12-15,0.0000000000,0.0000000000,1200.0000000000,10800.0000000000,833.3333333333,833.3333333333,0.0000000000,0.0000000000,True
2025-12-16,0.0000000000,0.0000000000,1618.5802973545,10800.0000000000,833.3333333333,784.4958132317,0.0000000000,0.0000000000,True
2025-12-17,0.0000000000,0.0000000000,1425.8634303897,10800.0000000000,833.3333333333,786.3347589076,0.0000000000,0.0000000000,True
2025-12-18,0.0000000000,0.0000000000,1476.4931567390,10800.0000000000,833.3333333333,797.8469070714,0.0000000000,0.0000000000,True
2025-12-19,0.0000000000,0.0000000000,1547.8352640609,10800.0000000000,833.3333333333,626.0969500000,0.0000000000,0.0000000000,True
2025-12-20,0.0000000000,0.0000000000,1671.2013357217,10800.0000000000,833.3333333333,619.5816666667,0.0000000000,0.0000000000,True
2025-12-21,0.0000000000,0.0000000000,1348.1750411286,10800.0000000000,833.3333333333,833.3333333333,0.0000000000,0.0000000000,True
2025-12-22,0.0000000000,0.0000000000,1200.0000000000,10800.0000000000,833.3333333333,833.3333333333,0.0000000000,0.0000000000,True
2025-12-23,0.0000000000,0.0000000000,1557.8602724844,10800.0000000000,833.3333333333,775.0516006017,0.0000000000,0.0000000000,True
2025-12-24,0.0000000000,0.0000000000,1200.0000000000,10800.0000000000,833.3333333333,833.3333333333,0.0000000000,0.0000000000,True
2025-12-25,0.0000000000,0.0000000000,1351.8080931968,10800.0000000000,833.3333333333,817.8804260990,0.0000000000,0.0000000000,True
2025-12-26,0.0000000000,0.0000000000,1935.6921002466,10800.0000000000,833.3333333333,651.6783333333,0.0000000000,0.0000000000,True
2025-12-27,0.0000000000,0.0000000000,1516.0843011080,10800.0000000000,833.3333333333,648.7416666667,0.0000000000,0.0000000000,True
2025-12-28,0.0000000000,0.0000000000,1540.0890516923,10800.0000000000,833.3333333333,833.3333333333,0.0000000000,0.0000000000,True
2025-12-29,0.0000000000,0.0000000000,1320.1339450829,10800.0000000000,833.3333333333,802.8692187949,0.0000000000,0.0000000000,True
2025-12-30,0.0000000000,0.0000000000,1465.2056615850,10800.0000000000,833.3333333333,833.3333333333,0.0000000000,0.0000000000,True
2025-12-31,0.0000000000,0.0000000000,1200.0000000000,10800.0000000000,833.3333333333,827.8576135548,0.0000000000,0.0000000000,True
2025-02-01,0.0000000000,0.0000000000,2140.0449899982,10800.0000000000,833.3333333333,552.0416666667,0.0000000000,0.0000000000,True
2025-02-02,0.0000000000,0.0000000000,1638.7744817611,10800.0000000000,833.3333333333,794.8620604734,0.0000000000,0.0000000000,True
2025-02-03,0.0000000000,0.0000000000,1277.6211381259,10800.0000000000,833.3333333333,797.6173588547,0.0000000000,0.0000000000,True
2025-02-04,0.0000000000,0.0000000000,1648.4272606991,10800.0000000000,833.3333333333,815.6467135799,0.0000000000,0.0000000000,True
2025-02-05,0.0000000000,0.0000000000,1349.5282990406,10800.0000000000,833.3333333333,833.3333333333,0.0000000000,0.0000000000,True
2025-02-06,0.0000000000,0.0000000000,1522.8754214694,10800.0000000000,833.3333333333,833.3333333333,0.0000000000,0.0000000000,True
2025-02-07,0.0000000000,0.0000000000,1417.0514793558,10800.0000000000,833.3333333333,536.0374500000,0.0000000000,0.0000000000,True
2025-02-08,0.0000000000,0.0000000000,1330.1947704749,10800.0000000000,833.3333333333,519.1618833333,0.0000000000,0.0000000000,True
2025-02-09,0.0000000000,0.0000000000,1200.0000000000,10800.0000000000,833.3333333333,833.3333333333,0.0000000000,0.0000000000,True
2025-02-10,0.0000000000,0.0000000000,1200.0000000000,10800.0000000000,833.3333333333,833.3333333333,0.0000000000,0.0000000000,True
2025-02-11,0.0000000000,0.0000000000,1200.0000000000,10800.0000000000,833.3333333333,833.3333333333,0.0000000000,0.0000000000,True
2025-02-12,0.0000000000,0.0000000000,1374.3458077054,10800.0000000000,833.3333333333,833.3333333333,0.0000000000,0.0000000000,True
2025-02-13,0.0000000000,0.0000000000,1357.6111047134,10800.0000000000,833.3333333333,824.8433707834,0.0000000000,0.0000000000,True
2025-02-14,0.0000000000,0.0000000000,1629.3280224305,10800.0000000000,833.3333333333,559.7672500000,0.0000000000,0.0000000000,True
2025-02-15,0.0000000000,0.0000000000,1586.3987793196,10800.0000000000,833.3333333333,547.3166666667,0.0000000000,0.0000000000,True
2025-02-16,0.0000000000,0.0000000000,1312.2124664106,10800.0000000000,833.3333333333,833.3333333333,0.0000000000,0.0000000000,True
2025-02-17,0.0000000000,0.0000000000,1200.0000000000,10800.0000000000,833.3333333333,833.3333333333,0.0000000000,0.0000000000,True
2025-02-18,0.0000000000,0.0000000000,1499.0246856837,10800.0000000000,833.3333333333,833.3333333333,0.0000000000,0.0000000000,True
2025-02-19,0.0000000000,0.0000000000,1362.1361244175,10800.0000000000,833.3333333333,833.3333333333,0.0000000000,0.0000000000,True
2025-02-20,0.0000000000,0.0000000000,1603.5231940709,10800.0000000000,833.3333333333,833.3333333333,0.0000000000,0.0000000000,True
2025-02-21,0.0000000000,0.0000000000,1876.3120519961,10800.0000000000,833.3333333333,535.0380000000,0.0000000000,0.0000000000,True
2025-02-22,0.0000000000,0.0000000000,1671.6099937975,10800.0000000000,833.3333333333,530.3050000000,0.0000000000,0.0000000000,True
2025-02-23,0.0000000000,0.0000000000,1368.9003195019,10800.0000000000,833.3333333333,833.3333333333,0.0000000000,0.0000000000,True
2025-02-24,0.0000000000,0.0000000000,1200.0000000000,10800.0000000000,833.3333333333,833.3333333333,0.0000000000,0.0000000000,True
2025-02-25,0.0000000000,0.0000000000,1476.7177028058,10800.0000000000,833.3333333333,833.3333333333,0.0000000000,0.0000000000,True
2025-02-26,0.0000000000,0.0000000000,1558.5464412598,10800.0000000000,833.3333333333,825.4791136661,0.0000000000,0.0000000000,True
2025-02-27,0.0000000000,0.0000000000,1240.5272761969,10800.0000000000,833.3333333333,821.8737679314,0.0000000000,0.0000000000,True
2025-02-28,0.0000000000,0.0000000000,1726.9668903335,10800.0000000000,833.3333333333,520.9738000000,0.0000000000,0.0000000000,True
2025-03-01,0.0000000000,0.0000000000,1713.0922436644,10800.0000000000,833.3333333333,478.9468333333,0.0000000000,0.0000000000,True
2025-03-02,0.0000000000,0.0000000000,1200.0000000000,10800.0000000000,833.3333333333,784.3625590991,0.0000000000,0.0000000000,True
2025-03-03,0.0000000000,0.0000000000,1200.0000000000,10800.0000000000,833.3333333333,817.7283333333,0.0000000000,0.0000000000,True
2025-03-04,0.0000000000,0.0000000000,1441.7444871022,10800.0000000000,833.3333333333,796.3509654276,0.0000000000,0.0000000000,True
2025-03-05,0.0000000000,0.0000000000,1312.1612433826,10800.0000000000,833.3333333333,833.3333333333,0.0000000000,0.0000000000,True
2025-03-06,0.0000000000,0.0000000000,1502.0079886057,10800.0000000000,833.3333333333,779.3537164978,0.0000000000,0.0000000000,True
2025-03-07,0.0000000000,0.0000000000,1839.5882312272,10800.0000000000,833.3333333333,463.2970666667,0.0000000000,0.0000000000,True
2025-03-08,0.0000000000,0.0000000000,1375.6672882991,10800.0000000000,833.3333333333,470.8035500000,0.0000000000,0.0000000000,True
2025-03-09,0.0000000000,0.0000000000,1261.4966464594,10800.0000000000,833.3333333333,780.8316666667,0.0000000000,0.0000000000,True
2025-03-10,0.0000000000,0.0000000000,1200.0000000000,10769.6261003171,833.3333333333,822.2328833333,0.0000000000,0.0000000000,True
2025-03-11,0.0000000000,0.0000000000,1562.1745625542,10800.0000000000,833.3333333333,788.2315166667,0.0000000000,0.0000000000,True
2025-03-12,0.0000000000,0.0000000000,1373.2286080605,10800.0000000000,833.3333333333,795.6400000000,0.0000000000,0.0000000000,True
2025-03-13,0.0000000000,0.0000000000,1200.0000000000,10800.0000000000,833.3333333333,829.3766666667,0.0000000000,0.0000000000,True
2025-03-14,0.0000000000,0.0000000000,1692.8628481373,10800.0000000000,833.3333333333,496.7150000000,0.0000000000,0.0000000000,True
2025-03-15,0.0000000000,0.0000000000,1529.6397940742,10800.0000000000,833.3333333333,508.6490333333,0.0000000000,0.0000000000,True
2025-03-16,0.0000000000,0.0000000000,1658.1645313354,10800.0000000000,833.3333333333,833.3333333333,0.0000000000,0.0000000000,True
2025-03-17,0.0000000000,0.0000000000,1262.0178055495,10800.0000000000,833.3333333333,792.1298500000,0.0000000000,0.0000000000,True
2025-03-18,0.0000000000,0.0000000000,1265.0321169352,10800.0000000000,833.3333333333,801.5304166667,0.0000000000,0.0000000000,True
2025-03-19,0.0000000000,0.0000000000,1590.2319083223,10800.0000000000,833.3333333333,823.4450000000,0.0000000000,0.0000000000,True
2025-03-20,0.0000000000,0.0000000000,1387.1570019323,10800.0000000000,833.3333333333,827.0150000000,0.0000000000,0.0000000000,True
2025-03-21,0.0000000000,0.0000000000,1497.3631442291,10800.0000000000,833.3333333333,494.8250000000,0.0000000000,0.0000000000,True
2025-03-22,0.0000000000,0.0000000000,1849.0149629630,10800.0000000000,833.3333333333,471.8125166667,0.0000000000,0.0000000000,True
2025-03-23,0.0000000000,0.0000000000,1200.0000000000,10800.0000000000,833.3333333333,817.6898666667,0.0000000000,0.0000000000,True
2025-03-24,0.0000000000,0.0000000000,1209.4120015115,10800.0000000000,833.3333333333,805.6850000000,0.0000000000,0.0000000000,True
2025-03-25,0.0000000000,0.0000000000,1200.0000000000,10800.0000000000,833.3333333333,800.1925000000,0.0000000000,0.0000000000,True
2025-03-26,0.0000000000,0.0000000000,1305.4282047203,10800.0000000000,833.3333333333,787.9337500000,0.0000000000,0.0000000000,True
2025-03-27,0.0000000000,0.0000000000,1498.0232831337,10800.0000000000,833.3333333333,766.7254166667,0.0000000000,0.0000000000,True
2025-03-28,0.0000000000,0.0000000000,1797.5835255092,10800.0000000000,833.3333333333,483.8733333333,0.0000000000,0.0000000000,True
2025-03-29,0.0000000000,0.0000000000,1558.1693607528,10800.0000000000,833.3333333333,482.2450000000,0.0000000000,0.0000000000,True
2025-03-30,0.0000000000,0.0000000000,1488.2651301526,10800.0000000000,833.3333333333,761.5791333333,0.0000000000,0.0000000000,True
2025-03-31,0.0000000000,0.0000000000,1200.0000000000,10800.0000000000,833.3333333333,796.0470833333,0.0000000000,0.0000000000,True
2025-04-01,0.0000000000,0.0000000000,1200.0000000000,10800.0000000000,833.3333333333,772.0364500000,0.0000000000,0.0000000000,True
2025-04-02,0.0000000000,0.0000000000,1200.0000000000,10800.0000000000,833.3333333333,788.4129166667,0.0000000000,0.0000000000,True
2025-04-03,0.0000000000,0.0000000000,1414.9004232767,10800.0000000000,833.3333333333,779.5462500000,0.0000000000,0.0000000000,True
2025-04-04,0.0000000000,0.0000000000,1756.7577579340,10800.0000000000,833.3333333333,503.5033333333,0.0000000000,0.0000000000,True
2025-04-05,0.0000000000,0.0000000000,1581.1982864209,10800.0000000000,833.3333333333,487.7073833333,0.0000000000,0.0000000000,True
2025-04-06,0.0000000000,0.0000000000,1241.5845661775,10800.0000000000,833.3333333333,772.5316666667,0.0000000000,0.0000000000,True
2025-04-07,0.0000000000,0.0000000000,1350.9797391708,10800.0000000000,833.3333333333,735.0190166667,0.0000000000,0.0000000000,True
2025-04-08,0.0000000000,0.0000000000,1214.7602495913,10800.0000000000,833.3333333333,746.5050000000,0.0000000000,0.0000000000,True
2025-04-09,0.0000000000,0.0000000000,1200.0000000000,10800.0000000000,833.3333333333,749.6552500000,0.0000000000,0.0000000000,True
2025-04-10,0.0000000000,0.0000000000,1373.3817943595,10800.0000000000,833.3333333333,766.9669166667,0.0000000000,0.0000000000,True
2025-04-11,0.0000000000,0.0000000000,1711.2966735351,10800.0000000000,833.3333333333,493.1533333333,0.0000000000,0.0000000000,True
2025-04-12,0.0000000000,0.0000000000,1748.2025922801,10800.0000000000,833.3333333333,476.1539333333,0.0000000000,0.0000000000,True
2025-04-13,0.0000000000,0.0000000000,1301.0541120534,10800.0000000000,833.3333333333,748.9800000000,0.0000000000,0.0000000000,True
2025-04-14,0.0000000000,0.0000000000,1200.0000000000,10800.0000000000,833.3333333333,759.3166666667,0.0000000000,0.0000000000,True
2025-04-15,0.0000000000,0.0000000000,1441.3586688139,10800.0000000000,833.3333333333,751.0735833333,0.0000000000,0.0000000000,True
2025-04-16,0.0000000000,0.0000000000,1500.1055103796,10800.0000000000,833.3333333333,730.5316666667,0.0000000000,0.0000000000,True
2025-04-17,0.0000000000,0.0000000000,1371.8222580236,10800.0000000000,833.3333333333,750.8766666667,0.0000000000,0.0000000000,True
2025-04-18,0.0000000000,0.0000000000,1765.7569736665,10800.0000000000,833.3333333333,475.2600000000,0.0000000000,0.0000000000,True
2025-04-19,0.0000000000,0.0000000000,1754.1965694804,10800.0000000000,833.3333333333,475.2686500000,0.0000000000,0.0000000000,True
2025-04-20,0.0000000000,0.0000000000,1594.9517153002,10800.0000000000,833.3333333333,721.5449000000,0.0000000000,0.0000000000,True
2025-04-21,0.0000000000,0.0000000000,1200.0000000000,10800.0000000000,833.3333333333,741.0165500000,0.0000000000,0.0000000000,True
2025-04-22,0.0000000000,0.0000000000,1595.1927197402,10800.0000000000,833.3333333333,736.1570333333,0.0000000000,0.0000000000,True
2025-04-23,0.0000000000,0.0000000000,1542.3591984463,10800.0000000000,833.3333333333,748.3694500000,0.0000000000,0.0000000000,True
2025-04-24,0.0000000000,0.0000000000,1473.4377629372,10800.0000000000,833.3333333333,745.5016666667,0.0000000000,0.0000000000,True
2025-04-25,0.0000000000,0.0000000000,1663.1767777778,10800.0000000000,833.3333333333,490.2083333333,0.0000000000,0.0000000000,True
2025-04-26,0.0000000000,0.0000000000,1533.2759399600,10800.0000000000,833.3333333333,484.1332333333,0.0000000000,0.0000000000,True
2025-04-27,0.0000000000,0.0000000000,1200.0000000000,10800.0000000000,833.3333333333,733.8631166667,0.0000000000,0.0000000000,True
2025-04-28,0.0000000000,0.0000000000,1200.0000000000,10800.0000000000,833.3333333333,697.8383333333,0.0000000000,0.0000000000,True
2025-04-29,0.0000000000,0.0000000000,1200.0000000000,10800.0000000000,833.3333333333,748.9916666667,0.0000000000,0.0000000000,True
2025-04-30,0.0000000000,0.0000000000,1283.3687693016,10800.0000000000,833.3333333333,746.8378333333,0.0000000000,0.0000000000,True
2025-05-01,0.0000000000,0.0000000000,1200.0000000000,10800.0000000000,833.3333333333,819.6148166667,0.0000000000,0.0000000000,True
2025-05-02,0.0000000000,0.0000000000,1200.0000000000,10800.0000000000,833.3333333333,546.4155500000,0.0000000000,0.0000000000,True
2025-05-03,0.0000000000,0.0000000000,1200.0000000000,10800.0000000000,833.3333333333,572.5083333333,0.0000000000,0.0000000000,True
2025-05-04,0.0000000000,0.0000000000,1200.0000000000,10800.0000000000,833.3333333333,803.8746000000,0.0000000000,0.0000000000,True
2025-05-05,0.0000000000,0.0000000000,1200.0000000000,10800.0000000000,833.3333333333,809.2416833333,0.0000000000,0.0000000000,True
2025-05-06,0.0000000000,0.0000000000,1200.0000000000,10800.0000000000,833.3333333333,814.2691666667,0.0000000000,0.0000000000,True
2025-05-07,0.0000000000,0.0000000000,1200.0000000000,10800.0000000000,833.3333333333,833.0116666667,0.0000000000,0.0000000000,True
2025-05-08,0.0000000000,0.0000000000,1680.7076936958,10800.0000000000,833.3333333333,833.3333333333,0.0000000000,0.0000000000,True
2025-05-09,0.0000000000,0.0000000000,2237.8768677075,10800.0000000000,833.3333333333,560.7918000000,0.0000000000,0.0000000000,True
2025-05-10,0.0000000000,0.0000000000,2294.3435907884,10800.0000000000,833.3333333333,554.0049500000,0.0000000000,0.0000000000,True
2025-05-11,0.0000000000,0.0000000000,1571.2166764744,10800.0000000000,833.3333333333,833.3333333333,0.0000000000,0.0000000000,True
2025-05-12,0.0000000000,0.0000000000,1686.7513762936,10800.0000000000,833.3333333333,819.3645333333,0.0000000000,0.0000000000,True
2025-05-13,0.0000000000,0.0000000000,1656.7914480722,10800.0000000000,833.3333333333,825.4812333333,0.0000000000,0.0000000000,True
2025-05-14,0.0000000000,0.0000000000,1925.7449892515,10800.0000000000,833.3333333333,816.3005938343,0.0000000000,0.0000000000,True
2025-05-15,0.0000000000,0.0000000000,2340.9390594958,10800.0000000000,833.3333333333,801.5756502209,0.0000000000,0.0000000000,True
2025-05-16,0.0000000000,0.0000000000,2359.0835473338,10800.0000000000,833.3333333333,566.1133333333,0.0000000000,0.0000000000,True
2025-05-17,0.0000000000,0.0000000000,1875.8195727918,10800.0000000000,833.3333333333,593.3274333333,0.0000000000,0.0000000000,True
2025-05-18,0.0000000000,0.0000000000,1984.5143992782,10800.0000000000,833.3333333333,833.0757601583,0.0000000000,0.0000000000,True
2025-05-19,0.0000000000,0.0000000000,1411.4528656531,10800.0000000000,833.3333333333,833.3333333333,0.0000000000,0.0000000000,True
2025-05-20,0.0000000000,0.0000000000,1559.3151599042,10800.0000000000,833.3333333333,831.5733333333,0.0000000000,0.0000000000,True
2025-05-21,0.0000000000,0.0000000000,1736.0660090768,10800.0000000000,833.3333333333,811.0043333333,0.0000000000,0.0000000000,True
2025-05-22,0.0000000000,0.0000000000,1670.2501668489,10800.0000000000,833.3333333333,832.2686942667,0.0000000000,0.0000000000,True
2025-05-23,0.0000000000,0.0000000000,1975.3974454371,10800.0000000000,833.3333333333,551.3140666667,0.0000000000,0.0000000000,True
2025-05-24,0.0000000000,0.0000000000,2138.4912722919,10800.0000000000,833.3333333333,551.4284333333,0.0000000000,0.0000000000,True
2025-05-25,0.0000000000,0.0000000000,1545.4750466584,10800.0000000000,833.3333333333,810.7893500000,0.0000000000,0.0000000000,True
2025-05-26,0.0000000000,0.0000000000,1200.0000000000,10800.0000000000,833.3333333333,824.9333333333,0.0000000000,0.0000000000,True
2025-05-27,0.0000000000,0.0000000000,1535.4209162010,10800.0000000000,833.3333333333,819.2750000000,0.0000000000,0.0000000000,True
2025-05-28,0.0000000000,0.0000000000,1543.7667533980,10800.0000000000,833.3333333333,825.7825333333,0.0000000000,0.0000000000,True
2025-05-29,0.0000000000,0.0000000000,1439.5687374009,10800.0000000000,833.3333333333,833.3333333333,0.0000000000,0.0000000000,True
2025-05-30,0.0000000000,0.0000000000,1929.1917475142,10800.0000000000,833.3333333333,532.5197666667,0.0000000000,0.0000000000,True
2025-05-31,0.0000000000,0.0000000000,1769.7822943911,10800.0000000000,833.3333333333,551.2803500000,0.0000000000,0.0000000000,True
2025-06-01,0.0000000000,0.0000000000,1200.0000000000,9683.8745659465,833.3333333333,620.8420833333,0.0000000000,0.0000000000,True
2025-06-02,0.0000000000,0.0000000000,1200.0000000000,10310.4219769419,833.3333333333,683.4500000000,0.0000000000,0.0000000000,True
2025-06-03,0.0000000000,0.0000000000,1200.0000000000,10800.0000000000,833.3333333333,833.3333333333,0.0000000000,0.0000000000,True
2025-06-04,0.0000000000,0.0000000000,1200.0000000000,10800.0000000000,833.3333333333,833.3333333333,0.0000000000,0.0000000000,True
2025-06-05,0.0000000000,0.0000000000,1200.0000000000,10800.0000000000,833.3333333333,833.3333333333,0.0000000000,0.0000000000,True
2025-06-06,0.0000000000,0.0000000000,1200.0000000000,10800.0000000000,833.3333333333,633.1102333333,0.0000000000,0.0000000000,True
2025-06-07,0.0000000000,0.0000000000,1364.9656692158,10800.0000000000,833.3333333333,659.9410833333,0.0000000000,0.0000000000,True
2025-06-08,0.0000000000,0.0000000000,2184.9358660273,10800.0000000000,833.3333333333,792.1710582014,0.0000000000,0.0000000000,True
2025-06-09,0.0000000000,0.0000000000,1517.9822339721,10800.0000000000,833.3333333333,833.3333333333,0.0000000000,0.0000000000,True
2025-06-10,0.0000000000,0.0000000000,2101.8124485300,10800.0000000000,833.3333333333,785.0721146630,0.0000000000,0.0000000000,True
2025-06-11,0.0000000000,0.0000000000,1500.0000000000,10800.0000000000,833.3333333333,801.3723026834,0.0000000000,0.0000000000,True
2025-06-12,0.0000000000,0.0000000000,2088.3712646519,10800.0000000000,833.3333333333,797.4501163244,0.0000000000,0.0000000000,True
2025-06-13,0.0000000000,0.0000000000,2280.9835481063,10800.0000000000,833.3333333333,637.9376166667,0.0000000000,0.0000000000,True
2025-06-14,0.0000000000,0.0000000000,2303.6743923996,10800.0000000000,833.3333333333,655.4149666667,0.0000000000,0.0000000000,True
2025-06-15,0.0000000000,0.0000000000,2385.9763482148,10800.0000000000,833.3333333333,794.5774132834,0.0000000000,0.0000000000,True
2025-06-16,0.0000000000,0.0000000000,1759.5874372305,10800.0000000000,833.3333333333,833.3333333333,0.0000000000,0.0000000000,True
2025-06-17,0.0000000000,0.0000000000,1885.7585191786,10800.0000000000,833.3333333333,819.4836712041,0.0000000000,0.0000000000,True
2025-06-18,0.0000000000,0.0000000000,1977.0786499778,10800.0000000000,833.3333333333,809.7840861939,0.0000000000,0.0000000000,True
2025-06-19,0.0000000000,0.0000000000,1773.4720675446,10800.0000000000,833.3333333333,833.3333333333,0.0000000000,0.0000000000,True
2025-06-20,0.0000000000,0.0000000000,2438.6322473236,10800.0000000000,833.3333333333,636.1150000000,0.0000000000,0.0000000000,True
2025-06-21,0.0000000000,0.0000000000,2179.3378487077,10800.0000000000,833.3333333333,667.4907000000,0.0000000000,0.0000000000,True
2025-06-22,0.0000000000,0.0000000000,1548.7810225077,10800.0000000000,833.3333333333,833.3333333333,0.0000000000,0.0000000000,True
2025-06-23,0.0000000000,0.0000000000,1739.2670462257,10800.0000000000,833.3333333333,828.2133499847,0.0000000000,0.0000000000,True
2025-06-24,0.0000000000,0.0000000000,1311.8943325250,10800.0000000000,833.3333333333,812.3930585266,0.0000000000,0.0000000000,True
2025-06-25,0.0000000000,0.0000000000,1674.9262475038,10800.0000000000,833.3333333333,825.4327041978,0.0000000000,0.0000000000,True
2025-06-26,0.0000000000,0.0000000000,1597.6536811988,10800.0000000000,833.3333333333,833.3333333333,0.0000000000,0.0000000000,True
2025-06-27,0.0000000000,0.0000000000,1780.4398342051,10800.0000000000,833.3333333333,641.4883333333,0.0000000000,0.0000000000,True
2025-06-28,0.0000000000,0.0000000000,1987.9736566797,10800.0000000000,833.3333333333,628.0102833333,0.0000000000,0.0000000000,True
2025-06-29,0.0000000000,0.0000000000,1563.6636695758,10800.0000000000,833.3333333333,815.3750119015,0.0000000000,0.0000000000,True
2025-06-30,0.0000000000,0.0000000000,1548.4691410872,10800.0000000000,833.3333333333,833.3333333333,0.0000000000,0.0000000000,True
2025-07-01,0.0000000000,0.0000000000,1200.0000000000,10800.0000000000,833.3333333333,833.3333333333,0.0000000000,0.0000000000,True
2025-07-02,0.0000000000,0.0000000000,1200.0000000000,10800.0000000000,833.3333333333,833.3333333333,0.0000000000,0.0000000000,True
2025-07-03,0.0000000000,0.0000000000,1200.0000000000,10366.3234728012,833.3333333333,833.3333333333,0.0000000000,0.0000000000,True
2025-07-04,0.0000000000,0.0000000000,1200.0000000000,10800.0000000000,833.3333333333,779.2083333333,0.0000000000,0.0000000000,True
2025-07-05,0.0000000000,0.0000000000,1200.0000000000,10800.0000000000,833.3333333333,728.0928333333,0.0000000000,0.0000000000,True
2025-07-06,0.0000000000,0.0000000000,1200.0000000000,10800.0000000000,833.3333333333,833.3333333333,0.0000000000,0.0000000000,True
2025-07-07,0.0000000000,0.0000000000,1427.0711518061,10800.0000000000,833.3333333333,833.3333333333,0.0000000000,0.0000000000,True
2025-07-08,0.0000000000,0.0000000000,2562.7614250455,10800.0000000000,833.3333333333,767.2593609462,0.0000000000,0.0000000000,True
2025-07-09,0.0000000000,0.0000000000,2124.7906270704,10800.0000000000,833.3333333333,833.3333333333,0.0000000000,0.0000000000,True
2025-07-10,0.0000000000,0.0000000000,1820.4838183426,10800.0000000000,833.3333333333,825.2355851946,0.0000000000,0.0000000000,True
2025-07-11,0.0000000000,0.0000000000,2227.3787520393,10800.0000000000,833.3333333333,740.9250666667,0.0000000000,0.0000000000,True
2025-07-12,0.0000000000,0.0000000000,1962.4300637860,10800.0000000000,833.3333333333,726.9878333333,0.0000000000,0.0000000000,True
2025-07-13,0.0000000000,0.0000000000,1857.0336877314,10800.0000000000,833.3333333333,833.3333333333,0.0000000000,0.0000000000,True
2025-07-14,0.0000000000,0.0000000000,1578.8643576061,10800.0000000000,833.3333333333,833.3333333333,0.0000000000,0.0000000000,True
2025-07-15,0.0000000000,0.0000000000,2543.4857271394,10800.0000000000,833.3333333333,761.7644803335,0.0000000000,0.0000000000,True
2025-07-16,0.0000000000,0.0000000000,2072.0012916035,10800.0000000000,833.3333333333,808.8095415564,0.0000000000,0.0000000000,True
2025-07-17,0.0000000000,0.0000000000,2213.8843842304,10800.0000000000,833.3333333333,795.2123442405,0.0000000000,0.0000000000,True
2025-07-18,0.0000000000,0.0000000000,2293.3514814815,10800.0000000000,833.3333333333,742.0443500000,0.0000000000,0.0000000000,True
2025-07-19,0.0000000000,0.0000000000,1918.6129718436,10800.0000000000,833.3333333333,741.6691333333,0.0000000000,0.0000000000,True
2025-07-20,0.0000000000,0.0000000000,1955.5868015162,10800.0000000000,833.3333333333,815.8381267887,0.0000000000,0.0000000000,True
2025-07-21,0.0000000000,0.0000000000,1834.7722224136,10800.0000000000,833.3333333333,823.4796689608,0.0000000000,0.0000000000,True
2025-07-22,0.0000000000,0.0000000000,1656.5195285268,10800.0000000000,833.3333333333,833.3333333333,0.0000000000,0.0000000000,True
2025-07-23,0.0000000000,0.0000000000,1678.3052624957,10800.0000000000,833.3333333333,826.6152646736,0.0000000000,0.0000000000,True
2025-07-24,0.0000000000,0.0000000000,1852.9800055333,10800.0000000000,833.3333333333,810.3562051917,0.0000000000,0.0000000000,True
2025-07-25,0.0000000000,0.0000000000,1729.9810527257,10800.0000000000,833.3333333333,714.6207500000,0.0000000000,0.0000000000,True
2025-07-26,0.0000000000,0.0000000000,1734.6670361921,10800.0000000000,833.3333333333,730.4740333333,0.0000000000,0.0000000000,True
2025-07-27,0.0000000000,0.0000000000,1676.4841661619,10800.0000000000,833.3333333333,820.9879974421,0.0000000000,0.0000000000,True
2025-07-28,0.0000000000,0.0000000000,1200.0000000000,10800.0000000000,833.3333333333,805.1664768733,0.0000000000,0.0000000000,True
2025-07-29,0.0000000000,0.0000000000,1589.2299014134,10800.0000000000,833.3333333333,833.3333333333,0.0000000000,0.0000000000,True
2025-07-30,0.0000000000,0.0000000000,1776.2989341626,10800.0000000000,833.3333333333,808.1497731955,0.0000000000,0.0000000000,True
2025-07-31,0.0000000000,0.0000000000,1268.7846621735,10800.0000000000,833.3333333333,833.3333333333,0.0000000000,0.0000000000,True
2025-08-01,0.0000000000,0.0000000000,1606.3287122360,10800.0000000000,833.3333333333,725.0833333333,0.0000000000,0.0000000000,True
2025-08-02,0.0000000000,0.0000000000,1575.3582807516,10800.0000000000,833.3333333333,720.1400000000,0.0000000000,0.0000000000,True
2025-08-03,0.0000000000,0.0000000000,1200.0000000000,10800.0000000000,833.3333333333,833.3333333333,0.0000000000,0.0000000000,True
2025-08-04,0.0000000000,0.0000000000,1200.0000000000,10800.0000000000,833.3333333333,833.3333333333,0.0000000000,0.0000000000,True
2025-08-05,0.0000000000,0.0000000000,1541.1113035687,10800.0000000000,833.3333333333,831.5398388480,0.0000000000,0.0000000000,True
2025-08-06,0.0000000000,0.0000000000,1200.0000000000,10800.0000000000,833.3333333333,820.3163713810,0.0000000000,0.0000000000,True
2025-08-07,0.0000000000,0.0000000000,1425.4957875536,10800.0000000000,833.3333333333,833.3333333333,0.0000000000,0.0000000000,True
2025-08-08,0.0000000000,0.0000000000,1676.4015395115,10800.0000000000,833.3333333333,720.2655166667,0.0000000000,0.0000000000,True
2025-08-09,0.0000000000,0.0000000000,1702.1767354799,10800.0000000000,833.3333333333,700.3216666667,0.0000000000,0.0000000000,True
2025-08-10,0.0000000000,0.0000000000,1472.8045144866,10800.0000000000,833.3333333333,833.3333333333,0.0000000000,0.0000000000,True
2025-08-11,0.0000000000,0.0000000000,1208.6941550362,10800.0000000000,833.3333333333,833.3333333333,0.0000000000,0.0000000000,True
2025-08-12,0.0000000000,0.0000000000,1200.0000000000,10800.0000000000,833.3333333333,833.3333333333,0.0000000000,0.0000000000,True
2025-08-13,0.0000000000,0.0000000000,1512.6246186578,10800.0000000000,833.3333333333,833.3333333333,0.0000000000,0.0000000000,True
2025-08-14,0.0000000000,0.0000000000,1258.2236532512,10800.0000000000,833.3333333333,833.3333333333,0.0000000000,0.0000000000,True
2025-08-15,0.0000000000,0.0000000000,1822.0495812902,10800.0000000000,833.3333333333,707.0260333333,0.0000000000,0.0000000000,True
2025-08-16,0.0000000000,0.0000000000,1364.3328348806,10800.0000000000,833.3333333333,731.8950000000,0.0000000000,0.0000000000,True
2025-08-17,0.0000000000,0.0000000000,1424.0002794319,10800.0000000000,833.3333333333,833.3333333333,0.0000000000,0.0000000000,True
2025-08-18,0.0000000000,0.0000000000,1262.0628366562,10800.0000000000,833.3333333333,833.3333333333,0.0000000000,0.0000000000,True
2025-08-19,0.0000000000,0.0000000000,1700.6416977110,10800.0000000000,833.3333333333,833.3333333333,0.0000000000,0.0000000000,True
2025-08-20,0.0000000000,0.0000000000,1200.0000000000,10800.0000000000,833.3333333333,833.3333333333,0.0000000000,0.0000000000,True
2025-08-21,0.0000000000,0.0000000000,1569.7804442049,10800.0000000000,833.3333333333,829.1804053028,0.0000000000,0.0000000000,True
2025-08-22,0.0000000000,0.0000000000,1501.2832256562,10800.0000000000,833.3333333333,751.1733333333,0.0000000000,0.0000000000,True
2025-08-23,0.0000000000,0.0000000000,1796.3938703704,10800.0000000000,833.3333333333,698.8283333333,0.0000000000,0.0000000000,True
2025-08-24,0.0000000000,0.0000000000,1771.3697697928,10800.0000000000,833.3333333333,826.9856585250,0.0000000000,0.0000000000,True
2025-08-25,0.0000000000,0.0000000000,1200.0000000000,10800.0000000000,833.3333333333,833.3333333333,0.0000000000,0.0000000000,True
2025-08-26,0.0000000000,0.0000000000,1741.5118720555,10800.0000000000,833.3333333333,817.0545282937,0.0000000000,0.0000000000,True
2025-08-27,0.0000000000,0.0000000000,1505.6024915987,10800.0000000000,833.3333333333,828.3854944432,0.0000000000,0.0000000000,True
2025-08-28,0.0000000000,0.0000000000,1663.9536121217,10800.0000000000,833.3333333333,833.3333333333,0.0000000000,0.0000000000,True
2025-08-29,0.0000000000,0.0000000000,1797.7342029574,10800.0000000000,833.3333333333,729.1532333333,0.0000000000,0.0000000000,True
2025-08-30,0.0000000000,0.0000000000,1628.5216991475,10800.0000000000,833.3333333333,703.5511333333,0.0000000000,0.0000000000,True
2025-08-31,0.0000000000,0.0000000000,1427.6068078849,10800.0000000000,833.3333333333,833.3333333333,0.0000000000,0.0000000000,True
2025-09-01,0.0000000000,0.0000000000,2982.2108457899,10800.0000000000,833.3333333333,737.3911831506,0.0000000000,0.0000000000,True
2025-09-02,0.0000000000,0.0000000000,2402.7117589439,10800.0000000000,833.3333333333,757.2045833333,0.0000000000,0.0000000000,True
2025-09-03,0.0000000000,0.0000000000,2627.0775287790,10800.0000000000,833.3333333333,769.2419100565,0.0000000000,0.0000000000,True
2025-09-04,0.0000000000,0.0000000000,2284.7025723826,10800.0000000000,833.3333333333,797.3536973194,0.0000000000,0.0000000000,True
2025-09-05,0.0000000000,0.0000000000,2577.3039800781,10800.0000000000,833.3333333333,588.7583333333,0.0000000000,0.0000000000,True
2025-09-06,0.0000000000,0.0000000000,2585.2056272154,10800.0000000000,833.3333333333,588.4176000000,0.0000000000,0.0000000000,True
2025-09-07,0.0000000000,0.0000000000,1802.8020263797,10800.0000000000,833.3333333333,809.6150500024,0.0000000000,0.0000000000,True
2025-09-08,0.0000000000,0.0000000000,1200.0000000000,9970.8106303640,833.3333333333,761.2837500000,0.0000000000,0.0000000000,True
2025-09-09,0.0000000000,0.0000000000,1200.0000000000,10800.0000000000,833.3333333333,833.3333333333,0.0000000000,0.0000000000,True
2025-09-10,0.0000000000,0.0000000000,1200.0000000000,10665.5346443198,833.3333333333,819.7666666667,0.0000000000,0.0000000000,True
2025-09-11,0.0000000000,0.0000000000,1200.0000000000,10800.0000000000,833.3333333333,833.3333333333,0.0000000000,0.0000000000,True
2025-09-12,0.0000000000,0.0000000000,1465.4786275556,10800.0000000000,833.3333333333,583.2223166667,0.0000000000,0.0000000000,True
2025-09-13,0.0000000000,0.0000000000,1447.4687626991,10800.0000000000,833.3333333333,571.3068333333,0.0000000000,0.0000000000,True
2025-09-14,0.0000000000,0.0000000000,1200.0000000000,10800.0000000000,833.3333333333,831.9316666667,0.0000000000,0.0000000000,True
2025-09-15,0.0000000000,0.0000000000,1200.0000000000,10800.0000000000,833.3333333333,833.3333333333,0.0000000000,0.0000000000,True
2025-09-16,0.0000000000,0.0000000000,1200.0000000000,10800.0000000000,833.3333333333,833.3333333333,0.0000000000,0.0000000000,True
2025-09-17,0.0000000000,0.0000000000,1200.0000000000,10800.0000000000,833.3333333333,833.3333333333,0.0000000000,0.0000000000,True
2025-09-18,0.0000000000,0.0000000000,1200.0000000000,10800.0000000000,833.3333333333,833.1831333333,0.0000000000,0.0000000000,True
2025-09-19,0.0000000000,0.0000000000,1811.4714987297,10800.0000000000,833.3333333333,545.1881666667,0.0000000000,0.0000000000,True
2025-09-20,0.0000000000,0.0000000000,1537.6462976584,10800.0000000000,833.3333333333,572.0883333333,0.0000000000,0.0000000000,True
2025-09-21,0.0000000000,0.0000000000,1543.3167837261,10800.0000000000,833.3333333333,825.8545666452,0.0000000000,0.0000000000,True
2025-09-22,0.0000000000,0.0000000000,1595.0986189164,10800.0000000000,833.3333333333,833.3333333333,0.0000000000,0.0000000000,True
2025-09-23,0.0000000000,0.0000000000,1647.8734234263,10800.0000000000,833.3333333333,825.6250514967,0.0000000000,0.0000000000,True
2025-09-24,0.0000000000,0.0000000000,1674.7122446349,10800.0000000000,833.3333333333,825.1169333333,0.0000000000,0.0000000000,True
2025-09-25,0.0000000000,0.0000000000,1827.5562628420,10800.0000000000,833.3333333333,833.3333333333,0.0000000000,0.0000000000,True
2025-09-26,0.0000000000,0.0000000000,1982.7357002479,10800.0000000000,833.3333333333,562.1766666667,0.0000000000,0.0000000000,True
2025-09-27,0.0000000000,0.0000000000,1738.4491694009,10800.0000000000,833.3333333333,548.6300000000,0.0000000000,0.0000000000,True
2025-09-28,0.0000000000,0.0000000000,1737.9585181608,10800.0000000000,833.3333333333,833.3333333333,0.0000000000,0.0000000000,True
2025-09-29,0.0000000000,0.0000000000,1456.9356003043,10800.0000000000,833.3333333333,833.3333333333,0.0000000000,0.0000000000,True
2025-09-30,0.0000000000,0.0000000000,1771.9537211244,10800.0000000000,833.3333333333,833.3333333333,0.0000000000,0.0000000000,True
2025-10-01,0.0000000000,0.0000000000,2574.8211680059,10800.0000000000,833.3333333333,816.4716666667,0.0000000000,0.0000000000,True
2025-10-02,0.0000000000,0.0000000000,2603.2828284901,10800.0000000000,833.3333333333,828.9116666667,0.0000000000,0.0000000000,True
2025-10-03,0.0000000000,0.0000000000,2801.7006851852,10800.0000000000,833.3333333333,498.6756500000,0.0000000000,0.0000000000,True
2025-10-04,0.0000000000,0.0000000000,2461.1957527995,10800.0000000000,833.3333333333,501.8200000000,0.0000000000,0.0000000000,True
2025-10-05,0.0000000000,0.0000000000,2189.6928219490,10800.0000000000,833.3333333333,811.3057198141,0.0000000000,0.0000000000,True
2025-10-06,0.0000000000,0.0000000000,1846.5850185185,10800.0000000000,833.3333333333,789.2292166667,0.0000000000,0.0000000000,True
2025-10-07,0.0000000000,0.0000000000,1765.5902927325,10800.0000000000,833.3333333333,810.2468000000,0.0000000000,0.0000000000,True
2025-10-08,0.0000000000,0.0000000000,1200.0000000000,10800.0000000000,833.3333333333,816.5865244603,0.0000000000,0.0000000000,True
2025-10-09,0.0000000000,0.0000000000,1390.1254398129,10800.0000000000,833.3333333333,820.1652000000,0.0000000000,0.0000000000,True
2025-10-10,0.0000000000,0.0000000000,1779.0190009686,10800.0000000000,833.3333333333,486.0208666667,0.0000000000,0.0000000000,True
2025-10-11,0.0000000000,0.0000000000,1566.7237661072,10800.0000000000,833.3333333333,496.5483333333,0.0000000000,0.0000000000,True
2025-10-12,0.0000000000,0.0000000000,1346.6832123489,10800.0000000000,833.3333333333,833.3333333333,0.0000000000,0.0000000000,True
2025-10-13,0.0000000000,0.0000000000,1200.0000000000,10800.0000000000,833.3333333333,806.2616666667,0.0000000000,0.0000000000,True
2025-10-14,0.0000000000,0.0000000000,1273.3864572827,10800.0000000000,833.3333333333,814.6924166667,0.0000000000,0.0000000000,True
2025-10-15,0.0000000000,0.0000000000,1200.0000000000,10800.0000000000,833.3333333333,796.8039090865,0.0000000000,0.0000000000,True
2025-10-16,0.0000000000,0.0000000000,1200.0000000000,10800.0000000000,833.3333333333,813.0891422133,0.0000000000,0.0000000000,True
2025-10-17,0.0000000000,0.0000000000,1566.6636297097,10800.0000000000,833.3333333333,489.1051833333,0.0000000000,0.0000000000,True
2025-10-18,0.0000000000,0.0000000000,2036.2784157408,10800.0000000000,833.3333333333,466.4000333333,0.0000000000,0.0000000000,True
2025-10-19,0.0000000000,0.0000000000,1200.0000000000,10800.0000000000,833.3333333333,825.5608333333,0.0000000000,0.0000000000,True
2025-10-20,0.0000000000,0.0000000000,1200.0000000000,10800.0000000000,833.3333333333,819.6775666667,0.0000000000,0.0000000000,True
2025-10-21,0.0000000000,0.0000000000,1693.5302658172,10800.0000000000,833.3333333333,831.9733333333,0.0000000000,0.0000000000,True
2025-10-22,0.0000000000,0.0000000000,1200.0000000000,10800.0000000000,833.3333333333,825.7539500000,0.0000000000,0.0000000000,True
2025-10-23,0.0000000000,0.0000000000,1548.9671728929,10800.0000000000,833.3333333333,811.1005166667,0.0000000000,0.0000000000,True
2025-10-24,0.0000000000,0.0000000000,1537.9057813407,10800.0000000000,833.3333333333,509.0331333333,0.0000000000,0.0000000000,True
2025-10-25,0.0000000000,0.0000000000,1602.7565677576,10800.0000000000,833.3333333333,485.5650000000,0.0000000000,0.0000000000,True
2025-10-26,0.0000000000,0.0000000000,1766.2734546082,10800.0000000000,833.3333333333,830.1616666667,0.0000000000,0.0000000000,True
2025-10-27,0.0000000000,0.0000000000,1200.0000000000,10800.0000000000,833.3333333333,833.3333333333,0.0000000000,0.0000000000,True
2025-10-28,0.0000000000,0.0000000000,1539.1133679821,10800.0000000000,833.3333333333,819.3346394136,0.0000000000,0.0000000000,True
2025-10-29,0.0000000000,0.0000000000,1200.0000000000,10800.0000000000,833.3333333333,816.2304500000,0.0000000000,0.0000000000,True
2025-10-30,0.0000000000,0.0000000000,1619.5146374297,10800.0000000000,833.3333333333,832.0128653835,0.0000000000,0.0000000000,True
2025-10-31,0.0000000000,0.0000000000,1742.2192941203,10800.0000000000,833.3333333333,487.6216666667,0.0000000000,0.0000000000,True
2025-11-01,0.0000000000,0.0000000000,1987.1178984796,10800.0000000000,833.3333333333,467.0846580350,0.0000000000,0.0000000000,True
2025-11-02,0.0000000000,0.0000000000,1200.0000000000,10800.0000000000,833.3333333333,813.2376264142,0.0000000000,0.0000000000,True
2025-11-03,0.0000000000,0.0000000000,1613.0951057620,10800.0000000000,833.3333333333,808.0150000000,0.0000000000,0.0000000000,True
2025-11-04,0.0000000000,0.0000000000,1301.0182547860,10800.0000000000,833.3333333333,833.3333333333,0.0000000000,0.0000000000,True
2025-11-05,0.0000000000,0.0000000000,1753.0907362299,10800.0000000000,833.3333333333,811.8805994350,0.0000000000,0.0000000000,True
2025-11-06,0.0000000000,0.0000000000,1365.7941004318,10800.0000000000,833.3333333333,812.7902410640,0.0000000000,0.0000000000,True
2025-11-07,0.0000000000,0.0000000000,1716.2065324059,10800.0000000000,833.3333333333,491.6083333333,0.0000000000,0.0000000000,True
2025-11-08,0.0000000000,0.0000000000,1724.6862704377,10800.0000000000,833.3333333333,481.4116666667,0.0000000000,0.0000000000,True
2025-11-09,0.0000000000,0.0000000000,1540.0002006328,10800.0000000000,833.3333333333,808.1183333333,0.0000000000,0.0000000000,True
2025-11-10,0.0000000000,0.0000000000,1200.0000000000,10800.0000000000,833.3333333333,826.6853333333,0.0000000000,0.0000000000,True
2025-11-11,0.0000000000,0.0000000000,1655.9766482257,10800.0000000000,833.3333333333,804.8483333333,0.0000000000,0.0000000000,True
2025-11-12,0.0000000000,0.0000000000,1319.4450532769,10800.0000000000,833.3333333333,817.6585166667,0.0000000000,0.0000000000,True
2025-11-13,0.0000000000,0.0000000000,1260.2111773999,10800.0000000000,833.3333333333,833.3333333333,0.0000000000,0.0000000000,True
2025-11-14,0.0000000000,0.0000000000,1744.4292799297,10800.0000000000,833.3333333333,474.0410500000,0.0000000000,0.0000000000,True
2025-11-15,0.0000000000,0.0000000000,1508.5321763927,10800.0000000000,833.3333333333,486.8850000000,0.0000000000,0.0000000000,True
2025-11-16,0.0000000000,0.0000000000,1476.7855248472,10800.0000000000,833.3333333333,832.3133333333,0.0000000000,0.0000000000,True
2025-11-17,0.0000000000,0.0000000000,1404.9955666237,10800.0000000000,833.3333333333,788.5726500000,0.0000000000,0.0000000000,True
2025-11-18,0.0000000000,0.0000000000,1482.1412700213,10800.0000000000,833.3333333333,816.1556919063,0.0000000000,0.0000000000,True
2025-11-19,0.0000000000,0.0000000000,1358.5525147607,10800.0000000000,833.3333333333,833.3333333333,0.0000000000,0.0000000000,True
2025-11-20,0.0000000000,0.0000000000,1538.6740468003,10800.0000000000,833.3333333333,802.4140502327,0.0000000000,0.0000000000,True
2025-11-21,0.0000000000,0.0000000000,1964.4179098771,10800.0000000000,833.3333333333,489.4308333333,0.0000000000,0.0000000000,True
2025-11-22,0.0000000000,0.0000000000,1558.0555678407,10800.0000000000,833.3333333333,537.3437500000,0.0000000000,0.0000000000,True
2025-11-23,0.0000000000,0.0000000000,1392.1966765725,10800.0000000000,833.3333333333,805.6600000000,0.0000000000,0.0000000000,True
2025-11-24,0.0000000000,0.0000000000,1200.0000000000,10800.0000000000,833.3333333333,833.3333333333,0.0000000000,0.0000000000,True
2025-11-25,0.0000000000,0.0000000000,1474.7105153252,10800.0000000000,833.3333333333,801.0718558608,0.0000000000,0.0000000000,True
2025-11-26,0.0000000000,0.0000000000,1528.6866659030,10800.0000000000,833.3333333333,833.3333333333,0.0000000000,0.0000000000,True
2025-11-27,0.0000000000,0.0000000000,1421.7854045828,10800.0000000000,833.3333333333,800.0045189188,0.0000000000,0.0000000000,True
2025-11-28,0.0000000000,0.0000000000,1418.3047983148,10800.0000000000,833.3333333333,511.0125000000,0.0000000000,0.0000000000,True
2025-11-29,0.0000000000,0.0000000000,1738.7553533832,10800.0000000000,833.3333333333,499.8883333333,0.0000000000,0.0000000000,True
2025-11-30,0.0000000000,0.0000000000,1276.5864498401,10800.0000000000,833.3333333333,833.3333333333,0.0000000000,0.0000000000,True
2025-12-01,0.0000000000,0.0000000000,1200.0000000000,10200.0000000000,833.3333333333,833.3333333333,0.0000000000,0.0000000000,True
2025-12-02,0.0000000000,0.0000000000,1200.0000000000,10800.0000000000,833.3333333333,833.3333333333,0.0000000000,0.0000000000,True
2025-12-03,0.0000000000,0.0000000000,1638.7835784900,10800.0000000000,833.3333333333,828.3274466576,0.0000000000,0.0000000000,True
2025-12-04,0.0000000000,0.0000000000,1200.0000000000,10800.0000000000,833.3333333333,833.3333333333,0.0000000000,0.0000000000,True
2025-12-05,0.0000000000,0.0000000000,1758.2506370070,10800.0000000000,833.3333333333,665.5750000000,0.0000000000,0.0000000000,True
2025-12-06,0.0000000000,0.0000000000,1525.0163405294,10800.0000000000,833.3333333333,655.6695833333,0.0000000000,0.0000000000,True
2025-12-07,0.0000000000,0.0000000000,1361.4466252170,10800.0000000000,833.3333333333,833.3333333333,0.0000000000,0.0000000000,True
2025-12-08,0.0000000000,0.0000000000,1412.3684990486,10800.0000000000,833.3333333333,768.9918333333,0.0000000000,0.0000000000,True
2025-12-09,0.0000000000,0.0000000000,1440.1383418018,10800.0000000000,833.3333333333,833.3333333333,0.0000000000,0.0000000000,True
2025-12-10,0.0000000000,0.0000000000,1519.1771825832,10800.0000000000,833.3333333333,762.0901767392,0.0000000000,0.0000000000,True
2025-12-11,0.0000000000,0.0000000000,1537.0011717420,10800.0000000000,833.3333333333,781.7015653851,0.0000000000,0.0000000000,True
2025-12-12,0.0000000000,0.0000000000,1613.5464014311,10800.0000000000,833.3333333333,625.3124500000,0.0000000000,0.0000000000,True
2025-12-13,0.0000000000,0.0000000000,1657.8195000000,10800.0000000000,833.3333333333,633.9050000000,0.0000000000,0.0000000000,True
2025-12-14,0.0000000000,0.0000000000,1290.1514682666,10800.0000000000,833.3333333333,766.4541500000,0.0000000000,0.0000000000,True
2025-12-15,0.0000000000,0.0000000000,1200.0000000000,10800.0000000000,833.3333333333,833.3333333333,0.0000000000,0.0000000000,True
2025-12-16,0.0000000000,0.0000000000,1618.5802973545,10800.0000000000,833.3333333333,784.4958132317,0.0000000000,0.0000000000,True
2025-12-17,0.0000000000,0.0000000000,1425.8634303897,10800.0000000000,833.3333333333,786.3347589076,0.0000000000,0.0000000000,True
2025-12-18,0.0000000000,0.0000000000,1476.4931567390,10800.0000000000,833.3333333333,797.8469070714,0.0000000000,0.0000000000,True
2025-12-19,0.0000000000,0.0000000000,1547.8352640609,10800.0000000000,833.3333333333,626.0969500000,0.0000000000,0.0000000000,True
2025-12-20,0.0000000000,0.0000000000,1671.2013357217,10800.0000000000,833.3333333333,619.5816666667,0.0000000000,0.0000000000,True
2025-12-21,0.0000000000,0.0000000000,1348.1750411286,10800.0000000000,833.3333333333,833.3333333333,0.0000000000,0.0000000000,True
2025-12-22,0.0000000000,0.0000000000,1200.0000000000,10800.0000000000,833.3333333333,833.3333333333,0.0000000000,0.0000000000,True
2025-12-23,0.0000000000,0.0000000000,1557.8602724844,10800.0000000000,833.3333333333,775.0516006017,0.0000000000,0.0000000000,True
2025-12-24,0.0000000000,0.0000000000,1200.0000000000,10800.0000000000,833.3333333333,833.3333333333,0.0000000000,0.0000000000,True
2025-12-25,0.0000000000,0.0000000000,1351.8080931968,10800.0000000000,833.3333333333,817.8804260990,0.0000000000,0.0000000000,True
2025-12-26,0.0000000000,0.0000000000,1935.6921002466,10800.0000000000,833.3333333333,651.6783333333,0.0000000000,0.0000000000,True
2025-12-27,0.0000000000,0.0000000000,1516.0843011080,10800.0000000000,833.3333333333,648.7416666667,0.0000000000,0.0000000000,True
2025-12-28,0.0000000000,0.0000000000,1540.0890516923,10800.0000000000,833.3333333333,833.3333333333,0.0000000000,0.0000000000,True
2025-12-29,0.0000000000,0.0000000000,1320.1339450829,10800.0000000000,833.3333333333,802.8692187949,0.0000000000,0.0000000000,True
2025-12-30,0.0000000000,0.0000000000,1465.2056615850,10800.0000000000,833.3333333333,833.3333333333,0.0000000000,0.0000000000,True
2025-12-31,0.0000000000,0.0000000000,1200.0000000000,10800.0000000000,833.3333333333,827.8576135548,0.0000000000,0.0000000000,True
