stage,fit_start,fit_end,score,alpha,rho,window,smooth,features,k,blend,near_reference_score,near_delta_daily_mean,near_ci_low90,near_ci_high90,near_indistinguishable,month
coarse,2025-04-06,2025-05-31,2012191.8300503348,0.5000000000,0.5000000000,14,3,none,21,0.0000000000,1792766.2059067897,3918.3147168490,2325.1414151125,5470.3928921332,False,6
coarse,2025-04-06,2025-05-31,2006322.9054609048,0.5000000000,0.5000000000,21,3,none,21,0.0000000000,1792766.2059067897,3813.5124920378,2167.8236687638,5329.8852411864,False,6
coarse,2025-04-06,2025-05-31,1997555.0460880648,0.5000000000,0.5000000000,28,3,none,21,0.0000000000,1792766.2059067897,3656.9435746656,2221.0291457841,4925.9674728786,False,6
coarse,2025-04-06,2025-05-31,2010765.1296257577,0.5000000000,0.5000000000,42,3,none,21,0.0000000000,1792766.2059067897,3892.8379235530,2445.8836701421,5178.9508516249,False,6
coarse,2025-04-06,2025-05-31,2008749.8051118301,0.5000000000,0.5000000000,56,3,none,21,0.0000000000,1792766.2059067897,3856.8499858043,2470.4269523211,5097.0324549174,False,6
coarse,2025-04-06,2025-05-31,1944604.7858929071,0.5500000000,0.5000000000,14,3,none,21,0.0000000000,1792766.2059067897,2711.4032140378,1380.1132848457,4060.8314573033,False,6
coarse,2025-04-06,2025-05-31,1932274.6953381626,0.5500000000,0.5000000000,21,3,none,21,0.0000000000,1792766.2059067897,2491.2230255602,1154.4667675857,3789.3577069790,False,6
coarse,2025-04-06,2025-05-31,1923795.3383090259,0.5500000000,0.5000000000,28,3,none,21,0.0000000000,1792766.2059067897,2339.8059357542,1161.9685862009,3410.8802716205,False,6
coarse,2025-04-06,2025-05-31,1932267.3619245798,0.5500000000,0.5000000000,42,3,none,21,0.0000000000,1792766.2059067897,2491.0920717463,1282.4692229910,3587.5438784882,False,6
coarse,2025-04-06,2025-05-31,1931629.3545155125,0.5500000000,0.5000000000,56,3,none,21,0.0000000000,1792766.2059067897,2479.6990822986,1271.3279058817,3567.6248608987,False,6
coarse,2025-04-06,2025-05-31,1890681.9348728538,0.6000000000,0.5000000000,14,3,none,21,0.0000000000,1792766.2059067897,1748.4951601083,695.3553291243,2852.9419023655,False,6
coarse,2025-04-06,2025-05-31,1874707.8159059449,0.6000000000,0.5000000000,21,3,none,21,0.0000000000,1792766.2059067897,1463.2430356992,475.0115530580,2450.2914278931,False,6
coarse,2025-04-06,2025-05-31,1862818.7585352012,0.6000000000,0.5000000000,28,3,none,21,0.0000000000,1792766.2059067897,1250.9384397931,395.9233948530,2039.3740299482,False,6
coarse,2025-04-06,2025-05-31,1872463.0210202411,0.6000000000,0.5000000000,42,3,none,21,0.0000000000,1792766.2059067897,1423.1574127402,503.2202296416,2279.8013946835,False,6
coarse,2025-04-06,2025-05-31,1875564.0668683150,0.6000000000,0.5000000000,56,3,none,21,0.0000000000,1792766.2059067897,1478.5332314558,544.2722366133,2344.7776892135,False,6
coarse,2025-04-06,2025-05-31,1851451.6591513373,0.6500000000,0.5000000000,14,3,none,21,0.0000000000,1792766.2059067897,1047.9545222241,321.3409112204,1830.8505432751,False,6
coarse,2025-04-06,2025-05-31,1837831.8648002101,0.6500000000,0.5000000000,21,3,none,21,0.0000000000,1792766.2059067897,804.7439088111,164.5875842579,1462.1605206005,False,6
coarse,2025-04-06,2025-05-31,1821564.5125686424,0.6500000000,0.5000000000,28,3,none,21,0.0000000000,1792766.2059067897,514.2554761045,-56.9353708581,1052.2204222219,True,6
coarse,2025-04-06,2025-05-31,1831855.9886672865,0.6500000000,0.5000000000,42,3,none,21,0.0000000000,1792766.2059067897,698.0318350089,72.2253109289,1303.4692788022,False,6
coarse,2025-04-06,2025-05-31,1831632.4136007128,0.6500000000,0.5000000000,56,3,none,21,0.0000000000,1792766.2059067897,694.0394231058,62.0984879696,1297.1432987640,False,6
coarse,2025-04-06,2025-05-31,1823914.8370010396,0.7000000000,0.5000000000,14,3,none,21,0.0000000000,1792766.2059067897,556.2255552545,93.8474308188,1065.9610696166,False,6
coarse,2025-04-06,2025-05-31,1814187.8960269005,0.7000000000,0.5000000000,21,3,none,21,0.0000000000,1792766.2059067897,382.5301807163,31.4009355664,775.2437149279,False,6
coarse,2025-04-06,2025-05-31,1802653.5896494170,0.7000000000,0.5000000000,28,3,none,21,0.0000000000,1792766.2059067897,176.5604239755,-115.3933073871,461.4282071807,True,6
coarse,2025-04-06,2025-05-31,1808718.1756316605,0.7000000000,0.5000000000,42,3,none,21,0.0000000000,1792766.2059067897,284.8566022298,-104.3667346092,654.9204091894,True,6
coarse,2025-04-06,2025-05-31,1809074.5040101390,0.7000000000,0.5000000000,56,3,none,21,0.0000000000,1792766.2059067897,291.2196089884,-97.4301631319,672.6404364757,True,6
coarse,2025-04-06,2025-05-31,1804775.0318241115,0.7500000000,0.5000000000,14,3,none,21,0.0000000000,1792766.2059067897,214.4433199522,-98.4487764200,540.9793954802,True,6
coarse,2025-04-06,2025-05-31,1802028.1551596329,0.7500000000,0.5000000000,21,3,none,21,0.0000000000,1792766.2059067897,165.3919509436,16.8644855470,335.8681073942,False,6
coarse,2025-04-06,2025-05-31,1792766.2059067897,0.7500000000,0.5000000000,28,3,none,21,0.0000000000,1792766.2059067897,0.0000000000,0.0000000000,0.0000000000,True,6
coarse,2025-04-06,2025-05-31,1797160.7687439139,0.7500000000,0.5000000000,42,3,none,21,0.0000000000,1792766.2059067897,78.4743363772,-40.1036140737,192.5923897278,True,6
coarse,2025-04-06,2025-05-31,1796197.1267335406,0.7500000000,0.5000000000,56,3,none,21,0.0000000000,1792766.2059067897,61.2664433348,-80.6636790896,200.2809106053,True,6
coarse,2025-04-06,2025-05-31,1804612.3813210861,0.8000000000,0.5000000000,14,3,none,21,0.0000000000,1792766.2059067897,211.5388466839,-133.1720347616,571.4764865628,True,6
coarse,2025-04-06,2025-05-31,1804274.2686292666,0.8000000000,0.5000000000,21,3,none,21,0.0000000000,1792766.2059067897,205.5011200442,-125.0863534840,517.4901672513,True,6
coarse,2025-04-06,2025-05-31,1797114.1587102744,0.8000000000,0.5000000000,28,3,none,21,0.0000000000,1792766.2059067897,77.6420143479,-167.8181151791,314.7056935850,True,6
coarse,2025-04-06,2025-05-31,1798763.1855483099,0.8000000000,0.5000000000,42,3,none,21,0.0000000000,1792766.2059067897,107.0889221700,-66.2693305553,268.4114396138,True,6
coarse,2025-04-06,2025-05-31,1797762.9694559546,0.8000000000,0.5000000000,56,3,none,21,0.0000000000,1792766.2059067897,89.2279205208,-46.7836552449,220.0296840590,True,6
coarse,2025-04-06,2025-05-31,1813425.4778449405,0.8500000000,0.5000000000,14,3,none,21,0.0000000000,1792766.2059067897,368.9155703241,-149.2951605894,905.6669227900,True,6
coarse,2025-04-06,2025-05-31,1812604.5271962732,0.8500000000,0.5000000000,21,3,none,21,0.0000000000,1792766.2059067897,354.2557373122,-202.4171281370,901.4641201526,True,6
coarse,2025-04-06,2025-05-31,1807775.2312038806,0.8500000000,0.5000000000,28,3,none,21,0.0000000000,1792766.2059067897,268.0183088766,-242.8997803328,757.1475106575,True,6
coarse,2025-04-06,2025-05-31,1808101.6818931827,0.8500000000,0.5000000000,42,3,none,21,0.0000000000,1792766.2059067897,273.8477854713,-137.1027548816,666.5415077941,True,6
coarse,2025-04-06,2025-05-31,1803379.1796734263,0.8500000000,0.5000000000,56,3,none,21,0.0000000000,1792766.2059067897,189.5173886899,-213.0474149619,567.6520445011,True,6
coarse,2025-04-06,2025-05-31,1831212.7830256806,0.9000000000,0.5000000000,14,3,none,21,0.0000000000,1792766.2059067897,686.5460199802,-50.4821057961,1440.1046510402,True,6
coarse,2025-04-06,2025-05-31,1834629.6064536290,0.9000000000,0.5000000000,21,3,none,21,0.0000000000,1792766.2059067897,747.5607240507,-58.7067666473,1547.2949942308,True,6
coarse,2025-04-06,2025-05-31,1835535.1412422501,0.9000000000,0.5000000000,28,3,none,21,0.0000000000,1792766.2059067897,763.7309881332,-45.5021290809,1491.3104191521,True,6
coarse,2025-04-06,2025-05-31,1832137.6376799149,0.9000000000,0.5000000000,42,3,none,21,0.0000000000,1792766.2059067897,703.0612816630,28.0976261249,1346.8281295597,False,6
coarse,2025-04-06,2025-05-31,1825772.0761075432,0.9000000000,0.5000000000,56,3,none,21,0.0000000000,1792766.2059067897,589.3905392992,-89.1863916479,1213.0518717643,True,6
coarse,2025-04-06,2025-05-31,1865775.1614860094,0.9500000000,0.5000000000,14,3,none,21,0.0000000000,1792766.2059067897,1303.7313496289,283.2365748641,2290.0564775125,False,6
coarse,2025-04-06,2025-05-31,1870091.3093093946,0.9500000000,0.5000000000,21,3,none,21,0.0000000000,1792766.2059067897,1380.8054179037,201.5120183029,2457.9386488997,False,6
coarse,2025-04-06,2025-05-31,1877520.5363023463,0.9500000000,0.5000000000,28,3,none,21,0.0000000000,1792766.2059067897,1513.4701856349,267.8445881113,2596.8000559197,False,6
coarse,2025-04-06,2025-05-31,1878693.0513296558,0.9500000000,0.5000000000,42,3,none,21,0.0000000000,1792766.2059067897,1534.4079539797,422.2962271004,2506.9488338436,False,6
coarse,2025-04-06,2025-05-31,1870848.2140512527,0.9500000000,0.5000000000,56,3,none,21,0.0000000000,1792766.2059067897,1394.3215740083,272.5027740089,2366.5158835313,False,6
local,2025-04-06,2025-05-31,1803300.9034704699,0.7600000000,0.0000000000,14,0,none,21,0.0000000000,1801793.6289572590,26.9156163073,-87.3794224998,147.9267620183,True,6
local,2025-04-06,2025-05-31,1804108.4708032701,0.7600000000,0.0000000000,14,3,none,21,0.0000000000,1801793.6289572590,41.3364615359,-77.9446401754,167.9397010053,True,6
local,2025-04-06,2025-05-31,1804584.1999258080,0.7600000000,0.0000000000,14,5,none,21,0.0000000000,1801793.6289572590,49.8316244384,-72.4370741150,178.4906969104,True,6
local,2025-04-06,2025-05-31,1803510.0997910709,0.7600000000,0.2500000000,14,0,none,21,0.0000000000,1801793.6289572590,30.6512648895,-84.5528122654,152.1162140750,True,6
local,2025-04-06,2025-05-31,1804318.0807481250,0.7600000000,0.2500000000,14,3,none,21,0.0000000000,1801793.6289572590,45.0794962655,-73.6365235969,171.1459175897,True,6
local,2025-04-06,2025-05-31,1804789.9747996689,0.7600000000,0.2500000000,14,5,none,21,0.0000000000,1801793.6289572590,53.5061757573,-68.3871238817,183.1291266545,True,6
local,2025-04-06,2025-05-31,1802502.5478305474,0.7600000000,0.5000000000,14,0,none,21,0.0000000000,1801793.6289572590,12.6592655944,-113.9310065050,153.0185814091,True,6
local,2025-04-06,2025-05-31,1803288.4987247414,0.7600000000,0.5000000000,14,3,none,21,0.0000000000,1801793.6289572590,26.6941029908,-104.0471851754,170.0162112459,True,6
local,2025-04-06,2025-05-31,1803707.6012760571,0.7600000000,0.5000000000,14,5,none,21,0.0000000000,1801793.6289572590,34.1780771214,-99.2589601289,177.9185751070,True,6
local,2025-04-06,2025-05-31,1804102.9810621785,0.7600000000,0.7500000000,14,0,none,21,0.0000000000,1801793.6289572590,41.2384304450,-124.1645209109,244.9629854294,True,6
local,2025-04-06,2025-05-31,1804831.6973589826,0.7600000000,0.7500000000,14,3,none,21,0.0000000000,1801793.6289572590,54.2512214594,-115.3634260981,262.0241804332,True,6
local,2025-04-06,2025-05-31,1805232.8066712995,0.7600000000,0.7500000000,14,5,none,21,0.0000000000,1801793.6289572590,61.4138877507,-111.0122348285,270.1616189696,True,6
local,2025-04-06,2025-05-31,1845105.0809323795,0.7600000000,1.0000000000,14,0,none,21,0.0000000000,1801793.6289572590,773.4187852700,510.3418423666,1033.1667520724,False,6
local,2025-04-06,2025-05-31,1846001.5277912985,0.7600000000,1.0000000000,14,3,none,21,0.0000000000,1801793.6289572590,789.4267648936,530.5123487778,1049.7840383957,False,6
local,2025-04-06,2025-05-31,1847217.1586027551,0.7600000000,1.0000000000,14,5,none,21,0.0000000000,1801793.6289572590,811.1344579553,553.0192466421,1072.5618174205,False,6
local,2025-04-06,2025-05-31,1802057.2787107376,0.7700000000,0.0000000000,14,0,none,21,0.0000000000,1801793.6289572590,4.7080313121,-53.4385804459,67.4151158140,True,6
local,2025-04-06,2025-05-31,1802823.8098386065,0.7700000000,0.0000000000,14,3,none,21,0.0000000000,1801793.6289572590,18.3960871669,-44.6510917933,86.5254638175,True,6
local,2025-04-06,2025-05-31,1803282.0463547271,0.7700000000,0.0000000000,14,5,none,21,0.0000000000,1801793.6289572590,26.5788820976,-39.3833420738,97.6275874843,True,6
local,2025-04-06,2025-05-31,1802252.4139481785,0.7700000000,0.2500000000,14,0,none,21,0.0000000000,1801793.6289572590,8.1925891236,-52.3867381630,72.1935114150,True,6
local,2025-04-06,2025-05-31,1803018.6038053911,0.7700000000,0.2500000000,14,3,none,21,0.0000000000,1801793.6289572590,21.8745508595,-42.3391032296,90.1897726091,True,6
local,2025-04-06,2025-05-31,1803469.8734735618,0.7700000000,0.2500000000,14,5,none,21,0.0000000000,1801793.6289572590,29.9329377911,-36.5370332317,101.6151420871,True,6
local,2025-04-06,2025-05-31,1802002.8477273490,0.7700000000,0.5000000000,14,0,none,21,0.0000000000,1801793.6289572590,3.7360494659,-95.8641454272,117.0446350509,True,6
local,2025-04-06,2025-05-31,1802766.3078299027,0.7700000000,0.5000000000,14,3,none,21,0.0000000000,1801793.6289572590,17.3692655829,-86.5976070179,134.3507969169,True,6
local,2025-04-06,2025-05-31,1803176.4125790210,0.7700000000,0.5000000000,14,5,none,21,0.0000000000,1801793.6289572590,24.6925646743,-81.8659337716,142.7454547977,True,6
local,2025-04-06,2025-05-31,1803383.9105908289,0.7700000000,0.7500000000,14,0,none,21,0.0000000000,1801793.6289572590,28.3978863138,-117.8894278922,216.8273177052,True,6
local,2025-04-06,2025-05-31,1804101.5776238847,0.7700000000,0.7500000000,14,3,none,21,0.0000000000,1801793.6289572590,41.2133690469,-108.6228957749,232.2407297253,True,6
local,2025-04-06,2025-05-31,1804492.9579099743,0.7700000000,0.7500000000,14,5,none,21,0.0000000000,1801793.6289572590,48.2023027271,-101.1592055438,240.1739948858,True,6
local,2025-04-06,2025-05-31,1843116.4811030838,0.7700000000,1.0000000000,14,0,none,21,0.0000000000,1801793.6289572590,737.9080740326,470.1470084287,992.2567736149,False,6
local,2025-04-06,2025-05-31,1844120.0186167087,0.7700000000,1.0000000000,14,3,none,21,0.0000000000,1801793.6289572590,755.8283867759,490.9346800234,1009.9918317527,False,6
local,2025-04-06,2025-05-31,1845283.9443364430,0.7700000000,1.0000000000,14,5,none,21,0.0000000000,1801793.6289572590,776.6127746283,511.7433087484,1033.1588237171,False,6
local,2025-04-06,2025-05-31,1801793.6289572590,0.7800000000,0.0000000000,14,0,none,21,0.0000000000,1801793.6289572590,0.0000000000,0.0000000000,0.0000000000,True,6
local,2025-04-06,2025-05-31,1802493.2816447862,0.7800000000,0.0000000000,14,3,none,21,0.0000000000,1801793.6289572590,12.4937979916,6.5407431470,19.7942983138,False,6
local,2025-04-06,2025-05-31,1802936.9793465887,0.7800000000,0.0000000000,14,5,none,21,0.0000000000,1801793.6289572590,20.4169712380,10.2190829854,32.4202681105,False,6
local,2025-04-06,2025-05-31,1802304.6053393227,0.7800000000,0.2500000000,14,0,none,21,0.0000000000,1801793.6289572590,9.1245782511,-2.1987082338,22.0701086205,True,6
local,2025-04-06,2025-05-31,1803004.5365555794,0.7800000000,0.2500000000,14,3,none,21,0.0000000000,1801793.6289572590,21.6233499700,8.3996756644,36.5763822799,False,6
local,2025-04-06,2025-05-31,1803449.0454787852,0.7800000000,0.2500000000,14,5,none,21,0.0000000000,1801793.6289572590,29.5610093130,14.1475047093,46.5659543493,False,6
local,2025-04-06,2025-05-31,1802254.9874038850,0.7800000000,0.5000000000,14,0,none,21,0.0000000000,1801793.6289572590,8.2385436898,-95.8102416739,120.8445186340,True,6
local,2025-04-06,2025-05-31,1802967.6362018245,0.7800000000,0.5000000000,14,3,none,21,0.0000000000,1801793.6289572590,20.9644150815,-83.7622136423,133.7155088477,True,6
local,2025-04-06,2025-05-31,1803405.0113708528,0.7800000000,0.5000000000,14,5,none,21,0.0000000000,1801793.6289572590,28.7746859570,-75.6932899503,140.8656489494,True,6
local,2025-04-06,2025-05-31,1803420.4100961427,0.7800000000,0.7500000000,14,0,none,21,0.0000000000,1801793.6289572590,29.0496631944,-129.5184383988,221.2252886145,True,6
local,2025-04-06,2025-05-31,1804117.9185806138,0.7800000000,0.7500000000,14,3,none,21,0.0000000000,1801793.6289572590,41.5051718456,-114.8242318074,233.1703925269,True,6
local,2025-04-06,2025-05-31,1804539.1961365505,0.7800000000,0.7500000000,14,5,none,21,0.0000000000,1801793.6289572590,49.0279853445,-105.9005269031,241.1951158462,True,6
local,2025-04-06,2025-05-31,1841486.1704881063,0.7800000000,1.0000000000,14,0,none,21,0.0000000000,1801793.6289572590,708.7953844794,424.2918187289,973.9027775590,False,6
local,2025-04-06,2025-05-31,1842552.1937580779,0.7800000000,1.0000000000,14,3,none,21,0.0000000000,1801793.6289572590,727.8315143003,453.3479179961,988.9629873255,False,6
local,2025-04-06,2025-05-31,1843751.6835327377,0.7800000000,1.0000000000,14,5,none,21,0.0000000000,1801793.6289572590,749.2509745621,475.2362032639,1010.3347980467,False,6
local,2025-04-06,2025-05-31,1802446.2052815920,0.7900000000,0.0000000000,14,0,none,21,0.0000000000,1801793.6289572590,11.6531486488,-50.8328231709,69.8677274981,True,6
local,2025-04-06,2025-05-31,1803091.0960921757,0.7900000000,0.0000000000,14,3,none,21,0.0000000000,1801793.6289572590,23.1690559807,-33.9694972678,77.1909835025,True,6
local,2025-04-06,2025-05-31,1803518.8917190256,0.7900000000,0.0000000000,14,5,none,21,0.0000000000,1801793.6289572590,30.8082636030,-22.8192139831,82.1730732299,True,6
local,2025-04-06,2025-05-31,1802887.2581750236,0.7900000000,0.2500000000,14,0,none,21,0.0000000000,1801793.6289572590,19.5290931744,-44.0174256349,78.1495504807,True,6
local,2025-04-06,2025-05-31,1803547.2147985916,0.7900000000,0.2500000000,14,3,none,21,0.0000000000,1801793.6289572590,31.3140328809,-26.3281735918,85.3669096959,True,6
local,2025-04-06,2025-05-31,1803980.4800280456,0.7900000000,0.2500000000,14,5,none,21,0.0000000000,1801793.6289572590,39.0509119783,-15.2017439291,90.5031695133,True,6
local,2025-04-06,2025-05-31,1802872.8305671760,0.7900000000,0.5000000000,14,0,none,21,0.0000000000,1801793.6289572590,19.2714573199,-120.4443931839,150.6446677823,True,6
local,2025-04-06,2025-05-31,1803556.2436433034,0.7900000000,0.5000000000,14,3,none,21,0.0000000000,1801793.6289572590,31.4752622508,-103.5032871332,162.6694725048,True,6
local,2025-04-06,2025-05-31,1803988.4080891260,0.7900000000,0.5000000000,14,5,none,21,0.0000000000,1801793.6289572590,39.1924844976,-93.4570527827,168.2236549769,True,6
local,2025-04-06,2025-05-31,1804159.4845130385,0.7900000000,0.7500000000,14,0,none,21,0.0000000000,1801793.6289572590,42.2474206389,-149.7501550713,246.1957414009,True,6
local,2025-04-06,2025-05-31,1804815.2632737914,0.7900000000,0.7500000000,14,3,none,21,0.0000000000,1801793.6289572590,53.9577556524,-139.1339393005,257.3722275632,True,6
local,2025-04-06,2025-05-31,1805220.4290650282,0.7900000000,0.7500000000,14,5,none,21,0.0000000000,1801793.6289572590,61.1928590673,-131.0524248409,264.7171604221,True,6
local,2025-04-06,2025-05-31,1840189.6852460436,0.7900000000,1.0000000000,14,0,none,21,0.0000000000,1801793.6289572590,685.6438622997,383.3586601093,960.4175852959,False,6
local,2025-04-06,2025-05-31,1841486.8969137950,0.7900000000,1.0000000000,14,3,none,21,0.0000000000,1801793.6289572590,708.8083563667,409.6880005519,979.8586412151,False,6
local,2025-04-06,2025-05-31,1842653.3451419414,0.7900000000,1.0000000000,14,5,none,21,0.0000000000,1801793.6289572590,729.6377890122,434.1652178016,1001.7837642760,False,6
local,2025-04-06,2025-05-31,1803928.0993693387,0.8000000000,0.0000000000,14,0,none,21,0.0000000000,1801793.6289572590,38.1155430728,-80.5581188225,150.5464260232,True,6
local,2025-04-06,2025-05-31,1804477.6032711598,0.8000000000,0.0000000000,14,3,none,21,0.0000000000,1801793.6289572590,47.9281127482,-65.2667150908,155.8680230067,True,6
local,2025-04-06,2025-05-31,1804782.9502668581,0.8000000000,0.0000000000,14,5,none,21,0.0000000000,1801793.6289572590,53.3807376714,-56.3998347821,158.7345479937,True,6
local,2025-04-06,2025-05-31,1804135.9289105292,0.8000000000,0.2500000000,14,0,none,21,0.0000000000,1801793.6289572590,41.8267848798,-76.4756320018,155.5358090591,True,6
local,2025-04-06,2025-05-31,1804698.0657695723,0.8000000000,0.2500000000,14,3,none,21,0.0000000000,1801793.6289572590,51.8649430770,-61.2360853352,160.4964769894,True,6
local,2025-04-06,2025-05-31,1805001.9766074321,0.8000000000,0.2500000000,14,5,none,21,0.0000000000,1801793.6289572590,57.2919223245,-53.0385200541,161.8251841572,True,6
local,2025-04-06,2025-05-31,1804013.8105350921,0.8000000000,0.5000000000,14,0,none,21,0.0000000000,1801793.6289572590,39.6460996042,-137.8518408287,203.4499354810,True,6
local,2025-04-06,2025-05-31,1804612.3813210861,0.8000000000,0.5000000000,14,3,none,21,0.0000000000,1801793.6289572590,50.3348636398,-123.2189037840,210.9285589174,True,6
local,2025-04-06,2025-05-31,1804925.7929632911,0.8000000000,0.5000000000,14,5,none,21,0.0000000000,1801793.6289572590,55.9315001077,-115.6564035212,213.7674338972,True,6
local,2025-04-06,2025-05-31,1805624.5563173946,0.8000000000,0.7500000000,14,0,none,21,0.0000000000,1801793.6289572590,68.4094171453,-152.0799738697,291.4202763670,True,6
local,2025-04-06,2025-05-31,1806184.2850824941,0.8000000000,0.7500000000,14,3,none,21,0.0000000000,1801793.6289572590,78.4045736649,-139.7815745305,299.7656474881,True,6
local,2025-04-06,2025-05-31,1806463.8467668663,0.8000000000,0.7500000000,14,5,none,21,0.0000000000,1801793.6289572590,83.3967466001,-134.0442104819,303.9039754537,True,6
local,2025-04-06,2025-05-31,1839288.9179950024,0.8000000000,1.0000000000,14,0,none,21,0.0000000000,1801793.6289572590,669.5587328168,342.7709971237,959.0327042973,False,6
local,2025-04-06,2025-05-31,1840444.0235854955,0.8000000000,1.0000000000,14,3,none,21,0.0000000000,1801793.6289572590,690.1856183614,370.7300902661,977.8108862971,False,6
local,2025-04-06,2025-05-31,1841498.5485198603,0.8000000000,1.0000000000,14,5,none,21,0.0000000000,1801793.6289572590,709.0164207607,391.4000240396,995.3110580554,False,6
local,2025-04-06,2025-05-31,1805432.2569838301,0.8100000000,0.0000000000,14,0,none,21,0.0000000000,1801793.6289572590,64.9755004745,-112.1707476656,232.2550349002,True,6
local,2025-04-06,2025-05-31,1805717.9862343473,0.8100000000,0.0000000000,14,3,none,21,0.0000000000,1801793.6289572590,70.0778085194,-102.6856435326,233.4998747767,True,6
local,2025-04-06,2025-05-31,1805894.8446306027,0.8100000000,0.0000000000,14,5,none,21,0.0000000000,1801793.6289572590,73.2359941669,-96.8793588048,235.6716042395,True,6
local,2025-04-06,2025-05-31,1805630.0345278406,0.8100000000,0.2500000000,14,0,none,21,0.0000000000,1801793.6289572590,68.5072423318,-106.9215007527,234.6588223095,True,6
local,2025-04-06,2025-05-31,1805920.9790413659,0.8100000000,0.2500000000,14,3,none,21,0.0000000000,1801793.6289572590,73.7026800733,-98.1354948994,236.8957880558,True,6
local,2025-04-06,2025-05-31,1806094.6677269659,0.8100000000,0.2500000000,14,5,none,21,0.0000000000,1801793.6289572590,76.8042637448,-92.6913771664,237.5638344296,True,6
local,2025-04-06,2025-05-31,1805108.1697689018,0.8100000000,0.5000000000,14,0,none,21,0.0000000000,1801793.6289572590,59.1882287793,-159.5274310055,268.2645973969,True,6
local,2025-04-06,2025-05-31,1805435.6967325984,0.8100000000,0.5000000000,14,3,none,21,0.0000000000,1801793.6289572590,65.0369245596,-149.9919676070,272.8647054982,True,6
local,2025-04-06,2025-05-31,1805622.3977166878,0.8100000000,0.5000000000,14,5,none,21,0.0000000000,1801793.6289572590,68.3708707041,-145.4565321798,273.7659063580,True,6
local,2025-04-06,2025-05-31,1807018.2735577594,0.8100000000,0.7500000000,14,0,none,21,0.0000000000,1801793.6289572590,93.2972250089,-167.9778060155,344.1701797769,True,6
local,2025-04-06,2025-05-31,1807330.8625073773,0.8100000000,0.7500000000,14,3,none,21,0.0000000000,1801793.6289572590,98.8791705378,-159.6745728007,347.7348057811,True,6
local,2025-04-06,2025-05-31,1807499.6902786663,0.8100000000,0.7500000000,14,5,none,21,0.0000000000,1801793.6289572590,101.8939521680,-153.2919310485,349.2377480344,True,6
local,2025-04-06,2025-05-31,1839471.1387394264,0.8100000000,1.0000000000,14,0,none,21,0.0000000000,1801793.6289572590,672.8126746816,325.1451902087,983.5451788575,False,6
local,2025-04-06,2025-05-31,1840374.4820625598,0.8100000000,1.0000000000,14,3,none,21,0.0000000000,1801793.6289572590,688.9438054518,339.2365125038,996.0195960956,False,6
local,2025-04-06,2025-05-31,1841343.8060625093,0.8100000000,1.0000000000,14,5,none,21,0.0000000000,1801793.6289572590,706.2531625938,358.2981044974,1010.5310787972,False,6
local,2025-04-06,2025-05-31,1807525.9568267593,0.8200000000,0.0000000000,14,0,none,21,0.0000000000,1801793.6289572590,102.3629976696,-121.8951440145,313.4145977963,True,6
local,2025-04-06,2025-05-31,1807739.7511436020,0.8200000000,0.0000000000,14,3,none,21,0.0000000000,1801793.6289572590,106.1807533276,-116.0905075536,314.7170906445,True,6
local,2025-04-06,2025-05-31,1807865.7906765714,0.8200000000,0.0000000000,14,5,none,21,0.0000000000,1801793.6289572590,108.4314592734,-110.2940512363,314.8878629088,True,6
local,2025-04-06,2025-05-31,1807710.3493747008,0.8200000000,0.2500000000,14,0,none,21,0.0000000000,1801793.6289572590,105.6557217400,-118.3197575743,316.5794209228,True,6
local,2025-04-06,2025-05-31,1807932.6565302867,0.8200000000,0.2500000000,14,3,none,21,0.0000000000,1801793.6289572590,109.6254923755,-109.5484923372,316.2897870918,True,6
local,2025-04-06,2025-05-31,1808056.8886084901,0.8200000000,0.2500000000,14,5,none,21,0.0000000000,1801793.6289572590,111.8439223434,-108.2230397864,315.3799360049,True,6
local,2025-04-06,2025-05-31,1806783.4893528251,0.8200000000,0.5000000000,14,0,none,21,0.0000000000,1801793.6289572590,89.1046499208,-167.7299096997,335.3735589913,True,6
local,2025-04-06,2025-05-31,1807031.7657672949,0.8200000000,0.5000000000,14,3,none,21,0.0000000000,1801793.6289572590,93.5381573221,-160.6264597130,336.0366548952,True,6
local,2025-04-06,2025-05-31,1807166.6121305390,0.8200000000,0.5000000000,14,5,none,21,0.0000000000,1801793.6289572590,95.9461280943,-154.9625953105,336.7992092891,True,6
local,2025-04-06,2025-05-31,1808762.3387970715,0.8200000000,0.7500000000,14,0,none,21,0.0000000000,1801793.6289572590,124.4412471395,-166.3566671097,406.1068671780,True,6
local,2025-04-06,2025-05-31,1809008.0529662929,0.8200000000,0.7500000000,14,3,none,21,0.0000000000,1801793.6289572590,128.8290001613,-159.2210035182,408.1346598938,True,6
local,2025-04-06,2025-05-31,1809131.7865847538,0.8200000000,0.7500000000,14,5,none,21,0.0000000000,1801793.6289572590,131.0385290624,-157.4017249294,409.5433868069,True,6
local,2025-04-06,2025-05-31,1839712.3924318892,0.8200000000,1.0000000000,14,0,none,21,0.0000000000,1801793.6289572590,677.1207763327,306.3437595994,1008.2214869876,False,6
local,2025-04-06,2025-05-31,1840675.8698050240,0.8200000000,1.0000000000,14,3,none,21,0.0000000000,1801793.6289572590,694.3257294244,326.8684159766,1026.7731318347,False,6
local,2025-04-06,2025-05-31,1841696.7977044070,0.8200000000,1.0000000000,14,5,none,21,0.0000000000,1801793.6289572590,712.5565847705,342.7988621693,1042.0250912218,False,6
local,2025-04-06,2025-05-31,1809846.2502341415,0.8300000000,0.0000000000,14,0,none,21,0.0000000000,1801793.6289572590,143.7968085158,-129.6686968821,397.4721869982,True,6
local,2025-04-06,2025-05-31,1810007.7935969951,0.8300000000,0.0000000000,14,3,none,21,0.0000000000,1801793.6289572590,146.6815114239,-123.3416146995,397.3019867365,True,6
local,2025-04-06,2025-05-31,1810116.5777534451,0.8300000000,0.0000000000,14,5,none,21,0.0000000000,1801793.6289572590,148.6240856462,-118.0833431463,396.3573681234,True,6
local,2025-04-06,2025-05-31,1809987.8408241193,0.8300000000,0.2500000000,14,0,none,21,0.0000000000,1801793.6289572590,146.3252119082,-129.4359875677,398.7127475247,True,6
local,2025-04-06,2025-05-31,1810157.9774371255,0.8300000000,0.2500000000,14,3,none,21,0.0000000000,1801793.6289572590,149.3633657119,-122.1148980320,398.8864927003,True,6
local,2025-04-06,2025-05-31,1810264.8924355383,0.8300000000,0.2500000000,14,5,none,21,0.0000000000,1801793.6289572590,151.2725621121,-117.1020899820,398.5939424908,True,6
local,2025-04-06,2025-05-31,1808696.6267591431,0.8300000000,0.5000000000,14,0,none,21,0.0000000000,1801793.6289572590,123.2678178908,-180.7988044094,410.1685988438,True,6
local,2025-04-06,2025-05-31,1808888.5934420316,0.8300000000,0.5000000000,14,3,none,21,0.0000000000,1801793.6289572590,126.6957943709,-173.2019114478,411.5324352876,True,6
local,2025-04-06,2025-05-31,1809003.7931452133,0.8300000000,0.5000000000,14,5,none,21,0.0000000000,1801793.6289572590,128.7529319278,-169.7192065705,412.8563314162,True,6
local,2025-04-06,2025-05-31,1810730.9722099747,0.8300000000,0.7500000000,14,0,none,21,0.0000000000,1801793.6289572590,159.5954152271,-159.7700201485,476.9292559254,True,6
local,2025-04-06,2025-05-31,1810921.7541674853,0.8300000000,0.7500000000,14,3,none,21,0.0000000000,1801793.6289572590,163.0022358969,-154.3624990480,476.9689860296,True,6
local,2025-04-06,2025-05-31,1811025.8701912158,0.8300000000,0.7500000000,14,5,none,21,0.0000000000,1801793.6289572590,164.8614506064,-153.8042151397,476.7111865318,True,6
local,2025-04-06,2025-05-31,1840179.0457098477,0.8300000000,1.0000000000,14,0,none,21,0.0000000000,1801793.6289572590,685.4538705819,299.3054210629,1044.7704129148,False,6
local,2025-04-06,2025-05-31,1841171.8876088972,0.8300000000,1.0000000000,14,3,none,21,0.0000000000,1801793.6289572590,703.1831902078,319.9745068464,1059.2644138820,False,6
local,2025-04-06,2025-05-31,1842198.7832992265,0.8300000000,1.0000000000,14,5,none,21,0.0000000000,1801793.6289572590,721.5206132494,337.4247338084,1075.6804871651,False,6
local,2025-04-06,2025-05-31,1812192.4249435547,0.8400000000,0.0000000000,14,0,none,21,0.0000000000,1801793.6289572590,185.6927854696,-135.4938510873,484.7139914182,True,6
local,2025-04-06,2025-05-31,1812306.6847504515,0.8400000000,0.0000000000,14,3,none,21,0.0000000000,1801793.6289572590,187.7331391642,-131.3031732488,483.2326401081,True,6
local,2025-04-06,2025-05-31,1812401.7016505827,0.8400000000,0.0000000000,14,5,none,21,0.0000000000,1801793.6289572590,189.4298695236,-128.1637030844,482.4935793137,True,6
local,2025-04-06,2025-05-31,1812291.2135755685,0.8400000000,0.2500000000,14,0,none,21,0.0000000000,1801793.6289572590,187.4568681841,-134.5458383612,485.9585942297,True,6
local,2025-04-06,2025-05-31,1812416.2440016270,0.8400000000,0.2500000000,14,3,none,21,0.0000000000,1801793.6289572590,189.6895543637,-129.5732579021,486.0217023933,True,6
local,2025-04-06,2025-05-31,1812510.4422379741,0.8400000000,0.2500000000,14,5,none,21,0.0000000000,1801793.6289572590,191.3716657271,-125.4664314577,484.1714792636,True,6
local,2025-04-06,2025-05-31,1810804.7355723334,0.8400000000,0.5000000000,14,0,none,21,0.0000000000,1801793.6289572590,160.9126181263,-188.7858105028,490.0291107461,True,6
local,2025-04-06,2025-05-31,1810992.0115997854,0.8400000000,0.5000000000,14,3,none,21,0.0000000000,1801793.6289572590,164.2568329023,-183.0172190413,491.1127804846,True,6
local,2025-04-06,2025-05-31,1811099.4118051487,0.8400000000,0.5000000000,14,5,none,21,0.0000000000,1801793.6289572590,166.1746937123,-179.0996688688,490.4945294105,True,6
local,2025-04-06,2025-05-31,1812887.2003035950,0.8400000000,0.7500000000,14,0,none,21,0.0000000000,1801793.6289572590,198.0994883274,-164.7077893441,553.6325717406,True,6
local,2025-04-06,2025-05-31,1813083.5640712166,0.8400000000,0.7500000000,14,3,none,21,0.0000000000,1801793.6289572590,201.6059841778,-159.3657932466,553.6321782399,True,6
local,2025-04-06,2025-05-31,1813187.4112556267,0.8400000000,0.7500000000,14,5,none,21,0.0000000000,1801793.6289572590,203.4603981851,-155.8373694097,553.2277358264,True,6
local,2025-04-06,2025-05-31,1840949.9583342399,0.8400000000,1.0000000000,14,0,none,21,0.0000000000,1801793.6289572590,699.2201674461,293.9232244558,1087.6391686553,False,6
local,2025-04-06,2025-05-31,1841936.2993113445,0.8400000000,1.0000000000,14,3,none,21,0.0000000000,1801793.6289572590,716.8333991801,307.1400469042,1102.4245134170,False,6
local,2025-04-06,2025-05-31,1842942.1268958990,0.8400000000,1.0000000000,14,5,none,21,0.0000000000,1801793.6289572590,734.7946060471,331.3858168298,1119.1699539531,False,6
coarse,2025-05-06,2025-06-30,2510183.8636499662,0.5000000000,0.5000000000,14,3,none,21,0.0000000000,2233830.9010270284,4934.8743325525,2234.4464603211,7544.3256834901,False,7
coarse,2025-05-06,2025-06-30,2498537.9509003414,0.5000000000,0.5000000000,21,3,none,21,0.0000000000,2233830.9010270284,4726.9116048806,1987.3550413293,7940.3059878487,False,7
coarse,2025-05-06,2025-06-30,2475189.6532969144,0.5000000000,0.5000000000,28,3,none,21,0.0000000000,2233830.9010270284,4309.9777191051,1781.1887977201,7392.0862487263,False,7
coarse,2025-05-06,2025-06-30,2489320.9339187369,0.5000000000,0.5000000000,42,3,none,21,0.0000000000,2233830.9010270284,4562.3220159234,2074.0520167922,7498.4682530130,False,7
coarse,2025-05-06,2025-06-30,2499668.1284802342,0.5000000000,0.5000000000,56,3,none,21,0.0000000000,2233830.9010270284,4747.0933473787,2173.7102014060,7821.5448639233,False,7
coarse,2025-05-06,2025-06-30,2429609.4137658686,0.5500000000,0.5000000000,14,3,none,21,0.0000000000,2233830.9010270284,3496.0448703364,1330.4225046559,5617.4485589898,False,7
coarse,2025-05-06,2025-06-30,2420035.0956118847,0.5500000000,0.5000000000,21,3,none,21,0.0000000000,2233830.9010270284,3325.0749033010,1049.4025830284,6003.0318046118,False,7
coarse,2025-05-06,2025-06-30,2394569.1152563603,0.5500000000,0.5000000000,28,3,none,21,0.0000000000,2233830.9010270284,2870.3252540952,763.1450621840,5440.0922892412,False,7
coarse,2025-05-06,2025-06-30,2405905.6530564730,0.5500000000,0.5000000000,42,3,none,21,0.0000000000,2233830.9010270284,3072.7634290972,992.5347550297,5503.8750245629,False,7
coarse,2025-05-06,2025-06-30,2417514.1800155411,0.5500000000,0.5000000000,56,3,none,21,0.0000000000,2233830.9010270284,3280.0585533663,1099.9816288617,5875.1734970599,False,7
coarse,2025-05-06,2025-06-30,2368547.6076089730,0.6000000000,0.5000000000,14,3,none,21,0.0000000000,2233830.9010270284,2405.6554746776,818.1362264951,3997.8991757527,False,7
coarse,2025-05-06,2025-06-30,2353934.2084100847,0.6000000000,0.5000000000,21,3,none,21,0.0000000000,2233830.9010270284,2144.7019175546,434.5088919626,4124.3548563533,False,7
coarse,2025-05-06,2025-06-30,2327007.5735028354,0.6000000000,0.5000000000,28,3,none,21,0.0000000000,2233830.9010270284,1663.8691513537,25.9116218641,3633.6165354662,False,7
coarse,2025-05-06,2025-06-30,2332878.5100502297,0.6000000000,0.5000000000,42,3,none,21,0.0000000000,2233830.9010270284,1768.7073039857,163.6043234341,3631.8161228986,False,7
coarse,2025-05-06,2025-06-30,2344053.1005165465,0.6000000000,0.5000000000,56,3,none,21,0.0000000000,2233830.9010270284,1968.2535623128,257.2366726062,4009.9798330863,False,7
coarse,2025-05-06,2025-06-30,2320267.6813209662,0.6500000000,0.5000000000,14,3,none,21,0.0000000000,2233830.9010270284,1543.5139338203,511.5468132299,2586.1720002923,False,7
coarse,2025-05-06,2025-06-30,2308123.1169522135,0.6500000000,0.5000000000,21,3,none,21,0.0000000000,2233830.9010270284,1326.6467129497,243.5594296293,2600.8478933543,False,7
coarse,2025-05-06,2025-06-30,2277651.9558200575,0.6500000000,0.5000000000,28,3,none,21,0.0000000000,2233830.9010270284,782.5188355898,-312.6447355985,2134.8954319570,True,7
coarse,2025-05-06,2025-06-30,2278268.8546958119,0.6500000000,0.5000000000,42,3,none,21,0.0000000000,2233830.9010270284,793.5348869426,-271.9219291263,2031.9562058310,True,7
coarse,2025-05-06,2025-06-30,2289320.7522211676,0.6500000000,0.5000000000,56,3,none,21,0.0000000000,2233830.9010270284,990.8901998953,-213.6942378816,2443.7595653837,True,7
coarse,2025-05-06,2025-06-30,2287772.1068897052,0.7000000000,0.5000000000,14,3,none,21,0.0000000000,2233830.9010270284,963.2358189764,332.7423545841,1614.0302839103,False,7
coarse,2025-05-06,2025-06-30,2272060.7359527750,0.7000000000,0.5000000000,21,3,none,21,0.0000000000,2233830.9010270284,682.6756236740,143.9464454957,1308.2455034815,False,7
coarse,2025-05-06,2025-06-30,2253428.9066962977,0.7000000000,0.5000000000,28,3,none,21,0.0000000000,2233830.9010270284,349.9643869512,-178.0804106707,1032.0192903525,True,7
coarse,2025-05-06,2025-06-30,2244349.0809245077,0.7000000000,0.5000000000,42,3,none,21,0.0000000000,2233830.9010270284,187.8246410264,-321.7700547703,791.5359506156,True,7
coarse,2025-05-06,2025-06-30,2253737.0428581988,0.7000000000,0.5000000000,56,3,none,21,0.0000000000,2233830.9010270284,355.4668184138,-316.1003530056,1179.3067632323,True,7
coarse,2025-05-06,2025-06-30,2269121.5886220969,0.7500000000,0.5000000000,14,3,none,21,0.0000000000,2233830.9010270284,630.1908499119,85.8846246204,1188.9943009968,False,7
coarse,2025-05-06,2025-06-30,2263558.5164695960,0.7500000000,0.5000000000,21,3,none,21,0.0000000000,2233830.9010270284,530.8502757601,242.7144199321,800.9181386844,False,7
coarse,2025-05-06,2025-06-30,2245243.4798439844,0.7500000000,0.5000000000,28,3,none,21,0.0000000000,2233830.9010270284,203.7960503028,12.4743024476,403.9563059825,False,7
coarse,2025-05-06,2025-06-30,2233830.9010270284,0.7500000000,0.5000000000,42,3,none,21,0.0000000000,2233830.9010270284,0.0000000000,0.0000000000,0.0000000000,True,7
coarse,2025-05-06,2025-06-30,2236297.5650412762,0.7500000000,0.5000000000,56,3,none,21,0.0000000000,2233830.9010270284,44.0475716830,-124.2647963234,262.5359631981,True,7
coarse,2025-05-06,2025-06-30,2266813.6102314880,0.8000000000,0.5000000000,14,3,none,21,0.0000000000,2233830.9010270284,588.9769500796,-262.8682063675,1395.0648784923,True,7
coarse,2025-05-06,2025-06-30,2264490.0088892858,0.8000000000,0.5000000000,21,3,none,21,0.0000000000,2233830.9010270284,547.4840689689,-48.3087164529,1117.8937958015,True,7
coarse,2025-05-06,2025-06-30,2249747.6073304852,0.8000000000,0.5000000000,28,3,none,21,0.0000000000,2233830.9010270284,284.2268982760,-242.6977913410,758.7241920436,True,7
coarse,2025-05-06,2025-06-30,2234695.0688371863,0.8000000000,0.5000000000,42,3,none,21,0.0000000000,2233830.9010270284,15.4315680385,-546.3395551890,464.1916526706,True,7
coarse,2025-05-06,2025-06-30,2238389.5881794058,0.8000000000,0.5000000000,56,3,none,21,0.0000000000,2233830.9010270284,81.4051277210,-263.8788149841,394.6051180800,True,7
coarse,2025-05-06,2025-06-30,2277953.7011548011,0.8500000000,0.5000000000,14,3,none,21,0.0000000000,2233830.9010270284,787.9071451388,-456.7726825472,1980.3953595633,True,7
coarse,2025-05-06,2025-06-30,2277384.5003135465,0.8500000000,0.5000000000,21,3,none,21,0.0000000000,2233830.9010270284,777.7428444021,-346.7411117395,1786.0821240862,True,7
coarse,2025-05-06,2025-06-30,2266560.1523845778,0.8500000000,0.5000000000,28,3,none,21,0.0000000000,2233830.9010270284,584.4509170991,-523.5679432381,1515.3583019323,True,7
coarse,2025-05-06,2025-06-30,2245267.7630176954,0.8500000000,0.5000000000,42,3,none,21,0.0000000000,2233830.9010270284,204.2296784048,-935.7109726892,1108.2634931336,True,7
coarse,2025-05-06,2025-06-30,2245135.4455328854,0.8500000000,0.5000000000,56,3,none,21,0.0000000000,2233830.9010270284,201.8668661760,-739.1204934755,985.2523780661,True,7
coarse,2025-05-06,2025-06-30,2304213.7511199513,0.9000000000,0.5000000000,14,3,none,21,0.0000000000,2233830.9010270284,1256.8366088022,-359.3023566224,2832.3537488841,True,7
coarse,2025-05-06,2025-06-30,2316234.8892754819,0.9000000000,0.5000000000,21,3,none,21,0.0000000000,2233830.9010270284,1471.4997901510,-253.3860360190,2996.2236320811,True,7
coarse,2025-05-06,2025-06-30,2312542.1852088757,0.9000000000,0.5000000000,28,3,none,21,0.0000000000,2233830.9010270284,1405.5586461044,-308.6833820224,2761.6809562102,True,7
coarse,2025-05-06,2025-06-30,2279396.5744708208,0.9000000000,0.5000000000,42,3,none,21,0.0000000000,2233830.9010270284,813.6727400677,-853.4324789463,2122.2449835112,True,7
coarse,2025-05-06,2025-06-30,2276777.9130283240,0.9000000000,0.5000000000,56,3,none,21,0.0000000000,2233830.9010270284,766.9109285946,-726.6076279926,1958.8161602054,True,7
coarse,2025-05-06,2025-06-30,2348134.0962547227,0.9500000000,0.5000000000,14,3,none,21,0.0000000000,2233830.9010270284,2041.1284862088,-146.7807508431,4136.7799642451,True,7
coarse,2025-05-06,2025-06-30,2385723.0718536456,0.9500000000,0.5000000000,21,3,none,21,0.0000000000,2233830.9010270284,2712.3601933324,446.6118812928,4712.3302645079,False,7
coarse,2025-05-06,2025-06-30,2395892.0774438162,0.9500000000,0.5000000000,28,3,none,21,0.0000000000,2233830.9010270284,2893.9495788712,522.4986347322,4835.6684571933,False,7
coarse,2025-05-06,2025-06-30,2360038.5964446235,0.9500000000,0.5000000000,42,3,none,21,0.0000000000,2233830.9010270284,2253.7088467428,-148.0902327231,4096.2079143075,True,7
coarse,2025-05-06,2025-06-30,2347792.0186866689,0.9500000000,0.5000000000,56,3,none,21,0.0000000000,2233830.9010270284,2035.0199582079,-218.2525152618,3804.2678416041,True,7
local,2025-05-06,2025-06-30,2276145.3582599200,0.7600000000,0.0000000000,14,0,none,21,0.0000000000,2259612.8860292807,295.2227184043,-210.1399220874,944.9769890413,True,7
local,2025-05-06,2025-06-30,2276192.1026767893,0.7600000000,0.0000000000,14,3,none,21,0.0000000000,2259612.8860292807,296.0574401341,-213.0590182504,954.3148390810,True,7
local,2025-05-06,2025-06-30,2276504.6412323629,0.7600000000,0.0000000000,14,5,none,21,0.0000000000,2259612.8860292807,301.6384857693,-210.0089975568,966.5574995367,True,7
local,2025-05-06,2025-06-30,2271702.7493631607,0.7600000000,0.2500000000,14,0,none,21,0.0000000000,2259612.8860292807,215.8904166764,-183.5623023219,702.7543630375,True,7
local,2025-05-06,2025-06-30,2271767.0255586943,0.7600000000,0.2500000000,14,3,none,21,0.0000000000,2259612.8860292807,217.0382058824,-187.5524661236,715.4277957626,True,7
local,2025-05-06,2025-06-30,2272080.0046880962,0.7600000000,0.2500000000,14,5,none,21,0.0000000000,2259612.8860292807,222.6271189074,-186.6603381048,727.2085533173,True,7
local,2025-05-06,2025-06-30,2267786.5774231679,0.7600000000,0.5000000000,14,0,none,21,0.0000000000,2259612.8860292807,145.9587748908,-166.3301413373,508.7989151199,True,7
local,2025-05-06,2025-06-30,2267784.8345611030,0.7600000000,0.5000000000,14,3,none,21,0.0000000000,2259612.8860292807,145.9276523540,-171.9608175522,512.9050561957,True,7
local,2025-05-06,2025-06-30,2268073.4893330010,0.7600000000,0.5000000000,14,5,none,21,0.0000000000,2259612.8860292807,151.0822018522,-169.7425086275,523.2026377793,True,7
local,2025-05-06,2025-06-30,2259785.6346936878,0.7600000000,0.7500000000,14,0,none,21,0.0000000000,2259612.8860292807,3.0847975787,-178.4099190567,204.7480774398,True,7
local,2025-05-06,2025-06-30,2259744.0601737835,0.7600000000,0.7500000000,14,3,none,21,0.0000000000,2259612.8860292807,2.3423954376,-184.6076096232,209.9934542995,True,7
local,2025-05-06,2025-06-30,2260029.2106340481,0.7600000000,0.7500000000,14,5,none,21,0.0000000000,2259612.8860292807,7.4343679423,-182.8762365464,221.0228197022,True,7
local,2025-05-06,2025-06-30,2300498.7971627219,0.7600000000,1.0000000000,14,0,none,21,0.0000000000,2259612.8860292807,730.1055559543,457.3212483517,998.8552828245,False,7
local,2025-05-06,2025-06-30,2299838.7483052453,0.7600000000,1.0000000000,14,3,none,21,0.0000000000,2259612.8860292807,718.3189692137,449.9465454744,980.9650965546,False,7
local,2025-05-06,2025-06-30,2300401.6348226485,0.7600000000,1.0000000000,14,5,none,21,0.0000000000,2259612.8860292807,728.3705141673,461.5088803853,989.1699383705,False,7
local,2025-05-06,2025-06-30,2276216.8392408025,0.7700000000,0.0000000000,14,0,none,21,0.0000000000,2259612.8860292807,296.4991644915,-126.9245491745,871.9010184228,True,7
local,2025-05-06,2025-06-30,2276119.4500705758,0.7700000000,0.0000000000,14,3,none,21,0.0000000000,2259612.8860292807,294.7600721660,-128.1742603296,878.2346236177,True,7
local,2025-05-06,2025-06-30,2276355.5217742892,0.7700000000,0.0000000000,14,5,none,21,0.0000000000,2259612.8860292807,298.9756383037,-130.0116010469,885.1790261542,True,7
local,2025-05-06,2025-06-30,2271511.5067268489,0.7700000000,0.2500000000,14,0,none,21,0.0000000000,2259612.8860292807,212.4753695994,-108.7089716262,618.2998579189,True,7
local,2025-05-06,2025-06-30,2271447.9430788402,0.7700000000,0.2500000000,14,3,none,21,0.0000000000,2259612.8860292807,211.3403044564,-109.9023039828,624.8517080879,True,7
local,2025-05-06,2025-06-30,2271694.4147285731,0.7700000000,0.2500000000,14,5,none,21,0.0000000000,2259612.8860292807,215.7415839159,-109.5217799250,634.6836285704,True,7
local,2025-05-06,2025-06-30,2267546.2326645823,0.7700000000,0.5000000000,14,0,none,21,0.0000000000,2259612.8860292807,141.6669042018,-89.5466944792,412.3732339304,True,7
local,2025-05-06,2025-06-30,2267472.5408384805,0.7700000000,0.5000000000,14,3,none,21,0.0000000000,2259612.8860292807,140.3509787357,-93.7505966369,418.0048030286,True,7
local,2025-05-06,2025-06-30,2267693.3844587966,0.7700000000,0.5000000000,14,5,none,21,0.0000000000,2259612.8860292807,144.2946148128,-92.7927763734,429.8517447577,True,7
local,2025-05-06,2025-06-30,2259985.1162663354,0.7700000000,0.7500000000,14,0,none,21,0.0000000000,2259612.8860292807,6.6469685188,-95.2574176924,117.0055178043,True,7
local,2025-05-06,2025-06-30,2259864.7555163149,0.7700000000,0.7500000000,14,3,none,21,0.0000000000,2259612.8860292807,4.4976694113,-100.2606606518,120.4002630533,True,7
local,2025-05-06,2025-06-30,2260056.0916256653,0.7700000000,0.7500000000,14,5,none,21,0.0000000000,2259612.8860292807,7.9143856497,-100.8668043485,129.5536077274,True,7
local,2025-05-06,2025-06-30,2299006.8663158761,0.7700000000,1.0000000000,14,0,none,21,0.0000000000,2259612.8860292807,703.4639336892,444.2927169976,966.7601113983,False,7
local,2025-05-06,2025-06-30,2298428.1755834981,0.7700000000,1.0000000000,14,3,none,21,0.0000000000,2259612.8860292807,693.1301706110,440.9237968712,952.4669790987,False,7
local,2025-05-06,2025-06-30,2299047.0731897010,0.7700000000,1.0000000000,14,5,none,21,0.0000000000,2259612.8860292807,704.1819135789,451.2865427009,961.0190538561,False,7
local,2025-05-06,2025-06-30,2275898.0860097692,0.7800000000,0.0000000000,14,0,none,21,0.0000000000,2259612.8860292807,290.8071425087,-29.2154516688,786.1129393029,True,7
local,2025-05-06,2025-06-30,2276010.2085713642,0.7800000000,0.0000000000,14,3,none,21,0.0000000000,2259612.8860292807,292.8093311086,-36.0991233825,800.7775785425,True,7
local,2025-05-06,2025-06-30,2276234.2583248802,0.7800000000,0.0000000000,14,5,none,21,0.0000000000,2259612.8860292807,296.8102195643,-37.0699952721,812.0998335841,True,7
local,2025-05-06,2025-06-30,2270616.1709889215,0.7800000000,0.2500000000,14,0,none,21,0.0000000000,2259612.8860292807,196.4872314222,-27.2873349387,517.0415992888,True,7
local,2025-05-06,2025-06-30,2270787.8599721678,0.7800000000,0.2500000000,14,3,none,21,0.0000000000,2259612.8860292807,199.5531061230,-31.6069347572,529.6318059639,True,7
local,2025-05-06,2025-06-30,2271046.0388221312,0.7800000000,0.2500000000,14,5,none,21,0.0000000000,2259612.8860292807,204.1634427295,-31.4172438822,540.4500724380,True,7
local,2025-05-06,2025-06-30,2266775.5085409470,0.7800000000,0.5000000000,14,0,none,21,0.0000000000,2259612.8860292807,127.9039734226,-4.7594586636,302.5299927344,True,7
local,2025-05-06,2025-06-30,2266883.4599708295,0.7800000000,0.5000000000,14,3,none,21,0.0000000000,2259612.8860292807,129.8316775277,-7.0372061405,310.8150949956,True,7
local,2025-05-06,2025-06-30,2267095.7152441870,0.7800000000,0.5000000000,14,5,none,21,0.0000000000,2259612.8860292807,133.6219502662,-7.4881628103,319.5962063101,True,7
local,2025-05-06,2025-06-30,2259612.8860292807,0.7800000000,0.7500000000,14,0,none,21,0.0000000000,2259612.8860292807,0.0000000000,0.0000000000,0.0000000000,True,7
local,2025-05-06,2025-06-30,2259743.0518988958,0.7800000000,0.7500000000,14,3,none,21,0.0000000000,2259612.8860292807,2.3243905288,-10.3728924486,16.4015946278,True,7
local,2025-05-06,2025-06-30,2259966.8343791296,0.7800000000,0.7500000000,14,5,none,21,0.0000000000,2259612.8860292807,6.3205062473,-12.9556827798,28.1801330826,True,7
local,2025-05-06,2025-06-30,2297137.2803981528,0.7800000000,1.0000000000,14,0,none,21,0.0000000000,2259612.8860292807,670.0784708727,375.1036357532,953.8960033093,False,7
local,2025-05-06,2025-06-30,2296600.8012923412,0.7800000000,1.0000000000,14,3,none,21,0.0000000000,2259612.8860292807,660.4984868404,369.6748560789,944.6548446351,False,7
local,2025-05-06,2025-06-30,2297338.8048908645,0.7800000000,1.0000000000,14,5,none,21,0.0000000000,2259612.8860292807,673.6771225283,388.8140021506,952.3562384771,False,7
local,2025-05-06,2025-06-30,2275979.5736344522,0.7900000000,0.0000000000,14,0,none,21,0.0000000000,2259612.8860292807,292.2622786638,51.1024842779,700.3092860113,False,7
local,2025-05-06,2025-06-30,2276278.3262968040,0.7900000000,0.0000000000,14,3,none,21,0.0000000000,2259612.8860292807,297.5971476344,50.8788251491,715.5802537328,False,7
local,2025-05-06,2025-06-30,2276563.5161060272,0.7900000000,0.0000000000,14,5,none,21,0.0000000000,2259612.8860292807,302.6898227990,51.9693702461,726.2959254005,False,7
local,2025-05-06,2025-06-30,2270449.5591451875,0.7900000000,0.2500000000,14,0,none,21,0.0000000000,2259612.8860292807,193.5120199269,45.0782203166,420.5903427332,False,7
local,2025-05-06,2025-06-30,2270675.3634730997,0.7900000000,0.2500000000,14,3,none,21,0.0000000000,2259612.8860292807,197.5442400682,43.9865192382,435.4972895205,False,7
local,2025-05-06,2025-06-30,2270935.9891146719,0.7900000000,0.2500000000,14,5,none,21,0.0000000000,2259612.8860292807,202.1982693820,45.2719191756,444.9367457728,False,7
local,2025-05-06,2025-06-30,2266342.2348486651,0.7900000000,0.5000000000,14,0,none,21,0.0000000000,2259612.8860292807,120.1669432033,53.5608002809,208.2874544717,False,7
local,2025-05-06,2025-06-30,2266649.1228634901,0.7900000000,0.5000000000,14,3,none,21,0.0000000000,2259612.8860292807,125.6470863252,55.5623189807,219.0793062092,False,7
local,2025-05-06,2025-06-30,2266956.3611918017,0.7900000000,0.5000000000,14,5,none,21,0.0000000000,2259612.8860292807,131.1334850450,59.5124854546,228.6931339046,False,7
local,2025-05-06,2025-06-30,2260012.5699538784,0.7900000000,0.7500000000,14,0,none,21,0.0000000000,2259612.8860292807,7.1372129393,-98.6808259321,102.5147132924,True,7
local,2025-05-06,2025-06-30,2260267.9069746034,0.7900000000,0.7500000000,14,3,none,21,0.0000000000,2259612.8860292807,11.6968025951,-89.2817252685,103.4481423402,True,7
local,2025-05-06,2025-06-30,2260544.6636854433,0.7900000000,0.7500000000,14,5,none,21,0.0000000000,2259612.8860292807,16.6388867172,-80.1852317362,105.1784377051,True,7
local,2025-05-06,2025-06-30,2296007.1252371073,0.7900000000,1.0000000000,14,0,none,21,0.0000000000,2259612.8860292807,649.8971287112,304.8682558586,978.2563607408,False,7
local,2025-05-06,2025-06-30,2295482.0842385218,0.7900000000,1.0000000000,14,3,none,21,0.0000000000,2259612.8860292807,640.5213965936,294.6756335042,968.7120288244,False,7
local,2025-05-06,2025-06-30,2296084.8583188690,0.7900000000,1.0000000000,14,5,none,21,0.0000000000,2259612.8860292807,651.2852194569,314.0800412008,976.2764919350,False,7
local,2025-05-06,2025-06-30,2276815.1710125064,0.8000000000,0.0000000000,14,0,none,21,0.0000000000,2259612.8860292807,307.1836604147,92.1903617403,620.7454111664,False,7
local,2025-05-06,2025-06-30,2277092.6422905973,0.8000000000,0.0000000000,14,3,none,21,0.0000000000,2259612.8860292807,312.1385046664,91.8278286497,638.0433500884,False,7
local,2025-05-06,2025-06-30,2277376.7464509392,0.8000000000,0.0000000000,14,5,none,21,0.0000000000,2259612.8860292807,317.2117932439,94.4611912751,645.0404284601,False,7
local,2025-05-06,2025-06-30,2271870.7458034330,0.8000000000,0.2500000000,14,0,none,21,0.0000000000,2259612.8860292807,218.8903531099,76.4946523767,388.6593821503,False,7
local,2025-05-06,2025-06-30,2272064.9091273271,0.8000000000,0.2500000000,14,3,none,21,0.0000000000,2259612.8860292807,222.3575553223,76.7015502918,398.9575179794,False,7
local,2025-05-06,2025-06-30,2272309.4728223332,0.8000000000,0.2500000000,14,5,none,21,0.0000000000,2259612.8860292807,226.7247641617,81.5032011371,408.4519035566,False,7
local,2025-05-06,2025-06-30,2266549.3669554805,0.8000000000,0.5000000000,14,0,none,21,0.0000000000,2259612.8860292807,123.8657308250,13.2672854875,230.1891472128,False,7
local,2025-05-06,2025-06-30,2266813.6102314880,0.8000000000,0.5000000000,14,3,none,21,0.0000000000,2259612.8860292807,128.5843607537,19.7700447261,234.0451909761,False,7
local,2025-05-06,2025-06-30,2267130.0890683252,0.8000000000,0.5000000000,14,5,none,21,0.0000000000,2259612.8860292807,134.2357685544,26.4418130324,236.8876009647,False,7
local,2025-05-06,2025-06-30,2261647.8731853468,0.8000000000,0.7500000000,14,0,none,21,0.0000000000,2259612.8860292807,36.3390563583,-169.3329989660,220.3506481156,True,7
local,2025-05-06,2025-06-30,2261823.2364640627,0.8000000000,0.7500000000,14,3,none,21,0.0000000000,2259612.8860292807,39.4705434782,-161.2900071105,218.8478948205,True,7
local,2025-05-06,2025-06-30,2262057.3088667621,0.8000000000,0.7500000000,14,5,none,21,0.0000000000,2259612.8860292807,43.6504078122,-151.9170588728,220.1618201921,True,7
local,2025-05-06,2025-06-30,2295578.8655037838,0.8000000000,1.0000000000,14,0,none,21,0.0000000000,2259612.8860292807,642.2496334733,222.2763078855,1022.2136345092,False,7
local,2025-05-06,2025-06-30,2295032.7669555582,0.8000000000,1.0000000000,14,3,none,21,0.0000000000,2259612.8860292807,632.4978736835,212.8415007476,1010.2577901061,False,7
local,2025-05-06,2025-06-30,2295652.3332449724,0.8000000000,1.0000000000,14,5,none,21,0.0000000000,2259612.8860292807,643.5615574231,229.7720912984,1016.5377265566,False,7
local,2025-05-06,2025-06-30,2277801.7654200769,0.8100000000,0.0000000000,14,0,none,21,0.0000000000,2259612.8860292807,324.8014176928,104.2818952468,564.1692840180,False,7
local,2025-05-06,2025-06-30,2277862.1965327710,0.8100000000,0.0000000000,14,3,none,21,0.0000000000,2259612.8860292807,325.8805447052,102.7838524456,573.7327247214,False,7
local,2025-05-06,2025-06-30,2278032.6495267060,0.8100000000,0.0000000000,14,5,none,21,0.0000000000,2259612.8860292807,328.9243481683,106.2061631483,584.6699950441,False,7
local,2025-05-06,2025-06-30,2273365.8105495451,0.8100000000,0.2500000000,14,0,none,21,0.0000000000,2259612.8860292807,245.5879378619,73.4617148385,413.1694070424,False,7
local,2025-05-06,2025-06-30,2273366.5729605276,0.8100000000,0.2500000000,14,3,none,21,0.0000000000,2259612.8860292807,245.6015523437,71.8810439033,416.7400036767,False,7
local,2025-05-06,2025-06-30,2273502.5165184150,0.8100000000,0.2500000000,14,5,none,21,0.0000000000,2259612.8860292807,248.0291158774,75.3646469492,420.0591987682,False,7
local,2025-05-06,2025-06-30,2267750.1789732566,0.8100000000,0.5000000000,14,0,none,21,0.0000000000,2259612.8860292807,145.3088025710,-53.1500389019,337.7264589251,True,7
local,2025-05-06,2025-06-30,2267783.0970586007,0.8100000000,0.5000000000,14,3,none,21,0.0000000000,2259612.8860292807,145.8966255236,-50.7049875699,335.9357703336,True,7
local,2025-05-06,2025-06-30,2267924.9014594536,0.8100000000,0.5000000000,14,5,none,21,0.0000000000,2259612.8860292807,148.4288469674,-44.4024388628,336.2437082757,True,7
local,2025-05-06,2025-06-30,2263304.3936132714,0.8100000000,0.7500000000,14,0,none,21,0.0000000000,2259612.8860292807,65.9197782855,-237.8999621301,337.2939315436,True,7
local,2025-05-06,2025-06-30,2263433.1567541985,0.8100000000,0.7500000000,14,3,none,21,0.0000000000,2259612.8860292807,68.2191200878,-232.3020904782,336.3123666140,True,7
local,2025-05-06,2025-06-30,2263604.6305283527,0.8100000000,0.7500000000,14,5,none,21,0.0000000000,2259612.8860292807,71.2811517691,-226.9802671481,337.1070250970,True,7
local,2025-05-06,2025-06-30,2295855.1625798345,0.8100000000,1.0000000000,14,0,none,21,0.0000000000,2259612.8860292807,647.1835098313,150.4995867947,1083.1273628123,False,7
local,2025-05-06,2025-06-30,2295231.0453423592,0.8100000000,1.0000000000,14,3,none,21,0.0000000000,2259612.8860292807,636.0385591621,139.7297737932,1070.1364749941,False,7
local,2025-05-06,2025-06-30,2295632.1871096427,0.8100000000,1.0000000000,14,5,none,21,0.0000000000,2259612.8860292807,643.2018050065,150.8436714096,1077.2429112879,False,7
local,2025-05-06,2025-06-30,2279103.0120922080,0.8200000000,0.0000000000,14,0,none,21,0.0000000000,2259612.8860292807,348.0379654094,104.2905406606,584.6948192056,False,7
local,2025-05-06,2025-06-30,2279154.6367389532,0.8200000000,0.0000000000,14,3,none,21,0.0000000000,2259612.8860292807,348.9598341013,102.8442729852,589.6146365454,False,7
local,2025-05-06,2025-06-30,2279253.5663077631,0.8200000000,0.0000000000,14,5,none,21,0.0000000000,2259612.8860292807,350.7264335443,102.6885772332,591.5527122775,False,7
local,2025-05-06,2025-06-30,2275102.3650175482,0.8200000000,0.2500000000,14,0,none,21,0.0000000000,2259612.8860292807,276.5978390762,39.7542013540,502.3510462117,False,7
local,2025-05-06,2025-06-30,2275099.3620828390,0.8200000000,0.2500000000,14,3,none,21,0.0000000000,2259612.8860292807,276.5442152421,43.9214735339,503.0899364843,False,7
local,2025-05-06,2025-06-30,2275176.8729369417,0.8200000000,0.2500000000,14,5,none,21,0.0000000000,2259612.8860292807,277.9283376368,48.9128368117,500.9034366963,False,7
local,2025-05-06,2025-06-30,2269313.1470237020,0.8200000000,0.5000000000,14,0,none,21,0.0000000000,2259612.8860292807,173.2189463289,-126.6846842620,456.4899666392,True,7
local,2025-05-06,2025-06-30,2269288.7642576755,0.8200000000,0.5000000000,14,3,none,21,0.0000000000,2259612.8860292807,172.7835397928,-122.2948407810,453.2779635614,True,7
local,2025-05-06,2025-06-30,2269361.3961257772,0.8200000000,0.5000000000,14,5,none,21,0.0000000000,2259612.8860292807,174.0805374374,-117.6188850321,452.0782724130,True,7
local,2025-05-06,2025-06-30,2265216.6664161468,0.8200000000,0.7500000000,14,0,none,21,0.0000000000,2259612.8860292807,100.0675069083,-293.4732613668,452.9478965767,True,7
local,2025-05-06,2025-06-30,2265300.5769388177,0.8200000000,0.7500000000,14,3,none,21,0.0000000000,2259612.8860292807,101.5659090989,-291.9134673532,449.1577096346,True,7
local,2025-05-06,2025-06-30,2265402.6927262014,0.8200000000,0.7500000000,14,5,none,21,0.0000000000,2259612.8860292807,103.3894053022,-286.9432713694,448.0905574337,True,7
local,2025-05-06,2025-06-30,2297136.6946453694,0.8200000000,1.0000000000,14,0,none,21,0.0000000000,2259612.8860292807,670.0680110016,101.4997228450,1165.2366815584,False,7
local,2025-05-06,2025-06-30,2296356.3511921326,0.8200000000,1.0000000000,14,3,none,21,0.0000000000,2259612.8860292807,656.1333064795,90.7528049619,1154.9593187961,False,7
local,2025-05-06,2025-06-30,2296784.8878979655,0.8200000000,1.0000000000,14,5,none,21,0.0000000000,2259612.8860292807,663.7857476551,97.4598171286,1157.9734494183,False,7
local,2025-05-06,2025-06-30,2281196.8069714503,0.8300000000,0.0000000000,14,0,none,21,0.0000000000,2259612.8860292807,385.4271596816,89.3430496048,673.3127330153,False,7
local,2025-05-06,2025-06-30,2281234.9178853114,0.8300000000,0.0000000000,14,3,none,21,0.0000000000,2259612.8860292807,386.1077117148,89.1268865853,677.5852558271,False,7
local,2025-05-06,2025-06-30,2281304.8704681685,0.8300000000,0.0000000000,14,5,none,21,0.0000000000,2259612.8860292807,387.3568649801,87.8503076876,676.5321847168,False,7
local,2025-05-06,2025-06-30,2277629.5841208324,0.8300000000,0.2500000000,14,0,none,21,0.0000000000,2259612.8860292807,321.7267516349,14.2404918409,623.8796884692,False,7
local,2025-05-06,2025-06-30,2277615.5250013825,0.8300000000,0.2500000000,14,3,none,21,0.0000000000,2259612.8860292807,321.4756959304,13.3122870536,623.7579888993,False,7
local,2025-05-06,2025-06-30,2277667.5169250732,0.8300000000,0.2500000000,14,5,none,21,0.0000000000,2259612.8860292807,322.4041231392,15.0306419433,623.5974715947,False,7
local,2025-05-06,2025-06-30,2271725.9911224125,0.8300000000,0.5000000000,14,0,none,21,0.0000000000,2259612.8860292807,216.3054480916,-173.0173381876,584.5651048033,True,7
local,2025-05-06,2025-06-30,2271697.9317296017,0.8300000000,0.5000000000,14,3,none,21,0.0000000000,2259612.8860292807,215.8043875057,-170.8805555637,582.7307264597,True,7
local,2025-05-06,2025-06-30,2271751.0629303711,0.8300000000,0.5000000000,14,5,none,21,0.0000000000,2259612.8860292807,216.7531589480,-168.4011329907,578.0037722903,True,7
local,2025-05-06,2025-06-30,2267583.0805332572,0.8300000000,0.7500000000,14,0,none,21,0.0000000000,2259612.8860292807,142.3249018567,-340.8001746193,575.1794515723,True,7
local,2025-05-06,2025-06-30,2267625.3759862911,0.8300000000,0.7500000000,14,3,none,21,0.0000000000,2259612.8860292807,143.0801778038,-338.7520719355,571.4960709418,True,7
local,2025-05-06,2025-06-30,2267699.3813015539,0.8300000000,0.7500000000,14,5,none,21,0.0000000000,2259612.8860292807,144.4017012906,-336.8614817464,573.8343233726,True,7
local,2025-05-06,2025-06-30,2298836.7698766408,0.8300000000,1.0000000000,14,0,none,21,0.0000000000,2259612.8860292807,700.4264972743,61.7572879808,1255.5831625235,False,7
local,2025-05-06,2025-06-30,2297941.1183430878,0.8300000000,1.0000000000,14,3,none,21,0.0000000000,2259612.8860292807,684.4327198894,37.2432139082,1246.9381187928,False,7
local,2025-05-06,2025-06-30,2298230.5283994013,0.8300000000,1.0000000000,14,5,none,21,0.0000000000,2259612.8860292807,689.6007566093,44.2966787029,1250.5184376300,False,7
local,2025-05-06,2025-06-30,2283796.4761754777,0.8400000000,0.0000000000,14,0,none,21,0.0000000000,2259612.8860292807,431.8498240392,66.6952892149,785.0558934637,False,7
local,2025-05-06,2025-06-30,2283718.3626300856,0.8400000000,0.0000000000,14,3,none,21,0.0000000000,2259612.8860292807,430.4549393001,66.2137120912,783.3606832613,False,7
local,2025-05-06,2025-06-30,2283750.9061462544,0.8400000000,0.0000000000,14,5,none,21,0.0000000000,2259612.8860292807,431.0360735174,68.6230856395,782.6217192348,False,7
local,2025-05-06,2025-06-30,2280664.7398934346,0.8400000000,0.2500000000,14,0,none,21,0.0000000000,2259612.8860292807,375.9259618599,-2.1774772865,757.6914326441,True,7
local,2025-05-06,2025-06-30,2280531.4745543487,0.8400000000,0.2500000000,14,3,none,21,0.0000000000,2259612.8860292807,373.5462236619,-4.7981761871,754.4570288982,True,7
local,2025-05-06,2025-06-30,2280546.5455372953,0.8400000000,0.2500000000,14,5,none,21,0.0000000000,2259612.8860292807,373.8153483574,-2.8874159847,751.4515562788,True,7
local,2025-05-06,2025-06-30,2274681.7362111565,0.8400000000,0.5000000000,14,0,none,21,0.0000000000,2259612.8860292807,269.0866103906,-209.0800821939,722.4441260309,True,7
local,2025-05-06,2025-06-30,2274527.9165448095,0.8400000000,0.5000000000,14,3,none,21,0.0000000000,2259612.8860292807,266.3398306344,-211.2241078365,715.6793607978,True,7
local,2025-05-06,2025-06-30,2274539.4919575443,0.8400000000,0.5000000000,14,5,none,21,0.0000000000,2259612.8860292807,266.5465344333,-206.3668897308,712.2574232572,True,7
local,2025-05-06,2025-06-30,2270318.4987799930,0.8400000000,0.7500000000,14,0,none,21,0.0000000000,2259612.8860292807,191.1716562627,-375.9499147885,704.5234321069,True,7
local,2025-05-06,2025-06-30,2270238.2973664096,0.8400000000,0.7500000000,14,3,none,21,0.0000000000,2259612.8860292807,189.7394881630,-375.9543791484,702.8889025294,True,7
local,2025-05-06,2025-06-30,2270279.3561628014,0.8400000000,0.7500000000,14,5,none,21,0.0000000000,2259612.8860292807,190.4726809557,-376.3900091221,700.5219242405,True,7
local,2025-05-06,2025-06-30,2300758.7436253298,0.8400000000,1.0000000000,14,0,none,21,0.0000000000,2259612.8860292807,734.7474570723,23.7945636923,1350.1889006960,False,7
local,2025-05-06,2025-06-30,2299751.2017300474,0.8400000000,1.0000000000,14,3,none,21,0.0000000000,2259612.8860292807,716.7556375137,1.6407525941,1338.4484348501,False,7
local,2025-05-06,2025-06-30,2299955.4029970574,0.8400000000,1.0000000000,14,5,none,21,0.0000000000,2259612.8860292807,720.4020887103,5.6436971725,1344.9465492601,False,7
coarse,2025-06-06,2025-07-31,2906214.3746701921,0.5000000000,0.5000000000,14,3,none,21,0.0000000000,2604522.1840113951,5387.3605474785,1899.3355869123,8827.4606297067,False,8
coarse,2025-06-06,2025-07-31,2872423.2310447232,0.5000000000,0.5000000000,21,3,none,21,0.0000000000,2604522.1840113951,4783.9472684523,1232.0088883433,8397.3533749968,False,8
coarse,2025-06-06,2025-07-31,2816679.4263144671,0.5000000000,0.5000000000,28,3,none,21,0.0000000000,2604522.1840113951,3788.5221839834,902.1329348417,6855.0540990939,False,8
coarse,2025-06-06,2025-07-31,2825082.2132547107,0.5000000000,0.5000000000,42,3,none,21,0.0000000000,2604522.1840113951,3938.5719507735,1256.6062830711,6709.8471339955,False,8
coarse,2025-06-06,2025-07-31,2806837.5138565125,0.5000000000,0.5000000000,56,3,none,21,0.0000000000,2604522.1840113951,3612.7737472342,802.6544723140,6589.2825188555,False,8
coarse,2025-06-06,2025-07-31,2822065.8749567932,0.5500000000,0.5000000000,14,3,none,21,0.0000000000,2604522.1840113951,3884.7087668821,1127.4822536174,6699.8044900805,False,8
coarse,2025-06-06,2025-07-31,2793151.5124764862,0.5500000000,0.5000000000,21,3,none,21,0.0000000000,2604522.1840113951,3368.3808654481,452.5173220511,6567.8182224712,False,8
coarse,2025-06-06,2025-07-31,2735787.5204065721,0.5500000000,0.5000000000,28,3,none,21,0.0000000000,2604522.1840113951,2344.0238641996,47.9902702757,4944.3796733978,False,8
coarse,2025-06-06,2025-07-31,2740045.4472980164,0.5500000000,0.5000000000,42,3,none,21,0.0000000000,2604522.1840113951,2420.0582729754,321.5236820214,4597.1975641246,False,8
coarse,2025-06-06,2025-07-31,2735220.4579579770,0.5500000000,0.5000000000,56,3,none,21,0.0000000000,2604522.1840113951,2333.8977490461,142.1246548292,4828.8571235451,False,8
coarse,2025-06-06,2025-07-31,2756930.6385307517,0.6000000000,0.5000000000,14,3,none,21,0.0000000000,2604522.1840113951,2721.5795449885,673.5564635691,4850.9333800173,False,8
coarse,2025-06-06,2025-07-31,2729415.3729069298,0.6000000000,0.5000000000,21,3,none,21,0.0000000000,2604522.1840113951,2230.2355159917,-9.3650468405,4796.9115529374,True,8
coarse,2025-06-06,2025-07-31,2680761.7444612058,0.6000000000,0.5000000000,28,3,none,21,0.0000000000,2604522.1840113951,1361.4207223181,-418.2946570191,3506.2410378174,True,8
coarse,2025-06-06,2025-07-31,2672679.4994158763,0.6000000000,0.5000000000,42,3,none,21,0.0000000000,2604522.1840113951,1217.0949179372,-253.6517818012,2851.0041084199,True,8
coarse,2025-06-06,2025-07-31,2676841.4734316408,0.6000000000,0.5000000000,56,3,none,21,0.0000000000,2604522.1840113951,1291.4158825044,-381.5854458771,3240.8668382265,True,8
coarse,2025-06-06,2025-07-31,2708239.7787474766,0.6500000000,0.5000000000,14,3,none,21,0.0000000000,2604522.1840113951,1852.0999060015,489.3649159527,3246.2384989023,False,8
coarse,2025-06-06,2025-07-31,2688460.3637440111,0.6500000000,0.5000000000,21,3,none,21,0.0000000000,2604522.1840113951,1498.8960666539,-89.3460760855,3385.7402322196,True,8
coarse,2025-06-06,2025-07-31,2643146.3144317386,0.6500000000,0.5000000000,28,3,none,21,0.0000000000,2604522.1840113951,689.7166146490,-605.4656043360,2276.9258718792,True,8
coarse,2025-06-06,2025-07-31,2626750.6910818950,0.6500000000,0.5000000000,42,3,none,21,0.0000000000,2604522.1840113951,396.9376262589,-576.0973951789,1492.4994838161,True,8
coarse,2025-06-06,2025-07-31,2637924.8218777557,0.6500000000,0.5000000000,56,3,none,21,0.0000000000,2604522.1840113951,596.4756761850,-496.5234593026,1959.6888811113,True,8
coarse,2025-06-06,2025-07-31,2671028.4099044558,0.7000000000,0.5000000000,14,3,none,21,0.0000000000,2604522.1840113951,1187.6111766618,433.2688960083,1962.0297526527,False,8
coarse,2025-06-06,2025-07-31,2661270.4165165760,0.7000000000,0.5000000000,21,3,none,21,0.0000000000,2604522.1840113951,1013.3612947354,62.2831484970,2188.6032492211,False,8
coarse,2025-06-06,2025-07-31,2627344.7439596737,0.7000000000,0.5000000000,28,3,none,21,0.0000000000,2604522.1840113951,407.5457133621,-382.6916751503,1397.2042361564,True,8
coarse,2025-06-06,2025-07-31,2606320.1854147054,0.7000000000,0.5000000000,42,3,none,21,0.0000000000,2604522.1840113951,32.1071679163,-435.3608561776,565.0640709098,True,8
coarse,2025-06-06,2025-07-31,2619005.8000819320,0.7000000000,0.5000000000,56,3,none,21,0.0000000000,2604522.1840113951,258.6360012596,-394.3319609476,1085.1948107129,True,8
coarse,2025-06-06,2025-07-31,2649117.8749068235,0.7500000000,0.5000000000,14,3,none,21,0.0000000000,2604522.1840113951,796.3516231327,380.2942422242,1221.5763237328,False,8
coarse,2025-06-06,2025-07-31,2650369.0215607006,0.7500000000,0.5000000000,21,3,none,21,0.0000000000,2604522.1840113951,818.6935276662,366.0423962925,1348.6178001592,False,8
coarse,2025-06-06,2025-07-31,2624815.0263189077,0.7500000000,0.5000000000,28,3,none,21,0.0000000000,2604522.1840113951,362.3721840627,-25.6788033635,807.5067597229,True,8
coarse,2025-06-06,2025-07-31,2604522.1840113951,0.7500000000,0.5000000000,42,3,none,21,0.0000000000,2604522.1840113951,0.0000000000,0.0000000000,0.0000000000,True,8
coarse,2025-06-06,2025-07-31,2614250.7368330183,0.7500000000,0.5000000000,56,3,none,21,0.0000000000,2604522.1840113951,173.7241575290,-118.7636766101,485.0898875887,True,8
coarse,2025-06-06,2025-07-31,2642657.0040323213,0.8000000000,0.5000000000,14,3,none,21,0.0000000000,2604522.1840113951,680.9789289451,24.8981133297,1361.2486797600,False,8
coarse,2025-06-06,2025-07-31,2654649.8991231173,0.8000000000,0.5000000000,21,3,none,21,0.0000000000,2604522.1840113951,895.1377698522,479.4096145036,1325.7563787029,False,8
coarse,2025-06-06,2025-07-31,2630780.8556394936,0.8000000000,0.5000000000,28,3,none,21,0.0000000000,2604522.1840113951,468.9048505018,98.1063978373,850.6474261128,False,8
coarse,2025-06-06,2025-07-31,2610068.8707203940,0.8000000000,0.5000000000,42,3,none,21,0.0000000000,2604522.1840113951,99.0479769464,-514.5985539153,613.6847454622,True,8
coarse,2025-06-06,2025-07-31,2622942.2045204006,0.8000000000,0.5000000000,56,3,none,21,0.0000000000,2604522.1840113951,328.9289376608,-99.0065024621,782.1240721925,True,8
coarse,2025-06-06,2025-07-31,2646444.9399775537,0.8500000000,0.5000000000,14,3,none,21,0.0000000000,2604522.1840113951,748.6206422528,-366.3906038393,1866.2054908073,True,8
coarse,2025-06-06,2025-07-31,2668790.7023601844,0.8500000000,0.5000000000,21,3,none,21,0.0000000000,2604522.1840113951,1147.6521133712,279.2874248579,2018.7911686519,False,8
coarse,2025-06-06,2025-07-31,2651581.5714164213,0.8500000000,0.5000000000,28,3,none,21,0.0000000000,2604522.1840113951,840.3462036612,-130.9334848239,1668.6705560715,True,8
coarse,2025-06-06,2025-07-31,2629277.3323918665,0.8500000000,0.5000000000,42,3,none,21,0.0000000000,2604522.1840113951,442.0562210798,-765.0377698656,1447.3505831882,True,8
coarse,2025-06-06,2025-07-31,2642471.3667834532,0.8500000000,0.5000000000,56,3,none,21,0.0000000000,2604522.1840113951,677.6639780725,-371.1016320668,1602.3759844414,True,8
coarse,2025-06-06,2025-07-31,2672914.1296378979,0.9000000000,0.5000000000,14,3,none,21,0.0000000000,2604522.1840113951,1221.2847433304,-347.1211103458,2753.5627617209,True,8
coarse,2025-06-06,2025-07-31,2704304.1533836783,0.9000000000,0.5000000000,21,3,none,21,0.0000000000,2604522.1840113951,1781.8208816479,237.9503234194,3237.8798705071,False,8
coarse,2025-06-06,2025-07-31,2701949.4506658129,0.9000000000,0.5000000000,28,3,none,21,0.0000000000,2604522.1840113951,1739.7726188289,204.5651027776,2991.2881258833,False,8
coarse,2025-06-06,2025-07-31,2680495.7919079228,0.9000000000,0.5000000000,42,3,none,21,0.0000000000,2604522.1840113951,1356.6715695809,-265.8250313969,2693.6526172553,True,8
coarse,2025-06-06,2025-07-31,2690076.3085695589,0.9000000000,0.5000000000,56,3,none,21,0.0000000000,2604522.1840113951,1527.7522242529,-72.0445316485,2824.8158125762,True,8
coarse,2025-06-06,2025-07-31,2733254.4791535088,0.9500000000,0.5000000000,14,3,none,21,0.0000000000,2604522.1840113951,2298.7909846806,407.2086456121,4133.0904595648,False,8
coarse,2025-06-06,2025-07-31,2778555.2789128437,0.9500000000,0.5000000000,21,3,none,21,0.0000000000,2604522.1840113951,3107.7338375259,1090.9486874049,4979.5754604746,False,8
coarse,2025-06-06,2025-07-31,2804819.7787389075,0.9500000000,0.5000000000,28,3,none,21,0.0000000000,2604522.1840113951,3576.7427629913,1700.3044772122,5177.6841273008,False,8
coarse,2025-06-06,2025-07-31,2802283.6271607163,0.9500000000,0.5000000000,42,3,none,21,0.0000000000,2604522.1840113951,3531.4543419522,1854.1652097615,4938.0325245470,False,8
coarse,2025-06-06,2025-07-31,2803600.7261371478,0.9500000000,0.5000000000,56,3,none,21,0.0000000000,2604522.1840113951,3554.9739665313,1614.5972214524,5166.2026661634,False,8
local,2025-06-06,2025-07-31,2600938.5130228177,0.7600000000,0.0000000000,42,0,none,21,0.0000000000,2600863.8424597885,1.3334029112,-4.7310846957,8.0021710897,True,8
local,2025-06-06,2025-07-31,2600863.8424597885,0.7600000000,0.0000000000,42,3,none,21,0.0000000000,2600863.8424597885,0.0000000000,0.0000000000,0.0000000000,True,8
local,2025-06-06,2025-07-31,2601043.3247254477,0.7600000000,0.0000000000,42,5,none,21,0.0000000000,2600863.8424597885,3.2050404582,0.4401158773,6.0271933966,False,8
local,2025-06-06,2025-07-31,2603258.2418385479,0.7600000000,0.2500000000,42,0,none,21,0.0000000000,2600863.8424597885,42.7571317636,11.0965249241,77.2203570128,False,8
local,2025-06-06,2025-07-31,2603166.2606976950,0.7600000000,0.2500000000,42,3,none,21,0.0000000000,2600863.8424597885,41.1146113912,4.9868267299,80.1649337540,False,8
local,2025-06-06,2025-07-31,2603342.7808516687,0.7600000000,0.2500000000,42,5,none,21,0.0000000000,2600863.8424597885,44.2667569979,6.6921853465,85.2683892980,False,8
local,2025-06-06,2025-07-31,2605575.9152459418,0.7600000000,0.5000000000,42,0,none,21,0.0000000000,2600863.8424597885,84.1441568956,14.6577019239,160.9978264303,False,8
local,2025-06-06,2025-07-31,2605490.5238458598,0.7600000000,0.5000000000,42,3,none,21,0.0000000000,2600863.8424597885,82.6193104656,8.6797690398,164.3045313442,False,8
local,2025-06-06,2025-07-31,2605675.6647801353,0.7600000000,0.5000000000,42,5,none,21,0.0000000000,2600863.8424597885,85.9253985776,10.1648715828,170.0263573840,False,8
local,2025-06-06,2025-07-31,2607524.1656844877,0.7600000000,0.7500000000,42,0,none,21,0.0000000000,2600863.8424597885,118.9343432982,19.5308446332,223.7575774802,False,8
local,2025-06-06,2025-07-31,2607444.2116258051,0.7600000000,0.7500000000,42,3,none,21,0.0000000000,2600863.8424597885,117.5065922503,12.5420375628,227.5863012873,False,8
local,2025-06-06,2025-07-31,2607643.7054406805,0.7600000000,0.7500000000,42,5,none,21,0.0000000000,2600863.8424597885,121.0689818016,15.0570039155,233.4996275295,False,8
local,2025-06-06,2025-07-31,2643606.1868472937,0.7600000000,1.0000000000,42,0,none,21,0.0000000000,2600863.8424597885,763.2561497769,418.7298201028,1106.7855250480,False,8
local,2025-06-06,2025-07-31,2643529.8682386298,0.7600000000,1.0000000000,42,3,none,21,0.0000000000,2600863.8424597885,761.8933174793,413.4379990551,1105.0277687960,False,8
local,2025-06-06,2025-07-31,2644049.6105267396,0.7600000000,1.0000000000,42,5,none,21,0.0000000000,2600863.8424597885,771.1744297670,419.3059031901,1117.3270447819,False,8
local,2025-06-06,2025-07-31,2601582.2826283737,0.7700000000,0.0000000000,42,0,none,21,0.0000000000,2600863.8424597885,12.8292887247,-112.7727634601,118.9057275598,True,8
local,2025-06-06,2025-07-31,2601516.0712229507,0.7700000000,0.0000000000,42,3,none,21,0.0000000000,2600863.8424597885,11.6469421993,-111.6363503839,115.1258766025,True,8
local,2025-06-06,2025-07-31,2601673.5104614878,0.7700000000,0.0000000000,42,5,none,21,0.0000000000,2600863.8424597885,14.4583571732,-108.1141771301,117.0335342910,True,8
local,2025-06-06,2025-07-31,2603951.2926598862,0.7700000000,0.2500000000,42,0,none,21,0.0000000000,2600863.8424597885,55.1330392875,-58.8305808033,151.2190809724,True,8
local,2025-06-06,2025-07-31,2603863.5759042418,0.7700000000,0.2500000000,42,3,none,21,0.0000000000,2600863.8424597885,53.5666686509,-60.6096091719,148.1522016508,True,8
local,2025-06-06,2025-07-31,2604020.7669129623,0.7700000000,0.2500000000,42,5,none,21,0.0000000000,2600863.8424597885,56.3736509495,-57.3781853341,149.0982338537,True,8
local,2025-06-06,2025-07-31,2606548.3461622293,0.7700000000,0.5000000000,42,0,none,21,0.0000000000,2600863.8424597885,101.5089946864,-16.6580399107,201.9666029178,True,8
local,2025-06-06,2025-07-31,2606446.6536962339,0.7700000000,0.5000000000,42,3,none,21,0.0000000000,2600863.8424597885,99.6930577937,-20.3779279379,201.8726612584,True,8
local,2025-06-06,2025-07-31,2606607.7510820022,0.7700000000,0.5000000000,42,5,none,21,0.0000000000,2600863.8424597885,102.5697968252,-17.1502137490,203.9866043562,True,8
local,2025-06-06,2025-07-31,2608524.1396587975,0.7700000000,0.7500000000,42,0,none,21,0.0000000000,2600863.8424597885,136.7910214109,8.3191285526,252.0482190489,False,8
local,2025-06-06,2025-07-31,2608419.2483073436,0.7700000000,0.7500000000,42,3,none,21,0.0000000000,2600863.8424597885,134.9179615635,3.0591429967,252.3440773630,False,8
local,2025-06-06,2025-07-31,2608599.9617578052,0.7700000000,0.7500000000,42,5,none,21,0.0000000000,2600863.8424597885,138.1449874646,5.2266735389,256.9518098025,False,8
local,2025-06-06,2025-07-31,2643941.3987727687,0.7700000000,1.0000000000,42,0,none,21,0.0000000000,2600863.8424597885,769.2420770175,378.0558682800,1137.0740796448,False,8
local,2025-06-06,2025-07-31,2643860.5223139683,0.7700000000,1.0000000000,42,3,none,21,0.0000000000,2600863.8424597885,767.7978545389,374.5081134605,1137.4023224948,False,8
local,2025-06-06,2025-07-31,2644473.0942879179,0.7700000000,1.0000000000,42,5,none,21,0.0000000000,2600863.8424597885,778.7366397880,387.4359483421,1143.9983602179,False,8
local,2025-06-06,2025-07-31,2602540.0446602656,0.7800000000,0.0000000000,42,0,none,21,0.0000000000,2600863.8424597885,29.9321821514,-210.5110408212,235.8400379141,True,8
local,2025-06-06,2025-07-31,2602465.3350876272,0.7800000000,0.0000000000,42,3,none,21,0.0000000000,2600863.8424597885,28.5980826400,-213.0075253486,231.8123582322,True,8
local,2025-06-06,2025-07-31,2602591.1302382252,0.7800000000,0.0000000000,42,5,none,21,0.0000000000,2600863.8424597885,30.8444246149,-208.1213353327,233.4621263666,True,8
local,2025-06-06,2025-07-31,2604885.5742365513,0.7800000000,0.2500000000,42,0,none,21,0.0000000000,2600863.8424597885,71.8166388708,-157.6718079134,268.8183851551,True,8
local,2025-06-06,2025-07-31,2604794.3148022089,0.7800000000,0.2500000000,42,3,none,21,0.0000000000,2600863.8424597885,70.1870061146,-158.7085063226,264.9103507660,True,8
local,2025-06-06,2025-07-31,2604929.3308358197,0.7800000000,0.2500000000,42,5,none,21,0.0000000000,2600863.8424597885,72.5980067148,-156.3973260759,266.9593180792,True,8
local,2025-06-06,2025-07-31,2607605.0824185861,0.7800000000,0.5000000000,42,0,none,21,0.0000000000,2600863.8424597885,120.3792849785,-105.7055401416,305.0749032164,True,8
local,2025-06-06,2025-07-31,2607509.8110360429,0.7800000000,0.5000000000,42,3,none,21,0.0000000000,2600863.8424597885,118.6780102902,-106.7810355484,304.0813360613,True,8
local,2025-06-06,2025-07-31,2607656.7499890998,0.7800000000,0.5000000000,42,5,none,21,0.0000000000,2600863.8424597885,121.3019201663,-102.8542698502,305.4764106952,True,8
local,2025-06-06,2025-07-31,2609829.3937146114,0.7800000000,0.7500000000,42,0,none,21,0.0000000000,2600863.8424597885,160.0991295504,-63.1859518687,343.2985776555,True,8
local,2025-06-06,2025-07-31,2609721.3291963972,0.7800000000,0.7500000000,42,3,none,21,0.0000000000,2600863.8424597885,158.1694060109,-68.0657769250,343.6659414461,True,8
local,2025-06-06,2025-07-31,2609875.8107663491,0.7800000000,0.7500000000,42,5,none,21,0.0000000000,2600863.8424597885,160.9280054743,-64.2769499576,345.7168735038,True,8
local,2025-06-06,2025-07-31,2645935.3803318292,0.7800000000,1.0000000000,42,0,none,21,0.0000000000,2600863.8424597885,804.8488905721,377.1347049829,1183.6252879463,False,8
local,2025-06-06,2025-07-31,2645763.5289070401,0.7800000000,1.0000000000,42,3,none,21,0.0000000000,2600863.8424597885,801.7801151295,374.2301474153,1185.0248681476,False,8
local,2025-06-06,2025-07-31,2646339.3347373037,0.7800000000,1.0000000000,42,5,none,21,0.0000000000,2600863.8424597885,812.0623620985,382.2991344848,1197.4352271700,False,8
local,2025-06-06,2025-07-31,2603744.9707902703,0.7900000000,0.0000000000,42,0,none,21,0.0000000000,2600863.8424597885,51.4487201872,-309.7216680531,360.1545553083,True,8
local,2025-06-06,2025-07-31,2603583.5446529444,0.7900000000,0.0000000000,42,3,none,21,0.0000000000,2600863.8424597885,48.5661105921,-316.8068964706,355.6685674214,True,8
local,2025-06-06,2025-07-31,2603667.4550082008,0.7900000000,0.0000000000,42,5,none,21,0.0000000000,2600863.8424597885,50.0645097931,-314.3392460893,357.2953868763,True,8
local,2025-06-06,2025-07-31,2606071.9957946176,0.7900000000,0.2500000000,42,0,none,21,0.0000000000,2600863.8424597885,93.0027381219,-260.7724695831,394.7259444803,True,8
local,2025-06-06,2025-07-31,2605896.3826147546,0.7900000000,0.2500000000,42,3,none,21,0.0000000000,2600863.8424597885,89.8667884815,-261.7141562553,388.1173037753,True,8
local,2025-06-06,2025-07-31,2605989.0795492427,0.7900000000,0.2500000000,42,5,none,21,0.0000000000,2600863.8424597885,91.5220908831,-259.8243418321,389.8007385446,True,8
local,2025-06-06,2025-07-31,2608924.0587014277,0.7900000000,0.5000000000,42,0,none,21,0.0000000000,2600863.8424597885,143.9324328864,-195.6144496113,428.3302468174,True,8
local,2025-06-06,2025-07-31,2608739.9143896149,0.7900000000,0.5000000000,42,3,none,21,0.0000000000,2600863.8424597885,140.6441416040,-199.2284937685,426.0551631524,True,8
local,2025-06-06,2025-07-31,2608845.8143506860,0.7900000000,0.5000000000,42,5,none,21,0.0000000000,2600863.8424597885,142.5352123375,-196.8032458197,428.5996531483,True,8
local,2025-06-06,2025-07-31,2611476.4064846970,0.7900000000,0.7500000000,42,0,none,21,0.0000000000,2600863.8424597885,189.5100718734,-142.7855445650,463.4726353932,True,8
local,2025-06-06,2025-07-31,2611281.2849438852,0.7900000000,0.7500000000,42,3,none,21,0.0000000000,2600863.8424597885,186.0257586446,-145.7942277167,460.0694564420,True,8
local,2025-06-06,2025-07-31,2611391.1274767620,0.7900000000,0.7500000000,42,5,none,21,0.0000000000,2600863.8424597885,187.9872324460,-142.4811037881,461.8066079840,True,8
local,2025-06-06,2025-07-31,2648543.7678703312,0.7900000000,1.0000000000,42,0,none,21,0.0000000000,2600863.8424597885,851.4272394740,381.7207389570,1253.1505091160,False,8
local,2025-06-06,2025-07-31,2648270.3395672115,0.7900000000,1.0000000000,42,3,none,21,0.0000000000,2600863.8424597885,846.5445912040,375.8645649548,1249.3270757842,False,8
local,2025-06-06,2025-07-31,2648835.2738165995,0.7900000000,1.0000000000,42,5,none,21,0.0000000000,2600863.8424597885,856.6327028002,387.1515087104,1258.0654526425,False,8
local,2025-06-06,2025-07-31,2605330.2465386046,0.8000000000,0.0000000000,42,0,none,21,0.0000000000,2600863.8424597885,79.7572156931,-397.2171098352,488.2175069938,True,8
local,2025-06-06,2025-07-31,2604979.1477711685,0.8000000000,0.0000000000,42,3,none,21,0.0000000000,2600863.8424597885,73.4875948461,-407.3841189458,483.5796107641,True,8
local,2025-06-06,2025-07-31,2605019.7973454734,0.8000000000,0.0000000000,42,5,none,21,0.0000000000,2600863.8424597885,74.2134801015,-409.9676862905,483.4938449147,True,8
local,2025-06-06,2025-07-31,2607613.8878102140,0.8000000000,0.2500000000,42,0,none,21,0.0000000000,2600863.8424597885,120.5365241147,-352.9305480790,526.9307175239,True,8
local,2025-06-06,2025-07-31,2607255.9867811343,0.8000000000,0.2500000000,42,3,none,21,0.0000000000,2600863.8424597885,114.1454343097,-360.9364296343,522.0576315026,True,8
local,2025-06-06,2025-07-31,2607306.6210432472,0.8000000000,0.2500000000,42,5,none,21,0.0000000000,2600863.8424597885,115.0496175618,-358.8071629737,521.7459310471,True,8
local,2025-06-06,2025-07-31,2610421.0182585036,0.8000000000,0.5000000000,42,0,none,21,0.0000000000,2600863.8424597885,170.6638535485,-288.3544586054,557.7025752590,True,8
local,2025-06-06,2025-07-31,2610068.8707203940,0.8000000000,0.5000000000,42,3,none,21,0.0000000000,2600863.8424597885,164.3755046537,-299.6172592056,553.4428739669,True,8
local,2025-06-06,2025-07-31,2610132.9892878011,0.8000000000,0.5000000000,42,5,none,21,0.0000000000,2600863.8424597885,165.5204790717,-299.8636222206,554.3175682681,True,8
local,2025-06-06,2025-07-31,2613294.0941213630,0.8000000000,0.7500000000,42,0,none,21,0.0000000000,2600863.8424597885,221.9687796710,-219.7091461808,588.9679929456,True,8
local,2025-06-06,2025-07-31,2612947.0014472948,0.8000000000,0.7500000000,42,3,none,21,0.0000000000,2600863.8424597885,215.7706962055,-228.3857866956,584.1972849459,True,8
local,2025-06-06,2025-07-31,2613016.7535446975,0.8000000000,0.7500000000,42,5,none,21,0.0000000000,2600863.8424597885,217.0162693734,-227.6166006049,585.7381452303,True,8
local,2025-06-06,2025-07-31,2651252.3353287582,0.8000000000,1.0000000000,42,0,none,21,0.0000000000,2600863.8424597885,899.7945155173,383.8992640422,1343.9785454049,False,8
local,2025-06-06,2025-07-31,2650596.0938702980,0.8000000000,1.0000000000,42,3,none,21,0.0000000000,2600863.8424597885,888.0759180448,370.0531652398,1332.5438076610,False,8
local,2025-06-06,2025-07-31,2651164.9112141002,0.8000000000,1.0000000000,42,5,none,21,0.0000000000,2600863.8424597885,898.2333706127,374.3356100929,1342.1723467584,False,8
local,2025-06-06,2025-07-31,2607568.9288296700,0.8100000000,0.0000000000,42,0,none,21,0.0000000000,2600863.8424597885,119.7336851764,-477.6351249516,627.2564586546,True,8
local,2025-06-06,2025-07-31,2607297.7847013474,0.8100000000,0.0000000000,42,3,none,21,0.0000000000,2600863.8424597885,114.8918257421,-487.2665563581,625.1395116893,True,8
local,2025-06-06,2025-07-31,2607295.3830648237,0.8100000000,0.0000000000,42,5,none,21,0.0000000000,2600863.8424597885,114.8489393756,-488.9994168458,624.4427675125,True,8
local,2025-06-06,2025-07-31,2609833.9221671792,0.8100000000,0.2500000000,42,0,none,21,0.0000000000,2600863.8424597885,160.1799947748,-431.5522999899,663.7188956160,True,8
local,2025-06-06,2025-07-31,2609556.3125841706,0.8100000000,0.2500000000,42,3,none,21,0.0000000000,2600863.8424597885,155.2226807925,-439.5744078227,659.8520333134,True,8
local,2025-06-06,2025-07-31,2609564.4713075673,0.8100000000,0.2500000000,42,5,none,21,0.0000000000,2600863.8424597885,155.3683722818,-440.9212228872,661.5783365137,True,8
local,2025-06-06,2025-07-31,2612538.2807830255,0.8100000000,0.5000000000,42,0,none,21,0.0000000000,2600863.8424597885,208.4721129149,-365.1094513730,698.1421900819,True,8
local,2025-06-06,2025-07-31,2612255.2722000941,0.8100000000,0.5000000000,42,3,none,21,0.0000000000,2600863.8424597885,203.4183882197,-377.1267017114,693.7594461287,True,8
local,2025-06-06,2025-07-31,2612274.5417722189,0.8100000000,0.5000000000,42,5,none,21,0.0000000000,2600863.8424597885,203.7624877220,-379.2223931776,693.0528998151,True,8
local,2025-06-06,2025-07-31,2615572.5969637204,0.8100000000,0.7500000000,42,0,none,21,0.0000000000,2600863.8424597885,262.6563304274,-290.3076865004,729.6638358857,True,8
local,2025-06-06,2025-07-31,2615323.7919514398,0.8100000000,0.7500000000,42,3,none,21,0.0000000000,2600863.8424597885,258.2133837795,-296.9642797940,728.1864896692,True,8
local,2025-06-06,2025-07-31,2615362.7408371940,0.8100000000,0.7500000000,42,5,none,21,0.0000000000,2600863.8424597885,258.9088995965,-297.6387912538,728.1041193927,True,8
local,2025-06-06,2025-07-31,2653527.5094894799,0.8100000000,1.0000000000,42,0,none,21,0.0000000000,2600863.8424597885,940.4226255302,378.8078025039,1416.7930960928,False,8
local,2025-06-06,2025-07-31,2653109.5156942140,0.8100000000,1.0000000000,42,3,none,21,0.0000000000,2600863.8424597885,932.9584506147,364.6137308771,1408.6821315412,False,8
local,2025-06-06,2025-07-31,2653651.6400735849,0.8100000000,1.0000000000,42,5,none,21,0.0000000000,2600863.8424597885,942.6392431035,369.6938253153,1420.6757707961,False,8
local,2025-06-06,2025-07-31,2609908.5073778927,0.8200000000,0.0000000000,42,0,none,21,0.0000000000,2600863.8424597885,161.5118735376,-564.2590695665,778.3227445390,True,8
local,2025-06-06,2025-07-31,2609723.9847728172,0.8200000000,0.0000000000,42,3,none,21,0.0000000000,2600863.8424597885,158.2168270184,-568.4929871183,777.0357235891,True,8
local,2025-06-06,2025-07-31,2609698.9176716744,0.8200000000,0.0000000000,42,5,none,21,0.0000000000,2600863.8424597885,157.7692002122,-570.2314876315,777.4240653694,True,8
local,2025-06-06,2025-07-31,2612344.6842162460,0.8200000000,0.2500000000,42,0,none,21,0.0000000000,2600863.8424597885,205.0150313653,-508.1068254098,811.4526776373,True,8
local,2025-06-06,2025-07-31,2612166.1488628304,0.8200000000,0.2500000000,42,3,none,21,0.0000000000,2600863.8424597885,201.8269000543,-513.5823944412,809.6538295458,True,8
local,2025-06-06,2025-07-31,2612149.5289757336,0.8200000000,0.2500000000,42,5,none,21,0.0000000000,2600863.8424597885,201.5301163562,-515.0421256546,809.9307784907,True,8
local,2025-06-06,2025-07-31,2614919.4499287745,0.8200000000,0.5000000000,42,0,none,21,0.0000000000,2600863.8424597885,250.9929905176,-454.1578774670,848.6665238198,True,8
local,2025-06-06,2025-07-31,2614744.3742731712,0.8200000000,0.5000000000,42,3,none,21,0.0000000000,2600863.8424597885,247.8666395247,-460.8203038211,845.3516491249,True,8
local,2025-06-06,2025-07-31,2614741.5980791328,0.8200000000,0.5000000000,42,5,none,21,0.0000000000,2600863.8424597885,247.8170646311,-462.9377787476,845.8361188676,True,8
local,2025-06-06,2025-07-31,2618819.0555809801,0.8200000000,0.7500000000,42,0,none,21,0.0000000000,2600863.8424597885,320.6288057356,-330.5116053520,877.2128731605,True,8
local,2025-06-06,2025-07-31,2618692.4975058809,0.8200000000,0.7500000000,42,3,none,21,0.0000000000,2600863.8424597885,318.3688401088,-337.4823340890,877.9354680724,True,8
local,2025-06-06,2025-07-31,2618718.5569816446,0.8200000000,0.7500000000,42,5,none,21,0.0000000000,2600863.8424597885,318.8341878903,-338.6772697522,879.7602461731,True,8
local,2025-06-06,2025-07-31,2656795.2910399232,0.8200000000,1.0000000000,42,0,none,21,0.0000000000,2600863.8424597885,998.7758675024,388.9526943416,1508.2644748153,False,8
local,2025-06-06,2025-07-31,2656639.3813876379,0.8200000000,1.0000000000,42,3,none,21,0.0000000000,2600863.8424597885,995.9917665687,380.5499322559,1507.1625914546,False,8
local,2025-06-06,2025-07-31,2657075.5490489742,0.8200000000,1.0000000000,42,5,none,21,0.0000000000,2600863.8424597885,1003.7804748069,383.7993167982,1514.4984254729,False,8
local,2025-06-06,2025-07-31,2612507.4070414947,0.8300000000,0.0000000000,42,0,none,21,0.0000000000,2600863.8424597885,207.9207961019,-649.8005684625,931.4832041850,True,8
local,2025-06-06,2025-07-31,2612302.0697689699,0.8300000000,0.0000000000,42,3,none,21,0.0000000000,2600863.8424597885,204.2540590925,-654.9128154084,930.5744965213,True,8
local,2025-06-06,2025-07-31,2612276.0416520005,0.8300000000,0.0000000000,42,5,none,21,0.0000000000,2600863.8424597885,203.7892712895,-655.6685005956,931.2357685410,True,8
local,2025-06-06,2025-07-31,2614920.3486772780,0.8300000000,0.2500000000,42,0,none,21,0.0000000000,2600863.8424597885,251.0090395980,-589.4540546451,964.4915522875,True,8
local,2025-06-06,2025-07-31,2614733.6835911563,0.8300000000,0.2500000000,42,3,none,21,0.0000000000,2600863.8424597885,247.6757344887,-595.7404375077,964.3403631738,True,8
local,2025-06-06,2025-07-31,2614723.8170713400,0.8300000000,0.2500000000,42,5,none,21,0.0000000000,2600863.8424597885,247.4995466348,-599.1694687435,964.9636971096,True,8
local,2025-06-06,2025-07-31,2617937.3338345396,0.8300000000,0.5000000000,42,0,none,21,0.0000000000,2600863.8424597885,304.8837745491,-514.2768121006,1001.2336732852,True,8
local,2025-06-06,2025-07-31,2617861.6203777581,0.8300000000,0.5000000000,42,3,none,21,0.0000000000,2600863.8424597885,303.5317485352,-518.6728572983,1000.9180442669,True,8
local,2025-06-06,2025-07-31,2617870.4007384367,0.8300000000,0.5000000000,42,5,none,21,0.0000000000,2600863.8424597885,303.6885406901,-522.1975939560,1002.1557176387,True,8
local,2025-06-06,2025-07-31,2623168.5599101828,0.8300000000,0.7500000000,42,0,none,21,0.0000000000,2600863.8424597885,398.2985258999,-351.5320662719,1039.0282587185,True,8
local,2025-06-06,2025-07-31,2623073.7232251232,0.8300000000,0.7500000000,42,3,none,21,0.0000000000,2600863.8424597885,396.6050136667,-356.0861080141,1041.7994593656,True,8
local,2025-06-06,2025-07-31,2623095.6241539256,0.8300000000,0.7500000000,42,5,none,21,0.0000000000,2600863.8424597885,396.9961016810,-357.4343105488,1041.7458835893,True,8
local,2025-06-06,2025-07-31,2660739.4770091115,0.8300000000,1.0000000000,42,0,none,21,0.0000000000,2600863.8424597885,1069.2077598093,404.2146974542,1615.0757307618,False,8
local,2025-06-06,2025-07-31,2660700.5170489373,0.8300000000,1.0000000000,42,3,none,21,0.0000000000,2600863.8424597885,1068.5120462348,400.5990679949,1616.3166265535,False,8
local,2025-06-06,2025-07-31,2661269.9343114779,0.8300000000,1.0000000000,42,5,none,21,0.0000000000,2600863.8424597885,1078.6802116373,409.8133848900,1630.1562619265,False,8
local,2025-06-06,2025-07-31,2616778.1379871010,0.8400000000,0.0000000000,42,0,none,21,0.0000000000,2600863.8424597885,284.1838487020,-679.9342524030,1100.6611256103,True,8
local,2025-06-06,2025-07-31,2616623.1252977261,0.8400000000,0.0000000000,42,3,none,21,0.0000000000,2600863.8424597885,281.4157649632,-686.1555266134,1099.2709013131,True,8
local,2025-06-06,2025-07-31,2616589.1686046030,0.8400000000,0.0000000000,42,5,none,21,0.0000000000,2600863.8424597885,280.8093954431,-686.3407824097,1098.8577306570,True,8
local,2025-06-06,2025-07-31,2619949.8992790296,0.8400000000,0.2500000000,42,0,none,21,0.0000000000,2600863.8424597885,340.8224432007,-596.5241146995,1131.8742180841,True,8
local,2025-06-06,2025-07-31,2619838.1999630593,0.8400000000,0.2500000000,42,3,none,21,0.0000000000,2600863.8424597885,338.8278125584,-601.6621894014,1132.9876822602,True,8
local,2025-06-06,2025-07-31,2619804.6112652021,0.8400000000,0.2500000000,42,5,none,21,0.0000000000,2600863.8424597885,338.2280143824,-606.0132975590,1132.3651330743,True,8
local,2025-06-06,2025-07-31,2623526.9042873932,0.8400000000,0.5000000000,42,0,none,21,0.0000000000,2600863.8424597885,404.6975326358,-513.0908627197,1184.1341927234,True,8
local,2025-06-06,2025-07-31,2623430.0800472600,0.8400000000,0.5000000000,42,3,none,21,0.0000000000,2600863.8424597885,402.9685283477,-519.6694928344,1184.5715903428,True,8
local,2025-06-06,2025-07-31,2623405.6571662826,0.8400000000,0.5000000000,42,5,none,21,0.0000000000,2600863.8424597885,402.5324054731,-522.5772729628,1184.8275062617,True,8
local,2025-06-06,2025-07-31,2628549.1034098128,0.8400000000,0.7500000000,42,0,none,21,0.0000000000,2600863.8424597885,494.3796598219,-362.3952781143,1218.4034797447,True,8
local,2025-06-06,2025-07-31,2628421.8139929110,0.8400000000,0.7500000000,42,3,none,21,0.0000000000,2600863.8424597885,492.1066345200,-369.2507608140,1218.8193835002,True,8
local,2025-06-06,2025-07-31,2628413.7560165902,0.8400000000,0.7500000000,42,5,none,21,0.0000000000,2600863.8424597885,491.9627420857,-371.1495591016,1220.9221890003,True,8
local,2025-06-06,2025-07-31,2665253.6603873894,0.8400000000,1.0000000000,42,0,none,21,0.0000000000,2600863.8424597885,1149.8181772786,427.5377142822,1743.4682399286,False,8
local,2025-06-06,2025-07-31,2665367.5262452289,0.8400000000,1.0000000000,42,3,none,21,0.0000000000,2600863.8424597885,1151.8514961686,424.5605326323,1752.3495048214,False,8
local,2025-06-06,2025-07-31,2665928.6072296854,0.8400000000,1.0000000000,42,5,none,21,0.0000000000,2600863.8424597885,1161.8707994624,431.1524320391,1767.9470171813,False,8
coarse,2025-07-07,2025-08-31,2751410.6998304171,0.5000000000,0.5000000000,14,3,none,21,0.0000000000,2480702.5541221313,4834.0740305051,2176.7983811498,7554.0376686893,False,9
coarse,2025-07-07,2025-08-31,2727220.8109761616,0.5000000000,0.5000000000,21,3,none,21,0.0000000000,2480702.5541221313,4402.1117295363,1981.6630795122,6793.7996610825,False,9
coarse,2025-07-07,2025-08-31,2721107.8804649641,0.5000000000,0.5000000000,28,3,none,21,0.0000000000,2480702.5541221313,4292.9522561220,1989.7663040520,6480.3202620743,False,9
coarse,2025-07-07,2025-08-31,2735299.2514360263,0.5000000000,0.5000000000,42,3,none,21,0.0000000000,2480702.5541221313,4546.3695948910,2152.8919260435,6927.0193296131,False,9
coarse,2025-07-07,2025-08-31,2697141.6648071404,0.5000000000,0.5000000000,56,3,none,21,0.0000000000,2480702.5541221313,3864.9841193752,1646.7431854546,6067.6746534260,False,9
coarse,2025-07-07,2025-08-31,2661757.5509590195,0.5500000000,0.5000000000,14,3,none,21,0.0000000000,2480702.5541221313,3233.1249435159,1325.9029282317,5238.9285170039,False,9
coarse,2025-07-07,2025-08-31,2628188.4687278825,0.5500000000,0.5000000000,21,3,none,21,0.0000000000,2480702.5541221313,2633.6770465313,841.0956705791,4448.7066832277,False,9
coarse,2025-07-07,2025-08-31,2613044.0488684764,0.5500000000,0.5000000000,28,3,none,21,0.0000000000,2480702.5541221313,2363.2409776133,656.7946861464,4081.5922133543,False,9
coarse,2025-07-07,2025-08-31,2627604.0861295434,0.5500000000,0.5000000000,42,3,none,21,0.0000000000,2480702.5541221313,2623.2416429895,894.8582652133,4359.3395024579,False,9
coarse,2025-07-07,2025-08-31,2600018.7019970464,0.5500000000,0.5000000000,56,3,none,21,0.0000000000,2480702.5541221313,2130.6454977663,529.9479598701,3748.3071182485,False,9
coarse,2025-07-07,2025-08-31,2588390.8191250484,0.6000000000,0.5000000000,14,3,none,21,0.0000000000,2480702.5541221313,1923.0047321949,662.1984323527,3252.4396155670,False,9
coarse,2025-07-07,2025-08-31,2556383.5613545636,0.6000000000,0.5000000000,21,3,none,21,0.0000000000,2480702.5541221313,1351.4465577220,154.4447422287,2608.6938969019,False,9
coarse,2025-07-07,2025-08-31,2546080.8840280389,0.6000000000,0.5000000000,28,3,none,21,0.0000000000,2480702.5541221313,1167.4701768912,-39.8635705709,2366.3783832128,True,9
coarse,2025-07-07,2025-08-31,2552359.2704078923,0.6000000000,0.5000000000,42,3,none,21,0.0000000000,2480702.5541221313,1279.5842193886,95.8236002052,2513.2273336413,False,9
coarse,2025-07-07,2025-08-31,2533585.1181572224,0.6000000000,0.5000000000,56,3,none,21,0.0000000000,2480702.5541221313,944.3315006266,-132.8369389228,2077.8154628464,True,9
coarse,2025-07-07,2025-08-31,2533538.9889595238,0.6500000000,0.5000000000,14,3,none,21,0.0000000000,2480702.5541221313,943.5077649534,246.9558785113,1726.3194881404,False,9
coarse,2025-07-07,2025-08-31,2515554.6836231910,0.6500000000,0.5000000000,21,3,none,21,0.0000000000,2480702.5541221313,622.3594553761,-129.7832384880,1390.7723800294,True,9
coarse,2025-07-07,2025-08-31,2502865.0267782826,0.6500000000,0.5000000000,28,3,none,21,0.0000000000,2480702.5541221313,395.7584402884,-354.9237824612,1163.4499175593,True,9
coarse,2025-07-07,2025-08-31,2508396.1254431326,0.6500000000,0.5000000000,42,3,none,21,0.0000000000,2480702.5541221313,494.5280593036,-263.8339807680,1322.8480126847,True,9
coarse,2025-07-07,2025-08-31,2497232.1063962746,0.6500000000,0.5000000000,56,3,none,21,0.0000000000,2480702.5541221313,295.1705763240,-329.8236757004,990.1251639062,True,9
coarse,2025-07-07,2025-08-31,2502742.7138796924,0.7000000000,0.5000000000,14,3,none,21,0.0000000000,2480702.5541221313,393.5742813850,44.6799629634,767.2798203911,False,9
coarse,2025-07-07,2025-08-31,2495480.0360051449,0.7000000000,0.5000000000,21,3,none,21,0.0000000000,2480702.5541221313,263.8836050538,-106.8130953469,675.8294453760,True,9
coarse,2025-07-07,2025-08-31,2482147.4084737543,0.7000000000,0.5000000000,28,3,none,21,0.0000000000,2480702.5541221313,25.8009705647,-313.5066980439,370.6032180539,True,9
coarse,2025-07-07,2025-08-31,2489548.6786007490,0.7000000000,0.5000000000,42,3,none,21,0.0000000000,2480702.5541221313,157.9665085467,-228.6582862335,574.2036896159,True,9
coarse,2025-07-07,2025-08-31,2481520.9084201818,0.7000000000,0.5000000000,56,3,none,21,0.0000000000,2480702.5541221313,14.6134696080,-230.7879796290,293.3317342620,True,9
coarse,2025-07-07,2025-08-31,2492011.2166595235,0.7500000000,0.5000000000,14,3,none,21,0.0000000000,2480702.5541221313,201.9404024534,-93.6182594534,521.6285456061,True,9
coarse,2025-07-07,2025-08-31,2494036.7302481337,0.7500000000,0.5000000000,21,3,none,21,0.0000000000,2480702.5541221313,238.1102879643,55.0584753085,431.7683555258,False,9
coarse,2025-07-07,2025-08-31,2480702.5541221313,0.7500000000,0.5000000000,28,3,none,21,0.0000000000,2480702.5541221313,0.0000000000,0.0000000000,0.0000000000,True,9
coarse,2025-07-07,2025-08-31,2485590.2387613049,0.7500000000,0.5000000000,42,3,none,21,0.0000000000,2480702.5541221313,87.2800828424,-119.5696242455,309.0180668395,True,9
coarse,2025-07-07,2025-08-31,2483572.8344208463,0.7500000000,0.5000000000,56,3,none,21,0.0000000000,2480702.5541221313,51.2550053342,-100.0007334821,193.7376605796,True,9
coarse,2025-07-07,2025-08-31,2494243.6185329398,0.8000000000,0.5000000000,14,3,none,21,0.0000000000,2480702.5541221313,241.8047216216,-225.4684138411,778.2033513959,True,9
coarse,2025-07-07,2025-08-31,2506087.2405103436,0.8000000000,0.5000000000,21,3,none,21,0.0000000000,2480702.5541221313,453.2979712181,102.3188561228,834.0137225032,False,9
coarse,2025-07-07,2025-08-31,2494072.0856779101,0.8000000000,0.5000000000,28,3,none,21,0.0000000000,2480702.5541221313,238.7416349246,-60.8296622441,536.7171941337,True,9
coarse,2025-07-07,2025-08-31,2498685.0592393586,0.8000000000,0.5000000000,42,3,none,21,0.0000000000,2480702.5541221313,321.1161628076,-98.5013667192,789.7612258013,True,9
coarse,2025-07-07,2025-08-31,2501245.7746149320,0.8000000000,0.5000000000,56,3,none,21,0.0000000000,2480702.5541221313,366.8432230857,-52.9477514344,793.1851315108,True,9
coarse,2025-07-07,2025-08-31,2505838.4258219097,0.8500000000,0.5000000000,14,3,none,21,0.0000000000,2480702.5541221313,448.8548517818,-289.3868883152,1264.8009584302,True,9
coarse,2025-07-07,2025-08-31,2523412.7670960557,0.8500000000,0.5000000000,21,3,none,21,0.0000000000,2480702.5541221313,762.6823745344,138.2010610422,1423.4801259913,False,9
coarse,2025-07-07,2025-08-31,2515718.3892420433,0.8500000000,0.5000000000,28,3,none,21,0.0000000000,2480702.5541221313,625.2827699984,-26.1560710711,1247.1815620972,True,9
coarse,2025-07-07,2025-08-31,2521280.0545969768,0.8500000000,0.5000000000,42,3,none,21,0.0000000000,2480702.5541221313,724.5982227651,-45.6696525538,1503.4583776806,True,9
coarse,2025-07-07,2025-08-31,2530232.8904014290,0.8500000000,0.5000000000,56,3,none,21,0.0000000000,2480702.5541221313,884.4702907017,146.6554905141,1588.2092339775,False,9
coarse,2025-07-07,2025-08-31,2541045.8638357716,0.9000000000,0.5000000000,14,3,none,21,0.0000000000,2480702.5541221313,1077.5591020293,172.2200985267,2059.9057214125,False,9
coarse,2025-07-07,2025-08-31,2558081.4338708851,0.9000000000,0.5000000000,21,3,none,21,0.0000000000,2480702.5541221313,1381.7657097992,463.4070282781,2350.8412630878,False,9
coarse,2025-07-07,2025-08-31,2562361.2444564980,0.9000000000,0.5000000000,28,3,none,21,0.0000000000,2480702.5541221313,1458.1908988280,616.0787171588,2268.5473551906,False,9
coarse,2025-07-07,2025-08-31,2580963.3309208164,0.9000000000,0.5000000000,42,3,none,21,0.0000000000,2480702.5541221313,1790.3710142622,828.1390382986,2755.9233336122,False,9
coarse,2025-07-07,2025-08-31,2594190.6658148430,0.9000000000,0.5000000000,56,3,none,21,0.0000000000,2480702.5541221313,2026.5734230841,1150.6049420948,2879.7721458740,False,9
coarse,2025-07-07,2025-08-31,2601745.8083254509,0.9500000000,0.5000000000,14,3,none,21,0.0000000000,2480702.5541221313,2161.4866822021,1092.6380491208,3339.3078920872,False,9
coarse,2025-07-07,2025-08-31,2622890.6583021642,0.9500000000,0.5000000000,21,3,none,21,0.0000000000,2480702.5541221313,2539.0732889292,1458.0032629484,3694.9230462794,False,9
coarse,2025-07-07,2025-08-31,2642519.2816637955,0.9500000000,0.5000000000,28,3,none,21,0.0000000000,2480702.5541221313,2889.5844203869,1873.4669834757,3935.9618898386,False,9
coarse,2025-07-07,2025-08-31,2676469.6756062442,0.9500000000,0.5000000000,42,3,none,21,0.0000000000,2480702.5541221313,3495.8414550734,2298.7752446536,4736.9552745000,False,9
coarse,2025-07-07,2025-08-31,2704933.1719048196,0.9500000000,0.5000000000,56,3,none,21,0.0000000000,2480702.5541221313,4004.1181746909,2945.8910482055,5077.3659086931,False,9
local,2025-07-07,2025-08-31,2490547.7539312979,0.7600000000,0.0000000000,14,0,none,21,0.0000000000,2489952.1215570918,10.6362923965,1.5660277531,20.8181726578,False,9
local,2025-07-07,2025-08-31,2489952.1215570918,0.7600000000,0.0000000000,14,3,none,21,0.0000000000,2489952.1215570918,0.0000000000,0.0000000000,0.0000000000,True,9
local,2025-07-07,2025-08-31,2490006.4024523343,0.7600000000,0.0000000000,14,5,none,21,0.0000000000,2489952.1215570918,0.9693017008,-2.6908526849,4.5996937281,True,9
local,2025-07-07,2025-08-31,2491038.0014781151,0.7600000000,0.2500000000,14,0,none,21,0.0000000000,2489952.1215570918,19.3907128754,-12.9871541961,65.5595498834,True,9
local,2025-07-07,2025-08-31,2490424.5547629995,0.7600000000,0.2500000000,14,3,none,21,0.0000000000,2489952.1215570918,8.4363072484,-20.7161159306,51.8867946194,True,9
local,2025-07-07,2025-08-31,2490479.9788845386,0.7600000000,0.2500000000,14,5,none,21,0.0000000000,2489952.1215570918,9.4260237044,-19.6570505359,52.4501024051,True,9
local,2025-07-07,2025-08-31,2492362.2166697937,0.7600000000,0.5000000000,14,0,none,21,0.0000000000,2489952.1215570918,43.0374127268,-18.7840040759,129.4262285861,True,9
local,2025-07-07,2025-08-31,2491739.1767291361,0.7600000000,0.5000000000,14,3,none,21,0.0000000000,2489952.1215570918,31.9116995008,-27.3018570224,115.8812768450,True,9
local,2025-07-07,2025-08-31,2491796.7948060180,0.7600000000,0.5000000000,14,5,none,21,0.0000000000,2489952.1215570918,32.9405937308,-26.0157900338,117.4371640218,True,9
local,2025-07-07,2025-08-31,2497113.1502163424,0.7600000000,0.7500000000,14,0,none,21,0.0000000000,2489952.1215570918,127.8755117723,5.7062507206,276.6837353447,False,9
local,2025-07-07,2025-08-31,2496589.9469539924,0.7600000000,0.7500000000,14,3,none,21,0.0000000000,2489952.1215570918,118.5325963732,1.4160523469,262.2322441608,False,9
local,2025-07-07,2025-08-31,2496708.9777484261,0.7600000000,0.7500000000,14,5,none,21,0.0000000000,2489952.1215570918,120.6581462738,4.5973611972,264.4926526625,False,9
local,2025-07-07,2025-08-31,2536501.1932950113,0.7600000000,1.0000000000,14,0,none,21,0.0000000000,2489952.1215570918,831.2334238914,484.6716920598,1208.9142797605,False,9
local,2025-07-07,2025-08-31,2535764.0543153463,0.7600000000,1.0000000000,14,3,none,21,0.0000000000,2489952.1215570918,818.0702278260,479.0361010288,1193.6344603098,False,9
local,2025-07-07,2025-08-31,2536145.7297737217,0.7600000000,1.0000000000,14,5,none,21,0.0000000000,2489952.1215570918,824.8858610112,489.0447400483,1194.9397001401,False,9
local,2025-07-07,2025-08-31,2491171.9511419954,0.7700000000,0.0000000000,14,0,none,21,0.0000000000,2489952.1215570918,21.7826711590,-33.1330280719,79.7291836094,True,9
local,2025-07-07,2025-08-31,2490684.7154632434,0.7700000000,0.0000000000,14,3,none,21,0.0000000000,2489952.1215570918,13.0820340384,-42.7103794642,72.1039375416,True,9
local,2025-07-07,2025-08-31,2490790.8779751565,0.7700000000,0.0000000000,14,5,none,21,0.0000000000,2489952.1215570918,14.9777931797,-40.4098578822,73.2811772201,True,9
local,2025-07-07,2025-08-31,2491610.9088826962,0.7700000000,0.2500000000,14,0,none,21,0.0000000000,2489952.1215570918,29.6212022429,-28.0373357455,90.6446351937,True,9
local,2025-07-07,2025-08-31,2491106.0871802880,0.7700000000,0.2500000000,14,3,none,21,0.0000000000,2489952.1215570918,20.6065289856,-36.9122203292,80.8435763277,True,9
local,2025-07-07,2025-08-31,2491213.0662402906,0.7700000000,0.2500000000,14,5,none,21,0.0000000000,2489952.1215570918,22.5168693428,-34.1681448362,81.8475209171,True,9
local,2025-07-07,2025-08-31,2492685.5013097227,0.7700000000,0.5000000000,14,0,none,21,0.0000000000,2489952.1215570918,48.8103527256,-26.3516139044,126.8170012257,True,9
local,2025-07-07,2025-08-31,2492158.1790652126,0.7700000000,0.5000000000,14,3,none,21,0.0000000000,2489952.1215570918,39.3938840736,-35.0877260525,116.4115403147,True,9
local,2025-07-07,2025-08-31,2492282.6065892810,0.7700000000,0.5000000000,14,5,none,21,0.0000000000,2489952.1215570918,41.6158041462,-31.9261013584,117.1756841044,True,9
local,2025-07-07,2025-08-31,2497246.7351960139,0.7700000000,0.7500000000,14,0,none,21,0.0000000000,2489952.1215570918,130.2609578379,17.6707452421,253.2044957439,False,9
local,2025-07-07,2025-08-31,2496818.0127113783,0.7700000000,0.7500000000,14,3,none,21,0.0000000000,2489952.1215570918,122.6051991837,12.3797398097,242.0906317731,False,9
local,2025-07-07,2025-08-31,2496961.2964642975,0.7700000000,0.7500000000,14,5,none,21,0.0000000000,2489952.1215570918,125.1638376287,16.4650733475,243.7513228320,False,9
local,2025-07-07,2025-08-31,2535901.2476637419,0.7700000000,1.0000000000,14,0,none,21,0.0000000000,2489952.1215570918,820.5201090473,499.9668148165,1178.4618804515,False,9
local,2025-07-07,2025-08-31,2534980.6967296507,0.7700000000,1.0000000000,14,3,none,21,0.0000000000,2489952.1215570918,804.0816995100,489.7329896663,1166.1158988137,False,9
local,2025-07-07,2025-08-31,2535384.6351833344,0.7700000000,1.0000000000,14,5,none,21,0.0000000000,2489952.1215570918,811.2948861829,495.2199098071,1170.1649658918,False,9
local,2025-07-07,2025-08-31,2491781.7616614960,0.7800000000,0.0000000000,14,0,none,21,0.0000000000,2489952.1215570918,32.6721447215,-82.7100260286,158.5805927074,True,9
local,2025-07-07,2025-08-31,2491329.9803217929,0.7800000000,0.0000000000,14,3,none,21,0.0000000000,2489952.1215570918,24.6046207982,-92.0051541730,151.6313498454,True,9
local,2025-07-07,2025-08-31,2491421.4763520341,0.7800000000,0.0000000000,14,5,none,21,0.0000000000,2489952.1215570918,26.2384784811,-90.0573343518,153.9270898832,True,9
local,2025-07-07,2025-08-31,2492159.8256676826,0.7800000000,0.2500000000,14,0,none,21,0.0000000000,2489952.1215570918,39.4232876891,-71.0028803048,164.8686120523,True,9
local,2025-07-07,2025-08-31,2491694.5062117567,0.7800000000,0.2500000000,14,3,none,21,0.0000000000,2489952.1215570918,31.1140116905,-81.1678939706,157.6876981643,True,9
local,2025-07-07,2025-08-31,2491787.3101523942,0.7800000000,0.2500000000,14,5,none,21,0.0000000000,2489952.1215570918,32.7712249161,-79.4457209191,157.8735554640,True,9
local,2025-07-07,2025-08-31,2493077.7375482493,0.7800000000,0.5000000000,14,0,none,21,0.0000000000,2489952.1215570918,55.8145712707,-58.9254549208,179.7783871139,True,9
local,2025-07-07,2025-08-31,2492607.9865726172,0.7800000000,0.5000000000,14,3,none,21,0.0000000000,2489952.1215570918,47.4261609915,-68.3818482376,172.3202400534,True,9
local,2025-07-07,2025-08-31,2492702.1170115699,0.7800000000,0.5000000000,14,5,none,21,0.0000000000,2489952.1215570918,49.1070616871,-65.0281125752,173.3821250419,True,9
local,2025-07-07,2025-08-31,2497194.3917206749,0.7800000000,0.7500000000,14,0,none,21,0.0000000000,2489952.1215570918,129.3262529211,0.9675383633,257.2896875113,False,9
local,2025-07-07,2025-08-31,2496858.4973792303,0.7800000000,0.7500000000,14,3,none,21,0.0000000000,2489952.1215570918,123.3281396811,-4.6976701948,249.9965061519,True,9
local,2025-07-07,2025-08-31,2497025.0093193487,0.7800000000,0.7500000000,14,5,none,21,0.0000000000,2489952.1215570918,126.3015671832,-0.6664487967,251.3166784470,True,9
local,2025-07-07,2025-08-31,2534967.8440659465,0.7800000000,1.0000000000,14,0,none,21,0.0000000000,2489952.1215570918,803.8521876581,507.7632638351,1155.8687698946,False,9
local,2025-07-07,2025-08-31,2534159.3355674068,0.7800000000,1.0000000000,14,3,none,21,0.0000000000,2489952.1215570918,789.4145358985,496.4839576420,1134.9106367931,False,9
local,2025-07-07,2025-08-31,2534633.9777131020,0.7800000000,1.0000000000,14,5,none,21,0.0000000000,2489952.1215570918,797.8902885002,504.4784359682,1141.0792401071,False,9
local,2025-07-07,2025-08-31,2492538.6703093499,0.7900000000,0.0000000000,14,0,none,21,0.0000000000,2489952.1215570918,46.1883705760,-133.5475395745,242.1310068775,True,9
local,2025-07-07,2025-08-31,2492211.3553489735,0.7900000000,0.0000000000,14,3,none,21,0.0000000000,2489952.1215570918,40.3434605693,-139.7071787295,235.3333570619,True,9
local,2025-07-07,2025-08-31,2492332.1121596778,0.7900000000,0.0000000000,14,5,none,21,0.0000000000,2489952.1215570918,42.4998321890,-134.9593957153,234.8064860793,True,9
local,2025-07-07,2025-08-31,2492845.6578398077,0.7900000000,0.2500000000,14,0,none,21,0.0000000000,2489952.1215570918,51.6702907628,-119.9579339493,246.8011443839,True,9
local,2025-07-07,2025-08-31,2492508.3596277311,0.7900000000,0.2500000000,14,3,none,21,0.0000000000,2489952.1215570918,45.6471084043,-127.2685304180,240.0668525091,True,9
local,2025-07-07,2025-08-31,2492630.5999597181,0.7900000000,0.2500000000,14,5,none,21,0.0000000000,2489952.1215570918,47.8299714755,-123.8263572177,240.1006930572,True,9
local,2025-07-07,2025-08-31,2493546.9187817955,0.7900000000,0.5000000000,14,0,none,21,0.0000000000,2489952.1215570918,64.1928075840,-108.1570107716,253.2576489415,True,9
local,2025-07-07,2025-08-31,2493196.7248812569,0.7900000000,0.5000000000,14,3,none,21,0.0000000000,2489952.1215570918,57.9393450744,-114.3488369216,249.7949011732,True,9
local,2025-07-07,2025-08-31,2493318.1255948255,0.7900000000,0.5000000000,14,5,none,21,0.0000000000,2489952.1215570918,60.1072149595,-110.4952146204,249.4798409398,True,9
local,2025-07-07,2025-08-31,2497362.0888546165,0.7900000000,0.7500000000,14,0,none,21,0.0000000000,2489952.1215570918,132.3208445987,-34.9135936319,316.7757494483,True,9
local,2025-07-07,2025-08-31,2497106.5908249542,0.7900000000,0.7500000000,14,3,none,21,0.0000000000,2489952.1215570918,127.7583797833,-39.5979602307,310.2948972728,True,9
local,2025-07-07,2025-08-31,2497277.8878922695,0.7900000000,0.7500000000,14,5,none,21,0.0000000000,2489952.1215570918,130.8172559853,-35.3381511139,311.3549749487,True,9
local,2025-07-07,2025-08-31,2534798.8035863908,0.7900000000,1.0000000000,14,0,none,21,0.0000000000,2489952.1215570918,800.8336076661,509.4786645688,1143.6209420919,False,9
local,2025-07-07,2025-08-31,2534152.4727013623,0.7900000000,1.0000000000,14,3,none,21,0.0000000000,2489952.1215570918,789.2919847191,496.8621862138,1134.2119282799,False,9
local,2025-07-07,2025-08-31,2534743.3588882638,0.7900000000,1.0000000000,14,5,none,21,0.0000000000,2489952.1215570918,799.8435237709,508.1910001547,1145.1672696188,False,9
local,2025-07-07,2025-08-31,2493818.1738999584,0.8000000000,0.0000000000,14,0,none,21,0.0000000000,2489952.1215570918,69.0366489798,-169.5533740429,330.8939233068,True,9
local,2025-07-07,2025-08-31,2493464.4861880215,0.8000000000,0.0000000000,14,3,none,21,0.0000000000,2489952.1215570918,62.7207969809,-175.1603509310,322.3006026144,True,9
local,2025-07-07,2025-08-31,2493567.3867611717,0.8000000000,0.0000000000,14,5,none,21,0.0000000000,2489952.1215570918,64.5583072157,-173.6169821522,322.3519295764,True,9
local,2025-07-07,2025-08-31,2494060.3987659360,0.8000000000,0.2500000000,14,0,none,21,0.0000000000,2489952.1215570918,73.3620930151,-159.5268901854,334.9032222440,True,9
local,2025-07-07,2025-08-31,2493702.6853849073,0.8000000000,0.2500000000,14,3,none,21,0.0000000000,2489952.1215570918,66.9743540681,-165.6872458106,327.4714039454,True,9
local,2025-07-07,2025-08-31,2493806.8059548996,0.8000000000,0.2500000000,14,5,none,21,0.0000000000,2489952.1215570918,68.8336499609,-161.3268282346,327.3025286553,True,9
local,2025-07-07,2025-08-31,2494628.9518412207,0.8000000000,0.5000000000,14,0,none,21,0.0000000000,2489952.1215570918,83.5148265023,-146.8305913080,340.1875464346,True,9
local,2025-07-07,2025-08-31,2494243.6185329398,0.8000000000,0.5000000000,14,3,none,21,0.0000000000,2489952.1215570918,76.6338745687,-152.3818595308,333.9992281981,True,9
local,2025-07-07,2025-08-31,2494324.5144776911,0.8000000000,0.5000000000,14,5,none,21,0.0000000000,2489952.1215570918,78.0784450107,-149.7935193875,334.0324261126,True,9
local,2025-07-07,2025-08-31,2497925.6806537225,0.8000000000,0.7500000000,14,0,none,21,0.0000000000,2489952.1215570918,142.3849838684,-84.0430159879,383.3015017481,True,9
local,2025-07-07,2025-08-31,2497651.4627337055,0.8000000000,0.7500000000,14,3,none,21,0.0000000000,2489952.1215570918,137.4882352967,-88.4601896932,374.8242680266,True,9
local,2025-07-07,2025-08-31,2497828.2998575461,0.8000000000,0.7500000000,14,5,none,21,0.0000000000,2489952.1215570918,140.6460410795,-82.2765037915,377.1177196752,True,9
local,2025-07-07,2025-08-31,2536095.6145998277,0.8000000000,1.0000000000,14,0,none,21,0.0000000000,2489952.1215570918,823.9909471917,516.8883180716,1171.6357211543,False,9
local,2025-07-07,2025-08-31,2535540.2946626572,0.8000000000,1.0000000000,14,3,none,21,0.0000000000,2489952.1215570918,814.0745197422,508.1678010954,1159.6653225121,False,9
local,2025-07-07,2025-08-31,2536053.3015036536,0.8000000000,1.0000000000,14,5,none,21,0.0000000000,2489952.1215570918,823.2353561886,517.9599799188,1167.9405698268,False,9
local,2025-07-07,2025-08-31,2495610.0242545702,0.8100000000,0.0000000000,14,0,none,21,0.0000000000,2489952.1215570918,101.0339767407,-199.4914601748,426.6902088880,True,9
local,2025-07-07,2025-08-31,2495316.1740120519,0.8100000000,0.0000000000,14,3,none,21,0.0000000000,2489952.1215570918,95.7866509814,-201.8962200171,417.9287772015,True,9
local,2025-07-07,2025-08-31,2495395.3186584245,0.8100000000,0.0000000000,14,5,none,21,0.0000000000,2489952.1215570918,97.1999482381,-197.7808850557,417.8033295696,True,9
local,2025-07-07,2025-08-31,2495803.5997849563,0.8100000000,0.2500000000,14,0,none,21,0.0000000000,2489952.1215570918,104.4906826404,-184.2602394893,424.5222573006,True,9
local,2025-07-07,2025-08-31,2495525.7343177777,0.8100000000,0.2500000000,14,3,none,21,0.0000000000,2489952.1215570918,99.5287992980,-187.6692047061,421.4402540473,True,9
local,2025-07-07,2025-08-31,2495612.7582662073,0.8100000000,0.2500000000,14,5,none,21,0.0000000000,2489952.1215570918,101.0827983771,-184.7187737044,422.3231653886,True,9
local,2025-07-07,2025-08-31,2496174.6175665087,0.8100000000,0.5000000000,14,0,none,21,0.0000000000,2489952.1215570918,111.1160001682,-176.0489970085,432.1722527012,True,9
local,2025-07-07,2025-08-31,2495885.4464018443,0.8100000000,0.5000000000,14,3,none,21,0.0000000000,2489952.1215570918,105.9522293706,-177.7238946758,424.6868459818,True,9
local,2025-07-07,2025-08-31,2495975.6465664227,0.8100000000,0.5000000000,14,5,none,21,0.0000000000,2489952.1215570918,107.5629465952,-174.7503084527,425.2918965859,True,9
local,2025-07-07,2025-08-31,2499312.2249254612,0.8100000000,0.7500000000,14,0,none,21,0.0000000000,2489952.1215570918,167.1447030066,-111.9663921429,467.3862617905,True,9
local,2025-07-07,2025-08-31,2499040.5144131351,0.8100000000,0.7500000000,14,3,none,21,0.0000000000,2489952.1215570918,162.2927295722,-112.7823755107,461.5346186331,True,9
local,2025-07-07,2025-08-31,2499155.1468998347,0.8100000000,0.7500000000,14,5,none,21,0.0000000000,2489952.1215570918,164.3397382633,-110.4577240369,463.1353204575,True,9
local,2025-07-07,2025-08-31,2538433.2351982454,0.8100000000,1.0000000000,14,0,none,21,0.0000000000,2489952.1215570918,865.7341721635,543.9733873791,1210.9098645471,False,9
local,2025-07-07,2025-08-31,2538029.7805990595,0.8100000000,1.0000000000,14,3,none,21,0.0000000000,2489952.1215570918,858.5296257494,536.5512438278,1206.5057968819,False,9
local,2025-07-07,2025-08-31,2538517.3498012433,0.8100000000,1.0000000000,14,5,none,21,0.0000000000,2489952.1215570918,867.2362186456,542.6552347626,1214.2116478654,False,9
local,2025-07-07,2025-08-31,2497192.5066538006,0.8200000000,0.0000000000,14,0,none,21,0.0000000000,2489952.1215570918,129.2925910127,-232.8385019833,517.9571892002,True,9
local,2025-07-07,2025-08-31,2496961.9930969761,0.8200000000,0.0000000000,14,3,none,21,0.0000000000,2489952.1215570918,125.1762774979,-234.8150925880,512.3274193351,True,9
local,2025-07-07,2025-08-31,2497098.6815536795,0.8200000000,0.0000000000,14,5,none,21,0.0000000000,2489952.1215570918,127.6171427962,-230.3661422074,512.5608373410,True,9
local,2025-07-07,2025-08-31,2497527.5461950242,0.8200000000,0.2500000000,14,0,none,21,0.0000000000,2489952.1215570918,135.2754399631,-215.2927296474,518.1835833266,True,9
local,2025-07-07,2025-08-31,2497269.6167368186,0.8200000000,0.2500000000,14,3,none,21,0.0000000000,2489952.1215570918,130.6695567808,-221.2201227154,510.4748236864,True,9
local,2025-07-07,2025-08-31,2497400.3986242358,0.8200000000,0.2500000000,14,5,none,21,0.0000000000,2489952.1215570918,133.0049476276,-217.6718342245,511.5024398674,True,9
local,2025-07-07,2025-08-31,2497895.3526145257,0.8200000000,0.5000000000,14,0,none,21,0.0000000000,2489952.1215570918,141.8434117399,-200.6505151196,521.9592111416,True,9
local,2025-07-07,2025-08-31,2497637.8937919186,0.8200000000,0.5000000000,14,3,none,21,0.0000000000,2489952.1215570918,137.2459327648,-205.3659054713,514.2435384201,True,9
local,2025-07-07,2025-08-31,2497765.9398240731,0.8200000000,0.5000000000,14,5,none,21,0.0000000000,2489952.1215570918,139.5324690532,-202.9223472994,514.0228891073,True,9
local,2025-07-07,2025-08-31,2500861.2879700139,0.8200000000,0.7500000000,14,0,none,21,0.0000000000,2489952.1215570918,194.8065430879,-144.1795073560,558.3609091281,True,9
local,2025-07-07,2025-08-31,2500621.4094162863,0.8200000000,0.7500000000,14,3,none,21,0.0000000000,2489952.1215570918,190.5229974856,-144.4485227642,552.9165931824,True,9
local,2025-07-07,2025-08-31,2500765.8681567274,0.8200000000,0.7500000000,14,5,none,21,0.0000000000,2489952.1215570918,193.1026178506,-140.0871385278,554.3148145144,True,9
local,2025-07-07,2025-08-31,2540396.6458490384,0.8200000000,1.0000000000,14,0,none,21,0.0000000000,2489952.1215570918,900.7950766419,554.8806513593,1264.9942439891,False,9
local,2025-07-07,2025-08-31,2539956.3281259243,0.8200000000,1.0000000000,14,3,none,21,0.0000000000,2489952.1215570918,892.9322601577,550.1282209180,1257.7994357175,False,9
local,2025-07-07,2025-08-31,2540467.1535512051,0.8200000000,1.0000000000,14,5,none,21,0.0000000000,2489952.1215570918,902.0541427520,558.9005497092,1269.1879416888,False,9
local,2025-07-07,2025-08-31,2498955.6281187325,0.8300000000,0.0000000000,14,0,none,21,0.0000000000,2489952.1215570918,160.7769028864,-264.8451778568,609.6927689796,True,9
local,2025-07-07,2025-08-31,2498633.9685983201,0.8300000000,0.0000000000,14,3,none,21,0.0000000000,2489952.1215570918,155.0329828791,-269.3834931690,603.9286525041,True,9
local,2025-07-07,2025-08-31,2498798.2686279770,0.8300000000,0.0000000000,14,5,none,21,0.0000000000,2489952.1215570918,157.9669119801,-265.7754547924,605.7274983289,True,9
local,2025-07-07,2025-08-31,2499372.3912499207,0.8300000000,0.2500000000,14,0,none,21,0.0000000000,2489952.1215570918,168.2191016577,-245.4278968792,608.4417054955,True,9
local,2025-07-07,2025-08-31,2499082.5001945645,0.8300000000,0.2500000000,14,3,none,21,0.0000000000,2489952.1215570918,163.0424756692,-252.4675303904,602.0174309821,True,9
local,2025-07-07,2025-08-31,2499250.9884457970,0.8300000000,0.2500000000,14,5,none,21,0.0000000000,2489952.1215570918,166.0511944412,-246.9634415063,604.4470922489,True,9
local,2025-07-07,2025-08-31,2499845.2755608591,0.8300000000,0.5000000000,14,0,none,21,0.0000000000,2489952.1215570918,176.6634643530,-229.9039243160,617.6178103148,True,9
local,2025-07-07,2025-08-31,2499533.3846583059,0.8300000000,0.5000000000,14,3,none,21,0.0000000000,2489952.1215570918,171.0939839503,-232.3031270324,608.5303260188,True,9
local,2025-07-07,2025-08-31,2499683.2465014644,0.8300000000,0.5000000000,14,5,none,21,0.0000000000,2489952.1215570918,173.7700882924,-226.4589631462,608.2636880572,True,9
local,2025-07-07,2025-08-31,2502497.1444515386,0.8300000000,0.7500000000,14,0,none,21,0.0000000000,2489952.1215570918,224.0182659723,-172.4094836294,655.2100932995,True,9
local,2025-07-07,2025-08-31,2502230.1689609587,0.8300000000,0.7500000000,14,3,none,21,0.0000000000,2489952.1215570918,219.2508464976,-173.1515387033,644.6438011439,True,9
local,2025-07-07,2025-08-31,2502395.7456028289,0.8300000000,0.7500000000,14,5,none,21,0.0000000000,2489952.1215570918,222.2075722453,-167.1377553715,644.7264091733,True,9
local,2025-07-07,2025-08-31,2543391.6409091298,0.8300000000,1.0000000000,14,0,none,21,0.0000000000,2489952.1215570918,954.2771312864,597.3044277408,1327.8914953800,False,9
local,2025-07-07,2025-08-31,2543027.5544487238,0.8300000000,1.0000000000,14,3,none,21,0.0000000000,2489952.1215570918,947.7755873506,593.0878105259,1323.7395476675,False,9
local,2025-07-07,2025-08-31,2543560.4345601960,0.8300000000,1.0000000000,14,5,none,21,0.0000000000,2489952.1215570918,957.2913036269,603.4408680122,1331.9478751647,False,9
local,2025-07-07,2025-08-31,2501685.9233489893,0.8400000000,0.0000000000,14,0,none,21,0.0000000000,2489952.1215570918,209.5321748553,-269.1874627077,713.1949859944,True,9
local,2025-07-07,2025-08-31,2501282.0753429891,0.8400000000,0.0000000000,14,3,none,21,0.0000000000,2489952.1215570918,202.3206033196,-277.8234603292,705.9389246936,True,9
local,2025-07-07,2025-08-31,2501350.0114381043,0.8400000000,0.0000000000,14,5,none,21,0.0000000000,2489952.1215570918,203.5337478752,-273.9459498634,705.9442610293,True,9
local,2025-07-07,2025-08-31,2502063.5839639409,0.8400000000,0.2500000000,14,0,none,21,0.0000000000,2489952.1215570918,216.2761144080,-253.6094209385,711.7861718324,True,9
local,2025-07-07,2025-08-31,2501687.9756166236,0.8400000000,0.2500000000,14,3,none,21,0.0000000000,2489952.1215570918,209.5688224916,-259.1947032409,704.5168939251,True,9
local,2025-07-07,2025-08-31,2501765.5727325240,0.8400000000,0.2500000000,14,5,none,21,0.0000000000,2489952.1215570918,210.9544852756,-256.4146848167,704.1218046720,True,9
local,2025-07-07,2025-08-31,2502538.8527913364,0.8400000000,0.5000000000,14,0,none,21,0.0000000000,2489952.1215570918,224.7630577544,-232.2871542587,716.6279286237,True,9
local,2025-07-07,2025-08-31,2502174.6164227715,0.8400000000,0.5000000000,14,3,none,21,0.0000000000,2489952.1215570918,218.2588368871,-237.9735642419,707.2620163568,True,9
local,2025-07-07,2025-08-31,2502248.9303724961,0.8400000000,0.5000000000,14,5,none,21,0.0000000000,2489952.1215570918,219.5858717036,-234.7997884524,707.2742761926,True,9
local,2025-07-07,2025-08-31,2505556.5659541776,0.8400000000,0.7500000000,14,0,none,21,0.0000000000,2489952.1215570918,278.6507928051,-166.3651101385,755.5357261080,True,9
local,2025-07-07,2025-08-31,2505161.5932321367,0.8400000000,0.7500000000,14,3,none,21,0.0000000000,2489952.1215570918,271.5977084829,-169.4485268672,749.4555052712,True,9
local,2025-07-07,2025-08-31,2505220.3598706140,0.8400000000,0.7500000000,14,5,none,21,0.0000000000,2489952.1215570918,272.6471127415,-166.9376774159,750.5208503819,True,9
local,2025-07-07,2025-08-31,2546603.0598788140,0.8400000000,1.0000000000,14,0,none,21,0.0000000000,2489952.1215570918,1011.6238986022,629.3143584962,1395.4812861005,False,9
local,2025-07-07,2025-08-31,2546218.8793488275,0.8400000000,1.0000000000,14,3,none,21,0.0000000000,2489952.1215570918,1004.7635319953,624.5474366640,1390.5432519332,False,9
local,2025-07-07,2025-08-31,2546752.9491376993,0.8400000000,1.0000000000,14,5,none,21,0.0000000000,2489952.1215570918,1014.3004925109,632.6802137900,1400.9563744401,False,9
coarse,2025-08-06,2025-09-30,2617731.0161315417,0.5000000000,0.5000000000,14,3,none,21,0.0000000000,2255933.8674632581,6460.6633690765,2609.3891529688,10708.9323180068,False,10
coarse,2025-08-06,2025-09-30,2620154.5073090089,0.5000000000,0.5000000000,21,3,none,21,0.0000000000,2255933.8674632581,6503.9399972456,3122.1894689761,10221.2249828942,False,10
coarse,2025-08-06,2025-09-30,2641169.1850921847,0.5000000000,0.5000000000,28,3,none,21,0.0000000000,2255933.8674632581,6879.2021005165,3809.8322322368,10268.1267603854,False,10
coarse,2025-08-06,2025-09-30,2658807.4466636553,0.5000000000,0.5000000000,42,3,none,21,0.0000000000,2255933.8674632581,7194.1710571499,3987.6589567653,10613.7965582527,False,10
coarse,2025-08-06,2025-09-30,2670747.8132982990,0.5000000000,0.5000000000,56,3,none,21,0.0000000000,2255933.8674632581,7407.3918899114,4300.7035981982,10836.6073833747,False,10
coarse,2025-08-06,2025-09-30,2527496.7891235636,0.5500000000,0.5000000000,14,3,none,21,0.0000000000,2255933.8674632581,4849.3378867912,1523.7257977023,8628.5737037042,False,10
coarse,2025-08-06,2025-09-30,2520155.1490081144,0.5500000000,0.5000000000,21,3,none,21,0.0000000000,2255933.8674632581,4718.2371704439,1741.1182137340,8125.5096231639,False,10
coarse,2025-08-06,2025-09-30,2528139.1479511266,0.5500000000,0.5000000000,28,3,none,21,0.0000000000,2255933.8674632581,4860.8085801405,2078.9601716788,7959.0980259130,False,10
coarse,2025-08-06,2025-09-30,2540051.7614001343,0.5500000000,0.5000000000,42,3,none,21,0.0000000000,2255933.8674632581,5073.5338203014,2203.9848095967,8242.4786692865,False,10
coarse,2025-08-06,2025-09-30,2547059.9501287960,0.5500000000,0.5000000000,56,3,none,21,0.0000000000,2255933.8674632581,5198.6800475989,2322.5775245846,8444.8910061600,False,10
coarse,2025-08-06,2025-09-30,2452733.2102593407,0.6000000000,0.5000000000,14,3,none,21,0.0000000000,2255933.8674632581,3514.2739785015,776.9552353871,6787.2662749307,False,10
coarse,2025-08-06,2025-09-30,2432530.3450922044,0.6000000000,0.5000000000,21,3,none,21,0.0000000000,2255933.8674632581,3153.5085290883,612.8452269957,6109.6787887210,False,10
coarse,2025-08-06,2025-09-30,2433663.8781699836,0.6000000000,0.5000000000,28,3,none,21,0.0000000000,2255933.8674632581,3173.7501911915,824.6458115075,5805.1301607516,False,10
coarse,2025-08-06,2025-09-30,2441195.7772756107,0.6000000000,0.5000000000,42,3,none,21,0.0000000000,2255933.8674632581,3308.2483895063,760.7913156670,6197.7705061526,False,10
coarse,2025-08-06,2025-09-30,2444379.2354147341,0.6000000000,0.5000000000,56,3,none,21,0.0000000000,2255933.8674632581,3365.0958562764,831.8773396089,6319.6342787126,False,10
coarse,2025-08-06,2025-09-30,2383438.0968129677,0.6500000000,0.5000000000,14,3,none,21,0.0000000000,2255933.8674632581,2276.8612383877,17.2908595414,5014.4464746930,False,10
coarse,2025-08-06,2025-09-30,2370462.5542617254,0.6500000000,0.5000000000,21,3,none,21,0.0000000000,2255933.8674632581,2045.1551214012,-25.1976368859,4454.3566080836,True,10
coarse,2025-08-06,2025-09-30,2360723.1545791449,0.6500000000,0.5000000000,28,3,none,21,0.0000000000,2255933.8674632581,1871.2372699266,-48.1249508824,4043.2781891423,True,10
coarse,2025-08-06,2025-09-30,2367871.5049193641,0.6500000000,0.5000000000,42,3,none,21,0.0000000000,2255933.8674632581,1998.8863831447,-77.3729805330,4377.8254182837,True,10
coarse,2025-08-06,2025-09-30,2366058.6543542179,0.6500000000,0.5000000000,56,3,none,21,0.0000000000,2255933.8674632581,1966.5140516243,-192.6412274967,4484.9362917119,True,10
coarse,2025-08-06,2025-09-30,2331404.3130395915,0.7000000000,0.5000000000,14,3,none,21,0.0000000000,2255933.8674632581,1347.6865281488,-373.1668384906,3424.7373854997,True,10
coarse,2025-08-06,2025-09-30,2322614.3583298642,0.7000000000,0.5000000000,21,3,none,21,0.0000000000,2255933.8674632581,1190.7230511894,-365.7804466396,3000.3245206277,True,10
coarse,2025-08-06,2025-09-30,2306761.2515215771,0.7000000000,0.5000000000,28,3,none,21,0.0000000000,2255933.8674632581,907.6318581843,-470.9771133325,2518.3402813336,True,10
coarse,2025-08-06,2025-09-30,2317917.2181012756,0.7000000000,0.5000000000,42,3,none,21,0.0000000000,2255933.8674632581,1106.8455471075,-451.0683772956,2912.1183764467,True,10
coarse,2025-08-06,2025-09-30,2315563.4532229770,0.7000000000,0.5000000000,56,3,none,21,0.0000000000,2255933.8674632581,1064.8140314236,-587.3011532824,3003.2203050327,True,10
coarse,2025-08-06,2025-09-30,2301675.1793636410,0.7500000000,0.5000000000,14,3,none,21,0.0000000000,2255933.8674632581,816.8091410783,-365.8518927350,2306.6861599642,True,10
coarse,2025-08-06,2025-09-30,2288858.1122129718,0.7500000000,0.5000000000,21,3,none,21,0.0000000000,2255933.8674632581,587.9329419592,-354.8091024612,1705.3486952444,True,10
coarse,2025-08-06,2025-09-30,2274421.5310755782,0.7500000000,0.5000000000,28,3,none,21,0.0000000000,2255933.8674632581,330.1368502200,-524.4201978878,1330.5744059228,True,10
coarse,2025-08-06,2025-09-30,2279949.3727466362,0.7500000000,0.5000000000,42,3,none,21,0.0000000000,2255933.8674632581,428.8483086318,-569.7173918980,1600.0971689382,True,10
coarse,2025-08-06,2025-09-30,2279239.5979286432,0.7500000000,0.5000000000,56,3,none,21,0.0000000000,2255933.8674632581,416.1737583104,-677.4927695894,1694.5483417252,True,10
coarse,2025-08-06,2025-09-30,2284877.3774268525,0.8000000000,0.5000000000,14,3,none,21,0.0000000000,2255933.8674632581,516.8483922070,-220.9125251384,1493.2370119027,True,10
coarse,2025-08-06,2025-09-30,2274170.0696253311,0.8000000000,0.5000000000,21,3,none,21,0.0000000000,2255933.8674632581,325.6464671799,-113.5705951260,841.6238898339,True,10
coarse,2025-08-06,2025-09-30,2262894.4160904028,0.8000000000,0.5000000000,28,3,none,21,0.0000000000,2255933.8674632581,124.2955111990,-251.7535201535,563.8064026689,True,10
coarse,2025-08-06,2025-09-30,2264019.9458916225,0.8000000000,0.5000000000,42,3,none,21,0.0000000000,2255933.8674632581,144.3942576494,-336.3016987427,725.8051910309,True,10
coarse,2025-08-06,2025-09-30,2262186.3765196158,0.8000000000,0.5000000000,56,3,none,21,0.0000000000,2255933.8674632581,111.6519474350,-417.1952486777,739.4616247859,True,10
coarse,2025-08-06,2025-09-30,2275519.0384941436,0.8500000000,0.5000000000,14,3,none,21,0.0000000000,2255933.8674632581,349.7351969801,-38.1572390258,811.1872475891,True,10
coarse,2025-08-06,2025-09-30,2264800.0743299997,0.8500000000,0.5000000000,21,3,none,21,0.0000000000,2255933.8674632581,158.3251226204,-4.7936886250,322.9940516559,True,10
coarse,2025-08-06,2025-09-30,2257604.9288882790,0.8500000000,0.5000000000,28,3,none,21,0.0000000000,2255933.8674632581,29.8403825897,-111.5612336929,168.6414812518,True,10
coarse,2025-08-06,2025-09-30,2256591.7429658268,0.8500000000,0.5000000000,42,3,none,21,0.0000000000,2255933.8674632581,11.7477768316,-109.1118674036,116.4570377002,True,10
coarse,2025-08-06,2025-09-30,2255933.8674632581,0.8500000000,0.5000000000,56,3,none,21,0.0000000000,2255933.8674632581,0.0000000000,0.0000000000,0.0000000000,True,10
coarse,2025-08-06,2025-09-30,2286508.3895306205,0.9000000000,0.5000000000,14,3,none,21,0.0000000000,2255933.8674632581,545.9736083458,191.4161517938,929.4518362490,False,10
coarse,2025-08-06,2025-09-30,2276529.5734546473,0.9000000000,0.5000000000,21,3,none,21,0.0000000000,2255933.8674632581,367.7804641320,-268.0549584492,884.4182532220,True,10
coarse,2025-08-06,2025-09-30,2276660.1361954473,0.9000000000,0.5000000000,28,3,none,21,0.0000000000,2255933.8674632581,370.1119416462,-229.4685502400,840.0681295815,True,10
coarse,2025-08-06,2025-09-30,2280519.6292273030,0.9000000000,0.5000000000,42,3,none,21,0.0000000000,2255933.8674632581,439.0314600722,-176.2821044458,923.9574670913,True,10
coarse,2025-08-06,2025-09-30,2283044.5690268171,0.9000000000,0.5000000000,56,3,none,21,0.0000000000,2255933.8674632581,484.1196707778,-136.9949256618,936.3633890584,True,10
coarse,2025-08-06,2025-09-30,2326590.0584432813,0.9500000000,0.5000000000,14,3,none,21,0.0000000000,2255933.8674632581,1261.7176960718,422.3221092419,1981.7097719514,False,10
coarse,2025-08-06,2025-09-30,2332145.4008474704,0.9500000000,0.5000000000,21,3,none,21,0.0000000000,2255933.8674632581,1360.9202390038,408.6226912436,2122.8161191362,False,10
coarse,2025-08-06,2025-09-30,2333563.5829273392,0.9500000000,0.5000000000,28,3,none,21,0.0000000000,2255933.8674632581,1386.2449190014,466.0002716788,2108.0073999139,False,10
coarse,2025-08-06,2025-09-30,2342223.7543033501,0.9500000000,0.5000000000,42,3,none,21,0.0000000000,2255933.8674632581,1540.8908364302,547.2042941893,2309.4434144296,False,10
coarse,2025-08-06,2025-09-30,2353247.4022737811,0.9500000000,0.5000000000,56,3,none,21,0.0000000000,2255933.8674632581,1737.7416930451,717.5656234435,2496.8954427922,False,10
local,2025-08-06,2025-09-30,2303953.9940873343,0.7600000000,0.0000000000,14,0,none,21,0.0000000000,2272762.8732055640,556.9843014602,-389.2394632346,1708.4566817982,True,10
local,2025-08-06,2025-09-30,2303682.9785662759,0.7600000000,0.0000000000,14,3,none,21,0.0000000000,2272762.8732055640,552.1447385841,-403.1921588738,1705.7765505383,True,10
local,2025-08-06,2025-09-30,2303818.5879219514,0.7600000000,0.0000000000,14,5,none,21,0.0000000000,2272762.8732055640,554.5663342212,-403.4724823314,1712.3491241789,True,10
local,2025-08-06,2025-09-30,2302645.5653138761,0.7600000000,0.2500000000,14,0,none,21,0.0000000000,2272762.8732055640,533.6195019341,-401.1442074380,1645.6944198176,True,10
local,2025-08-06,2025-09-30,2302382.1650110828,0.7600000000,0.2500000000,14,3,none,21,0.0000000000,2272762.8732055640,528.9159250985,-411.2072961652,1652.7917818926,True,10
local,2025-08-06,2025-09-30,2302524.7671652595,0.7600000000,0.2500000000,14,5,none,21,0.0000000000,2272762.8732055640,531.4623921374,-414.5353622034,1661.4376748520,True,10
local,2025-08-06,2025-09-30,2298363.9613562385,0.7600000000,0.5000000000,14,0,none,21,0.0000000000,2272762.8732055640,457.1622884049,-408.5457989645,1473.4404699285,True,10
local,2025-08-06,2025-09-30,2298088.2924531940,0.7600000000,0.5000000000,14,3,none,21,0.0000000000,2272762.8732055640,452.2396294220,-417.9436108803,1474.2402130724,True,10
local,2025-08-06,2025-09-30,2298220.6333489534,0.7600000000,0.5000000000,14,5,none,21,0.0000000000,2272762.8732055640,454.6028597034,-420.1057684749,1481.1026224704,True,10
local,2025-08-06,2025-09-30,2293857.4546425543,0.7600000000,0.7500000000,14,0,none,21,0.0000000000,2272762.8732055640,376.6889542320,-363.5527020325,1235.2210359526,True,10
local,2025-08-06,2025-09-30,2293634.1426943392,0.7600000000,0.7500000000,14,3,none,21,0.0000000000,2272762.8732055640,372.7012408710,-369.4856938343,1236.2232662840,True,10
local,2025-08-06,2025-09-30,2293765.5440619905,0.7600000000,0.7500000000,14,5,none,21,0.0000000000,2272762.8732055640,375.0476938648,-369.3898825369,1241.8793610043,True,10
local,2025-08-06,2025-09-30,2319004.6618475104,0.7600000000,1.0000000000,14,0,none,21,0.0000000000,2272762.8732055640,825.7462257490,160.9695409495,1557.6636664469,False,10
local,2025-08-06,2025-09-30,2318381.5036531775,0.7600000000,1.0000000000,14,3,none,21,0.0000000000,2272762.8732055640,814.6184008502,146.5995158382,1550.0321641981,False,10
local,2025-08-06,2025-09-30,2318634.4322676044,0.7600000000,1.0000000000,14,5,none,21,0.0000000000,2272762.8732055640,819.1349832507,154.7464175210,1553.0582688535,False,10
local,2025-08-06,2025-09-30,2300700.6649026591,0.7700000000,0.0000000000,14,0,none,21,0.0000000000,2272762.8732055640,498.8891374481,-358.4100146944,1530.3221266772,True,10
local,2025-08-06,2025-09-30,2300489.0368437883,0.7700000000,0.0000000000,14,3,none,21,0.0000000000,2272762.8732055640,495.1100649683,-369.6042677213,1530.2140252060,True,10
local,2025-08-06,2025-09-30,2300633.9081824012,0.7700000000,0.0000000000,14,5,none,21,0.0000000000,2272762.8732055640,497.6970531578,-369.8022470878,1535.7353712015,True,10
local,2025-08-06,2025-09-30,2299594.5909298440,0.7700000000,0.2500000000,14,0,none,21,0.0000000000,2272762.8732055640,479.1378165050,-368.1301699161,1496.5926188905,True,10
local,2025-08-06,2025-09-30,2299378.0115331272,0.7700000000,0.2500000000,14,3,none,21,0.0000000000,2272762.8732055640,475.2703272779,-381.1030573223,1496.7997694391,True,10
local,2025-08-06,2025-09-30,2299525.9847110324,0.7700000000,0.2500000000,14,5,none,21,0.0000000000,2272762.8732055640,477.9127054548,-380.8640558936,1502.8069326014,True,10
local,2025-08-06,2025-09-30,2295105.9904683824,0.7700000000,0.5000000000,14,0,none,21,0.0000000000,2272762.8732055640,398.9842368360,-376.0700105653,1303.5486438391,True,10
local,2025-08-06,2025-09-30,2294865.0748494458,0.7700000000,0.5000000000,14,3,none,21,0.0000000000,2272762.8732055640,394.6821722122,-383.6427938785,1306.4368101709,True,10
local,2025-08-06,2025-09-30,2295019.6032644240,0.7700000000,0.5000000000,14,5,none,21,0.0000000000,2272762.8732055640,397.4416081939,-382.7973548837,1315.5046765701,True,10
local,2025-08-06,2025-09-30,2290902.6501958258,0.7700000000,0.7500000000,14,0,none,21,0.0000000000,2272762.8732055640,323.9245891118,-326.3543214777,1077.1189270906,True,10
local,2025-08-06,2025-09-30,2290780.7168943714,0.7700000000,0.7500000000,14,3,none,21,0.0000000000,2272762.8732055640,321.7472087287,-332.3826680456,1080.1516566266,True,10
local,2025-08-06,2025-09-30,2290930.0238433816,0.7700000000,0.7500000000,14,5,none,21,0.0000000000,2272762.8732055640,324.4134042467,-331.2948505643,1085.9675202489,True,10
local,2025-08-06,2025-09-30,2315653.5649145152,0.7700000000,1.0000000000,14,0,none,21,0.0000000000,2272762.8732055640,765.9052090884,181.4757129696,1411.7596348295,False,10
local,2025-08-06,2025-09-30,2314999.4554411736,0.7700000000,1.0000000000,14,3,none,21,0.0000000000,2272762.8732055640,754.2246827787,166.0418007634,1400.8235162583,False,10
local,2025-08-06,2025-09-30,2315303.3710989468,0.7700000000,1.0000000000,14,5,none,21,0.0000000000,2272762.8732055640,759.6517480961,179.5073368283,1403.9820247543,False,10
local,2025-08-06,2025-09-30,2296959.0442429315,0.7800000000,0.0000000000,14,0,none,21,0.0000000000,2272762.8732055640,432.0744828101,-334.9380230291,1333.4314926221,True,10
local,2025-08-06,2025-09-30,2296728.7424260899,0.7800000000,0.0000000000,14,3,none,21,0.0000000000,2272762.8732055640,427.9619503665,-343.7770808703,1331.2395286630,True,10
local,2025-08-06,2025-09-30,2296860.2555540749,0.7800000000,0.0000000000,14,5,none,21,0.0000000000,2272762.8732055640,430.3103990806,-343.1661127759,1336.4691017741,True,10
local,2025-08-06,2025-09-30,2296065.7320047654,0.7800000000,0.2500000000,14,0,none,21,0.0000000000,2272762.8732055640,416.1224785572,-345.1256406087,1310.4159714891,True,10
local,2025-08-06,2025-09-30,2295837.8859548885,0.7800000000,0.2500000000,14,3,none,21,0.0000000000,2272762.8732055640,412.0537990951,-351.1666956938,1309.2113657426,True,10
local,2025-08-06,2025-09-30,2295972.3040645281,0.7800000000,0.2500000000,14,5,none,21,0.0000000000,2272762.8732055640,414.4541224815,-352.4293543022,1314.0877631207,True,10
local,2025-08-06,2025-09-30,2291515.4351589424,0.7800000000,0.5000000000,14,0,none,21,0.0000000000,2272762.8732055640,334.8671777389,-346.4784613725,1131.0708244513,True,10
local,2025-08-06,2025-09-30,2291263.6673154184,0.7800000000,0.5000000000,14,3,none,21,0.0000000000,2272762.8732055640,330.3713233903,-352.5409618309,1126.7791244076,True,10
local,2025-08-06,2025-09-30,2291390.7657069941,0.7800000000,0.5000000000,14,5,none,21,0.0000000000,2272762.8732055640,332.6409375255,-352.3729345097,1135.7732567801,True,10
local,2025-08-06,2025-09-30,2287004.2287540776,0.7800000000,0.7500000000,14,0,none,21,0.0000000000,2272762.8732055640,254.3099205092,-299.2366804686,892.8670575077,True,10
local,2025-08-06,2025-09-30,2286941.9635120234,0.7800000000,0.7500000000,14,3,none,21,0.0000000000,2272762.8732055640,253.1980411868,-301.7814082248,894.2828830378,True,10
local,2025-08-06,2025-09-30,2287120.0395303271,0.7800000000,0.7500000000,14,5,none,21,0.0000000000,2272762.8732055640,256.3779700851,-300.8147244816,901.9163697305,True,10
local,2025-08-06,2025-09-30,2311444.3797053015,0.7800000000,1.0000000000,14,0,none,21,0.0000000000,2272762.8732055640,690.7411874953,190.5710009194,1232.8875633560,False,10
local,2025-08-06,2025-09-30,2310741.2374595422,0.7800000000,1.0000000000,14,3,none,21,0.0000000000,2272762.8732055640,678.1850759639,177.7473489463,1220.2087618191,False,10
local,2025-08-06,2025-09-30,2311060.9531126171,0.7800000000,1.0000000000,14,5,none,21,0.0000000000,2272762.8732055640,683.8942840545,181.7453371151,1224.4660065456,False,10
local,2025-08-06,2025-09-30,2293220.3281070152,0.7900000000,0.0000000000,14,0,none,21,0.0000000000,2272762.8732055640,365.3116946688,-300.0442276833,1145.6066520497,True,10
local,2025-08-06,2025-09-30,2293141.3698053113,0.7900000000,0.0000000000,14,3,none,21,0.0000000000,2272762.8732055640,363.9017249955,-305.1003541750,1148.7864410515,True,10
local,2025-08-06,2025-09-30,2293334.1160292663,0.7900000000,0.0000000000,14,5,none,21,0.0000000000,2272762.8732055640,367.3436218518,-304.5421179135,1154.9823335233,True,10
local,2025-08-06,2025-09-30,2292352.3293905542,0.7900000000,0.2500000000,14,0,none,21,0.0000000000,2272762.8732055640,349.8117175891,-310.7243210514,1125.7029581736,True,10
local,2025-08-06,2025-09-30,2292272.0997860949,0.7900000000,0.2500000000,14,3,none,21,0.0000000000,2272762.8732055640,348.3790460809,-312.6302260512,1126.9363490640,True,10
local,2025-08-06,2025-09-30,2292463.4697588505,0.7900000000,0.2500000000,14,5,none,21,0.0000000000,2272762.8732055640,351.7963670230,-313.3489916281,1132.8935917825,True,10
local,2025-08-06,2025-09-30,2287925.0916092861,0.7900000000,0.5000000000,14,0,none,21,0.0000000000,2272762.8732055640,270.7539000665,-314.9753646302,952.2718618017,True,10
local,2025-08-06,2025-09-30,2287810.8193703685,0.7900000000,0.5000000000,14,3,none,21,0.0000000000,2272762.8732055640,268.7133243715,-317.8896915421,952.3243696040,True,10
local,2025-08-06,2025-09-30,2287997.6544860294,0.7900000000,0.5000000000,14,5,none,21,0.0000000000,2272762.8732055640,272.0496657226,-317.9050282273,958.6811894545,True,10
local,2025-08-06,2025-09-30,2283383.5876292749,0.7900000000,0.7500000000,14,0,none,21,0.0000000000,2272762.8732055640,189.6556147091,-264.1699209583,717.3969279431,True,10
local,2025-08-06,2025-09-30,2283412.1962826382,0.7900000000,0.7500000000,14,3,none,21,0.0000000000,2272762.8732055640,190.1664835192,-264.3040633792,723.1701940301,True,10
local,2025-08-06,2025-09-30,2283630.7168836901,0.7900000000,0.7500000000,14,5,none,21,0.0000000000,2272762.8732055640,194.0686371094,-264.1311827500,730.2370523901,True,10
local,2025-08-06,2025-09-30,2307885.7966025705,0.7900000000,1.0000000000,14,0,none,21,0.0000000000,2272762.8732055640,627.1950606608,205.9575161863,1069.7708557146,False,10
local,2025-08-06,2025-09-30,2307188.6636645142,0.7900000000,1.0000000000,14,3,none,21,0.0000000000,2272762.8732055640,614.7462581955,193.9070065938,1055.1152833368,False,10
local,2025-08-06,2025-09-30,2307547.6854340686,0.7900000000,1.0000000000,14,5,none,21,0.0000000000,2272762.8732055640,621.1573612233,199.5017039795,1057.7299910481,False,10
local,2025-08-06,2025-09-30,2290080.5114635276,0.8000000000,0.0000000000,14,0,none,21,0.0000000000,2272762.8732055640,309.2435403208,-270.1889231022,991.5775385278,True,10
local,2025-08-06,2025-09-30,2289963.6583574116,0.8000000000,0.0000000000,14,3,none,21,0.0000000000,2272762.8732055640,307.1568777116,-272.8702721309,991.6260042204,True,10
local,2025-08-06,2025-09-30,2290132.4016037825,0.8000000000,0.0000000000,14,5,none,21,0.0000000000,2272762.8732055640,310.1701499682,-271.7022851537,997.3808327651,True,10
local,2025-08-06,2025-09-30,2289193.1629148419,0.8000000000,0.2500000000,14,0,none,21,0.0000000000,2272762.8732055640,293.3980305228,-275.7089272177,970.2771343930,True,10
local,2025-08-06,2025-09-30,2289076.8683801754,0.8000000000,0.2500000000,14,3,none,21,0.0000000000,2272762.8732055640,291.3213424038,-283.0852338965,973.6250595202,True,10
local,2025-08-06,2025-09-30,2289244.1130425092,0.8000000000,0.2500000000,14,5,none,21,0.0000000000,2272762.8732055640,294.3078542312,-280.4890903491,978.7385409533,True,10
local,2025-08-06,2025-09-30,2285025.9636980593,0.8000000000,0.5000000000,14,0,none,21,0.0000000000,2272762.8732055640,218.9837587946,-278.1578871854,796.3579468884,True,10
local,2025-08-06,2025-09-30,2284877.3774268525,0.8000000000,0.5000000000,14,3,none,21,0.0000000000,2272762.8732055640,216.3304325230,-282.7663303252,796.0718125323,True,10
local,2025-08-06,2025-09-30,2285019.5220921496,0.8000000000,0.5000000000,14,5,none,21,0.0000000000,2272762.8732055640,218.8687301176,-282.9052667361,800.7884886774,True,10
local,2025-08-06,2025-09-30,2280300.8616021872,0.8000000000,0.7500000000,14,0,none,21,0.0000000000,2272762.8732055640,134.6069356540,-228.0109456677,555.6223442340,True,10
local,2025-08-06,2025-09-30,2280286.5942348237,0.8000000000,0.7500000000,14,3,none,21,0.0000000000,2272762.8732055640,134.3521612368,-230.5379420242,561.4706991718,True,10
local,2025-08-06,2025-09-30,2280514.0013221409,0.8000000000,0.7500000000,14,5,none,21,0.0000000000,2272762.8732055640,138.4130020817,-228.8818038087,568.0392197910,True,10
local,2025-08-06,2025-09-30,2305036.7328063557,0.8000000000,1.0000000000,14,0,none,21,0.0000000000,2272762.8732055640,576.3189214427,219.9052535371,943.7609650285,False,10
local,2025-08-06,2025-09-30,2304393.3355713161,0.8000000000,1.0000000000,14,3,none,21,0.0000000000,2272762.8732055640,564.8296851027,210.2273755610,927.4472141274,False,10
local,2025-08-06,2025-09-30,2304708.6365164234,0.8000000000,1.0000000000,14,5,none,21,0.0000000000,2272762.8732055640,570.4600591225,217.3876154957,931.3077484162,False,10
local,2025-08-06,2025-09-30,2287594.9569006655,0.8100000000,0.0000000000,14,0,none,21,0.0000000000,2272762.8732055640,264.8586374125,-211.0744153601,844.6802964509,True,10
local,2025-08-06,2025-09-30,2287585.9680269621,0.8100000000,0.0000000000,14,3,none,21,0.0000000000,2272762.8732055640,264.6981218107,-213.5927684729,846.7328341319,True,10
local,2025-08-06,2025-09-30,2287743.6742638415,0.8100000000,0.0000000000,14,5,none,21,0.0000000000,2272762.8732055640,267.5143046121,-212.5726653086,851.6149962771,True,10
local,2025-08-06,2025-09-30,2286654.3103319709,0.8100000000,0.2500000000,14,0,none,21,0.0000000000,2272762.8732055640,248.0613772573,-218.9147708104,824.1756568259,True,10
local,2025-08-06,2025-09-30,2286642.4510802818,0.8100000000,0.2500000000,14,3,none,21,0.0000000000,2272762.8732055640,247.8496049057,-223.0301072033,823.2049087467,True,10
local,2025-08-06,2025-09-30,2286802.7181804739,0.8100000000,0.2500000000,14,5,none,21,0.0000000000,2272762.8732055640,250.7115174091,-221.9802119545,827.4886783034,True,10
local,2025-08-06,2025-09-30,2282684.9841854582,0.8100000000,0.5000000000,14,0,none,21,0.0000000000,2272762.8732055640,177.1805532124,-229.4009550330,655.1890482295,True,10
local,2025-08-06,2025-09-30,2282644.5580206546,0.8100000000,0.5000000000,14,3,none,21,0.0000000000,2272762.8732055640,176.4586574123,-232.5403600768,656.5302265778,True,10
local,2025-08-06,2025-09-30,2282797.2269132049,0.8100000000,0.5000000000,14,5,none,21,0.0000000000,2272762.8732055640,179.1848876364,-230.1639181647,660.2676082693,True,10
local,2025-08-06,2025-09-30,2277911.8014074201,0.8100000000,0.7500000000,14,0,none,21,0.0000000000,2272762.8732055640,91.9451464617,-178.3211919040,403.8362231900,True,10
local,2025-08-06,2025-09-30,2277977.9617204564,0.8100000000,0.7500000000,14,3,none,21,0.0000000000,2272762.8732055640,93.1265806231,-178.5791038401,409.2295226160,True,10
local,2025-08-06,2025-09-30,2278179.4738191427,0.8100000000,0.7500000000,14,5,none,21,0.0000000000,2272762.8732055640,96.7250109568,-177.7826336901,415.4986058155,True,10
local,2025-08-06,2025-09-30,2302986.9441420124,0.8100000000,1.0000000000,14,0,none,21,0.0000000000,2272762.8732055640,539.7155524366,246.1804511471,838.1101268667,False,10
local,2025-08-06,2025-09-30,2302633.9232652253,0.8100000000,1.0000000000,14,3,none,21,0.0000000000,2272762.8732055640,533.4116082082,240.8691406469,830.6519934806,False,10
local,2025-08-06,2025-09-30,2303051.3340506842,0.8100000000,1.0000000000,14,5,none,21,0.0000000000,2272762.8732055640,540.8653722343,246.4515639907,834.8899157950,False,10
local,2025-08-06,2025-09-30,2285108.1567927939,0.8200000000,0.0000000000,14,0,none,21,0.0000000000,2272762.8732055640,220.4514926291,-155.0852748816,690.3787036785,True,10
local,2025-08-06,2025-09-30,2285102.8574826317,0.8200000000,0.0000000000,14,3,none,21,0.0000000000,2272762.8732055640,220.3568620905,-159.4014565280,692.9142559585,True,10
local,2025-08-06,2025-09-30,2285335.6137122656,0.8200000000,0.0000000000,14,5,none,21,0.0000000000,2272762.8732055640,224.5132233340,-157.5866596354,697.4731798827,True,10
local,2025-08-06,2025-09-30,2284190.2598649017,0.8200000000,0.2500000000,14,0,none,21,0.0000000000,2272762.8732055640,204.0604760596,-165.1401513388,666.8945152065,True,10
local,2025-08-06,2025-09-30,2284178.9710093830,0.8200000000,0.2500000000,14,3,none,21,0.0000000000,2272762.8732055640,203.8588893539,-167.4705634511,667.6053593327,True,10
local,2025-08-06,2025-09-30,2284409.2008630098,0.8200000000,0.2500000000,14,5,none,21,0.0000000000,2272762.8732055640,207.9701367401,-167.0437302942,674.2809337806,True,10
local,2025-08-06,2025-09-30,2280559.9820160447,0.8200000000,0.5000000000,14,0,none,21,0.0000000000,2272762.8732055640,139.2340859014,-174.6609637758,524.4210729949,True,10
local,2025-08-06,2025-09-30,2280525.8945969781,0.8200000000,0.5000000000,14,3,none,21,0.0000000000,2272762.8732055640,138.6253819895,-177.9848414880,527.9407245915,True,10
local,2025-08-06,2025-09-30,2280736.2030903148,0.8200000000,0.5000000000,14,5,none,21,0.0000000000,2272762.8732055640,142.3808907991,-175.2971779387,532.0755843772,True,10
local,2025-08-06,2025-09-30,2275771.3798459880,0.8200000000,0.7500000000,14,0,none,21,0.0000000000,2272762.8732055640,53.7233328647,-123.5137235982,260.6558890822,True,10
local,2025-08-06,2025-09-30,2275856.2312930175,0.8200000000,0.7500000000,14,3,none,21,0.0000000000,2272762.8732055640,55.2385372760,-124.5941529571,265.9969295653,True,10
local,2025-08-06,2025-09-30,2276134.1175795533,0.8200000000,0.7500000000,14,5,none,21,0.0000000000,2272762.8732055640,60.2007923927,-122.8474808956,274.1379546655,True,10
local,2025-08-06,2025-09-30,2300996.5007827184,0.8200000000,1.0000000000,14,0,none,21,0.0000000000,2272762.8732055640,504.1719210206,255.5488892720,758.9248878691,False,10
local,2025-08-06,2025-09-30,2300732.2705740407,0.8200000000,1.0000000000,14,3,none,21,0.0000000000,2272762.8732055640,499.4535244371,249.8034074325,754.7760637599,False,10
local,2025-08-06,2025-09-30,2301179.4962007436,0.8200000000,1.0000000000,14,5,none,21,0.0000000000,2272762.8732055640,507.4396963425,260.9503515729,763.1214469227,False,10
local,2025-08-06,2025-09-30,2282760.2701605018,0.8300000000,0.0000000000,14,0,none,21,0.0000000000,2272762.8732055640,178.5249456239,-111.0985870979,574.1738595709,True,10
local,2025-08-06,2025-09-30,2282798.7220723722,0.8300000000,0.0000000000,14,3,none,21,0.0000000000,2272762.8732055640,179.2115869073,-111.6520371309,572.9719335724,True,10
local,2025-08-06,2025-09-30,2283026.4756160877,0.8300000000,0.0000000000,14,5,none,21,0.0000000000,2272762.8732055640,183.2786144736,-109.5437392356,577.9805496174,True,10
local,2025-08-06,2025-09-30,2281875.1899747746,0.8300000000,0.2500000000,14,0,none,21,0.0000000000,2272762.8732055640,162.7199423073,-117.2857134003,550.1276396601,True,10
local,2025-08-06,2025-09-30,2281908.2523273826,0.8300000000,0.2500000000,14,3,none,21,0.0000000000,2272762.8732055640,163.3103414611,-118.4309987826,549.7021224137,True,10
local,2025-08-06,2025-09-30,2282135.2280585738,0.8300000000,0.2500000000,14,5,none,21,0.0000000000,2272762.8732055640,167.3634795180,-115.7619061570,556.5175966005,True,10
local,2025-08-06,2025-09-30,2278382.9212127728,0.8300000000,0.5000000000,14,0,none,21,0.0000000000,2272762.8732055640,100.3580001287,-121.1988937459,385.3897025510,True,10
local,2025-08-06,2025-09-30,2278371.1860147761,0.8300000000,0.5000000000,14,3,none,21,0.0000000000,2272762.8732055640,100.1484430216,-124.0256494933,385.6277623458,True,10
local,2025-08-06,2025-09-30,2278573.1314675938,0.8300000000,0.5000000000,14,5,none,21,0.0000000000,2272762.8732055640,103.7546118220,-121.7753261209,390.0804157583,True,10
local,2025-08-06,2025-09-30,2273690.7071111910,0.8300000000,0.7500000000,14,0,none,21,0.0000000000,2272762.8732055640,16.5684626005,-71.7096744762,119.9879119597,True,10
local,2025-08-06,2025-09-30,2273758.4500592221,0.8300000000,0.7500000000,14,3,none,21,0.0000000000,2272762.8732055640,17.7781581010,-70.0340467260,122.4948848211,True,10
local,2025-08-06,2025-09-30,2274017.1857641148,0.8300000000,0.7500000000,14,5,none,21,0.0000000000,2272762.8732055640,22.3984385456,-67.6075270764,131.0675254311,True,10
local,2025-08-06,2025-09-30,2300181.1196078612,0.8300000000,1.0000000000,14,0,none,21,0.0000000000,2272762.8732055640,489.6115428982,259.8437605891,724.3365072029,False,10
local,2025-08-06,2025-09-30,2299952.3951608394,0.8300000000,1.0000000000,14,3,none,21,0.0000000000,2272762.8732055640,485.5271777728,256.4444227372,722.9397947954,False,10
local,2025-08-06,2025-09-30,2300435.5034114351,0.8300000000,1.0000000000,14,5,none,21,0.0000000000,2272762.8732055640,494.1541108191,262.1424686193,731.2646438070,False,10
local,2025-08-06,2025-09-30,2280909.8997755302,0.8400000000,0.0000000000,14,0,none,21,0.0000000000,2272762.8732055640,145.4826173208,-79.8171657317,477.9081127016,True,10
local,2025-08-06,2025-09-30,2280869.9123649248,0.8400000000,0.0000000000,14,3,none,21,0.0000000000,2272762.8732055640,144.7685564172,-79.3681929888,475.6267985418,True,10
local,2025-08-06,2025-09-30,2281019.6371505689,0.8400000000,0.0000000000,14,5,none,21,0.0000000000,2272762.8732055640,147.4422133037,-77.6661191176,479.5435240002,True,10
local,2025-08-06,2025-09-30,2280103.7231764542,0.8400000000,0.2500000000,14,0,none,21,0.0000000000,2272762.8732055640,131.0866066230,-85.9371903017,455.6875766375,True,10
local,2025-08-06,2025-09-30,2280046.0123485541,0.8400000000,0.2500000000,14,3,none,21,0.0000000000,2272762.8732055640,130.0560561248,-86.0941170344,452.7993868378,True,10
local,2025-08-06,2025-09-30,2280191.1406719629,0.8400000000,0.2500000000,14,5,none,21,0.0000000000,2272762.8732055640,132.6476333286,-84.5396361603,457.3531091505,True,10
local,2025-08-06,2025-09-30,2276938.8091842178,0.8400000000,0.5000000000,14,0,none,21,0.0000000000,2272762.8732055640,74.5702853331,-90.8250055513,298.8643398835,True,10
local,2025-08-06,2025-09-30,2276839.9353374927,0.8400000000,0.5000000000,14,3,none,21,0.0000000000,2272762.8732055640,72.8046809273,-90.8584413498,295.7847840738,True,10
local,2025-08-06,2025-09-30,2276957.1143545280,0.8400000000,0.5000000000,14,5,none,21,0.0000000000,2272762.8732055640,74.8971633744,-89.6310605827,299.6627964654,True,10
local,2025-08-06,2025-09-30,2272807.7736314423,0.8400000000,0.7500000000,14,0,none,21,0.0000000000,2272762.8732055640,0.8017933193,-5.1274082413,6.6010049276,True,10
local,2025-08-06,2025-09-30,2272762.8732055640,0.8400000000,0.7500000000,14,3,none,21,0.0000000000,2272762.8732055640,0.0000000000,0.0000000000,0.0000000000,True,10
local,2025-08-06,2025-09-30,2272892.6197002297,0.8400000000,0.7500000000,14,5,none,21,0.0000000000,2272762.8732055640,2.3169016905,-0.3857173145,5.3893025163,True,10
local,2025-08-06,2025-09-30,2299711.2477085395,0.8400000000,1.0000000000,14,0,none,21,0.0000000000,2272762.8732055640,481.2209732674,237.9436464832,730.3987931983,False,10
local,2025-08-06,2025-09-30,2299445.1749293804,0.8400000000,1.0000000000,14,3,none,21,0.0000000000,2272762.8732055640,476.4696736396,228.4530508895,731.7565748895,False,10
local,2025-08-06,2025-09-30,2299912.7747446308,0.8400000000,1.0000000000,14,5,none,21,0.0000000000,2272762.8732055640,484.8196703405,234.5197964845,747.5803366707,False,10
