policy,day,date,initial_soc,terminal_soc,planned_cost,emergency_cost,total_cost,planned_kwh,emergency_kwh,spill_kwh,charge_kwh,discharge_kwh,emergency_slots,emergency_day,events,reference_terminal_soc,terminal_value,lp_objective,solve_seconds,lp_eq_residual,lp_ineq_violation,balance_residual,soc_residual,window,half,features,k,blend,rho,min_history_day,max_history_day,n_scenarios,effective_n
ridge_fixed_saa_h1,31,2025-02-01,6000.0,7214.4865603918315,24452.601558096627,0.0,24452.601558096627,46999.411594949706,0.0,7813.390545783857,19551.616902525635,14743.77178669312,0,0,0,6000.0,0.0,25791.296164595424,0.05197785200016369,0.0,1.1368683772161603e-13,5.684341886080802e-14,9.094947017729282e-13,21,14,none,21,0.0,0.5,10,30,21,19.2964999927831
ridge_fixed_saa_h1,32,2025-02-02,7214.4865603918315,7022.776673859201,57703.50320671061,0.0,57703.50320671061,91012.02928416846,0.0,8746.781328609644,21481.6258075694,17572.65580201058,0,0,0,6000.0,0.0,59484.813915558305,0.04989254500014795,9.094947017729282e-13,1.1368683772161603e-13,7.815970093361102e-14,8.313350008393172e-13,21,14,none,21,0.0,0.5,11,31,21,19.2964999927831
ridge_fixed_saa_h1,33,2025-02-03,7022.776673859201,6872.291235284544,56953.16573096655,0.0,56953.16573096655,90069.30033498662,0.0,5821.25864724183,21929.274118220972,17898.148930476185,0,0,0,6000.0,0.0,58790.48504867679,0.05182165599990185,9.094947017729282e-13,1.1368683772161603e-13,1.1368683772161603e-13,9.094947017729282e-13,21,14,none,21,0.0,0.5,12,32,21,19.2964999927831
ridge_fixed_saa_h1,34,2025-02-04,6872.291235284544,6957.23409391064,56886.106312468175,0.0,56886.106312468175,90102.28154396433,0.0,4325.863710491876,23711.080582678806,19129.526699206348,0,0,0,6000.0,0.0,58652.07545785687,0.05150474799984295,9.094947017729282e-13,1.1368683772161603e-13,1.1368683772161603e-13,9.094947017729282e-13,21,14,none,21,0.0,0.5,13,33,21,19.2964999927831
ridge_fixed_saa_h1,35,2025-02-05,6957.23409391064,6866.215448412406,56686.078896002975,0.0,56686.078896002975,89648.13365804363,0.0,4596.816463738664,23077.931536421376,18775.041325449733,0,0,0,6000.0,0.0,58436.83521950266,0.0519050950001656,9.094947017729282e-13,1.1368683772161603e-13,5.684341886080802e-14,9.094947017729282e-13,21,14,none,21,0.0,0.5,14,34,21,19.2964999927831
ridge_fixed_saa_h1,36,2025-02-06,6866.215448412406,6788.449564637863,57023.4696564897,102.2567930427373,57125.72644953244,90030.14215830034,17.51375547619034,5609.172704993156,22302.185723756927,18134.75973164021,2,1,1,6000.0,0.0,58833.79888103667,0.04993360200023744,9.094947017729282e-13,1.1368683772161603e-13,5.684341886080802e-14,8.881784197001252e-13,21,14,none,21,0.0,0.5,15,35,21,19.2964999927831
ridge_fixed_saa_h1,37,2025-02-07,6788.449564637863,6669.634718531158,22729.431595564056,0.0,22729.431595564056,43885.42336154655,0.0,8641.570521868183,18658.455444777574,15220.282271765871,0,0,0,6000.0,0.0,24008.9450909089,0.05228402000011556,9.094947017729282e-13,1.1368683772161603e-13,5.684341886080802e-14,9.094947017729282e-13,21,14,none,21,0.0,0.5,16,36,21,19.2964999927831
ridge_fixed_saa_h1,38,2025-02-08,6669.634718531158,6854.656368562313,21818.941550940694,0.0,21818.941550940694,42165.91699221373,0.0,6869.412509784444,18699.06463544516,14979.72286968254,0,0,0,6000.0,0.0,23084.526450075013,0.052567050000106974,9.094947017729282e-13,1.1368683772161603e-13,5.684341886080802e-14,9.094947017729282e-13,21,14,none,21,0.0,0.5,17,37,21,19.2964999927831
ridge_fixed_saa_h1,39,2025-02-09,6854.656368562313,6481.936506363613,54814.3034737438,0.0,54814.3034737438,86947.26656420602,0.0,3402.4007437892737,22762.619630152203,18773.169776402116,0,0,0,6000.0,0.0,56512.55216021171,0.05501056299999618,9.094947017729282e-13,1.1368683772161603e-13,5.684341886080802e-14,9.094947017729282e-13,21,14,none,21,0.0,0.5,18,38,21,19.2964999927831
ridge_fixed_saa_h1,40,2025-02-10,6481.936506363613,6384.943670010876,55202.97054230241,0.0,55202.97054230241,87727.88114642462,0.0,9678.8785964142,20050.834312603038,16328.469345925925,0,0,0,6000.0,0.0,56921.05533731824,0.05077887000015835,9.094947017729282e-13,1.1368683772161603e-13,1.1368683772161603e-13,9.094947017729282e-13,21,14,none,21,0.0,0.5,19,39,21,19.2964999927831
ridge_fixed_saa_h1,41,2025-02-11,6384.943670010876,6294.816922241326,54252.94626688896,0.0,54252.94626688896,86558.19378770297,0.0,7303.815388604418,21657.343888199095,17623.562622433863,0,0,0,6000.0,0.0,55990.946964774936,0.051958185999865236,0.0,1.1368683772161603e-13,5.684341886080802e-14,9.094947017729282e-13,21,14,none,21,0.0,0.5,20,40,21,19.2964999927831
ridge_fixed_saa_h1,42,2025-02-12,6294.816922241326,6356.908604654321,53518.50977645582,0.0,53518.50977645582,85543.23363183421,0.0,6049.978613255281,21950.71774249428,17724.19885724868,0,0,0,6000.0,0.0,55293.06984375581,0.05302713999981279,9.094947017729282e-13,1.1368683772161603e-13,5.684341886080802e-14,9.094947017729282e-13,21,14,none,21,0.0,0.5,21,41,21,19.2964999927831
ridge_fixed_saa_h1,43,2025-02-13,6356.908604654321,6412.378728838039,53087.83835820519,0.0,53087.83835820519,84765.83766461755,0.0,9632.92748833889,19755.30551498236,15951.874355370368,0,0,0,6000.0,0.0,54842.06438617698,0.053034762000152114,9.094947017729282e-13,1.1368683772161603e-13,1.1368683772161603e-13,9.094947017729282e-13,21,14,none,21,0.0,0.5,22,42,21,19.2964999927831
ridge_fixed_saa_h1,44,2025-02-14,6412.378728838039,6338.899244114048,19393.06249283105,0.0,19393.06249283105,37342.84201718792,0.0,4136.510281220203,18266.639239750788,14862.109320449736,0,0,0,6000.0,0.0,20512.392775722354,0.04884211699982188,9.094947017729282e-13,1.1368683772161603e-13,5.684341886080802e-14,9.094947017729282e-13,21,14,none,21,0.0,0.5,23,43,21,19.2964999927831
ridge_fixed_saa_h1,45,2025-02-15,6338.899244114048,5991.505405702235,18834.721352059278,0.0,18834.721352059278,36276.2313693912,0.0,3909.819939861842,17889.340968947352,14803.020639417991,0,0,0,6000.0,0.0,19875.37238963781,0.04873416600003111,9.094947017729282e-13,1.1368683772161603e-13,5.684341886080802e-14,9.094947017729282e-13,21,14,none,21,0.0,0.5,24,44,21,19.2964999927831
ridge_fixed_saa_h1,46,2025-02-16,5991.505405702235,6115.603742353325,50432.02253843901,66.64677598190313,50498.66931442091,81368.95247734143,14.593175238094886,1473.5907350365765,23267.82797135247,18735.25215380952,2,1,1,6000.0,0.0,52237.66396519555,0.05155378399967958,1.8189894035458565e-12,1.1368683772161603e-13,5.684341886080802e-14,9.094947017729282e-13,21,14,none,21,0.0,0.5,25,45,21,19.2964999927831
ridge_fixed_saa_h1,47,2025-02-17,6115.603742353325,6096.632523955027,50152.5221971194,0.0,50152.5221971194,80990.11741509498,0.0,5931.954777841789,20480.913511289436,16606.614040702905,0,0,0,6000.0,0.0,51841.16943849335,0.049963442999796825,9.094947017729282e-13,1.1368683772161603e-13,1.4210854715202004e-13,9.094947017729282e-13,21,14,none,21,0.0,0.5,26,46,21,19.2964999927831
ridge_fixed_saa_h1,48,2025-02-18,6096.632523955027,6328.814503933861,49598.76810613583,29.091019500000336,49627.859125635834,80260.43454972086,6.394333333333407,3831.6712822770924,21762.137028751713,17418.367211307937,1,1,1,6000.0,0.0,51295.83540176827,0.049732292000044254,9.094947017729282e-13,1.1368683772161603e-13,5.684341886080802e-14,9.094947017729282e-13,21,14,none,21,0.0,0.5,27,47,21,19.2964999927831
ridge_fixed_saa_h1,49,2025-02-19,6328.814503933861,5915.637889714288,49146.8002594804,240.38309087499889,49387.1833503554,79511.8548787465,54.88824999999974,2673.3279821546184,23083.93008450617,19069.842321247615,1,1,1,6000.0,0.0,50685.29025366873,0.049150182000175846,1.8189894035458565e-12,1.1368683772161603e-13,5.684341886080802e-14,9.094947017729282e-13,21,14,none,21,0.0,0.5,28,48,21,19.2964999927831
ridge_fixed_saa_h1,50,2025-02-20,5915.637889714288,6361.493529484127,49333.38705759155,82.2869595885711,49415.67401718012,79930.95488235238,17.5676685714285,4345.831155070555,22148.88203540563,17539.324372885712,1,1,1,6000.0,0.0,50848.74437685113,0.04855270600000949,9.094947017729282e-13,1.1368683772161603e-13,8.526512829121202e-14,8.739675649849232e-13,21,14,none,21,0.0,0.5,29,49,21,19.2964999927831
ridge_fixed_saa_h1,51,2025-02-21,6361.493529484127,6345.320240378305,18324.09401166214,0.0,18324.09401166214,35249.329388148144,0.0,6318.457973977063,17816.65968964727,14446.050308809525,0,0,0,6000.0,0.0,18992.721638878706,0.04295877799995651,9.094947017729282e-13,1.1368683772161603e-13,5.684341886080802e-14,7.958078640513122e-13,21,14,none,21,0.0,0.5,30,50,21,19.2964999927831
ridge_fixed_saa_h1,52,2025-02-22,6345.320240378305,6213.753394738094,17978.815428163238,0.0,17978.815428163238,34629.428500167545,0.0,3524.738825302762,17780.72080319812,14520.794011666669,0,0,0,6000.0,0.0,18658.008933140005,0.04196325600014461,1.8189894035458565e-12,1.1368683772161603e-13,5.684341886080802e-14,9.094947017729282e-13,21,14,none,21,0.0,0.5,31,51,21,19.2964999927831
ridge_fixed_saa_h1,53,2025-02-23,6213.753394738094,6123.40607808995,48088.768781782,84.8705223904763,48173.63930417247,78043.66581484259,18.119240476190498,2310.4666447031163,22635.670064556143,18416.205337273805,1,1,1,6000.0,0.0,49598.73328359856,0.045857841999804805,4.547473508864641e-13,1.1368683772161603e-13,5.684341886080802e-14,9.094947017729282e-13,21,14,none,21,0.0,0.5,32,52,21,19.2964999927831
ridge_fixed_saa_h1,54,2025-02-24,6123.40607808995,6182.370243703704,47808.44714648604,232.8393364053762,48041.28648289142,77846.05558798647,50.71557363095646,5629.88397485303,21109.39905813345,17045.545488035714,3,1,2,6000.0,0.0,49322.079195333645,0.04794695300006424,0.0,1.1368683772161603e-13,1.1368683772161603e-13,9.094947017729282e-13,21,14,none,21,0.0,0.5,33,53,21,19.2964999927831
ridge_fixed_saa_h1,55,2025-02-25,6182.370243703704,6154.871765433866,47556.143877195114,250.73282725595203,47806.87670445107,77350.1054327572,56.10596428571421,7762.280955443847,20249.241256360972,16426.634048095235,2,1,2,6000.0,0.0,49124.7328972073,0.0486709729998438,4.547473508864641e-13,1.1368683772161603e-13,1.1368683772161603e-13,9.094947017729282e-13,21,14,none,21,0.0,0.5,34,54,21,19.2964999927831
ridge_fixed_saa_h1,56,2025-02-26,6154.871765433866,6275.492160941796,46956.040119837664,0.0,46956.040119837664,76439.79547686066,0.0,3401.8421194326866,21655.510358618456,17432.40503452381,0,0,0,6000.0,0.0,48587.157972110006,0.04916540599970176,4.547473508864641e-13,1.1368683772161603e-13,5.684341886080802e-14,9.094947017729282e-13,21,14,none,21,0.0,0.5,35,55,21,19.2964999927831
ridge_fixed_saa_h1,57,2025-02-27,6275.492160941796,6362.278563838627,46463.3668179496,772.2162169359899,47235.58303488559,75730.4544662375,156.7593945214287,4504.999758794824,22881.695470299826,18456.065568335714,3,1,1,6000.0,0.0,48080.60055802007,0.049551996999980474,4.547473508864641e-13,1.1368683772161603e-13,1.1368683772161603e-13,9.094947017729282e-13,21,14,none,21,0.0,0.5,36,56,21,19.2964999927831
ridge_fixed_saa_h1,58,2025-02-28,6362.278563838627,6407.287045957675,17747.66926042521,0.0,17747.66926042521,34246.89324839799,0.0,7644.902200361554,17204.683495417397,13895.285997380954,0,0,0,6000.0,0.0,18450.596548500867,0.04379856200012,9.094947017729282e-13,1.1368683772161603e-13,5.684341886080802e-14,8.348877145181177e-13,21,14,none,21,0.0,0.5,37,57,21,19.2964999927831
ridge_fixed_saa_h1,59,2025-03-01,6407.287045957675,6441.382383917993,17629.52503333459,0.0,17629.52503333459,33939.7283897619,0.0,7145.801090173422,16339.345063636094,13204.183697380951,0,0,0,6000.0,0.0,18298.071327222202,0.04348788700008299,1.8189894035458565e-12,1.1368683772161603e-13,5.684341886080802e-14,8.526512829121202e-13,21,14,none,21,0.0,0.5,38,58,21,19.2964999927831
ridge_fixed_saa_h1,60,2025-03-02,6441.382383917993,6000.039863185185,45881.31781923276,17657.979381903962,63539.297201136724,74789.02783610817,2628.546546645234,1505.5507682333937,20794.341139541444,17240.624591688098,12,1,2,6000.0,0.0,47742.64542319717,0.05069598899990524,9.094947017729282e-13,1.1368683772161603e-13,4.263256414560601e-14,8.881784197001252e-13,21,14,none,21,0.0,0.5,39,59,21,19.2964999927831
ridge_fixed_saa_h1,61,2025-03-03,6000.039863185185,6095.298310648149,46680.69179380918,9527.660196614559,56208.35199042374,76248.00169911487,1565.2035218142892,1265.0766318577275,23396.04922642857,18865.067270690473,12,1,3,6000.0,0.0,49213.43936441391,0.04924400399977458,1.8189894035458565e-12,1.1368683772161603e-13,5.684341886080802e-14,9.094947017729282e-13,21,14,none,21,0.0,0.5,40,60,21,19.2964999927831
ridge_fixed_saa_h1,62,2025-03-04,6095.298310648149,6208.286441997353,47993.47888685832,0.0,47993.47888685832,77944.78610078777,0.0,4516.772617904178,21720.348585978827,17491.79303642857,0,0,0,6000.0,0.0,50625.08958426229,0.04841688600026828,9.094947017729282e-13,1.1368683772161603e-13,1.1368683772161603e-13,9.094947017729282e-13,21,14,none,21,0.0,0.5,41,61,21,19.2964999927831
ridge_fixed_saa_h1,63,2025-03-05,6208.286441997353,6328.446153833334,48628.97667783524,0.0,48628.97667783524,78859.34513803388,0.0,8890.463435499703,19632.978659027045,15794.568973159527,0,0,0,6000.0,0.0,51247.90867357507,0.04999444899976879,9.094947017729282e-13,1.1368683772161603e-13,1.1368683772161603e-13,9.094947017729282e-13,21,14,none,21,0.0,0.5,42,62,21,19.2964999927831
ridge_fixed_saa_h1,64,2025-03-06,6328.446153833334,6343.540347293652,48229.21739929484,0.0,48229.21739929484,78113.17217943122,0.0,8478.38475188418,19371.308000523226,15677.174706309523,0,0,0,6000.0,0.0,50931.282454528904,0.05039810400012357,4.547473508864641e-13,1.1368683772161603e-13,1.1368683772161603e-13,9.094947017729282e-13,21,14,none,21,0.0,0.5,43,63,21,19.2964999927831
ridge_fixed_saa_h1,65,2025-03-07,6343.540347293652,6666.973580071424,17528.956553559772,0.0,17528.956553559772,33744.91436721927,0.0,9553.74788430335,15672.584421487354,12403.703471904762,0,0,0,6000.0,0.0,19086.97402564119,0.0480003160000706,9.094947017729282e-13,1.1368683772161603e-13,5.684341886080802e-14,8.526512829121202e-13,21,14,none,21,0.0,0.5,44,64,21,19.2964999927831
ridge_fixed_saa_h1,66,2025-03-08,6666.973580071424,6618.016557259255,17138.109676708205,0.0,17138.109676708205,32644.229303173805,0.0,10698.613770091124,15402.828089194587,12520.35207277857,0,0,0,6000.0,0.0,18498.7642043604,0.04757857300000978,4.547473508864641e-13,1.1368683772161603e-13,5.684341886080802e-14,9.094947017729282e-13,21,14,none,21,0.0,0.5,45,65,21,19.2964999927831
ridge_fixed_saa_h1,67,2025-03-09,6618.016557259255,6375.823579579364,46825.562225420545,0.0,46825.562225420545,76077.97348914527,0.0,9230.171166784246,19643.426064594358,16129.148792233336,0,0,0,6000.0,0.0,49406.665747715706,0.05211390200020105,9.094947017729282e-13,1.1368683772161603e-13,1.1368683772161603e-13,9.094947017729282e-13,21,14,none,21,0.0,0.5,46,66,21,19.2964999927831
ridge_fixed_saa_h1,68,2025-03-10,6375.823579579364,6382.733277097886,45811.890718858966,0.0,45811.890718858966,74799.28856289753,0.0,2671.631114794237,21470.354054403295,17384.7680563,0,0,0,6000.0,0.0,48362.08091134445,0.051679164999768545,9.094947017729282e-13,1.1368683772161603e-13,5.684341886080802e-14,9.094947017729282e-13,21,14,none,21,0.0,0.5,47,67,21,19.2964999927831
ridge_fixed_saa_h1,69,2025-03-11,6382.733277097886,6560.6459241375715,45541.734568739615,0.0,45541.734568739615,74720.6502777841,0.0,6749.794556166965,20377.976522533798,16346.039600916663,0,0,0,6000.0,0.0,48142.32978902657,0.052449858999807475,9.094947017729282e-13,1.1368683772161603e-13,5.684341886080802e-14,9.094947017729282e-13,21,14,none,21,0.0,0.5,48,68,21,19.2964999927831
ridge_fixed_saa_h1,70,2025-03-12,6560.6459241375715,6352.286855407403,44981.565558659626,0.0,44981.565558659626,73728.72084705172,0.0,7704.542710934742,19874.56112968841,16285.917676904763,0,0,0,6000.0,0.0,47598.548152194344,0.05485587700013639,1.8189894035458565e-12,1.1368683772161603e-13,1.1368683772161603e-13,9.094947017729282e-13,21,14,none,21,0.0,0.5,49,69,21,19.2964999927831
ridge_fixed_saa_h1,71,2025-03-13,6352.286855407403,6193.051103129628,44350.75969152937,545.2107484178497,44895.97043994722,72744.7232251117,79.14805904761795,1278.143143838911,21807.485793177548,17807.37566952381,2,1,1,6000.0,0.0,46939.21253746009,0.05248974100004489,4.547473508864641e-13,1.1368683772161603e-13,1.1368683772161603e-13,9.094947017729282e-13,21,14,none,21,0.0,0.5,50,70,21,19.2964999927831
ridge_fixed_saa_h1,72,2025-03-14,6193.051103129628,6678.134425060846,16578.823140765395,0.0,16578.823140765395,31849.04111242143,0.0,12355.988151240446,15931.852568997645,12468.225591149998,0,0,0,6000.0,0.0,17397.093967545727,0.04436131700003898,4.547473508864641e-13,1.1368683772161603e-13,5.684341886080802e-14,8.455458555545192e-13,21,14,none,21,0.0,0.5,51,71,21,19.2964999927831
ridge_fixed_saa_h1,73,2025-03-15,6678.134425060846,6179.418319089949,16236.742544560504,0.0,16236.742544560504,31024.380357921425,0.0,7469.708535070545,16207.32193802469,13576.775265173808,0,0,0,6000.0,0.0,16924.570434923848,0.044031017999714095,9.094947017729282e-13,1.1368683772161603e-13,5.684341886080802e-14,8.810729923425242e-13,21,14,none,21,0.0,0.5,52,72,21,19.2964999927831
ridge_fixed_saa_h1,74,2025-03-16,6179.418319089949,6687.0125507142875,44258.7431095975,7.461180000000455,44266.204289597496,72815.38610592592,1.6400000000001,5069.736914124047,20733.723421087587,16337.481162619046,1,1,1,6000.0,0.0,46566.93345691958,0.051899521999985154,2.2737367544323206e-13,1.1368683772161603e-13,1.1368683772161603e-13,9.094947017729282e-13,21,14,none,21,0.0,0.5,53,73,21,19.2964999927831
ridge_fixed_saa_h1,75,2025-03-17,6687.0125507142875,6622.701012312172,43865.40168889475,0.0,43865.40168889475,72206.34974995296,0.0,10891.961310684896,18495.45994998236,15039.20294404762,0,0,0,6000.0,0.0,46217.54339168383,0.0515568819996588,9.094947017729282e-13,1.1368683772161603e-13,1.1368683772161603e-13,9.094947017729282e-13,21,14,none,21,0.0,0.5,54,74,21,19.2964999927831
ridge_fixed_saa_h1,76,2025-03-18,6622.701012312172,6551.302941703702,42758.043195679784,468.5760981404554,43226.61929382024,70658.95526244855,97.25959159047295,5651.370788665489,21279.705064497353,17300.819365790478,4,1,1,6000.0,0.0,45146.550509252855,0.05062895999981265,9.094947017729282e-13,1.1368683772161603e-13,1.1368683772161603e-13,9.094947017729282e-13,21,14,none,21,0.0,0.5,55,75,21,19.2964999927831
ridge_fixed_saa_h1,77,2025-03-19,6551.302941703702,6670.767096047621,42845.37350268527,0.0,42845.37350268527,70684.858780097,0.0,7164.790192078194,20774.107363733096,16719.509225714286,0,0,0,6000.0,0.0,45234.719443479094,0.05182544599983885,9.094947017729282e-13,1.1368683772161603e-13,1.1368683772161603e-13,9.094947017729282e-13,21,14,none,21,0.0,0.5,56,76,21,19.2964999927831
ridge_fixed_saa_h1,78,2025-03-20,6670.767096047621,6338.68092539418,42464.91654883274,0.0,42464.91654883274,69852.264906117,0.0,4057.906528012936,20443.54797381833,16858.15141238095,0,0,0,6000.0,0.0,44829.788132727466,0.051842512999883184,9.094947017729282e-13,1.1368683772161603e-13,5.684341886080802e-14,9.094947017729282e-13,21,14,none,21,0.0,0.5,57,77,21,19.2964999927831
ridge_fixed_saa_h1,79,2025-03-21,6338.68092539418,6411.9413788597885,15790.628495789431,0.0,15790.628495789431,30470.14772666904,0.0,15294.418132495586,16191.214049409173,13048.948971902382,0,0,0,6000.0,0.0,16512.67445250415,0.04221482200000537,9.094947017729282e-13,1.1368683772161603e-13,5.684341886080802e-14,8.810729923425242e-13,21,14,none,21,0.0,0.5,58,78,21,19.2964999927831
ridge_fixed_saa_h1,80,2025-03-22,6411.9413788597885,6860.1683546163995,15873.258934620066,0.0,15873.258934620066,30531.96902212142,0.0,11143.660326604933,16335.287810537919,12828.178848354763,0,0,0,6000.0,0.0,16580.36036224344,0.03997587699996075,9.094947017729282e-13,1.1368683772161603e-13,5.684341886080802e-14,9.094947017729282e-13,21,14,none,21,0.0,0.5,59,79,21,19.2964999927831
ridge_fixed_saa_h1,81,2025-03-23,6860.1683546163995,6404.101536526455,40494.973305785985,0.0,40494.973305785985,66826.65283539976,0.0,4559.004344858905,20570.46584292181,17072.537469047616,0,0,0,6000.0,0.0,42820.912106639305,0.049363412000275275,9.094947017729282e-13,1.1368683772161603e-13,5.684341886080802e-14,9.094947017729282e-13,21,14,none,21,0.0,0.5,60,80,21,19.2964999927831
ridge_fixed_saa_h1,82,2025-03-24,6404.101536526455,6618.046066563495,40277.39030160659,0.0,40277.39030160659,66631.40236521751,0.0,4419.007575129337,21164.98752485009,16951.08981809523,0,0,0,6000.0,0.0,42279.03457824754,0.04939066399992953,2.2737367544323206e-13,1.1368683772161603e-13,5.684341886080802e-14,9.094947017729282e-13,21,14,none,21,0.0,0.5,61,81,21,19.2964999927831
ridge_fixed_saa_h1,83,2025-03-25,6618.046066563495,6190.457806555557,39868.161536533386,0.0,39868.161536533386,66035.76515952086,0.0,1454.256054867726,21137.967484176952,17506.583096190476,0,0,0,6000.0,0.0,41818.260460282014,0.047595574999832024,9.094947017729282e-13,1.1368683772161603e-13,5.684341886080802e-14,9.094947017729282e-13,21,14,none,21,0.0,0.5,62,82,21,19.2964999927831
ridge_fixed_saa_h1,84,2025-03-26,6190.457806555557,6368.477147558202,40327.841059578255,0.0,40327.841059578255,67022.01797143444,0.0,7441.1732323809565,20147.749818339205,16159.45994595238,0,0,0,6000.0,0.0,42265.11709857839,0.1290226139999504,9.094947017729282e-13,1.1368683772161603e-13,1.1368683772161603e-13,9.094947017729282e-13,21,14,none,21,0.0,0.5,63,83,21,19.2964999927831
ridge_fixed_saa_h1,85,2025-03-27,6368.477147558202,6371.806740111113,39940.70297911424,0.0,39940.70297911424,66209.60189825397,0.0,3566.2230496502116,20649.435870032325,16723.046421428568,0,0,0,6000.0,0.0,41852.33762769827,0.04901406399994812,4.547473508864641e-13,1.1368683772161603e-13,5.684341886080802e-14,9.094947017729282e-13,21,14,none,21,0.0,0.5,64,84,21,19.2964999927831
ridge_fixed_saa_h1,86,2025-03-28,6371.806740111113,6532.987218087301,15232.467380854792,0.0,15232.467380854792,29766.24055747142,0.0,15731.515261866547,16146.221572419165,12933.377043480954,0,0,0,6000.0,0.0,15941.689500135935,0.040882338999836065,1.8189894035458565e-12,1.1368683772161603e-13,5.684341886080802e-14,6.821210263296962e-13,21,14,none,21,0.0,0.5,65,85,21,19.2964999927831
ridge_fixed_saa_h1,87,2025-03-29,6532.987218087301,6583.82007820106,15235.474674405748,0.0,15235.474674405748,29816.238326816663,0.0,19041.520728727213,15903.993898177543,12836.485483421431,0,0,0,6000.0,0.0,15967.984041985328,0.03985364100026345,2.2737367544323206e-13,1.1368683772161603e-13,5.684341886080802e-14,7.958078640513122e-13,21,14,none,21,0.0,0.5,66,86,21,19.2964999927831
ridge_fixed_saa_h1,88,2025-03-30,6583.82007820106,6516.129929248678,38583.30664755826,0.0,38583.30664755826,64080.68027495002,0.0,4910.79101878895,20448.372053780127,16624.102497619046,0,0,0,6000.0,0.0,40398.723132291845,0.04939557399984551,9.094947017729282e-13,1.1368683772161603e-13,1.1368683772161603e-13,9.094947017729282e-13,21,14,none,21,0.0,0.5,67,87,21,19.2964999927831
ridge_fixed_saa_h1,89,2025-03-31,6516.129929248678,6366.930540986773,38181.02290185204,0.0,38181.02290185204,63522.140357624914,0.0,2985.8665601381476,19574.546124153443,15989.661809999996,0,0,0,6000.0,0.0,40064.94490997703,0.05185186499966221,9.094947017729282e-13,1.1368683772161603e-13,5.684341886080802e-14,9.094947017729282e-13,21,14,none,21,0.0,0.5,68,88,21,19.2964999927831
ridge_fixed_saa_h1,90,2025-04-01,6366.930540986773,6166.394644514812,36839.30978042357,15467.72806475736,52307.03784518094,61425.23438467663,2285.214544631919,170.3150181666656,18482.972112105217,15151.689717629992,8,1,1,6000.0,0.0,38596.82792829485,0.04941635500017583,0.0,1.1368683772161603e-13,5.684341886080802e-14,9.094947017729282e-13,21,14,none,21,0.0,0.5,69,89,21,19.2964999927831
ridge_fixed_saa_h1,91,2025-04-02,6166.394644514812,6188.630531617988,37271.7167212016,12163.546181194719,49435.262902396316,62494.73844263521,2357.3049833764353,404.2071666534375,21013.097689291295,17000.59682993309,14,1,1,6000.0,0.0,39292.25925516873,0.047213244999966264,9.094947017729282e-13,1.1368683772161603e-13,5.684341886080802e-14,9.094947017729282e-13,21,14,none,21,0.0,0.5,70,90,21,19.2964999927831
ridge_fixed_saa_h1,92,2025-04-03,6188.630531617988,6483.84849204021,39225.280310312584,1606.3312142448347,40831.61152455742,65872.12639147705,314.98032776190615,5984.55177801969,21438.571106171665,17099.54643161905,4,1,1,6000.0,0.0,41808.74309686752,0.04745419499977288,2.2737367544323206e-13,1.1368683772161603e-13,1.1368683772161603e-13,8.988365607365267e-13,21,14,none,21,0.0,0.5,71,91,21,19.2964999927831
ridge_fixed_saa_h1,93,2025-04-04,6483.84849204021,6469.974064186237,14326.514786227339,0.0,14326.514786227339,28179.24620509237,0.0,18657.419574670483,16334.270344686654,13243.245964264766,0,0,0,6000.0,0.0,15012.696089228642,0.04049149200000102,9.094947017729282e-13,1.1368683772161603e-13,5.684341886080802e-14,9.094947017729282e-13,21,14,none,21,0.0,0.5,72,92,21,19.2964999927831
ridge_fixed_saa_h1,94,2025-04-05,6469.974064186237,6533.256973019309,15009.63901701698,0.0,15009.63901701698,29427.490710732374,0.0,14361.321536930333,15605.787223783951,12583.733033315237,0,0,0,6000.0,0.0,15656.89854036876,0.038219673999719816,9.094947017729282e-13,1.1368683772161603e-13,5.684341886080802e-14,6.821210263296962e-13,21,14,none,21,0.0,0.5,73,93,21,19.2964999927831
ridge_fixed_saa_h1,95,2025-04-06,6533.256973019309,6525.571046895768,37919.31195718658,0.0,37919.31195718658,63455.60025009522,0.0,5186.5027232457205,20347.045229968557,16488.023969785718,0,0,0,6000.0,0.0,40357.82306252513,0.04635946500002319,9.094947017729282e-13,1.1368683772161603e-13,1.1368683772161603e-13,9.094947017729282e-13,21,14,none,21,0.0,0.5,74,94,21,19.2964999927831
ridge_fixed_saa_h1,96,2025-04-07,6525.571046895768,6479.372644942064,37131.764647162265,0.0,37131.764647162265,62279.00211939828,0.0,5318.773695281591,19784.672118640505,16067.162977857144,0,0,0,6000.0,0.0,39427.82314147477,0.04578906500000812,4.547473508864641e-13,1.1368683772161603e-13,5.684341886080802e-14,8.881784197001252e-13,21,14,none,21,0.0,0.5,75,95,21,19.2964999927831
ridge_fixed_saa_h1,97,2025-04-08,6479.372644942064,6016.336871627777,37266.99367065543,1909.4974772654941,39176.491147920926,62715.421749072884,316.46423512523825,5120.108892872429,20922.714056009987,17364.130581350953,9,1,4,6000.0,0.0,39403.317598563044,0.04785273400011647,4.547473508864641e-13,1.1368683772161603e-13,5.684341886080802e-14,9.094947017729282e-13,21,14,none,21,0.0,0.5,76,96,21,19.2964999927831
ridge_fixed_saa_h1,98,2025-04-09,6016.336871627777,6080.703559790739,37015.64381292376,7774.576051842747,44790.219864766506,62374.960707505874,1146.5147720276211,436.61693647678317,20487.460563386237,16536.91303699619,6,1,1,6000.0,0.0,39095.53274252325,0.047800891999941086,4.547473508864641e-13,1.1368683772161603e-13,5.684341886080802e-14,8.988365607365267e-13,21,14,none,21,0.0,0.5,77,97,21,19.2964999927831
ridge_fixed_saa_h1,99,2025-04-10,6080.703559790739,6502.471680918521,38479.31139840949,0.0,38479.31139840949,64695.06819314921,0.0,5833.163070149509,21166.715336761605,16765.448113761908,0,0,0,6000.0,0.0,40711.99897690727,0.04670636099990588,4.547473508864641e-13,1.1368683772161603e-13,5.684341886080802e-14,9.094947017729282e-13,21,14,none,21,0.0,0.5,78,98,21,19.2964999927831
ridge_fixed_saa_h1,100,2025-04-11,6502.471680918521,6321.542663229361,14152.17850652978,0.0,14152.17850652978,28062.942307506655,0.0,19889.11365226308,15894.813707879775,13037.635219302862,0,0,0,6000.0,0.0,14859.924082973983,0.038605960000040795,4.547473508864641e-13,1.1368683772161603e-13,5.684341886080802e-14,9.094947017729282e-13,21,14,none,21,0.0,0.5,79,99,21,19.2964999927831
ridge_fixed_saa_h1,101,2025-04-12,6321.542663229361,6850.648539042858,14929.682694059435,0.0,14929.682694059435,29422.059671926905,0.0,17023.548103324516,15248.188054580245,11874.837035977853,0,0,0,6000.0,0.0,15656.835738268843,0.039624605999961204,9.094947017729282e-13,1.1368683772161603e-13,5.684341886080802e-14,7.389644451905042e-13,21,14,none,21,0.0,0.5,80,100,21,19.2964999927831
ridge_fixed_saa_h1,102,2025-04-13,6850.648539042858,6686.120434611113,37411.10380192996,0.0,37411.10380192996,62960.35525162814,0.0,5012.762811595534,20101.62763519929,16430.393678500004,0,0,0,6000.0,0.0,39438.45160945266,0.04747313899997607,4.547473508864641e-13,1.1368683772161603e-13,5.684341886080802e-14,9.094947017729282e-13,21,14,none,21,0.0,0.5,81,101,21,19.2964999927831
ridge_fixed_saa_h1,103,2025-04-14,6686.120434611113,6176.729836610317,36662.47279764626,0.0,36662.47279764626,61803.95531158817,0.0,6002.555943919163,19641.153188788063,16367.785621119048,0,0,0,6000.0,0.0,38720.46146738684,0.04798188199993092,9.094947017729282e-13,1.1368683772161603e-13,5.684341886080802e-14,9.094947017729282e-13,21,14,none,21,0.0,0.5,82,102,21,19.2964999927831
ridge_fixed_saa_h1,104,2025-04-15,6176.729836610317,6433.633563604233,37123.69137245526,0.0,37123.69137245526,62668.48357113756,0.0,8658.416349088768,19154.86860221546,15284.230213499997,0,0,0,6000.0,0.0,39208.536875531805,0.0475130969998645,1.8189894035458565e-12,1.1368683772161603e-13,1.1368683772161603e-13,9.094947017729282e-13,21,14,none,21,0.0,0.5,83,103,21,19.2964999927831
ridge_fixed_saa_h1,105,2025-04-16,6433.633563604233,6191.474969275132,35882.18353527255,0.0,35882.18353527255,60505.8177489659,0.0,1178.0815031834077,19821.510687782487,16273.366392,0,0,0,6000.0,0.0,37970.394362457715,0.047482700000273326,9.094947017729282e-13,1.1368683772161603e-13,5.684341886080802e-14,9.094947017729282e-13,21,14,none,21,0.0,0.5,84,104,21,19.2964999927831
ridge_fixed_saa_h1,106,2025-04-17,6191.474969275132,6665.654512546294,37152.54730576175,0.0,37152.54730576175,62650.088536337746,0.0,5553.04026873134,20010.233308749263,15781.527391142858,0,0,0,6000.0,0.0,38983.67451685597,0.049394922999908886,9.094947017729282e-13,1.1368683772161603e-13,5.684341886080802e-14,9.094947017729282e-13,21,14,none,21,0.0,0.5,85,105,21,19.2964999927831
ridge_fixed_saa_h1,107,2025-04-18,6665.654512546294,6692.9761685164,13740.71337124025,0.0,13740.71337124025,27444.37622777976,0.0,18039.437830983537,15927.535384683128,12876.714171220236,0,0,0,6000.0,0.0,14408.59881959496,0.04124630500018611,9.094947017729282e-13,1.1368683772161603e-13,5.684341886080802e-14,9.094947017729282e-13,21,14,none,21,0.0,0.5,86,106,21,19.2964999927831
ridge_fixed_saa_h1,108,2025-04-19,6692.9761685164,6882.868536437034,14195.649398978336,0.0,14195.649398978336,28206.387223335238,0.0,18254.649178218104,15769.240336781895,12602.181541664759,0,0,0,6000.0,0.0,14862.988032240795,0.04170831500005079,4.547473508864641e-13,1.1368683772161603e-13,5.684341886080802e-14,7.958078640513122e-13,21,14,none,21,0.0,0.5,87,107,21,19.2964999927831
ridge_fixed_saa_h1,109,2025-04-20,6882.868536437034,6886.54824505,36479.07718862681,0.0,36479.07718862681,61423.681517858604,0.0,5728.256926868901,19654.568262656376,15916.888555000001,0,0,0,6000.0,0.0,38261.249013592205,0.050980830999833415,2.2737367544323206e-13,1.1368683772161603e-13,1.1368683772161603e-13,9.094947017729282e-13,21,14,none,21,0.0,0.5,88,108,21,19.2964999927831
ridge_fixed_saa_h1,110,2025-04-21,6886.54824505,6146.025338453706,35658.16473841677,0.0,35658.16473841677,60272.195566273374,0.0,9009.742274577906,17957.965917362133,15212.423008999998,0,0,0,6000.0,0.0,37383.17252242824,0.052277503999903274,9.094947017729282e-13,1.1368683772161603e-13,1.1368683772161603e-13,9.094947017729282e-13,21,14,none,21,0.0,0.5,89,109,21,19.2964999927831
ridge_fixed_saa_h1,111,2025-04-22,6146.025338453706,6433.218208770373,35989.07501231636,0.0,35989.07501231636,60722.45062909052,0.0,4631.299003868309,19367.098554055552,15428.8762455,0,0,0,6000.0,0.0,37730.31639321904,0.05125695700007782,9.094947017729282e-13,1.1368683772161603e-13,5.684341886080802e-14,9.094947017729282e-13,21,14,none,21,0.0,0.5,90,110,21,19.2964999927831
ridge_fixed_saa_h1,112,2025-04-23,6433.218208770373,6483.821843503704,35136.00361300335,0.0,35136.00361300335,59435.596629800406,0.0,4452.80048263581,18617.55873283127,15034.679302333332,0,0,0,6000.0,0.0,36710.63110035727,0.049560233000192966,0.0,1.1368683772161603e-13,5.684341886080802e-14,7.958078640513122e-13,21,14,none,21,0.0,0.5,91,111,21,19.2964999927831
ridge_fixed_saa_h1,113,2025-04-24,6483.821843503704,6585.839462546298,35421.93111577345,0.0,35421.93111577345,59721.20293172839,0.0,9064.187871425933,18289.96054296913,14723.052182666666,0,0,0,6000.0,0.0,36954.61993590064,0.0469418420002512,4.547473508864641e-13,1.1368683772161603e-13,5.684341886080802e-14,9.094947017729282e-13,21,14,none,21,0.0,0.5,92,112,21,19.2964999927831
ridge_fixed_saa_h1,114,2025-04-25,6585.839462546298,6366.7350785407425,13068.824285567554,0.0,13068.824285567554,26554.39990670833,0.0,21799.66142479424,15534.604092205755,12780.223260291667,0,0,0,6000.0,0.0,13660.789887485838,0.039238962000126776,2.2737367544323206e-13,1.1368683772161603e-13,5.684341886080802e-14,8.526512829121202e-13,21,14,none,21,0.0,0.5,93,113,21,19.2964999927831
ridge_fixed_saa_h1,115,2025-04-26,6366.7350785407425,6654.9588877907445,13606.418934100271,0.0,13606.418934100271,27510.378617479997,0.0,24249.777090808646,15426.34981585802,12235.94192252,0,0,0,6000.0,0.0,14200.581364201302,0.03928107999990971,9.094947017729282e-13,1.1368683772161603e-13,5.684341886080802e-14,9.094947017729282e-13,21,14,none,21,0.0,0.5,94,114,21,19.2964999927831
ridge_fixed_saa_h1,116,2025-04-27,6654.9588877907445,6321.514978311111,34067.064100252086,1584.879409871247,35651.94351012333,57463.46316807305,227.19028237833243,5727.345446973244,19420.717571981484,16030.88075183667,1,1,1,6000.0,0.0,35498.01850290746,0.04783054599965908,1.8189894035458565e-12,1.1368683772161603e-13,1.1368683772161603e-13,8.810729923425242e-13,21,14,none,21,0.0,0.5,95,115,21,19.2964999927831
ridge_fixed_saa_h1,117,2025-04-28,6321.514978311111,6238.577860050001,33708.00914182262,23340.1066872078,57048.11582903042,56689.53398556172,3461.648763103337,471.93093722222113,16483.83105900617,13426.546564229997,12,1,1,6000.0,0.0,35228.70146949456,0.0495731469995917,9.094947017729282e-13,1.1368683772161603e-13,5.684341886080802e-14,9.094947017729282e-13,21,14,none,21,0.0,0.5,96,116,21,19.2964999927831
ridge_fixed_saa_h1,118,2025-04-29,6238.577860050001,6439.153740222226,35412.49859422261,0.0,35412.49859422261,59791.55331887242,0.0,8818.462327123463,17680.836752248964,14140.959477166667,0,0,0,6000.0,0.0,37500.865721886534,0.04848301000038191,0.0,1.1368683772161603e-13,1.1368683772161603e-13,9.094947017729282e-13,21,14,none,21,0.0,0.5,97,117,21,19.2964999927831
ridge_fixed_saa_h1,119,2025-04-30,6439.153740222226,6158.432370277779,35297.05316533161,0.0,35297.05316533161,59802.39916917078,0.0,8477.425045310703,17477.731176193403,14409.611485666666,0,0,0,6000.0,0.0,37407.75661755066,0.04946244900020247,9.094947017729282e-13,1.1368683772161603e-13,5.684341886080802e-14,9.094947017729282e-13,21,14,none,21,0.0,0.5,98,118,21,19.2964999927831
ridge_fixed_saa_h1,120,2025-05-01,6158.432370277779,5539.067651501851,35883.96183197882,9431.126226144333,45315.088058123154,60613.350294475305,1450.1928711666665,8043.876575991772,18766.9265081502,15758.6387185,10,1,1,6000.0,0.0,38055.50087631316,0.048064930999771605,1.8189894035458565e-12,1.1368683772161603e-13,1.1368683772161603e-13,9.094947017729282e-13,21,14,none,21,0.0,0.5,99,119,21,19.2964999927831
ridge_fixed_saa_h1,121,2025-05-02,5539.067651501851,5632.314192974073,14081.369372881174,9348.969912222183,23430.339285103357,28292.483936481665,1492.3508903399984,12399.49000659465,15847.909734572013,12752.884997678335,10,1,2,6000.0,0.0,15187.618521911094,0.038663652000195725,1.8189894035458565e-12,1.1368683772161603e-13,5.684341886080802e-14,9.094947017729282e-13,21,14,none,21,0.0,0.5,100,120,21,19.2964999927831
ridge_fixed_saa_h1,122,2025-05-03,5632.314192974073,5985.1826304,14840.556449686144,3950.5309520317373,18791.087401717883,29431.00624049,707.3052259999981,18003.13563261552,15528.539948374484,12260.535764499999,8,1,1,6000.0,0.0,16175.52099196469,0.038767323000229226,9.094947017729282e-13,1.1368683772161603e-13,5.684341886080802e-14,8.526512829121202e-13,21,14,none,21,0.0,0.5,101,121,21,19.2964999927831
ridge_fixed_saa_h1,123,2025-05-04,5985.1826304,5929.766124020369,37636.92455176638,2465.196458859744,40102.12101062613,63141.70665995061,410.3316403333324,8600.493381592587,17193.43390052469,13976.556315166668,8,1,1,6000.0,0.0,40584.671903529896,0.046455067000351846,9.094947017729282e-13,1.1368683772161603e-13,5.684341886080802e-14,9.094947017729282e-13,21,14,none,21,0.0,0.5,102,122,21,19.2964999927831
ridge_fixed_saa_h1,124,2025-05-05,5929.766124020369,6049.266864314815,38300.7948426309,2531.9594098973544,40832.754252528255,64244.657832761324,363.2698364866651,5526.136395841568,20517.020037586422,16511.235564180002,2,1,1,6000.0,0.0,41067.87261928846,0.04590741300035006,9.094947017729282e-13,1.1368683772161603e-13,5.684341886080802e-14,9.094947017729282e-13,21,14,none,21,0.0,0.5,103,123,21,19.2964999927831
ridge_fixed_saa_h1,125,2025-05-06,6049.266864314815,5835.826601064814,37707.43196728935,246.98444505204316,37954.416412341394,62789.864593405335,44.84813860000161,6382.409613674892,19864.826255730448,16282.605504066665,3,1,2,6000.0,0.0,40468.52149225129,0.045369352999841794,1.8189894035458565e-12,1.1368683772161603e-13,5.684341886080802e-14,8.810729923425242e-13,21,14,none,21,0.0,0.5,104,124,21,19.2964999927831
ridge_fixed_saa_h1,126,2025-05-07,5835.826601064814,6187.299198799999,38303.1993544507,4434.397767735095,42737.59712218579,64152.97005001029,643.0328204941699,5627.083913148152,19919.724575761313,15818.651568405003,2,1,1,6000.0,0.0,40987.50869359513,0.04539716499994029,0.0,1.1368683772161603e-13,1.1368683772161603e-13,9.094947017729282e-13,21,14,none,21,0.0,0.5,105,125,21,19.2964999927831
ridge_fixed_saa_h1,127,2025-05-08,6187.299198799999,6348.191925955558,38817.94141731492,243.2289326250005,39061.17034993992,63857.301832144025,35.999250000000075,4278.774932635801,19174.791026674888,15386.777277166664,1,1,1,6000.0,0.0,41496.391747577734,0.04480016700017586,2.2737367544323206e-13,1.1368683772161603e-13,5.684341886080802e-14,9.094947017729282e-13,21,14,none,21,0.0,0.5,106,126,21,19.2964999927831
ridge_fixed_saa_h1,128,2025-05-09,6348.191925955558,6753.957044896295,15722.383755935327,0.0,15722.383755935327,29657.36558947333,0.0,17734.49581500412,16096.291144329209,12672.807219860002,0,0,0,6000.0,0.0,17020.435775871912,0.03991187000019636,9.094947017729282e-13,1.1368683772161603e-13,5.684341886080802e-14,7.958078640513122e-13,21,14,none,21,0.0,0.5,107,127,21,19.2964999927831
ridge_fixed_saa_h1,129,2025-05-10,6753.957044896295,6705.178653000004,16030.51417050948,0.0,16030.51417050948,30032.158138093335,0.0,15007.17648813786,15514.931154362139,12610.994787739995,0,0,0,6000.0,0.0,17262.502823090577,0.03926028800015047,9.094947017729282e-13,1.1368683772161603e-13,5.684341886080802e-14,8.322231792590173e-13,21,14,none,21,0.0,0.5,108,128,21,19.2964999927831
ridge_fixed_saa_h1,130,2025-05-11,6705.178653000004,6458.487200512962,39293.72859425434,277.36103945833383,39571.089633712676,65115.99222038683,41.18071666666674,6442.26843304115,18172.882778512343,14942.057357833335,2,1,1,6000.0,0.0,41835.560914005015,0.047323052999672655,2.2737367544323206e-13,1.1368683772161603e-13,5.684341886080802e-14,9.094947017729282e-13,21,14,none,21,0.0,0.5,109,129,21,19.2964999927831
ridge_fixed_saa_h1,131,2025-05-12,6458.487200512962,6896.153746416667,39773.754030932076,0.0,39773.754030932076,65987.3620421646,0.0,10515.66191483333,16561.078961497948,13020.5740675,0,0,0,6000.0,0.0,42293.299247803196,0.047160554000129196,0.0,1.1368683772161603e-13,5.684341886080802e-14,8.846257060213247e-13,21,14,none,21,0.0,0.5,110,130,21,19.2964999927831
ridge_fixed_saa_h1,132,2025-05-13,6896.153746416667,6643.708136092593,39049.298092313584,0.0,39049.298092313584,64574.359528092595,0.0,8264.783973909474,17934.546509516455,14754.183722,0,0,0,6000.0,0.0,41457.42725154142,0.04730107000023054,0.0,1.1368683772161603e-13,5.684341886080802e-14,9.094947017729282e-13,21,14,none,21,0.0,0.5,111,131,21,19.2964999927831
ridge_fixed_saa_h1,133,2025-05-14,6643.708136092593,6790.208308525926,39410.995286127305,0.0,39410.995286127305,65295.878218,0.0,8757.759070485605,17853.264257847728,14329.293893666663,0,0,0,6000.0,0.0,41837.312303888895,0.047242926999842894,0.0,1.1368683772161603e-13,5.684341886080802e-14,8.846257060213247e-13,21,14,none,21,0.0,0.5,112,132,21,19.2964999927831
ridge_fixed_saa_h1,134,2025-05-15,6790.208308525926,7328.198762105555,39239.91259554679,0.0,39239.91259554679,64433.128053798355,0.0,7679.542228693419,18443.874387104937,14455.346845333332,0,0,0,6000.0,0.0,41753.69675183498,0.047998515000017505,2.2737367544323206e-13,1.1368683772161603e-13,1.1368683772161603e-13,9.094947017729282e-13,21,14,none,21,0.0,0.5,113,133,21,19.2964999927831
ridge_fixed_saa_h1,135,2025-05-16,7328.198762105555,6753.9470927055545,15319.918324071892,0.0,15319.918324071892,28485.22019693833,0.0,23395.171264977365,15217.731058355967,12843.188659728334,0,0,0,6000.0,0.0,16467.223767602984,0.03999385599991001,9.094947017729282e-13,1.1368683772161603e-13,5.684341886080802e-14,9.094947017729282e-13,21,14,none,21,0.0,0.5,114,134,21,19.2964999927831
ridge_fixed_saa_h1,136,2025-05-17,6753.9470927055545,6905.350067351855,16096.163893789426,0.0,16096.163893789426,29977.157860064995,0.0,16423.416875773662,15624.627493559668,12519.685592601663,0,0,0,6000.0,0.0,17252.490780750497,0.040016519999880984,9.094947017729282e-13,1.1368683772161603e-13,5.684341886080802e-14,9.094947017729282e-13,21,14,none,21,0.0,0.5,115,135,21,19.2964999927831
ridge_fixed_saa_h1,137,2025-05-18,6905.350067351855,7154.901434462963,39362.2004187215,35.318698333333415,39397.519117054835,64814.72628660286,5.236666666666679,7468.921924956792,18159.351041646085,14484.47811333333,1,1,1,6000.0,0.0,41698.08904423816,0.0489203910001379,0.0,1.1368683772161603e-13,5.684341886080802e-14,9.094947017729282e-13,21,14,none,21,0.0,0.5,116,136,21,19.2964999927831
ridge_fixed_saa_h1,138,2025-05-19,7154.901434462963,6833.82275926111,39017.118560038085,451.90398166666745,39469.022541704755,64401.93887531069,67.00333333333344,14072.77248638066,16683.81042076337,13802.8572485,1,1,1,6000.0,0.0,41288.65752093883,0.049715335999735544,0.0,1.1368683772161603e-13,1.1368683772161603e-13,8.988365607365267e-13,21,14,none,21,0.0,0.5,117,137,21,19.2964999927831
ridge_fixed_saa_h1,139,2025-05-20,6833.82275926111,6758.110337935183,38524.17361540549,0.0,38524.17361540549,63549.32778033127,0.0,5771.455277265433,17466.41508206584,14215.937395666668,0,0,0,6000.0,0.0,40750.18342438434,0.04978824399995574,2.2737367544323206e-13,1.1368683772161603e-13,5.684341886080802e-14,9.094947017729282e-13,21,14,none,21,0.0,0.5,118,138,21,19.2964999927831
ridge_fixed_saa_h1,140,2025-05-21,6758.110337935183,6962.581534155556,38862.9621998411,0.0,38862.9621998411,64163.88084283539,0.0,9430.59781009877,16771.808804236618,13401.141054833332,0,0,0,6000.0,0.0,41066.170586742235,0.04970698099987203,2.2737367544323206e-13,1.1368683772161603e-13,1.1368683772161603e-13,9.094947017729282e-13,21,14,none,21,0.0,0.5,119,139,21,19.2964999927831
ridge_fixed_saa_h1,141,2025-05-22,6962.581534155556,7705.374589742591,38798.44122556738,0.0,38798.44122556738,63361.56459614608,0.0,8546.070856586419,17528.153541392996,13529.290618500003,0,0,0,6000.0,0.0,40949.41371684318,0.04912875400032135,2.2737367544323206e-13,1.1368683772161603e-13,1.1368683772161603e-13,9.094947017729282e-13,21,14,none,21,0.0,0.5,120,140,21,19.2964999927831
ridge_fixed_saa_h1,142,2025-05-23,7705.374589742591,7323.502245744444,14960.562150417867,0.0,14960.562150417867,27617.282032565,0.0,18396.8327834465,16543.08144938683,13743.581083601664,0,0,0,6000.0,0.0,16094.357364799349,0.04222636299982696,1.8189894035458565e-12,1.1368683772161603e-13,5.684341886080802e-14,7.958078640513122e-13,21,14,none,21,0.0,0.5,121,141,21,19.2964999927831
ridge_fixed_saa_h1,143,2025-05-24,7323.502245744444,7509.171505890741,15749.599364676675,0.0,15749.599364676675,28973.83309133,0.0,22010.0721856893,16011.353621977365,12802.09409967,0,0,0,6000.0,0.0,16813.792206001697,0.043188785999973334,9.094947017729282e-13,1.1368683772161603e-13,5.684341886080802e-14,6.821210263296962e-13,21,14,none,21,0.0,0.5,122,142,21,19.2964999927831
ridge_fixed_saa_h1,144,2025-05-25,7509.171505890741,7177.144997924073,37884.143361014125,0.0,37884.143361014125,61935.498293469136,0.0,10696.629326014396,15750.961269954736,13057.102485833333,0,0,0,6000.0,0.0,39940.9332455407,0.05172021000043969,2.2737367544323206e-13,1.1368683772161603e-13,1.1368683772161603e-13,8.739675649849232e-13,21,14,none,21,0.0,0.5,123,143,21,19.2964999927831
ridge_fixed_saa_h1,145,2025-05-26,7177.144997924073,7160.468938674075,37377.343756079645,0.0,37377.343756079645,61080.35395916666,0.0,3116.115712166675,17891.651317499993,14507.246020499999,0,0,0,6000.0,0.0,39490.00631539185,0.049904527999842685,4.547473508864641e-13,1.1368683772161603e-13,1.1368683772161603e-13,8.988365607365267e-13,21,14,none,21,0.0,0.5,124,144,21,19.2964999927831
ridge_fixed_saa_h1,146,2025-05-27,7160.468938674075,6864.417705750002,37820.68079367598,0.0,37820.68079367598,62207.905914039104,0.0,9967.762678755145,16401.168657450617,13551.392722166664,0,0,0,6000.0,0.0,39968.6499432407,0.049852882999857684,2.2737367544323206e-13,1.1368683772161603e-13,1.1368683772161603e-13,8.837375276016246e-13,21,14,none,21,0.0,0.5,125,145,21,19.2964999927831
ridge_fixed_saa_h1,147,2025-05-28,6864.417705750002,7164.892543287041,37698.58178019326,0.0,37698.58178019326,62119.395579131684,0.0,6127.843226423874,18143.688941707813,14425.960688999996,0,0,0,6000.0,0.0,39873.980460346174,0.04933685299965873,2.2737367544323206e-13,1.1368683772161603e-13,1.1368683772161603e-13,9.094947017729282e-13,21,14,none,21,0.0,0.5,126,146,21,19.2964999927831
ridge_fixed_saa_h1,148,2025-05-29,7164.892543287041,7194.69819464815,37738.648733044756,119.77769558333367,37858.42642862809,61920.34843630658,17.817433333333383,4258.132293637862,18647.815735668715,15077.905659666663,1,1,1,6000.0,0.0,39800.117170924306,0.04924404200028221,2.2737367544323206e-13,1.1368683772161603e-13,1.1368683772161603e-13,8.988365607365267e-13,21,14,none,21,0.0,0.5,127,147,21,19.2964999927831
ridge_fixed_saa_h1,149,2025-05-30,7194.69819464815,7288.784402338892,14977.664516798864,0.0,14977.664516798864,27965.03403448333,0.0,18159.657487584358,16444.556280582306,13235.413000350003,0,0,0,6000.0,0.0,15891.665029521448,0.04094905200008725,9.094947017729282e-13,1.1368683772161603e-13,5.684341886080802e-14,9.094947017729282e-13,21,14,none,21,0.0,0.5,128,148,21,19.2964999927831
ridge_fixed_saa_h1,150,2025-05-31,7288.784402338892,7435.284267603699,15611.46756018797,0.0,15611.46756018797,28946.945982894995,0.0,17250.13008359054,16714.655108242794,13407.020758938335,0,0,0,6000.0,0.0,16566.135431205097,0.04027960899975369,9.094947017729282e-13,1.1368683772161603e-13,5.684341886080802e-14,8.846257060213247e-13,21,14,none,21,0.0,0.5,129,149,21,19.2964999927831
ridge_fixed_saa_h1,151,2025-06-01,7435.284267603699,5418.589831746295,39755.027728978945,43525.60129816843,83280.62902714737,65083.78743997737,7222.774208950004,30.235922833333234,15086.97062297737,14035.471196883325,42,1,3,6000.0,0.0,41923.58367392929,0.048306712999874435,2.2737367544323206e-13,1.1368683772161603e-13,4.263256414560601e-14,8.206768598029157e-13,21,14,none,21,0.0,0.5,130,150,21,19.2964999927831
ridge_fixed_saa_h1,152,2025-06-02,5418.589831746295,5477.07263497963,43128.25601396753,23713.67798205779,66841.93399602533,71074.51566098559,3629.593292333334,1933.2393125987683,21460.145620053496,17330.083429333332,16,1,3,6000.0,0.0,46770.517430910295,0.04535433299997749,2.2737367544323206e-13,1.1368683772161603e-13,1.1368683772161603e-13,9.094947017729282e-13,21,14,none,21,0.0,0.5,131,151,21,19.2964999927831
ridge_fixed_saa_h1,153,2025-06-03,5477.07263497963,5729.162678675926,44457.64403519622,7408.294690732501,51865.938725928725,72964.53458426845,1253.0388349558282,1556.879228398146,22323.401674558645,17855.07431706584,15,1,6,6000.0,0.0,48478.504629844436,0.044507219000024634,2.2737367544323206e-13,1.1368683772161603e-13,5.684341886080802e-14,9.094947017729282e-13,21,14,none,21,0.0,0.5,132,152,21,19.2964999927831
ridge_fixed_saa_h1,154,2025-06-04,5729.162678675926,5832.87464645,45773.08735959006,2145.038709982351,47918.12606957241,74800.25207007185,316.607945919995,1310.7364403600789,21408.010462991773,17247.14770402667,9,1,5,6000.0,0.0,49495.17804012489,0.04362148000018351,4.547473508864641e-13,1.1368683772161603e-13,5.684341886080802e-14,9.094947017729282e-13,21,14,none,21,0.0,0.5,133,153,21,19.2964999927831
ridge_fixed_saa_h1,155,2025-06-05,5832.87464645,5909.449787209259,46434.82948596978,3867.061172694286,50301.890658664066,75792.3290199048,567.8766558183347,814.4319541131698,22776.516201368308,18380.060496424994,9,1,3,6000.0,0.0,49674.68226732009,0.04313158500008285,4.547473508864641e-13,1.1368683772161603e-13,5.684341886080802e-14,9.094947017729282e-13,21,14,none,21,0.0,0.5,134,154,21,19.2964999927831
ridge_fixed_saa_h1,156,2025-06-06,5909.449787209259,5948.538428961111,19357.84409945841,12210.46872192924,31568.312821387648,34581.18518651166,1802.502408166665,2401.227389921809,16275.184353578188,13147.719548821668,6,1,1,6000.0,0.0,20782.568040721984,0.037043258999801765,9.094947017729282e-13,1.1368683772161603e-13,0.0,9.094947017729282e-13,21,14,none,21,0.0,0.5,135,155,21,19.2964999927831
ridge_fixed_saa_h1,157,2025-06-07,5948.538428961111,6327.566558888889,20698.818783167382,112.47131962829218,20811.290102795676,36477.17514910166,16.122608891670325,1944.5400846728357,16216.416787993829,12794.172281339996,1,1,1,6000.0,0.0,22553.16994054562,0.03973340700031258,1.8189894035458565e-12,1.1368683772161603e-13,0.0,9.023892744153272e-13,21,14,none,21,0.0,0.5,136,156,21,19.2964999927831
ridge_fixed_saa_h1,158,2025-06-08,6327.566558888889,6887.7142408018535,52448.88113529359,0.0,52448.88113529359,83706.7553358683,0.0,14834.018714670787,16756.212846364193,13068.399491833334,0,0,0,6000.0,0.0,55988.7060191646,0.04283514999997351,2.2737367544323206e-13,1.1368683772161603e-13,1.1368683772161603e-13,9.094947017729282e-13,21,14,none,21,0.0,0.5,137,157,21,19.2964999927831
ridge_fixed_saa_h1,159,2025-06-09,6887.7142408018535,6648.132542562964,51229.725690309744,99.31854748349951,51329.04423779324,81601.50382491152,14.742756166666595,7179.653120563785,19576.338187347734,16072.457460166666,2,1,1,6000.0,0.0,54854.30208290905,0.04344270299998243,9.094947017729282e-13,1.1368683772161603e-13,1.4210854715202004e-13,9.094947017729282e-13,21,14,none,21,0.0,0.5,138,158,21,19.2964999927831
ridge_fixed_saa_h1,160,2025-06-10,6648.132542562964,6841.313632240742,51497.04651983631,0.0,51497.04651983631,81937.53587188682,0.0,6304.275052944438,20215.54528894239,16200.728703333334,0,0,0,6000.0,0.0,55074.75189648248,0.04401858299979722,2.2737367544323206e-13,1.1368683772161603e-13,5.684341886080802e-14,9.094947017729282e-13,21,14,none,21,0.0,0.5,139,159,21,19.2964999927831
ridge_fixed_saa_h1,161,2025-06-11,6841.313632240742,6787.795727435187,51376.86094525234,2687.9338533618684,54064.79479861421,82040.34603717488,548.746186833332,2163.7393284855975,23100.382595689298,18759.476016833334,6,1,2,6000.0,0.0,54900.787221810235,0.04416952800011131,2.2737367544323206e-13,1.1368683772161603e-13,5.684341886080802e-14,9.094947017729282e-13,21,14,none,21,0.0,0.5,140,160,21,19.2964999927831
ridge_fixed_saa_h1,162,2025-06-12,6787.795727435187,6969.7960871055575,53042.73983636376,0.0,53042.73983636376,84087.37565395268,0.0,7624.945816271608,20243.35831918106,16233.319914833333,0,0,0,6000.0,0.0,55957.46828658509,0.04329688999996506,2.2737367544323206e-13,1.1368683772161603e-13,5.684341886080802e-14,9.094947017729282e-13,21,14,none,21,0.0,0.5,141,161,21,19.2964999927831
ridge_fixed_saa_h1,163,2025-06-13,6969.7960871055575,6999.878998833332,21951.085298202353,0.0,21951.085298202353,38125.084106054994,0.0,6988.5861621193435,14547.945386213989,11756.761142278338,0,0,0,6000.0,0.0,24049.208986559606,0.04630816999997478,9.094947017729282e-13,1.1368683772161603e-13,2.220446049250313e-15,8.981149157705204e-13,21,14,none,21,0.0,0.5,142,162,21,19.2964999927831
ridge_fixed_saa_h1,164,2025-06-14,6999.878998833332,7082.810624664816,22848.448490236995,0.0,22848.448490236995,39688.95434198333,0.0,10977.81732148148,12858.714775018518,10340.920504516664,0,0,0,6000.0,0.0,24907.45024409304,0.046101908999844454,9.094947017729282e-13,1.1368683772161603e-13,0.0,8.171241461241152e-13,21,14,none,21,0.0,0.5,143,163,21,19.2964999927831
ridge_fixed_saa_h1,165,2025-06-15,7082.810624664816,7599.998473398148,54449.511799934015,0.0,54449.511799934015,86065.3119709218,0.0,11190.768881596709,19905.7878533251,15658.219097333333,0,0,0,6000.0,0.0,57596.5831153522,0.04798757199978354,9.094947017729282e-13,1.1368683772161603e-13,5.684341886080802e-14,9.094947017729282e-13,21,14,none,21,0.0,0.5,144,164,21,19.2964999927831
ridge_fixed_saa_h1,166,2025-06-16,7599.998473398148,7338.331403374076,53368.013165290875,0.0,53368.013165290875,84138.36826765638,0.0,7779.535570499998,20527.79075532305,16863.01087483333,0,0,0,6000.0,0.0,56593.064207082745,0.04912276799996107,9.094947017729282e-13,1.1368683772161603e-13,8.526512829121202e-14,9.094947017729282e-13,21,14,none,21,0.0,0.5,145,165,21,19.2964999927831
ridge_fixed_saa_h1,167,2025-06-17,7338.331403374076,7114.307234972225,53944.84952491836,77.50989962616602,54022.35942454453,85214.49332156377,11.497426333333237,6827.509751676958,20858.37647955349,17096.9067,1,1,1,6000.0,0.0,57045.82118159124,0.046593217000008735,2.2737367544323206e-13,1.1368683772161603e-13,1.1368683772161603e-13,9.094947017729282e-13,21,14,none,21,0.0,0.5,146,166,21,19.2964999927831
ridge_fixed_saa_h1,168,2025-06-18,7114.307234972225,7529.427297631481,54532.10582894215,0.0,54532.10582894215,86189.83836800206,0.0,11357.793014045272,18579.19156612345,14675.537112166665,0,0,0,6000.0,0.0,57786.44306714593,0.047239971999715635,4.547473508864641e-13,1.1368683772161603e-13,5.684341886080802e-14,9.094947017729282e-13,21,14,none,21,0.0,0.5,147,167,21,19.2964999927831
ridge_fixed_saa_h1,169,2025-06-19,7529.427297631481,7121.297060744444,54137.436290805665,216.11186266499843,54353.54815347066,85307.76622169546,32.06979699999977,13906.324835979427,18638.548399549378,15464.54141683333,2,1,1,6000.0,0.0,57335.88400896167,0.04767101800007367,9.094947017729282e-13,1.1368683772161603e-13,1.1368683772161603e-13,9.094947017729282e-13,21,14,none,21,0.0,0.5,148,168,21,19.2964999927831
ridge_fixed_saa_h1,170,2025-06-20,7121.297060744444,7533.038282974073,23076.529091398224,0.0,23076.529091398224,39892.01298429833,0.0,14819.535753716043,12112.25937145062,9440.362990868338,0,0,0,6000.0,0.0,25071.656479972782,0.04968168299956233,4.547473508864641e-13,1.1368683772161603e-13,7.105427357601002e-15,8.526512829121202e-13,21,14,none,21,0.0,0.5,149,169,21,19.2964999927831
ridge_fixed_saa_h1,171,2025-06-21,7533.038282974073,8058.52198788889,22908.066745823075,0.0,22908.066745823075,39559.513991454995,0.0,17196.37355075103,13449.814243582307,10421.414202878335,0,0,0,6000.0,0.0,24879.426160089126,0.051300437999998394,9.094947017729282e-13,1.1368683772161603e-13,1.4210854715202004e-14,9.094947017729282e-13,21,14,none,21,0.0,0.5,150,170,21,19.2964999927831
ridge_fixed_saa_h1,172,2025-06-22,8058.52198788889,7736.55620367963,53923.08750408504,0.0,53923.08750408504,84632.82118718106,0.0,14122.713028251028,17592.296130096707,14539.529071166666,0,0,0,6000.0,0.0,57232.58668191908,0.05059325999991415,9.094947017729282e-13,1.1368683772161603e-13,1.1368683772161603e-13,9.094947017729282e-13,21,14,none,21,0.0,0.5,151,171,21,19.2964999927831
ridge_fixed_saa_h1,173,2025-06-23,7736.55620367963,7523.8588495111135,53377.82757187876,0.0,53377.82757187876,84151.38792086008,0.0,13719.155926576137,18749.334805450613,15378.388811166667,0,0,0,6000.0,0.0,56789.65525785808,0.05041156900006172,9.094947017729282e-13,1.1368683772161603e-13,1.4210854715202004e-13,9.094947017729282e-13,21,14,none,21,0.0,0.5,152,172,21,19.2964999927831
ridge_fixed_saa_h1,174,2025-06-24,7523.8588495111135,7479.138334575927,52715.5505796455,4252.446181582407,56967.996761227914,83320.89260759258,885.2579581066685,3796.5201328333296,22005.71919109259,17864.881008226665,6,1,1,6000.0,0.0,56145.77450998641,0.051348295000025246,9.094947017729282e-13,1.1368683772161603e-13,5.684341886080802e-14,9.094947017729282e-13,21,14,none,21,0.0,0.5,153,173,21,19.2964999927831
ridge_fixed_saa_h1,175,2025-06-25,7479.138334575927,7489.565630050002,53916.488466931594,0.0,53916.488466931594,85368.78055871604,0.0,11166.717382185187,19764.511810197528,15999.87000033333,0,0,0,6000.0,0.0,57317.63995643573,0.05012297299981583,9.094947017729282e-13,1.1368683772161603e-13,8.526512829121202e-14,9.094947017729282e-13,21,14,none,21,0.0,0.5,154,174,21,19.2964999927831
ridge_fixed_saa_h1,176,2025-06-26,7489.565630050002,7154.249298979629,54046.21900425576,11.845942136999899,54058.06494639276,85182.4491767901,1.7584713333333184,14377.718817516457,18741.52471177366,15482.4197145,1,1,1,6000.0,0.0,57496.1211309347,0.05023513300011473,9.094947017729282e-13,1.1368683772161603e-13,1.1368683772161603e-13,9.094947017729282e-13,21,14,none,21,0.0,0.5,155,175,21,19.2964999927831
ridge_fixed_saa_h1,177,2025-06-27,7154.249298979629,7501.807760725928,22471.198196229303,0.0,22471.198196229303,39085.208209748336,0.0,16623.87243980247,12509.933093197524,9820.243189918332,0,0,0,6000.0,0.0,24498.1712307224,0.05412776899993332,9.094947017729282e-13,1.1368683772161603e-13,5.684341886080802e-14,9.094947017729282e-13,21,14,none,21,0.0,0.5,156,176,21,19.2964999927831
ridge_fixed_saa_h1,178,2025-06-28,7501.807760725928,7643.101735031482,22082.717020434036,0.0,22082.717020434036,38516.49828322,0.0,14152.654621047328,12946.068255952669,10359.15071044667,0,0,0,6000.0,0.0,23846.100107038415,0.0541866589996971,9.094947017729282e-13,1.1368683772161603e-13,5.684341886080802e-14,9.094947017729282e-13,21,14,none,21,0.0,0.5,157,177,21,19.2964999927831
ridge_fixed_saa_h1,179,2025-06-29,7643.101735031482,7833.288056607409,53687.5312499627,0.0,53687.5312499627,84684.99943305555,0.0,11684.548230098764,18744.815685290123,15012.133015666666,0,0,0,6000.0,0.0,56831.72214247838,0.05093226999997569,9.094947017729282e-13,1.1368683772161603e-13,5.684341886080802e-14,9.094947017729282e-13,21,14,none,21,0.0,0.5,158,178,21,19.2964999927831
ridge_fixed_saa_h1,180,2025-06-30,7833.288056607409,7270.95893461111,53023.89142956457,2.799388591665882,53026.69081815624,83555.3325227572,0.41503166666655034,10577.337515201649,18983.27508255555,15882.549026666666,1,1,1,6000.0,0.0,56209.00869614968,0.05170043800035273,2.2737367544323206e-13,1.1368683772161603e-13,8.526512829121202e-14,8.668621376273222e-13,21,14,none,21,0.0,0.5,159,179,21,19.2964999927831
ridge_fixed_saa_h1,181,2025-07-01,7270.95893461111,5497.099462227778,54942.993415849036,5624.951485162137,60567.94490101117,86583.6979414321,909.8430289733333,6311.746519432099,20588.0207515,18272.770333859997,15,1,3,6000.0,0.0,58278.87109944064,0.04963606699993761,9.094947017729282e-13,1.1368683772161603e-13,1.1368683772161603e-13,8.597567102697212e-13,21,14,none,21,0.0,0.5,160,180,21,19.2964999927831
ridge_fixed_saa_h1,182,2025-07-02,5497.099462227778,5905.084345744444,57322.897278453456,2164.2042545751633,59487.10153302862,90903.37134437653,330.4632036666662,14321.824208942384,19158.197775100823,15150.953802666667,11,1,3,6000.0,0.0,61049.70110862337,0.04854555500014612,9.094947017729282e-13,1.1368683772161603e-13,1.1368683772161603e-13,9.094947017729282e-13,21,14,none,21,0.0,0.5,161,181,21,19.2964999927831
ridge_fixed_saa_h1,183,2025-07-03,5905.084345744444,5929.280971609258,55964.25799128621,2741.7449392527287,58706.00293053894,88603.22162916049,455.5847106666685,5055.613796146096,22215.771826681063,17972.99821633333,9,1,4,6000.0,0.0,59573.85094158829,0.04748436199997741,4.547473508864641e-13,1.1368683772161603e-13,1.7053025658242404e-13,9.094947017729282e-13,21,14,none,21,0.0,0.5,162,182,21,19.2964999927831
ridge_fixed_saa_h1,184,2025-07-04,5929.280971609258,5767.9760377259245,25606.53860917251,1150.797901127067,26757.336510299574,43686.098806133334,189.5981449000008,12367.262224888895,14593.377368277772,11965.810108799993,5,1,3,6000.0,0.0,28009.64933745115,0.047035091999987344,1.8189894035458565e-12,1.1368683772161603e-13,1.4210854715202004e-14,9.094947017729282e-13,21,14,none,21,0.0,0.5,163,183,21,19.2964999927831
ridge_fixed_saa_h1,185,2025-07-05,5767.9760377259245,5978.427403920372,25866.90071620764,0.0,25866.90071620764,44228.23144213167,0.0,12328.186244275721,15371.363166390945,12261.397935201665,0,0,0,6000.0,0.0,28140.254072085496,0.045516811999732454,9.094947017729282e-13,1.1368683772161603e-13,0.0,9.094947017729282e-13,21,14,none,21,0.0,0.5,164,184,21,19.2964999927831
ridge_fixed_saa_h1,186,2025-07-06,5978.427403920372,6310.554959716667,54964.500201758296,7476.989184707786,62441.489386466084,87509.57118528968,1100.1907992833262,4382.707478866256,21758.72713415843,17325.654178451674,9,1,3,6000.0,0.0,58564.67562725531,0.04613786100026118,4.547473508864641e-13,1.1368683772161603e-13,5.684341886080802e-14,9.094947017729282e-13,21,14,none,21,0.0,0.5,165,185,21,19.2964999927831
ridge_fixed_saa_h1,187,2025-07-07,6310.554959716667,6216.62005613889,55045.32394160045,462.96247613316615,55508.286417733616,87238.05435543795,68.76473316666659,10545.927376218107,18083.949257578184,14732.540311858329,4,1,2,6000.0,0.0,58740.506075230354,0.04548346699993999,4.547473508864641e-13,1.1368683772161603e-13,5.684341886080802e-14,9.094947017729282e-13,21,14,none,21,0.0,0.5,166,186,21,19.2964999927831
ridge_fixed_saa_h1,188,2025-07-08,6216.62005613889,7153.751461100001,56744.158011012085,85.53706214900014,56829.695073161085,89765.15541254132,12.70415300000002,9353.609773510292,21102.339531049372,16249.476755684998,1,1,1,6000.0,0.0,60474.614586634,0.04394798199973593,4.547473508864641e-13,1.1368683772161603e-13,1.1368683772161603e-13,9.094947017729282e-13,21,14,none,21,0.0,0.5,167,187,21,19.2964999927831
ridge_fixed_saa_h1,189,2025-07-09,7153.751461100001,7287.645587351853,56002.099167325985,222.57269438766596,56224.67186171365,88040.59483707848,33.015307333333226,10299.858852479416,18918.53453494239,15203.508259676666,1,1,1,6000.0,0.0,59589.0325225101,0.04556892699974924,4.547473508864641e-13,1.1368683772161603e-13,1.1368683772161603e-13,9.094947017729282e-13,21,14,none,21,0.0,0.5,168,188,21,19.2964999927831
ridge_fixed_saa_h1,190,2025-07-10,7287.645587351853,6887.4938448444445,54780.25430967383,173.707998141499,54953.96230781533,86207.2593957565,25.776020166666513,10131.181192751035,18991.4074110288,15743.17657119,2,1,2,6000.0,0.0,58555.757728059434,0.044589001999611355,4.547473508864641e-13,1.1368683772161603e-13,1.1368683772161603e-13,9.094947017729282e-13,21,14,none,21,0.0,0.5,169,189,21,19.2964999927831
ridge_fixed_saa_h1,191,2025-07-11,6887.4938448444445,6859.338766381484,26528.109781882966,0.0,26528.109781882966,44230.65800030666,0.0,8609.182182248973,16463.35915091769,13360.66048286,0,0,0,6000.0,0.0,28153.086221310205,0.038448778000201855,4.547473508864641e-13,1.1368683772161603e-13,1.4210854715202004e-14,9.094947017729282e-13,21,14,none,21,0.0,0.5,170,190,21,19.2964999927831
ridge_fixed_saa_h1,192,2025-07-12,6859.338766381484,6808.929582722221,26642.751627433667,0.0,26642.751627433667,44820.21018492333,0.0,10828.10734377724,15543.304068979425,12635.444561166665,0,0,0,6000.0,0.0,28287.031546521335,0.038836095000078785,9.094947017729282e-13,1.1368683772161603e-13,1.4210854715202004e-14,7.958078640513122e-13,21,14,none,21,0.0,0.5,171,191,21,19.2964999927831
ridge_fixed_saa_h1,193,2025-07-13,6808.929582722221,6862.151599927776,54256.155581152205,534.3004897334187,54790.45607088562,86002.71352249177,79.40545833333363,13214.157712748969,18696.531855742796,15096.290987666667,3,1,2,6000.0,0.0,57492.45738024946,0.04656236699975125,2.2737367544323206e-13,1.1368683772161603e-13,1.1368683772161603e-13,9.094947017729282e-13,21,14,none,21,0.0,0.5,172,192,21,19.2964999927831
ridge_fixed_saa_h1,194,2025-07-14,6862.151599927776,6603.861205487043,52775.81046113078,165.1837766449992,52940.994237775776,83576.56327257075,24.50869299999988,8603.191420919748,18014.01412095268,14823.812792968332,2,1,2,6000.0,0.0,56046.48525231473,0.04738013999985924,2.2737367544323206e-13,1.1368683772161603e-13,5.684341886080802e-14,9.094947017729282e-13,21,14,none,21,0.0,0.5,173,193,21,19.2964999927831
ridge_fixed_saa_h1,195,2025-07-15,6603.861205487043,7708.797256862961,54660.75227877956,0.0,54660.75227877956,86100.59469788993,0.0,8727.57847901234,19102.753627925926,14478.787992381669,0,0,0,6000.0,0.0,57896.95815355226,0.045089392000136286,2.2737367544323206e-13,1.1368683772161603e-13,8.526512829121202e-14,9.094947017729282e-13,21,14,none,21,0.0,0.5,174,194,21,19.2964999927831
ridge_fixed_saa_h1,196,2025-07-16,7708.797256862961,7371.922063981484,53379.581614686496,46.009679493666184,53425.591294180165,84173.415628524,6.809691333333262,8937.84721917901,17952.644162833334,14844.829445488329,1,1,1,6000.0,0.0,56296.67519567571,0.046982313000171416,4.547473508864641e-13,1.1368683772161603e-13,1.1368683772161603e-13,9.094947017729282e-13,21,14,none,21,0.0,0.5,175,195,21,19.2964999927831
ridge_fixed_saa_h1,197,2025-07-17,7371.922063981484,7229.2969954703685,53231.77933744021,0.0,53231.77933744021,83944.63206338682,0.0,7442.4515220925905,20579.615980460898,16797.851505833336,0,0,0,6000.0,0.0,56106.601598471905,0.0454394289999982,2.2737367544323206e-13,4.263256414560601e-14,1.1368683772161603e-13,9.094947017729282e-13,21,14,none,21,0.0,0.5,176,196,21,19.2964999927831
ridge_fixed_saa_h1,198,2025-07-18,7229.2969954703685,7276.23828228148,26271.231896449346,0.0,26271.231896449346,43787.974632743324,0.0,9500.347398395059,15637.53671693827,12624.157582589998,0,0,0,6000.0,0.0,27893.76726001947,0.039742780000324274,9.094947017729282e-13,1.1368683772161603e-13,1.4210854715202004e-14,7.958078640513122e-13,21,14,none,21,0.0,0.5,177,197,21,19.2964999927831
ridge_fixed_saa_h1,199,2025-07-19,7276.23828228148,6699.496838944441,26324.833470425703,0.0,26324.833470425703,44125.37184228,0.0,14640.45533192387,14848.235575576131,12546.13811522,0,0,0,6000.0,0.0,27897.627294872196,0.04044505799993203,9.094947017729282e-13,1.1368683772161603e-13,7.105427357601002e-15,9.094947017729282e-13,21,14,none,21,0.0,0.5,178,198,21,19.2964999927831
ridge_fixed_saa_h1,200,2025-07-20,6699.496838944441,7271.925303551852,53158.51893992737,0.0,53158.51893992737,84302.4454816947,0.0,7997.419005125522,19472.96127239917,15257.913012496663,0,0,0,6000.0,0.0,56042.014599083326,0.04616031800014753,4.547473508864641e-13,1.1368683772161603e-13,5.684341886080802e-14,9.094947017729282e-13,21,14,none,21,0.0,0.5,179,199,21,19.2964999927831
ridge_fixed_saa_h1,201,2025-07-21,7271.925303551852,7158.34649322963,52616.96810606426,0.0,52616.96810606426,83250.26555770896,0.0,5588.291904053501,19865.5012260288,16193.27692237333,0,0,0,6000.0,0.0,55625.39645482983,0.04692997799975274,2.2737367544323206e-13,1.1368683772161603e-13,8.526512829121202e-14,9.094947017729282e-13,21,14,none,21,0.0,0.5,180,200,21,19.2964999927831
ridge_fixed_saa_h1,202,2025-07-22,7158.34649322963,7636.916727385185,55133.19362906311,0.0,55133.19362906311,86866.66016949863,0.0,8956.2364982428,19392.451809732505,15277.17275514333,0,0,0,6000.0,0.0,58099.74193252364,0.04744196499996178,2.2737367544323206e-13,1.1368683772161603e-13,1.1368683772161603e-13,8.08464406532039e-13,21,14,none,21,0.0,0.5,181,201,21,19.2964999927831
ridge_fixed_saa_h1,203,2025-07-23,7636.916727385185,7348.924750698148,54760.50702594213,0.0,54760.50702594213,86193.49041688754,0.0,8529.996396541153,19505.998329989707,16059.051426309998,0,0,0,6000.0,0.0,57858.17790322172,0.04807549800034394,4.547473508864641e-13,1.1368683772161603e-13,1.1368683772161603e-13,7.958078640513122e-13,21,14,none,21,0.0,0.5,182,202,21,19.2964999927831
ridge_fixed_saa_h1,204,2025-07-24,7348.924750698148,7760.680131114815,54342.792264722855,0.0,54342.792264722855,85535.19434834569,0.0,7862.492209053505,19398.159457458838,15341.929318166665,0,0,0,6000.0,0.0,57420.87660025305,0.04895952099968781,2.2737367544323206e-13,1.1368683772161603e-13,1.1368683772161603e-13,9.094947017729282e-13,21,14,none,21,0.0,0.5,183,203,21,19.2964999927831
ridge_fixed_saa_h1,205,2025-07-25,7760.680131114815,7230.593175042591,26299.124518633183,0.0,26299.124518633183,43688.582157829995,0.0,14724.316353960905,15452.760514039093,12993.814276836667,0,0,0,6000.0,0.0,27624.182777751794,0.042250571999829845,9.094947017729282e-13,1.1368683772161603e-13,1.4210854715202004e-14,8.526512829121202e-13,21,14,none,21,0.0,0.5,184,204,21,19.2964999927831
ridge_fixed_saa_h1,206,2025-07-26,7230.593175042591,6904.970504692593,26582.879784004894,0.0,26582.879784004894,44354.66524062833,0.0,13200.560605520575,15674.070903979424,12989.057835538333,0,0,0,6000.0,0.0,27972.056061940006,0.04067561300007583,1.8189894035458565e-12,1.1368683772161603e-13,5.684341886080802e-14,6.821210263296962e-13,21,14,none,21,0.0,0.5,185,205,21,19.2964999927831
ridge_fixed_saa_h1,207,2025-07-27,6904.970504692593,7212.089384814816,53542.440142530904,1065.0473996373073,54607.48754216821,84962.4516322752,212.55630602083025,7085.719721474276,21724.69170900926,17320.5932921875,2,1,1,6000.0,0.0,56386.55766795476,0.04811709699970379,2.2737367544323206e-13,1.1368683772161603e-13,1.1368683772161603e-13,9.094947017729282e-13,21,14,none,21,0.0,0.5,186,206,21,19.2964999927831
ridge_fixed_saa_h1,208,2025-07-28,7212.089384814816,6774.0839757296335,53468.04450288086,0.0,53468.04450288086,84553.17104351646,0.0,3037.239913691362,20817.151392991764,17256.0974965,0,0,0,6000.0,0.0,56065.029925225455,0.047900304999984655,2.2737367544323206e-13,1.1368683772161603e-13,1.1368683772161603e-13,8.526512829121202e-13,21,14,none,21,0.0,0.5,187,207,21,19.2964999927831
ridge_fixed_saa_h1,209,2025-07-29,6774.0839757296335,7679.19882414815,57512.52050133208,148.17530688116656,57660.69580821325,90264.5970268004,22.00732316666665,9672.186611855966,19634.570655444437,15089.398867333333,1,1,1,6000.0,0.0,60179.64212364223,0.04821902300000147,9.094947017729282e-13,1.1368683772161603e-13,4.263256414560601e-14,9.094947017729282e-13,21,14,none,21,0.0,0.5,188,208,21,19.2964999927831
ridge_fixed_saa_h1,210,2025-07-30,7679.19882414815,7942.405693222223,57214.110876546874,0.0,57214.110876546874,89552.73404699794,0.0,11717.355890366262,18395.98907613168,14663.8649695,0,0,0,6000.0,0.0,59901.45644857441,0.04810390400007236,2.2737367544323206e-13,1.1368683772161603e-13,1.1368683772161603e-13,8.881784197001252e-13,21,14,none,21,0.0,0.5,189,209,21,19.2964999927831
ridge_fixed_saa_h1,211,2025-07-31,7942.405693222223,7596.312655838889,56564.43236065771,0.0,56564.43236065771,88530.6915519753,0.0,10586.236483547327,18741.80281792798,15492.344016166666,0,0,0,6000.0,0.0,59268.318979310425,0.04863832699993509,2.2737367544323206e-13,1.1368683772161603e-13,1.1368683772161603e-13,8.739675649849232e-13,21,14,none,21,0.0,0.5,190,210,21,19.2964999927831
ridge_fixed_saa_h1,212,2025-08-01,7596.312655838889,7866.6261748722245,27256.419481803863,0.0,27256.419481803863,45231.470359745,0.0,20854.356624569955,15170.904744096708,12045.150675588331,0,0,0,6000.0,0.0,28622.711459384936,0.041683772999931534,9.094947017729282e-13,1.1368683772161603e-13,1.4210854715202004e-14,9.094947017729282e-13,21,14,none,21,0.0,0.5,191,211,21,19.2964999927831
ridge_fixed_saa_h1,213,2025-08-02,7866.6261748722245,7738.64292142778,26981.284452920423,0.0,26981.284452920423,44790.71576328166,0.0,21078.559164946502,15264.824174220163,12479.692509218336,0,0,0,6000.0,0.0,28407.35220379837,0.04016955400038569,9.094947017729282e-13,1.1368683772161603e-13,7.105427357601002e-15,9.094947017729282e-13,21,14,none,21,0.0,0.5,192,212,21,19.2964999927831
ridge_fixed_saa_h1,214,2025-08-03,7738.64292142778,7161.823425394446,53533.25869809371,21.65313195000063,53554.91183004371,84401.51865648903,3.214300000000094,19003.20926099176,16216.74346628395,13654.699754120002,1,1,1,6000.0,0.0,56477.53065161608,0.04773842299982789,9.094947017729282e-13,1.1368683772161603e-13,1.1368683772161603e-13,9.094947017729282e-13,21,14,none,21,0.0,0.5,193,213,21,19.2964999927831
ridge_fixed_saa_h1,215,2025-08-04,7161.823425394446,7794.583690922221,52556.13185966283,0.0,52556.13185966283,83244.74413583618,0.0,13902.818335642785,17667.29725202674,13741.026535166664,0,0,0,6000.0,0.0,55343.995633591985,0.04808702499985884,1.8189894035458565e-12,1.1368683772161603e-13,1.1368683772161603e-13,9.094947017729282e-13,21,14,none,21,0.0,0.5,194,214,21,19.2964999927831
ridge_fixed_saa_h1,216,2025-08-05,7794.583690922221,7523.305708855557,51441.301671009816,0.0,51441.301671009816,81185.77916222838,0.0,12946.986122534978,17529.64994852675,14443.166642166667,0,0,0,6000.0,0.0,54323.70476488109,0.04728365800019674,9.094947017729282e-13,1.1368683772161603e-13,1.1368683772161603e-13,9.094947017729282e-13,21,14,none,21,0.0,0.5,195,215,21,19.2964999927831
ridge_fixed_saa_h1,217,2025-08-06,7523.305708855557,7054.386481838885,50470.374892546155,0.0,50470.374892546155,79847.43769453498,0.0,8673.444835146092,18324.320510722217,15264.726917999997,0,0,0,6000.0,0.0,53237.7798252606,0.04701099800013253,1.8189894035458565e-12,1.1368683772161603e-13,1.1368683772161603e-13,9.094947017729282e-13,21,14,none,21,0.0,0.5,196,216,21,19.2964999927831
ridge_fixed_saa_h1,218,2025-08-07,7054.386481838885,7379.926901185186,50343.45566484025,58.80871788650008,50402.26438272675,79698.74471945269,8.704021000000012,12435.66130148559,18899.03058713375,15015.228398166666,1,1,1,6000.0,0.0,53146.88931935556,0.04502555599992775,2.2737367544323206e-13,1.1368683772161603e-13,1.1368683772161603e-13,9.094947017729282e-13,21,14,none,21,0.0,0.5,197,217,21,19.2964999927831
ridge_fixed_saa_h1,219,2025-08-08,7379.926901185186,7461.549825048151,25114.773137243574,0.0,25114.773137243574,42507.489121599996,0.0,23656.134717144036,15803.802752522628,12727.619598066667,0,0,0,6000.0,0.0,26597.45293429058,0.04051953699990918,1.8189894035458565e-12,1.1368683772161603e-13,0.0,9.023892744153272e-13,21,14,none,21,0.0,0.5,198,218,21,19.2964999927831
ridge_fixed_saa_h1,220,2025-08-09,7461.549825048151,7225.504314611111,24871.25947559391,0.0,24871.25947559391,42046.03467412332,0.0,20348.01700741975,15729.103295246914,12953.014628543337,0,0,0,6000.0,0.0,26425.693666207433,0.04133952299980592,2.2737367544323206e-13,1.1368683772161603e-13,4.884981308350689e-15,8.08242361927114e-13,21,14,none,21,0.0,0.5,199,219,21,19.2964999927831
ridge_fixed_saa_h1,221,2025-08-10,7225.504314611111,7049.258182170372,47914.22097795816,35.44752550399944,47949.66850346216,75448.0044979506,5.081353999999919,7007.7279892592505,17365.05437835803,14224.315565666666,1,1,1,6000.0,0.0,50684.25754148623,0.04641443599984996,2.2737367544323206e-13,1.1368683772161603e-13,5.684341886080802e-14,9.094947017729282e-13,21,14,none,21,0.0,0.5,200,220,21,19.2964999927831
ridge_fixed_saa_h1,222,2025-08-11,7049.258182170372,6883.413964064815,47971.29063323343,111.25192846558326,48082.54256169902,75658.13204599998,16.502548166666656,7647.718132020575,19025.910132146088,15560.247003333334,1,1,1,6000.0,0.0,50628.92242158851,0.045112684999821795,2.2737367544323206e-13,1.1368683772161603e-13,5.684341886080802e-14,9.094947017729282e-13,21,14,none,21,0.0,0.5,201,221,21,19.2964999927831
ridge_fixed_saa_h1,223,2025-08-12,6883.413964064815,6494.961502101852,47689.40180058572,593.2020355059637,48282.60383609169,75371.35499376337,85.50752866500102,4611.389974997947,18076.505858932094,14991.576961501663,3,1,3,6000.0,0.0,50203.153326550026,0.04739927299988267,1.8189894035458565e-12,1.1368683772161603e-13,1.1368683772161603e-13,9.094947017729282e-13,21,14,none,21,0.0,0.5,202,222,21,19.2964999927831
ridge_fixed_saa_h1,224,2025-08-13,6494.961502101852,7026.638813829631,48296.434161681,106.2934003626662,48402.72756204366,76442.66819830865,15.237012666666601,6312.786704545262,18661.20776776338,14637.068711333332,1,1,1,6000.0,0.0,50778.204657242146,0.04690395800025726,2.2737367544323206e-13,1.1368683772161603e-13,1.1368683772161603e-13,9.094947017729282e-13,21,14,none,21,0.0,0.5,203,223,21,19.2964999927831
ridge_fixed_saa_h1,225,2025-08-14,7026.638813829631,6553.113289272222,47315.12059211252,324.7949037894174,47639.915495901936,74775.24117248764,47.630405666666775,5558.987426442383,19809.295476211933,16471.702307833333,3,1,2,6000.0,0.0,49855.92957841625,0.0458879809998507,2.2737367544323206e-13,1.1368683772161603e-13,1.1368683772161603e-13,9.094947017729282e-13,21,14,none,21,0.0,0.5,204,224,21,19.2964999927831
ridge_fixed_saa_h1,226,2025-08-15,6553.113289272222,6780.903450077778,24449.706058620857,0.0,24449.706058620857,41398.83662948833,0.0,20942.746382024685,16270.27483897531,12973.911474844996,0,0,0,6000.0,0.0,25628.53701244732,0.04052583799966669,9.094947017729282e-13,1.1368683772161603e-13,7.105427357601002e-15,9.094947017729282e-13,21,14,none,21,0.0,0.5,205,225,21,19.2964999927831
ridge_fixed_saa_h1,227,2025-08-16,6780.903450077778,6821.429350066665,24451.690988505346,0.0,24451.690988505346,41360.93630276333,0.0,21353.23933009671,16010.227873736623,12931.811267736666,0,0,0,6000.0,0.0,25596.084717689715,0.039446235000013985,9.094947017729282e-13,1.1368683772161603e-13,0.0,7.851497230149107e-13,21,14,none,21,0.0,0.5,206,226,21,19.2964999927831
ridge_fixed_saa_h1,228,2025-08-17,6821.429350066665,6779.535136457409,47199.01870510171,346.60450288441575,47545.62320798613,74280.54878105555,51.45538699999986,7638.569514427987,18767.083311627575,15239.042274666666,3,1,2,6000.0,0.0,49647.81763385867,0.04668225299974438,1.8189894035458565e-12,1.1368683772161603e-13,5.684341886080802e-14,9.094947017729282e-13,21,14,none,21,0.0,0.5,207,227,21,19.2964999927831
ridge_fixed_saa_h1,229,2025-08-18,6779.535136457409,6739.532221205556,46682.108037337675,549.4827038961683,47231.59074123384,73460.62728239506,81.46068166666691,5461.339314495883,19592.81924539918,15906.186212499999,3,1,3,6000.0,0.0,48982.12269379443,0.04639893599960487,4.547473508864641e-13,1.1368683772161603e-13,1.1368683772161603e-13,9.094947017729282e-13,21,14,none,21,0.0,0.5,208,228,21,19.2964999927831
ridge_fixed_saa_h1,230,2025-08-19,6739.532221205556,6535.215457559258,46807.593875130224,795.915844175665,47603.50971930589,73543.08017546502,117.96832883333309,6104.788016300411,18013.081711997944,14774.481274,3,1,2,6000.0,0.0,49005.001338434675,0.04467772500038336,2.2737367544323206e-13,1.1368683772161603e-13,5.684341886080802e-14,9.094947017729282e-13,21,14,none,21,0.0,0.5,209,229,21,19.2964999927831
ridge_fixed_saa_h1,231,2025-08-20,6535.215457559258,6277.702031187037,46783.80927002091,10874.72511699897,57658.53438701988,73548.4066071358,1818.0400738899903,1186.4048862736572,19795.330588528814,16265.979860443342,13,1,2,6000.0,0.0,48913.011291800336,0.044398559000001114,2.2737367544323206e-13,1.1368683772161603e-13,5.684341886080802e-14,9.094947017729282e-13,21,14,none,21,0.0,0.5,210,230,21,19.2964999927831
ridge_fixed_saa_h1,232,2025-08-21,6277.702031187037,6582.860288335189,48073.6653847837,0.0,48073.6653847837,76102.44534951853,0.0,6434.512877407422,18678.271354444434,14854.757365666665,0,0,0,6000.0,0.0,50409.50988713115,0.04393672600008358,4.547473508864641e-13,1.1368683772161603e-13,1.1368683772161603e-13,9.094947017729282e-13,21,14,none,21,0.0,0.5,211,231,21,19.2964999927831
ridge_fixed_saa_h1,233,2025-08-22,6582.860288335189,6186.564149112963,24176.21527481658,0.0,24176.21527481658,40998.53701683166,0.0,17114.549011409465,15842.553319590534,13189.134714168336,0,0,0,6000.0,0.0,25250.943866426096,0.038739409999834606,9.094947017729282e-13,1.1368683772161603e-13,0.0,9.094947017729282e-13,21,14,none,21,0.0,0.5,212,232,21,19.2964999927831
ridge_fixed_saa_h1,234,2025-08-23,6186.564149112963,6597.169464570371,24554.352302945736,0.0,24554.352302945736,41628.81887613166,0.0,15756.14238852469,15648.029229975305,12305.358892368331,0,0,0,6000.0,0.0,25704.742705919565,0.03900781000038478,1.8189894035458565e-12,1.1368683772161603e-13,0.0,8.526512829121202e-13,21,14,none,21,0.0,0.5,213,233,21,19.2964999927831
ridge_fixed_saa_h1,235,2025-08-24,6597.169464570371,6696.323149666672,48968.485201567906,0.0,48968.485201567906,77707.90064877778,0.0,10144.045679746914,19689.616679530864,15859.351193833332,0,0,0,6000.0,0.0,51274.58346993527,0.04422118999991653,2.2737367544323206e-13,1.1368683772161603e-13,1.1368683772161603e-13,9.094947017729282e-13,21,14,none,21,0.0,0.5,214,234,21,19.2964999927831
ridge_fixed_saa_h1,236,2025-08-25,6696.323149666672,6498.652219744451,48971.36467665549,383.2608116158333,49354.62548827132,77488.53852251233,56.90269833333332,2998.6160464423915,20798.11576140328,17024.377603666668,2,1,1,6000.0,0.0,51296.873151736334,0.04454589099987061,4.547473508864641e-13,1.1368683772161603e-13,5.684341886080802e-14,9.094947017729282e-13,21,14,none,21,0.0,0.5,215,235,21,19.2964999927831
ridge_fixed_saa_h1,237,2025-08-26,6498.652219744451,6792.701334333335,49716.36146430873,34.343798627249555,49750.705262935975,78769.4698453004,5.098166499999934,9200.454683267497,19898.161800366244,15852.866855166667,1,1,1,6000.0,0.0,52149.743584366806,0.04640359399991212,9.094947017729282e-13,1.1368683772161603e-13,1.1368683772161603e-13,9.094947017729282e-13,21,14,none,21,0.0,0.5,216,236,21,19.2964999927831
ridge_fixed_saa_h1,238,2025-08-27,6792.701334333335,6444.116743527779,49037.41315317084,226.59581901233452,49264.008972183176,77500.55746438478,33.629458166666836,6009.062168652268,20656.326415565836,17045.350528333332,2,1,2,6000.0,0.0,51437.93992342421,0.044749718999810284,2.2737367544323206e-13,1.1368683772161603e-13,1.1368683772161603e-13,9.094947017729282e-13,21,14,none,21,0.0,0.5,217,237,21,19.2964999927831
ridge_fixed_saa_h1,239,2025-08-28,6444.116743527779,6583.425002118522,49562.172027935405,413.59059518999834,49975.7626231254,78244.00196168825,61.392839333333086,3419.8826507901304,21012.314390349784,16894.597223451663,2,1,2,6000.0,0.0,51834.89422060484,0.04451581300008911,4.547473508864641e-13,1.1368683772161603e-13,1.1368683772161603e-13,9.094947017729282e-13,21,14,none,21,0.0,0.5,218,238,21,19.2964999927831
ridge_fixed_saa_h1,240,2025-08-29,6583.425002118522,6445.991273696296,24819.3055624718,0.0,24819.3055624718,41683.93412409333,0.0,16126.957850376546,16449.717259456786,13447.961335740003,0,0,0,6000.0,0.0,25975.479870588904,0.04052173499985656,9.094947017729282e-13,1.1368683772161603e-13,8.881784197001252e-16,9.094947017729282e-13,21,14,none,21,0.0,0.5,219,239,21,19.2964999927831
ridge_fixed_saa_h1,241,2025-08-30,6445.991273696296,6285.913048905552,24905.160828128148,0.0,24905.160828128148,42014.37791200666,0.0,20784.375167148144,15059.75428335185,12342.471371826668,0,0,0,6000.0,0.0,26028.872880470877,0.04165594599999167,4.547473508864641e-13,1.1368683772161603e-13,7.105427357601002e-15,9.094947017729282e-13,21,14,none,21,0.0,0.5,220,240,21,19.2964999927831
ridge_fixed_saa_h1,242,2025-08-31,6285.913048905552,7101.2658219333325,50202.84114441436,0.0,50202.84114441436,79379.24407875103,0.0,8137.258653625515,20323.920242458847,15728.557900666667,0,0,0,6000.0,0.0,52788.47667859353,0.04557373000034204,2.2737367544323206e-13,1.1368683772161603e-13,5.684341886080802e-14,9.094947017729282e-13,21,14,none,21,0.0,0.5,221,241,21,19.2964999927831
ridge_fixed_saa_h1,243,2025-09-01,7101.2658219333325,8955.469285759262,45840.07439383398,0.0,45840.07439383398,72513.11624377161,0.0,13762.850509921816,18459.726753016454,13283.595552499999,0,0,0,6000.0,0.0,48249.23347901939,0.04619856299996172,2.2737367544323206e-13,1.1368683772161603e-13,5.684341886080802e-14,9.094947017729282e-13,21,14,none,21,0.0,0.5,222,242,21,19.2964999927831
ridge_fixed_saa_h1,244,2025-09-02,8955.469285759262,8128.390930453704,42110.38556188127,0.0,42110.38556188127,66386.58353418518,0.0,9645.613043102887,18039.921899248962,15356.707258166665,0,0,0,6000.0,0.0,44515.91360079237,0.046676553999986936,1.8189894035458565e-12,1.1368683772161603e-13,1.1368683772161603e-13,9.094947017729282e-13,21,14,none,21,0.0,0.5,223,243,21,19.2964999927831
ridge_fixed_saa_h1,245,2025-09-03,8128.390930453704,8284.31048667778,43396.76759093648,0.0,43396.76759093648,68276.0786106358,0.0,9372.18463771399,16925.521696421813,13569.344973499998,0,0,0,6000.0,0.0,45823.45949571009,0.046159066000200255,9.094947017729282e-13,1.1368683772161603e-13,1.1368683772161603e-13,9.094947017729282e-13,21,14,none,21,0.0,0.5,224,244,21,19.2964999927831
ridge_fixed_saa_h1,246,2025-09-04,8284.31048667778,7360.822425600002,40823.76633499944,66.74650172549998,40890.51283672494,64565.76522219958,9.908186999999998,8062.548633983537,17993.149895716044,15405.590670499998,1,1,1,6000.0,0.0,43158.01975303045,0.04725491399995008,1.8189894035458565e-12,1.1368683772161603e-13,2.842170943040401e-14,9.094947017729282e-13,21,14,none,21,0.0,0.5,225,245,21,19.2964999927831
ridge_fixed_saa_h1,247,2025-09-05,7360.822425600002,7137.67534910741,18770.79892978811,0.0,18770.79892978811,33042.44614429333,0.0,23403.820216002052,15869.455949831276,13055.091688206667,0,0,0,6000.0,0.0,19870.85569310386,0.04041636500005552,1.8189894035458565e-12,1.1368683772161603e-13,5.684341886080802e-14,6.821210263296962e-13,21,14,none,21,0.0,0.5,226,246,21,19.2964999927831
ridge_fixed_saa_h1,248,2025-09-06,7137.67534910741,7337.6176854259265,18911.71644759336,0.0,18911.71644759336,33458.583265969995,0.0,22448.478890598766,16363.539856234567,13074.519180863335,0,0,0,6000.0,0.0,20096.992912185586,0.04083205799997813,9.094947017729282e-13,1.1368683772161603e-13,5.684341886080802e-14,7.958078640513122e-13,21,14,none,21,0.0,0.5,227,247,21,19.2964999927831
ridge_fixed_saa_h1,249,2025-09-07,7337.6176854259265,7146.107987081483,40103.29083551353,0.0,40103.29083551353,64044.36537071811,0.0,5630.678317711934,19079.274551839506,15626.571115499997,0,0,0,6000.0,0.0,42501.244113520086,0.04667850700025156,1.8189894035458565e-12,1.1368683772161603e-13,5.684341886080802e-14,8.970602038971265e-13,21,14,none,21,0.0,0.5,228,248,21,19.2964999927831
ridge_fixed_saa_h1,250,2025-09-08,7146.107987081483,5911.159562357407,37539.886821085005,13081.965694953278,50621.852516038285,60878.6940744609,1965.1324019533351,1059.523411483546,18422.03744131069,16033.30390971333,11,1,3,6000.0,0.0,39903.38056458711,0.047658451000188506,2.2737367544323206e-13,1.1368683772161603e-13,5.684341886080802e-14,9.094947017729282e-13,21,14,none,21,0.0,0.5,229,249,21,19.2964999927831
ridge_fixed_saa_h1,251,2025-09-09,5911.159562357407,6183.050864994443,40141.54790677583,1118.4304845798454,41259.978391355675,65342.40115234361,160.32547084000078,8334.358225716043,20109.641886460908,16044.10775566,1,1,1,6000.0,0.0,42843.67038252614,0.047692916999949375,2.2737367544323206e-13,1.1368683772161603e-13,1.1368683772161603e-13,9.094947017729282e-13,21,14,none,21,0.0,0.5,230,250,21,19.2964999927831
ridge_fixed_saa_h1,252,2025-09-10,6183.050864994443,6104.468417399999,39683.07921636879,9305.139511462172,48988.21872783096,64036.836461520565,1550.9084773800018,433.0850095884771,20575.713063932097,16737.05178462,11,1,3,6000.0,0.0,42183.22464922213,0.04634104499973546,2.2737367544323206e-13,1.1368683772161603e-13,5.684341886080802e-14,9.094947017729282e-13,21,14,none,21,0.0,0.5,231,251,21,19.2964999927831
ridge_fixed_saa_h1,253,2025-09-11,6104.468417399999,6423.721315801854,41369.31583334047,40.929105000000334,41410.244938340475,67028.22663859464,6.071666666666715,9374.289840897125,20403.13196036419,16239.209279333334,1,1,1,6000.0,0.0,43988.613626611186,0.04505064900013167,0.0,1.1368683772161603e-13,1.1368683772161603e-13,9.094947017729282e-13,21,14,none,21,0.0,0.5,232,252,21,19.2964999927831
ridge_fixed_saa_h1,254,2025-09-12,6423.721315801854,6370.1657659629645,17769.36546121951,172.03929527051733,17941.40475649003,32068.611765111662,49.87369046833378,17497.424003166663,16408.448669833335,13339.04341742,1,1,1,6000.0,0.0,18859.60568163385,0.039933799999744224,9.094947017729282e-13,1.1368683772161603e-13,5.684341886080802e-14,7.958078640513122e-13,21,14,none,21,0.0,0.5,233,253,21,19.2964999927831
ridge_fixed_saa_h1,255,2025-09-13,6370.1657659629645,6706.715932596295,18345.560224078577,0.0,18345.560224078577,33245.11438096666,0.0,21875.400403248972,16103.775496917693,12741.163002533334,0,0,0,6000.0,0.0,19448.4118099171,0.04041583900016121,9.094947017729282e-13,1.1368683772161603e-13,1.4210854715202004e-14,7.531752999057062e-13,21,14,none,21,0.0,0.5,234,254,21,19.2964999927831
ridge_fixed_saa_h1,256,2025-09-14,6706.715932596295,6390.028866650002,40642.81628178232,0.0,40642.81628178232,65413.66443134156,0.0,1709.8020575679113,20471.347279606984,16866.80965583333,0,0,0,6000.0,0.0,43370.449389901565,0.044261485999868455,4.547473508864641e-13,1.1368683772161603e-13,1.1368683772161603e-13,9.094947017729282e-13,21,14,none,21,0.0,0.5,235,255,21,19.2964999927831
ridge_fixed_saa_h1,257,2025-09-15,6390.028866650002,6130.8502085759255,40332.55636429852,1716.2854110882522,42048.841775386776,65572.87575665019,246.0673809066684,7038.506297222217,20771.931575094655,17058.52536809333,2,1,2,6000.0,0.0,42921.007628765365,0.04627156200012905,2.2737367544323206e-13,1.1368683772161603e-13,1.1368683772161603e-13,9.094947017729282e-13,21,14,none,21,0.0,0.5,236,256,21,19.2964999927831
ridge_fixed_saa_h1,258,2025-09-16,6130.8502085759255,5794.2111877611105,40674.531370831755,1138.8692214091432,41813.4005922409,65783.67556099588,170.5355943933315,2912.5525367901214,20278.23028420576,16728.341648939997,5,1,4,6000.0,0.0,43372.191738637426,0.04573210200032918,4.547473508864641e-13,1.1368683772161603e-13,5.684341886080802e-14,9.094947017729282e-13,21,14,none,21,0.0,0.5,237,257,21,19.2964999927831
ridge_fixed_saa_h1,259,2025-09-17,5794.2111877611105,6164.323032561111,41576.79016414884,34.70889375000076,41611.49905789884,67590.69416672838,7.629166666666833,3130.7157992654293,21970.46565162963,17462.9765175,1,1,1,6000.0,0.0,44273.38235252798,0.0450775250001243,2.2737367544323206e-13,1.1368683772161603e-13,1.1368683772161603e-13,9.094947017729282e-13,21,14,none,21,0.0,0.5,238,258,21,19.2964999927831
ridge_fixed_saa_h1,260,2025-09-18,6164.323032561111,6069.051672572223,41601.766512014365,716.6174168448089,42318.38392885918,67346.9127085,123.47046313833053,4674.09007953703,20663.085260129636,16822.843284695,5,1,2,6000.0,0.0,44304.016017320166,0.045045181999739725,1.8189894035458565e-12,1.1368683772161603e-13,5.684341886080802e-14,8.846257060213247e-13,21,14,none,21,0.0,0.5,239,259,21,19.2964999927831
ridge_fixed_saa_h1,261,2025-09-19,6069.051672572223,6634.6225947370385,18318.50706419962,0.0,18318.50706419962,33103.18662885166,0.0,13332.932470528804,16630.989535304525,12962.087693648333,0,0,0,6000.0,0.0,19437.257541147203,0.03924201100016944,9.094947017729282e-13,1.1368683772161603e-13,5.684341886080802e-14,8.419931418757187e-13,21,14,none,21,0.0,0.5,240,260,21,19.2964999927831
ridge_fixed_saa_h1,262,2025-09-20,6634.6225947370385,6770.501955129632,18485.230023908687,0.0,18485.230023908687,33351.92090823666,0.0,14395.781269335392,16781.12884849794,13470.422942930001,0,0,0,6000.0,0.0,19534.938840724884,0.039706137999928615,9.094947017729282e-13,1.1368683772161603e-13,5.684341886080802e-14,9.094947017729282e-13,21,14,none,21,0.0,0.5,241,261,21,19.2964999927831
ridge_fixed_saa_h1,263,2025-09-21,6770.501955129632,6528.311957581483,43213.68945843432,0.0,43213.68945843432,69235.06320362817,0.0,7670.511293553501,18394.92328702468,15117.858860283333,0,0,0,6000.0,0.0,45660.49745069324,0.04613946599965857,4.547473508864641e-13,1.1368683772161603e-13,5.684341886080802e-14,9.094947017729282e-13,21,14,none,21,0.0,0.5,242,262,21,19.2964999927831
ridge_fixed_saa_h1,264,2025-09-22,6528.311957581483,5908.615472894447,41780.69960913807,3760.5319818053945,45541.23159094347,67681.37767578207,580.862450155004,4478.439534255134,19618.46076087861,16448.68005253,9,1,3,6000.0,0.0,44162.977175985565,0.04663310400019327,4.547473508864641e-13,1.1368683772161603e-13,5.684341886080802e-14,9.094947017729282e-13,21,14,none,21,0.0,0.5,243,263,21,19.2964999927831
ridge_fixed_saa_h1,265,2025-09-23,5908.615472894447,6156.514819712962,43121.92577426484,3897.933150028515,47019.85892429335,69787.05351228557,594.5078484816663,4050.96169754732,21004.60351447325,16790.619434586668,5,1,1,6000.0,0.0,45607.478134229365,0.04623622399958549,1.8189894035458565e-12,1.1368683772161603e-13,5.684341886080802e-14,9.094947017729282e-13,21,14,none,21,0.0,0.5,244,264,21,19.2964999927831
ridge_fixed_saa_h1,266,2025-09-24,6156.514819712962,6349.030696320373,43056.92131438735,0.0,43056.92131438735,69418.02395917488,0.0,4089.544696794238,21536.788807547324,17271.53464516667,0,0,0,6000.0,0.0,45565.39843494291,0.046168164999926375,1.8189894035458565e-12,1.1368683772161603e-13,5.684341886080802e-14,9.094947017729282e-13,21,14,none,21,0.0,0.5,245,265,21,19.2964999927831
ridge_fixed_saa_h1,267,2025-09-25,6349.030696320373,6103.023676974074,43671.18904135961,103.4974316666667,43774.68647302628,70244.16017499381,15.37166666666667,6400.638725004106,19709.739652989712,16186.295436333337,1,1,1,6000.0,0.0,46096.07334690463,0.04636538299973836,4.547473508864641e-13,1.1368683772161603e-13,5.684341886080802e-14,9.094947017729282e-13,21,14,none,21,0.0,0.5,246,266,21,19.2964999927831
ridge_fixed_saa_h1,268,2025-09-26,6103.023676974074,6691.998448594448,18894.66249465324,0.0,18894.66249465324,33924.309905723334,0.0,12667.00550939918,15963.071588767487,12400.010692443331,0,0,0,6000.0,0.0,19989.212895949284,0.038987277999694925,9.094947017729282e-13,1.1368683772161603e-13,5.684341886080802e-14,9.094947017729282e-13,21,14,none,21,0.0,0.5,247,267,21,19.2964999927831
ridge_fixed_saa_h1,269,2025-09-27,6691.998448594448,6218.273871555556,18952.704614666523,0.0,18952.704614666523,34022.48613743166,0.0,13537.774030337448,16367.168296995882,13683.75843990167,0,0,0,6000.0,0.0,20013.924926736785,0.04037521400005062,9.094947017729282e-13,1.1368683772161603e-13,5.684341886080802e-14,9.094947017729282e-13,21,14,none,21,0.0,0.5,248,268,21,19.2964999927831
ridge_fixed_saa_h1,270,2025-09-28,6218.273871555556,6586.286235022222,44883.81986174095,39.56136916666671,44923.38123090762,72137.41960315843,5.868333333333339,4202.031409936216,21696.927540888886,17243.300181,1,1,1,6000.0,0.0,47158.48190929065,0.045831629000076646,4.547473508864641e-13,1.1368683772161603e-13,1.1368683772161603e-13,9.094947017729282e-13,21,14,none,21,0.0,0.5,249,269,21,19.2964999927831
ridge_fixed_saa_h1,271,2025-09-29,6586.286235022222,6014.189447346297,43458.60612236523,2899.1005644071442,46357.70668677237,70283.65854938065,426.3120327233339,4592.852203500001,20379.546776380656,17022.319997776667,3,1,2,6000.0,0.0,45736.54388251694,0.04824641699997301,2.2737367544323206e-13,1.1368683772161603e-13,5.684341886080802e-14,9.094947017729282e-13,21,14,none,21,0.0,0.5,250,270,21,19.2964999927831
ridge_fixed_saa_h1,272,2025-09-30,6014.189447346297,6053.899320959259,44413.27815960268,2626.319436134846,47039.59759573753,71398.09035285184,394.094960233338,2177.6832668004095,21876.7810177181,17684.453738099994,5,1,3,6000.0,0.0,46737.41337571008,0.0463061700002072,2.2737367544323206e-13,1.1368683772161603e-13,5.684341886080802e-14,9.094947017729282e-13,21,14,none,21,0.0,0.5,251,271,21,19.2964999927831
ridge_fixed_saa_h1,273,2025-10-01,6053.899320959259,7568.846776492593,44408.98886457903,0.0,44408.98886457903,71654.23977334567,0.0,17052.711188753085,18823.970217259255,13883.963165999998,0,0,0,6000.0,0.0,46711.093215309804,0.04679161300009582,4.547473508864641e-13,1.1368683772161603e-13,1.1368683772161603e-13,8.988365607365267e-13,21,14,none,21,0.0,0.5,252,272,21,19.2964999927831
ridge_fixed_saa_h1,274,2025-10-02,7568.846776492593,7595.262490598152,41659.10607334977,0.0,41659.10607334977,66851.22054751028,0.0,11498.62630044238,18937.036777401237,15315.225647000001,0,0,0,6000.0,0.0,43785.48729351706,0.04637455200008844,9.094947017729282e-13,1.1368683772161603e-13,1.1368683772161603e-13,9.094947017729282e-13,21,14,none,21,0.0,0.5,253,273,21,19.2964999927831
ridge_fixed_saa_h1,275,2025-10-03,7595.262490598152,7318.93239347963,16302.165020095186,0.0,16302.165020095186,30246.183613628327,0.0,19641.954540919753,15977.749790080245,13190.674417371669,0,0,0,6000.0,0.0,17398.659691750723,0.04022537299988471,1.8189894035458565e-12,1.1368683772161603e-13,5.684341886080802e-14,7.958078640513122e-13,21,14,none,21,0.0,0.5,254,274,21,19.2964999927831
ridge_fixed_saa_h1,276,2025-10-04,7318.93239347963,6505.392722901852,15914.387321742866,0.0,15914.387321742866,30209.50408586833,0.0,14757.726109915637,16252.532874417695,13896.737331798333,0,0,0,6000.0,0.0,16920.764848376682,0.038322394999795506,9.094947017729282e-13,1.1368683772161603e-13,5.684341886080802e-14,9.094947017729282e-13,21,14,none,21,0.0,0.5,255,275,21,19.2964999927831
ridge_fixed_saa_h1,277,2025-10-05,6505.392722901852,6692.146435250002,39763.299269107345,0.0,39763.299269107345,65182.506928975294,0.0,6501.594000944449,19878.28168553085,15933.329824166663,0,0,0,6000.0,0.0,41914.00017001392,0.046319092999965505,9.094947017729282e-13,1.1368683772161603e-13,5.684341886080802e-14,9.094947017729282e-13,21,14,none,21,0.0,0.5,256,276,21,19.2964999927831
ridge_fixed_saa_h1,278,2025-10-06,6692.146435250002,6249.802128996298,39868.54266201281,0.0,39868.54266201281,65130.86369983744,0.0,4027.8234963806576,19831.79383729012,16461.86288383333,0,0,0,6000.0,0.0,42043.286953838906,0.04651412200018967,9.094947017729282e-13,1.1368683772161603e-13,5.684341886080802e-14,9.094947017729282e-13,21,14,none,21,0.0,0.5,257,277,21,19.2964999927831
ridge_fixed_saa_h1,279,2025-10-07,6249.802128996298,6622.4592333055525,40245.05970509719,0.0,40245.05970509719,65680.85249288683,0.0,3554.338797549386,21155.575270837442,16800.624575499998,0,0,0,6000.0,0.0,42369.41596597703,0.04821767399971577,9.094947017729282e-13,1.1368683772161603e-13,5.684341886080802e-14,8.988365607365267e-13,21,14,none,21,0.0,0.5,258,278,21,19.2964999927831
ridge_fixed_saa_h1,280,2025-10-08,6622.4592333055525,6069.335967518518,38536.16393313103,2626.7310636793063,41162.89499681033,63737.26459896502,388.1195415300038,4342.129181563795,20013.527534067896,16708.76824180333,3,1,1,6000.0,0.0,40612.35912933121,0.04801997100003064,9.094947017729282e-13,1.1368683772161603e-13,5.684341886080802e-14,9.094947017729282e-13,21,14,none,21,0.0,0.5,259,279,21,19.2964999927831
ridge_fixed_saa_h1,281,2025-10-09,6069.335967518518,6092.912070072222,39140.26076443875,1775.4286509805358,40915.68941541929,64545.9788341502,264.81319600499853,5099.627728888487,20684.021713868715,16732.839095935327,3,1,1,6000.0,0.0,41097.01100587409,0.04924468999979581,9.094947017729282e-13,1.1368683772161603e-13,5.684341886080802e-14,8.988365607365267e-13,21,14,none,21,0.0,0.5,260,280,21,19.2964999927831
ridge_fixed_saa_h1,282,2025-10-10,6092.912070072222,5743.248905181481,15702.301296477763,714.7571285077806,16417.058424985542,30529.90547060166,128.66265405000087,18590.150141590537,15997.389025242795,13272.581958848332,4,1,2,6000.0,0.0,16487.60258462347,0.0424795929998254,2.2737367544323206e-13,1.1368683772161603e-13,5.684341886080802e-14,9.094947017729282e-13,21,14,none,21,0.0,0.5,261,281,21,19.2964999927831
ridge_fixed_saa_h1,283,2025-10-11,5743.248905181481,6113.979119374077,16730.60938881085,0.0,16730.60938881085,32371.843902216046,0.0,14819.003034162552,16383.526799720163,12936.999514999998,0,0,0,6000.0,0.0,17498.575089283604,0.04246505300034187,9.094947017729282e-13,1.1368683772161603e-13,5.684341886080802e-14,8.08242361927114e-13,21,14,none,21,0.0,0.5,262,282,21,19.2964999927831
ridge_fixed_saa_h1,284,2025-10-12,6113.979119374077,6320.10725063518,40184.208543159686,98.03580773333336,40282.24435089302,65592.83090708024,20.929933333333338,2977.4077658312776,20715.16722691563,16593.77013566667,1,1,1,6000.0,0.0,41975.66037864726,0.047555218000070454,9.094947017729282e-13,1.1368683772161603e-13,1.1368683772161603e-13,9.094947017729282e-13,21,14,none,21,0.0,0.5,263,283,21,19.2964999927831
ridge_fixed_saa_h1,285,2025-10-13,6320.10725063518,6470.300328300001,40944.133966798916,0.0,40944.133966798916,66628.62626741358,0.0,5575.777051224282,20475.158664689305,16449.7047485,0,0,0,6000.0,0.0,42702.70874763589,0.04754915100011203,9.094947017729282e-13,1.1368683772161603e-13,1.1368683772161603e-13,9.094947017729282e-13,21,14,none,21,0.0,0.5,264,284,21,19.2964999927831
ridge_fixed_saa_h1,286,2025-10-14,6470.300328300001,6509.673300994442,40967.05838838244,346.6090583852364,41313.66744676767,66472.6918890576,72.42046000666386,1645.832603783953,21526.39361327366,17400.943151326668,2,1,1,6000.0,0.0,42663.95974403061,0.04793906499980949,1.8189894035458565e-12,1.1368683772161603e-13,5.684341886080802e-14,9.094947017729282e-13,21,14,none,21,0.0,0.5,265,285,21,19.2964999927831
ridge_fixed_saa_h1,287,2025-10-15,6509.673300994442,6126.941166648147,40729.3270309761,68.31406785824842,40797.64109883435,66622.73023562756,15.339961065000377,1089.650960518515,20909.76056360906,17281.364977435,3,1,2,6000.0,0.0,42329.492977635295,0.04654277200006618,4.547473508864641e-13,1.1368683772161603e-13,5.684341886080802e-14,9.094947017729282e-13,21,14,none,21,0.0,0.5,266,286,21,19.2964999927831
ridge_fixed_saa_h1,288,2025-10-16,6126.941166648147,6203.946964407408,41477.27613593155,9454.16496412734,50931.44110005889,67819.69939677778,1390.8724876583299,2084.5640261522685,21527.52468579218,17367.989777508337,4,1,1,6000.0,0.0,43153.41635700922,0.047149776999958704,2.2737367544323206e-13,1.1368683772161603e-13,5.684341886080802e-14,9.094947017729282e-13,21,14,none,21,0.0,0.5,267,287,21,19.2964999927831
ridge_fixed_saa_h1,289,2025-10-17,6203.946964407408,5924.213607433333,16741.020335877518,0.0,16741.020335877518,32052.916810329214,0.0,13312.881223479422,15724.191007683128,12988.354737500002,0,0,0,6000.0,0.0,17520.611566934764,0.042089281999778905,4.547473508864641e-13,1.1368683772161603e-13,5.684341886080802e-14,9.094947017729282e-13,21,14,none,21,0.0,0.5,268,288,21,19.2964999927831
ridge_fixed_saa_h1,290,2025-10-18,5924.213607433333,6671.504806044444,17376.653813044803,0.0,17376.653813044803,33207.216231728395,0.0,13371.588780115228,16244.590032613165,12485.555847666665,0,0,0,6000.0,0.0,18119.48031691809,0.04173301600030754,1.8189894035458565e-12,1.1368683772161603e-13,5.684341886080802e-14,8.952838470577262e-13,21,14,none,21,0.0,0.5,269,289,21,19.2964999927831
ridge_fixed_saa_h1,291,2025-10-19,6671.504806044444,6168.292418929629,42766.30825573582,4007.9100408409636,46774.218296576786,69778.48590251029,582.2028507325545,2856.490045874488,21428.249065465014,17809.772891429995,2,1,1,6000.0,0.0,44519.11205480803,0.04601711199984493,9.094947017729282e-13,1.1368683772161603e-13,1.1368683772161603e-13,9.094947017729282e-13,21,14,none,21,0.0,0.5,270,290,21,19.2964999927831
ridge_fixed_saa_h1,292,2025-10-20,6168.292418929629,6389.310484231482,44422.729826849376,2295.23211170608,46717.961938555454,72002.07750105762,477.41017847666603,3691.202379658437,21834.66670756584,17487.163774356664,5,1,1,6000.0,0.0,46166.72966975002,0.046936808999817003,4.547473508864641e-13,1.1368683772161603e-13,1.1368683772161603e-13,9.094947017729282e-13,21,14,none,21,0.0,0.5,271,291,21,19.2964999927831
ridge_fixed_saa_h1,293,2025-10-21,6389.310484231482,6578.576574525925,44828.62730043259,0.0,44828.62730043259,72517.13319353496,0.0,1685.8058829176887,22096.876207117282,17728.1302465,0,0,0,6000.0,0.0,46769.88119372153,0.04759042599971508,9.094947017729282e-13,1.1368683772161603e-13,1.1368683772161603e-13,9.094947017729282e-13,21,14,none,21,0.0,0.5,272,292,21,19.2964999927831
ridge_fixed_saa_h1,294,2025-10-22,6578.576574525925,6044.804317405555,44825.48854893734,2691.2590744840127,47516.74762342135,73041.33227931481,509.84018583499835,4350.927202010284,21714.43997130453,18069.091408164997,9,1,3,6000.0,0.0,46755.74408204259,0.047111605000282,9.094947017729282e-13,1.1368683772161603e-13,5.684341886080802e-14,9.094947017729282e-13,21,14,none,21,0.0,0.5,273,293,21,19.2964999927831
ridge_fixed_saa_h1,295,2025-10-23,6044.804317405555,6296.847462301853,45657.935367923244,0.0,45657.935367923244,74117.96458987653,0.0,6361.519893257202,21842.678067786008,17465.730404500002,0,0,0,6000.0,0.0,47563.58799287985,0.04684761999988041,4.547473508864641e-13,1.1368683772161603e-13,1.1368683772161603e-13,8.739675649849232e-13,21,14,none,21,0.0,0.5,274,294,21,19.2964999927831
ridge_fixed_saa_h1,296,2025-10-24,6296.847462301853,6007.107544292594,17108.509969481405,557.2426134155633,17665.75258289697,32684.661363711937,120.7684478799964,11474.99915515432,16690.241399890947,13779.861460120002,4,1,1,6000.0,0.0,17911.60649090865,0.04293514299979506,4.547473508864641e-13,1.1368683772161603e-13,5.684341886080802e-14,7.958078640513122e-13,21,14,none,21,0.0,0.5,275,295,21,19.2964999927831
ridge_fixed_saa_h1,297,2025-10-25,6007.107544292594,6391.048871631482,18020.156001563628,0.0,18020.156001563628,34248.012945534974,0.0,11366.724301847738,16512.151135520573,13029.29522516667,0,0,0,6000.0,0.0,18882.785206687593,0.0426105120000102,9.094947017729282e-13,1.1368683772161603e-13,5.684341886080802e-14,9.094947017729282e-13,21,14,none,21,0.0,0.5,276,296,21,19.2964999927831
ridge_fixed_saa_h1,298,2025-10-26,6391.048871631482,6691.852565614815,45837.44540412914,0.0,45837.44540412914,74284.31295710287,0.0,5463.597824351844,21082.525218417697,16806.122102333335,0,0,0,6000.0,0.0,47832.172119411356,0.04715750899958948,0.0,1.1368683772161603e-13,5.684341886080802e-14,9.094947017729282e-13,21,14,none,21,0.0,0.5,277,297,21,19.2964999927831
ridge_fixed_saa_h1,299,2025-10-27,6691.852565614815,6400.967988335188,46207.382095533816,92.48526773333361,46299.86736326715,74443.81899562139,19.744933333333393,7203.243190370369,20892.290481417695,17184.551409499996,1,1,1,6000.0,0.0,48260.9211729962,0.04763635700010127,9.094947017729282e-13,1.1368683772161603e-13,1.1368683772161603e-13,9.094947017729282e-13,21,14,none,21,0.0,0.5,278,298,21,19.2964999927831
ridge_fixed_saa_h1,300,2025-10-28,6400.967988335188,6636.339380533334,46491.515477408866,0.0,46491.515477408866,74861.96793047736,0.0,4550.9786924856,21719.648868491764,17381.0813305,0,0,0,6000.0,0.0,48414.399494532525,0.04865349600004265,9.094947017729282e-13,1.1368683772161603e-13,5.684341886080802e-14,9.094947017729282e-13,21,14,none,21,0.0,0.5,279,299,21,19.2964999927831
ridge_fixed_saa_h1,301,2025-10-29,6636.339380533334,6093.017431649999,45467.35257517522,3383.186233470041,48850.53880864526,73463.28731341152,560.5148636883363,910.827589205763,22577.408115205755,18776.690327311662,10,1,2,6000.0,0.0,47399.31993278285,0.048869452999952046,9.094947017729282e-13,1.1368683772161603e-13,1.1368683772161603e-13,9.094947017729282e-13,21,14,none,21,0.0,0.5,280,300,21,19.2964999927831
ridge_fixed_saa_h1,302,2025-10-30,6093.017431649999,6184.485450277777,46481.12702523604,17.058347333333423,46498.18537256937,75090.3518727,3.641833333333352,6188.066636395077,21240.99054143826,17122.881121799997,1,1,1,6000.0,0.0,48548.96442507542,0.04812756499995885,4.547473508864641e-13,1.1368683772161603e-13,5.684341886080802e-14,9.094947017729282e-13,21,14,none,21,0.0,0.5,281,301,21,19.2964999927831
ridge_fixed_saa_h1,303,2025-10-31,6184.485450277777,6144.526913257409,17886.84689701504,0.0,17886.84689701504,33831.869403370365,0.0,6718.2994335555595,17080.213612981475,13870.935709833331,0,0,0,6000.0,0.0,18693.420029852954,0.044124515999556024,9.094947017729282e-13,1.1368683772161603e-13,5.684341886080802e-14,8.384404281969182e-13,21,14,none,21,0.0,0.5,282,302,21,19.2964999927831
ridge_fixed_saa_h1,304,2025-11-01,6144.526913257409,7068.530025159263,19318.889238578442,0.0,19318.889238578442,36163.55391580452,0.0,9541.042135952677,17088.792346351845,13010.318999833333,0,0,0,6000.0,0.0,20185.42742564192,0.04433535599991956,1.8189894035458565e-12,1.1368683772161603e-13,5.684341886080802e-14,9.094947017729282e-13,21,14,none,21,0.0,0.5,283,303,21,19.2964999927831
ridge_fixed_saa_h1,305,2025-11-02,7068.530025159263,6547.529407624071,48418.461776397686,0.0,48418.461776397686,77631.74987970969,0.0,5224.354928438269,21473.218809051436,17862.207791113335,0,0,0,6000.0,0.0,50464.726018189445,0.04873119600006248,9.094947017729282e-13,1.1368683772161603e-13,5.684341886080802e-14,9.094947017729282e-13,21,14,none,21,0.0,0.5,284,304,21,19.2964999927831
ridge_fixed_saa_h1,306,2025-11-03,6547.529407624071,6961.795568044444,49829.8030484701,0.0,49829.8030484701,79478.97287004818,0.0,5724.730227318925,20402.488500092597,16153.176140696669,0,0,0,6000.0,0.0,51863.04985273073,0.04909897700008514,9.094947017729282e-13,1.1368683772161603e-13,5.684341886080802e-14,9.094947017729282e-13,21,14,none,21,0.0,0.5,285,305,21,19.2964999927831
ridge_fixed_saa_h1,307,2025-11-04,6961.795568044444,6369.96744318889,49456.70462878166,125.24993449858287,49581.95456328025,79030.15550929861,26.880736166666566,8242.355670615223,19827.651862561732,16593.043321045003,2,1,1,6000.0,0.0,51570.21811511539,0.05069141599960858,9.094947017729282e-13,1.1368683772161603e-13,1.1368683772161603e-13,9.094947017729282e-13,21,14,none,21,0.0,0.5,286,306,21,19.2964999927831
ridge_fixed_saa_h1,308,2025-11-05,6369.96744318889,6877.4665040148175,49279.79469462727,0.0,49279.79469462727,78816.03138782346,0.0,4527.45188024691,21862.159400876542,17251.59995996666,0,0,0,6000.0,0.0,51386.42694352096,0.0497492819999934,9.094947017729282e-13,1.1368683772161603e-13,1.7053025658242404e-13,8.526512829121202e-13,21,14,none,21,0.0,0.5,287,307,21,19.2964999927831
ridge_fixed_saa_h1,309,2025-11-06,6877.4665040148175,6394.158336870369,48812.668509216084,927.079574501811,49739.748083717895,78111.11616751131,192.33544924082958,3180.360781485596,22044.650714192383,18291.144428925836,4,1,1,6000.0,0.0,50836.562435503,0.049409904000185634,9.094947017729282e-13,1.1368683772161603e-13,1.1368683772161603e-13,9.094947017729282e-13,21,14,none,21,0.0,0.5,288,308,21,19.2964999927831
ridge_fixed_saa_h1,310,2025-11-07,6394.158336870369,6776.256963355558,19333.474925131646,0.0,19333.474925131646,36133.01780052675,0.0,9037.977339251032,18066.789021609053,14290.210343666664,0,0,0,6000.0,0.0,20135.37865100453,0.04448575299966251,4.547473508864641e-13,1.1368683772161603e-13,5.684341886080802e-14,9.094947017729282e-13,21,14,none,21,0.0,0.5,289,309,21,19.2964999927831
ridge_fixed_saa_h1,311,2025-11-08,6776.256963355558,6828.362092607407,19234.950701200098,0.0,19234.950701200098,36223.93259696296,0.0,9215.40429716872,16686.455702460902,13469.134502666664,0,0,0,6000.0,0.0,20040.419638752013,0.045365964000211534,1.8189894035458565e-12,1.1368683772161603e-13,5.684341886080802e-14,9.094947017729282e-13,21,14,none,21,0.0,0.5,290,310,21,19.2964999927831
ridge_fixed_saa_h1,312,2025-11-09,6828.362092607407,6510.893319659263,49547.599504366444,0.0,49547.599504366444,79155.61608177982,0.0,4020.4518561522627,21442.468094460906,17654.121052166665,0,0,0,6000.0,0.0,51514.13942502878,0.050982469000246056,9.094947017729282e-13,1.1368683772161603e-13,5.684341886080802e-14,9.094947017729282e-13,21,14,none,21,0.0,0.5,291,311,21,19.2964999927831
ridge_fixed_saa_h1,313,2025-11-10,6510.893319659263,6517.91058232407,50326.53915335509,0.0,50326.53915335509,80253.54865548748,0.0,2152.647853565839,22295.485081701645,18053.027379780004,0,0,0,6000.0,0.0,52328.21310760338,0.04915860500022973,2.2737367544323206e-13,1.1368683772161603e-13,1.1368683772161603e-13,9.094947017729282e-13,21,14,none,21,0.0,0.5,292,312,21,19.2964999927831
ridge_fixed_saa_h1,314,2025-11-11,6517.91058232407,6609.693597501853,51209.44487373689,0.0,51209.44487373689,81363.97023120937,0.0,5746.206970485592,20927.046738932106,16868.303144875,0,0,0,6000.0,0.0,53072.67653185225,0.049358578999999736,9.094947017729282e-13,1.1368683772161603e-13,1.1368683772161603e-13,8.881784197001252e-13,21,14,none,21,0.0,0.5,293,313,21,19.2964999927831
ridge_fixed_saa_h1,315,2025-11-12,6609.693597501853,6512.922575561111,50622.940294347354,0.0,50622.940294347354,80623.90564490404,0.0,5606.307817442383,21835.284195833334,17773.674118371666,0,0,0,6000.0,0.0,52556.06125225166,0.04971060200023203,9.094947017729282e-13,1.1368683772161603e-13,1.1368683772161603e-13,9.094947017729282e-13,21,14,none,21,0.0,0.5,294,314,21,19.2964999927831
ridge_fixed_saa_h1,316,2025-11-13,6512.922575561111,6414.117552492595,50444.58259185215,0.0,50444.58259185215,80206.40259878265,0.0,3891.8026999897097,21092.91106783128,17174.182485704998,0,0,0,6000.0,0.0,52355.26067274094,0.04863574699993478,2.2737367544323206e-13,1.1368683772161603e-13,1.1368683772161603e-13,9.094947017729282e-13,21,14,none,21,0.0,0.5,295,315,21,19.2964999927831
ridge_fixed_saa_h1,317,2025-11-14,6414.117552492595,6663.274737677782,19474.363008025586,0.0,19474.363008025586,36309.9070868539,0.0,5155.848413434153,17533.483719753087,13977.880346333335,0,0,0,6000.0,0.0,20448.76461673926,0.04547545900004479,9.094947017729282e-13,1.1368683772161603e-13,4.440892098500626e-16,8.526512829121202e-13,21,14,none,21,0.0,0.5,296,316,21,19.2964999927831
ridge_fixed_saa_h1,318,2025-11-15,6663.274737677782,6503.4074819870375,19369.781592506988,0.0,19369.781592506988,36243.07405346501,0.0,4828.934665569956,17611.226322895058,14408.973851666666,0,0,0,6000.0,0.0,20390.724703437474,0.0466393080000671,9.094947017729282e-13,1.1368683772161603e-13,5.684341886080802e-14,8.526512829121202e-13,21,14,none,21,0.0,0.5,297,317,21,19.2964999927831
ridge_fixed_saa_h1,319,2025-11-16,6503.4074819870375,6625.374457807406,51578.96986406231,0.0,51578.96986406231,82053.1982839897,0.0,3127.609456351849,23059.33771613786,18568.293271833332,0,0,0,6000.0,0.0,53434.581573061725,0.0497743230002925,9.094947017729282e-13,1.1368683772161603e-13,1.1368683772161603e-13,9.094947017729282e-13,21,14,none,21,0.0,0.5,298,318,21,19.2964999927831
ridge_fixed_saa_h1,320,2025-11-17,6625.374457807406,6732.311007725925,52447.059710657886,0.0,52447.059710657886,83002.00741437447,0.0,6129.605671563784,21475.81323447737,17299.165825,0,0,0,6000.0,0.0,54284.77995013218,0.0482463270000153,4.547473508864641e-13,1.1368683772161603e-13,1.1368683772161603e-13,9.094947017729282e-13,21,14,none,21,0.0,0.5,299,319,21,19.2964999927831
ridge_fixed_saa_h1,321,2025-11-18,6732.311007725925,6488.0839964037,52044.210588587215,0.0,52044.210588587215,82414.05591404115,0.0,3660.1956661028817,21490.06697260493,17626.758558,0,0,0,6000.0,0.0,53871.0119605067,0.04805907899981321,9.094947017729282e-13,1.1368683772161603e-13,5.684341886080802e-14,8.881784197001252e-13,21,14,none,21,0.0,0.5,300,320,21,19.2964999927831
ridge_fixed_saa_h1,322,2025-11-19,6488.0839964037,6288.64014191852,52291.29054560064,6.301057500000476,52297.59160310064,82945.00358211111,1.3850000000001046,3413.0782432592523,22865.780041518527,18700.781302666666,1,1,1,6000.0,0.0,54022.63270921393,0.04719503199976316,2.2737367544323206e-13,1.1368683772161603e-13,5.684341886080802e-14,9.094947017729282e-13,21,14,none,21,0.0,0.5,301,321,21,19.2964999927831
ridge_fixed_saa_h1,323,2025-11-20,6288.64014191852,6408.254555779631,52181.2692468287,0.0,52181.2692468287,82903.90877485595,0.0,3765.004023211936,22306.188135977358,17960.359417666667,0,0,0,6000.0,0.0,53854.37583516409,0.04774849300019923,2.2737367544323206e-13,1.1368683772161603e-13,5.684341886080802e-14,9.094947017729282e-13,21,14,none,21,0.0,0.5,302,322,21,19.2964999927831
ridge_fixed_saa_h1,324,2025-11-21,6408.254555779631,6598.341242983335,19853.18608960148,0.0,19853.18608960148,37140.64043197942,0.0,4650.8008338600885,18180.934278785997,14555.478747333333,0,0,0,6000.0,0.0,20987.563778441374,0.048631087000103435,9.094947017729282e-13,1.1368683772161603e-13,5.684341886080802e-14,8.810729923425242e-13,21,14,none,21,0.0,0.5,303,323,21,19.2964999927831
ridge_fixed_saa_h1,325,2025-11-22,6598.341242983335,6497.213967596295,20010.83631700736,0.0,20010.83631700736,37682.11219634156,0.0,4100.864235526749,18170.70013331481,14809.281655833334,0,0,0,6000.0,0.0,21159.672170710946,0.04648251700018591,4.547473508864641e-13,1.1368683772161603e-13,5.684341886080802e-14,8.881784197001252e-13,21,14,none,21,0.0,0.5,304,324,21,19.2964999927831
ridge_fixed_saa_h1,326,2025-11-23,6497.213967596295,6612.730853798151,52831.43531411416,0.0,52831.43531411416,83881.71154859464,0.0,4127.085070551443,23255.605248043208,18733.075053333334,0,0,0,6000.0,0.0,54437.55882971,0.04632644999992408,9.094947017729282e-13,1.1368683772161603e-13,5.684341886080802e-14,8.988365607365267e-13,21,14,none,21,0.0,0.5,305,325,21,19.2964999927831
ridge_fixed_saa_h1,327,2025-11-24,6612.730853798151,6095.53656783148,52904.405980540265,105.66401088036332,53010.06999142063,83878.22797432303,22.0657903033348,6149.565531948563,21338.207316041146,17749.422783363334,3,1,3,6000.0,0.0,54473.7364147383,0.04660209199983001,9.094947017729282e-13,1.1368683772161603e-13,1.1368683772161603e-13,9.094947017729282e-13,21,14,none,21,0.0,0.5,306,326,21,19.2964999927831
ridge_fixed_saa_h1,328,2025-11-25,6095.53656783148,6535.696619394449,53467.31554585187,0.0,53467.31554585187,84775.57390086006,0.0,3784.7948077613228,23294.60305276542,18472.48442633333,0,0,0,6000.0,0.0,55052.58062003457,0.04743205099975967,9.094947017729282e-13,1.1368683772161603e-13,5.684341886080802e-14,9.094947017729282e-13,21,14,none,21,0.0,0.5,307,327,21,19.2964999927831
ridge_fixed_saa_h1,329,2025-11-26,6535.696619394449,6632.152391092593,53139.4906300143,141.14872004866697,53280.639350062964,84231.65975941357,30.134227166666733,2951.181376174899,23505.976487072003,18953.03076,1,1,1,6000.0,0.0,54727.01246826321,0.046472381000057794,0.0,1.1368683772161603e-13,1.1368683772161603e-13,9.094947017729282e-13,21,14,none,21,0.0,0.5,308,328,21,19.2964999927831
ridge_fixed_saa_h1,330,2025-11-27,6632.152391092593,6579.504333488889,53003.35690072982,0.0,53003.35690072982,83929.01496679217,0.0,3919.554176337449,22505.00688928806,18276.438832166667,0,0,0,6000.0,0.0,54584.56877871819,0.046600076999766316,9.094947017729282e-13,1.1368683772161603e-13,5.684341886080802e-14,9.094947017729282e-13,21,14,none,21,0.0,0.5,309,329,21,19.2964999927831
ridge_fixed_saa_h1,331,2025-11-28,6579.504333488889,6304.508673970376,20254.935663971126,0.0,20254.935663971126,38132.10002360288,0.0,3937.9457618045253,18528.48318613169,15255.567474333333,0,0,0,6000.0,0.0,21359.84326605883,0.04773328700002821,1.8189894035458565e-12,1.1368683772161603e-13,5.684341886080802e-14,9.094947017729282e-13,21,14,none,21,0.0,0.5,310,330,21,19.2964999927831
ridge_fixed_saa_h1,332,2025-11-29,6304.508673970376,6370.008753538891,20733.211213834897,0.0,20733.211213834897,39225.559099030856,0.0,659.7612456975322,18828.408851166656,15192.061097833333,0,0,0,6000.0,0.0,21852.113015681032,0.04803978500012818,9.094947017729282e-13,1.1368683772161603e-13,5.684341886080802e-14,9.094947017729282e-13,21,14,none,21,0.0,0.5,311,331,21,19.2964999927831
ridge_fixed_saa_h1,333,2025-11-30,6370.008753538891,6415.902552538889,54343.56085910397,28.398311333333652,54371.9591704373,86183.5087848683,6.062833333333401,1179.5868397201652,24862.380224814806,20097.223563,1,1,1,6000.0,0.0,56048.0575326296,0.04832860400028949,9.094947017729282e-13,1.1368683772161603e-13,4.263256414560601e-14,9.094947017729282e-13,21,14,none,21,0.0,0.5,312,332,21,19.2964999927831
ridge_fixed_saa_h1,334,2025-12-01,6415.902552538889,6509.800141405558,56955.959658636,14673.887993366245,71629.84765200224,89536.83741650822,2955.0770826116645,1398.5937488851791,24788.869404849385,19994.476387948005,16,1,3,6000.0,0.0,58547.56308777178,0.046910318999835,4.547473508864641e-13,1.1368683772161603e-13,5.684341886080802e-14,9.094947017729282e-13,21,14,none,21,0.0,0.5,313,333,21,19.2964999927831
ridge_fixed_saa_h1,335,2025-12-02,6509.800141405558,6348.480443861114,59582.69529027282,6069.464947854996,65652.16023812782,93135.26125874073,1238.5925399500024,1187.2466493765405,24705.183826864195,20156.386627549997,10,1,2,6000.0,0.0,61619.733316081256,0.04455523200022071,9.094947017729282e-13,1.1368683772161603e-13,5.684341886080802e-14,9.094947017729282e-13,21,14,none,21,0.0,0.5,314,334,21,19.2964999927831
ridge_fixed_saa_h1,336,2025-12-03,6348.480443861114,6571.139125435185,60599.29318622774,0.0,60599.29318622774,94462.02787358846,0.0,2478.722458670772,24316.6528149177,19496.095966666668,0,0,0,6000.0,0.0,62664.283355799445,0.04620614600025874,0.0,1.1368683772161603e-13,5.684341886080802e-14,9.094947017729282e-13,21,14,none,21,0.0,0.5,315,335,21,19.2964999927831
ridge_fixed_saa_h1,337,2025-12-04,6571.139125435185,6493.231775101852,60889.85359778364,289.2539210000004,61179.10751878365,94875.36360526337,52.80283333333341,3499.9017131090636,24879.855740987645,20222.7997655,1,1,1,6000.0,0.0,62858.48647385342,0.04651197799967122,4.547473508864641e-13,1.1368683772161603e-13,1.1368683772161603e-13,9.094947017729282e-13,21,14,none,21,0.0,0.5,316,336,21,19.2964999927831
ridge_fixed_saa_h1,338,2025-12-05,6493.231775101852,6514.108108009264,26495.68890351912,0.0,26495.68890351912,50006.400262895055,0.0,4838.344946417699,20198.099650144028,16341.672016999997,0,0,0,6000.0,0.0,28071.180341212952,0.05008805199986455,4.547473508864641e-13,1.1368683772161603e-13,5.684341886080802e-14,8.846257060213247e-13,21,14,none,21,0.0,0.5,317,337,21,19.2964999927831
ridge_fixed_saa_h1,339,2025-12-06,6514.108108009264,6533.871856531479,26680.838327352692,0.0,26680.838327352692,50662.85325644855,0.0,3108.877042255149,20376.621178193403,16487.275780666667,0,0,0,6000.0,0.0,28221.231545684757,0.0485187770000266,4.547473508864641e-13,1.1368683772161603e-13,5.684341886080802e-14,8.633094239485217e-13,21,14,none,21,0.0,0.5,318,338,21,19.2964999927831
ridge_fixed_saa_h1,340,2025-12-07,6533.871856531479,6672.955249061111,62729.44743447434,122.22984153966668,62851.67727601401,97589.53852738065,21.043271333333337,5334.875469141978,23672.894875238682,19049.869795666666,1,1,1,6000.0,0.0,64611.50945570736,0.04392979299973376,0.0,1.1368683772161603e-13,1.1368683772161603e-13,9.094947017729282e-13,21,14,none,21,0.0,0.5,319,339,21,19.2964999927831
ridge_fixed_saa_h1,341,2025-12-08,6672.955249061111,6796.418905785184,64357.378007420324,0.0,64357.378007420324,99680.60061514608,0.0,7345.141041290131,23037.532453355958,18549.283996166665,0,0,0,6000.0,0.0,66329.30738705231,0.0439633450000656,0.0,1.1368683772161603e-13,1.1368683772161603e-13,9.094947017729282e-13,21,14,none,21,0.0,0.5,320,340,21,19.2964999927831
ridge_fixed_saa_h1,342,2025-12-09,6796.418905785184,6573.839463346298,64167.385121083295,0.0,64167.385121083295,99352.22538718312,0.0,7686.108624567896,23568.336811281893,19290.67431533333,0,0,0,6000.0,0.0,66130.9657496242,0.04337778199987952,1.8189894035458565e-12,1.1368683772161603e-13,7.105427357601002e-14,9.094947017729282e-13,21,14,none,21,0.0,0.5,321,341,21,19.2964999927831
ridge_fixed_saa_h1,343,2025-12-10,6573.839463346298,6652.14008587963,63664.37033134095,0.0,63664.37033134095,98684.89927011522,0.0,5850.832360049373,23031.462542732515,18585.014099333333,0,0,0,6000.0,0.0,65612.61384240564,0.044191848000082246,9.094947017729282e-13,1.1368683772161603e-13,1.1368683772161603e-13,9.094947017729282e-13,21,14,none,21,0.0,0.5,322,342,21,19.2964999927831
ridge_fixed_saa_h1,344,2025-12-11,6652.14008587963,6758.401594546298,63516.649591372974,0.0,63516.649591372974,98429.48814841152,0.0,8016.162287261309,22928.609491316878,18476.538330166673,0,0,0,6000.0,0.0,65437.39444902497,0.046528841000053944,9.094947017729282e-13,1.1368683772161603e-13,5.684341886080802e-14,9.094947017729282e-13,21,14,none,21,0.0,0.5,323,343,21,19.2964999927831
ridge_fixed_saa_h1,345,2025-12-12,6758.401594546298,6554.029700412965,27305.650629089003,0.0,27305.650629089003,51332.180971063775,0.0,4077.7944654938233,19599.51435240329,16059.541330166667,0,0,0,6000.0,0.0,28920.99739767921,0.05235222800001793,0.0,1.1368683772161603e-13,5.684341886080802e-14,9.094947017729282e-13,21,14,none,21,0.0,0.5,324,344,21,19.2964999927831
ridge_fixed_saa_h1,346,2025-12-13,6554.029700412965,6654.498524362959,27683.59865729068,0.0,27683.59865729068,52428.285395930034,0.0,4725.539632277783,20072.581256652258,16168.368876333332,0,0,0,6000.0,0.0,29322.203715511274,0.0526217810001981,4.547473508864641e-13,1.1368683772161603e-13,1.1368683772161603e-13,9.094947017729282e-13,21,14,none,21,0.0,0.5,325,345,21,19.2964999927831
ridge_fixed_saa_h1,347,2025-12-14,6654.498524362959,6582.509898668518,63075.88975641024,0.0,63075.88975641024,98049.19422314403,0.0,4732.954398123458,24222.672569187238,19685.154544166664,0,0,0,6000.0,0.0,65122.223631344365,0.04636921400015126,9.094947017729282e-13,1.1368683772161603e-13,1.1368683772161603e-13,9.094947017729282e-13,21,14,none,21,0.0,0.5,326,346,21,19.2964999927831
ridge_fixed_saa_h1,348,2025-12-15,6582.509898668518,6664.622788575926,64426.315030916165,0.0,64426.315030916165,99961.5788380576,0.0,5887.684331092593,23844.394417798347,19240.0578775,0,0,0,6000.0,0.0,66476.91873987798,0.04704288799985079,0.0,1.1368683772161603e-13,1.4210854715202004e-13,9.094947017729282e-13,21,14,none,21,0.0,0.5,327,347,21,19.2964999927831
ridge_fixed_saa_h1,349,2025-12-16,6664.622788575926,6463.66849163704,64411.97168291441,0.0,64411.97168291441,99801.38463674896,0.0,6081.274538209875,23594.092802372426,19292.07403716666,0,0,0,6000.0,0.0,66495.08282796177,0.04587561400012419,4.547473508864641e-13,1.1368683772161603e-13,5.684341886080802e-14,9.094947017729282e-13,21,14,none,21,0.0,0.5,328,348,21,19.2964999927831
ridge_fixed_saa_h1,350,2025-12-17,6463.66849163704,6516.484560692593,63828.17498151066,0.0,63828.17498151066,99325.4323683971,0.0,6618.942875318922,23511.094548744855,18996.452122333336,0,0,0,6000.0,0.0,65953.20789392244,0.047235230000296724,2.2737367544323206e-13,1.1368683772161603e-13,1.1368683772161603e-13,9.094947017729282e-13,21,14,none,21,0.0,0.5,329,349,21,19.2964999927831
ridge_fixed_saa_h1,351,2025-12-18,6516.484560692593,6544.091787612965,63356.86090394277,0.0,63356.86090394277,98525.44936314813,0.0,6530.518923430038,24230.615625384773,19601.95215233333,0,0,0,6000.0,0.0,65519.22892128377,0.0488802059999216,4.547473508864641e-13,1.1368683772161603e-13,1.1368683772161603e-13,8.739675649849232e-13,21,14,none,21,0.0,0.5,330,350,21,19.2964999927831
ridge_fixed_saa_h1,352,2025-12-19,6544.091787612965,6262.431793868515,27452.97854284626,0.0,27452.97854284626,51913.50507342592,0.0,5537.392590767492,19585.343036991762,16117.621854333333,0,0,0,6000.0,0.0,29217.030014278287,0.05487628400032918,9.094947017729282e-13,1.1368683772161603e-13,1.1368683772161603e-13,9.094947017729282e-13,21,14,none,21,0.0,0.5,331,351,21,19.2964999927831
ridge_fixed_saa_h1,353,2025-12-20,6262.431793868515,6646.457980692592,27542.746930475445,0.0,27542.746930475445,52316.02231768519,0.0,5174.036834944446,20736.892971574074,16451.25973883333,0,0,0,6000.0,0.0,29354.127600478525,0.05569211699958032,4.547473508864641e-13,1.1368683772161603e-13,5.684341886080802e-14,9.094947017729282e-13,21,14,none,21,0.0,0.5,332,352,21,19.2964999927831
ridge_fixed_saa_h1,354,2025-12-21,6646.457980692592,6629.800289966666,62630.214304325884,0.0,62630.214304325884,97550.69309882922,0.0,3935.474791923866,24170.675588905353,19593.239148666667,0,0,0,6000.0,0.0,64738.22339596379,0.048780003000047145,0.0,1.1368683772161603e-13,1.1368683772161603e-13,9.023892744153272e-13,21,14,none,21,0.0,0.5,333,353,21,19.2964999927831
ridge_fixed_saa_h1,355,2025-12-22,6629.800289966666,6407.461945833331,63506.75515645191,18.696358306999265,63525.45151475891,98736.31065515432,3.4129898333331994,5493.876080269549,23729.078900551438,19420.65841916667,1,1,1,6000.0,0.0,65723.21636405362,0.04862815100022999,4.547473508864641e-13,1.1368683772161603e-13,1.1368683772161603e-13,9.094947017729282e-13,21,14,none,21,0.0,0.5,334,354,21,19.2964999927831
ridge_fixed_saa_h1,356,2025-12-23,6407.461945833331,6759.737355596295,63628.76503076276,0.0,63628.76503076276,98829.08566934156,0.0,6725.462817598771,23834.118155909462,18988.5878375,0,0,0,6000.0,0.0,65653.16698994883,0.04783513000029416,9.094947017729282e-13,1.1368683772161603e-13,1.1368683772161603e-13,9.094947017729282e-13,21,14,none,21,0.0,0.5,335,355,21,19.2964999927831
ridge_fixed_saa_h1,357,2025-12-24,6759.737355596295,6388.6975299388905,62130.01396808394,0.0,62130.01396808394,96853.14480169753,0.0,4792.659188454727,23894.01126140947,19688.08496483333,0,0,0,6000.0,0.0,64124.70491997283,0.048499753000214696,0.0,1.1368683772161603e-13,8.526512829121202e-14,9.094947017729282e-13,21,14,none,21,0.0,0.5,336,356,21,19.2964999927831
ridge_fixed_saa_h1,358,2025-12-25,6388.6975299388905,6423.758617164817,62057.258013938525,0.0,62057.258013938525,96676.27917949793,0.0,4297.117173835388,23869.25523066255,19302.541758333333,0,0,0,6000.0,0.0,63936.88792931867,0.047641743999975006,9.094947017729282e-13,1.1368683772161603e-13,5.684341886080802e-14,9.094947017729282e-13,21,14,none,21,0.0,0.5,337,357,21,19.2964999927831
ridge_fixed_saa_h1,359,2025-12-26,6423.758617164817,6795.458267931483,26331.15392418349,0.0,26331.15392418349,50031.40769672222,0.0,2700.713257263365,20992.328002292183,16669.255996166667,0,0,0,6000.0,0.0,27773.769090063397,0.05311292599981243,9.094947017729282e-13,1.1368683772161603e-13,1.1368683772161603e-13,9.023892744153272e-13,21,14,none,21,0.0,0.5,338,358,21,19.2964999927831
ridge_fixed_saa_h1,360,2025-12-27,6795.458267931483,6678.205594627782,26328.31357730282,0.0,26328.31357730282,50130.47195931893,0.0,3078.933954553495,20096.0860214321,16383.357083333329,0,0,0,6000.0,0.0,27767.759108769187,0.05082168199987791,9.094947017729282e-13,1.1368683772161603e-13,1.1368683772161603e-13,9.094947017729282e-13,21,14,none,21,0.0,0.5,339,359,21,19.2964999927831
ridge_fixed_saa_h1,361,2025-12-28,6678.205594627782,6857.866867979627,61853.155899607766,609.4234795914178,62462.57937919918,96315.77397731274,105.2844345000002,4998.968563858021,23427.052378621396,18814.21728066667,3,1,1,6000.0,0.0,63496.988287579494,0.04575329799990868,9.094947017729282e-13,1.1368683772161603e-13,1.1368683772161603e-13,9.094947017729282e-13,21,14,none,21,0.0,0.5,340,360,21,19.2964999927831
ridge_fixed_saa_h1,362,2025-12-29,6857.866867979627,6310.889511542593,61894.926844383546,0.0,61894.926844383546,96360.56086482509,0.0,5012.514929121397,22718.733104370374,18894.453435333333,0,0,0,6000.0,0.0,63566.03710119778,0.047904038000069704,9.094947017729282e-13,1.1368683772161603e-13,1.1368683772161603e-13,9.094947017729282e-13,21,14,none,21,0.0,0.5,341,361,21,19.2964999927831
ridge_fixed_saa_h1,363,2025-12-30,6310.889511542593,6575.070532412964,62345.843728486616,0.0,62345.843728486616,97198.73024093208,0.0,6193.613044858016,23910.271985740746,19129.55738966667,0,0,0,6000.0,0.0,64031.72975648393,0.04825196199999482,9.094947017729282e-13,1.1368683772161603e-13,5.684341886080802e-14,8.881784197001252e-13,21,14,none,21,0.0,0.5,342,362,21,19.2964999927831
ridge_fixed_saa_h1,364,2025-12-31,6575.070532412964,6069.933520933333,61249.447166418395,0.0,61249.447166418395,95755.29145770987,0.0,2928.090445189301,24396.84941852057,20216.071339333335,0,0,0,6000.0,0.0,62963.883404961125,0.05042287900005249,9.094947017729282e-13,1.1368683772161603e-13,1.1368683772161603e-13,9.094947017729282e-13,21,14,none,21,0.0,0.5,343,363,21,19.2964999927831
hard6000,31,2025-02-01,6000.0,7214.4865603918315,24452.601558096627,0.0,24452.601558096627,46999.411594949706,0.0,7813.390545783857,19551.616902525635,14743.77178669312,0,0,0,6000.0,0.0,25791.296164595424,0.051867571999991924,0.0,1.1368683772161603e-13,5.684341886080802e-14,9.094947017729282e-13,21,14,none,21,0.0,0.5,10,30,21,19.2964999927831
hard6000,32,2025-02-02,7214.4865603918315,7022.776673859201,57703.50320671061,0.0,57703.50320671061,91012.02928416846,0.0,8746.781328609644,21481.6258075694,17572.65580201058,0,0,0,6000.0,0.0,59484.813915558305,0.04955674499979068,9.094947017729282e-13,1.1368683772161603e-13,7.815970093361102e-14,8.313350008393172e-13,21,14,none,21,0.0,0.5,11,31,21,19.2964999927831
hard6000,33,2025-02-03,7022.776673859201,6872.291235284544,56953.16573096655,0.0,56953.16573096655,90069.30033498662,0.0,5821.25864724183,21929.274118220972,17898.148930476185,0,0,0,6000.0,0.0,58790.48504867679,0.05182077300014498,9.094947017729282e-13,1.1368683772161603e-13,1.1368683772161603e-13,9.094947017729282e-13,21,14,none,21,0.0,0.5,12,32,21,19.2964999927831
hard6000,34,2025-02-04,6872.291235284544,6957.23409391064,56886.106312468175,0.0,56886.106312468175,90102.28154396433,0.0,4325.863710491876,23711.080582678806,19129.526699206348,0,0,0,6000.0,0.0,58652.07545785687,0.050228916999913054,9.094947017729282e-13,1.1368683772161603e-13,1.1368683772161603e-13,9.094947017729282e-13,21,14,none,21,0.0,0.5,13,33,21,19.2964999927831
hard6000,35,2025-02-05,6957.23409391064,6866.215448412406,56686.078896002975,0.0,56686.078896002975,89648.13365804363,0.0,4596.816463738664,23077.931536421376,18775.041325449733,0,0,0,6000.0,0.0,58436.83521950266,0.052241137999772036,9.094947017729282e-13,1.1368683772161603e-13,5.684341886080802e-14,9.094947017729282e-13,21,14,none,21,0.0,0.5,14,34,21,19.2964999927831
hard6000,36,2025-02-06,6866.215448412406,6788.449564637863,57023.4696564897,102.2567930427373,57125.72644953244,90030.14215830034,17.51375547619034,5609.172704993156,22302.185723756927,18134.75973164021,2,1,1,6000.0,0.0,58833.79888103667,0.049365295999905356,9.094947017729282e-13,1.1368683772161603e-13,5.684341886080802e-14,8.881784197001252e-13,21,14,none,21,0.0,0.5,15,35,21,19.2964999927831
hard6000,37,2025-02-07,6788.449564637863,6669.634718531158,22729.431595564056,0.0,22729.431595564056,43885.42336154655,0.0,8641.570521868183,18658.455444777574,15220.282271765871,0,0,0,6000.0,0.0,24008.9450909089,0.051827339000283246,9.094947017729282e-13,1.1368683772161603e-13,5.684341886080802e-14,9.094947017729282e-13,21,14,none,21,0.0,0.5,16,36,21,19.2964999927831
hard6000,38,2025-02-08,6669.634718531158,6854.656368562313,21818.941550940694,0.0,21818.941550940694,42165.91699221373,0.0,6869.412509784444,18699.06463544516,14979.72286968254,0,0,0,6000.0,0.0,23084.526450075013,0.05155007899975317,9.094947017729282e-13,1.1368683772161603e-13,5.684341886080802e-14,9.094947017729282e-13,21,14,none,21,0.0,0.5,17,37,21,19.2964999927831
hard6000,39,2025-02-09,6854.656368562313,6481.936506363613,54814.3034737438,0.0,54814.3034737438,86947.26656420602,0.0,3402.4007437892737,22762.619630152203,18773.169776402116,0,0,0,6000.0,0.0,56512.55216021171,0.054025684999942314,9.094947017729282e-13,1.1368683772161603e-13,5.684341886080802e-14,9.094947017729282e-13,21,14,none,21,0.0,0.5,18,38,21,19.2964999927831
hard6000,40,2025-02-10,6481.936506363613,6384.943670010876,55202.97054230241,0.0,55202.97054230241,87727.88114642462,0.0,9678.8785964142,20050.834312603038,16328.469345925925,0,0,0,6000.0,0.0,56921.05533731824,0.05055056599985619,9.094947017729282e-13,1.1368683772161603e-13,1.1368683772161603e-13,9.094947017729282e-13,21,14,none,21,0.0,0.5,19,39,21,19.2964999927831
hard6000,41,2025-02-11,6384.943670010876,6294.816922241326,54252.94626688896,0.0,54252.94626688896,86558.19378770297,0.0,7303.815388604418,21657.343888199095,17623.562622433863,0,0,0,6000.0,0.0,55990.946964774936,0.05097191599998041,0.0,1.1368683772161603e-13,5.684341886080802e-14,9.094947017729282e-13,21,14,none,21,0.0,0.5,20,40,21,19.2964999927831
hard6000,42,2025-02-12,6294.816922241326,6356.908604654321,53518.50977645582,0.0,53518.50977645582,85543.23363183421,0.0,6049.978613255281,21950.71774249428,17724.19885724868,0,0,0,6000.0,0.0,55293.06984375581,0.05182954500014603,9.094947017729282e-13,1.1368683772161603e-13,5.684341886080802e-14,9.094947017729282e-13,21,14,none,21,0.0,0.5,21,41,21,19.2964999927831
hard6000,43,2025-02-13,6356.908604654321,6412.378728838039,53087.83835820519,0.0,53087.83835820519,84765.83766461755,0.0,9632.92748833889,19755.30551498236,15951.874355370368,0,0,0,6000.0,0.0,54842.06438617698,0.05271336699979656,9.094947017729282e-13,1.1368683772161603e-13,1.1368683772161603e-13,9.094947017729282e-13,21,14,none,21,0.0,0.5,22,42,21,19.2964999927831
hard6000,44,2025-02-14,6412.378728838039,6338.899244114048,19393.06249283105,0.0,19393.06249283105,37342.84201718792,0.0,4136.510281220203,18266.639239750788,14862.109320449736,0,0,0,6000.0,0.0,20512.392775722354,0.04800667600011366,9.094947017729282e-13,1.1368683772161603e-13,5.684341886080802e-14,9.094947017729282e-13,21,14,none,21,0.0,0.5,23,43,21,19.2964999927831
hard6000,45,2025-02-15,6338.899244114048,5991.505405702235,18834.721352059278,0.0,18834.721352059278,36276.2313693912,0.0,3909.819939861842,17889.340968947352,14803.020639417991,0,0,0,6000.0,0.0,19875.37238963781,0.046418365000135964,9.094947017729282e-13,1.1368683772161603e-13,5.684341886080802e-14,9.094947017729282e-13,21,14,none,21,0.0,0.5,24,44,21,19.2964999927831
hard6000,46,2025-02-16,5991.505405702235,6115.603742353325,50432.02253843901,66.64677598190313,50498.66931442091,81368.95247734143,14.593175238094886,1473.5907350365765,23267.82797135247,18735.25215380952,2,1,1,6000.0,0.0,52237.66396519555,0.04989935899993725,1.8189894035458565e-12,1.1368683772161603e-13,5.684341886080802e-14,9.094947017729282e-13,21,14,none,21,0.0,0.5,25,45,21,19.2964999927831
hard6000,47,2025-02-17,6115.603742353325,6096.632523955027,50152.5221971194,0.0,50152.5221971194,80990.11741509498,0.0,5931.954777841789,20480.913511289436,16606.614040702905,0,0,0,6000.0,0.0,51841.16943849335,0.04948155099964424,9.094947017729282e-13,1.1368683772161603e-13,1.4210854715202004e-13,9.094947017729282e-13,21,14,none,21,0.0,0.5,26,46,21,19.2964999927831
hard6000,48,2025-02-18,6096.632523955027,6328.814503933861,49598.76810613583,29.091019500000336,49627.859125635834,80260.43454972086,6.394333333333407,3831.6712822770924,21762.137028751713,17418.367211307937,1,1,1,6000.0,0.0,51295.83540176827,0.048176106000028085,9.094947017729282e-13,1.1368683772161603e-13,5.684341886080802e-14,9.094947017729282e-13,21,14,none,21,0.0,0.5,27,47,21,19.2964999927831
hard6000,49,2025-02-19,6328.814503933861,5915.637889714288,49146.8002594804,240.38309087499889,49387.1833503554,79511.8548787465,54.88824999999974,2673.3279821546184,23083.93008450617,19069.842321247615,1,1,1,6000.0,0.0,50685.29025366873,0.0492970539999078,1.8189894035458565e-12,1.1368683772161603e-13,5.684341886080802e-14,9.094947017729282e-13,21,14,none,21,0.0,0.5,28,48,21,19.2964999927831
hard6000,50,2025-02-20,5915.637889714288,6361.493529484127,49333.38705759155,82.2869595885711,49415.67401718012,79930.95488235238,17.5676685714285,4345.831155070555,22148.88203540563,17539.324372885712,1,1,1,6000.0,0.0,50848.74437685113,0.04871252700013429,9.094947017729282e-13,1.1368683772161603e-13,8.526512829121202e-14,8.739675649849232e-13,21,14,none,21,0.0,0.5,29,49,21,19.2964999927831
hard6000,51,2025-02-21,6361.493529484127,6345.320240378305,18324.09401166214,0.0,18324.09401166214,35249.329388148144,0.0,6318.457973977063,17816.65968964727,14446.050308809525,0,0,0,6000.0,0.0,18992.721638878706,0.04156282299982195,9.094947017729282e-13,1.1368683772161603e-13,5.684341886080802e-14,7.958078640513122e-13,21,14,none,21,0.0,0.5,30,50,21,19.2964999927831
hard6000,52,2025-02-22,6345.320240378305,6213.753394738094,17978.815428163238,0.0,17978.815428163238,34629.428500167545,0.0,3524.738825302762,17780.72080319812,14520.794011666669,0,0,0,6000.0,0.0,18658.008933140005,0.04109645200014711,1.8189894035458565e-12,1.1368683772161603e-13,5.684341886080802e-14,9.094947017729282e-13,21,14,none,21,0.0,0.5,31,51,21,19.2964999927831
hard6000,53,2025-02-23,6213.753394738094,6123.40607808995,48088.768781782,84.8705223904763,48173.63930417247,78043.66581484259,18.119240476190498,2310.4666447031163,22635.670064556143,18416.205337273805,1,1,1,6000.0,0.0,49598.73328359856,0.04529802399974869,4.547473508864641e-13,1.1368683772161603e-13,5.684341886080802e-14,9.094947017729282e-13,21,14,none,21,0.0,0.5,32,52,21,19.2964999927831
hard6000,54,2025-02-24,6123.40607808995,6182.370243703704,47808.44714648604,232.8393364053762,48041.28648289142,77846.05558798647,50.71557363095646,5629.88397485303,21109.39905813345,17045.545488035714,3,1,2,6000.0,0.0,49322.079195333645,0.046672086999933526,0.0,1.1368683772161603e-13,1.1368683772161603e-13,9.094947017729282e-13,21,14,none,21,0.0,0.5,33,53,21,19.2964999927831
hard6000,55,2025-02-25,6182.370243703704,6154.871765433866,47556.143877195114,250.73282725595203,47806.87670445107,77350.1054327572,56.10596428571421,7762.280955443847,20249.241256360972,16426.634048095235,2,1,2,6000.0,0.0,49124.7328972073,0.04634992599994803,4.547473508864641e-13,1.1368683772161603e-13,1.1368683772161603e-13,9.094947017729282e-13,21,14,none,21,0.0,0.5,34,54,21,19.2964999927831
hard6000,56,2025-02-26,6154.871765433866,6275.492160941796,46956.040119837664,0.0,46956.040119837664,76439.79547686066,0.0,3401.8421194326866,21655.510358618456,17432.40503452381,0,0,0,6000.0,0.0,48587.157972110006,0.04694934100007231,4.547473508864641e-13,1.1368683772161603e-13,5.684341886080802e-14,9.094947017729282e-13,21,14,none,21,0.0,0.5,35,55,21,19.2964999927831
hard6000,57,2025-02-27,6275.492160941796,6362.278563838627,46463.3668179496,772.2162169359899,47235.58303488559,75730.4544662375,156.7593945214287,4504.999758794824,22881.695470299826,18456.065568335714,3,1,1,6000.0,0.0,48080.60055802007,0.04709444699983578,4.547473508864641e-13,1.1368683772161603e-13,1.1368683772161603e-13,9.094947017729282e-13,21,14,none,21,0.0,0.5,36,56,21,19.2964999927831
hard6000,58,2025-02-28,6362.278563838627,6407.287045957675,17747.66926042521,0.0,17747.66926042521,34246.89324839799,0.0,7644.902200361554,17204.683495417397,13895.285997380954,0,0,0,6000.0,0.0,18450.596548500867,0.041460482999809756,9.094947017729282e-13,1.1368683772161603e-13,5.684341886080802e-14,8.348877145181177e-13,21,14,none,21,0.0,0.5,37,57,21,19.2964999927831
hard6000,59,2025-03-01,6407.287045957675,6441.382383917993,17629.52503333459,0.0,17629.52503333459,33939.7283897619,0.0,7145.801090173422,16339.345063636094,13204.183697380951,0,0,0,6000.0,0.0,18298.071327222202,0.0421573849998822,1.8189894035458565e-12,1.1368683772161603e-13,5.684341886080802e-14,8.526512829121202e-13,21,14,none,21,0.0,0.5,38,58,21,19.2964999927831
hard6000,60,2025-03-02,6441.382383917993,6000.039863185185,45881.31781923276,17657.979381903962,63539.297201136724,74789.02783610817,2628.546546645234,1505.5507682333937,20794.341139541444,17240.624591688098,12,1,2,6000.0,0.0,47742.64542319717,0.048387547000402265,9.094947017729282e-13,1.1368683772161603e-13,4.263256414560601e-14,8.881784197001252e-13,21,14,none,21,0.0,0.5,39,59,21,19.2964999927831
hard6000,61,2025-03-03,6000.039863185185,6095.298310648149,46680.69179380918,9527.660196614559,56208.35199042374,76248.00169911487,1565.2035218142892,1265.0766318577275,23396.04922642857,18865.067270690473,12,1,3,6000.0,0.0,49213.43936441391,0.04723707699986335,1.8189894035458565e-12,1.1368683772161603e-13,5.684341886080802e-14,9.094947017729282e-13,21,14,none,21,0.0,0.5,40,60,21,19.2964999927831
hard6000,62,2025-03-04,6095.298310648149,6208.286441997353,47993.47888685832,0.0,47993.47888685832,77944.78610078777,0.0,4516.772617904178,21720.348585978827,17491.79303642857,0,0,0,6000.0,0.0,50625.08958426229,0.04573334299993803,9.094947017729282e-13,1.1368683772161603e-13,1.1368683772161603e-13,9.094947017729282e-13,21,14,none,21,0.0,0.5,41,61,21,19.2964999927831
hard6000,63,2025-03-05,6208.286441997353,6328.446153833334,48628.97667783524,0.0,48628.97667783524,78859.34513803388,0.0,8890.463435499703,19632.978659027045,15794.568973159527,0,0,0,6000.0,0.0,51247.90867357507,0.04798396500018498,9.094947017729282e-13,1.1368683772161603e-13,1.1368683772161603e-13,9.094947017729282e-13,21,14,none,21,0.0,0.5,42,62,21,19.2964999927831
hard6000,64,2025-03-06,6328.446153833334,6343.540347293652,48229.21739929484,0.0,48229.21739929484,78113.17217943122,0.0,8478.38475188418,19371.308000523226,15677.174706309523,0,0,0,6000.0,0.0,50931.282454528904,0.048470652000105474,4.547473508864641e-13,1.1368683772161603e-13,1.1368683772161603e-13,9.094947017729282e-13,21,14,none,21,0.0,0.5,43,63,21,19.2964999927831
hard6000,65,2025-03-07,6343.540347293652,6666.973580071424,17528.956553559772,0.0,17528.956553559772,33744.91436721927,0.0,9553.74788430335,15672.584421487354,12403.703471904762,0,0,0,6000.0,0.0,19086.97402564119,0.04588535199991384,9.094947017729282e-13,1.1368683772161603e-13,5.684341886080802e-14,8.526512829121202e-13,21,14,none,21,0.0,0.5,44,64,21,19.2964999927831
hard6000,66,2025-03-08,6666.973580071424,6618.016557259255,17138.109676708205,0.0,17138.109676708205,32644.229303173805,0.0,10698.613770091124,15402.828089194587,12520.35207277857,0,0,0,6000.0,0.0,18498.7642043604,0.04525573199998689,4.547473508864641e-13,1.1368683772161603e-13,5.684341886080802e-14,9.094947017729282e-13,21,14,none,21,0.0,0.5,45,65,21,19.2964999927831
hard6000,67,2025-03-09,6618.016557259255,6375.823579579364,46825.562225420545,0.0,46825.562225420545,76077.97348914527,0.0,9230.171166784246,19643.426064594358,16129.148792233336,0,0,0,6000.0,0.0,49406.665747715706,0.05111897400001908,9.094947017729282e-13,1.1368683772161603e-13,1.1368683772161603e-13,9.094947017729282e-13,21,14,none,21,0.0,0.5,46,66,21,19.2964999927831
hard6000,68,2025-03-10,6375.823579579364,6382.733277097886,45811.890718858966,0.0,45811.890718858966,74799.28856289753,0.0,2671.631114794237,21470.354054403295,17384.7680563,0,0,0,6000.0,0.0,48362.08091134445,0.050629257000309735,9.094947017729282e-13,1.1368683772161603e-13,5.684341886080802e-14,9.094947017729282e-13,21,14,none,21,0.0,0.5,47,67,21,19.2964999927831
hard6000,69,2025-03-11,6382.733277097886,6560.6459241375715,45541.734568739615,0.0,45541.734568739615,74720.6502777841,0.0,6749.794556166965,20377.976522533798,16346.039600916663,0,0,0,6000.0,0.0,48142.32978902657,0.05119226900023932,9.094947017729282e-13,1.1368683772161603e-13,5.684341886080802e-14,9.094947017729282e-13,21,14,none,21,0.0,0.5,48,68,21,19.2964999927831
hard6000,70,2025-03-12,6560.6459241375715,6352.286855407403,44981.565558659626,0.0,44981.565558659626,73728.72084705172,0.0,7704.542710934742,19874.56112968841,16285.917676904763,0,0,0,6000.0,0.0,47598.548152194344,0.05210549399998854,1.8189894035458565e-12,1.1368683772161603e-13,1.1368683772161603e-13,9.094947017729282e-13,21,14,none,21,0.0,0.5,49,69,21,19.2964999927831
hard6000,71,2025-03-13,6352.286855407403,6193.051103129628,44350.75969152937,545.2107484178497,44895.97043994722,72744.7232251117,79.14805904761795,1278.143143838911,21807.485793177548,17807.37566952381,2,1,1,6000.0,0.0,46939.21253746009,0.050347211999905994,4.547473508864641e-13,1.1368683772161603e-13,1.1368683772161603e-13,9.094947017729282e-13,21,14,none,21,0.0,0.5,50,70,21,19.2964999927831
hard6000,72,2025-03-14,6193.051103129628,6678.134425060846,16578.823140765395,0.0,16578.823140765395,31849.04111242143,0.0,12355.988151240446,15931.852568997645,12468.225591149998,0,0,0,6000.0,0.0,17397.093967545727,0.04288028500013752,4.547473508864641e-13,1.1368683772161603e-13,5.684341886080802e-14,8.455458555545192e-13,21,14,none,21,0.0,0.5,51,71,21,19.2964999927831
hard6000,73,2025-03-15,6678.134425060846,6179.418319089949,16236.742544560504,0.0,16236.742544560504,31024.380357921425,0.0,7469.708535070545,16207.32193802469,13576.775265173808,0,0,0,6000.0,0.0,16924.570434923848,0.042429405999882874,9.094947017729282e-13,1.1368683772161603e-13,5.684341886080802e-14,8.810729923425242e-13,21,14,none,21,0.0,0.5,52,72,21,19.2964999927831
hard6000,74,2025-03-16,6179.418319089949,6687.0125507142875,44258.7431095975,7.461180000000455,44266.204289597496,72815.38610592592,1.6400000000001,5069.736914124047,20733.723421087587,16337.481162619046,1,1,1,6000.0,0.0,46566.93345691958,0.0498653969998486,2.2737367544323206e-13,1.1368683772161603e-13,1.1368683772161603e-13,9.094947017729282e-13,21,14,none,21,0.0,0.5,53,73,21,19.2964999927831
hard6000,75,2025-03-17,6687.0125507142875,6622.701012312172,43865.40168889475,0.0,43865.40168889475,72206.34974995296,0.0,10891.961310684896,18495.45994998236,15039.20294404762,0,0,0,6000.0,0.0,46217.54339168383,0.050014952999845264,9.094947017729282e-13,1.1368683772161603e-13,1.1368683772161603e-13,9.094947017729282e-13,21,14,none,21,0.0,0.5,54,74,21,19.2964999927831
hard6000,76,2025-03-18,6622.701012312172,6551.302941703702,42758.043195679784,468.5760981404554,43226.61929382024,70658.95526244855,97.25959159047295,5651.370788665489,21279.705064497353,17300.819365790478,4,1,1,6000.0,0.0,45146.550509252855,0.04914629899985812,9.094947017729282e-13,1.1368683772161603e-13,1.1368683772161603e-13,9.094947017729282e-13,21,14,none,21,0.0,0.5,55,75,21,19.2964999927831
hard6000,77,2025-03-19,6551.302941703702,6670.767096047621,42845.37350268527,0.0,42845.37350268527,70684.858780097,0.0,7164.790192078194,20774.107363733096,16719.509225714286,0,0,0,6000.0,0.0,45234.719443479094,0.05078906700009611,9.094947017729282e-13,1.1368683772161603e-13,1.1368683772161603e-13,9.094947017729282e-13,21,14,none,21,0.0,0.5,56,76,21,19.2964999927831
hard6000,78,2025-03-20,6670.767096047621,6338.68092539418,42464.91654883274,0.0,42464.91654883274,69852.264906117,0.0,4057.906528012936,20443.54797381833,16858.15141238095,0,0,0,6000.0,0.0,44829.788132727466,0.05007573600005344,9.094947017729282e-13,1.1368683772161603e-13,5.684341886080802e-14,9.094947017729282e-13,21,14,none,21,0.0,0.5,57,77,21,19.2964999927831
hard6000,79,2025-03-21,6338.68092539418,6411.9413788597885,15790.628495789431,0.0,15790.628495789431,30470.14772666904,0.0,15294.418132495586,16191.214049409173,13048.948971902382,0,0,0,6000.0,0.0,16512.67445250415,0.04200488599963137,9.094947017729282e-13,1.1368683772161603e-13,5.684341886080802e-14,8.810729923425242e-13,21,14,none,21,0.0,0.5,58,78,21,19.2964999927831
hard6000,80,2025-03-22,6411.9413788597885,6860.1683546163995,15873.258934620066,0.0,15873.258934620066,30531.96902212142,0.0,11143.660326604933,16335.287810537919,12828.178848354763,0,0,0,6000.0,0.0,16580.36036224344,0.04001980100019864,9.094947017729282e-13,1.1368683772161603e-13,5.684341886080802e-14,9.094947017729282e-13,21,14,none,21,0.0,0.5,59,79,21,19.2964999927831
hard6000,81,2025-03-23,6860.1683546163995,6404.101536526455,40494.973305785985,0.0,40494.973305785985,66826.65283539976,0.0,4559.004344858905,20570.46584292181,17072.537469047616,0,0,0,6000.0,0.0,42820.912106639305,0.04900565400021151,9.094947017729282e-13,1.1368683772161603e-13,5.684341886080802e-14,9.094947017729282e-13,21,14,none,21,0.0,0.5,60,80,21,19.2964999927831
hard6000,82,2025-03-24,6404.101536526455,6618.046066563495,40277.39030160659,0.0,40277.39030160659,66631.40236521751,0.0,4419.007575129337,21164.98752485009,16951.08981809523,0,0,0,6000.0,0.0,42279.03457824754,0.048108139999840205,2.2737367544323206e-13,1.1368683772161603e-13,5.684341886080802e-14,9.094947017729282e-13,21,14,none,21,0.0,0.5,61,81,21,19.2964999927831
hard6000,83,2025-03-25,6618.046066563495,6190.457806555557,39868.161536533386,0.0,39868.161536533386,66035.76515952086,0.0,1454.256054867726,21137.967484176952,17506.583096190476,0,0,0,6000.0,0.0,41818.260460282014,0.04797547399994073,9.094947017729282e-13,1.1368683772161603e-13,5.684341886080802e-14,9.094947017729282e-13,21,14,none,21,0.0,0.5,62,82,21,19.2964999927831
hard6000,84,2025-03-26,6190.457806555557,6368.477147558202,40327.841059578255,0.0,40327.841059578255,67022.01797143444,0.0,7441.1732323809565,20147.749818339205,16159.45994595238,0,0,0,6000.0,0.0,42265.11709857839,0.04741237300004286,9.094947017729282e-13,1.1368683772161603e-13,1.1368683772161603e-13,9.094947017729282e-13,21,14,none,21,0.0,0.5,63,83,21,19.2964999927831
hard6000,85,2025-03-27,6368.477147558202,6371.806740111113,39940.70297911424,0.0,39940.70297911424,66209.60189825397,0.0,3566.2230496502116,20649.435870032325,16723.046421428568,0,0,0,6000.0,0.0,41852.33762769827,0.04942381499995463,4.547473508864641e-13,1.1368683772161603e-13,5.684341886080802e-14,9.094947017729282e-13,21,14,none,21,0.0,0.5,64,84,21,19.2964999927831
hard6000,86,2025-03-28,6371.806740111113,6532.987218087301,15232.467380854792,0.0,15232.467380854792,29766.24055747142,0.0,15731.515261866547,16146.221572419165,12933.377043480954,0,0,0,6000.0,0.0,15941.689500135935,0.04044039000018529,1.8189894035458565e-12,1.1368683772161603e-13,5.684341886080802e-14,6.821210263296962e-13,21,14,none,21,0.0,0.5,65,85,21,19.2964999927831
hard6000,87,2025-03-29,6532.987218087301,6583.82007820106,15235.474674405748,0.0,15235.474674405748,29816.238326816663,0.0,19041.520728727213,15903.993898177543,12836.485483421431,0,0,0,6000.0,0.0,15967.984041985328,0.03977733200008515,2.2737367544323206e-13,1.1368683772161603e-13,5.684341886080802e-14,7.958078640513122e-13,21,14,none,21,0.0,0.5,66,86,21,19.2964999927831
hard6000,88,2025-03-30,6583.82007820106,6516.129929248678,38583.30664755826,0.0,38583.30664755826,64080.68027495002,0.0,4910.79101878895,20448.372053780127,16624.102497619046,0,0,0,6000.0,0.0,40398.723132291845,0.04959602899998572,9.094947017729282e-13,1.1368683772161603e-13,1.1368683772161603e-13,9.094947017729282e-13,21,14,none,21,0.0,0.5,67,87,21,19.2964999927831
hard6000,89,2025-03-31,6516.129929248678,6366.930540986773,38181.02290185204,0.0,38181.02290185204,63522.140357624914,0.0,2985.8665601381476,19574.546124153443,15989.661809999996,0,0,0,6000.0,0.0,40064.94490997703,0.05141045299978941,9.094947017729282e-13,1.1368683772161603e-13,5.684341886080802e-14,9.094947017729282e-13,21,14,none,21,0.0,0.5,68,88,21,19.2964999927831
hard6000,90,2025-04-01,6366.930540986773,6166.394644514812,36839.30978042357,15467.72806475736,52307.03784518094,61425.23438467663,2285.214544631919,170.3150181666656,18482.972112105217,15151.689717629992,8,1,1,6000.0,0.0,38596.82792829485,0.04923766299998533,0.0,1.1368683772161603e-13,5.684341886080802e-14,9.094947017729282e-13,21,14,none,21,0.0,0.5,69,89,21,19.2964999927831
hard6000,91,2025-04-02,6166.394644514812,6188.630531617988,37271.7167212016,12163.546181194719,49435.262902396316,62494.73844263521,2357.3049833764353,404.2071666534375,21013.097689291295,17000.59682993309,14,1,1,6000.0,0.0,39292.25925516873,0.04766592599980868,9.094947017729282e-13,1.1368683772161603e-13,5.684341886080802e-14,9.094947017729282e-13,21,14,none,21,0.0,0.5,70,90,21,19.2964999927831
hard6000,92,2025-04-03,6188.630531617988,6483.84849204021,39225.280310312584,1606.3312142448347,40831.61152455742,65872.12639147705,314.98032776190615,5984.55177801969,21438.571106171665,17099.54643161905,4,1,1,6000.0,0.0,41808.74309686752,0.046830523000153335,2.2737367544323206e-13,1.1368683772161603e-13,1.1368683772161603e-13,8.988365607365267e-13,21,14,none,21,0.0,0.5,71,91,21,19.2964999927831
hard6000,93,2025-04-04,6483.84849204021,6469.974064186237,14326.514786227339,0.0,14326.514786227339,28179.24620509237,0.0,18657.419574670483,16334.270344686654,13243.245964264766,0,0,0,6000.0,0.0,15012.696089228642,0.039867008999863174,9.094947017729282e-13,1.1368683772161603e-13,5.684341886080802e-14,9.094947017729282e-13,21,14,none,21,0.0,0.5,72,92,21,19.2964999927831
hard6000,94,2025-04-05,6469.974064186237,6533.256973019309,15009.63901701698,0.0,15009.63901701698,29427.490710732374,0.0,14361.321536930333,15605.787223783951,12583.733033315237,0,0,0,6000.0,0.0,15656.89854036876,0.03794203899997228,9.094947017729282e-13,1.1368683772161603e-13,5.684341886080802e-14,6.821210263296962e-13,21,14,none,21,0.0,0.5,73,93,21,19.2964999927831
hard6000,95,2025-04-06,6533.256973019309,6525.571046895768,37919.31195718658,0.0,37919.31195718658,63455.60025009522,0.0,5186.5027232457205,20347.045229968557,16488.023969785718,0,0,0,6000.0,0.0,40357.82306252513,0.04627531400001317,9.094947017729282e-13,1.1368683772161603e-13,1.1368683772161603e-13,9.094947017729282e-13,21,14,none,21,0.0,0.5,74,94,21,19.2964999927831
hard6000,96,2025-04-07,6525.571046895768,6479.372644942064,37131.764647162265,0.0,37131.764647162265,62279.00211939828,0.0,5318.773695281591,19784.672118640505,16067.162977857144,0,0,0,6000.0,0.0,39427.82314147477,0.04566671500015218,4.547473508864641e-13,1.1368683772161603e-13,5.684341886080802e-14,8.881784197001252e-13,21,14,none,21,0.0,0.5,75,95,21,19.2964999927831
hard6000,97,2025-04-08,6479.372644942064,6016.336871627777,37266.99367065543,1909.4974772654941,39176.491147920926,62715.421749072884,316.46423512523825,5120.108892872429,20922.714056009987,17364.130581350953,9,1,4,6000.0,0.0,39403.317598563044,0.0467797020000944,4.547473508864641e-13,1.1368683772161603e-13,5.684341886080802e-14,9.094947017729282e-13,21,14,none,21,0.0,0.5,76,96,21,19.2964999927831
hard6000,98,2025-04-09,6016.336871627777,6080.703559790739,37015.64381292376,7774.576051842747,44790.219864766506,62374.960707505874,1146.5147720276211,436.61693647678317,20487.460563386237,16536.91303699619,6,1,1,6000.0,0.0,39095.53274252325,0.047128726999744686,4.547473508864641e-13,1.1368683772161603e-13,5.684341886080802e-14,8.988365607365267e-13,21,14,none,21,0.0,0.5,77,97,21,19.2964999927831
hard6000,99,2025-04-10,6080.703559790739,6502.471680918521,38479.31139840949,0.0,38479.31139840949,64695.06819314921,0.0,5833.163070149509,21166.715336761605,16765.448113761908,0,0,0,6000.0,0.0,40711.99897690727,0.0464614489997075,4.547473508864641e-13,1.1368683772161603e-13,5.684341886080802e-14,9.094947017729282e-13,21,14,none,21,0.0,0.5,78,98,21,19.2964999927831
hard6000,100,2025-04-11,6502.471680918521,6321.542663229361,14152.17850652978,0.0,14152.17850652978,28062.942307506655,0.0,19889.11365226308,15894.813707879775,13037.635219302862,0,0,0,6000.0,0.0,14859.924082973983,0.0397803640003076,4.547473508864641e-13,1.1368683772161603e-13,5.684341886080802e-14,9.094947017729282e-13,21,14,none,21,0.0,0.5,79,99,21,19.2964999927831
hard6000,101,2025-04-12,6321.542663229361,6850.648539042858,14929.682694059435,0.0,14929.682694059435,29422.059671926905,0.0,17023.548103324516,15248.188054580245,11874.837035977853,0,0,0,6000.0,0.0,15656.835738268843,0.03881496600024548,9.094947017729282e-13,1.1368683772161603e-13,5.684341886080802e-14,7.389644451905042e-13,21,14,none,21,0.0,0.5,80,100,21,19.2964999927831
hard6000,102,2025-04-13,6850.648539042858,6686.120434611113,37411.10380192996,0.0,37411.10380192996,62960.35525162814,0.0,5012.762811595534,20101.62763519929,16430.393678500004,0,0,0,6000.0,0.0,39438.45160945266,0.04634628299982069,4.547473508864641e-13,1.1368683772161603e-13,5.684341886080802e-14,9.094947017729282e-13,21,14,none,21,0.0,0.5,81,101,21,19.2964999927831
hard6000,103,2025-04-14,6686.120434611113,6176.729836610317,36662.47279764626,0.0,36662.47279764626,61803.95531158817,0.0,6002.555943919163,19641.153188788063,16367.785621119048,0,0,0,6000.0,0.0,38720.46146738684,0.04794348799987347,9.094947017729282e-13,1.1368683772161603e-13,5.684341886080802e-14,9.094947017729282e-13,21,14,none,21,0.0,0.5,82,102,21,19.2964999927831
hard6000,104,2025-04-15,6176.729836610317,6433.633563604233,37123.69137245526,0.0,37123.69137245526,62668.48357113756,0.0,8658.416349088768,19154.86860221546,15284.230213499997,0,0,0,6000.0,0.0,39208.536875531805,0.047842407999723946,1.8189894035458565e-12,1.1368683772161603e-13,1.1368683772161603e-13,9.094947017729282e-13,21,14,none,21,0.0,0.5,83,103,21,19.2964999927831
hard6000,105,2025-04-16,6433.633563604233,6191.474969275132,35882.18353527255,0.0,35882.18353527255,60505.8177489659,0.0,1178.0815031834077,19821.510687782487,16273.366392,0,0,0,6000.0,0.0,37970.394362457715,0.047422957999970095,9.094947017729282e-13,1.1368683772161603e-13,5.684341886080802e-14,9.094947017729282e-13,21,14,none,21,0.0,0.5,84,104,21,19.2964999927831
hard6000,106,2025-04-17,6191.474969275132,6665.654512546294,37152.54730576175,0.0,37152.54730576175,62650.088536337746,0.0,5553.04026873134,20010.233308749263,15781.527391142858,0,0,0,6000.0,0.0,38983.67451685597,0.04902736000030927,9.094947017729282e-13,1.1368683772161603e-13,5.684341886080802e-14,9.094947017729282e-13,21,14,none,21,0.0,0.5,85,105,21,19.2964999927831
hard6000,107,2025-04-18,6665.654512546294,6692.9761685164,13740.71337124025,0.0,13740.71337124025,27444.37622777976,0.0,18039.437830983537,15927.535384683128,12876.714171220236,0,0,0,6000.0,0.0,14408.59881959496,0.039480341999933444,9.094947017729282e-13,1.1368683772161603e-13,5.684341886080802e-14,9.094947017729282e-13,21,14,none,21,0.0,0.5,86,106,21,19.2964999927831
hard6000,108,2025-04-19,6692.9761685164,6882.868536437034,14195.649398978336,0.0,14195.649398978336,28206.387223335238,0.0,18254.649178218104,15769.240336781895,12602.181541664759,0,0,0,6000.0,0.0,14862.988032240795,0.04122554699961256,4.547473508864641e-13,1.1368683772161603e-13,5.684341886080802e-14,7.958078640513122e-13,21,14,none,21,0.0,0.5,87,107,21,19.2964999927831
hard6000,109,2025-04-20,6882.868536437034,6886.54824505,36479.07718862681,0.0,36479.07718862681,61423.681517858604,0.0,5728.256926868901,19654.568262656376,15916.888555000001,0,0,0,6000.0,0.0,38261.249013592205,0.04999669600010748,2.2737367544323206e-13,1.1368683772161603e-13,1.1368683772161603e-13,9.094947017729282e-13,21,14,none,21,0.0,0.5,88,108,21,19.2964999927831
hard6000,110,2025-04-21,6886.54824505,6146.025338453706,35658.16473841677,0.0,35658.16473841677,60272.195566273374,0.0,9009.742274577906,17957.965917362133,15212.423008999998,0,0,0,6000.0,0.0,37383.17252242824,0.05203002000007473,9.094947017729282e-13,1.1368683772161603e-13,1.1368683772161603e-13,9.094947017729282e-13,21,14,none,21,0.0,0.5,89,109,21,19.2964999927831
hard6000,111,2025-04-22,6146.025338453706,6433.218208770373,35989.07501231636,0.0,35989.07501231636,60722.45062909052,0.0,4631.299003868309,19367.098554055552,15428.8762455,0,0,0,6000.0,0.0,37730.31639321904,0.0504785670000274,9.094947017729282e-13,1.1368683772161603e-13,5.684341886080802e-14,9.094947017729282e-13,21,14,none,21,0.0,0.5,90,110,21,19.2964999927831
hard6000,112,2025-04-23,6433.218208770373,6483.821843503704,35136.00361300335,0.0,35136.00361300335,59435.596629800406,0.0,4452.80048263581,18617.55873283127,15034.679302333332,0,0,0,6000.0,0.0,36710.63110035727,0.04922236999982488,0.0,1.1368683772161603e-13,5.684341886080802e-14,7.958078640513122e-13,21,14,none,21,0.0,0.5,91,111,21,19.2964999927831
hard6000,113,2025-04-24,6483.821843503704,6585.839462546298,35421.93111577345,0.0,35421.93111577345,59721.20293172839,0.0,9064.187871425933,18289.96054296913,14723.052182666666,0,0,0,6000.0,0.0,36954.61993590064,0.04652852199978952,4.547473508864641e-13,1.1368683772161603e-13,5.684341886080802e-14,9.094947017729282e-13,21,14,none,21,0.0,0.5,92,112,21,19.2964999927831
hard6000,114,2025-04-25,6585.839462546298,6366.7350785407425,13068.824285567554,0.0,13068.824285567554,26554.39990670833,0.0,21799.66142479424,15534.604092205755,12780.223260291667,0,0,0,6000.0,0.0,13660.789887485838,0.03905771100016864,2.2737367544323206e-13,1.1368683772161603e-13,5.684341886080802e-14,8.526512829121202e-13,21,14,none,21,0.0,0.5,93,113,21,19.2964999927831
hard6000,115,2025-04-26,6366.7350785407425,6654.9588877907445,13606.418934100271,0.0,13606.418934100271,27510.378617479997,0.0,24249.777090808646,15426.34981585802,12235.94192252,0,0,0,6000.0,0.0,14200.581364201302,0.03905454899995675,9.094947017729282e-13,1.1368683772161603e-13,5.684341886080802e-14,9.094947017729282e-13,21,14,none,21,0.0,0.5,94,114,21,19.2964999927831
hard6000,116,2025-04-27,6654.9588877907445,6321.514978311111,34067.064100252086,1584.879409871247,35651.94351012333,57463.46316807305,227.19028237833243,5727.345446973244,19420.717571981484,16030.88075183667,1,1,1,6000.0,0.0,35498.01850290746,0.04744752999977209,1.8189894035458565e-12,1.1368683772161603e-13,1.1368683772161603e-13,8.810729923425242e-13,21,14,none,21,0.0,0.5,95,115,21,19.2964999927831
hard6000,117,2025-04-28,6321.514978311111,6238.577860050001,33708.00914182262,23340.1066872078,57048.11582903042,56689.53398556172,3461.648763103337,471.93093722222113,16483.83105900617,13426.546564229997,12,1,1,6000.0,0.0,35228.70146949456,0.048384673000327894,9.094947017729282e-13,1.1368683772161603e-13,5.684341886080802e-14,9.094947017729282e-13,21,14,none,21,0.0,0.5,96,116,21,19.2964999927831
hard6000,118,2025-04-29,6238.577860050001,6439.153740222226,35412.49859422261,0.0,35412.49859422261,59791.55331887242,0.0,8818.462327123463,17680.836752248964,14140.959477166667,0,0,0,6000.0,0.0,37500.865721886534,0.047114657999827614,0.0,1.1368683772161603e-13,1.1368683772161603e-13,9.094947017729282e-13,21,14,none,21,0.0,0.5,97,117,21,19.2964999927831
hard6000,119,2025-04-30,6439.153740222226,6158.432370277779,35297.05316533161,0.0,35297.05316533161,59802.39916917078,0.0,8477.425045310703,17477.731176193403,14409.611485666666,0,0,0,6000.0,0.0,37407.75661755066,0.04825286499999493,9.094947017729282e-13,1.1368683772161603e-13,5.684341886080802e-14,9.094947017729282e-13,21,14,none,21,0.0,0.5,98,118,21,19.2964999927831
hard6000,120,2025-05-01,6158.432370277779,5539.067651501851,35883.96183197882,9431.126226144333,45315.088058123154,60613.350294475305,1450.1928711666665,8043.876575991772,18766.9265081502,15758.6387185,10,1,1,6000.0,0.0,38055.50087631316,0.04869691999965653,1.8189894035458565e-12,1.1368683772161603e-13,1.1368683772161603e-13,9.094947017729282e-13,21,14,none,21,0.0,0.5,99,119,21,19.2964999927831
hard6000,121,2025-05-02,5539.067651501851,5632.314192974073,14081.369372881174,9348.969912222183,23430.339285103357,28292.483936481665,1492.3508903399984,12399.49000659465,15847.909734572013,12752.884997678335,10,1,2,6000.0,0.0,15187.618521911094,0.03870433400015827,1.8189894035458565e-12,1.1368683772161603e-13,5.684341886080802e-14,9.094947017729282e-13,21,14,none,21,0.0,0.5,100,120,21,19.2964999927831
hard6000,122,2025-05-03,5632.314192974073,5985.1826304,14840.556449686144,3950.5309520317373,18791.087401717883,29431.00624049,707.3052259999981,18003.13563261552,15528.539948374484,12260.535764499999,8,1,1,6000.0,0.0,16175.52099196469,0.03752087999964715,9.094947017729282e-13,1.1368683772161603e-13,5.684341886080802e-14,8.526512829121202e-13,21,14,none,21,0.0,0.5,101,121,21,19.2964999927831
hard6000,123,2025-05-04,5985.1826304,5929.766124020369,37636.92455176638,2465.196458859744,40102.12101062613,63141.70665995061,410.3316403333324,8600.493381592587,17193.43390052469,13976.556315166668,8,1,1,6000.0,0.0,40584.671903529896,0.045593356999688694,9.094947017729282e-13,1.1368683772161603e-13,5.684341886080802e-14,9.094947017729282e-13,21,14,none,21,0.0,0.5,102,122,21,19.2964999927831
hard6000,124,2025-05-05,5929.766124020369,6049.266864314815,38300.7948426309,2531.9594098973544,40832.754252528255,64244.657832761324,363.2698364866651,5526.136395841568,20517.020037586422,16511.235564180002,2,1,1,6000.0,0.0,41067.87261928846,0.04599999199990634,9.094947017729282e-13,1.1368683772161603e-13,5.684341886080802e-14,9.094947017729282e-13,21,14,none,21,0.0,0.5,103,123,21,19.2964999927831
hard6000,125,2025-05-06,6049.266864314815,5835.826601064814,37707.43196728935,246.98444505204316,37954.416412341394,62789.864593405335,44.84813860000161,6382.409613674892,19864.826255730448,16282.605504066665,3,1,2,6000.0,0.0,40468.52149225129,0.04499804699980814,1.8189894035458565e-12,1.1368683772161603e-13,5.684341886080802e-14,8.810729923425242e-13,21,14,none,21,0.0,0.5,104,124,21,19.2964999927831
hard6000,126,2025-05-07,5835.826601064814,6187.299198799999,38303.1993544507,4434.397767735095,42737.59712218579,64152.97005001029,643.0328204941699,5627.083913148152,19919.724575761313,15818.651568405003,2,1,1,6000.0,0.0,40987.50869359513,0.0450447529997291,0.0,1.1368683772161603e-13,1.1368683772161603e-13,9.094947017729282e-13,21,14,none,21,0.0,0.5,105,125,21,19.2964999927831
hard6000,127,2025-05-08,6187.299198799999,6348.191925955558,38817.94141731492,243.2289326250005,39061.17034993992,63857.301832144025,35.999250000000075,4278.774932635801,19174.791026674888,15386.777277166664,1,1,1,6000.0,0.0,41496.391747577734,0.04459675899988724,2.2737367544323206e-13,1.1368683772161603e-13,5.684341886080802e-14,9.094947017729282e-13,21,14,none,21,0.0,0.5,106,126,21,19.2964999927831
hard6000,128,2025-05-09,6348.191925955558,6753.957044896295,15722.383755935327,0.0,15722.383755935327,29657.36558947333,0.0,17734.49581500412,16096.291144329209,12672.807219860002,0,0,0,6000.0,0.0,17020.435775871912,0.03985484099985115,9.094947017729282e-13,1.1368683772161603e-13,5.684341886080802e-14,7.958078640513122e-13,21,14,none,21,0.0,0.5,107,127,21,19.2964999927831
hard6000,129,2025-05-10,6753.957044896295,6705.178653000004,16030.51417050948,0.0,16030.51417050948,30032.158138093335,0.0,15007.17648813786,15514.931154362139,12610.994787739995,0,0,0,6000.0,0.0,17262.502823090577,0.03932672700011608,9.094947017729282e-13,1.1368683772161603e-13,5.684341886080802e-14,8.322231792590173e-13,21,14,none,21,0.0,0.5,108,128,21,19.2964999927831
hard6000,130,2025-05-11,6705.178653000004,6458.487200512962,39293.72859425434,277.36103945833383,39571.089633712676,65115.99222038683,41.18071666666674,6442.26843304115,18172.882778512343,14942.057357833335,2,1,1,6000.0,0.0,41835.560914005015,0.046524944999873696,2.2737367544323206e-13,1.1368683772161603e-13,5.684341886080802e-14,9.094947017729282e-13,21,14,none,21,0.0,0.5,109,129,21,19.2964999927831
hard6000,131,2025-05-12,6458.487200512962,6896.153746416667,39773.754030932076,0.0,39773.754030932076,65987.3620421646,0.0,10515.66191483333,16561.078961497948,13020.5740675,0,0,0,6000.0,0.0,42293.299247803196,0.04616582100015876,0.0,1.1368683772161603e-13,5.684341886080802e-14,8.846257060213247e-13,21,14,none,21,0.0,0.5,110,130,21,19.2964999927831
hard6000,132,2025-05-13,6896.153746416667,6643.708136092593,39049.298092313584,0.0,39049.298092313584,64574.359528092595,0.0,8264.783973909474,17934.546509516455,14754.183722,0,0,0,6000.0,0.0,41457.42725154142,0.046804122000139614,0.0,1.1368683772161603e-13,5.684341886080802e-14,9.094947017729282e-13,21,14,none,21,0.0,0.5,111,131,21,19.2964999927831
hard6000,133,2025-05-14,6643.708136092593,6790.208308525926,39410.995286127305,0.0,39410.995286127305,65295.878218,0.0,8757.759070485605,17853.264257847728,14329.293893666663,0,0,0,6000.0,0.0,41837.312303888895,0.04724920100034069,0.0,1.1368683772161603e-13,5.684341886080802e-14,8.846257060213247e-13,21,14,none,21,0.0,0.5,112,132,21,19.2964999927831
hard6000,134,2025-05-15,6790.208308525926,7328.198762105555,39239.91259554679,0.0,39239.91259554679,64433.128053798355,0.0,7679.542228693419,18443.874387104937,14455.346845333332,0,0,0,6000.0,0.0,41753.69675183498,0.04736425000010058,2.2737367544323206e-13,1.1368683772161603e-13,1.1368683772161603e-13,9.094947017729282e-13,21,14,none,21,0.0,0.5,113,133,21,19.2964999927831
hard6000,135,2025-05-16,7328.198762105555,6753.9470927055545,15319.918324071892,0.0,15319.918324071892,28485.22019693833,0.0,23395.171264977365,15217.731058355967,12843.188659728334,0,0,0,6000.0,0.0,16467.223767602984,0.0394760529998166,9.094947017729282e-13,1.1368683772161603e-13,5.684341886080802e-14,9.094947017729282e-13,21,14,none,21,0.0,0.5,114,134,21,19.2964999927831
hard6000,136,2025-05-17,6753.9470927055545,6905.350067351855,16096.163893789426,0.0,16096.163893789426,29977.157860064995,0.0,16423.416875773662,15624.627493559668,12519.685592601663,0,0,0,6000.0,0.0,17252.490780750497,0.04023406599981172,9.094947017729282e-13,1.1368683772161603e-13,5.684341886080802e-14,9.094947017729282e-13,21,14,none,21,0.0,0.5,115,135,21,19.2964999927831
hard6000,137,2025-05-18,6905.350067351855,7154.901434462963,39362.2004187215,35.318698333333415,39397.519117054835,64814.72628660286,5.236666666666679,7468.921924956792,18159.351041646085,14484.47811333333,1,1,1,6000.0,0.0,41698.08904423816,0.048120195000137755,0.0,1.1368683772161603e-13,5.684341886080802e-14,9.094947017729282e-13,21,14,none,21,0.0,0.5,116,136,21,19.2964999927831
hard6000,138,2025-05-19,7154.901434462963,6833.82275926111,39017.118560038085,451.90398166666745,39469.022541704755,64401.93887531069,67.00333333333344,14072.77248638066,16683.81042076337,13802.8572485,1,1,1,6000.0,0.0,41288.65752093883,0.048895637999976316,0.0,1.1368683772161603e-13,1.1368683772161603e-13,8.988365607365267e-13,21,14,none,21,0.0,0.5,117,137,21,19.2964999927831
hard6000,139,2025-05-20,6833.82275926111,6758.110337935183,38524.17361540549,0.0,38524.17361540549,63549.32778033127,0.0,5771.455277265433,17466.41508206584,14215.937395666668,0,0,0,6000.0,0.0,40750.18342438434,0.04863397100007205,2.2737367544323206e-13,1.1368683772161603e-13,5.684341886080802e-14,9.094947017729282e-13,21,14,none,21,0.0,0.5,118,138,21,19.2964999927831
hard6000,140,2025-05-21,6758.110337935183,6962.581534155556,38862.9621998411,0.0,38862.9621998411,64163.88084283539,0.0,9430.59781009877,16771.808804236618,13401.141054833332,0,0,0,6000.0,0.0,41066.170586742235,0.049386069999854953,2.2737367544323206e-13,1.1368683772161603e-13,1.1368683772161603e-13,9.094947017729282e-13,21,14,none,21,0.0,0.5,119,139,21,19.2964999927831
hard6000,141,2025-05-22,6962.581534155556,7705.374589742591,38798.44122556738,0.0,38798.44122556738,63361.56459614608,0.0,8546.070856586419,17528.153541392996,13529.290618500003,0,0,0,6000.0,0.0,40949.41371684318,0.04898755500016705,2.2737367544323206e-13,1.1368683772161603e-13,1.1368683772161603e-13,9.094947017729282e-13,21,14,none,21,0.0,0.5,120,140,21,19.2964999927831
hard6000,142,2025-05-23,7705.374589742591,7323.502245744444,14960.562150417867,0.0,14960.562150417867,27617.282032565,0.0,18396.8327834465,16543.08144938683,13743.581083601664,0,0,0,6000.0,0.0,16094.357364799349,0.042470780000257946,1.8189894035458565e-12,1.1368683772161603e-13,5.684341886080802e-14,7.958078640513122e-13,21,14,none,21,0.0,0.5,121,141,21,19.2964999927831
hard6000,143,2025-05-24,7323.502245744444,7509.171505890741,15749.599364676675,0.0,15749.599364676675,28973.83309133,0.0,22010.0721856893,16011.353621977365,12802.09409967,0,0,0,6000.0,0.0,16813.792206001697,0.041351401999691006,9.094947017729282e-13,1.1368683772161603e-13,5.684341886080802e-14,6.821210263296962e-13,21,14,none,21,0.0,0.5,122,142,21,19.2964999927831
hard6000,144,2025-05-25,7509.171505890741,7177.144997924073,37884.143361014125,0.0,37884.143361014125,61935.498293469136,0.0,10696.629326014396,15750.961269954736,13057.102485833333,0,0,0,6000.0,0.0,39940.9332455407,0.04923118699980478,2.2737367544323206e-13,1.1368683772161603e-13,1.1368683772161603e-13,8.739675649849232e-13,21,14,none,21,0.0,0.5,123,143,21,19.2964999927831
hard6000,145,2025-05-26,7177.144997924073,7160.468938674075,37377.343756079645,0.0,37377.343756079645,61080.35395916666,0.0,3116.115712166675,17891.651317499993,14507.246020499999,0,0,0,6000.0,0.0,39490.00631539185,0.049236016999657295,4.547473508864641e-13,1.1368683772161603e-13,1.1368683772161603e-13,8.988365607365267e-13,21,14,none,21,0.0,0.5,124,144,21,19.2964999927831
hard6000,146,2025-05-27,7160.468938674075,6864.417705750002,37820.68079367598,0.0,37820.68079367598,62207.905914039104,0.0,9967.762678755145,16401.168657450617,13551.392722166664,0,0,0,6000.0,0.0,39968.6499432407,0.048836406000191346,2.2737367544323206e-13,1.1368683772161603e-13,1.1368683772161603e-13,8.837375276016246e-13,21,14,none,21,0.0,0.5,125,145,21,19.2964999927831
hard6000,147,2025-05-28,6864.417705750002,7164.892543287041,37698.58178019326,0.0,37698.58178019326,62119.395579131684,0.0,6127.843226423874,18143.688941707813,14425.960688999996,0,0,0,6000.0,0.0,39873.980460346174,0.04904092700007823,2.2737367544323206e-13,1.1368683772161603e-13,1.1368683772161603e-13,9.094947017729282e-13,21,14,none,21,0.0,0.5,126,146,21,19.2964999927831
hard6000,148,2025-05-29,7164.892543287041,7194.69819464815,37738.648733044756,119.77769558333367,37858.42642862809,61920.34843630658,17.817433333333383,4258.132293637862,18647.815735668715,15077.905659666663,1,1,1,6000.0,0.0,39800.117170924306,0.04904458400005751,2.2737367544323206e-13,1.1368683772161603e-13,1.1368683772161603e-13,8.988365607365267e-13,21,14,none,21,0.0,0.5,127,147,21,19.2964999927831
hard6000,149,2025-05-30,7194.69819464815,7288.784402338892,14977.664516798864,0.0,14977.664516798864,27965.03403448333,0.0,18159.657487584358,16444.556280582306,13235.413000350003,0,0,0,6000.0,0.0,15891.665029521448,0.042018876999918575,9.094947017729282e-13,1.1368683772161603e-13,5.684341886080802e-14,9.094947017729282e-13,21,14,none,21,0.0,0.5,128,148,21,19.2964999927831
hard6000,150,2025-05-31,7288.784402338892,7435.284267603699,15611.46756018797,0.0,15611.46756018797,28946.945982894995,0.0,17250.13008359054,16714.655108242794,13407.020758938335,0,0,0,6000.0,0.0,16566.135431205097,0.040112159000273095,9.094947017729282e-13,1.1368683772161603e-13,5.684341886080802e-14,8.846257060213247e-13,21,14,none,21,0.0,0.5,129,149,21,19.2964999927831
hard6000,151,2025-06-01,7435.284267603699,5320.911284485184,39532.95216072691,44376.88707791365,83909.83923864056,64818.56106032922,7371.408165793331,35.79455666666672,14906.758180329223,13977.409810873332,44,1,3,6000.0,0.0,41460.71596422611,0.032918803000029584,2.2737367544323206e-13,1.1368683772161603e-13,4.263256414560601e-14,8.526512829121202e-13,14,7,none,21,0.0,0.5,137,150,14,12.128538828228816
hard6000,152,2025-06-02,5320.911284485184,5516.5482458148135,43886.72598517338,20961.813942698536,64848.53992787192,72411.87411434157,3168.6569779399997,2624.298216868313,21786.064001139915,17470.63857572667,14,1,3,6000.0,0.0,47940.94061979481,0.030518663999828277,2.2737367544323206e-13,1.1368683772161603e-13,1.1368683772161603e-13,9.094947017729282e-13,14,7,none,21,0.0,0.5,138,151,14,12.128538828228816
hard6000,153,2025-06-03,5516.5482458148135,5958.811092846296,46656.19959523106,1501.0550618893715,48157.25465712043,75906.77002061109,231.0051724833318,3353.4317882160503,22073.368469561723,17481.39189801667,7,1,4,6000.0,0.0,49817.18076901626,0.029812363000019104,2.2737367544323206e-13,1.1368683772161603e-13,1.1368683772161603e-13,9.094947017729282e-13,14,7,none,21,0.0,0.5,139,152,14,12.128538828228816
hard6000,154,2025-06-04,5958.811092846296,6226.833208070369,47674.907338986246,495.09298029033323,48170.00031927658,77129.73851692182,72.41821083333332,3372.519557456786,20753.454999631693,16569.078645999998,3,1,3,6000.0,0.0,50604.721793972785,0.03011713800015059,2.2737367544323206e-13,1.1368683772161603e-13,5.684341886080802e-14,9.094947017729282e-13,14,7,none,21,0.0,0.5,140,153,14,12.128538828228816
hard6000,155,2025-06-05,6226.833208070369,6058.054887059259,47451.1127511888,2567.744129724778,50018.856880913576,77001.7074578107,379.2533658216663,2207.4731788744875,21979.316405269543,17955.146777178332,10,1,3,6000.0,0.0,50586.557541497605,0.031139701000029163,4.547473508864641e-13,1.1368683772161603e-13,5.684341886080802e-14,9.094947017729282e-13,14,7,none,21,0.0,0.5,141,154,14,12.128538828228816
hard6000,156,2025-06-06,6058.054887059259,6092.84845307037,19884.42628155835,9548.763137141945,29433.189418700294,35345.04858812833,1407.7845479999978,2817.3308821851847,16048.382339648146,12967.875485705,5,1,1,6000.0,0.0,21205.74455473261,0.02667661900022722,4.547473508864641e-13,1.1368683772161603e-13,0.0,8.810729923425242e-13,14,7,none,21,0.0,0.5,142,155,14,12.128538828228816
hard6000,157,2025-06-07,6092.84845307037,6694.406356487036,21908.08047382855,0.0,21908.08047382855,38197.71560272833,0.0,3575.74154726331,15547.67776696502,12052.216878166666,0,0,0,6000.0,0.0,23112.862071568863,0.02730032099998425,9.094947017729282e-13,1.1368683772161603e-13,7.105427357601002e-15,7.958078640513122e-13,14,7,none,21,0.0,0.5,143,156,14,12.128538828228816
hard6000,158,2025-06-08,6694.406356487036,7014.195145300001,54273.06034434144,0.0,54273.06034434144,86012.54553712551,0.0,17465.05797701852,16182.917807940328,12820.353514499999,0,0,0,6000.0,0.0,56894.69532045697,0.030328076999921905,4.547473508864641e-13,1.1368683772161603e-13,1.1368683772161603e-13,9.094947017729282e-13,14,7,none,21,0.0,0.5,144,157,14,12.128538828228816
hard6000,159,2025-06-09,7014.195145300001,6837.849328116666,53056.79240873169,79.34205672074941,53136.134465452444,84023.99469095473,11.777930166666579,9624.006648977373,19146.128811977356,15667.075573166665,2,1,1,6000.0,0.0,55783.0520091218,0.030800552000073367,4.547473508864641e-13,1.1368683772161603e-13,1.1368683772161603e-13,9.094947017729282e-13,14,7,none,21,0.0,0.5,145,158,14,12.128538828228816
hard6000,160,2025-06-10,6837.849328116666,7013.1462067962975,52847.91363631691,0.0,52847.91363631691,83731.20708894238,0.0,8169.555772559665,19923.36785388272,15980.160770833332,0,0,0,6000.0,0.0,55810.20600557584,0.031694132999746216,2.2737367544323206e-13,1.1368683772161603e-13,1.1368683772161603e-13,9.094947017729282e-13,14,7,none,21,0.0,0.5,146,159,14,12.128538828228816
hard6000,161,2025-06-11,7013.1462067962975,7050.395008668517,52442.35104330233,1752.0331609269488,54194.38420422928,83473.70848691769,360.405096999998,3349.3578669341496,22983.08146648354,18582.772066166664,5,1,2,6000.0,0.0,55538.28238175966,0.03198976400017273,2.2737367544323206e-13,1.1368683772161603e-13,1.1368683772161603e-13,9.094947017729282e-13,14,7,none,21,0.0,0.5,147,160,14,12.128538828228816
hard6000,162,2025-06-12,7050.395008668517,7024.383215592595,53644.407459421454,0.0,53644.407459421454,84826.18000475309,0.0,8642.000154598769,19764.205424154316,16032.41700733333,0,0,0,6000.0,0.0,56391.38927028279,0.031560489000185044,4.547473508864641e-13,1.1368683772161603e-13,8.526512829121202e-14,9.094947017729282e-13,14,7,none,21,0.0,0.5,148,161,14,12.128538828228816
hard6000,163,2025-06-13,7024.383215592595,7093.786754988887,22353.72017434436,0.0,22353.72017434436,38773.87156729,0.0,7684.299596876542,14114.710973456791,11370.452703043335,0,0,0,6000.0,0.0,24274.74814992138,0.03317502600020816,1.8189894035458565e-12,1.1368683772161603e-13,2.220446049250313e-15,8.526512829121202e-13,14,7,none,21,0.0,0.5,149,162,14,12.128538828228816
hard6000,164,2025-06-14,7093.786754988887,7142.121785429631,23124.286268303294,0.0,23124.286268303294,40180.71824902,0.0,11570.396831855966,12491.984946144035,10075.006278979998,0,0,0,6000.0,0.0,25039.634687718462,0.03358088300001327,4.547473508864641e-13,1.1368683772161603e-13,0.0,7.389644451905042e-13,14,7,none,21,0.0,0.5,150,163,14,12.128538828228816
hard6000,165,2025-06-15,7142.121785429631,7664.5126302537055,55200.56909985106,0.0,55200.56909985106,86992.9249002572,0.0,12201.704711150207,19442.600502273657,15278.3546465,0,0,0,6000.0,0.0,57826.03179675728,0.0341539770001873,2.2737367544323206e-13,1.1368683772161603e-13,5.684341886080802e-14,9.094947017729282e-13,14,7,none,21,0.0,0.5,151,164,14,12.128538828228816
hard6000,166,2025-06-16,7664.5126302537055,7323.122529396299,53415.219159616194,0.0,53415.219159616194,84211.05419948148,0.0,7934.083997216045,20474.570928265435,16891.653542666667,0,0,0,6000.0,0.0,56322.81534333997,0.035313214999860065,9.094947017729282e-13,1.1368683772161603e-13,8.526512829121202e-14,9.094947017729282e-13,14,7,none,21,0.0,0.5,152,165,14,12.128538828228816
hard6000,167,2025-06-17,7323.122529396299,7047.654010216668,53616.971490734046,77.50989962616602,53694.48139036021,84844.57305021193,11.497426333333237,6477.119565588473,20999.270323956793,17257.330629666663,1,1,1,6000.0,0.0,56503.38939334912,0.0357417790000909,4.547473508864641e-13,1.1368683772161603e-13,5.684341886080802e-14,9.094947017729282e-13,14,7,none,21,0.0,0.5,153,166,14,12.128538828228816
hard6000,168,2025-06-18,7047.654010216668,7397.01399927963,54232.60816236326,0.0,54232.60816236326,85840.54042083744,0.0,11056.604648952678,18637.478324884763,14781.933452999998,0,0,0,6000.0,0.0,57174.84658469981,0.03492584700006773,9.094947017729282e-13,1.1368683772161603e-13,5.684341886080802e-14,9.094947017729282e-13,14,7,none,21,0.0,0.5,154,167,14,12.128538828228816
hard6000,169,2025-06-19,7397.01399927963,6958.257247077778,53408.39891353844,226.33915820749903,53634.73807174594,84357.8127557181,33.59114999999986,12976.051582629634,18688.048421421805,15532.200298333333,2,1,1,6000.0,0.0,56496.85272642775,0.035439024999959656,4.547473508864641e-13,1.1368683772161603e-13,1.1368683772161603e-13,8.983924715266767e-13,14,7,none,21,0.0,0.5,155,168,14,12.128538828228816
hard6000,170,2025-06-20,6958.257247077778,7175.728461444445,22329.914853546376,0.0,22329.914853546376,38849.741725515,0.0,13927.368370718106,12242.465325615227,9720.67282081833,0,0,0,6000.0,0.0,24050.80952178408,0.03613506100009545,9.094947017729282e-13,1.1368683772161603e-13,7.105427357601002e-15,9.094947017729282e-13,14,7,none,21,0.0,0.5,156,169,14,12.128538828228816
hard6000,171,2025-06-21,7175.728461444445,7632.188514105557,21981.98718060066,0.0,21981.98718060066,38335.96329027333,0.0,15953.935876598767,13876.173506734567,10828.88649306,0,0,0,6000.0,0.0,23364.738281310547,0.03409126799988371,9.094947017729282e-13,1.1368683772161603e-13,1.4210854715202004e-14,9.094947017729282e-13,14,7,none,21,0.0,0.5,157,170,14,12.128538828228816
hard6000,172,2025-06-22,7632.188514105557,7384.897760405556,51681.279801506804,0.0,51681.279801506804,81846.01442577367,0.0,11171.813208559672,18102.219976547323,14885.359859333334,0,0,0,6000.0,0.0,54518.89717381409,0.03477559499970084,4.547473508864641e-13,1.1368683772161603e-13,8.526512829121202e-14,9.094947017729282e-13,14,7,none,21,0.0,0.5,158,171,14,12.128538828228816
hard6000,173,2025-06-23,7384.897760405556,7218.087362835187,51446.67834015637,0.0,51446.67834015637,81697.58441630451,0.0,11069.071143621404,19565.03489734979,15997.807624666668,0,0,0,6000.0,0.0,54356.31010870048,0.03636216999984754,4.547473508864641e-13,1.1368683772161603e-13,1.1368683772161603e-13,8.988365607365267e-13,14,7,none,21,0.0,0.5,159,172,14,12.128538828228816
hard6000,174,2025-06-24,7218.087362835187,7130.922290220372,50774.09407906502,7860.431015053918,58634.52509411894,80873.8456351893,1634.3281292583335,2090.5919250432094,22248.62186714609,18099.83227774167,9,1,1,6000.0,0.0,53663.28167266199,0.035454916000162484,4.547473508864641e-13,1.1368683772161603e-13,5.684341886080802e-14,8.881784197001252e-13,14,7,none,21,0.0,0.5,160,173,14,12.128538828228816
hard6000,175,2025-06-25,7130.922290220372,7143.882518911112,52729.479495814914,0.0,52729.479495814914,83979.67166570574,0.0,9735.666476127564,19973.261142578187,16166.677319666669,0,0,0,6000.0,0.0,55458.312739354646,0.034586253999805194,4.547473508864641e-13,1.1368683772161603e-13,8.526512829121202e-14,9.094947017729282e-13,14,7,none,21,0.0,0.5,161,174,14,12.128538828228816
hard6000,176,2025-06-26,7143.882518911112,6793.756362005557,52308.93541077329,374.3353722327498,52683.27078300604,83138.97477685391,55.484182499999974,12284.869377668721,19354.31205035185,15992.106302,3,1,2,6000.0,0.0,55223.32777900091,0.034609606999765674,2.2737367544323206e-13,1.1368683772161603e-13,1.1368683772161603e-13,8.757439218243235e-13,14,7,none,21,0.0,0.5,162,175,14,12.128538828228816
hard6000,177,2025-06-27,6793.756362005557,7069.266667449999,21194.62828840239,0.0,21194.62828840239,37159.62584740667,0.0,14546.64266326676,13649.358118806576,10808.020801333334,0,0,0,6000.0,0.0,22708.347081025033,0.03375302599988572,1.8189894035458565e-12,1.1368683772161603e-13,5.684341886080802e-14,9.094947017729282e-13,14,7,none,21,0.0,0.5,163,176,14,12.128538828228816
hard6000,178,2025-06-28,7069.266667449999,7204.702401138888,20977.447965131607,0.0,20977.447965131607,37073.14073743499,0.0,12590.577166578187,13598.659441421813,10893.021987231667,0,0,0,6000.0,0.0,22392.812661492357,0.03312161800022295,9.094947017729282e-13,1.1368683772161603e-13,5.684341886080802e-14,8.473222123939195e-13,14,7,none,21,0.0,0.5,164,177,14,12.128538828228816
hard6000,179,2025-06-29,7204.702401138888,7465.546845385187,51843.7366541083,0.0,51843.7366541083,82441.20309181276,0.0,9293.25296832099,19186.429422825095,15306.247832666668,0,0,0,6000.0,0.0,55015.251921037125,0.03533333699988361,9.094947017729282e-13,1.1368683772161603e-13,1.1368683772161603e-13,8.08242361927114e-13,14,7,none,21,0.0,0.5,165,178,14,12.128538828228816
hard6000,180,2025-06-30,7465.546845385187,6970.181064177781,50946.06114857849,249.4252352519999,51195.48638383049,81030.59437319753,37.013559999999984,7936.000498925929,19472.382389604933,16218.458938666667,2,1,2,6000.0,0.0,54204.88820178073,0.0357601689997864,9.094947017729282e-13,1.1368683772161603e-13,8.526512829121202e-14,9.094947017729282e-13,14,7,none,21,0.0,0.5,166,179,14,12.128538828228816
hard6000,181,2025-07-01,6970.181064177781,5454.239094892591,52876.67279470421,9232.838086235093,62109.5108809393,84035.6347556358,1523.6655874650014,4055.689368106996,21060.07744219547,18423.010500534998,20,1,5,6000.0,0.0,56180.964143677156,0.03498321899996881,2.2737367544323206e-13,1.1368683772161603e-13,1.1368683772161603e-13,8.810729923425242e-13,14,7,none,21,0.0,0.5,167,180,14,12.128538828228816
hard6000,182,2025-07-02,5454.239094892591,5852.284968344444,55203.00145179829,3083.797568857331,58286.79902065562,88137.69408987858,468.20960922166444,11644.424768884779,19465.638302327156,15408.925738778335,10,1,3,6000.0,0.0,59223.179350372986,0.03250751899986426,9.094947017729282e-13,1.1368683772161603e-13,1.1368683772161603e-13,8.739675649849232e-13,14,7,none,21,0.0,0.5,168,181,14,12.128538828228816
hard6000,183,2025-07-03,5852.284968344444,5964.10057001111,54568.29076773065,2644.094187889812,57212.384955620466,86806.68253174485,436.1511681099945,3217.3337741728355,21918.14184657202,17653.06085422334,9,1,4,6000.0,0.0,58159.516261792014,0.03185897000003024,4.547473508864641e-13,1.1368683772161603e-13,5.684341886080802e-14,9.094947017729282e-13,14,7,none,21,0.0,0.5,169,182,14,12.128538828228816
hard6000,184,2025-07-04,5964.10057001111,5863.245670294441,25425.801492448634,0.0,25425.801492448634,43045.964081989994,0.0,11264.427817409467,15744.411619257196,12843.742821343332,0,0,0,6000.0,0.0,27462.72276478421,0.028813095999794314,9.094947017729282e-13,1.1368683772161603e-13,1.4210854715202004e-14,6.821210263296962e-13,14,7,none,21,0.0,0.5,170,183,14,12.128538828228816
hard6000,185,2025-07-05,5863.245670294441,6329.271774562964,26017.700123662973,0.0,26017.700123662973,44337.226779235,0.0,12094.991117267491,15961.748428732506,12509.592733431662,0,0,0,6000.0,0.0,27758.444302890923,0.02807532499991794,9.094947017729282e-13,2.6645352591003757e-15,1.4210854715202004e-14,9.094947017729282e-13,14,7,none,21,0.0,0.5,171,184,14,12.128538828228816
hard6000,186,2025-07-06,6329.271774562964,6441.1210961074075,54098.57806890562,10567.599395880017,64666.17746478564,86135.24790773948,1558.2010145949976,3643.4007139753057,21870.538257732514,17614.471599373337,11,1,2,6000.0,0.0,57612.02714187277,0.03235601400001542,2.2737367544323206e-13,1.1368683772161603e-13,1.1368683772161603e-13,9.094947017729282e-13,14,7,none,21,0.0,0.5,172,185,14,12.128538828228816
hard6000,187,2025-07-07,6441.1210961074075,6505.745484290744,54847.628796385645,369.75183083208424,55217.38062721773,86704.85253694825,54.93269750000013,9873.27206743005,17994.044478876538,14517.014078524997,3,1,2,6000.0,0.0,58263.57604250425,0.03234827699998277,4.547473508864641e-13,1.1368683772161603e-13,5.684341886080802e-14,9.094947017729282e-13,14,7,none,21,0.0,0.5,173,186,14,12.128538828228816
hard6000,188,2025-07-08,6505.745484290744,7403.153666846297,56384.025046265095,0.0,56384.025046265095,89072.15836242016,0.0,8685.470325569484,21092.80871517901,16277.507694995,0,0,0,6000.0,0.0,59856.25977337418,0.03235502600000473,4.547473508864641e-13,1.1368683772161603e-13,1.1368683772161603e-13,9.094947017729282e-13,14,7,none,21,0.0,0.5,174,187,14,12.128538828228816
hard6000,189,2025-07-09,7403.153666846297,7493.239575864817,55587.1255849377,222.57269438766596,55809.69827932536,87357.953068275,33.015307333333226,9607.716466434147,19176.05039153087,15451.523499023333,1,1,1,6000.0,0.0,58476.67197863569,0.03243946100019457,9.094947017729282e-13,1.1368683772161603e-13,1.1368683772161603e-13,9.094947017729282e-13,14,7,none,21,0.0,0.5,175,188,14,12.128538828228816
hard6000,190,2025-07-10,7493.239575864817,7141.550263187038,54527.886263476554,0.0,54527.886263476554,85682.86789700037,0.0,9459.155315975308,19403.208311061728,16033.119113370001,0,0,0,6000.0,0.0,57325.827010803434,0.031892361999780405,9.094947017729282e-13,1.1368683772161603e-13,1.1368683772161603e-13,9.094947017729282e-13,14,7,none,21,0.0,0.5,176,189,14,12.128538828228816
hard6000,191,2025-07-11,7141.550263187038,7024.973342238892,26732.92521806172,0.0,26732.92521806172,44450.88426463166,0.0,8898.830013866254,16516.822787467077,13483.545686701666,0,0,0,6000.0,0.0,28196.860001878777,0.028820502000144188,1.8189894035458565e-12,1.1368683772161603e-13,1.4210854715202004e-14,9.094947017729282e-13,14,7,none,21,0.0,0.5,177,190,14,12.128538828228816
hard6000,192,2025-07-12,7024.973342238892,6897.424069266667,26770.07074639414,0.0,26770.07074639414,44948.11374215166,0.0,11021.993634265427,15561.426948567901,12719.550174015003,0,0,0,6000.0,0.0,28203.12298818893,0.029142746000161424,9.094947017729282e-13,1.1368683772161603e-13,2.842170943040401e-14,8.526512829121202e-13,14,7,none,21,0.0,0.5,178,191,14,12.128538828228816
hard6000,193,2025-07-13,6897.424069266667,6971.862525883333,53869.76108629751,515.1455753429184,54384.90666164043,85407.85897397,76.56390450000026,12562.488447767484,18880.102209197532,15225.888178495003,3,1,2,6000.0,0.0,56632.331362289886,0.03353953499981799,9.094947017729282e-13,1.1368683772161603e-13,1.1368683772161603e-13,9.094947017729282e-13,14,7,none,21,0.0,0.5,179,192,14,12.128538828228816
hard6000,194,2025-07-14,6971.862525883333,6745.832418807407,52406.34163566295,163.72912521333365,52570.07076087629,83001.72546257613,24.29302933333338,7938.733132261316,18331.753891314816,15052.147748333335,2,1,2,6000.0,0.0,55126.277125813605,0.03386508599987792,9.094947017729282e-13,1.1368683772161603e-13,5.684341886080802e-14,9.094947017729282e-13,14,7,none,21,0.0,0.5,180,193,14,12.128538828228816
hard6000,195,2025-07-15,6745.832418807407,7781.583610294444,54084.59345176253,0.0,54084.59345176253,85132.15687226338,0.0,7743.812877037035,19511.143892393004,14871.850480500001,0,0,0,6000.0,0.0,56833.23171695761,0.033133046999864746,2.2737367544323206e-13,1.1368683772161603e-13,8.526512829121202e-14,9.094947017729282e-13,14,7,none,21,0.0,0.5,181,194,14,12.128538828228816
hard6000,196,2025-07-16,7781.583610294444,7383.412520624077,53048.48018912537,74.0251013536653,53122.50529047903,83783.17768247912,10.956131333333133,8540.987769109046,18299.6665372284,15181.08387585833,1,1,1,6000.0,0.0,55731.21875456075,0.03467467500013299,9.094947017729282e-13,1.1368683772161603e-13,1.1368683772161603e-13,9.094947017729282e-13,14,7,none,21,0.0,0.5,182,195,14,12.128538828228816
hard6000,197,2025-07-17,7383.412520624077,7104.100857181482,52938.59150944516,0.0,52938.59150944516,83478.76126134567,0.0,7112.943209419751,20509.381486092585,16863.979500833335,0,0,0,6000.0,0.0,55610.97168817121,0.03354412400040019,2.2737367544323206e-13,4.263256414560601e-14,1.1368683772161603e-13,9.094947017729282e-13,14,7,none,21,0.0,0.5,183,196,14,12.128538828228816
hard6000,198,2025-07-18,7104.100857181482,7100.8779806055545,26118.081942936777,0.0,26118.081942936777,43607.96029420332,0.0,9393.718902734565,15488.915159932098,12548.921868463332,0,0,0,6000.0,0.0,27466.955049686552,0.029548261999934766,4.547473508864641e-13,1.1368683772161603e-13,1.4210854715202004e-14,8.526512829121202e-13,14,7,none,21,0.0,0.5,184,197,14,12.128538828228816
hard6000,199,2025-07-19,7100.8779806055545,6494.867966242593,26019.248418906995,0.0,26019.248418906995,43783.544558955,0.0,14338.102033320989,14779.118360845676,12516.494885211665,0,0,0,6000.0,0.0,27323.14823355196,0.029579461000139418,9.094947017729282e-13,1.1368683772161603e-13,1.0658141036401503e-14,9.094947017729282e-13,14,7,none,21,0.0,0.5,185,198,14,12.128538828228816
hard6000,200,2025-07-20,6494.867966242593,7048.867570462966,53004.291700477756,22.84573611733366,53027.13743659509,84126.8543031535,3.2749048333333803,7891.692948131691,19209.781049421807,15061.32300623333,1,1,1,6000.0,0.0,55359.32882907668,0.03306194900005721,4.547473508864641e-13,1.1368683772161603e-13,5.684341886080802e-14,9.094947017729282e-13,14,7,none,21,0.0,0.5,186,199,14,12.128538828228816
hard6000,201,2025-07-21,7048.867570462966,6830.924000559262,52195.16388994372,0.0,52195.16388994372,82808.02979978861,0.0,5229.6077617674855,19920.11526807613,16331.442580055002,0,0,0,6000.0,0.0,54525.43339846027,0.0328706959999181,2.2737367544323206e-13,1.1368683772161603e-13,8.526512829121202e-14,9.094947017729282e-13,14,7,none,21,0.0,0.5,187,200,14,12.128538828228816
hard6000,202,2025-07-22,6830.924000559262,7278.983718116666,54922.048802917416,154.51263834299945,55076.56144126041,86823.83535286419,22.921322999999916,8916.65932641358,19640.520984117276,15505.568251333332,1,1,1,6000.0,0.0,57080.05678540989,0.033231335999971634,2.2737367544323206e-13,1.1368683772161603e-13,1.1368683772161603e-13,9.094947017729282e-13,14,7,none,21,0.0,0.5,188,201,14,12.128538828228816
hard6000,203,2025-07-23,7278.983718116666,7087.83339017963,54649.061544111464,19.469082766667274,54668.530626878135,86276.61421391153,2.8864466666667568,8511.135303403295,19599.229135008227,16047.410894499999,1,1,1,6000.0,0.0,57056.98366920448,0.03360250500008988,2.2737367544323206e-13,1.1368683772161603e-13,1.1368683772161603e-13,8.846257060213247e-13,14,7,none,21,0.0,0.5,189,202,14,12.128538828228816
hard6000,204,2025-07-24,7087.83339017963,7539.431829844443,54003.465519630816,0.0,54003.465519630816,85216.7542454481,0.0,7494.039677063795,19472.652487820975,15366.409919436664,0,0,0,6000.0,0.0,56605.618240302836,0.03407951999997749,4.547473508864641e-13,1.1368683772161603e-13,1.7053025658242404e-13,9.094947017729282e-13,14,7,none,21,0.0,0.5,190,203,14,12.128538828228816
hard6000,205,2025-07-25,7539.431829844443,6961.556733233332,25868.435345911013,0.0,25868.435345911013,43173.75449730667,0.0,14258.518808915633,15421.072150917698,13011.156029193331,0,0,0,6000.0,0.0,26886.292910503555,0.02969559199982541,9.094947017729282e-13,1.1368683772161603e-13,1.4210854715202004e-14,9.094947017729282e-13,14,7,none,21,0.0,0.5,191,204,14,12.128538828228816
hard6000,206,2025-07-26,6961.556733233332,6661.381924807407,26173.952087495498,0.0,26173.952087495498,43820.517546589996,0.0,12642.37348931687,15680.051674683129,12970.999184076669,0,0,0,6000.0,0.0,27343.82164763796,0.02922489399998085,1.8189894035458565e-12,1.1368683772161603e-13,1.4210854715202004e-14,6.821210263296962e-13,14,7,none,21,0.0,0.5,192,205,14,12.128538828228816
hard6000,207,2025-07-27,6661.381924807407,6954.407209040746,53092.35157577001,1201.2599129820637,54293.611488752074,84466.53711206329,239.5628405866638,6581.891761170774,21975.240187732517,17536.221796253332,2,1,1,6000.0,0.0,55646.025999091726,0.034042524000142294,4.547473508864641e-13,1.1368683772161603e-13,1.1368683772161603e-13,9.094947017729282e-13,14,7,none,21,0.0,0.5,193,206,14,12.128538828228816
hard6000,208,2025-07-28,6954.407209040746,6409.301130325929,53219.98353589911,0.0,53219.98353589911,84356.12609732921,0.0,2901.599713242798,21001.28748208641,17501.63833133333,0,0,0,6000.0,0.0,55585.40082992178,0.03417223400037983,2.2737367544323206e-13,1.1368683772161603e-13,4.263256414560601e-14,9.094947017729282e-13,14,7,none,21,0.0,0.5,194,207,14,12.128538828228816
hard6000,209,2025-07-29,6409.301130325929,7454.509934357409,57514.51598984098,219.80544954783286,57734.32143938881,90583.3802092469,32.64598983333326,9821.90670715432,19916.76641209259,15191.892870166666,1,1,1,6000.0,0.0,59933.26089249994,0.033339748000344116,2.2737367544323206e-13,1.1368683772161603e-13,4.263256414560601e-14,9.094947017729282e-13,14,7,none,21,0.0,0.5,195,208,14,12.128538828228816
hard6000,210,2025-07-30,7454.509934357409,7688.784120757409,56905.309985010506,0.0,56905.309985010506,89245.30344197119,0.0,11406.370834734571,18551.74626040329,14816.067703166667,0,0,0,6000.0,0.0,59517.63925014303,0.03444453900010558,4.547473508864641e-13,1.1368683772161603e-13,1.1368683772161603e-13,7.958078640513122e-13,14,7,none,21,0.0,0.5,196,209,14,12.128538828228816
hard6000,211,2025-07-31,7688.784120757409,7302.544786333335,56109.803922749496,0.0,56109.803922749496,88001.18973649177,0.0,10053.391301168722,18949.566155989713,15696.763987333332,0,0,0,6000.0,0.0,58711.06231406739,0.03472088199987411,9.094947017729282e-13,1.1368683772161603e-13,1.1368683772161603e-13,9.094947017729282e-13,14,7,none,21,0.0,0.5,197,210,14,12.128538828228816
hard6000,212,2025-08-01,7302.544786333335,7517.028819585184,26777.446250154557,0.0,26777.446250154557,44676.22284229999,0.0,20354.668389985593,15142.942924847739,12072.748139199999,0,0,0,6000.0,0.0,28049.10682681494,0.029923886999768,9.094947017729282e-13,1.1368683772161603e-13,7.105427357601002e-15,9.094947017729282e-13,14,7,none,21,0.0,0.5,198,211,14,12.128538828228816
hard6000,213,2025-08-02,7517.028819585184,7400.788132398149,26376.54163911772,0.0,26376.54163911772,44159.75911554,0.0,20433.062984050288,15285.72535065638,12486.054152499997,0,0,0,6000.0,0.0,27792.245663875747,0.029434717999720306,9.094947017729282e-13,1.1368683772161603e-13,7.105427357601002e-15,8.881784197001252e-13,14,7,none,21,0.0,0.5,199,212,14,12.128538828228816
hard6000,214,2025-08-03,7400.788132398149,6832.328499472225,52422.30485547292,239.86465539825008,52662.169510871165,83060.9980476358,35.59604033333335,17572.480950565838,16822.351703701646,14137.718549631667,2,1,1,6000.0,0.0,55327.150496155955,0.03534706699974777,9.094947017729282e-13,1.1368683772161603e-13,1.1368683772161603e-13,9.094947017729282e-13,14,7,none,21,0.0,0.5,200,213,14,12.128538828228816
hard6000,215,2025-08-04,6832.328499472225,7510.98638791111,51437.21296066017,0.0,51437.21296066017,81741.83810008023,0.0,12268.104496662549,18143.612739417695,14085.534219333333,0,0,0,6000.0,0.0,54120.0105668136,0.03429325400020389,2.2737367544323206e-13,1.1368683772161603e-13,1.1368683772161603e-13,9.094947017729282e-13,14,7,none,21,0.0,0.5,201,214,14,12.128538828228816
hard6000,216,2025-08-05,7510.98638791111,7137.720890796297,49927.071257008705,0.0,49927.071257008705,78900.50442709465,0.0,10716.157577617287,17726.18980814403,14694.152692,0,0,0,6000.0,0.0,52831.93710319843,0.03508587299984356,9.094947017729282e-13,1.1368683772161603e-13,5.684341886080802e-14,9.094947017729282e-13,14,7,none,21,0.0,0.5,202,215,14,12.128538828228816
hard6000,217,2025-08-06,7137.720890796297,6276.419503238891,48996.89351496672,299.36979812897346,49296.2633130957,77510.23747336419,42.91424858500193,6745.894588069966,18252.78482112756,15559.926953914994,1,1,1,6000.0,0.0,51675.6083787792,0.034922210999866365,2.2737367544323206e-13,1.1368683772161603e-13,1.1368683772161603e-13,9.094947017729282e-13,14,7,none,21,0.0,0.5,203,216,14,12.128538828228816
hard6000,218,2025-08-07,6276.419503238891,7018.301623379632,48981.88071247223,195.83601065150066,49177.71672312373,77617.88587595883,28.9848310000001,9877.111628325109,19547.789055300404,15166.015226666665,1,1,1,6000.0,0.0,51896.43680771921,0.03409168899997894,4.547473508864641e-13,1.1368683772161603e-13,1.1368683772161603e-13,9.094947017729282e-13,14,7,none,21,0.0,0.5,204,217,14,12.128538828228816
hard6000,219,2025-08-08,7018.301623379632,7181.644635829634,24342.674261809927,0.0,24342.674261809927,41486.617268125,0.0,22497.747760184673,16140.47129860699,12926.773040666663,0,0,0,6000.0,0.0,25655.898352041782,0.029692936000174086,9.094947017729282e-13,1.1368683772161603e-13,5.684341886080802e-14,7.958078640513122e-13,14,7,none,21,0.0,0.5,205,218,14,12.128538828228816
hard6000,220,2025-08-09,7181.644635829634,6961.2360129370345,24145.228539035415,0.0,24145.228539035415,41077.53944892,0.0,19325.523096413577,15939.237437419752,13109.150084913335,0,0,0,6000.0,0.0,25441.78212476645,0.029970366999805265,9.094947017729282e-13,1.1368683772161603e-13,2.220446049250313e-15,8.65085780787922e-13,14,7,none,21,0.0,0.5,206,219,14,12.128538828228816
hard6000,221,2025-08-10,6961.2360129370345,6791.973622122223,46824.118738342746,307.0252137648321,47131.14395210758,73733.14428858229,44.83216333333314,5278.561157524688,17616.486295390943,14421.690051,2,1,1,6000.0,0.0,49223.66318742017,0.03299518999983775,9.094947017729282e-13,1.1368683772161603e-13,5.684341886080802e-14,9.094947017729282e-13,14,7,none,21,0.0,0.5,207,220,14,12.128538828228816
hard6000,222,2025-08-11,6791.973622122223,6606.345729668518,46685.76258054453,406.06648713683387,47091.82906768136,73470.63842912551,60.21930300000008,5490.6140786687165,19189.765385956794,15710.775065833335,3,1,2,6000.0,0.0,49079.41352575499,0.03440229100033321,2.2737367544323206e-13,1.1368683772161603e-13,5.684341886080802e-14,9.094947017729282e-13,14,7,none,21,0.0,0.5,208,221,14,12.128538828228816
hard6000,223,2025-08-12,6606.345729668518,6337.614144907407,46597.49281315996,4367.745157888241,50965.2379710482,73669.98410357613,638.1544114883332,3340.852270368322,18150.531689374475,14943.789094678334,7,1,4,6000.0,0.0,48530.755735287166,0.03240901000026497,1.8189894035458565e-12,1.1368683772161603e-13,5.684341886080802e-14,9.094947017729282e-13,14,7,none,21,0.0,0.5,209,222,14,12.128538828228816
hard6000,224,2025-08-13,6337.614144907407,6834.067625907407,47622.16436399673,399.8840155364151,48022.048379533146,75272.84103988476,57.95821166666644,5188.78017008436,18811.74472930041,14790.705097833334,3,1,2,6000.0,0.0,49477.37495916766,0.030894390999947063,1.8189894035458565e-12,1.1368683772161603e-13,5.684341886080802e-14,9.094947017729282e-13,14,7,none,21,0.0,0.5,210,223,14,12.128538828228816
hard6000,225,2025-08-14,6834.067625907407,6312.195720303707,46699.88716816146,339.8153806757506,47039.70254883721,73712.08339574897,49.86128000000008,4510.844087549375,19971.022736366256,16646.2131315,3,1,2,6000.0,0.0,48764.94434473912,0.030736296999748447,2.2737367544323206e-13,1.1368683772161603e-13,1.1368683772161603e-13,9.094947017729282e-13,14,7,none,21,0.0,0.5,211,224,14,12.128538828228816
hard6000,226,2025-08-15,6312.195720303707,6547.653600081483,24190.719647654252,0.0,24190.719647654252,41067.874467559996,0.0,20586.339949318928,16367.871279514404,13046.06364460667,0,0,0,6000.0,0.0,25140.881650408824,0.028478293000262056,4.547473508864641e-13,1.1368683772161603e-13,7.105427357601002e-15,9.094947017729282e-13,14,7,none,21,0.0,0.5,212,225,14,12.128538828228816
hard6000,227,2025-08-16,6547.653600081483,6750.4781271333295,24358.064099850897,0.0,24358.064099850897,41289.59126009332,0.0,21122.982888600825,16077.820686732508,12840.49268190667,0,0,0,6000.0,0.0,25252.59362876754,0.02852454599997145,9.094947017729282e-13,1.1368683772161603e-13,1.4210854715202004e-14,5.115907697472721e-13,14,7,none,21,0.0,0.5,213,226,14,12.128538828228816
hard6000,228,2025-08-17,6750.4781271333295,6686.2146434796305,46981.41328531937,459.124749764248,47440.53803508362,73913.91585908848,68.15015433333303,7299.367997323039,18816.53439326544,15299.22999383333,3,1,2,6000.0,0.0,49165.13117627037,0.031207841000195913,2.2737367544323206e-13,1.1368683772161603e-13,5.684341886080802e-14,9.094947017729282e-13,14,7,none,21,0.0,0.5,214,227,14,12.128538828228816
hard6000,229,2025-08-18,6686.2146434796305,6719.126227774076,46527.333944575206,672.0458851401681,47199.37982971538,73229.23711625926,99.64243233333355,5161.185570660492,19705.041765265432,15931.463403999998,3,1,3,6000.0,0.0,48696.21255378383,0.030510162000155105,2.2737367544323206e-13,1.1368683772161603e-13,5.684341886080802e-14,9.094947017729282e-13,14,7,none,21,0.0,0.5,215,228,14,12.128538828228816
hard6000,230,2025-08-19,6719.126227774076,6582.818130848147,47011.21966583493,846.643977340166,47857.86364317509,73838.6296130679,125.4986684999999,6333.5656565473255,18081.99927502058,14769.0967,4,1,2,6000.0,0.0,49049.254833491425,0.03217717300003642,2.2737367544323206e-13,1.1368683772161603e-13,1.1368683772161603e-13,9.094947017729282e-13,14,7,none,21,0.0,0.5,216,229,14,12.128538828228816
hard6000,231,2025-08-20,6582.818130848147,6307.587143937038,47113.237159363096,7727.559229233164,54840.79638859626,74061.70956910905,1337.4903543083308,1143.6073599773663,20276.891499965022,16671.99000319167,12,1,3,6000.0,0.0,49095.86097876919,0.031178889999864623,2.2737367544323206e-13,1.1368683772161603e-13,5.684341886080802e-14,8.952838470577262e-13,14,7,none,21,0.0,0.5,217,230,14,12.128538828228816
hard6000,232,2025-08-21,6307.587143937038,6603.927792707409,48591.852775017,0.0,48591.852775017,76897.47685452057,0.0,7296.316176423872,18368.60847826337,14611.8662835,0,0,0,6000.0,0.0,50658.19169118212,0.03178404299978865,4.547473508864641e-13,1.1368683772161603e-13,1.1368683772161603e-13,9.094947017729282e-13,14,7,none,21,0.0,0.5,218,231,14,12.128538828228816
hard6000,233,2025-08-22,6603.927792707409,6222.5259764037055,24273.28363578595,0.0,24273.28363578595,41084.423955729995,0.0,17205.784788781893,15743.849482218106,13095.77971527,0,0,0,6000.0,0.0,25320.58521171833,0.028065663000234053,1.8189894035458565e-12,1.1368683772161603e-13,0.0,9.094947017729282e-13,14,7,none,21,0.0,0.5,219,232,14,12.128538828228816
hard6000,234,2025-08-23,6222.5259764037055,6635.856379366666,24725.276370351814,0.0,24725.276370351814,41861.89536990333,0.0,15986.57676161728,15649.026819049384,12303.714360763335,0,0,0,6000.0,0.0,25847.077636220867,0.02830355200012491,2.2737367544323206e-13,1.1368683772161603e-13,0.0,7.958078640513122e-13,14,7,none,21,0.0,0.5,220,233,14,12.128538828228816
hard6000,235,2025-08-24,6635.856379366666,6758.278174244449,49243.5830332848,0.0,49243.5830332848,78131.11882619571,0.0,10558.920706286006,19623.310637823044,15784.702001246666,0,0,0,6000.0,0.0,51502.000821935726,0.032282355000006646,4.547473508864641e-13,1.1368683772161603e-13,1.1368683772161603e-13,9.094947017729282e-13,14,7,none,21,0.0,0.5,221,234,14,12.128538828228816
hard6000,236,2025-08-25,6758.278174244449,6632.257632327779,49290.892344574146,332.8420997191679,49623.73444429331,77876.64243020164,49.43049566666684,3356.6352083744905,20577.73257132715,16781.3818705,2,1,1,6000.0,0.0,51411.6034885746,0.031005822999759403,2.2737367544323206e-13,1.1368683772161603e-13,5.684341886080802e-14,9.094947017729282e-13,14,7,none,21,0.0,0.5,222,235,14,12.128538828228816
hard6000,237,2025-08-26,6632.257632327779,6844.00311752963,49997.87504303291,69.12545660374946,50067.000499636655,79150.17295502468,10.246047499999918,9698.909325310704,19695.370301047315,15762.679007166666,2,1,2,6000.0,0.0,52353.28457845938,0.03157695400022931,2.2737367544323206e-13,1.1368683772161603e-13,1.1368683772161603e-13,8.810729923425242e-13,14,7,none,21,0.0,0.5,223,236,14,12.128538828228816
hard6000,238,2025-08-27,6844.00311752963,6436.933861727781,48999.00759141157,229.60962801166738,49228.61721942324,77401.28789024691,34.0573935000001,5961.300360506173,20664.517825240735,17104.621768666664,3,1,2,6000.0,0.0,51511.39206143925,0.031477507000090554,1.8189894035458565e-12,1.1368683772161603e-13,1.1368683772161603e-13,9.094947017729282e-13,14,7,none,21,0.0,0.5,224,237,14,12.128538828228816
hard6000,239,2025-08-28,6436.933861727781,6559.3501980611145,49583.98698162292,421.7172525274996,50005.70423415042,78288.20733323251,62.55700749999994,3478.7705046152387,21021.17973728394,16916.980884499997,3,1,2,6000.0,0.0,51876.17940664468,0.03137115400022594,4.547473508864641e-13,1.1368683772161603e-13,1.4210854715202004e-13,8.526512829121202e-13,14,7,none,21,0.0,0.5,225,238,14,12.128538828228816
hard6000,240,2025-08-29,6559.3501980611145,6474.412732611111,24912.951995593594,0.0,24912.951995593594,41786.034752244996,0.0,16162.83017133539,16549.62078849794,13481.636557588336,0,0,0,6000.0,0.0,25993.21826082567,0.028800440999930288,9.094947017729282e-13,1.1368683772161603e-13,8.881784197001252e-16,9.094947017729282e-13,14,7,none,21,0.0,0.5,226,239,14,12.128538828228816
hard6000,241,2025-08-30,6474.412732611111,6304.181827846298,24977.28562874288,0.0,24977.28562874288,42123.122013149994,0.0,20902.957183790124,15056.067422709875,12348.62242668333,0,0,0,6000.0,0.0,26017.923408073366,0.027641184000003705,9.094947017729282e-13,1.1368683772161603e-13,0.0,7.958078640513122e-13,14,7,none,21,0.0,0.5,227,240,14,12.128538828228816
hard6000,242,2025-08-31,6304.181827846298,7168.388128155558,50329.981419433985,0.0,50329.981419433985,79567.56528363991,0.0,8279.470110403296,20335.19168223662,15693.719592333333,0,0,0,6000.0,0.0,52902.214863879286,0.030613806000019395,2.2737367544323206e-13,1.1368683772161603e-13,5.684341886080802e-14,9.094947017729282e-13,14,7,none,21,0.0,0.5,228,241,14,12.128538828228816
hard6000,243,2025-09-01,7168.388128155558,8931.116276518518,45834.490512972276,0.0,45834.490512972276,72567.28684912757,0.0,13914.926687238687,18377.73839488888,13299.512766333331,0,0,0,6000.0,0.0,48240.23792495044,0.033005228999627434,2.2737367544323206e-13,1.1368683772161603e-13,5.684341886080802e-14,9.094947017729282e-13,14,7,none,21,0.0,0.5,229,242,14,12.128538828228816
hard6000,244,2025-09-02,8931.116276518518,8097.5910814092595,42114.553550970835,0.0,42114.553550970835,66506.77760353088,0.0,9761.637360304525,18092.405625393007,15405.021232166666,0,0,0,6000.0,0.0,44386.63501209269,0.033312631999706355,1.8189894035458565e-12,1.1368683772161603e-13,1.1368683772161603e-13,9.094947017729282e-13,14,7,none,21,0.0,0.5,230,243,14,12.128538828228816
hard6000,245,2025-09-03,8097.5910814092595,8246.735533242592,43340.21764423291,0.0,43340.21764423291,68230.70557631686,0.0,9331.453990932092,16933.18067755144,13581.646342166667,0,0,0,6000.0,0.0,45641.13312638067,0.033767652999813436,9.094947017729282e-13,1.1368683772161603e-13,1.1368683772161603e-13,9.094947017729282e-13,14,7,none,21,0.0,0.5,231,244,14,12.128538828228816
hard6000,246,2025-09-04,8246.735533242592,7249.367960825927,40173.68809303333,91.53976108499988,40265.227854118326,63468.21133475926,13.588623333333317,7022.67551284569,18058.89321274691,15525.334317499997,1,1,1,6000.0,0.0,42579.06149578986,0.03407832099992447,2.2737367544323206e-13,1.1368683772161603e-13,5.684341886080802e-14,8.970602038971265e-13,14,7,none,21,0.0,0.5,232,245,14,12.128538828228816
hard6000,247,2025-09-05,7249.367960825927,6902.489450449997,18480.992443504467,0.0,18480.992443504467,32640.919389423332,0.0,23104.905313471194,15915.48983486214,13203.737425576668,0,0,0,6000.0,0.0,19637.560611938614,0.02923216700037301,9.094947017729282e-13,1.1368683772161603e-13,5.684341886080802e-14,6.821210263296962e-13,14,7,none,21,0.0,0.5,233,246,14,12.128538828228816
hard6000,248,2025-09-06,6902.489450449997,7143.27333706852,18704.00440418258,0.0,18704.00440418258,33295.098054595,0.0,22258.629696720163,16308.837683779835,12993.453025904997,0,0,0,6000.0,0.0,19768.422917931577,0.02893001499978709,9.094947017729282e-13,1.1368683772161603e-13,5.684341886080802e-14,7.958078640513122e-13,14,7,none,21,0.0,0.5,234,247,14,12.128538828228816
hard6000,249,2025-09-07,7143.27333706852,6909.195381488888,39477.196393464896,0.0,39477.196393464896,63112.017613788055,0.0,4711.336180267486,19212.46303618724,15772.765219333332,0,0,0,6000.0,0.0,41732.41038940461,0.03355845900023269,2.2737367544323206e-13,1.1368683772161603e-13,1.1368683772161603e-13,9.094947017729282e-13,14,7,none,21,0.0,0.5,235,248,14,12.128538828228816
hard6000,250,2025-09-08,6909.195381488888,5770.2858417740745,36898.31991015373,16143.10280125506,53041.42271140879,60030.17354479012,2446.882274358335,544.6850146995902,18746.4202992572,16209.619028141666,12,1,3,6000.0,0.0,39129.72704875362,0.03374699799996961,2.2737367544323206e-13,1.1368683772161603e-13,5.684341886080802e-14,9.094947017729282e-13,14,7,none,21,0.0,0.5,236,249,14,12.128538828228816
hard6000,251,2025-09-09,5770.2858417740745,6113.901185535185,40314.294797895665,1558.6890018682227,41872.98379976389,65880.13425389712,224.38156003999757,8813.966488946495,20412.95394178395,16225.238883460004,3,1,3,6000.0,0.0,42819.249003644996,0.031006619999971008,2.2737367544323206e-13,1.1368683772161603e-13,1.1368683772161603e-13,9.094947017729282e-13,14,7,none,21,0.0,0.5,237,250,14,12.128538828228816
hard6000,252,2025-09-10,6113.901185535185,6084.063367649998,39865.856292979304,7187.891616146426,47053.74790912573,64415.064348674896,1240.434982114999,356.85069971399287,21102.652721960905,17120.002740885,12,1,4,6000.0,0.0,42164.87616645543,0.030756848999772046,0.0,1.1368683772161603e-13,5.684341886080802e-14,9.094947017729282e-13,14,7,none,21,0.0,0.5,238,251,14,12.128538828228816
hard6000,253,2025-09-11,6084.063367649998,6330.59874269815,41976.72448675879,40.929105000000334,42017.65359175879,67858.65270186008,6.071666666666715,10334.898533709875,20062.411652316874,16028.671600833331,1,1,1,6000.0,0.0,44290.31083264439,0.03073232199994891,4.547473508864641e-13,1.1368683772161603e-13,5.684341886080802e-14,9.094947017729282e-13,14,7,none,21,0.0,0.5,239,252,14,12.128538828228816
hard6000,254,2025-09-12,6330.59874269815,6311.923387637039,17854.874368080807,0.0,17854.874368080807,32226.00836823833,0.0,17622.823601827156,16149.138873506177,13097.610307094998,0,0,0,6000.0,0.0,18836.757490009135,0.027504171999680693,4.547473508864641e-13,1.1368683772161603e-13,5.684341886080802e-14,8.473222123939195e-13,14,7,none,21,0.0,0.5,240,253,14,12.128538828228816
hard6000,255,2025-09-13,6311.923387637039,6721.864588657406,18505.154969703162,0.0,18505.154969703162,33564.07700829333,0.0,22164.187544347733,15914.952103652266,12522.164123040002,0,0,0,6000.0,0.0,19489.277017986762,0.027422792999914236,4.547473508864641e-13,1.1368683772161603e-13,0.0,6.963318810448982e-13,14,7,none,21,0.0,0.5,241,254,14,12.128538828228816
hard6000,256,2025-09-14,6721.864588657406,6401.816449550003,41198.038968257664,0.0,41198.038968257664,66189.01561706378,0.0,2551.5867627674934,20137.618049962963,16599.513945666666,0,0,0,6000.0,0.0,43401.26343531702,0.03018103299973518,2.2737367544323206e-13,1.1368683772161603e-13,5.684341886080802e-14,9.094947017729282e-13,14,7,none,21,0.0,0.5,242,255,14,12.128538828228816
hard6000,257,2025-09-15,6401.816449550003,6172.1802469259255,40654.64975155756,1627.8457014775772,42282.49545303514,66112.8242345041,233.38967024000056,7558.988336292174,20667.72377621194,16947.528841093335,2,1,2,6000.0,0.0,43046.406308547674,0.030732201000319037,2.2737367544323206e-13,1.1368683772161603e-13,1.1368683772161603e-13,9.094947017729282e-13,14,7,none,21,0.0,0.5,243,256,14,12.128538828228816
hard6000,258,2025-09-16,6172.1802469259255,5835.084030744443,41327.54242485663,774.3670187986645,42101.90944365529,66812.87598470163,113.863491833333,3954.128736325101,19916.986060209878,16436.145303333335,3,1,2,6000.0,0.0,43642.665995645264,0.02966372799983219,4.547473508864641e-13,1.1368683772161603e-13,5.684341886080802e-14,9.094947017729282e-13,14,7,none,21,0.0,0.5,244,257,14,12.128538828228816
hard6000,259,2025-09-17,5835.084030744443,6216.378307420372,42142.788931470146,34.70889375000076,42177.49782522015,68557.8219047469,7.629166666666833,4101.357319216046,21899.0026483642,17395.027296166667,1,1,1,6000.0,0.0,44666.46965899266,0.030755411999962234,2.2737367544323206e-13,1.1368683772161603e-13,1.1368683772161603e-13,9.094947017729282e-13,14,7,none,21,0.0,0.5,245,258,14,12.128538828228816
hard6000,260,2025-09-18,6216.378307420372,6106.053200740742,42356.324961464314,151.14938217441195,42507.47434363873,68496.6755164753,31.242242074999893,5761.19829947325,20578.741781168726,16768.073438758336,4,1,2,6000.0,0.0,44654.641884790326,0.0313303050002105,2.2737367544323206e-13,1.1368683772161603e-13,1.1368683772161603e-13,9.094947017729282e-13,14,7,none,21,0.0,0.5,246,259,14,12.128538828228816
hard6000,261,2025-09-19,6106.053200740742,7011.265041662958,18772.392130207278,0.0,18772.392130207278,33650.721487666655,0.0,13570.39321617901,16654.133147320987,12675.157192500003,0,0,0,6000.0,0.0,19650.882848599704,0.02760686600004192,4.547473508864641e-13,1.1368683772161603e-13,5.684341886080802e-14,7.958078640513122e-13,14,7,none,21,0.0,0.5,247,260,14,12.128538828228816
hard6000,262,2025-09-20,7011.265041662958,7003.37988289815,18746.851064139162,0.0,18746.851064139162,33594.77787867,0.0,14792.89715082922,16650.22967050411,13493.782675996663,0,0,0,6000.0,0.0,19622.79920645898,0.028426292999938596,9.094947017729282e-13,1.1368683772161603e-13,5.684341886080802e-14,9.094947017729282e-13,14,7,none,21,0.0,0.5,248,261,14,12.128538828228816
hard6000,263,2025-09-21,7003.37988289815,6701.508721344447,43833.14274071022,0.0,43833.14274071022,70043.10951556583,0.0,8633.901756201636,17860.0227443642,14738.302468333335,0,0,0,6000.0,0.0,45933.80999451929,0.03264629299974331,2.2737367544323206e-13,1.1368683772161603e-13,1.1368683772161603e-13,9.094947017729282e-13,14,7,none,21,0.0,0.5,249,262,14,12.128538828228816
hard6000,264,2025-09-22,6701.508721344447,5926.604909294446,42224.15251902584,2302.969500018452,44527.12201904429,68181.43861390534,359.6151156033339,4950.520854374481,19336.45485603087,16359.94186423,7,1,3,6000.0,0.0,44357.979906017295,0.03333321399986744,9.094947017729282e-13,1.1368683772161603e-13,5.684341886080802e-14,9.094947017729282e-13,14,7,none,21,0.0,0.5,250,263,14,12.128538828228816
hard6000,265,2025-09-23,5926.604909294446,6214.419319637037,43543.21274759561,2807.284691377735,46350.49743897334,70354.2225781477,430.14390388999925,4416.762543437837,21010.291505043206,16759.303149776664,4,1,2,6000.0,0.0,45576.505029831416,0.03231666200008476,2.2737367544323206e-13,1.1368683772161603e-13,5.684341886080802e-14,9.094947017729282e-13,14,7,none,21,0.0,0.5,251,264,14,12.128538828228816
hard6000,266,2025-09-24,6214.419319637037,6542.1137007000025,43564.48258253624,0.0,43564.48258253624,70011.28331045061,0.0,4600.152267903293,21331.47894521399,16983.573002666668,0,0,0,6000.0,0.0,45587.42505828416,0.032552550000218616,2.2737367544323206e-13,1.1368683772161603e-13,5.684341886080802e-14,9.094947017729282e-13,14,7,none,21,0.0,0.5,252,265,14,12.128538828228816
hard6000,267,2025-09-25,6542.1137007000025,6314.44910599815,43774.887427457244,103.4974316666667,43878.384859123915,70179.09231527775,15.37166666666667,6362.922021561726,19478.901029549375,15982.807969166666,1,1,1,6000.0,0.0,45653.93813262013,0.034137638000174775,2.2737367544323206e-13,1.1368683772161603e-13,5.684341886080802e-14,9.094947017729282e-13,14,7,none,21,0.0,0.5,253,266,14,12.128538828228816
hard6000,268,2025-09-26,6314.44910599815,6916.091474812967,19217.434702803308,0.0,19217.434702803308,34253.88236510166,0.0,12987.369589796299,15951.532333537034,12379.263058231667,0,0,0,6000.0,0.0,20109.08208028775,0.027231461000155832,9.094947017729282e-13,1.1368683772161603e-13,5.684341886080802e-14,9.094947017729282e-13,14,7,none,21,0.0,0.5,254,267,14,12.128538828228816
hard6000,269,2025-09-27,6916.091474812967,6425.34682634259,19103.43756047028,0.0,19103.43756047028,34108.58574800166,0.0,13626.79113232305,16432.43447001028,13751.94210433167,0,0,0,6000.0,0.0,20081.5116407285,0.028204656000070827,4.547473508864641e-13,1.1368683772161603e-13,5.684341886080802e-14,9.094947017729282e-13,14,7,none,21,0.0,0.5,255,268,14,12.128538828228816
hard6000,270,2025-09-28,6425.34682634259,6721.117562994445,45278.97386273378,39.56136916666671,45318.535231900445,72584.5027956111,5.868333333333339,4782.203831545268,21338.655093399175,17018.11696266666,1,1,1,6000.0,0.0,46944.05847967155,0.03105573299990283,4.547473508864641e-13,1.1368683772161603e-13,5.684341886080802e-14,9.094947017729282e-13,14,7,none,21,0.0,0.5,256,269,14,12.128538828228816
hard6000,271,2025-09-29,6721.117562994445,6060.451511307407,43573.78614712355,2469.360504364814,46043.146651488365,70364.10088723867,364.70938650166966,4722.4357070246915,20216.22322754732,16969.740260831666,3,1,2,6000.0,0.0,45532.50666070992,0.0321367649999047,9.094947017729282e-13,1.1368683772161603e-13,5.684341886080802e-14,9.094947017729282e-13,14,7,none,21,0.0,0.5,257,270,14,12.128538828228816
hard6000,272,2025-09-30,6060.451511307407,6112.652274740741,44713.66272182869,702.8891637112979,45416.551885539986,71731.7691019506,115.5028697550068,2170.7359239423777,22144.108389508234,17889.747108411662,5,1,3,6000.0,0.0,46801.16997599249,0.03218349400003717,9.094947017729282e-13,1.1368683772161603e-13,5.684341886080802e-14,9.094947017729282e-13,14,7,none,21,0.0,0.5,258,271,14,12.128538828228816
hard6000,273,2025-10-01,6112.652274740741,7751.155429720369,44785.790234676315,0.0,44785.790234676315,72127.391629714,0.0,17400.278000997947,18899.680294216043,13834.088198833331,0,0,0,6000.0,0.0,46744.94371021956,0.032452496999667346,4.547473508864641e-13,1.1368683772161603e-13,1.1368683772161603e-13,9.094947017729282e-13,14,7,none,21,0.0,0.5,259,272,14,12.128538828228816
hard6000,274,2025-10-02,7751.155429720369,7691.655062414815,41924.40190123797,0.0,41924.40190123797,67050.86431984979,0.0,11824.130379983539,18681.58501986626,15185.634196666668,0,0,0,6000.0,0.0,43865.35930251953,0.03210724299970025,2.2737367544323206e-13,1.1368683772161603e-13,1.1368683772161603e-13,9.094947017729282e-13,14,7,none,21,0.0,0.5,260,273,14,12.128538828228816
hard6000,275,2025-10-03,7691.655062414815,7437.022020333336,16460.302123776022,0.0,16460.302123776022,30453.286940993334,0.0,19841.731563794237,15913.533763539093,13119.132086339998,0,0,0,6000.0,0.0,17511.77363702483,0.027919038999698387,1.8189894035458565e-12,1.1368683772161603e-13,5.684341886080802e-14,7.958078640513122e-13,14,7,none,21,0.0,0.5,261,274,14,12.128538828228816
hard6000,276,2025-10-04,7437.022020333336,6496.692337564813,15974.810560080747,0.0,15974.810560080747,30307.194582533328,0.0,14983.745277551441,16177.703084948553,13950.236213300002,0,0,0,6000.0,0.0,16960.41084115044,0.02755129900015163,9.094947017729282e-13,1.1368683772161603e-13,5.684341886080802e-14,9.094947017729282e-13,14,7,none,21,0.0,0.5,262,275,14,12.128538828228816
hard6000,277,2025-10-05,6496.692337564813,6708.937613100001,39750.21245495557,0.0,39750.21245495557,65148.61730617283,0.0,6450.30440954322,19849.110957796285,15886.759127833333,0,0,0,6000.0,0.0,41713.004425477586,0.0318515449998813,9.094947017729282e-13,1.1368683772161603e-13,5.684341886080802e-14,9.094947017729282e-13,14,7,none,21,0.0,0.5,263,276,14,12.128538828228816
hard6000,278,2025-10-06,6708.937613100001,6256.7882548462985,39755.76936731394,0.0,39755.76936731394,64961.7234884465,0.0,3856.169161514401,19891.471049265434,16519.025972333337,0,0,0,6000.0,0.0,41783.161277810585,0.03360091599961379,9.094947017729282e-13,1.1368683772161603e-13,5.684341886080802e-14,8.668621376273222e-13,14,7,none,21,0.0,0.5,264,277,14,12.128538828228816
hard6000,279,2025-10-07,6256.7882548462985,6626.514663911111,40130.513053239185,0.0,40130.513053239185,65591.19838348147,0.0,3441.9838338888912,21288.935691759252,16911.284142166667,0,0,0,6000.0,0.0,42081.08047534842,0.03374670999983209,9.094947017729282e-13,1.1368683772161603e-13,5.684341886080802e-14,9.094947017729282e-13,14,7,none,21,0.0,0.5,265,278,14,12.128538828228816
hard6000,280,2025-10-08,6626.514663911111,6059.6404417777785,38372.79963504279,2804.3208981614102,41177.1205332042,63536.0898152716,413.57679991333293,4164.633522228396,20088.022243209874,16781.48481692,3,1,1,6000.0,0.0,40231.58710621078,0.033453666000241356,9.094947017729282e-13,1.1368683772161603e-13,5.684341886080802e-14,9.094947017729282e-13,14,7,none,21,0.0,0.5,266,279,14,12.128538828228816
hard6000,281,2025-10-09,6059.6404417777785,6129.163002074074,39193.968587854135,1664.2011619921377,40858.169749846274,64671.1698268642,245.62253588166163,5142.834008685264,20796.87561295054,16782.898942223277,3,1,1,6000.0,0.0,40893.680555950676,0.03254296300019632,9.094947017729282e-13,1.1368683772161603e-13,1.1368683772161603e-13,8.100187187665142e-13,14,7,none,21,0.0,0.5,267,280,14,12.128538828228816
hard6000,282,2025-10-10,6129.163002074074,5764.2156840814805,15799.238732601434,427.0995624099105,16226.338295011345,30662.072436299997,79.7201567433369,18696.93147729218,15945.804133041152,13244.553933956664,3,1,2,6000.0,0.0,16424.962605371624,0.027940844999648107,1.8189894035458565e-12,1.1368683772161603e-13,5.684341886080802e-14,9.094947017729282e-13,14,7,none,21,0.0,0.5,268,281,14,12.128538828228816
hard6000,283,2025-10-11,5764.2156840814805,6255.150659233333,16945.126107026015,0.0,16945.126107026015,32734.140650938272,0.0,15072.400644164609,16387.28918844033,12831.862765,0,0,0,6000.0,0.0,17513.232575581977,0.0275679169999421,9.094947017729282e-13,1.1368683772161603e-13,5.684341886080802e-14,8.08242361927114e-13,14,7,none,21,0.0,0.5,269,282,14,12.128538828228816
hard6000,284,2025-10-12,6255.150659233333,6409.77573236111,40223.89126690355,98.03580773333336,40321.927074636886,65525.576124320985,20.929933333333338,2982.7442554238673,20577.069753063788,16528.26393416667,1,1,1,6000.0,0.0,41667.92135846538,0.03246807400000762,9.094947017729282e-13,1.1368683772161603e-13,5.684341886080802e-14,9.094947017729282e-13,14,7,none,21,0.0,0.5,270,283,14,12.128538828228816
hard6000,285,2025-10-13,6409.77573236111,6513.060195001855,41204.64854664859,0.0,41204.64854664859,67053.83653982305,0.0,6065.58854062964,20357.350962193406,16396.498262999998,0,0,0,6000.0,0.0,42463.714591846976,0.032062537999991036,9.094947017729282e-13,1.1368683772161603e-13,1.1368683772161603e-13,9.094947017729282e-13,14,7,none,21,0.0,0.5,271,284,14,12.128538828228816
hard6000,286,2025-10-14,6513.060195001855,6485.126908612964,41029.521826125856,0.0,41029.521826125856,66577.55481810494,0.0,1744.6686721131796,21495.772738991756,17436.715876333332,0,0,0,6000.0,0.0,42402.834822582554,0.03261608699995122,9.094947017729282e-13,1.1368683772161603e-13,1.1368683772161603e-13,9.094947017729282e-13,14,7,none,21,0.0,0.5,272,285,14,12.128538828228816
hard6000,287,2025-10-15,6485.126908612964,6162.826546398147,40747.78619625384,134.5109884579469,40882.29718471178,66741.93144177366,29.921139219997848,1131.1739321296272,21109.080657144033,17388.42565828,3,1,2,6000.0,0.0,42127.85659925118,0.030781479000324907,9.094947017729282e-13,1.1368683772161603e-13,5.684341886080802e-14,9.094947017729282e-13,14,7,none,21,0.0,0.5,273,286,14,12.128538828228816
hard6000,288,2025-10-16,6162.826546398147,6239.440905507408,41729.9897036668,9203.091419890414,50933.08112355721,68283.45689244443,1353.7121910199926,2504.5972250699556,21563.92623787449,17397.82732948001,4,1,1,6000.0,0.0,43083.395301814664,0.031719924000299216,1.8189894035458565e-12,1.1368683772161603e-13,5.684341886080802e-14,9.094947017729282e-13,14,7,none,21,0.0,0.5,274,287,14,12.128538828228816
hard6000,289,2025-10-17,6239.440905507408,5969.115002294446,16895.80953682724,0.0,16895.80953682724,32287.15585530041,0.0,13549.868586061732,15665.164555072013,12932.076602500001,0,0,0,6000.0,0.0,17600.956132342395,0.028439293000246835,9.094947017729282e-13,1.1368683772161603e-13,5.684341886080802e-14,9.094947017729282e-13,14,7,none,21,0.0,0.5,275,288,14,12.128538828228816
hard6000,290,2025-10-18,5969.115002294446,6781.43075401111,17576.645793453266,0.0,17576.645793453266,33479.462942244856,0.0,13599.567907613166,16169.566270631687,12366.264502666667,0,0,0,6000.0,0.0,18184.66114745893,0.028093521000300825,1.8189894035458565e-12,1.1368683772161603e-13,5.684341886080802e-14,8.526512829121202e-13,14,7,none,21,0.0,0.5,276,289,14,12.128538828228816
hard6000,291,2025-10-19,6781.43075401111,6211.677783064814,43154.29969761681,1300.1240671309579,44454.423764747764,70308.79777990123,186.37099586166255,3022.0504210185213,21579.860501382715,17992.464679971665,1,1,1,6000.0,0.0,44638.53215595119,0.03242053100029807,9.094947017729282e-13,1.1368683772161603e-13,5.684341886080802e-14,9.094947017729282e-13,14,7,none,21,0.0,0.5,277,290,14,12.128538828228816
hard6000,292,2025-10-20,6211.677783064814,6495.666154294444,45049.19798173834,2077.590123995251,47126.78810573359,72912.10454128188,432.6192137283336,4499.567068539094,21835.709398409464,17431.335078605,5,1,1,6000.0,0.0,46387.65283330949,0.03198041099994953,9.094947017729282e-13,1.1368683772161603e-13,1.1368683772161603e-13,9.094947017729282e-13,14,7,none,21,0.0,0.5,278,291,14,12.128538828228816
hard6000,293,2025-10-21,6495.666154294444,6662.84249038333,45309.903226978095,0.0,45309.903226978095,73174.20620567078,0.0,2374.1329916502027,22037.016639687245,17699.524775666665,0,0,0,6000.0,0.0,47156.641611756604,0.03259525900011795,9.094947017729282e-13,1.1368683772161603e-13,1.1368683772161603e-13,9.094947017729282e-13,14,7,none,21,0.0,0.5,279,292,14,12.128538828228816
hard6000,294,2025-10-22,6662.84249038333,6088.986211866666,45347.93379959878,1133.5837705313886,46481.51757013017,73774.15173464404,206.41183126666584,4777.7922266707765,21917.60678897326,18269.732149733332,6,1,2,6000.0,0.0,47158.822202651354,0.03251649499998166,4.547473508864641e-13,1.1368683772161603e-13,5.684341886080802e-14,9.094947017729282e-13,14,7,none,21,0.0,0.5,280,293,14,12.128538828228816
hard6000,295,2025-10-23,6088.986211866666,6416.859610751854,46370.49790817527,0.0,46370.49790817527,75017.56339679423,0.0,7260.347222506167,21487.5425366214,17109.823395666666,0,0,0,6000.0,0.0,47903.95187253772,0.032407015999979194,9.094947017729282e-13,1.1368683772161603e-13,1.1368683772161603e-13,9.094947017729282e-13,14,7,none,21,0.0,0.5,281,294,14,12.128538828228816
hard6000,296,2025-10-24,6416.859610751854,6055.824622018517,17266.05050267848,73.26284893539912,17339.31335161388,32831.29607170782,15.63607916666292,11594.243026975304,16618.788932065843,13786.150524833334,1,1,1,6000.0,0.0,17973.686850167887,0.029758133000086673,4.547473508864641e-13,1.1368683772161603e-13,5.684341886080802e-14,7.958078640513122e-13,14,7,none,21,0.0,0.5,282,295,14,12.128538828228816
hard6000,297,2025-10-25,6055.824622018517,6467.575468003706,18138.098361671837,0.0,18138.098361671837,34400.85698330864,0.0,11502.958665423865,16467.841174551446,12968.37559,0,0,0,6000.0,0.0,18977.398284183546,0.02932960499992987,9.094947017729282e-13,1.1368683772161603e-13,5.684341886080802e-14,9.094947017729282e-13,14,7,none,21,0.0,0.5,283,296,14,12.128538828228816
hard6000,298,2025-10-26,6467.575468003706,6870.385205474076,46177.008383272936,0.0,46177.008383272936,74636.08971185595,0.0,5745.135068197532,20969.02033299176,16622.377706,0,0,0,6000.0,0.0,47989.18264553767,0.03290395800013357,9.094947017729282e-13,1.1368683772161603e-13,5.684341886080802e-14,9.094947017729282e-13,14,7,none,21,0.0,0.5,284,297,14,12.128538828228816
hard6000,299,2025-10-27,6870.385205474076,6561.3629211351845,46304.87152452865,92.48526773333361,46397.356792261984,74392.68074617078,19.744933333333393,7196.636567360086,20743.82895464403,17080.621509166664,1,1,1,6000.0,0.0,48234.14080676904,0.03264884499958498,1.8189894035458565e-12,1.1368683772161603e-13,1.1368683772161603e-13,9.094947017729282e-13,14,7,none,21,0.0,0.5,285,298,14,12.128538828228816
hard6000,300,2025-10-28,6561.3629211351845,6706.572747127779,46502.235507470934,0.0,46502.235507470934,74691.53966187654,0.0,4487.215823096712,21585.333133613167,17353.430994833336,0,0,0,6000.0,0.0,48330.157354974406,0.032770657999662944,9.094947017729282e-13,1.1368683772161603e-13,5.684341886080802e-14,9.094947017729282e-13,14,7,none,21,0.0,0.5,286,299,14,12.128538828228816
hard6000,301,2025-10-29,6706.572747127779,6100.819573499999,45522.54779168351,3293.9976381837887,48816.5454298673,73427.724366786,518.6047266299985,914.2394260843589,22447.424861034982,18727.591993703332,7,1,3,6000.0,0.0,47304.55905079874,0.03345328500017786,4.547473508864641e-13,1.1368683772161603e-13,1.1368683772161603e-13,9.094947017729282e-13,14,7,none,21,0.0,0.5,287,300,14,12.128538828228816
hard6000,302,2025-10-30,6100.819573499999,6218.681853092589,46642.05826937864,17.058347333333423,46659.11661671197,75237.73387083333,3.641833333333352,6343.875887051443,21071.611134115225,16961.928967,1,1,1,6000.0,0.0,48552.85220305067,0.032514386999991984,9.094947017729282e-13,1.1368683772161603e-13,5.684341886080802e-14,9.094947017729282e-13,14,7,none,21,0.0,0.5,288,301,14,12.128538828228816
hard6000,303,2025-10-31,6218.681853092589,6216.203440390744,17925.04646362227,0.0,17925.04646362227,33853.79463043004,0.0,6701.608372240746,17105.919805022633,13858.025613499996,0,0,0,6000.0,0.0,18601.58791656011,0.029534405000049446,1.8189894035458565e-12,1.1368683772161603e-13,5.684341886080802e-14,8.384404281969182e-13,14,7,none,21,0.0,0.5,289,302,14,12.128538828228816
hard6000,304,2025-11-01,6216.203440390744,7083.250787859262,19358.075318371426,0.0,19358.075318371426,36223.1413070432,0.0,9662.612954999999,17032.354242043202,13015.864323333333,0,0,0,6000.0,0.0,20120.878358474565,0.02992981899978986,4.547473508864641e-13,1.1368683772161603e-13,5.684341886080802e-14,8.526512829121202e-13,14,7,none,21,0.0,0.5,290,303,14,12.128538828228816
hard6000,305,2025-11-02,7083.250787859262,6576.704474101849,48507.905439665,0.0,48507.905439665,77848.9819941647,0.0,5394.860668876541,21650.67933861316,17992.941946658335,0,0,0,6000.0,0.0,50268.181216880206,0.032664977999957046,9.094947017729282e-13,1.1368683772161603e-13,5.684341886080802e-14,9.094947017729282e-13,14,7,none,21,0.0,0.5,291,304,14,12.128538828228816
hard6000,306,2025-11-03,6576.704474101849,7030.269545257408,49742.73197287564,0.0,49742.73197287564,79386.79421349295,0.0,5581.909037333332,20482.875414664613,16182.920521838332,0,0,0,6000.0,0.0,51492.84759529236,0.033010338000167394,9.094947017729282e-13,1.1368683772161603e-13,1.1368683772161603e-13,9.094947017729282e-13,14,7,none,21,0.0,0.5,292,305,14,12.128538828228816
hard6000,307,2025-11-04,7030.269545257408,6414.081156303703,49227.53824572325,112.12096744191577,49339.65921316516,78772.1937457051,24.077796999999805,7963.037891078185,20040.690359746914,16787.528741453338,2,1,1,6000.0,0.0,51003.2376347921,0.03312692099962078,9.094947017729282e-13,1.1368683772161603e-13,1.1368683772161603e-13,9.094947017729282e-13,14,7,none,21,0.0,0.5,293,306,14,12.128538828228816
hard6000,308,2025-11-05,6414.081156303703,6891.955190001852,48837.18375529956,0.0,48837.18375529956,78167.69472072422,0.0,3826.4901915144,22279.462274814818,17616.27781227167,0,0,0,6000.0,0.0,50687.65190400591,0.033484591000160435,9.094947017729282e-13,1.1368683772161603e-13,1.7053025658242404e-13,8.846257060213247e-13,14,7,none,21,0.0,0.5,294,307,14,12.128538828228816
hard6000,309,2025-11-06,6891.955190001852,6372.067479944442,48289.999423076384,2912.80211356165,51202.801536638035,77440.59646975904,603.306158536666,2949.584742456792,22066.485657318924,18341.752321480002,7,1,1,6000.0,0.0,50059.8454747217,0.033647097000084614,4.547473508864641e-13,1.1368683772161603e-13,1.1368683772161603e-13,9.094947017729282e-13,14,7,none,21,0.0,0.5,295,308,14,12.128538828228816
hard6000,310,2025-11-07,6372.067479944442,6763.4994587425945,19356.304224041873,0.0,19356.304224041873,36201.26205276955,0.0,9090.320230016463,18106.26978158642,14313.789742166664,0,0,0,6000.0,0.0,20016.59754276127,0.030607552000219584,9.094947017729282e-13,1.1368683772161603e-13,5.684341886080802e-14,9.094947017729282e-13,14,7,none,21,0.0,0.5,296,309,14,12.128538828228816
hard6000,311,2025-11-08,6763.4994587425945,6778.802091009261,19195.686080764724,0.0,19195.686080764724,36225.390664609055,0.0,9245.280956374481,16711.21178523457,13522.309176999997,0,0,0,6000.0,0.0,19852.157418240928,0.029931293000117876,9.094947017729282e-13,1.1368683772161603e-13,5.684341886080802e-14,9.094947017729282e-13,14,7,none,21,0.0,0.5,297,310,14,12.128538828228816
hard6000,312,2025-11-09,6778.802091009261,6430.782006011104,49428.17792641612,0.0,49428.17792641612,79052.53371296913,0.0,3911.49065858848,21618.126039713985,17823.900168666667,0,0,0,6000.0,0.0,51053.12567553177,0.03255467899998621,9.094947017729282e-13,1.1368683772161603e-13,5.684341886080802e-14,9.094947017729282e-13,14,7,none,21,0.0,0.5,298,311,14,12.128538828228816
hard6000,313,2025-11-10,6430.782006011104,6454.487195542591,50279.91855128735,0.0,50279.91855128735,80201.92910131099,0.0,2066.552401946501,22397.88909887449,18120.955499510004,0,0,0,6000.0,0.0,52127.45908525565,0.0332226990003619,9.094947017729282e-13,1.1368683772161603e-13,5.684341886080802e-14,9.094947017729282e-13,14,7,none,21,0.0,0.5,299,312,14,12.128538828228816
hard6000,314,2025-11-11,6454.487195542591,6588.736465716667,51099.751580335724,0.0,51099.751580335724,81229.62147643323,0.0,5531.794464609049,21147.27895789918,17008.47161274167,0,0,0,6000.0,0.0,52895.167290871235,0.03439878900007898,9.094947017729282e-13,1.1368683772161603e-13,1.1368683772161603e-13,8.752998326144734e-13,14,7,none,21,0.0,0.5,300,313,14,12.128538828228816
hard6000,315,2025-11-12,6588.736465716667,6490.730847150001,50553.99605725261,0.0,50553.99605725261,80518.08315178091,0.0,5501.330782880659,21836.68250321193,17775.917884311668,0,0,0,6000.0,0.0,52351.77558921899,0.03422062099980394,4.547473508864641e-13,1.1368683772161603e-13,1.1368683772161603e-13,8.846257060213247e-13,14,7,none,21,0.0,0.5,301,314,14,12.128538828228816
hard6000,316,2025-11-13,6490.730847150001,6386.942497559261,50402.639990854455,9.417338133333374,50412.05732898779,80143.18095472833,2.010533333333342,3834.4850632859925,21096.024330214004,17181.189222105,1,1,1,6000.0,0.0,51980.560095726585,0.03305289699983405,9.094947017729282e-13,1.1368683772161603e-13,1.1368683772161603e-13,9.094947017729282e-13,14,7,none,21,0.0,0.5,302,315,14,12.128538828228816
hard6000,317,2025-11-14,6386.942497559261,6605.547048550004,19367.63717053668,0.0,19367.63717053668,36119.062383588476,0.0,4981.082037769545,17593.583946985593,14054.058901166667,0,0,0,6000.0,0.0,20090.375423299327,0.030147488999773486,9.094947017729282e-13,1.1368683772161603e-13,1.3322676295501878e-15,8.526512829121202e-13,14,7,none,21,0.0,0.5,303,316,14,12.128538828228816
hard6000,318,2025-11-15,6605.547048550004,6424.546631859263,19242.32760794286,0.0,19242.32760794286,36059.71208180452,0.0,4644.765440012348,17715.579474458842,14512.519749333333,0,0,0,6000.0,0.0,19982.268738602208,0.029420564999782073,9.094947017729282e-13,1.1368683772161603e-13,5.684341886080802e-14,8.526512829121202e-13,14,7,none,21,0.0,0.5,304,317,14,12.128538828228816
hard6000,319,2025-11-16,6424.546631859263,6536.061216942597,51495.499842293735,0.0,51495.499842293735,81967.56344625307,0.0,3031.2576660452637,23165.254054207817,18663.492657333332,0,0,0,6000.0,0.0,53054.25763067814,0.032707511999888084,9.094947017729282e-13,1.1368683772161603e-13,8.526512829121202e-14,9.094947017729282e-13,14,7,none,21,0.0,0.5,305,318,14,12.128538828228816
hard6000,320,2025-11-17,6536.061216942597,6643.431852862962,52357.726972461285,0.0,52357.726972461285,82938.9784859897,0.0,6049.736632133747,21562.389201022626,17368.9016805,0,0,0,6000.0,0.0,53957.11488700492,0.03298874100028115,9.094947017729282e-13,1.1368683772161603e-13,1.1368683772161603e-13,9.094947017729282e-13,14,7,none,21,0.0,0.5,306,319,14,12.128538828228816
hard6000,321,2025-11-18,6643.431852862962,6434.637281785185,51960.507772273646,0.0,51960.507772273646,82312.74211633539,0.0,3507.3444341913605,21593.47875147736,17678.632902666664,0,0,0,6000.0,0.0,53547.82383241993,0.033329544000025635,9.094947017729282e-13,1.1368683772161603e-13,5.684341886080802e-14,8.881784197001252e-13,14,7,none,21,0.0,0.5,307,320,14,12.128538828228816
hard6000,322,2025-11-19,6434.637281785185,6241.691619535188,52195.103902777846,6.301057500000476,52201.40496027785,82930.0573374506,1.3850000000001046,3368.3990994074006,22991.488074043213,18796.756435999996,1,1,1,6000.0,0.0,53690.898769611915,0.03318446999992375,9.094947017729282e-13,1.1368683772161603e-13,5.684341886080802e-14,9.094947017729282e-13,14,7,none,21,0.0,0.5,308,321,14,12.128538828228816
hard6000,323,2025-11-20,6241.691619535188,6352.7326292925945,52237.68342368274,0.0,52237.68342368274,83050.33607641974,0.0,3903.6028437263344,22388.001529360077,18034.34433,0,0,0,6000.0,0.0,53701.58726199366,0.035193332000289956,9.094947017729282e-13,1.1368683772161603e-13,5.684341886080802e-14,8.970602038971265e-13,14,7,none,21,0.0,0.5,309,322,14,12.128538828228816
hard6000,324,2025-11-21,6352.7326292925945,6574.022260374077,19842.785363858027,0.0,19842.785363858027,37090.17638682715,0.0,4557.360392323046,18259.32242033744,14590.890492499997,0,0,0,6000.0,0.0,20777.393125181203,0.03219906499998615,9.094947017729282e-13,1.1368683772161603e-13,5.684341886080802e-14,9.094947017729282e-13,14,7,none,21,0.0,0.5,310,323,14,12.128538828228816
hard6000,325,2025-11-22,6574.022260374077,6495.964541885186,20004.55745738968,0.0,20004.55745738968,37605.784606292174,0.0,4007.2323848518536,18152.498340773654,14773.775602666668,0,0,0,6000.0,0.0,21016.04434476169,0.03201814900012323,9.094947017729282e-13,1.1368683772161603e-13,5.684341886080802e-14,8.881784197001252e-13,14,7,none,21,0.0,0.5,311,324,14,12.128538828228816
hard6000,326,2025-11-23,6495.964541885186,6605.362132388887,52823.25456416138,129.00547073159453,52952.26003489298,83880.06680689505,32.29173234833405,4166.5511542983495,23238.1751060967,18724.464004485002,1,1,1,6000.0,0.0,54231.28992905418,0.03347132000044439,9.094947017729282e-13,1.1368683772161603e-13,5.684341886080802e-14,9.094947017729282e-13,14,7,none,21,0.0,0.5,312,325,14,12.128538828228816
hard6000,327,2025-11-24,6605.362132388887,6109.037096731482,52878.11858760641,170.90342845094293,53049.02201605735,83852.58062873868,32.652564418333256,6097.226837693421,21435.55361871193,17809.490963248332,3,1,3,6000.0,0.0,54311.08404582896,0.03296058700016147,9.094947017729282e-13,1.1368683772161603e-13,1.1368683772161603e-13,9.094947017729282e-13,14,7,none,21,0.0,0.5,313,326,14,12.128538828228816
hard6000,328,2025-11-25,6109.037096731482,6543.046601940744,53461.905217808555,0.0,53461.905217808555,84763.26694506172,0.0,3781.4843007736667,23276.387489121393,18463.2653115,0,0,0,6000.0,0.0,54825.66813462307,0.03309583800000837,0.0,1.1368683772161603e-13,5.684341886080802e-14,9.094947017729282e-13,14,7,none,21,0.0,0.5,314,327,14,12.128538828228816
hard6000,329,2025-11-26,6543.046601940744,6686.049590042592,53099.355002261465,79.13080120666578,53178.48580346813,84166.49773949999,16.893851666666478,2823.574499938272,23544.460624228388,18942.310416333334,1,1,1,6000.0,0.0,54501.22489593062,0.03148497399979533,4.547473508864641e-13,1.1368683772161603e-13,5.684341886080802e-14,9.094947017729282e-13,14,7,none,21,0.0,0.5,315,328,14,12.128538828228816
hard6000,330,2025-11-27,6686.049590042592,6556.673693577776,52845.64725330286,0.0,52845.64725330286,83688.92564223045,0.0,3757.1699714177025,22459.48023314608,18308.617295666667,0,0,0,6000.0,0.0,54322.74143281829,0.03469930100027341,9.094947017729282e-13,1.1368683772161603e-13,5.684341886080802e-14,9.094947017729282e-13,14,7,none,21,0.0,0.5,316,329,14,12.128538828228816
hard6000,331,2025-11-28,6556.673693577776,6349.631938842598,20245.641692828267,0.0,20245.641692828267,38061.29755687243,0.0,3789.4359762880626,18615.582157084365,15264.959126499998,0,0,0,6000.0,0.0,21230.278915052146,0.03222334900010537,1.8189894035458565e-12,1.1368683772161603e-13,5.684341886080802e-14,9.094947017729282e-13,14,7,none,21,0.0,0.5,317,330,14,12.128538828228816
hard6000,332,2025-11-29,6349.631938842598,6340.768872287041,20675.51836542207,0.0,20675.51836542207,39100.182820111106,0.0,605.301339477372,18807.411265967068,15241.97988533333,0,0,0,6000.0,0.0,21717.92070418697,0.032158881000214024,9.094947017729282e-13,1.1368683772161603e-13,5.684341886080802e-14,9.094947017729282e-13,14,7,none,21,0.0,0.5,318,331,14,12.128538828228816
hard6000,333,2025-11-30,6340.768872287041,6448.4055387759245,54442.5508923936,0.07524611799932882,54442.6261385116,86350.51196972221,0.016064499999856707,1278.407455950609,24896.94453560494,20069.652073999998,1,1,1,6000.0,0.0,56186.09122208539,0.03250670000034006,9.094947017729282e-13,1.1368683772161603e-13,4.263256414560601e-14,9.094947017729282e-13,14,7,none,21,0.0,0.5,319,332,14,12.128538828228816
hard6000,334,2025-12-01,6448.4055387759245,6507.021416087037,57116.36461345713,14122.105598315658,71238.47021177279,89767.49650623456,2853.04005663,1566.4100373991766,24749.70790816872,19994.509116036665,16,1,3,6000.0,0.0,58646.05212347408,0.032039077000263205,4.547473508864641e-13,1.1368683772161603e-13,5.684341886080802e-14,9.094947017729282e-13,14,7,none,21,0.0,0.5,320,333,14,12.128538828228816
hard6000,335,2025-12-02,6507.021416087037,6335.849874842594,60078.72693693791,4330.294631609428,64409.02156854734,93867.43959287448,887.9218947166657,1553.3820817325113,24832.757068308638,20268.587612450003,8,1,2,6000.0,0.0,62179.08184544795,0.031055811999976868,0.0,1.1368683772161603e-13,5.684341886080802e-14,9.094947017729282e-13,14,7,none,21,0.0,0.5,321,334,14,12.128538828228816
hard6000,336,2025-12-03,6335.849874842594,6605.528910594444,61372.45762083428,0.0,61372.45762083428,95495.82786810288,0.0,3541.7145315925836,23940.282303510296,19148.917533666667,0,0,0,6000.0,0.0,63169.69346022125,0.030810301000201434,9.094947017729282e-13,1.1368683772161603e-13,1.1368683772161603e-13,9.094947017729282e-13,14,7,none,21,0.0,0.5,322,335,14,12.128538828228816
hard6000,337,2025-12-04,6605.528910594444,6512.728817725928,61569.07164653552,187.02406749400186,61756.09571402952,95825.68608472633,34.14093966666701,4524.12208619137,24463.24353570164,19898.7473475,1,1,1,6000.0,0.0,63276.17539232546,0.030732174000149826,9.094947017729282e-13,1.1368683772161603e-13,1.1368683772161603e-13,8.846257060213247e-13,14,7,none,21,0.0,0.5,323,336,14,12.128538828228816
hard6000,338,2025-12-05,6512.728817725928,6540.146217672224,26836.95978701749,0.0,26836.95978701749,50551.15703203497,0.0,5443.5001284856025,19849.229264549373,16053.200044333335,0,0,0,6000.0,0.0,28384.06212856825,0.033607010999730846,2.2737367544323206e-13,1.1368683772161603e-13,5.684341886080802e-14,8.86846152070575e-13,14,7,none,21,0.0,0.5,324,337,14,12.128538828228816
hard6000,339,2025-12-06,6540.146217672224,6547.739428966665,27002.774923178004,0.0,27002.774923178004,51141.11730252466,0.0,3670.718420740738,19994.390394485596,16188.622329368332,0,0,0,6000.0,0.0,28469.366977025504,0.03328225099994597,4.547473508864641e-13,1.1368683772161603e-13,5.684341886080802e-14,8.633094239485217e-13,14,7,none,21,0.0,0.5,325,338,14,12.128538828228816
hard6000,340,2025-12-07,6547.739428966665,6683.126708422224,63150.41506118303,102.44325018316623,63252.858311366195,98198.05395013373,17.636782333333258,5975.571639895063,23503.101531905348,18915.663689333334,1,1,1,6000.0,0.0,64926.55835178784,0.03125597500002186,9.094947017729282e-13,1.1368683772161603e-13,1.1368683772161603e-13,9.094947017729282e-13,14,7,none,21,0.0,0.5,326,339,14,12.128538828228816
hard6000,341,2025-12-08,6683.126708422224,6827.0858397314805,64820.665371159375,0.0,64820.665371159375,100369.16269130452,0.0,8042.438399510294,22894.47345762756,18414.9602825,0,0,0,6000.0,0.0,66594.37762544346,0.03108407499985333,9.094947017729282e-13,1.1368683772161603e-13,5.684341886080802e-14,9.094947017729282e-13,14,7,none,21,0.0,0.5,327,340,14,12.128538828228816
hard6000,342,2025-12-09,6827.0858397314805,6611.981324751851,64441.493667357485,0.0,64441.493667357485,99746.99214913166,0.0,8078.017821711937,23547.969074919747,19267.449014166665,0,0,0,6000.0,0.0,66265.59391963114,0.03235734300005788,9.094947017729282e-13,1.1368683772161603e-13,1.4921397450962104e-13,9.094947017729282e-13,14,7,none,21,0.0,0.5,328,341,14,12.128538828228816
hard6000,343,2025-12-10,6611.981324751851,6612.092365900003,63875.137763075145,0.0,63875.137763075145,99001.22426060904,0.0,6271.375570878598,22853.317294897122,18511.087071833335,0,0,0,6000.0,0.0,65695.42681812978,0.032834003000061784,9.094947017729282e-13,1.1368683772161603e-13,1.1368683772161603e-13,9.094947017729282e-13,14,7,none,21,0.0,0.5,329,342,14,12.128538828228816
hard6000,344,2025-12-11,6612.092365900003,6685.11832749815,63444.75380045737,0.0,63444.75380045737,98379.17964455554,0.0,7986.137902333327,22979.28250938889,18547.49546716667,0,0,0,6000.0,0.0,65479.64315660297,0.03411223800003427,9.094947017729282e-13,1.1368683772161603e-13,5.684341886080802e-14,9.094947017729282e-13,14,7,none,21,0.0,0.5,330,343,14,12.128538828228816
hard6000,345,2025-12-12,6685.11832749815,6537.0625695222225,27246.782240451386,0.0,27246.782240451386,51319.88601127778,0.0,4006.9030525720204,19641.15609237242,16042.586616999997,0,0,0,6000.0,0.0,28916.976605636093,0.03709575199991377,4.547473508864641e-13,1.1368683772161603e-13,5.684341886080802e-14,9.094947017729282e-13,14,7,none,21,0.0,0.5,331,344,14,12.128538828228816
hard6000,346,2025-12-13,6537.0625695222225,6660.876918798146,27573.9532392717,0.0,27573.9532392717,52313.71499858641,0.0,4583.043382915637,20108.975357837444,16176.837125499998,0,0,0,6000.0,0.0,29254.280711474436,0.038085416999820154,4.547473508864641e-13,1.1368683772161603e-13,5.684341886080802e-14,9.094947017729282e-13,14,7,none,21,0.0,0.5,332,345,14,12.128538828228816
hard6000,347,2025-12-14,6660.876918798146,6560.681896618518,62849.537616372094,0.0,62849.537616372094,97777.6088848786,0.0,4483.052813339507,24242.156797372427,19726.322525833333,0,0,0,6000.0,0.0,64842.085954165814,0.035427526000148646,9.094947017729282e-13,1.1368683772161603e-13,1.1368683772161603e-13,9.094947017729282e-13,14,7,none,21,0.0,0.5,333,346,14,12.128538828228816
hard6000,348,2025-12-15,6560.681896618518,6621.225129959263,64081.413514966654,0.0,64081.413514966654,99589.56203005143,0.0,5503.558693351844,24010.297158032925,19393.851788,0,0,0,6000.0,0.0,66091.09557337625,0.034995512000023155,9.094947017729282e-13,1.1368683772161603e-13,1.1368683772161603e-13,9.094947017729282e-13,14,7,none,21,0.0,0.5,334,347,14,12.128538828228816
hard6000,349,2025-12-16,6621.225129959263,6423.7100438777825,63922.829109034625,1.3904077000001491,63924.21951673462,99274.63421341975,0.2538166666666939,5508.49359061111,23821.403597975303,19473.100491833327,1,1,1,6000.0,0.0,65708.16704949987,0.03396309300023859,9.094947017729282e-13,1.1368683772161603e-13,1.1368683772161603e-13,9.094947017729282e-13,14,7,none,21,0.0,0.5,335,348,14,12.128538828228816
hard6000,350,2025-12-17,6423.7100438777825,6467.438062592592,62981.15528097799,0.0,62981.15528097799,98208.94502853291,0.0,5444.145083446501,23861.040324086414,19288.08744566667,0,0,0,6000.0,0.0,64821.669268237965,0.033983436999733385,4.547473508864641e-13,1.1368683772161603e-13,1.1368683772161603e-13,9.094947017729282e-13,14,7,none,21,0.0,0.5,336,349,14,12.128538828228816
hard6000,351,2025-12-18,6467.438062592592,6529.517838037037,62487.63392505916,0.0,62487.63392505916,97311.87062264403,0.0,5230.140566899177,24524.16469041152,19808.701601333334,0,0,0,6000.0,0.0,64291.39805712008,0.03422988299962526,9.094947017729282e-13,1.1368683772161603e-13,1.1368683772161603e-13,9.094947017729282e-13,14,7,none,21,0.0,0.5,337,350,14,12.128538828228816
hard6000,352,2025-12-19,6529.517838037037,6190.546895644446,26486.982295070127,0.0,26486.982295070127,50437.38556074691,0.0,3995.684352409468,20202.01977100411,16668.709862666667,0,0,0,6000.0,0.0,27950.37880016356,0.03540457100007188,4.547473508864641e-13,1.1368683772161603e-13,5.684341886080802e-14,9.094947017729282e-13,14,7,none,21,0.0,0.5,338,351,14,12.128538828228816
hard6000,353,2025-12-20,6190.546895644446,6628.913984688889,26780.36163627272,0.0,26780.36163627272,51146.18296802881,0.0,3846.9832581687206,21306.93199852675,16864.084538666666,0,0,0,6000.0,0.0,28129.859308316332,0.036069089000193344,4.547473508864641e-13,1.1368683772161603e-13,5.684341886080802e-14,9.094947017729282e-13,14,7,none,21,0.0,0.5,339,352,14,12.128538828228816
hard6000,354,2025-12-21,6628.913984688889,6626.400450927778,61835.872604229095,0.0,61835.872604229095,96443.21572708435,0.0,2753.374849201643,24496.42732421605,19844.368313,0,0,0,6000.0,0.0,63352.945415052054,0.032220251000126154,9.094947017729282e-13,1.1368683772161603e-13,5.684341886080802e-14,9.094947017729282e-13,14,7,none,21,0.0,0.5,340,353,14,12.128538828228816
hard6000,355,2025-12-22,6626.400450927778,6391.243072449997,62845.12929716085,27.39825260699878,62872.527549767845,97828.85072599794,5.001506499999778,4556.947028864202,23953.26189963374,19613.78377933334,1,1,1,6000.0,0.0,64535.40895604567,0.03150763499979803,9.094947017729282e-13,1.1368683772161603e-13,1.1368683772161603e-13,8.846257060213247e-13,14,7,none,21,0.0,0.5,341,354,14,12.128538828228816
hard6000,356,2025-12-23,6391.243072449997,6747.993540212963,63073.907119375806,0.0,63073.907119375806,98071.66243566049,0.0,5950.507846880668,23905.192812946494,19042.130757500003,0,0,0,6000.0,0.0,64785.03706187159,0.031229394000092725,4.547473508864641e-13,1.1368683772161603e-13,1.1368683772161603e-13,9.023892744153272e-13,14,7,none,21,0.0,0.5,342,355,14,12.128538828228816
hard6000,357,2025-12-24,6747.993540212963,6380.083257346297,61704.97477064559,0.0,61704.97477064559,96277.97595385596,0.0,4167.441320497931,24142.603006691366,19886.62769,0,0,0,6000.0,0.0,63408.45745192255,0.03316279199998462,0.0,1.1368683772161603e-13,7.460698725481052e-14,9.094947017729282e-13,14,7,none,21,0.0,0.5,343,356,14,12.128538828228816
hard6000,358,2025-12-25,6380.083257346297,6415.558378388891,61657.37838318488,0.0,61657.37838318488,96127.17468569959,0.0,3702.277127434153,24108.007452598762,19495.558427666663,0,0,0,6000.0,0.0,63329.116949910596,0.03287951099991915,4.547473508864641e-13,1.1368683772161603e-13,1.1368683772161603e-13,9.094947017729282e-13,14,7,none,21,0.0,0.5,344,357,14,12.128538828228816
hard6000,359,2025-12-26,6415.558378388891,6772.223021301851,26177.735761701144,0.0,26177.735761701144,49761.51503736008,0.0,2427.1144733251067,21083.052379368302,16756.27424866667,0,0,0,6000.0,0.0,27409.400813437776,0.03633032399966396,9.094947017729282e-13,1.1368683772161603e-13,1.1368683772161603e-13,9.094947017729282e-13,14,7,none,21,0.0,0.5,345,358,14,12.128538828228816
hard6000,360,2025-12-27,6772.223021301851,6667.317290161109,26133.690069702458,0.0,26133.690069702458,49759.76400113168,0.0,2684.2578510308663,20163.748639267484,16427.05155583333,0,0,0,6000.0,0.0,27440.977108530733,0.03437321800038262,9.094947017729282e-13,1.1368683772161603e-13,1.1368683772161603e-13,9.094947017729282e-13,14,7,none,21,0.0,0.5,346,359,14,12.128538828228816
hard6000,361,2025-12-28,6667.317290161109,6845.774696718511,61747.85767831063,632.5166202522514,62380.374298562885,96216.73033370575,109.25920116666691,4886.576946067899,23523.927225804524,18893.769387,3,1,1,6000.0,0.0,63208.20882038554,0.032590410000011616,4.547473508864641e-13,1.1368683772161603e-13,5.684341886080802e-14,9.094947017729282e-13,14,7,none,21,0.0,0.5,347,360,14,12.128538828228816
hard6000,362,2025-12-29,6845.774696718511,6283.6497092148165,61642.449167076,0.0,61642.449167076,96031.98344058848,0.0,4665.102465534985,22889.616827053498,19046.502118666664,0,0,0,6000.0,0.0,63265.70147682147,0.03190612100024737,9.094947017729282e-13,1.1368683772161603e-13,1.1368683772161603e-13,9.094947017729282e-13,14,7,none,21,0.0,0.5,348,361,14,12.128538828228816
hard6000,363,2025-12-30,6283.6497092148165,6554.199271416667,62107.344980984686,0.0,62107.344980984686,96866.3418953251,0.0,5833.165419796287,24027.785629195474,19219.011753666666,0,0,0,6000.0,0.0,63717.572765850615,0.031867463999788015,2.2737367544323206e-13,1.1368683772161603e-13,1.1368683772161603e-13,8.881784197001252e-13,14,7,none,21,0.0,0.5,349,362,14,12.128538828228816
hard6000,364,2025-12-31,6554.199271416667,6046.08234579259,60936.169600198344,172.86925698250388,61109.03885718085,95361.90880773045,43.27140350000097,2510.9797329938287,24763.593568236618,20515.816023333333,1,1,1,6000.0,0.0,62610.59583577533,0.03386000699993019,9.094947017729282e-13,1.1368683772161603e-13,1.1368683772161603e-13,9.094947017729282e-13,14,7,none,21,0.0,0.5,350,363,14,12.128538828228816
v3_dual_terminal,31,2025-02-01,6000.0,9812.15485998707,25725.351558096627,0.0,25725.351558096627,49999.411594949706,0.0,7927.092435122481,22437.915013187012,14743.77178669312,0,0,0,8700.0,-1280.8125000000073,25783.233664595416,0.051920072000029904,0.0,1.1368683772161603e-13,5.684341886080802e-14,9.094947017729282e-13,21,14,none,21,0.0,0.5,10,30,21,19.2964999927831
v3_dual_terminal,32,2025-02-02,9812.15485998707,9548.7239428592,57747.07817546488,0.0,57747.07817546488,91125.73117350708,0.0,8940.173251942975,21401.935773574693,17572.65580201058,0,0,0,8700.0,-1280.8125,58247.576384312575,0.04959042300015426,9.094947017729282e-13,1.1368683772161603e-13,7.815970093361102e-14,9.094947017729282e-13,21,14,none,21,0.0,0.5,11,31,21,19.2964999927831
v3_dual_terminal,33,2025-02-03,9548.7239428592,9443.396641189307,57030.01226577646,0.0,57030.01226577646,90262.69225831995,0.0,5964.474862903205,21979.44982589293,17898.148930476185,0,0,0,8700.0,-1280.8124999999945,57586.5190834867,0.05031651400031478,9.094947017729282e-13,1.1368683772161603e-13,1.1368683772161603e-13,9.094947017729282e-13,21,14,none,21,0.0,0.5,12,32,21,19.2964999927831
v3_dual_terminal,34,2025-02-04,9443.396641189307,9475.885196196352,56941.20180305562,0.0,56941.20180305562,90245.49775962571,0.0,4527.362485729969,23652.798023102085,19129.526699206348,0,0,0,8700.0,-1280.8125000000018,57426.35844844431,0.05194151800014879,9.094947017729282e-13,1.1368683772161603e-13,1.1368683772161603e-13,8.952838470577262e-13,21,14,none,21,0.0,0.5,13,33,21,19.2964999927831
v3_dual_terminal,35,2025-02-05,9475.885196196352,9486.58177624574,56766.17016170661,0.0,56766.17016170661,89849.63243328175,0.0,4684.29839878896,23196.211205868436,18779.30415470899,0,0,0,8700.0,-1280.8125000000018,57236.11398520629,0.05092366000008042,9.094947017729282e-13,1.1368683772161603e-13,5.684341886080802e-14,9.094947017729282e-13,21,14,none,21,0.0,0.5,14,34,21,19.2964999927831
v3_dual_terminal,36,2025-02-06,9486.58177624574,9448.678183905058,57055.312184873546,102.2567930427373,57157.568977916286,90118.6240162633,17.51375547619034,5653.654668564586,22344.942734815122,18133.516848306874,2,1,1,8700.0,-1280.8124999999982,57584.82890942052,0.050503252999988035,9.094947017729282e-13,1.1368683772161603e-13,5.684341886080802e-14,8.881784197001252e-13,21,14,none,21,0.0,0.5,15,35,21,19.2964999927831
v3_dual_terminal,37,2025-02-07,9448.678183905058,9297.648444197825,22742.239112170275,0.0,22742.239112170275,43929.613784583,0.0,8721.555271127443,18622.661118554763,15220.282271765871,0,0,0,8700.0,-1280.812500000001,22740.940107515118,0.05238523200023337,9.094947017729282e-13,1.1368683772161603e-13,5.684341886080802e-14,9.094947017729282e-13,21,14,none,21,0.0,0.5,16,36,21,19.2964999927831
v3_dual_terminal,38,2025-02-08,9297.648444197825,9460.313346467077,21846.58809834211,0.0,21846.58809834211,42245.90174147299,0.0,6973.643655733883,18677.352405421643,14982.257036349207,0,0,0,8700.0,-1280.8125000000073,21831.36049747642,0.05259107700021559,9.094947017729282e-13,1.1368683772161603e-13,5.684341886080802e-14,9.094947017729282e-13,21,14,none,21,0.0,0.5,17,37,21,19.2964999927831
v3_dual_terminal,39,2025-02-09,9460.313346467077,9114.979236363613,54853.04923493774,0.0,54853.04923493774,87052.09214431184,0.0,3476.797710455942,22793.048243591355,18773.169776402116,0,0,0,8700.0,-1280.8125,55270.48542140565,0.0524151909999091,9.094947017729282e-13,1.1368683772161603e-13,5.684341886080802e-14,9.094947017729282e-13,21,14,none,21,0.0,0.5,18,38,21,19.2964999927831
v3_dual_terminal,40,2025-02-10,9114.979236363613,9045.14943534421,55227.74287109272,0.0,55227.74287109272,87802.2781130913,0.0,9723.0944127105,20081.01546297341,16328.469345925925,0,0,0,8700.0,-1280.8124999999945,55665.015166108555,0.05201763099967138,9.094947017729282e-13,1.1368683772161603e-13,1.1368683772161603e-13,9.094947017729282e-13,21,14,none,21,0.0,0.5,19,39,21,19.2964999927831
v3_dual_terminal,41,2025-02-11,9045.14943534421,8929.233763574659,54264.63899543832,0.0,54264.63899543832,86602.40960399929,0.0,7376.318646361622,21630.620678404855,17625.12685410053,0,0,0,8700.0,-1280.8125000000018,54721.827193324294,0.05102016000000731,0.0,1.1368683772161603e-13,5.684341886080802e-14,9.094947017729282e-13,21,14,none,21,0.0,0.5,20,40,21,19.2964999927831
v3_dual_terminal,42,2025-02-12,8929.233763574659,9052.548438376542,53542.13050785643,0.0,53542.13050785643,85616.1038081305,0.0,6059.402584921948,21994.64148712391,17704.67639724868,0,0,0,8700.0,-1280.8125000000018,54035.87807515642,0.052278277999903366,9.094947017729282e-13,1.1368683772161603e-13,5.684341886080802e-14,8.988365607365267e-13,21,14,none,21,0.0,0.5,21,41,21,19.2964999927831
v3_dual_terminal,43,2025-02-13,9052.548438376542,9056.467855171373,53082.73144630071,0.0,53082.73144630071,84770.68229381507,0.0,9693.797910046707,19704.620484138737,15957.215117037034,0,0,0,8700.0,-1280.8124999999982,53556.1449742725,0.053176649999841175,9.094947017729282e-13,1.1368683772161603e-13,1.1368683772161603e-13,9.094947017729282e-13,21,14,none,21,0.0,0.5,22,42,21,19.2964999927831
v3_dual_terminal,44,2025-02-14,9056.467855171373,9021.417486599645,19490.789641907977,0.0,19490.789641907977,37490.26318901952,0.0,4242.260823397022,18303.925687738898,14857.72513878307,0,0,0,8700.0,-1280.812500000001,19295.146534815896,0.04767111799992563,9.094947017729282e-13,1.1368683772161603e-13,5.684341886080802e-14,9.094947017729282e-13,21,14,none,21,0.0,0.5,23,43,21,19.2964999927831
v3_dual_terminal,45,2025-02-15,9021.417486599645,8682.224264442977,18967.458681332115,0.0,18967.458681332115,36502.34318375343,0.0,4053.5248099016935,18284.216704172377,15115.489430320637,0,0,0,8700.0,-1280.8125000000073,18678.0300443679,0.04631983499984926,9.094947017729282e-13,1.1368683772161603e-13,5.684341886080802e-14,9.094947017729282e-13,21,14,none,21,0.0,0.5,24,44,21,19.2964999927831
v3_dual_terminal,46,2025-02-16,8682.224264442977,8754.887855094066,50428.02397795525,66.64677598190313,50494.67075393716,81379.26485651838,14.593175238094886,1536.0335879172358,23237.095327648767,18756.649983809522,2,1,1,8700.0,-1280.8125,50952.85290471179,0.04986573700034569,1.8189894035458565e-12,1.1368683772161603e-13,5.684341886080802e-14,9.094947017729282e-13,21,14,none,21,0.0,0.5,25,45,21,19.2964999927831
v3_dual_terminal,47,2025-02-17,8754.887855094066,8790.079212084655,50173.22828657387,0.0,50173.22828657387,81057.5795120497,0.0,5941.353650989937,20529.949858429354,16597.587164036242,0,0,0,8700.0,-1280.8124999999945,50581.06302794783,0.049201074999928096,9.094947017729282e-13,1.1368683772161603e-13,1.4210854715202004e-13,9.094947017729282e-13,21,14,none,21,0.0,0.5,26,46,21,19.2964999927831
v3_dual_terminal,48,2025-02-18,8790.079212084655,8962.582452433859,49593.844114698935,29.091019500000336,49622.93513419894,80267.71600735461,6.394333333333407,3903.9833909396452,21702.559211056243,17423.820044641274,1,1,1,8700.0,-1280.8125000000018,50010.09891033138,0.04989296900021145,9.094947017729282e-13,1.1368683772161603e-13,5.684341886080802e-14,9.094947017729282e-13,21,14,none,21,0.0,0.5,27,47,21,19.2964999927831
v3_dual_terminal,49,2025-02-19,8962.582452433859,8557.594446214289,49170.821959798894,240.38309087499889,49411.205050673896,79585.44604707984,54.88824999999974,2737.8206971546188,23093.028537839506,19069.842321247615,1,1,1,8700.0,-1280.8125000000018,49428.49945398723,0.04847069800007375,1.8189894035458565e-12,1.1368683772161603e-13,5.684341886080802e-14,9.094947017729282e-13,21,14,none,21,0.0,0.5,28,48,21,19.2964999927831
v3_dual_terminal,50,2025-02-20,8557.594446214289,9007.943248484125,49352.14298232145,82.2869595885711,49434.42994191002,79995.44759735238,17.5676685714285,4408.859141778374,22135.307730364475,17524.28533955238,1,1,1,8700.0,-1280.8124999999982,49586.68780158103,0.048133832999610604,9.094947017729282e-13,1.1368683772161603e-13,1.1368683772161603e-13,9.094947017729282e-13,21,14,none,21,0.0,0.5,29,49,21,19.2964999927831
v3_dual_terminal,51,2025-02-21,9007.943248484125,9041.68099208201,18475.93304743426,0.0,18475.93304743426,35541.80287707856,0.0,6373.535945346855,18829.689100843614,15221.684202445238,0,0,0,8700.0,-1280.812500000001,17850.543710669874,0.04198358800022106,9.094947017729282e-13,1.1368683772161603e-13,5.684341886080802e-14,9.094947017729282e-13,21,14,none,21,0.0,0.5,30,50,21,19.2964999927831
v3_dual_terminal,52,2025-02-22,9041.68099208201,8852.079354238094,18142.171959384374,0.0,18142.171959384374,34961.479277364284,0.0,3656.4924041358063,19109.81823134038,15649.59424144524,0,0,0,8700.0,-1280.8125000000073,17519.696646338027,0.041134480999971856,1.8189894035458565e-12,1.1368683772161603e-13,5.684341886080802e-14,9.094947017729282e-13,21,14,none,21,0.0,0.5,31,51,21,19.2964999927831
v3_dual_terminal,53,2025-02-23,8852.079354238094,8775.043547367726,48110.26519059099,84.8705223904763,48195.135712981464,78112.19252650926,18.119240476190498,2360.589267522049,22669.47917007054,18431.610353940472,1,1,1,8700.0,-1280.8125,48339.41719240755,0.046644421000110015,4.547473508864641e-13,1.1368683772161603e-13,5.684341886080802e-14,9.094947017729282e-13,21,14,none,21,0.0,0.5,32,52,21,19.2964999927831
v3_dual_terminal,54,2025-02-24,8775.043547367726,8827.738886203704,47823.34932636702,232.8393364053762,48056.188662772394,77899.79173323337,50.71557363095646,5679.5176270341,21160.68556953263,17092.729506369044,3,1,2,8700.0,-1280.8124999999945,48056.16887521463,0.046603159999904165,0.0,1.1368683772161603e-13,1.1368683772161603e-13,9.094947017729282e-13,21,14,none,21,0.0,0.5,33,53,21,19.2964999927831
v3_dual_terminal,55,2025-02-25,8827.738886203704,8835.393598415347,47574.20804210787,250.73282725595203,47824.940869363825,77410.80694109053,56.10596428571421,7788.632973777179,20263.51293302764,16406.556234761905,2,1,2,8700.0,-1280.8125000000018,47861.98456212006,0.04816339200033326,4.547473508864641e-13,1.1368683772161603e-13,1.1368683772161603e-13,9.094947017729282e-13,21,14,none,21,0.0,0.5,34,54,21,19.2964999927831
v3_dual_terminal,56,2025-02-26,8835.393598415347,8893.447437941797,46957.41726186246,0.0,46957.41726186246,76461.43788465901,0.0,3491.2173137125255,21595.389905470307,17440.017367857145,0,0,0,8700.0,-1280.8125000000018,47307.7226141348,0.04768093799975759,4.547473508864641e-13,1.1368683772161603e-13,5.684341886080802e-14,9.094947017729282e-13,21,14,none,21,0.0,0.5,35,55,21,19.2964999927831
v3_dual_terminal,57,2025-02-27,8893.447437941797,8987.555331838626,46494.69084464884,772.2162169359899,47266.907061584825,75821.61526957084,156.7593945214287,4588.025572128156,22889.830460299825,18456.065568335714,3,1,1,8700.0,-1280.8124999999982,46831.11208471931,0.047579141999904095,4.547473508864641e-13,1.1368683772161603e-13,1.1368683772161603e-13,9.094947017729282e-13,21,14,none,21,0.0,0.5,36,56,21,19.2964999927831
v3_dual_terminal,58,2025-02-28,8987.555331838626,9066.615295198417,17962.081737109635,0.0,17962.081737109635,34705.39301753571,0.0,7751.985303559673,18892.948405011753,15232.134241035717,0,0,0,8700.0,-1280.812500000001,17359.359840995494,0.040874276000067766,9.094947017729282e-13,1.1368683772161603e-13,5.684341886080802e-14,9.094947017729282e-13,21,14,none,21,0.0,0.5,37,57,21,19.2964999927831
v3_dual_terminal,59,2025-03-01,9066.615295198417,9102.796353917991,17861.875756618625,0.0,17861.875756618625,34450.89187241666,0.0,7327.189985746629,18065.121055205753,14600.18510186905,0,0,0,8700.0,-1280.8125000000018,17216.468942657004,0.041776765000122396,1.8189894035458565e-12,1.1368683772161603e-13,5.684341886080802e-14,9.094947017729282e-13,21,14,none,21,0.0,0.5,38,58,21,19.2964999927831
v3_dual_terminal,60,2025-03-02,9102.796353917991,8696.801634537038,45892.59077841654,17657.979381903962,63550.5701603205,74831.90120277484,2628.546546645234,1512.9152865667259,20813.792861208116,17224.56746502143,12,1,2,8700.0,-1280.8125000000018,46473.10588238095,0.04883283400022265,9.094947017729282e-13,1.1368683772161603e-13,4.263256414560601e-14,8.881784197001252e-13,21,14,none,21,0.0,0.5,39,59,21,19.2964999927831
v3_dual_terminal,61,2025-03-03,8696.801634537038,8689.439389648149,46673.87037503763,9527.660196614559,56201.53057165219,76251.59973094615,1565.2035218142892,1380.1376370223386,23295.500014761903,18875.981032357136,12,1,3,8700.0,-1280.8125000000073,47925.805445642356,0.04740868999988379,1.8189894035458565e-12,1.1368683772161603e-13,5.684341886080802e-14,9.094947017729282e-13,21,14,none,21,0.0,0.5,40,60,21,19.2964999927831
v3_dual_terminal,62,2025-03-04,8689.439389648149,8886.523286460315,48035.422547307,0.0,48035.422547307,78062.4071241211,0.0,4541.334159077018,21811.786971472655,17490.1719397619,0,0,0,8700.0,-1280.8125,49386.22074471097,0.04866019100018093,9.094947017729282e-13,1.1368683772161603e-13,1.1368683772161603e-13,9.094947017729282e-13,21,14,none,21,0.0,0.5,41,61,21,19.2964999927831
v3_dual_terminal,63,2025-03-05,8886.523286460315,8954.433483240744,48631.61631832671,0.0,48631.61631832671,78883.52642196394,0.0,8973.97597397707,19568.206601146387,15789.128169826194,0,0,0,8700.0,-1280.8124999999945,49969.735814066546,0.04758380600014789,9.094947017729282e-13,1.1368683772161603e-13,1.1368683772161603e-13,9.094947017729282e-13,21,14,none,21,0.0,0.5,42,62,21,19.2964999927831
v3_dual_terminal,64,2025-03-06,8954.433483240744,9036.983772164023,48256.9105695581,0.0,48256.9105695581,78195.40848008964,0.0,8486.214313592001,19443.393542807167,15674.853509642857,0,0,0,8700.0,-1280.812500000001,49678.16312479217,0.049372781999863946,4.547473508864641e-13,1.1368683772161603e-13,1.1368683772161603e-13,9.094947017729282e-13,21,14,none,21,0.0,0.5,43,63,21,19.2964999927831
v3_dual_terminal,65,2025-03-07,9036.983772164023,9241.277318071425,17730.297520002492,0.0,17730.297520002492,34183.82436576665,0.0,9776.258521116986,17375.87431578777,13890.594004471432,0,0,0,8700.0,-1280.8125,17990.51322881019,0.04559063199985758,9.094947017729282e-13,1.1368683772161603e-13,5.684341886080802e-14,8.526512829121202e-13,21,14,none,21,0.0,0.5,44,64,21,19.2964999927831
v3_dual_terminal,66,2025-03-08,9241.277318071425,9245.55408329629,17389.17866577131,0.0,17389.17866577131,33327.35593897381,0.0,10792.941802107582,18249.608060511462,14778.333440311904,0,0,0,8700.0,-1280.8125000000018,17469.020693423503,0.04455662000009397,4.547473508864641e-13,1.1368683772161603e-13,5.684341886080802e-14,9.094947017729282e-13,21,14,none,21,0.0,0.5,45,65,21,19.2964999927831
v3_dual_terminal,67,2025-03-09,9245.55408329629,8980.158019579365,46853.29589061708,0.0,46853.29589061708,76158.4873491041,0.0,9336.46623345091,19617.644857886546,16129.148792233336,0,0,0,8700.0,-1280.8125000000018,48153.586912912244,0.05033869399994728,9.094947017729282e-13,1.1368683772161603e-13,1.1368683772161603e-13,9.094947017729282e-13,21,14,none,21,0.0,0.5,46,66,21,19.2964999927831
v3_dual_terminal,68,2025-03-10,8980.158019579365,9028.461714097886,45849.93039272451,0.0,45849.93039272451,74905.58362956421,0.0,2731.9328514609037,21516.347384403292,17384.7680563,0,0,0,8700.0,-1280.8125000000073,47119.30808520999,0.050891886000044906,9.094947017729282e-13,1.1368683772161603e-13,5.684341886080802e-14,9.094947017729282e-13,21,14,none,21,0.0,0.5,47,67,21,19.2964999927831
v3_dual_terminal,69,2025-03-11,9028.461714097886,9138.883034619052,45560.254701881204,0.0,45560.254701881204,74780.95201445077,0.0,6880.618587483838,20326.502307883587,16365.087680916662,0,0,0,8700.0,-1280.8125,46880.037422168156,0.0517545920001794,9.094947017729282e-13,1.1368683772161603e-13,1.1368683772161603e-13,9.094947017729282e-13,21,14,none,21,0.0,0.5,48,68,21,19.2964999927831
v3_dual_terminal,70,2025-03-12,9138.883034619052,9017.443990370366,45032.416031643406,0.0,45032.416031643406,73864.01294651674,0.0,7742.135946387418,19977.039245367425,16290.696928571426,0,0,0,8700.0,-1280.8124999999945,46368.58612517813,0.05234968700005993,1.8189894035458565e-12,1.1368683772161603e-13,5.684341886080802e-14,9.094947017729282e-13,21,14,none,21,0.0,0.5,49,69,21,19.2964999927831
v3_dual_terminal,71,2025-03-13,9017.443990370366,8849.932649648148,44360.0282887746,545.2107484178497,44905.23903719245,72783.4375195973,79.14805904761795,1327.4450739623708,21790.96155087302,17801.439062857142,2,1,1,8700.0,-1280.812500000001,45667.66863470532,0.05091310900024837,4.547473508864641e-13,1.1368683772161603e-13,1.1368683772161603e-13,9.094947017729282e-13,21,14,none,21,0.0,0.5,50,70,21,19.2964999927831
v3_dual_terminal,72,2025-03-14,8849.932649648148,9322.809428560846,16798.153580784958,0.0,16798.153580784958,32457.84772055476,0.0,12425.496098383304,18828.0870411405,14825.16140230238,0,0,0,8700.0,-1280.8125,16335.61190756529,0.04309163800007809,9.094947017729282e-13,1.1368683772161603e-13,5.684341886080802e-14,9.023892744153272e-13,21,14,none,21,0.0,0.5,51,71,21,19.2964999927831
v3_dual_terminal,73,2025-03-15,9322.809428560846,8855.234803108468,16464.711875709665,0.0,16464.711875709665,31644.172854771423,0.0,7520.1016182892345,19056.648680996477,15856.702594514285,0,0,0,8700.0,-1280.8125000000018,15871.727266073007,0.04126047199997629,9.094947017729282e-13,1.1368683772161603e-13,5.684341886080802e-14,8.810729923425242e-13,21,14,none,21,0.0,0.5,52,72,21,19.2964999927831
v3_dual_terminal,74,2025-03-16,8855.234803108468,9356.084871214287,44262.42572557318,7.461180000000455,44269.88690557318,72842.25667923866,1.6400000000001,5104.068956572605,20726.398568618453,16337.617779285712,1,1,1,8700.0,-1280.8125000000018,45289.80357289526,0.05302606500026741,2.2737367544323206e-13,1.1368683772161603e-13,1.1368683772161603e-13,9.094947017729282e-13,21,14,none,21,0.0,0.5,53,73,21,19.2964999927831
v3_dual_terminal,75,2025-03-17,9356.084871214287,9211.190020812171,43873.73361537773,0.0,43873.73361537773,72240.71383828629,0.0,11015.670379429752,18406.933636237507,15040.021610714286,0,0,0,8700.0,-1280.8125000000073,44945.0628181668,0.05122398000003159,9.094947017729282e-13,1.1368683772161603e-13,1.1368683772161603e-13,9.094947017729282e-13,21,14,none,21,0.0,0.5,54,74,21,19.2964999927831
v3_dual_terminal,76,2025-03-18,9211.190020812171,9175.697834203704,42804.22025303395,468.5760981404554,43272.7963511744,70782.85636411523,97.25959159047295,5733.969955435039,21327.003166061135,17306.815532457145,4,1,1,8700.0,-1280.8125,43911.91506660702,0.050946176999786985,9.094947017729282e-13,1.1368683772161603e-13,1.1368683772161603e-13,9.094947017729282e-13,21,14,none,21,0.0,0.5,55,75,21,19.2964999927831
v3_dual_terminal,77,2025-03-19,9175.697834203704,9278.95931254762,42874.41258793647,0.0,42874.41258793647,70768.864455097,0.0,7266.059356893014,20759.996408918272,16722.661760714283,0,0,0,8700.0,-1280.8124999999945,43982.94602873031,0.05117641799961348,9.094947017729282e-13,1.1368683772161603e-13,1.1368683772161603e-13,9.094947017729282e-13,21,14,none,21,0.0,0.5,56,76,21,19.2964999927831
v3_dual_terminal,78,2025-03-20,9278.95931254762,8919.163535394178,42501.9218682342,0.0,42501.9218682342,69954.27355445031,0.0,4186.653891387422,20434.073925443845,16875.416079047616,0,0,0,8700.0,-1280.812500000001,43585.98095212893,0.05086048800012577,9.094947017729282e-13,1.1368683772161603e-13,5.684341886080802e-14,9.094947017729282e-13,21,14,none,21,0.0,0.5,57,77,21,19.2964999927831
v3_dual_terminal,79,2025-03-21,8919.163535394178,9034.034738859787,16043.285756619814,0.0,16043.285756619814,31147.71337766904,0.0,15402.648046737208,18990.614374453264,15279.013560188096,0,0,0,8700.0,-1280.8125,15484.519213334534,0.04129929299961077,9.094947017729282e-13,1.1368683772161603e-13,5.684341886080802e-14,8.810729923425242e-13,21,14,none,21,0.0,0.5,58,78,21,19.2964999927831
v3_dual_terminal,80,2025-03-22,9034.034738859787,9507.419289468251,16110.673701454478,0.0,16110.673701454478,31172.084998121427,0.0,11212.581389362133,19222.409367780718,15144.105492354764,0,0,0,8700.0,-1280.8125000000018,15536.962629077849,0.04059346999974878,9.094947017729282e-13,1.1368683772161603e-13,5.684341886080802e-14,9.094947017729282e-13,21,14,none,21,0.0,0.5,59,79,21,19.2964999927831
v3_dual_terminal,81,2025-03-23,9507.419289468251,9010.204059526457,40514.117119911374,0.0,40514.117119911374,66885.26290778659,0.0,4660.096472245739,20541.78960958848,17086.34329071428,0,0,0,8700.0,-1280.8125000000018,41559.243420764695,0.049259936999987985,9.094947017729282e-13,1.1368683772161603e-13,5.684341886080802e-14,9.094947017729282e-13,21,14,none,21,0.0,0.5,60,80,21,19.2964999927831
v3_dual_terminal,82,2025-03-24,9010.204059526457,9274.78551135979,40314.67084818133,0.0,40314.67084818133,66735.73289521752,0.0,4475.237426796002,21178.28988651675,16916.291501428568,0,0,0,8700.0,-1280.8125000000073,41035.50262482228,0.04804322800009686,2.2737367544323206e-13,1.1368683772161603e-13,1.1368683772161603e-13,9.094947017729282e-13,21,14,none,21,0.0,0.5,61,81,21,19.2964999927831
v3_dual_terminal,83,2025-03-25,9274.78551135979,8862.526527796295,39882.11197476703,0.0,39882.11197476703,66083.83244308054,0.0,1491.8468986125795,21120.494278991766,17478.633451190475,0,0,0,8700.0,-1280.8125,40551.39839851566,0.0483085169998958,9.094947017729282e-13,1.1368683772161603e-13,5.684341886080802e-14,9.094947017729282e-13,21,14,none,21,0.0,0.5,62,82,21,19.2964999927831
v3_dual_terminal,84,2025-03-26,8862.526527796295,8969.051506058202,40333.33064448633,0.0,40333.33064448633,67053.0527256114,0.0,7551.646167380958,20068.311637516163,16159.45994595238,0,0,0,8700.0,-1280.8124999999945,40989.79418348647,0.04744543500009968,9.094947017729282e-13,1.1368683772161603e-13,1.1368683772161603e-13,8.402167850363185e-13,21,14,none,21,0.0,0.5,63,83,21,19.2964999927831
v3_dual_terminal,85,2025-03-27,8969.051506058202,9033.473144722224,39980.4978209624,0.0,39980.4978209624,66320.07483325397,0.0,3615.0231829835434,20684.646186698992,16696.583936428568,0,0,0,8700.0,-1280.812500000001,40611.31996954643,0.050131080000028305,4.547473508864641e-13,1.1368683772161603e-13,5.684341886080802e-14,9.094947017729282e-13,21,14,none,21,0.0,0.5,64,84,21,19.2964999927831
v3_dual_terminal,86,2025-03-28,9033.473144722224,9180.554031087302,15454.309923067623,0.0,15454.309923067623,30370.740793321424,0.0,15808.023362980599,18991.91508392416,15251.078420250002,0,0,0,8700.0,-1280.8125,14882.719542348766,0.04085740199980137,1.8189894035458565e-12,1.1368683772161603e-13,5.684341886080802e-14,9.094947017729282e-13,21,14,none,21,0.0,0.5,65,85,21,19.2964999927831
v3_dual_terminal,87,2025-03-29,9180.554031087302,9164.71229020106,15463.34351274268,0.0,15463.34351274268,30433.428195116656,0.0,19190.883896278658,18682.06674895943,15146.731633454767,0,0,0,8700.0,-1280.8125000000018,14915.040380322258,0.04045528799997555,2.2737367544323206e-13,1.1368683772161603e-13,5.684341886080802e-14,8.526512829121202e-13,21,14,none,21,0.0,0.5,66,86,21,19.2964999927831
v3_dual_terminal,88,2025-03-30,9164.71229020106,9142.268922748679,38632.96571036946,0.0,38632.96571036946,64213.0222616167,0.0,4992.858803788953,20498.64625544679,16624.102497619046,0,0,0,8700.0,-1280.8125000000018,39167.56969510305,0.05013959600000817,9.094947017729282e-13,1.1368683772161603e-13,1.1368683772161603e-13,8.881784197001252e-13,21,14,none,21,0.0,0.5,67,87,21,19.2964999927831
v3_dual_terminal,89,2025-03-31,9142.268922748679,8948.188127486772,38209.14497673137,0.0,38209.14497673137,63604.20814262492,0.0,3115.340320961194,19537.63712666373,16000.158788333329,0,0,0,8700.0,-1280.8125000000073,38812.25448485635,0.05051443100001052,9.094947017729282e-13,1.1368683772161603e-13,5.684341886080802e-14,9.094947017729282e-13,21,14,none,21,0.0,0.5,68,88,21,19.2964999927831
v3_dual_terminal,90,2025-04-01,8948.188127486772,8805.553516757405,36888.21801437154,15376.682289276088,52264.90030364763,61557.17039967664,2271.7162828852515,214.44047433333208,18599.820216938555,15194.22552537666,8,1,1,8700.0,-1280.8124999999945,37364.92366224282,0.04917675400020016,0.0,1.1368683772161603e-13,5.684341886080802e-14,8.597567102697212e-13,21,14,none,21,0.0,0.5,69,89,21,19.2964999927831
v3_dual_terminal,91,2025-04-02,8805.553516757405,8845.445769993914,37292.65687061198,12167.68413131611,49460.341001928085,62562.33969569898,2358.013354534766,461.04909332010413,20989.818573688415,16965.85001677476,14,1,1,8700.0,-1280.8125000000018,38032.38690457911,0.04769222599998102,9.094947017729282e-13,1.1368683772161603e-13,5.684341886080802e-14,9.094947017729282e-13,21,14,none,21,0.0,0.5,70,90,21,19.2964999927831
v3_dual_terminal,92,2025-04-03,8845.445769993914,9164.567683519836,39237.96324518583,1606.3312142448347,40844.29445943066,65920.10945994826,314.98032776190615,6005.987375186353,21465.06538780952,17099.493241952383,4,1,1,8700.0,-1280.8125000000018,40540.61353174076,0.04750436099993749,2.2737367544323206e-13,1.1368683772161603e-13,1.1368683772161603e-13,9.094947017729282e-13,21,14,none,21,0.0,0.5,71,91,21,19.2964999927831
v3_dual_terminal,93,2025-04-04,9164.567683519836,9124.657105564016,14548.15925195113,0.0,14548.15925195113,28779.671210617853,0.0,18744.78698570399,19157.902605653144,15553.820630739288,0,0,0,8700.0,-1280.8125000000018,13947.817789152843,0.03962771199985582,9.094947017729282e-13,1.1368683772161603e-13,5.684341886080802e-14,9.094947017729282e-13,21,14,none,21,0.0,0.5,72,92,21,19.2964999927831
v3_dual_terminal,94,2025-04-05,9124.657105564016,9211.625940715605,15235.164746607381,0.0,15235.164746607381,30038.275973492375,0.0,14398.094559292467,18514.70778542181,14918.641354555239,0,0,0,8700.0,-1280.8125000000018,14601.61176995916,0.039949611000338336,9.094947017729282e-13,1.1368683772161603e-13,5.684341886080802e-14,8.526512829121202e-13,21,14,none,21,0.0,0.5,73,93,21,19.2964999927831
v3_dual_terminal,95,2025-04-06,9211.625940715605,9142.727569995768,37922.82715636198,0.0,37922.82715636198,63479.63473043268,0.0,5278.551030912387,20279.03140263934,16488.023969785718,0,0,0,8700.0,-1280.8125000000018,39080.525761700526,0.047417021000001114,9.094947017729282e-13,1.1368683772161603e-13,1.1368683772161603e-13,9.094947017729282e-13,21,14,none,21,0.0,0.5,74,94,21,19.2964999927831
v3_dual_terminal,96,2025-04-07,9142.727569995768,9160.442681293916,37164.15162438412,0.0,37164.15162438412,62371.05042706495,0.0,5344.461063948259,19831.191997973838,16047.321918190479,0,0,0,8700.0,-1280.8124999999945,38179.39761869663,0.04728640799976347,4.547473508864641e-13,1.1368683772161603e-13,5.684341886080802e-14,8.881784197001252e-13,21,14,none,21,0.0,0.5,75,95,21,19.2964999927831
v3_dual_terminal,97,2025-04-08,9160.442681293916,8705.537130425926,37269.09027388388,1909.4974772654941,39178.587751149375,62736.45504201527,316.46423512523825,5133.972307539092,20921.938677452377,17356.185324517624,9,1,4,8700.0,-1280.8124999999945,38124.6017017915,0.04724362100023427,4.547473508864641e-13,1.1368683772161603e-13,1.1368683772161603e-13,9.094947017729282e-13,21,14,none,21,0.0,0.5,76,96,21,19.2964999927831
v3_dual_terminal,98,2025-04-09,8705.537130425926,8732.129426540741,37012.44756221775,7774.576051842747,44787.0236140605,62386.960419952375,1146.5147720276211,480.8031498245207,20496.989257818335,16578.628232329524,6,1,1,8700.0,-1280.8125000000018,37811.523991817245,0.046981084999970335,4.547473508864641e-13,1.1368683772161603e-13,5.684341886080802e-14,8.988365607365267e-13,21,14,none,21,0.0,0.5,77,97,21,19.2964999927831
v3_dual_terminal,99,2025-04-10,8732.129426540741,9042.639177468522,38494.16636823166,0.0,38494.16636823166,64749.03945231587,0.0,6005.758900275025,21069.388822136083,16786.74617009524,0,0,0,8700.0,-1280.8125000000018,39446.04144672944,0.0470006780001313,4.547473508864641e-13,1.1368683772161603e-13,1.1368683772161603e-13,9.094947017729282e-13,21,14,none,21,0.0,0.5,78,98,21,19.2964999927831
v3_dual_terminal,100,2025-04-11,9042.639177468522,8996.766702294177,14423.516927937006,0.0,14423.516927937006,28776.791560611655,0.0,19927.458721417395,18810.357369392124,15277.67469686453,0,0,0,8700.0,-1280.8125000000018,13850.450004381206,0.038717710000128136,4.547473508864641e-13,1.1368683772161603e-13,5.684341886080802e-14,9.094947017729282e-13,21,14,none,21,0.0,0.5,79,99,21,19.2964999927831
v3_dual_terminal,101,2025-04-12,8996.766702294177,9480.093712559525,15147.321058411373,0.0,15147.321058411373,30014.35803676857,0.0,17136.00249448706,17990.52991075103,14137.33491846952,0,0,0,8700.0,-1280.8125000000018,14593.66160262078,0.03983081400019728,9.094947017729282e-13,1.1368683772161603e-13,5.684341886080802e-14,8.562039965909207e-13,21,14,none,21,0.0,0.5,80,100,21,19.2964999927831
v3_dual_terminal,102,2025-04-13,9480.093712559525,9239.553928911113,37438.61744070506,0.0,37438.61744070506,63038.749503276296,0.0,5175.614484595533,20017.170213847436,16430.393678500004,0,0,0,8700.0,-1280.8125000000018,38185.15274822776,0.04720740199991269,4.547473508864641e-13,1.1368683772161603e-13,5.684341886080802e-14,9.094947017729282e-13,21,14,none,21,0.0,0.5,81,101,21,19.2964999927831
v3_dual_terminal,103,2025-04-14,9239.553928911113,8829.842767665874,36725.36517616229,0.0,36725.36517616229,61966.80698458817,0.0,6037.847087147557,19840.35864505967,16439.43054761905,0,0,0,8700.0,-1280.8124999999945,37502.54134590288,0.04874296300022252,9.094947017729282e-13,1.1368683772161603e-13,5.684341886080802e-14,9.094947017729282e-13,21,14,none,21,0.0,0.5,82,102,21,19.2964999927831
v3_dual_terminal,104,2025-04-15,8829.842767665874,9023.302272154233,37138.080805100915,0.0,37138.080805100915,62720.58031440917,0.0,8781.0066729221,19084.37502165373,15284.230213499997,0,0,0,8700.0,-1280.8124999999945,37942.11380817747,0.04739205700025195,1.8189894035458565e-12,1.1368683772161603e-13,1.1368683772161603e-13,9.094947017729282e-13,21,14,none,21,0.0,0.5,83,103,21,19.2964999927831
v3_dual_terminal,105,2025-04-16,9023.302272154233,8862.591958293651,35927.299594339886,0.0,35927.299594339886,60628.408072799226,0.0,1210.018737249251,19912.82456854998,16274.027182999998,0,0,0,8700.0,-1280.8125000000018,36734.697921525054,0.049160093999944365,9.094947017729282e-13,1.1368683772161603e-13,5.684341886080802e-14,9.094947017729282e-13,21,14,none,21,0.0,0.5,84,104,21,19.2964999927831
v3_dual_terminal,106,2025-04-17,8862.591958293651,9240.624343096295,37158.48961183918,0.0,37158.48961183918,62682.18077076161,0.0,5691.962679231341,19903.403132673127,15781.527391142858,0,0,0,8700.0,-1280.8125000000018,37708.8043229334,0.049359488999925816,9.094947017729282e-13,1.1368683772161603e-13,1.1368683772161603e-13,9.094947017729282e-13,21,14,none,21,0.0,0.5,85,105,21,19.2964999927831
v3_dual_terminal,107,2025-04-18,9240.624343096295,9334.400538910846,13999.58180850781,0.0,13999.58180850781,28126.903380284763,0.0,18117.511222948557,18794.086304051438,15138.81133004857,0,0,0,8700.0,-1280.8125000000018,13386.654756862517,0.04012834600007409,9.094947017729282e-13,1.1368683772161603e-13,5.684341886080802e-14,9.094947017729282e-13,21,14,none,21,0.0,0.5,86,106,21,19.2964999927831
v3_dual_terminal,108,2025-04-19,9334.400538910846,9443.640757787034,14428.79597429081,0.0,14428.79597429081,28829.649589646906,0.0,18442.70495991357,18441.837803919756,14839.572424186426,0,0,0,8700.0,-1280.8125000000018,13815.083496393594,0.04129545400019197,4.547473508864641e-13,1.1368683772161603e-13,5.684341886080802e-14,7.958078640513122e-13,21,14,none,21,0.0,0.5,87,107,21,19.2964999927831
v3_dual_terminal,109,2025-04-20,9443.640757787034,9498.7534123,36539.07822983271,0.0,36539.07822983271,61578.37904969194,0.0,5825.806741035564,19711.715980323046,15916.888555000001,0,0,0,8700.0,-1280.8125000000018,37040.4375547981,0.04967779199978395,2.2737367544323206e-13,1.1368683772161603e-13,5.684341886080802e-14,9.094947017729282e-13,21,14,none,21,0.0,0.5,88,108,21,19.2964999927831
v3_dual_terminal,110,2025-04-21,9498.7534123,8799.14422464815,35693.917612599005,0.0,35693.917612599005,60369.74538044004,0.0,9066.082648250747,17981.055882855955,15194.303534,0,0,0,8700.0,-1280.8124999999945,36138.11289661048,0.051294390999828465,9.094947017729282e-13,1.1368683772161603e-13,1.1368683772161603e-13,9.094947017729282e-13,21,14,none,21,0.0,0.5,89,109,21,19.2964999927831
v3_dual_terminal,111,2025-04-22,8799.14422464815,9067.178628990743,36003.35587419837,0.0,36003.35587419837,60774.54075554115,0.0,4701.5014487860035,19362.52119042181,15442.411200333334,0,0,0,8700.0,-1280.8124999999945,36463.78475510106,0.051207211000019015,9.094947017729282e-13,1.1368683772161603e-13,1.1368683772161603e-13,9.094947017729282e-13,21,14,none,21,0.0,0.5,90,110,21,19.2964999927831
v3_dual_terminal,112,2025-04-23,9067.178628990743,9111.550304803704,35160.21287654939,0.0,35160.21287654939,59508.97394066666,0.0,4528.170356907416,18636.59136242592,15055.704495333332,0,0,0,8700.0,-1280.8125000000018,35454.02786390331,0.04963895800028695,0.0,1.1368683772161603e-13,5.684341886080802e-14,9.094947017729282e-13,21,14,none,21,0.0,0.5,91,111,21,19.2964999927831
v3_dual_terminal,113,2025-04-24,9111.550304803704,9172.650678596297,35449.216806955854,0.0,35449.216806955854,59801.504641395055,0.0,9189.95318692593,18244.496937135795,14723.052182666666,0,0,0,8700.0,-1280.8125000000018,35701.09312708305,0.04808414800027094,4.547473508864641e-13,1.1368683772161603e-13,5.684341886080802e-14,9.094947017729282e-13,21,14,none,21,0.0,0.5,92,112,21,19.2964999927831
v3_dual_terminal,114,2025-04-25,9172.650678596297,9054.271124270375,13323.792548502252,0.0,13323.792548502252,27226.269812263334,0.0,21854.480527281892,18305.122283551438,14933.69064857,0,0,0,8700.0,-1280.8125000000018,12634.945650420534,0.039062583000031736,2.2737367544323206e-13,1.1368683772161603e-13,5.684341886080802e-14,9.094947017729282e-13,21,14,none,21,0.0,0.5,93,113,21,19.2964999927831
v3_dual_terminal,115,2025-04-26,9054.271124270375,9304.933253740744,13823.761867238416,0.0,13823.761867238416,28096.93377315666,0.0,24334.47547935185,18245.624968148146,14553.36030767667,0,0,0,8700.0,-1280.8125000000018,13134.778179293093,0.03974851500015575,9.094947017729282e-13,1.1368683772161603e-13,5.684341886080802e-14,9.094947017729282e-13,21,14,none,21,0.0,0.5,94,114,21,19.2964999927831
v3_dual_terminal,116,2025-04-27,9304.933253740744,8921.889082748148,34084.30773430904,1584.879409871247,35669.18714418029,57519.04720590639,227.19028237833243,5826.92861814814,19424.09179313992,16078.254106336673,1,1,1,8700.0,-1280.8125000000018,34234.44963696441,0.048863134999919566,1.8189894035458565e-12,1.1368683772161603e-13,1.1368683772161603e-13,9.094947017729282e-13,21,14,none,21,0.0,0.5,95,115,21,19.2964999927831
v3_dual_terminal,117,2025-04-28,8921.889082748148,8800.4074929,33747.773271137165,23340.1066872078,57087.879958344965,56800.22942507612,3461.648763103337,625.4535673888884,16441.003868353906,13426.546564229997,12,1,1,8700.0,-1280.8124999999945,33987.65309880911,0.04984903900003701,9.094947017729282e-13,1.1368683772161603e-13,5.684341886080802e-14,9.094947017729282e-13,21,14,none,21,0.0,0.5,96,116,21,19.2964999927831
v3_dual_terminal,118,2025-04-29,8800.4074929,9037.617323322225,35470.18677570204,0.0,35470.18677570204,59945.07594903909,0.0,8931.280568123462,17721.541141415633,14140.959477166667,0,0,0,8700.0,-1280.8124999999945,36277.741403365966,0.04909079700018992,0.0,1.1368683772161603e-13,1.1368683772161603e-13,8.979483823168266e-13,21,14,none,21,0.0,0.5,97,117,21,19.2964999927831
v3_dual_terminal,119,2025-04-30,9037.617323322225,8768.81612247778,35338.03276408233,0.0,35338.03276408233,59915.21741017078,0.0,8576.998653977369,17490.97580852674,14409.611485666666,0,0,0,8700.0,-1280.8125000000018,36167.92371630138,0.048959321999973326,9.094947017729282e-13,1.1368683772161603e-13,1.1368683772161603e-13,9.094947017729282e-13,21,14,none,21,0.0,0.5,98,118,21,19.2964999927831
v3_dual_terminal,120,2025-05-01,8768.81612247778,6740.452897168519,35211.03974577138,9431.126226144333,44642.16597191571,59046.2572364753,1450.1928711666665,8043.876575991774,17193.2717601502,15752.0770285,10,1,1,7200.0,-566.2213552037065,36816.35743490201,0.049198890999832656,1.8189894035458565e-12,1.1368683772161603e-13,1.1368683772161603e-13,9.094947017729282e-13,21,14,none,21,0.0,0.5,99,119,21,19.2964999927831
v3_dual_terminal,121,2025-05-02,6740.452897168519,5634.759936624059,13606.717937468437,9348.969912222183,22955.68784969062,27211.23721538165,1492.3508903399984,12415.406952203703,15752.551235129613,13754.690164945,10,1,2,5999.999999999987,5.9117155615240335e-12,14712.967086498362,0.03851886500024193,1.8189894035458565e-12,1.1368683772161603e-13,5.684341886080802e-14,9.094947017729282e-13,21,14,none,21,0.0,0.5,100,120,21,19.2964999927831
v3_dual_terminal,122,2025-05-03,5634.759936624059,8642.07942705,16112.33947601925,3950.5309520317373,20062.87042805099,32428.805071205014,707.3052259999981,18055.943417441624,18454.77730726339,12241.7820775,8,1,1,8700.0,-1280.8124999999945,16166.491518297798,0.03824126600011368,9.094947017729282e-13,1.1368683772161603e-13,5.684341886080802e-14,8.526512829121202e-13,21,14,none,21,0.0,0.5,101,121,21,19.2964999927831
v3_dual_terminal,123,2025-05-04,8642.07942705,8620.708904051851,37648.86822614119,2465.196458859744,40114.064685000936,63189.599108117276,410.3316403333324,8609.052720069954,17239.179819713994,13982.969124666668,8,1,1,8700.0,-1280.8124999999927,39315.80307790471,0.046800837999853684,9.094947017729282e-13,1.1368683772161603e-13,5.684341886080802e-14,9.094947017729282e-13,21,14,none,21,0.0,0.5,102,122,21,19.2964999927831
v3_dual_terminal,124,2025-05-05,8620.708904051851,8736.835411703702,38296.477933772105,2531.9594098973544,40828.43734366946,64254.72141050411,363.2698364866651,5542.508760697538,20499.799102139914,16500.32341584667,2,1,1,8700.0,-1280.8124999999945,39782.74321042967,0.04625617500005319,9.094947017729282e-13,1.1368683772161603e-13,5.684341886080802e-14,8.810729923425242e-13,21,14,none,21,0.0,0.5,103,123,21,19.2964999927831
v3_dual_terminal,125,2025-05-06,8736.835411703702,8469.51976785,37705.11930989887,246.98444505204316,37952.10375495092,62803.6773185288,44.84813860000161,6450.084526903288,19836.54022645885,16308.181662899999,3,1,2,8700.0,-1280.8125000000073,39185.39633486081,0.0465680870001961,1.8189894035458565e-12,1.1368683772161603e-13,5.684341886080802e-14,8.810729923425242e-13,21,14,none,21,0.0,0.5,104,124,21,19.2964999927831
v3_dual_terminal,126,2025-05-07,8469.51976785,8803.85455349259,38325.76848078455,4434.397767735095,42760.16624851964,64226.64430913786,643.0328204941699,5720.117944995887,19899.01014504115,15817.296910405004,2,1,1,8700.0,-1280.8124999999964,39729.26531992899,0.046540163999907236,0.0,1.1368683772161603e-13,1.1368683772161603e-13,9.094947017729282e-13,21,14,none,21,0.0,0.5,105,125,21,19.2964999927831
v3_dual_terminal,127,2025-05-08,8803.85455349259,7505.679623155558,38142.20576491811,243.2289326250005,38385.43469754311,62283.35143804115,35.999250000000075,4318.33172865226,17594.02103522222,15419.514475833332,1,1,1,7200.0,-566.2213552037065,40254.434739977216,0.04675635000012335,2.2737367544323206e-13,1.1368683772161603e-13,5.684341886080802e-14,9.094947017729282e-13,21,14,none,21,0.0,0.5,106,126,21,19.2964999927831
v3_dual_terminal,128,2025-05-09,7505.679623155558,6753.957044896282,15266.151998576175,0.0,15266.151998576175,28615.626661993316,0.0,17738.479230644036,16075.325798855945,13697.564217506668,0,0,0,5999.999999999987,5.9117155615240335e-12,16564.20401851277,0.04165353899998081,9.094947017729282e-13,1.1368683772161603e-13,5.684341886080802e-14,7.958078640513122e-13,21,14,none,21,0.0,0.5,107,127,21,19.2964999927831
v3_dual_terminal,129,2025-05-10,6753.957044896282,9349.15990471667,17303.264170509487,0.0,17303.264170509487,33032.15813809335,0.0,15074.773925804528,18424.507132195475,12588.168203239986,0,0,0,8700.0,-1280.8124999999945,17254.44032309059,0.0390052879997711,9.094947017729282e-13,1.1368683772161603e-13,5.684341886080802e-14,8.322231792590173e-13,21,14,none,21,0.0,0.5,108,128,21,19.2964999927831
v3_dual_terminal,130,2025-05-11,9349.15990471667,9108.857064520369,39313.94963982031,277.36103945833383,39591.31067927864,65178.23527403497,41.18071666666674,6498.598374707814,18173.742572827156,14937.004040166668,2,1,1,8700.0,-1280.8124999999927,40574.969459570995,0.047377304999827174,2.2737367544323206e-13,1.1368683772161603e-13,5.684341886080802e-14,9.094947017729282e-13,21,14,none,21,0.0,0.5,109,129,21,19.2964999927831
v3_dual_terminal,131,2025-05-12,9108.857064520369,9466.576971066666,39790.28542098861,0.0,39790.28542098861,66042.50663771194,0.0,10659.636109666666,16472.249362211936,13020.5740675,0,0,0,8700.0,-1280.8124999999945,41029.01813785974,0.04750418300000092,0.0,1.1368683772161603e-13,5.684341886080802e-14,8.846257060213247e-13,21,14,none,21,0.0,0.5,110,130,21,19.2964999927831
v3_dual_terminal,132,2025-05-13,9466.576971066666,9291.948965542593,39104.78693259292,0.0,39104.78693259292,64718.33372292593,0.0,8322.294163409473,18021.01051484979,14754.183722,0,0,0,8700.0,-1280.8125000000073,40232.10359182075,0.0471786630000679,0.0,1.1368683772161603e-13,5.684341886080802e-14,9.094947017729282e-13,21,14,none,21,0.0,0.5,111,131,21,19.2964999927831
v3_dual_terminal,133,2025-05-14,9291.948965542593,9462.885945757407,39429.025502989825,0.0,39429.025502989825,65353.388407499995,0.0,8790.547804485603,17867.6238815144,14318.932061833331,0,0,0,8700.0,-1280.8124999999964,40574.53002075142,0.04816822799966758,0.0,1.1368683772161603e-13,5.684341886080802e-14,9.094947017729282e-13,21,14,none,21,0.0,0.5,112,132,21,19.2964999927831
v3_dual_terminal,134,2025-05-15,9462.885945757407,8468.659024055556,38539.43693491152,0.0,38539.43693491152,62796.8195679856,0.0,7745.697493193419,16741.41063679218,14455.346845333332,0,0,0,7200.0,-566.2213552037065,40486.999735996,0.0487310990001788,2.2737367544323206e-13,1.1368683772161603e-13,1.1368683772161603e-13,9.094947017729282e-13,21,14,none,21,0.0,0.5,113,133,21,19.2964999927831
v3_dual_terminal,135,2025-05-16,8468.659024055556,6753.947092705541,14871.506815592682,0.0,14871.506815592682,27458.805961183316,0.0,23412.103560382715,15128.61371411727,13797.41784665,0,0,0,5999.999999999987,5.9117155615240335e-12,16018.812259123779,0.04051758300010988,9.094947017729282e-13,1.1368683772161603e-13,5.684341886080802e-14,9.094947017729282e-13,21,14,none,21,0.0,0.5,114,134,21,19.2964999927831
v3_dual_terminal,136,2025-05-17,6753.947092705541,9509.70437335926,17368.913893789428,0.0,17368.913893789428,32977.15786006501,0.0,16538.542390773662,18471.762280893003,12481.945894934986,0,0,0,8700.0,-1280.8124999999945,17244.428280750508,0.040828343000157474,9.094947017729282e-13,1.1368683772161603e-13,5.684341886080802e-14,9.094947017729282e-13,21,14,none,21,0.0,0.5,115,135,21,19.2964999927831
v3_dual_terminal,137,2025-05-18,9509.70437335926,9727.625619362963,39401.7126879234,35.318698333333415,39437.031386256735,64920.99927992797,5.236666666666679,7610.339497290127,18124.206462637856,14484.47811333333,1,1,1,8700.0,-1280.8124999999927,40456.788813440064,0.051406606000000465,0.0,1.1368683772161603e-13,5.684341886080802e-14,8.980594046192891e-13,21,14,none,21,0.0,0.5,116,136,21,19.2964999927831
v3_dual_terminal,138,2025-05-19,9727.625619362963,9416.14017031111,39072.28670141536,451.90398166666745,39524.19068308203,64543.35644764402,67.00333333333344,14203.530918547327,16694.469560930036,13802.8572485,1,1,1,8700.0,-1280.8124999999945,40063.013162316114,0.051752013999703195,0.0,1.1368683772161603e-13,1.1368683772161603e-13,8.988365607365267e-13,21,14,none,21,0.0,0.5,117,137,21,19.2964999927831
v3_dual_terminal,139,2025-05-20,9416.14017031111,9405.389446496292,38573.86537147136,0.0,38573.86537147136,63680.08621249795,0.0,5832.43556425309,17525.955173744853,14205.699342166668,0,0,0,8700.0,-1280.8125000000073,39519.0626804502,0.05201008499989257,2.2737367544323206e-13,1.1368683772161603e-13,5.684341886080802e-14,8.775202786637237e-13,21,14,none,21,0.0,0.5,118,138,21,19.2964999927831
v3_dual_terminal,140,2025-05-21,9405.389446496292,9567.708799305556,38881.78655131692,0.0,38881.78655131692,64222.45961110082,0.0,9536.011959932102,16724.97342266872,13401.141054833332,0,0,0,8700.0,-1280.8124999999964,39804.182438218064,0.05202722000012727,2.2737367544323206e-13,1.1368683772161603e-13,1.1368683772161603e-13,9.094947017729282e-13,21,14,none,21,0.0,0.5,119,139,21,19.2964999927831
v3_dual_terminal,141,2025-05-22,9567.708799305556,8799.321651242592,38130.34394344076,0.0,38130.34394344076,61800.31207931275,0.0,8663.907454919754,15849.06442622633,13529.290618500003,0,0,0,7200.0,-566.2213552037065,39715.09507951285,0.05170858199971917,2.2737367544323206e-13,1.1368683772161603e-13,5.684341886080802e-14,8.988365607365267e-13,21,14,none,21,0.0,0.5,120,140,21,19.2964999927831
v3_dual_terminal,142,2025-05-23,8799.321651242592,7323.502245744431,14531.117476092766,0.0,14531.117476092766,26632.729677214986,0.0,18409.403095053498,16476.921914613155,14674.544215785001,0,0,0,5999.999999999987,5.9117155615240335e-12,15664.912690474253,0.042197968999971636,1.8189894035458565e-12,1.1368683772161603e-13,5.684341886080802e-14,8.58202398035246e-13,21,14,none,21,0.0,0.5,121,141,21,19.2964999927831
v3_dual_terminal,143,2025-05-24,7323.502245744431,10121.27609049074,17022.34936467668,0.0,17022.34936467668,31973.83309133001,0.0,22107.733758355964,18913.692049310695,12802.094099669986,0,0,0,8700.0,-1280.8124999999945,16805.729706001708,0.04165725899974859,9.094947017729282e-13,1.1368683772161603e-13,5.684341886080802e-14,6.821210263296962e-13,21,14,none,21,0.0,0.5,122,142,21,19.2964999927831
v3_dual_terminal,144,2025-05-25,10121.27609049074,9697.396948274072,37925.97373631048,0.0,37925.97373631048,62033.1598661358,0.0,10896.349381181066,15648.902787454736,13057.102485833333,0,0,0,8700.0,-1280.8124999999927,38701.95112083706,0.04952216800029419,1.8189894035458565e-12,7.389644451905042e-13,1.1368683772161603e-13,8.739675649849232e-13,21,14,none,21,0.0,0.5,123,143,21,19.2964999927831
v3_dual_terminal,145,2025-05-26,9697.396948274072,9715.499015977779,37457.325560603014,0.0,37457.325560603014,61280.07401433333,0.0,3280.607090500007,17912.326909999996,14492.692936166664,0,0,0,8700.0,-1280.8124999999945,38289.17561991523,0.04986154199968951,4.547473508864641e-13,1.1368683772161603e-13,5.684341886080802e-14,8.988365607365267e-13,21,14,none,21,0.0,0.5,124,144,21,19.2964999927831
v3_dual_terminal,146,2025-05-27,9715.499015977779,9414.992346900004,37884.21073970391,0.0,37884.21073970391,62368.98360592387,0.0,10130.802090592595,16411.948513164607,13564.13429783333,0,0,0,8700.0,-1280.8125000000073,38751.36738926862,0.050687254999957077,2.2737367544323206e-13,1.1368683772161603e-13,1.1368683772161603e-13,9.094947017729282e-13,21,14,none,21,0.0,0.5,125,145,21,19.2964999927831
v3_dual_terminal,147,2025-05-28,9414.992346900004,9729.834419931489,37763.337327568086,0.0,37763.337327568086,62285.42375563168,0.0,6271.616183584367,18192.766349047317,14452.782876999996,0,0,0,8700.0,-1280.8124999999964,38657.923507721,0.05111246599972219,2.2737367544323206e-13,1.1368683772161603e-13,5.684341886080802e-14,9.094947017729282e-13,21,14,none,21,0.0,0.5,126,146,21,19.2964999927831
v3_dual_terminal,148,2025-05-29,9729.834419931489,8314.287713998152,37090.099726352506,119.77769558333367,37209.87742193584,60403.74635114608,17.817433333333383,4345.974545561732,17049.777759251017,15084.31202033333,1,1,1,7200.0,-566.2213552037065,38585.34680902835,0.049740572000246175,2.2737367544323206e-13,1.1368683772161603e-13,1.1368683772161603e-13,9.094947017729282e-13,21,14,none,21,0.0,0.5,127,147,21,19.2964999927831
v3_dual_terminal,149,2025-05-30,8314.287713998152,7288.78440233888,14537.698893033263,0.0,14537.698893033263,26957.40346706831,0.0,18175.296509207816,16362.245640458836,14176.371949265002,0,0,0,5999.999999999987,5.9117155615240335e-12,15451.699405755851,0.04123526100011077,9.094947017729282e-13,1.1368683772161603e-13,5.684341886080802e-14,9.094947017729282e-13,21,14,none,21,0.0,0.5,128,148,21,19.2964999927831
v3_dual_terminal,150,2025-05-31,7288.78440233888,9967.492421253699,16884.21756018797,0.0,16884.21756018797,31946.945982895006,0.0,17436.56546842387,19528.219723409464,13407.020758938324,0,0,0,8700.0,-1280.8124999999945,16558.072931205104,0.03979823400004534,9.094947017729282e-13,1.1368683772161603e-13,5.684341886080802e-14,8.846257060213247e-13,21,14,none,21,0.0,0.5,129,149,21,19.2964999927831
v3_dual_terminal,151,2025-06-01,9967.492421253699,8052.777926749999,39608.040358361744,44569.68561296925,84177.725971331,65004.99644516256,7410.056764581665,35.79455666666672,15145.65999016256,13991.227637084998,44,1,3,8700.0,-1280.8124999999945,40254.99166186095,0.033547034000093845,2.2737367544323206e-13,1.1368683772161603e-13,4.263256414560601e-14,8.526512829121202e-13,14,7,none,21,0.0,0.5,137,150,14,12.128538828228816
v3_dual_terminal,152,2025-06-02,8052.777926749999,8258.694041029628,43862.00330569819,21022.053632533498,64884.05693823169,72376.46673404732,3180.530376941667,2607.8802998683127,21699.920306679014,17391.610945558332,14,1,3,8700.0,-1280.8125000000073,46635.40544031961,0.031379089999973075,2.2737367544323206e-13,1.1368683772161603e-13,1.1368683772161603e-13,9.094947017729282e-13,14,7,none,21,0.0,0.5,138,151,14,12.128538828228816
v3_dual_terminal,153,2025-06-03,8258.694041029628,8613.611483101851,46626.94896991561,1501.0550618893715,48128.00403180498,75859.94135926131,231.0051724833318,3402.7094002428007,21981.287370018516,17485.41707185,7,1,4,8700.0,-1280.8124999999964,48507.11764370081,0.030819391000022733,2.2737367544323206e-13,1.1368683772161603e-13,1.1368683772161603e-13,9.094947017729282e-13,14,7,none,21,0.0,0.5,139,152,14,12.128538828228816
v3_dual_terminal,154,2025-06-04,8613.611483101851,8924.712527074074,47687.74968188321,495.09298029033323,48182.84266217354,77179.96030552675,72.41821083333332,3371.412917946497,20819.54653774692,16583.841756,3,1,3,8700.0,-1280.8125,49336.75163686975,0.030860098999710317,2.2737367544323206e-13,1.1368683772161603e-13,5.684341886080802e-14,9.094947017729282e-13,14,7,none,21,0.0,0.5,140,153,14,12.128538828228816
v3_dual_terminal,155,2025-06-05,8924.712527074074,3638.1074510740746,45045.11169366907,2567.744129724778,47612.855823393846,71337.39710336213,379.2533658216663,2200.917153265434,16443.999303430035,18077.58400417833,10,1,3,3599.999999999999,1028.3283109008848,49208.884794878766,0.031597686999703,4.547473508864641e-13,1.1368683772161603e-13,5.684341886080802e-14,9.094947017729282e-13,14,7,none,21,0.0,0.5,141,154,14,12.128538828228816
v3_dual_terminal,156,2025-06-06,3638.1074510740746,3685.8428562537024,19721.312410841572,9548.763137141945,29270.075547983517,34891.95901742816,1407.7845479999978,2806.034579604936,13661.851164008229,11023.137578184998,5,1,1,3599.999999999999,1004.9319963577477,22047.56268037358,0.02796134600021105,4.547473508864641e-13,5.684341886080802e-14,0.0,8.810729923425242e-13,14,7,none,21,0.0,0.5,142,155,14,12.128538828228816
v3_dual_terminal,157,2025-06-07,3685.8428562537024,9189.518588387034,24052.06385215302,0.0,24052.06385215302,43263.58475308641,0.0,3523.978560781891,19262.025614304526,10648.932588666667,0,0,0,8700.0,-1280.8124999999964,24071.940853379427,0.02868373100000099,9.094947017729282e-13,1.1368683772161603e-13,5.684341886080802e-14,7.958078640513122e-13,14,7,none,21,0.0,0.5,143,156,14,12.128538828228816
v3_dual_terminal,158,2025-06-08,9189.518588387034,9516.1642003,54363.50245450193,0.0,54363.50245450193,86240.19861279218,0.0,17685.092360351853,16190.536500273662,12820.353514499999,0,0,0,8700.0,-1280.8124999999945,55704.32493061748,0.03192533399987951,4.547473508864641e-13,5.684341886080802e-14,1.1368683772161603e-13,9.094947017729282e-13,14,7,none,21,0.0,0.5,144,157,14,12.128538828228816
v3_dual_terminal,159,2025-06-09,9516.1642003,9344.212398666665,53144.922923225924,79.34205672074941,53224.264979946674,84244.02907428806,11.777930166666579,9837.984810997948,19157.189903123442,15672.080442999997,2,1,1,8700.0,-1280.8125000000073,54590.37002361602,0.032275533999836625,4.547473508864641e-13,1.1368683772161603e-13,1.1368683772161603e-13,9.094947017729282e-13,14,7,none,21,0.0,0.5,145,158,14,12.128538828228816
v3_dual_terminal,160,2025-06-10,9344.212398666665,9585.952521646299,52933.442602691845,0.0,52933.442602691845,83946.35923277572,0.0,8310.790597864192,19997.67521524486,15980.550813666665,0,0,0,8700.0,-1280.8124999999964,54614.92247195078,0.03281237600003806,2.2737367544323206e-13,1.1368683772161603e-13,5.684341886080802e-14,9.094947017729282e-13,14,7,none,21,0.0,0.5,146,159,14,12.128538828228816
v3_dual_terminal,161,2025-06-11,9585.952521646299,9502.543220418518,52497.0668367518,1752.0331609269488,54249.09999767875,83615.03480375101,360.405096999998,3624.7487427674823,22849.01690748354,18582.772066166664,5,1,2,8700.0,-1280.8125,54312.185675209126,0.033774727000036364,2.2737367544323206e-13,1.1368683772161603e-13,1.1368683772161603e-13,9.094947017729282e-13,14,7,none,21,0.0,0.5,147,160,14,12.128538828228816
v3_dual_terminal,162,2025-06-12,9502.543220418518,4758.701301342594,51356.712027348854,0.0,51356.712027348854,79434.90421391974,0.0,8492.75783709877,14522.171950820979,16032.41700733333,0,0,0,3599.999999999999,1028.3283109008848,55132.02214911107,0.03457662899973002,4.547473508864641e-13,1.1368683772161603e-13,8.526512829121202e-14,9.094947017729282e-13,14,7,none,21,0.0,0.5,148,161,14,12.128538828228816
v3_dual_terminal,163,2025-06-13,4758.701301342594,4841.544977755552,22063.375600435098,0.0,22063.375600435098,38142.4700793786,0.0,7258.6930262427995,12967.916022969133,10429.452669833334,0,0,0,3599.999999999999,1004.9319963577477,25081.26123103458,0.034177449000253546,1.8189894035458565e-12,1.1368683772161603e-13,5.684341886080802e-14,8.526512829121202e-13,14,7,none,21,0.0,0.5,149,162,14,12.128538828228816
v3_dual_terminal,164,2025-06-14,4841.544977755552,9684.106917933334,25238.989653211385,0.0,25238.989653211385,45274.7578737181,0.0,11383.801731246907,17575.303401637866,9877.690009166667,0,0,0,8700.0,-1280.8124999999964,26013.001069679292,0.03533797400041294,9.094947017729282e-13,1.1368683772161603e-13,5.684341886080802e-14,7.638334409421077e-13,14,7,none,21,0.0,0.5,150,163,14,12.128538828228816
v3_dual_terminal,165,2025-06-15,9684.106917933334,10138.610119553707,55270.19890862249,0.0,55270.19890862249,87168.49697525307,0.0,12452.707500816872,19367.16978760288,15278.3546465,0,0,0,8700.0,-1280.8124999999945,56614.849105528716,0.03614273300036075,2.2737367544323206e-13,1.1368683772161603e-13,5.684341886080802e-14,8.100187187665142e-13,14,7,none,21,0.0,0.5,151,164,14,12.128538828228816
v3_dual_terminal,166,2025-06-16,10138.610119553707,9770.982569196298,53523.61627849516,0.0,53523.61627849516,84462.05698914814,0.0,8211.26897188477,20461.05261009671,16904.3174095,0,0,0,8700.0,-1280.8125000000073,55150.39996221893,0.0352487300001485,1.8189894035458565e-12,9.663381206337363e-13,8.526512829121202e-14,9.094947017729282e-13,14,7,none,21,0.0,0.5,152,165,14,12.128538828228816
v3_dual_terminal,167,2025-06-17,9770.982569196298,9626.048486107407,53731.51985926886,77.50989962616602,53809.02975889503,85124.72856154526,11.497426333333237,6613.279082273659,21138.822966938274,17252.887278,1,1,1,8700.0,-1280.8124999999964,55337.125261883935,0.03889052400018045,4.547473508864641e-13,1.1368683772161603e-13,5.684341886080802e-14,9.094947017729282e-13,14,7,none,21,0.0,0.5,153,166,14,12.128538828228816
v3_dual_terminal,168,2025-06-18,9626.048486107407,9849.21590982963,54284.79172993211,0.0,54284.79172993211,85975.65766984773,0.0,11331.935859452678,18497.264363395057,14781.933452999998,0,0,0,8700.0,-1280.8125,55946.21765226866,0.03562754300037341,9.094947017729282e-13,1.1368683772161603e-13,5.684341886080802e-14,9.094947017729282e-13,14,7,none,21,0.0,0.5,154,167,14,12.128538828228816
v3_dual_terminal,169,2025-06-19,9849.21590982963,4721.160964977778,51121.6794972825,226.33915820749903,51348.01865549,78966.47729955142,33.59114999999986,12795.04745162963,13477.717096255143,15532.200298333333,2,1,1,3599.999999999999,1028.3283109008848,55238.461621072696,0.03666721799982042,4.547473508864641e-13,1.1368683772161603e-13,1.1368683772161603e-13,8.983924715266767e-13,14,7,none,21,0.0,0.5,155,168,14,12.128538828228816
v3_dual_terminal,170,2025-06-20,4721.160964977778,4808.324894050001,22122.58964425071,0.0,22122.58964425071,38459.159000893,0.0,13731.140175425924,11836.79178580041,9509.35381033333,0,0,0,3599.999999999999,1004.9319963577477,24903.46153778041,0.037189536999903794,9.094947017729282e-13,1.1368683772161603e-13,5.684341886080802e-14,7.958078640513122e-13,14,7,none,21,0.0,0.5,156,169,14,12.128538828228816
v3_dual_terminal,171,2025-06-21,4808.324894050001,10155.295335555558,24034.547059106135,0.0,24034.547059106135,43232.24759633333,0.0,15650.008361687247,18080.13388047942,9832.63504583333,0,0,0,8700.0,-1280.8124999999964,24326.662640557497,0.03563911899982486,9.094947017729282e-13,1.1368683772161603e-13,5.684341886080802e-14,9.094947017729282e-13,14,7,none,21,0.0,0.5,157,170,14,12.128538828228816
v3_dual_terminal,172,2025-06-22,10155.295335555558,9933.112300655557,51767.45375293203,0.0,51767.45375293203,82042.56240194032,0.0,11340.46371939301,18130.11744188065,14885.359859333332,0,0,0,8700.0,-1280.8124999999945,53324.258625239316,0.03472499000008611,3.637978807091713e-12,1.3073986337985843e-12,8.526512829121202e-14,9.094947017729282e-13,14,7,none,21,0.0,0.5,158,171,14,12.128538828228816
v3_dual_terminal,173,2025-06-23,9933.112300655557,9723.089189985187,51514.071297757415,0.0,51514.071297757415,81866.23492713785,0.0,11285.735780121402,19517.02077168313,15997.807624666668,0,0,0,8700.0,-1280.8125000000073,53142.89056630152,0.03817558199989435,4.547473508864641e-13,1.1368683772161603e-13,1.1368683772161603e-13,8.988365607365267e-13,14,7,none,21,0.0,0.5,159,172,14,12.128538828228816
v3_dual_terminal,174,2025-06-24,9723.089189985187,9684.66570852037,50861.38713630746,7860.431015053918,58721.818151361374,81090.5102716893,1634.3281292583335,2253.0992380432112,22302.779190646084,18099.83227774167,9,1,1,8700.0,-1280.8124999999964,52469.76222990443,0.03612283900019975,4.547473508864641e-13,1.1368683772161603e-13,1.1368683772161603e-13,8.881784197001252e-13,14,7,none,21,0.0,0.5,160,173,14,12.128538828228816
v3_dual_terminal,175,2025-06-25,9684.66570852037,9680.887940311113,52793.53095902183,0.0,52793.53095902183,84142.17897870575,0.0,9916.7715634609,19954.663368244852,16166.677319666669,0,0,0,8700.0,-1280.8125,54241.55170256156,0.03590573300016331,4.547473508864641e-13,1.1368683772161603e-13,8.526512829121202e-14,9.094947017729282e-13,14,7,none,21,0.0,0.5,161,174,14,12.128538828228816
v3_dual_terminal,176,2025-06-26,9680.887940311113,4507.928685755555,49981.485736512026,374.3353722327498,50355.82110874478,77653.41319752057,55.484182499999974,12158.011240168722,13995.608608518516,15992.106302,3,1,2,3599.999999999999,1028.3283109008848,53924.20641564053,0.035298460999911185,2.2737367544323206e-13,1.1368683772161603e-13,1.1368683772161603e-13,8.757439218243235e-13,14,7,none,21,0.0,0.5,162,175,14,12.128538828228816
v3_dual_terminal,177,2025-06-27,4507.928685755555,4850.433504249997,20929.315686534177,0.0,20929.315686534177,36603.52247857613,0.0,14113.550523602888,12684.588166639915,9966.262078333333,0,0,0,3599.999999999999,1004.9319963577477,23539.949934916025,0.03471198399984132,9.094947017729282e-13,1.1368683772161603e-13,1.4210854715202004e-14,9.094947017729282e-13,14,7,none,21,0.0,0.5,163,176,14,12.128538828228816
v3_dual_terminal,178,2025-06-28,4850.433504249997,9776.069276988886,23076.166664078013,0.0,23076.166664078013,42074.54936233333,0.0,12535.437660613163,17521.64941888683,9759.463833833332,0,0,0,8700.0,-1280.8124999999964,23279.66491579151,0.03266716300004191,9.094947017729282e-13,1.1368683772161603e-13,5.684341886080802e-14,8.473222123939195e-13,14,7,none,21,0.0,0.5,164,177,14,12.128538828228816
v3_dual_terminal,179,2025-06-29,9776.069276988886,9893.580795685186,51899.68886238012,0.0,51899.68886238012,82584.12878531276,0.0,9595.437467987658,19027.17061665843,15306.247832666668,0,0,0,8700.0,-1280.8124999999945,53790.39162930895,0.03470269199988252,9.094947017729282e-13,1.1368683772161603e-13,1.1368683772161603e-13,8.952838470577262e-13,14,7,none,21,0.0,0.5,165,178,14,12.128538828228816
v3_dual_terminal,180,2025-06-30,9893.580795685186,9503.235478196299,51070.37227068477,249.4252352519999,51319.79750593677,81332.77887286419,37.013559999999984,8121.768119592598,19587.637450938266,16217.297121,2,1,2,8700.0,-1280.8125000000073,53048.386823887,0.03586949399959849,2.2737367544323206e-13,1.1368683772161603e-13,1.1368683772161603e-13,9.094947017729282e-13,14,7,none,21,0.0,0.5,166,179,14,12.128538828228816
v3_dual_terminal,181,2025-07-01,9503.235478196299,8183.716175135185,52950.009339284676,9475.758457853024,62425.7677971377,84221.12985117077,1570.5614121016677,4055.689368106996,21352.764392563782,18483.306530731665,20,1,5,8700.0,-1280.8125000000073,54973.488188257616,0.0363616629997523,2.2737367544323206e-13,1.1368683772161603e-13,1.1368683772161603e-13,8.810729923425242e-13,14,7,none,21,0.0,0.5,167,180,14,12.128538828228816
v3_dual_terminal,182,2025-07-02,8183.716175135185,8520.641074012963,55179.6492484608,3083.797568857331,58263.44681731813,88104.94177849795,468.20960922166444,11674.31122813786,19425.480968026743,15431.407175111668,10,1,3,8700.0,-1280.8125000000018,57919.014647035496,0.03348755299975892,9.094947017729282e-13,1.1368683772161603e-13,1.1368683772161603e-13,8.739675649849232e-13,14,7,none,21,0.0,0.5,168,181,14,12.128538828228816
v3_dual_terminal,183,2025-07-03,8520.641074012963,2406.9704755888897,51615.486393795596,2688.9155542525623,54304.40194804816,79841.84241433539,457.44903760999443,3156.860341657796,15180.609029136442,17798.596852182185,10,1,4,2400.000000000001,1484.3424407357993,56691.054328592756,0.03332060499997169,4.547473508864641e-13,1.1368683772161603e-13,5.684341886080802e-14,9.094947017729282e-13,14,7,none,21,0.0,0.5,169,182,14,12.128538828228816
v3_dual_terminal,184,2025-07-04,2406.9704755888897,2235.5596917629614,25222.45679606553,0.0,25222.45679606553,42577.27203276337,0.0,11204.76661324074,13925.829780522632,11434.191827666667,0,0,0,2400.000000000002,1472.0512780366835,28746.468917463422,0.029747848000170052,9.094947017729282e-13,1.1368683772161603e-13,1.4210854715202004e-14,6.821210263296962e-13,14,7,none,21,0.0,0.5,170,183,14,12.128538828228816
v3_dual_terminal,185,2025-07-05,2235.5596917629614,8976.387732187039,28798.48606169868,0.0,28798.48606169868,50937.83443941153,0.0,12048.026188646087,21226.2265669321,11126.498282833332,0,0,0,8700.0,-1280.8125000000018,29306.073712158905,0.02861266699983389,9.094947017729282e-13,1.1368683772161603e-13,1.4210854715202004e-14,9.094947017729282e-13,14,7,none,21,0.0,0.5,171,184,14,12.128538828228816
v3_dual_terminal,186,2025-07-06,8976.387732187039,8921.77066070741,54116.3007283059,10567.599395880017,64683.900124185915,86194.00795482384,1558.2010145949976,3887.1234199753044,21685.575598816875,17614.471599373337,11,1,2,8700.0,-1280.8124999999945,56348.93730127306,0.032929249000062555,2.2737367544323206e-13,1.1368683772161603e-13,1.1368683772161603e-13,9.094947017729282e-13,14,7,none,21,0.0,0.5,172,185,14,12.128538828228816
v3_dual_terminal,187,2025-07-07,8921.77066070741,9107.149951864816,54944.22185815073,369.75183083208424,55313.97368898282,86948.57524294825,54.93269750000013,9967.088541882724,18211.027736090524,14584.091104191666,3,1,2,8700.0,-1280.8124999999945,57079.35660426935,0.03243248599983417,4.547473508864641e-13,1.1368683772161603e-13,5.684341886080802e-14,9.094947017729282e-13,14,7,none,21,0.0,0.5,173,186,14,12.128538828228816
v3_dual_terminal,188,2025-07-08,9107.149951864816,9896.517868796298,56423.794125528235,0.0,56423.794125528235,89181.70895400451,0.0,8915.065656736151,20972.763975596707,16277.507694995,0,0,0,8700.0,-1280.8125000000073,58615.21635263731,0.03333040000006804,4.547473508864641e-13,1.1368683772161603e-13,1.1368683772161603e-13,9.094947017729282e-13,14,7,none,21,0.0,0.5,174,187,14,12.128538828228816
v3_dual_terminal,189,2025-07-09,9896.517868796298,9982.960693764817,55680.442358055494,222.57269438766596,55903.01505244316,87587.54839944167,33.015307333333226,9841.359668767484,19172.0025203642,15451.523499023333,1,1,1,8700.0,-1280.8125000000018,57289.17625175349,0.032513659999949596,9.094947017729282e-13,1.1368683772161603e-13,1.1368683772161603e-13,8.526512829121202e-13,14,7,none,21,0.0,0.5,175,188,14,12.128538828228816
v3_dual_terminal,190,2025-07-10,9982.960693764817,3826.9102157611123,51664.23160608622,0.0,51664.23160608622,78916.5110993337,0.0,9130.44934297531,13015.177911728393,16082.739538703334,0,0,0,2400.000000000001,1484.3424407357993,55946.5147941489,0.030880779000199254,4.547473508864641e-13,1.1368683772161603e-13,1.1368683772161603e-13,9.094947017729282e-13,14,7,none,21,0.0,0.5,176,189,14,12.128538828228816
v3_dual_terminal,191,2025-07-11,3826.9102157611123,3710.3908573388926,26364.58894856994,0.0,26364.58894856994,43471.95712163374,0.0,8545.859796734565,13222.03998673251,10814.719811833333,0,0,0,2400.000000000002,1472.0512780366835,29300.76753319954,0.027686034999987896,1.8189894035458565e-12,5.684341886080802e-14,1.4210854715202004e-14,9.094947017729282e-13,14,7,none,21,0.0,0.5,177,190,14,12.128538828228816
v3_dual_terminal,192,2025-07-12,3710.3908573388926,9446.366254716666,29367.133140239166,0.0,29367.133140239166,51057.514186174885,0.0,11128.864129537033,19379.09929297119,10534.692569666666,0,0,0,8700.0,-1280.8125000000018,29520.785975355546,0.028289557000334753,9.094947017729282e-13,1.1368683772161603e-13,2.842170943040401e-14,8.08242361927114e-13,14,7,none,21,0.0,0.5,178,191,14,12.128538828228816
v3_dual_terminal,193,2025-07-13,9446.366254716666,9517.961577433332,53935.3856277014,515.1455753429184,54450.53120304432,85575.70099013667,76.56390450000026,12733.489501600818,18876.943171530867,15225.888178495003,3,1,2,8700.0,-1280.8124999999945,55417.14340369378,0.03362027000002854,9.094947017729282e-13,1.1368683772161603e-13,1.1368683772161603e-13,8.810729923425242e-13,14,7,none,21,0.0,0.5,179,192,14,12.128538828228816
v3_dual_terminal,194,2025-07-14,9517.961577433332,9279.822241707408,52473.53050392619,163.72912521333365,52637.259629139524,83172.72651640946,24.29302933333338,8123.1888845946505,18318.29919281481,15052.147748333335,2,1,2,8700.0,-1280.8124999999945,53912.653494076854,0.03278213200019309,9.094947017729282e-13,1.1368683772161603e-13,5.684341886080802e-14,9.094947017729282e-13,14,7,none,21,0.0,0.5,180,193,14,12.128538828228816
v3_dual_terminal,195,2025-07-15,9279.822241707408,10194.005255044447,54156.82247513722,0.0,54156.82247513722,85316.6126245967,0.0,8063.3443828703685,19376.068138893002,14871.850480500001,0,0,0,8700.0,-1280.8125000000073,55624.648240332295,0.03291677300012452,2.2737367544323206e-13,1.1368683772161603e-13,8.526512829121202e-14,9.094947017729282e-13,14,7,none,21,0.0,0.5,181,194,14,12.128538828228816
v3_dual_terminal,196,2025-07-16,10194.005255044447,9870.429716024077,53189.58042107954,74.0251013536653,53263.6055224332,84102.70918831244,10.956131333333133,8777.635329775712,18382.55048239506,15181.083875858334,1,1,1,8700.0,-1280.8125000000018,54591.50648651493,0.033390456000233826,2.2737367544323206e-13,2.7853275241795927e-12,1.1368683772161603e-13,9.094947017729282e-13,14,7,none,21,0.0,0.5,182,195,14,12.128538828228816
v3_dual_terminal,197,2025-07-17,9870.429716024077,3792.9524534074094,50075.89492400775,0.0,50075.89492400775,76715.40882201234,0.0,6778.593200919751,14137.521530425924,16921.121976000002,0,0,0,2400.000000000001,1484.3424407357993,54232.61754346959,0.033315817000129755,2.2737367544323206e-13,1.1368683772161603e-13,1.1368683772161603e-13,9.094947017729282e-13,14,7,none,21,0.0,0.5,183,196,14,12.128538828228816
v3_dual_terminal,198,2025-07-18,3792.9524534074094,3603.335366305557,25751.109947058285,0.0,25751.109947058285,42654.97605428395,0.0,9206.693534115228,12340.472624002054,10166.438203833331,0,0,0,2400.000000000002,1472.0512780366835,28572.034331844745,0.029099207000399474,4.547473508864641e-13,1.1368683772161603e-13,1.4210854715202004e-14,8.526512829121202e-13,14,7,none,21,0.0,0.5,184,197,14,12.128538828228816
v3_dual_terminal,199,2025-07-19,3603.335366305557,9061.846212442595,28688.749639388727,0.0,28688.749639388727,50044.01900580041,0.0,14441.800019469136,18456.527235831272,10037.127299499998,0,0,0,8700.0,-1280.8125000000018,28711.836954033693,0.029396381999958976,9.094947017729282e-13,1.1368683772161603e-13,5.684341886080802e-14,9.094947017729282e-13,14,7,none,21,0.0,0.5,185,198,14,12.128538828228816
v3_dual_terminal,200,2025-07-20,9061.846212442595,9619.861754962965,53060.280949514665,22.84573611733366,53083.126685632,84274.65625182015,3.2749048333333803,8035.032743131692,19214.24320308847,15061.32300623333,1,1,1,8700.0,-1280.8124999999945,54134.505578113596,0.03384368799970616,4.547473508864641e-13,1.1368683772161603e-13,5.684341886080802e-14,9.094947017729282e-13,14,7,none,21,0.0,0.5,186,199,14,12.128538828228816
v3_dual_terminal,201,2025-07-21,9619.861754962965,9449.418481059263,52250.841568965945,0.0,52250.841568965945,82951.36959478862,0.0,5320.169450100817,19972.8933747428,16331.442580055002,0,0,0,8700.0,-1280.8124999999945,53300.29857748251,0.033088265000060346,2.2737367544323206e-13,1.1368683772161603e-13,8.526512829121202e-14,9.094947017729282e-13,14,7,none,21,0.0,0.5,187,200,14,12.128538828228816
v3_dual_terminal,202,2025-07-22,9449.418481059263,9853.823400716667,54954.668344949925,154.51263834299945,55109.18098329292,86914.39704119752,22.921322999999916,9052.116442467075,19611.01514406378,15520.957838999999,1,1,1,8700.0,-1280.8125000000073,55831.863827442394,0.033254514999953244,2.2737367544323206e-13,1.1368683772161603e-13,1.1368683772161603e-13,9.094947017729282e-13,14,7,none,21,0.0,0.5,188,201,14,12.128538828228816
v3_dual_terminal,203,2025-07-23,9853.823400716667,9575.037727679632,54703.5903356708,19.469082766667274,54723.05941843747,86415.68123324485,2.8864466666667568,8747.574928403295,19501.85652934156,16047.410894499999,1,1,1,8700.0,-1280.8125000000018,55830.69996076381,0.03281355499984784,2.2737367544323206e-13,1.1368683772161603e-13,1.1368683772161603e-13,9.094947017729282e-13,14,7,none,21,0.0,0.5,189,202,14,12.128538828228816
v3_dual_terminal,204,2025-07-24,9575.037727679632,4111.152747390741,51139.82677023716,0.0,51139.82677023716,78453.1938704481,0.0,7302.751448230461,12902.457391987642,15368.486969769998,0,0,0,2400.000000000001,1484.3424407357993,55226.321931644976,0.034307336999972904,4.547473508864641e-13,1.1368683772161603e-13,1.7053025658242404e-13,9.094947017729282e-13,14,7,none,21,0.0,0.5,190,203,14,12.128538828228816
v3_dual_terminal,205,2025-07-25,4111.152747390741,3553.4771663333354,25538.535474816028,0.0,25538.535474816028,42279.72525720988,0.0,14013.03366653086,11912.000247179016,10150.628223166666,0,0,0,2400.000000000002,1472.0512780366835,28035.175659814755,0.02870807399995101,9.094947017729282e-13,1.1368683772161603e-13,1.4210854715202004e-14,9.094947017729282e-13,14,7,none,21,0.0,0.5,191,204,14,12.128538828228816
v3_dual_terminal,206,2025-07-26,3553.4771663333354,9264.62161909074,28809.36466606417,0.0,28809.36466606417,50015.614098800404,0.0,12723.015576683123,19386.72077878395,10563.213823333335,0,0,0,8700.0,-1280.8125000000018,28698.42172620663,0.028647591999742872,1.8189894035458565e-12,1.1368683772161603e-13,1.4210854715202004e-14,6.821210263296962e-13,14,7,none,21,0.0,0.5,192,205,14,12.128538828228816
v3_dual_terminal,207,2025-07-27,9264.62161909074,9506.706623090746,53131.66945853442,1201.2599129820637,54332.92937151649,84574.04856285959,239.5628405866638,6746.0035233374365,21918.63987636215,17536.221796253332,2,1,1,8700.0,-1280.8124999999945,54404.53138185615,0.033533712000007654,4.547473508864641e-13,1.1368683772161603e-13,5.684341886080802e-14,9.094947017729282e-13,14,7,none,21,0.0,0.5,193,206,14,12.128538828228816
v3_dual_terminal,208,2025-07-28,9506.706623090746,9041.765953446296,53284.19553389932,0.0,53284.19553389932,84520.23785949587,0.0,2981.6077206913587,21064.207937637853,17480.455032166665,0,0,0,8700.0,-1280.8124999999945,54368.800327922,0.03432264100001703,2.2737367544323206e-13,1.1368683772161603e-13,4.263256414560601e-14,8.668621376273222e-13,14,7,none,21,0.0,0.5,194,207,14,12.128538828228816
v3_dual_terminal,209,2025-07-29,9041.765953446296,9917.565113657409,57539.367396342364,219.80544954783286,57759.1728458902,90658.41929466871,32.64598983333326,10085.178730154319,19728.533474514403,15191.892870166666,1,1,1,8700.0,-1280.8125000000073,58677.29979900132,0.03366220699990663,2.2737367544323206e-13,1.1368683772161603e-13,4.263256414560601e-14,9.094947017729282e-13,14,7,none,21,0.0,0.5,195,208,14,12.128538828228816
v3_dual_terminal,210,2025-07-30,9917.565113657409,10103.477074957409,57013.070876362144,0.0,57013.070876362144,89508.57546497119,0.0,11721.355699701646,18508.65763210288,14824.691916833333,0,0,0,8700.0,-1280.8125000000018,58344.58764149467,0.034427332999712235,4.547473508864641e-13,1.1368683772161603e-13,1.1368683772161603e-13,9.094947017729282e-13,14,7,none,21,0.0,0.5,196,209,14,12.128538828228816
v3_dual_terminal,211,2025-07-31,10103.477074957409,4110.800280733334,53285.26354502039,0.0,53285.26354502039,81318.19756515842,0.0,9599.774085168721,12720.19120065638,15696.763987333332,0,0,0,2399.9999999999995,1484.3424407358,57370.86437707409,0.03402461799987577,9.094947017729282e-13,1.1368683772161603e-13,1.1368683772161603e-13,9.094947017729282e-13,14,7,none,21,0.0,0.5,197,210,14,12.128538828228816
v3_dual_terminal,212,2025-08-01,4110.800280733334,4265.786431157404,26358.666629940795,0.0,26358.666629940795,43605.454971092586,0.0,19920.494543308636,12074.280135450615,9640.679374333331,0,0,0,2399.999999999997,1488.8002288439543,29123.911362001094,0.030468166999980895,9.094947017729282e-13,1.1368683772161603e-13,7.105427357601002e-15,9.094947017729282e-13,14,7,none,21,0.0,0.5,198,211,14,12.128538828228816
v3_dual_terminal,213,2025-08-02,4265.786431157404,9861.12018529815,28939.47500349784,0.0,28939.47500349784,50085.877265125004,0.0,20617.92433792129,18448.04007970371,9907.11208583333,0,0,0,8700.0,-1280.8125000000018,29074.366528255865,0.028898737999952573,9.094947017729282e-13,1.1368683772161603e-13,7.105427357601002e-15,7.069900220812997e-13,14,7,none,21,0.0,0.5,199,212,14,12.128538828228816
v3_dual_terminal,214,2025-08-03,9861.12018529815,9351.318613672223,52531.19495845979,239.86465539825008,52771.05961385804,83327.29576663583,35.59604033333335,17773.411094098763,16888.53760000205,14138.536870465,2,1,1,8700.0,-1280.8125000000018,54155.22809914283,0.03586853200022233,9.094947017729282e-13,1.1368683772161603e-13,1.1368683772161603e-13,9.094947017729282e-13,14,7,none,21,0.0,0.5,200,213,14,12.128538828228816
v3_dual_terminal,215,2025-08-04,9351.318613672223,10109.534161211111,51516.76960896091,0.0,51516.76960896091,81942.96019541357,0.0,12380.82919299588,18232.010138417696,14085.534219333333,0,0,0,8700.0,-1280.8125000000018,52918.754715114344,0.03564455900004759,2.2737367544323206e-13,1.1368683772161603e-13,1.1368683772161603e-13,9.094947017729282e-13,14,7,none,21,0.0,0.5,201,214,14,12.128538828228816
v3_dual_terminal,216,2025-08-05,10109.534161211111,9668.310158046297,49974.60709280776,0.0,49974.60709280776,79013.22912342798,0.0,10904.391725117286,17650.680356977362,14694.152692,0,0,0,8700.000000000082,-1280.812500000041,51598.66043899743,0.03308507000019745,8.185452315956354e-11,1.1368683772161603e-13,5.684341886080802e-14,8.952838470577262e-13,14,7,none,21,0.0,0.5,202,215,14,12.128538828228816
v3_dual_terminal,217,2025-08-06,9668.310158046297,8850.30717078889,49071.88565982055,299.36979812897346,49371.255457949526,77698.47162086419,42.91424858500193,6886.019401903301,18300.894154794223,15559.926953914994,1,1,1,8700.0,-1280.8125000000018,50469.78802363303,0.03482714800020403,2.2737367544323206e-13,1.1368683772161603e-13,1.1368683772161603e-13,9.094947017729282e-13,14,7,none,21,0.0,0.5,203,216,14,12.128538828228816
v3_dual_terminal,218,2025-08-07,8850.30717078889,3504.1343666666653,46075.057845010895,195.83601065150066,46270.8938556624,70758.01068979217,28.9848310000001,9769.980994448566,12845.183158176942,15216.153881833332,1,1,1,2399.9999999999973,1488.5139234880528,50478.12786374593,0.035354192000340845,4.547473508864641e-13,1.1368683772161603e-13,1.1368683772161603e-13,9.094947017729282e-13,14,7,none,21,0.0,0.5,204,217,14,12.128538828228816
v3_dual_terminal,219,2025-08-08,3504.1343666666653,3711.8793696796297,24057.5585504739,0.0,24057.5585504739,40735.67619623251,0.0,22269.51361585597,13179.056987709871,10488.06565733333,0,0,0,2399.999999999997,1488.8002288439543,26859.582869549708,0.0289672009998867,9.094947017729282e-13,1.1368683772161603e-13,5.684341886080802e-14,7.958078640513122e-13,14,7,none,21,0.0,0.5,205,218,14,12.128538828228816
v3_dual_terminal,220,2025-08-09,3711.8793696796297,9533.506571137035,26796.823223695545,0.0,26796.823223695545,47232.462819872424,0.0,19403.05825876543,19305.321472606993,10397.845911499999,0,0,0,8700.0,-1280.8125000000018,26812.564309426576,0.028479494999828603,9.094947017729282e-13,1.1368683772161603e-13,2.220446049250313e-15,8.65085780787922e-13,14,7,none,21,0.0,0.5,206,219,14,12.128538828228816
v3_dual_terminal,221,2025-08-10,9533.506571137035,9379.646859372222,46878.931499763894,307.0252137648321,47185.95671352873,73875.0658905823,44.83216333333314,5403.368671691356,17633.600383224275,14421.690051,2,1,1,8700.0,-1280.8125000000018,47997.663448841326,0.03216664299998229,9.094947017729282e-13,1.1368683772161603e-13,5.684341886080802e-14,9.094947017729282e-13,14,7,none,21,0.0,0.5,207,220,14,12.128538828228816
v3_dual_terminal,222,2025-08-11,9379.646859372222,9245.90653217037,46732.80262450797,406.06648713683387,47138.8691116448,73595.44594329219,60.21930300000008,5547.059217411519,19303.784158047332,15756.4314625,3,1,2,8700.0,-1280.8125000000018,47845.64106971843,0.0330658709999625,2.2737367544323206e-13,1.1368683772161603e-13,1.1368683772161603e-13,9.094947017729282e-13,14,7,none,21,0.0,0.5,208,221,14,12.128538828228816
v3_dual_terminal,223,2025-08-12,9245.90653217037,8942.637287549998,46619.520369658196,4367.745157888241,50987.265527546435,73737.13876746297,638.1544114883332,3448.6230030349875,18100.36234776131,14934.235821844999,7,1,4,8700.0,-1280.8125000000018,47271.9707917854,0.03278338199970676,1.8189894035458565e-12,1.1368683772161603e-13,1.1368683772161603e-13,9.094947017729282e-13,14,7,none,21,0.0,0.5,209,222,14,12.128538828228816
v3_dual_terminal,224,2025-08-13,8942.637287549998,9399.86121170926,47659.777078389176,399.8840155364151,48059.66109392559,75378.370881393,57.95821166666644,5337.798882602878,18768.68015112346,14791.129390666665,3,1,2,8700.0,-1280.8125000000018,48234.17517356011,0.03044838300002084,1.8189894035458565e-12,5.684341886080802e-14,1.1368683772161603e-13,9.094947017729282e-13,14,7,none,21,0.0,0.5,210,223,14,12.128538828228816
v3_dual_terminal,225,2025-08-14,9399.86121170926,2930.7315630037037,43798.42339640264,339.8153806757506,44138.23877707839,66861.2016337469,49.86128000000008,4265.660720621393,13375.409966458843,16656.298756666667,3,1,2,2399.9999999999973,1488.5139234880528,47351.99449646835,0.030570342999908462,2.2737367544323206e-13,1.1368683772161603e-13,1.1368683772161603e-13,9.094947017729282e-13,14,7,none,21,0.0,0.5,211,224,14,12.128538828228816
v3_dual_terminal,226,2025-08-15,2930.7315630037037,3155.403465103703,23878.51569096125,0.0,23878.51569096125,40326.65472011728,0.0,20334.007036302468,13845.874150481479,11012.95335,0,0,0,2399.999999999997,1488.8002288439543,26322.626779742557,0.027652335000311723,4.547473508864641e-13,1.1368683772161603e-13,5.684341886080802e-14,9.094947017729282e-13,14,7,none,21,0.0,0.5,212,225,14,12.128538828228816
v3_dual_terminal,227,2025-08-16,3155.403465103703,9351.441827883331,26964.797484092807,0.0,26964.797484092807,47447.35955103291,0.0,21122.80366628395,20099.1631135823,10703.887595500002,0,0,0,8700.0,-1280.8125000000018,26612.098770937344,0.028275121000206127,9.094947017729282e-13,1.1368683772161603e-13,5.684341886080802e-14,7.531752999057062e-13,14,7,none,21,0.0,0.5,213,226,14,12.128538828228816
v3_dual_terminal,228,2025-08-17,9351.441827883331,9273.11287152963,47022.06017418035,459.124749764248,47481.184923944595,74023.95619158848,68.15015433333303,7424.141294376539,18805.618397878607,15303.046962999999,3,1,2,8700.0,-1280.8125000000018,47924.965565131344,0.03068497699996442,2.2737367544323206e-13,1.1368683772161603e-13,5.684341886080802e-14,9.094947017729282e-13,14,7,none,21,0.0,0.5,214,227,14,12.128538828228816
v3_dual_terminal,229,2025-08-18,9273.11287152963,9307.793170548148,46574.43121998488,672.0458851401681,47246.47710512505,73354.90575175926,99.64243233333355,5285.158723758394,19705.58723447823,15930.3133908107,3,1,3,8700.0,-1280.8125000000018,47462.4973291935,0.030492722999952093,2.2737367544323206e-13,1.1368683772161603e-13,5.684341886080802e-14,9.094947017729282e-13,14,7,none,21,0.0,0.5,215,228,14,12.128538828228816
v3_dual_terminal,230,2025-08-19,9307.793170548148,9234.051853748148,47057.572469843144,846.643977340166,47904.21644718331,73962.3330099856,125.4986684999999,6385.368546713993,18164.054036271606,14779.2509545,4,1,2,8700.0,-1280.8125000000018,47814.79513749964,0.03241247400001157,2.2737367544323206e-13,1.1368683772161603e-13,1.1368683772161603e-13,9.094947017729282e-13,14,7,none,21,0.0,0.5,216,229,14,12.128538828228816
v3_dual_terminal,231,2025-08-20,9234.051853748148,8975.313392549999,47129.692357169886,7727.559229233164,54857.25158640305,74115.89432144238,1337.4903543083308,1187.00842905967,20255.525237382717,16639.840057358335,12,1,3,8700.0,-1280.8125000000018,47831.50367657598,0.03176516899975468,2.2737367544323206e-13,1.1368683772161603e-13,5.684341886080802e-14,8.952838470577262e-13,14,7,none,21,0.0,0.5,217,230,14,12.128538828228816
v3_dual_terminal,232,2025-08-21,8975.313392549999,3114.559964946294,45640.83955138885,0.0,45640.83955138885,69933.33657828395,0.0,7170.50235709054,11542.599066860077,14624.183329,0,0,0,2399.9999999999973,1488.5139234880528,49195.69239104202,0.03160806899995805,4.547473508864641e-13,1.1368683772161603e-13,5.684341886080802e-14,9.094947017729282e-13,14,7,none,21,0.0,0.5,218,231,14,12.128538828228816
v3_dual_terminal,233,2025-08-22,3114.559964946294,2669.756214083332,23992.400532605374,0.0,23992.400532605374,40421.94526143621,0.0,17029.430220769544,13485.626402333335,11323.680761666667,0,0,0,2399.999999999997,1488.8002288439543,26562.671732324827,0.02760225200017885,1.8189894035458565e-12,1.1368683772161603e-13,5.684341886080802e-14,9.094947017729282e-13,14,7,none,21,0.0,0.5,219,232,14,12.128538828228816
v3_dual_terminal,234,2025-08-23,2669.756214083332,9302.130920648147,27485.06216922169,0.0,27485.06216922169,48401.69424482716,0.0,16011.476988524688,20479.336159969134,10619.125053666667,0,0,0,8700.0,-1280.8125000000018,27333.79073034708,0.027570902000206843,2.2737367544323206e-13,1.1368683772161603e-13,5.684341886080802e-14,9.094947017729282e-13,14,7,none,21,0.0,0.5,220,233,14,12.128538828228816
v3_dual_terminal,235,2025-08-24,9302.130920648147,9378.832462300003,49253.08111045179,0.0,49253.08111045179,78168.59155810518,0.0,10659.786845786006,19506.230744732507,15731.015515746667,0,0,0,8700.0,-1280.8125000000018,50230.68639910272,0.03132475200027329,4.547473508864641e-13,1.1368683772161603e-13,1.1368683772161603e-13,9.094947017729282e-13,14,7,none,21,0.0,0.5,221,234,14,12.128538828228816
v3_dual_terminal,236,2025-08-25,9378.832462300003,9240.544070442593,49322.32240656401,332.8420997191679,49655.16450628318,77964.91544347325,49.43049566666684,3462.8766073744896,20541.272988265424,16762.890673166665,2,1,1,8700.0,-1280.8125000000018,50162.22105056446,0.03232066200007466,2.2737367544323206e-13,1.1368683772161603e-13,5.684341886080802e-14,9.094947017729282e-13,14,7,none,21,0.0,0.5,222,235,14,12.128538828228816
v3_dual_terminal,237,2025-08-26,9240.544070442593,9349.292508929628,50034.73319792893,69.12545660374946,50103.858654532676,79252.0769126749,10.246047499999918,9915.254445977373,19580.929138030857,15762.679007166666,2,1,2,8700.0,-1280.8125000000018,51109.33023335541,0.03187751499990554,2.2737367544323206e-13,1.1368683772161603e-13,1.1368683772161603e-13,8.810729923425242e-13,14,7,none,21,0.0,0.5,223,236,14,12.128538828228816
v3_dual_terminal,238,2025-08-27,9349.292508929628,9044.148306827781,49085.06143782049,229.60962801166738,49314.67106583216,77617.63301091357,34.0573935000001,6063.743407497946,20781.1995375823,17107.40140733333,3,1,2,8700.0,-1280.8125000000018,50316.63340784817,0.031577524000113044,1.8189894035458565e-12,1.1368683772161603e-13,1.1368683772161603e-13,9.094947017729282e-13,14,7,none,21,0.0,0.5,224,237,14,12.128538828228816
v3_dual_terminal,239,2025-08-28,9044.148306827781,3075.382698214814,46661.88025383366,421.7172525274996,47083.59750636116,71391.30239423251,62.55700749999994,3328.5479629485717,14365.29212211727,17007.775666666665,3,1,2,2399.9999999999973,1488.5139234880528,50442.58660234348,0.03238678900015657,4.547473508864641e-13,1.1368683772161603e-13,1.4210854715202004e-13,8.526512829121202e-13,14,7,none,21,0.0,0.5,225,238,14,12.128538828228816
v3_dual_terminal,240,2025-08-29,3075.382698214814,2949.205519242589,24671.818349626574,0.0,24671.818349626574,41219.68879986008,0.0,16046.23850494033,14377.838978919748,11759.609034,0,0,0,2399.999999999997,1488.8002288439543,27240.884843702603,0.02823518300010619,9.094947017729282e-13,1.1368683772161603e-13,8.881784197001252e-16,9.094947017729282e-13,14,7,none,21,0.0,0.5,226,239,14,12.128538828228816
v3_dual_terminal,241,2025-08-30,2949.205519242589,8977.045508085188,27735.300805599945,0.0,27735.300805599945,48666.81879973457,0.0,20916.083964956786,20068.20532361111,10830.190322166665,0,0,0,8700.0,-1280.8125000000018,27511.401905614097,0.0283673330000056,9.094947017729282e-13,1.1368683772161603e-13,0.0,9.094947017729282e-13,14,7,none,21,0.0,0.5,227,240,14,12.128538828228816
v3_dual_terminal,242,2025-08-31,8977.045508085188,9721.086238155556,50335.48424723548,0.0,50335.48424723548,79597.71675004115,0.0,8442.148522438274,20206.88677476954,15697.9416305,0,0,0,8700.0,-1280.8125000000018,51626.90519168078,0.03283857699989312,2.2737367544323206e-13,1.1368683772161603e-13,5.684341886080802e-14,9.094947017729282e-13,14,7,none,21,0.0,0.5,228,241,14,12.128538828228816
v3_dual_terminal,243,2025-09-01,9721.086238155556,10800.0,45899.143247903616,0.0,45899.143247903616,72730.95561579424,0.0,14838.389216703708,17617.944632090526,13299.512766333331,0,0,0,8700.0,-1280.8125000000018,47024.07815988178,0.03319230100032655,2.2737367544323206e-13,1.1368683772161603e-13,5.684341886080802e-14,9.094947017729282e-13,14,7,none,21,0.0,0.5,229,242,14,12.128538828228816
v3_dual_terminal,244,2025-09-02,10800.0,10502.261387209257,42550.0237668209,0.0,42550.0237668209,67430.24013299588,0.0,10089.781464971195,18687.724050191355,15405.021232166666,0,0,0,8700.0,-1280.8125000000018,43541.29272794275,0.03226019099975019,5.4569682106375694e-12,2.9274360713316128e-12,1.1368683772161603e-13,9.094947017729282e-13,14,7,none,21,0.0,0.5,230,243,14,12.128538828228816
v3_dual_terminal,245,2025-09-03,10502.261387209257,10648.354378092592,43504.0420659916,0.0,43504.0420659916,68558.84968098353,0.0,9662.3149374321,16933.335798718108,13584.518305166666,0,0,0,8700.0,-1280.8125000000018,44524.14504813937,0.03292992100023184,6.366462912410498e-12,6.991740519879386e-12,5.684341886080802e-14,9.094947017729282e-13,14,7,none,21,0.0,0.5,231,244,14,12.128538828228816
v3_dual_terminal,246,2025-09-04,10648.354378092592,4024.671305975924,37389.03522476164,91.53976108499988,37480.57498584664,56799.7459515926,13.588623333333317,6605.671796012355,11807.431546413576,15525.334317499995,1,1,1,2399.9999999999977,1522.1455079742311,41316.5541354924,0.031798465000065335,3.637978807091713e-12,2.5011104298755527e-12,1.1368683772161603e-13,9.094947017729282e-13,14,7,none,21,0.0,0.5,232,245,14,12.128538828228816
v3_dual_terminal,247,2025-09-05,4024.671305975924,3456.284589879627,18075.359982468333,0.0,18075.359982468333,31602.51958260082,0.0,22894.352402518514,12607.650304748975,10723.744791333334,0,0,0,2399.9999999999995,1496.5122532411262,20731.968677235443,0.0295334779998484,9.094947017729282e-13,5.684341886080802e-14,5.684341886080802e-14,6.821210263296962e-13,14,7,none,21,0.0,0.5,233,246,14,12.128538828228816
v3_dual_terminal,248,2025-09-06,3456.284589879627,9712.18652656852,21346.53194850899,0.0,21346.53194850899,39534.559422557606,0.0,22345.622722179007,20197.585565045272,10729.732564666667,0,0,0,8700.0,-1280.8125000000018,21142.48484646409,0.028098242999931244,9.094947017729282e-13,1.1368683772161603e-13,5.684341886080802e-14,7.958078640513122e-13,14,7,none,21,0.0,0.5,234,247,14,12.128538828228816
v3_dual_terminal,249,2025-09-07,9712.18652656852,9423.885701588886,39534.128462057815,0.0,39534.128462057815,63257.66962545473,0.0,4916.590032975306,19155.614306812757,15775.518331,0,0,0,8700.0,-1280.8124999999945,40508.52995799754,0.0340123930000118,2.2737367544323206e-13,1.1368683772161603e-13,1.1368683772161603e-13,9.094947017729282e-13,14,7,none,21,0.0,0.5,235,248,14,12.128538828228816
v3_dual_terminal,250,2025-09-08,9423.885701588886,8463.681111414813,36980.13522865104,16143.10280125506,53123.2380299061,60236.07318912346,2446.882274358335,557.0473584897155,18918.54054113374,16188.201969475,12,1,3,8700.0,-1280.8125000000018,37930.72986725093,0.03426227799991466,2.2737367544323206e-13,1.1368683772161603e-13,5.684341886080802e-14,9.094947017729282e-13,14,7,none,21,0.0,0.5,236,249,14,12.128538828228816
v3_dual_terminal,251,2025-09-09,8463.681111414813,8799.58935749815,40308.47240370915,1558.6890018682227,41867.161405577375,65887.47284318518,224.38156003999757,8829.275193063779,20407.51327378807,16227.768330293336,3,1,3,8700.0,-1280.8125000000018,41532.61410945848,0.03199096000025747,2.2737367544323206e-13,1.1368683772161603e-13,1.1368683772161603e-13,9.094947017729282e-13,14,7,none,21,0.0,0.5,237,250,14,12.128538828228816
v3_dual_terminal,252,2025-09-10,8799.58935749815,8756.0719776,39864.65380211852,7187.891616146426,47052.54541826494,64430.96637982716,1240.434982114999,362.3272334753085,21222.321686185183,17229.246207718337,12,1,4,8700.0,-1280.8125000000018,40882.86117559465,0.031348359000276105,0.0,1.1368683772161603e-13,5.684341886080802e-14,9.094947017729282e-13,14,7,none,21,0.0,0.5,238,251,14,12.128538828228816
v3_dual_terminal,253,2025-09-11,8756.0719776,2857.032227574075,39022.925974462065,40.929105000000334,39063.85507946207,60889.75424636008,6.071666666666715,10179.830998876543,13310.76266231687,16090.853531499999,1,1,1,2400.0,1522.14550797423,42858.6578283219,0.03131114300003901,4.547473508864641e-13,1.1368683772161603e-13,1.1368683772161603e-13,9.094947017729282e-13,14,7,none,21,0.0,0.5,239,252,14,12.128538828228816
v3_dual_terminal,254,2025-09-12,2857.032227574075,2705.804561350001,17541.135746420114,431.68134457774534,17972.817090997858,31507.886016860077,117.8654409583321,17482.59643668312,14355.80905651029,11764.310235375,2,1,1,2399.9999999999995,1496.5122532411262,20123.517155392616,0.02726646900009655,4.547473508864641e-13,1.1368683772161603e-13,5.684341886080802e-14,8.473222123939195e-13,14,7,none,21,0.0,0.5,240,253,14,12.128538828228816
v3_dual_terminal,255,2025-09-13,2705.804561350001,9339.67787117222,21260.517142952092,0.0,21260.517142952092,40112.40567424691,0.0,22067.956569148148,21404.53496276543,11367.187340999997,0,0,0,8700.0,-1280.8125000000018,21034.636175785017,0.02761173900034919,4.547473508864641e-13,1.1368683772161603e-13,5.684341886080802e-14,9.094947017729282e-13,14,7,none,21,0.0,0.5,241,254,14,12.128538828228816
v3_dual_terminal,256,2025-09-14,9339.67787117222,9039.057255242595,41230.652630437486,0.0,41230.652630437486,66280.33419204732,0.0,2628.20248343416,20122.9763839465,16570.169425333333,0,0,0,8700.0,-1280.8124999999945,42153.06459749685,0.031580216999827826,2.2737367544323206e-13,1.1368683772161603e-13,1.1368683772161603e-13,8.86402062860725e-13,14,7,none,21,0.0,0.5,242,255,14,12.128538828228816
v3_dual_terminal,257,2025-09-15,9039.057255242595,8783.025153,40677.22693513612,1627.8457014775772,42305.072636613695,66182.55667262344,233.38967024000056,7636.810825316861,20750.177769639926,17038.072885426667,2,1,2,8700.0,-1280.8125000000018,41788.17099212623,0.03217242199980319,2.2737367544323206e-13,1.1368683772161603e-13,1.1368683772161603e-13,9.094947017729282e-13,14,7,none,21,0.0,0.5,243,256,14,12.128538828228816
v3_dual_terminal,258,2025-09-16,8783.025153,8499.015165814815,41361.86669448463,774.3670187986645,42136.2337132833,66911.9372001749,113.863491833333,3975.4996165514394,20074.42147679012,16515.89038466667,3,1,2,8700.0,-1280.8125000000018,42396.17776527327,0.030928571999993437,4.547473508864641e-13,1.1368683772161603e-13,5.684341886080802e-14,9.094947017729282e-13,14,7,none,21,0.0,0.5,244,257,14,12.128538828228816
v3_dual_terminal,259,2025-09-17,8499.015165814815,8833.570573703706,42151.014356435924,34.70889375000076,42185.723250185925,68597.89842133538,7.629166666666833,4205.251387216045,21784.515440452677,17344.35763966667,1,1,1,8700.0,-1280.8125000000018,43393.88258395844,0.03120466500013208,2.2737367544323206e-13,1.1368683772161603e-13,1.1368683772161603e-13,9.094947017729282e-13,14,7,none,21,0.0,0.5,245,258,14,12.128538828228816
v3_dual_terminal,260,2025-09-18,8833.570573703706,2727.748727496296,39428.85551483747,151.14938217441195,39580.00489701189,61588.68410949381,31.242242074999893,5509.609691137858,13944.764238689299,16790.498694925,4,1,2,2400.0,1522.14550797423,43249.317946137715,0.032682509000096616,2.2737367544323206e-13,1.1368683772161603e-13,1.1368683772161603e-13,8.637535131583718e-13,14,7,none,21,0.0,0.5,246,259,14,12.128538828228816
v3_dual_terminal,261,2025-09-19,2727.748727496296,3501.0281245629585,18538.506489700198,0.0,18538.506489700198,33137.48073599176,0.0,13406.501902067903,15440.395052090531,11810.768534833336,0,0,0,2399.9999999999995,1496.5122532411262,20939.598468434462,0.02770749599994815,4.547473508864641e-13,1.1368683772161603e-13,5.684341886080802e-14,7.958078640513122e-13,14,7,none,21,0.0,0.5,247,260,14,12.128538828228816
v3_dual_terminal,262,2025-09-20,3501.0281245629585,9510.347506098151,21472.563179868073,0.0,21472.563179868073,40055.3710501358,0.0,14922.218412888891,21470.165581746915,11982.446677833334,0,0,0,8700.0,-1280.8125000000018,21090.187679123563,0.028404788999978337,9.094947017729282e-13,1.1368683772161603e-13,5.684341886080802e-14,9.094947017729282e-13,14,7,none,21,0.0,0.5,248,261,14,12.128538828228816
v3_dual_terminal,263,2025-09-21,9510.347506098151,9225.321110244447,43918.883151416245,0.0,43918.883151416245,70257.5899342325,0.0,8829.665768534967,17878.739150697533,14738.302468333335,0,0,0,8700.0,-1280.8124999999945,44738.73790522532,0.0332224829999177,2.2737367544323206e-13,1.1368683772161603e-13,1.1368683772161603e-13,9.094947017729282e-13,14,7,none,21,0.0,0.5,249,262,14,12.128538828228816
v3_dual_terminal,264,2025-09-22,9225.321110244447,8618.3963184,42301.06709472196,2302.969500018452,44604.03659474041,68377.20262623868,359.6151156033339,4950.82658790329,19569.492543502056,16397.521272896665,7,1,3,8700.0,-1280.8125000000018,43154.08198171342,0.03457796800012147,9.094947017729282e-13,1.1368683772161603e-13,1.1368683772161603e-13,9.094947017729282e-13,14,7,none,21,0.0,0.5,250,263,14,12.128538828228816
v3_dual_terminal,265,2025-09-23,8618.3963184,8772.141719537036,43538.484397185355,2807.284691377735,46345.76908856309,70363.3432346971,430.14390388999925,4574.84876577117,20861.325939259255,16759.303149776664,4,1,2,8700.0,-1280.8125000000018,44290.964179421164,0.03364721499974621,2.2737367544323206e-13,1.1368683772161603e-13,5.684341886080802e-14,9.094947017729282e-13,14,7,none,21,0.0,0.5,251,264,14,12.128538828228816
v3_dual_terminal,266,2025-09-24,8772.141719537036,9186.595847574077,43624.02616521775,0.0,43624.02616521775,70169.36953278394,0.0,4656.471926016464,21456.12521860082,17006.452711833335,0,0,0,8700.0,-1280.8125000000018,44366.15614096567,0.033907065999756014,2.2737367544323206e-13,1.1368683772161603e-13,5.684341886080802e-14,9.094947017729282e-13,14,7,none,21,0.0,0.5,252,265,14,12.128538828228816
v3_dual_terminal,267,2025-09-25,9186.595847574077,2753.81161490741,40835.47082400121,103.4974316666667,40938.96825566788,63240.778818751016,15.37166666666667,6277.556217528802,12803.427248888884,16160.281881000003,1,1,1,2400.0,1522.14550797423,44236.66703713833,0.03322896800000308,2.2737367544323206e-13,1.1368683772161603e-13,5.684341886080802e-14,9.094947017729282e-13,14,7,none,21,0.0,0.5,253,266,14,12.128538828228816
v3_dual_terminal,268,2025-09-26,2753.81161490741,3433.3340155296337,19054.641988363866,0.0,19054.641988363866,33914.15388662551,0.0,12724.124347681072,15180.083570444438,11684.297531499999,0,0,0,2399.9999999999995,1496.5122532411262,21497.730133435452,0.028504617000180588,9.094947017729282e-13,1.1368683772161603e-13,5.684341886080802e-14,9.094947017729282e-13,14,7,none,21,0.0,0.5,254,267,14,12.128538828228816
v3_dual_terminal,269,2025-09-27,3433.3340155296337,9108.83093712037,21839.258345833707,0.0,21839.258345833707,40604.380211442374,0.0,13566.348166002059,21730.434557940316,12493.704762499998,0,0,0,8700.0,-1280.8125000000018,21560.37268232883,0.028555582000080904,4.547473508864641e-13,1.1368683772161603e-13,5.684341886080802e-14,9.094947017729282e-13,14,7,none,21,0.0,0.5,255,268,14,12.128538828228816
v3_dual_terminal,270,2025-09-28,9108.83093712037,9249.223571994446,45279.78695398359,39.56136916666671,45319.348323150254,72602.8537836358,5.868333333333339,4973.1971548786005,21166.012758090532,17018.11696266666,1,1,1,8700.0,-1280.8124999999945,45664.059070921365,0.03148657600013394,4.547473508864641e-13,1.1368683772161603e-13,5.684341886080802e-14,9.094947017729282e-13,14,7,none,21,0.0,0.5,256,269,14,12.128538828228816
v3_dual_terminal,271,2025-09-29,9249.223571994446,8680.116164275925,43648.72642437687,2469.360504364814,46118.086928741686,70555.094210572,364.70938650166966,4806.662227495887,20344.454929076124,16991.20515949833,3,1,2,8700.0,-1280.8125000000018,44326.63443796324,0.03397062299973186,9.094947017729282e-13,1.1368683772161603e-13,5.684341886080802e-14,9.094947017729282e-13,14,7,none,21,0.0,0.5,257,270,14,12.128538828228816
v3_dual_terminal,272,2025-09-30,8680.116164275925,8784.33849765,44743.439227499824,702.8891637112979,45446.32839121112,71821.03059865226,115.5028697550068,2211.322634253078,22153.87351289918,17850.83744541166,5,1,3,8700.0,-1280.8125000000018,45550.13398166363,0.033825820999936695,9.094947017729282e-13,1.1368683772161603e-13,5.684341886080802e-14,9.094947017729282e-13,14,7,none,21,0.0,0.5,258,271,14,12.128538828228816
v3_dual_terminal,273,2025-10-01,8784.33849765,10207.02238882037,44791.19236196502,0.0,44791.19236196502,72158.85138203704,0.0,17671.53693533128,18659.881112205752,13834.088198833331,0,0,0,8700.0,-1280.8125,45469.53333750826,0.033306224000170914,4.547473508864641e-13,1.1368683772161603e-13,1.1368683772161603e-13,8.841816168114747e-13,14,7,none,21,0.0,0.5,259,272,14,12.128538828228816
v3_dual_terminal,274,2025-10-02,10207.02238882037,5418.680359214806,39646.25864686526,0.0,39646.25864686526,61655.45658751643,0.0,11674.99244729423,13469.415001055542,15219.7339775,0,0,0,3599.999999999988,1005.5414667000423,42592.75751484687,0.03153982499998165,1.8189894035458565e-12,2.2737367544323206e-12,1.1368683772161603e-13,9.094947017729282e-13,14,7,none,21,0.0,0.5,260,273,14,12.128538828228816
v3_dual_terminal,275,2025-10-03,5418.680359214806,5145.9281124314875,16238.263171509941,0.0,16238.263171509941,29882.830602703718,0.0,19695.704638691357,13765.522558512357,11395.550294499997,0,0,0,3600.0000000000023,1010.5932538922561,18302.774081926564,0.028248989000076108,1.8189894035458565e-12,5.684341886080802e-14,5.684341886080802e-14,7.958078640513122e-13,14,7,none,21,0.0,0.5,261,274,14,12.128538828228816
v3_dual_terminal,276,2025-10-04,5145.9281124314875,9194.689728962963,18166.117549355098,0.0,18166.117549355098,35479.41915723044,0.0,14992.311112936215,19722.316610960894,12331.190999999999,0,0,0,8700.0,-1280.8125000000018,17870.905330424786,0.027752412000154436,9.094947017729282e-13,1.1368683772161603e-13,5.684341886080802e-14,9.094947017729282e-13,14,7,none,21,0.0,0.5,262,275,14,12.128538828228816
v3_dual_terminal,277,2025-10-05,9194.689728962963,9279.396808496296,39744.36553244915,0.0,39744.36553244915,65150.842426841555,0.0,6594.40224740536,19706.540743102865,15886.061630333334,0,0,0,8700.0,-1280.8125000000018,40426.34500297117,0.03307940500008044,9.094947017729282e-13,1.1368683772161603e-13,1.1368683772161603e-13,9.094947017729282e-13,14,7,none,21,0.0,0.5,263,276,14,12.128538828228816
v3_dual_terminal,278,2025-10-06,9279.396808496296,8930.076633327779,39810.68646072182,0.0,39810.68646072182,65105.65771578395,0.0,3890.459453347733,19981.45878993622,16499.369777500004,0,0,0,8700.0,-1280.8125000000073,40557.265871218464,0.03441376199998558,9.094947017729282e-13,1.1368683772161603e-13,5.684341886080802e-14,9.094947017729282e-13,14,7,none,21,0.0,0.5,264,277,14,12.128538828228816
v3_dual_terminal,279,2025-10-07,8930.076633327779,9224.466563798147,40135.65543147373,0.0,40135.65543147373,65620.8779629465,0.0,3549.3266211316886,21237.038970481477,16937.050628666664,0,0,0,8700.0,-1280.8125000000018,40805.41035358296,0.0347671330000594,9.094947017729282e-13,1.1368683772161603e-13,5.684341886080802e-14,9.094947017729282e-13,14,7,none,21,0.0,0.5,265,278,14,12.128538828228816
v3_dual_terminal,280,2025-10-08,9224.466563798147,8672.039442177776,38414.52037739988,2804.3208981614102,41218.84127556129,63649.47659317489,413.57679991333293,4261.967966228395,20104.07457711317,16781.48481692,3,1,1,8700.0,-1280.8125,38992.49534856787,0.03457921300014277,9.094947017729282e-13,1.1368683772161603e-13,1.1368683772161603e-13,9.094947017729282e-13,14,7,none,21,0.0,0.5,266,279,14,12.128538828228816
v3_dual_terminal,281,2025-10-09,8672.039442177776,3742.6698188648147,36827.73835452035,1664.2011619921377,38491.93951651249,59101.83760419753,245.62253588166163,5121.369541833413,15276.534609969058,16810.42569505661,3,1,1,3599.9999999999995,1005.5414667000371,39532.991789316926,0.033740318000127445,9.094947017729282e-13,1.1368683772161603e-13,1.1368683772161603e-13,8.100187187665142e-13,14,7,none,21,0.0,0.5,267,280,14,12.128538828228816
v3_dual_terminal,282,2025-10-10,3742.6698188648147,3369.3511005092623,15741.729503498707,427.0995624099105,16168.829065908618,30615.520813364194,79.7201567433369,18684.74828026749,15804.57168259671,13137.689909423329,3,1,2,3600.0000000000023,1010.5932538922561,17386.434256459663,0.02858547899995756,1.8189894035458565e-12,1.1368683772161603e-13,5.684341886080802e-14,9.094947017729282e-13,14,7,none,21,0.0,0.5,268,281,14,12.128538828228816
v3_dual_terminal,283,2025-10-11,3369.3511005092623,8916.045826444446,19304.54442437654,0.0,19304.54442437654,38306.92605840535,0.0,15038.360192930038,21948.563309475307,12786.311027333333,0,0,0,8700.0,-1280.8125000000018,18628.386236692,0.028094084999793267,9.094947017729282e-13,1.1368683772161603e-13,5.684341886080802e-14,9.094947017729282e-13,14,7,none,21,0.0,0.5,269,282,14,12.128538828228816
v3_dual_terminal,284,2025-10-12,8916.045826444446,9095.924569881481,40234.8776002506,98.03580773333336,40332.913407983935,65569.02593853086,20.929933333333338,3005.810775923864,20564.72759744033,16495.538484833334,1,1,1,8700.0,-1280.8125000000018,40398.09519181243,0.03247465100002955,9.094947017729282e-13,1.1368683772161603e-13,5.684341886080802e-14,9.094947017729282e-13,14,7,none,21,0.0,0.5,270,283,14,12.128538828228816
v3_dual_terminal,285,2025-10-13,9095.924569881481,9076.121017351856,41204.1623639586,0.0,41204.1623639586,67069.22672035597,0.0,6217.430360755154,20222.23293093415,16397.831871333332,0,0,0,8700.0,-1280.8125000000073,41182.41590915698,0.03211368400025094,9.094947017729282e-13,1.1368683772161603e-13,1.1368683772161603e-13,9.094947017729282e-13,14,7,none,21,0.0,0.5,271,284,14,12.128538828228816
v3_dual_terminal,286,2025-10-14,9076.121017351856,9119.845599262964,41087.40861182999,0.0,41087.40861182999,66729.70945993827,0.0,1816.7483886214093,21577.787706650193,17438.655918666664,0,0,0,8700.0,-1280.8125000000018,41179.90910828669,0.032506452000234276,9.094947017729282e-13,1.1368683772161603e-13,1.1368683772161603e-13,9.094947017729282e-13,14,7,none,21,0.0,0.5,272,285,14,12.128538828228816
v3_dual_terminal,287,2025-10-15,9119.845599262964,8762.2553616,40771.77597935667,134.5109884579469,40906.286967814616,66814.46622994033,29.921139219997848,1231.5633524753093,21129.639897798348,17436.839531113335,3,1,2,8700.0,-1280.8125,40871.033882354015,0.03166768299979594,9.094947017729282e-13,1.1368683772161603e-13,5.684341886080802e-14,9.094947017729282e-13,14,7,none,21,0.0,0.5,273,286,14,12.128538828228816
v3_dual_terminal,288,2025-10-16,8762.2553616,3881.7900725074073,39370.23681655134,9203.091419890414,48573.328236441754,62728.53598666461,1353.7121910199926,2453.824226927983,16075.630320736625,17413.67931998001,4,1,1,3599.9999999999995,1005.5414667000371,41729.18388139924,0.03210796199982724,1.8189894035458565e-12,1.1368683772161603e-13,5.684341886080802e-14,9.094947017729282e-13,14,7,none,21,0.0,0.5,274,287,14,12.128538828228816
v3_dual_terminal,289,2025-10-17,3881.7900725074073,3559.9451989314853,16851.818166984205,0.0,16851.818166984205,32228.870133942386,0.0,13542.61555113169,15640.608696644033,12958.553430499996,0,0,0,3600.0000000000023,1010.5932538922561,18572.207449266367,0.02884875199970338,9.094947017729282e-13,1.1368683772161603e-13,5.684341886080802e-14,9.094947017729282e-13,14,7,none,21,0.0,0.5,275,288,14,12.128538828228816
v3_dual_terminal,290,2025-10-18,3559.9451989314853,9435.871610561111,19946.433847520006,0.0,19946.433847520006,39064.24434845061,0.0,13567.632886755142,21745.70749769547,12325.689302666666,0,0,0,8700.0,-1280.8125000000018,19311.096638369287,0.028176781000183837,1.8189894035458565e-12,1.1368683772161603e-13,5.684341886080802e-14,8.526512829121202e-13,14,7,none,21,0.0,0.5,276,289,14,12.128538828228816
v3_dual_terminal,291,2025-10-19,9435.871610561111,8836.72177697963,43169.816052539434,1300.1240671309579,44469.94011967039,70359.41905040122,186.37099586166255,3108.5509895185205,21530.27038754938,17978.753864138333,1,1,1,8700.0,-1280.8125000000018,43373.236010873814,0.03261877499971888,9.094947017729282e-13,1.1368683772161603e-13,5.684341886080802e-14,9.094947017729282e-13,14,7,none,21,0.0,0.5,277,290,14,12.128538828228816
v3_dual_terminal,292,2025-10-20,8836.72177697963,9103.536700894443,45076.95632897443,2077.590123995251,47154.546452969684,72995.38899248764,432.6192137283336,4601.933127872428,21816.62779028189,17431.335078605,5,1,1,8700.0,-1280.8125000000073,45134.598680545576,0.03237501700004941,9.094947017729282e-13,1.1368683772161603e-13,1.1368683772161603e-13,9.094947017729282e-13,14,7,none,21,0.0,0.5,278,291,14,12.128538828228816
v3_dual_terminal,293,2025-10-21,9103.536700894443,9352.643290457405,45346.59343872769,0.0,45346.59343872769,73276.57226500411,0.0,2390.459519316868,22101.765605687247,17678.234210000002,0,0,0,8700.0,-1280.8125000000018,45912.519323506196,0.033542508999744314,9.094947017729282e-13,1.1368683772161603e-13,1.1368683772161603e-13,9.094947017729282e-13,14,7,none,21,0.0,0.5,279,292,14,12.128538828228816
v3_dual_terminal,294,2025-10-22,9352.643290457405,8732.287664987038,45346.41628303499,1133.5837705313886,46480.00005356638,73785.48417900618,206.41183126666584,4844.013132504109,21848.980214168732,18255.9940364,6,1,2,8700.0,-1280.8125,45876.49218608756,0.033498810999844864,4.547473508864641e-13,1.1368683772161603e-13,1.1368683772161603e-13,9.094947017729282e-13,14,7,none,21,0.0,0.5,280,293,14,12.128538828228816
v3_dual_terminal,295,2025-10-23,8732.287664987038,4128.593483351853,43989.78279703221,0.0,43989.78279703221,69413.89511554937,0.0,7135.731799010283,16010.479193039095,17111.81290983333,0,0,0,3599.9999999999995,1005.5414667000371,46528.7782280947,0.032635396999921795,9.094947017729282e-13,1.1368683772161603e-13,1.1368683772161603e-13,9.094947017729282e-13,14,7,none,21,0.0,0.5,281,294,14,12.128538828228816
v3_dual_terminal,296,2025-10-24,4128.593483351853,3675.726634646299,17173.707666607348,73.26284893539912,17246.970515542747,32618.391855855967,15.63607916666292,11472.814390623453,16572.33153456585,13831.168706833334,1,1,1,3600.0000000000023,1010.5932538922561,18926.29908880729,0.02997138000000632,9.094947017729282e-13,1.1368683772161603e-13,5.684341886080802e-14,7.958078640513122e-13,14,7,none,21,0.0,0.5,282,295,14,12.128538828228816
v3_dual_terminal,297,2025-10-25,3675.726634646299,9105.971983603706,20537.12845886272,0.0,20537.12845886272,40045.410302611104,0.0,11575.823274454731,22020.702530323044,12949.548235499999,0,0,0,8700.0,-1280.8125000000018,20095.615881374426,0.028769469000053505,9.094947017729282e-13,1.1368683772161603e-13,5.684341886080802e-14,9.094947017729282e-13,14,7,none,21,0.0,0.5,283,296,14,12.128538828228816
v3_dual_terminal,298,2025-10-26,9105.971983603706,9476.647335374075,46199.215429157746,0.0,46199.215429157746,74704.53802785595,0.0,5849.288257197531,20933.31545999176,16622.377706,0,0,0,8700.0,-1280.8125000000018,46730.57719142248,0.032826618999934,9.094947017729282e-13,1.1368683772161603e-13,5.684341886080802e-14,9.094947017729282e-13,14,7,none,21,0.0,0.5,284,297,14,12.128538828228816
v3_dual_terminal,299,2025-10-27,9476.647335374075,9213.297212292591,46343.37904220891,92.48526773333361,46435.86430994224,74496.83393517078,19.744933333333393,7249.3727982283945,20798.102707275724,17083.478303666663,1,1,1,8700.0,-1280.8125000000073,46991.83582444929,0.03303873899994869,1.8189894035458565e-12,1.1368683772161603e-13,1.1368683772161603e-13,9.094947017729282e-13,14,7,none,21,0.0,0.5,285,298,14,12.128538828228816
v3_dual_terminal,300,2025-10-28,9213.297212292591,9239.197236127779,46518.30282316767,0.0,46518.30282316767,74744.94600503497,0.0,4673.188613096712,21452.766686771603,17353.430994833336,0,0,0,8700.0,-1280.8125000000018,47065.412170671145,0.03411093400018217,9.094947017729282e-13,1.1368683772161603e-13,1.1368683772161603e-13,9.094947017729282e-13,14,7,none,21,0.0,0.5,286,299,14,12.128538828228816
v3_dual_terminal,301,2025-10-29,9239.197236127779,8731.306296449999,45595.31656020118,3293.9976381837887,48889.31419838497,73613.697156786,518.6047266299985,991.4764005843628,22556.16067653498,18727.591993703332,7,1,3,8700.0,-1280.8125,46096.515319316415,0.03369131599993125,4.547473508864641e-13,1.1368683772161603e-13,1.1368683772161603e-13,9.094947017729282e-13,14,7,none,21,0.0,0.5,287,300,14,12.128538828228816
v3_dual_terminal,302,2025-10-30,8731.306296449999,3818.619899218516,44267.43247023274,17.058347333333423,44284.490817566075,69648.30417866667,3.641833333333352,6327.560042240744,15568.347775092589,17031.779455333333,1,1,1,3599.9999999999995,1005.5414667000371,47183.76787060481,0.03341382999997222,9.094947017729282e-13,1.1368683772161603e-13,1.1368683772161603e-13,9.094947017729282e-13,14,7,none,21,0.0,0.5,288,301,14,12.128538828228816
v3_dual_terminal,303,2025-10-31,3818.619899218516,3915.627809890747,17934.160838866286,0.0,17934.160838866286,33853.86346806791,0.0,6592.000457339511,17211.914865561725,13854.343921499996,0,0,0,3600.0000000000023,1010.5932538922561,19621.295545696383,0.029109664999850793,1.8189894035458565e-12,1.1368683772161603e-13,5.684341886080802e-14,8.384404281969182e-13,14,7,none,21,0.0,0.5,289,302,14,12.128538828228816
v3_dual_terminal,304,2025-11-01,3915.627809890747,9713.650296909262,21720.420546509806,0.0,21720.420546509806,41779.33645204319,0.0,9739.946833833332,22511.21550820987,13015.864323333333,0,0,0,8700.0,-1280.8125000000073,21202.411086612938,0.030388681000204087,4.547473508864641e-13,1.1368683772161603e-13,5.684341886080802e-14,9.094947017729282e-13,14,7,none,21,0.0,0.5,290,303,14,12.128538828228816
v3_dual_terminal,305,2025-11-02,9713.650296909262,9105.42099165185,48535.663062394684,0.0,48535.663062394684,77926.31587299804,0.0,5585.175649376539,21537.698236946504,17992.941946658335,0,0,0,8700.0,-1280.8124999999964,49015.126339609895,0.03316839500030255,9.094947017729282e-13,1.1368683772161603e-13,5.684341886080802e-14,9.094947017729282e-13,14,7,none,21,0.0,0.5,291,304,14,12.128538828228816
v3_dual_terminal,306,2025-11-03,9105.42099165185,9604.660335307408,49816.99898852298,0.0,49816.99898852298,79577.10919399295,0.0,5721.474826166665,20533.62460633128,16182.920521838332,0,0,0,8700.0,-1280.8124999999964,50286.30211093971,0.033832065999831684,9.094947017729282e-13,1.1368683772161603e-13,5.684341886080802e-14,9.094947017729282e-13,14,7,none,21,0.0,0.5,292,305,14,12.128538828228816
v3_dual_terminal,307,2025-11-04,9604.660335307408,9030.966491853704,49281.5580650521,112.12096744191577,49393.679032494016,78911.75953453843,24.077796999999805,8049.574485798353,20118.50142902675,16812.310616620005,2,1,1,8700.0,-1280.8125000000018,49776.444954120954,0.03416937199972381,9.094947017729282e-13,1.1368683772161603e-13,1.1368683772161603e-13,9.094947017729282e-13,14,7,none,21,0.0,0.5,293,306,14,12.128538828228816
v3_dual_terminal,308,2025-11-05,9030.966491853704,9515.411223494446,48869.4014266701,0.0,48869.4014266701,78260.04434789089,0.0,3911.401404843619,22287.487462652265,17616.86458627167,0,0,0,8700.0,-1280.8124999999945,49439.057075376455,0.03362263700000767,9.094947017729282e-13,1.1368683772161603e-13,1.7053025658242404e-13,9.094947017729282e-13,14,7,none,21,0.0,0.5,294,307,14,12.128538828228816
v3_dual_terminal,309,2025-11-06,9515.411223494446,5183.911733894444,46482.961859515715,2912.80211356165,49395.763973077366,73192.3119881006,603.306158536666,2936.4244602901235,17831.36145782716,18341.752321480002,7,1,1,4800.000000000002,522.4428596872922,48775.25077084832,0.03425751299982949,4.547473508864641e-13,1.1368683772161603e-13,1.1368683772161603e-13,9.094947017729282e-13,14,7,none,21,0.0,0.5,295,308,14,12.128538828228816
v3_dual_terminal,310,2025-11-07,5183.911733894444,5578.898272762964,19354.392267667725,0.0,19354.392267667725,36188.10177060288,0.0,9072.022239016465,18116.472964586414,14318.855216333332,0,0,0,4799.999999999999,520.5532439967069,20535.238830383827,0.03137405699999363,9.094947017729282e-13,1.1368683772161603e-13,5.684341886080802e-14,9.094947017729282e-13,14,7,none,21,0.0,0.5,296,309,14,12.128538828228816
v3_dual_terminal,311,2025-11-08,5578.898272762964,9346.337466009263,21029.28154911239,0.0,21029.28154911239,40541.614204586425,0.0,9392.463873041153,20880.252408545268,13522.309176999997,0,0,0,8700.0,-1280.8125000000073,20404.940386588587,0.030725367999821174,9.094947017729282e-13,1.1368683772161603e-13,5.684341886080802e-14,9.094947017729282e-13,14,7,none,21,0.0,0.5,297,310,14,12.128538828228816
v3_dual_terminal,312,2025-11-09,9346.337466009263,8933.527948961104,49484.67681414749,0.0,49484.67681414749,79199.71662963579,0.0,4130.47532130864,21547.119422827156,17824.695297833336,0,0,0,8700.0,-1280.8124999999964,49828.81206326315,0.03402615300001344,9.094947017729282e-13,1.1368683772161603e-13,5.684341886080802e-14,9.094947017729282e-13,14,7,none,21,0.0,0.5,298,311,14,12.128538828228816
v3_dual_terminal,313,2025-11-10,8933.527948961104,9114.298302866664,50366.0545515643,0.0,50366.0545515643,80421.10027581098,0.0,2111.5986227448543,22570.343339742805,18119.28478667667,0,0,0,8700.0,-1280.8124999999964,50932.78258553261,0.03362556699994457,9.094947017729282e-13,1.1368683772161603e-13,1.1368683772161603e-13,9.094947017729282e-13,14,7,none,21,0.0,0.5,299,312,14,12.128538828228816
v3_dual_terminal,314,2025-11-11,9114.298302866664,9219.03025147037,51111.81603686687,0.0,51111.81603686687,81274.2758016287,0.0,5619.6918636090495,21059.50272426132,16963.938452908333,0,0,0,8700.0,-1280.8125000000018,51626.41924740238,0.03364215600004172,9.094947017729282e-13,1.1368683772161603e-13,1.1368683772161603e-13,8.841816168114747e-13,14,7,none,21,0.0,0.5,300,313,14,12.128538828228816
v3_dual_terminal,315,2025-11-12,9219.03025147037,9087.398343025929,50580.350687618775,0.0,50580.350687618775,80595.53450094347,0.0,5619.065432547326,21783.947557874482,17763.466239478337,0,0,0,8700.0,-1280.8124999999945,51097.31771958516,0.03418047700006355,4.547473508864641e-13,1.1368683772161603e-13,1.1368683772161603e-13,8.846257060213247e-13,14,7,none,21,0.0,0.5,301,314,14,12.128538828228816
v3_dual_terminal,316,2025-11-13,9087.398343025929,5272.248219509263,48607.10488172676,9.417338133333374,48616.52221986009,75924.6615148662,2.010533333333342,3739.7009277859925,16972.289025851867,17181.189222105,1,1,1,4800.000000000002,522.4428596872922,50707.46784628618,0.03322145499987528,9.094947017729282e-13,1.1368683772161603e-13,4.263256414560601e-14,9.094947017729282e-13,14,7,none,21,0.0,0.5,302,315,14,12.128538828228816
v3_dual_terminal,317,2025-11-14,5272.248219509263,5440.995377374077,19331.177936331915,0.0,19331.177936331915,36024.27824808847,0.0,4945.834039514401,17516.402455240735,14036.413546666667,0,0,0,4799.999999999999,520.5532439967069,20574.469433091268,0.03030225700013034,9.094947017729282e-13,1.1368683772161603e-13,5.684341886080802e-14,8.526512829121202e-13,14,7,none,21,0.0,0.5,303,316,14,12.128538828228816
v3_dual_terminal,318,2025-11-15,5440.995377374077,9093.285198174077,21066.349399078535,0.0,21066.349399078535,40353.658383111106,0.0,4680.6354970123475,21968.81647743209,14507.680507999998,0,0,0,8700.0,-1280.8125000000073,20525.478029737875,0.029211136999947485,9.094947017729282e-13,1.1368683772161603e-13,5.684341886080802e-14,9.094947017729282e-13,14,7,none,21,0.0,0.5,304,317,14,12.128538828228816
v3_dual_terminal,319,2025-11-16,9093.285198174077,9151.625856642597,51503.270696678104,0.0,51503.270696678104,82002.29837256996,0.0,3124.681410213988,23108.2420336893,18665.169454666662,0,0,0,8700.0,-1280.8124999999964,51781.21598506252,0.03304483500005517,9.094947017729282e-13,1.1368683772161603e-13,8.526512829121202e-14,9.094947017729282e-13,14,7,none,21,0.0,0.5,305,318,14,12.128538828228816
v3_dual_terminal,320,2025-11-17,9151.625856642597,9276.761478162962,52390.89329243473,0.0,52390.89329243473,83032.7955529897,0.0,6124.926387467085,21576.27775168929,17364.1629195,0,0,0,8700.0,-1280.8124999999964,52709.46870697837,0.03288184800021554,9.094947017729282e-13,1.1368683772161603e-13,1.1368683772161603e-13,9.094947017729282e-13,14,7,none,21,0.0,0.5,306,319,14,12.128538828228816
v3_dual_terminal,321,2025-11-18,9276.761478162962,9002.458030874075,51985.57534073968,0.0,51985.57534073968,82386.82031044649,0.0,3655.6862336913623,21512.922873588468,17672.340630166666,0,0,0,8700.0,-1280.8125000000018,52292.07890088596,0.033693721999952686,9.094947017729282e-13,1.1368683772161603e-13,1.1368683772161603e-13,9.094947017729282e-13,14,7,none,21,0.0,0.5,307,320,14,12.128538828228816
v3_dual_terminal,322,2025-11-19,9002.458030874075,8907.33784468519,52250.53487529265,6.301057500000476,52256.83593279265,83076.92317179628,1.3850000000001046,3401.935617808636,23124.574323987657,18816.51337,1,1,1,8700.0,-1280.8124999999945,52465.51724212673,0.034060507000049256,9.094947017729282e-13,1.1368683772161603e-13,5.684341886080802e-14,9.094947017729282e-13,14,7,none,21,0.0,0.5,308,321,14,12.128538828228816
v3_dual_terminal,323,2025-11-20,8907.33784468519,5215.329829074078,50408.88089876812,0.0,50408.88089876812,78755.17360403086,0.0,3823.2300759197497,18219.34057277777,18080.473078000003,0,0,0,4800.000000000002,522.4428596872922,52395.22759676633,0.03421958100034317,9.094947017729282e-13,1.1368683772161603e-13,5.684341886080802e-14,8.970602038971265e-13,14,7,none,21,0.0,0.5,309,322,14,12.128538828228816
v3_dual_terminal,324,2025-11-21,5215.329829074078,5404.348690674076,19815.248131169807,0.0,19815.248131169807,37015.39904145885,0.0,4518.439457489714,18223.46600980246,14590.890492499997,0,0,0,4799.999999999999,520.5532439967069,21272.639413601708,0.0326856280003085,9.094947017729282e-13,1.1368683772161603e-13,5.684341886080802e-14,9.094947017729282e-13,14,7,none,21,0.0,0.5,310,323,14,12.128538828228816
v3_dual_terminal,325,2025-11-22,5404.348690674076,9131.264563696297,21832.162692681202,0.0,21832.162692681202,41905.421905958836,0.0,4081.6379190185207,22367.001146773655,14763.046643166668,0,0,0,8700.0,-1280.8125000000073,21562.837080053203,0.03282619600031467,9.094947017729282e-13,1.1368683772161603e-13,5.684341886080802e-14,8.881784197001252e-13,14,7,none,21,0.0,0.5,311,324,14,12.128538828228816
v3_dual_terminal,326,2025-11-23,9131.264563696297,9168.569693438887,52846.99885931156,129.00547073159453,52976.00433004316,83951.95567154937,32.29173234833405,4310.521270502051,23200.29070154732,18758.660851485,1,1,1,8700.0,-1280.8124999999964,52974.22172420437,0.03324002299996209,9.094947017729282e-13,1.1368683772161603e-13,5.684341886080802e-14,8.988365607365267e-13,14,7,none,21,0.0,0.5,312,325,14,12.128538828228816
v3_dual_terminal,327,2025-11-24,9168.569693438887,8794.055719650001,52936.182251143844,170.90342845094293,53107.085679594784,84004.572227572,32.652564418333256,6131.0951581934205,21480.255316878596,17736.069383081667,3,1,3,8700.0,-1280.8124999999964,53088.3352093664,0.03392908400019223,9.094947017729282e-13,1.1368683772161603e-13,1.1368683772161603e-13,9.094947017729282e-13,14,7,none,21,0.0,0.5,313,326,14,12.128538828228816
v3_dual_terminal,328,2025-11-25,8794.055719650001,9145.301108190743,53461.00200001309,0.0,53461.00200001309,84779.91291959671,0.0,3890.0904049403334,23184.427359489702,18463.2653115,0,0,0,8700.0,-1280.8125000000018,53543.952416827604,0.033399862999885954,0.0,1.1368683772161603e-13,5.684341886080802e-14,9.094947017729282e-13,14,7,none,21,0.0,0.5,314,327,14,12.128538828228816
v3_dual_terminal,329,2025-11-26,9145.301108190743,9295.833123194447,53138.82233291664,79.13080120666578,53217.95313412331,84275.10384366666,16.893851666666478,2928.425493604935,23528.56055206173,18922.655233666665,1,1,1,8700.0,-1280.8124999999945,53259.87972658581,0.03291221700010283,4.547473508864641e-13,1.1368683772161603e-13,5.684341886080802e-14,9.094947017729282e-13,14,7,none,21,0.0,0.5,315,328,14,12.128538828228816
v3_dual_terminal,330,2025-11-27,9295.833123194447,5445.124034277777,51044.442224561964,0.0,51044.442224561964,79455.83282761727,0.0,3656.537851251038,18337.054858199575,18318.652615166666,0,0,0,4800.000000000002,522.4428596872922,53043.97926376469,0.033550865000052,9.094947017729282e-13,1.1368683772161603e-13,1.1368683772161603e-13,9.094947017729282e-13,14,7,none,21,0.0,0.5,316,329,14,12.128538828228816
v3_dual_terminal,331,2025-11-28,5445.124034277777,5191.926529842597,20208.428830886518,0.0,20208.428830886518,37963.019400539095,0.0,3743.626803886828,18558.062108652266,15259.908061999997,0,0,0,4799.999999999999,520.5532439967069,21713.619297107107,0.03257168799973442,1.8189894035458565e-12,1.1368683772161603e-13,5.684341886080802e-14,9.094947017729282e-13,14,7,none,21,0.0,0.5,317,330,14,12.128538828228816
v3_dual_terminal,332,2025-11-29,5191.926529842597,8987.205917212967,22498.035064783693,0.0,22498.035064783693,43386.52216344444,0.0,672.6652031440393,22992.923219300403,15208.516358999997,0,0,0,8700.0,-1280.8125000000073,22259.624903548585,0.03301980400010507,9.094947017729282e-13,1.1368683772161603e-13,5.684341886080802e-14,9.094947017729282e-13,14,7,none,21,0.0,0.5,318,331,14,12.128538828228816
v3_dual_terminal,333,2025-11-30,8987.205917212967,9088.222075875925,54460.624657514665,0.07524611799932882,54460.69990363267,86410.02636424896,0.016064499999856707,1345.2779702839443,24889.588415798353,20069.652073999998,1,1,1,8700.0,-1280.8124999999964,54923.35248720646,0.03246424200006004,9.094947017729282e-13,1.1368683772161603e-13,4.263256414560601e-14,9.094947017729282e-13,14,7,none,21,0.0,0.5,319,332,14,12.128538828228816
v3_dual_terminal,334,2025-12-01,9088.222075875925,9139.787594237036,57137.85028938267,14096.811017798498,71234.66130718117,89834.3670205679,2848.189705619998,1635.12619623251,24747.86226366872,19999.35946704667,16,1,3,8700.0,-1280.8124999999927,57386.72529939963,0.0348726029997124,4.547473508864641e-13,1.1368683772161603e-13,5.684341886080802e-14,9.094947017729282e-13,14,7,none,21,0.0,0.5,320,333,14,12.128538828228816
v3_dual_terminal,335,2025-12-02,9139.787594237036,8984.259957338889,60103.696691294004,4241.935759424048,64345.632450718054,93942.14383937448,870.1058099933307,1586.0883883991778,24885.927285141974,20297.575974173335,8,1,2,8700.0,-1280.8125000000018,60923.23909980405,0.031760744000166596,0.0,1.1368683772161603e-13,5.684341886080802e-14,9.094947017729282e-13,14,7,none,21,0.0,0.5,321,334,14,12.128538828228816
v3_dual_terminal,336,2025-12-03,8984.259957338889,9281.461479144446,61389.58699489561,0.0,61389.58699489561,95553.14999866254,0.0,3568.4561220925825,23970.86284356997,19148.917533666667,0,0,0,8700.0,-1280.8125,61906.01033428258,0.03068679099988003,9.094947017729282e-13,1.1368683772161603e-13,1.1368683772161603e-13,9.094947017729282e-13,14,7,none,21,0.0,0.5,322,335,14,12.128538828228816
v3_dual_terminal,337,2025-12-04,9281.461479144446,7678.096616875928,60866.51288460817,187.02406749400186,61053.53695210217,94185.76100855967,34.14093966666701,4562.602309358036,22784.8382363683,19898.7473475,1,1,1,7199.999999999999,-566.2250661234607,62007.39156427465,0.031198182000025554,9.094947017729282e-13,1.1368683772161603e-13,1.1368683772161603e-13,8.846257060213247e-13,14,7,none,21,0.0,0.5,323,336,14,12.128538828228816
v3_dual_terminal,338,2025-12-05,7678.096616875928,7732.431456372225,26849.201660200608,0.0,26849.201660200608,50589.63725520164,0.0,5452.072085485599,19879.13753071604,16053.200044333335,0,0,0,7199.999999999997,-566.2647643950613,27830.039237356305,0.03461634099994626,2.2737367544323206e-13,1.1368683772161603e-13,5.684341886080802e-14,8.86846152070575e-13,14,7,none,21,0.0,0.5,324,337,14,12.128538828228816
v3_dual_terminal,339,2025-12-06,7732.431456372225,9189.912668866667,27709.66268892578,0.0,27709.66268892578,52816.355926191325,0.0,3734.970376407403,21605.377062485597,16188.622329368332,0,0,0,8700.0,-1280.8125000000018,27895.44224277328,0.034189528999831964,9.094947017729282e-13,1.1368683772161603e-13,5.684341886080802e-14,8.633094239485217e-13,14,7,none,21,0.0,0.5,325,338,14,12.128538828228816
v3_dual_terminal,340,2025-12-07,9189.912668866667,9318.260491522224,63171.05326376081,102.44325018316623,63273.49651394398,98262.3059058004,17.636782333333258,6046.413617730454,23501.762000069954,18920.914179666666,1,1,1,8700.0,-1280.8125000000018,63666.384054365626,0.03181454700006725,9.094947017729282e-13,1.1368683772161603e-13,1.1368683772161603e-13,9.094947017729282e-13,14,7,none,21,0.0,0.5,326,339,14,12.128538828228816
v3_dual_terminal,341,2025-12-08,9318.260491522224,9360.63681813148,64844.993316922475,0.0,64844.993316922475,100441.23626563785,0.0,8227.381756843624,22781.603674627564,18414.9602825,0,0,0,8700.0,-1280.8124999999927,65337.89307120657,0.032988909000323474,9.094947017729282e-13,1.1368683772161603e-13,5.684341886080802e-14,9.094947017729282e-13,14,7,none,21,0.0,0.5,327,340,14,12.128538828228816
v3_dual_terminal,342,2025-12-09,9360.63681813148,9241.99530207778,64514.16671339801,0.0,64514.16671339801,99931.93550646502,0.0,8159.347364711936,23636.37494491975,19252.241069833333,0,0,0,8700.0,-1280.8125000000018,65057.45446567166,0.03265418299997691,9.094947017729282e-13,1.1368683772161603e-13,1.4921397450962104e-13,9.094947017729282e-13,14,7,none,21,0.0,0.5,328,341,14,12.128538828228816
v3_dual_terminal,343,2025-12-10,9241.99530207778,9249.151650859261,63901.68644930998,0.0,63901.68644930998,99078.98650802468,0.0,6342.325245378599,22855.800431979424,18506.757636000002,0,0,0,8700.0,-1280.8125,64441.163004364615,0.03303955699993821,9.094947017729282e-13,1.1368683772161603e-13,1.1368683772161603e-13,9.094947017729282e-13,14,7,none,21,0.0,0.5,329,342,14,12.128538828228816
v3_dual_terminal,344,2025-12-11,9249.151650859261,7802.48483439815,62760.56073093234,0.0,62760.56073093234,96782.44710571192,0.0,8077.636640448552,21292.399474096714,18548.843708833338,0,0,0,7199.999999999999,-566.2250661234607,64229.22502095448,0.03333805000011125,9.094947017729282e-13,1.1368683772161603e-13,5.684341886080802e-14,9.023892744153272e-13,14,7,none,21,0.0,0.5,330,343,14,12.128538828228816
v3_dual_terminal,345,2025-12-12,7802.48483439815,7668.871975972223,27281.823100120986,0.0,27281.823100120986,51411.7010036111,0.0,4082.670378738684,19657.20375853909,16042.586616999997,0,0,0,7199.999999999997,-566.2647643950613,28385.75270091063,0.03798857699985092,4.547473508864641e-13,1.1368683772161603e-13,5.684341886080802e-14,9.094947017729282e-13,14,7,none,21,0.0,0.5,331,344,14,12.128538828228816
v3_dual_terminal,346,2025-12-13,7668.871975972223,9226.724805048147,28309.539804562985,0.0,28309.539804562985,54056.148991419745,0.0,4727.044574890945,21728.96572119547,16198.394687999998,0,0,0,8700.0,-1280.8125000000018,28709.05477676572,0.03840226400006941,4.547473508864641e-13,1.1368683772161603e-13,5.684341886080802e-14,9.094947017729282e-13,14,7,none,21,0.0,0.5,332,345,14,12.128538828228816
v3_dual_terminal,347,2025-12-14,9226.724805048147,9180.455303914816,62906.50308584556,0.0,62906.50308584556,97926.66678904527,0.0,4572.464219006176,24300.64905820576,19725.168288166667,0,0,0,8700.0,-1280.8125000000018,63618.23892363928,0.0356085329999587,9.094947017729282e-13,1.1368683772161603e-13,1.1368683772161603e-13,9.094947017729282e-13,14,7,none,21,0.0,0.5,333,346,14,12.128538828228816
v3_dual_terminal,348,2025-12-15,9180.455303914816,9278.379774842595,64112.65895178045,0.0,64112.65895178045,99678.7026886111,0.0,5553.257769685181,24040.815412759257,19384.9284605,0,0,0,8700.0,-1280.8124999999927,64841.52851019006,0.03673984200031555,9.094947017729282e-13,1.1368683772161603e-13,1.1368683772161603e-13,9.094947017729282e-13,14,7,none,21,0.0,0.5,334,347,14,12.128538828228816
v3_dual_terminal,349,2025-12-16,9278.379774842595,9077.038875196302,63936.59205032958,1.3904077000001491,63937.982458029575,99322.24016354937,0.2538166666666939,5568.547032777779,23774.012756771597,19438.157142666663,1,1,1,8700.0,-1280.8125000000018,64441.117490794815,0.034299457000088296,9.094947017729282e-13,1.1368683772161603e-13,1.1368683772161603e-13,9.094947017729282e-13,14,7,none,21,0.0,0.5,335,348,14,12.128538828228816
v3_dual_terminal,350,2025-12-17,9077.038875196302,9081.273505892594,62996.197299379324,0.0,62996.197299379324,98260.80188262343,0.0,5539.883479779834,23817.158781843613,19288.08744566667,0,0,0,8700.0,-1280.8125,63555.8987866393,0.03502472599984685,4.547473508864641e-13,1.1368683772161603e-13,1.1368683772161603e-13,8.668621376273222e-13,14,7,none,21,0.0,0.5,336,349,14,12.128538828228816
v3_dual_terminal,351,2025-12-18,9081.273505892594,7665.846517837037,61814.016763988475,0.0,61814.016763988475,95740.94235231068,0.0,5295.272068502056,22912.04003364197,19832.6367165,0,0,0,7199.999999999999,-566.2250661234607,63051.555829925936,0.034457433999705245,9.094947017729282e-13,1.1368683772161603e-13,1.1368683772161603e-13,9.094947017729282e-13,14,7,none,21,0.0,0.5,337,350,14,12.128538828228816
v3_dual_terminal,352,2025-12-19,7665.846517837037,7391.878427818518,26513.00670911593,0.0,26513.00670911593,50508.13147208025,0.0,3995.684352409468,20266.458424670775,16662.402605000003,0,0,0,7199.999999999997,-566.2647643950613,27410.138449814298,0.03645394300019689,4.547473508864641e-13,1.1368683772161603e-13,5.684341886080802e-14,9.094947017729282e-13,14,7,none,21,0.0,0.5,338,351,14,12.128538828228816
v3_dual_terminal,353,2025-12-20,7391.878427818518,9221.570470883335,27482.832458633795,0.0,27482.832458633795,52811.37015450206,0.0,3967.6193346687214,22845.6617425,16858.263172666666,0,0,0,8700.0,-1280.8125000000018,27551.51763067741,0.03650658300011855,4.547473508864641e-13,1.1368683772161603e-13,5.684341886080802e-14,9.094947017729282e-13,14,7,none,21,0.0,0.5,339,352,14,12.128538828228816
v3_dual_terminal,354,2025-12-21,9221.570470883335,9195.220226727779,61880.099180037825,0.0,61880.099180037825,96562.48629797941,0.0,2899.1306538683093,24469.94209044444,19844.368313,0,0,0,8700.0,-1280.8125000000018,62116.359490860785,0.034023720000277535,9.094947017729282e-13,1.1368683772161603e-13,5.684341886080802e-14,9.094947017729282e-13,14,7,none,21,0.0,0.5,340,353,14,12.128538828228816
v3_dual_terminal,355,2025-12-22,9195.220226727779,8942.285189349997,62900.600097519055,27.39825260699878,62927.99835012605,97974.6065306646,5.001506499999778,4718.021883436219,23956.845284395054,19632.686214,1,1,1,8700.0,-1280.8124999999927,63310.06725640388,0.03329991300006441,9.094947017729282e-13,1.1368683772161603e-13,1.1368683772161603e-13,8.846257060213247e-13,14,7,none,21,0.0,0.5,341,354,14,12.128538828228816
v3_dual_terminal,356,2025-12-23,8942.285189349997,9346.159367312965,63137.14188839221,0.0,63137.14188839221,98237.17119466049,0.0,6063.656927880667,23957.552490946495,19042.130757500003,0,0,0,8700.0,-1280.8125000000018,63567.45933088799,0.03335626099988076,4.547473508864641e-13,1.1368683772161603e-13,1.1368683772161603e-13,9.094947017729282e-13,14,7,none,21,0.0,0.5,342,355,14,12.128538828228816
v3_dual_terminal,357,2025-12-24,9346.159367312965,8984.955271070372,61746.93386948406,0.0,61746.93386948406,96391.12503485596,0.0,4271.960646065836,24156.256624956794,19891.651552833333,0,0,0,8700.0,-1280.8125,62169.60405076102,0.0345660670000143,0.0,1.1368683772161603e-13,7.460698725481052e-14,9.094947017729282e-13,14,7,none,21,0.0,0.5,343,356,14,12.128538828228816
v3_dual_terminal,358,2025-12-25,8984.955271070372,7614.603990188891,60987.759014726704,0.0,60987.759014726704,94566.20578156173,0.0,3701.4415394629586,22555.957166098764,19503.64145733333,0,0,0,7199.999999999999,-566.2250661234607,62093.272515328965,0.0337836249996144,4.547473508864641e-13,1.1368683772161603e-13,1.1368683772161603e-13,9.094947017729282e-13,14,7,none,21,0.0,0.5,344,357,14,12.128538828228816
v3_dual_terminal,359,2025-12-26,7614.603990188891,7912.432801892589,26173.98484507676,0.0,26173.98484507676,49762.57546869341,0.0,2498.4354343251043,20991.95616053497,16735.438559500002,0,0,0,7199.999999999997,-566.2647643950613,26839.38513241833,0.03585619699970266,9.094947017729282e-13,1.1368683772161603e-13,1.1368683772161603e-13,9.094947017729282e-13,14,7,none,21,0.0,0.5,345,358,14,12.128538828228816
v3_dual_terminal,360,2025-12-27,7912.432801892589,9261.70839501111,26865.341304782687,0.0,26865.341304782687,51492.86424491975,0.0,2798.881812884777,21793.81753453498,16438.644169166662,0,0,0,8700.0,-1280.8125000000018,26891.81584361096,0.034108216000277025,9.094947017729282e-13,1.1368683772161603e-13,1.1368683772161603e-13,9.094947017729282e-13,14,7,none,21,0.0,0.5,346,359,14,12.128538828228816
v3_dual_terminal,361,2025-12-28,9261.70839501111,9373.43281246851,61791.367922928526,632.5166202522514,62423.88454318078,96334.07355053909,109.25920116666691,5078.067928567901,23449.779460137855,18893.769387,3,1,1,8700.0,-1280.8125000000018,61970.90656500343,0.032165480999992724,4.547473508864641e-13,1.1368683772161603e-13,1.1368683772161603e-13,9.094947017729282e-13,14,7,none,21,0.0,0.5,347,360,14,12.128538828228816
v3_dual_terminal,362,2025-12-29,9373.43281246851,8913.365867614815,61717.95774657074,0.0,61717.95774657074,96223.47442308848,0.0,4743.195622868316,23003.014652220165,19046.502118666664,0,0,0,8700.0,-1280.8124999999927,62060.39755631622,0.03278662299999269,9.094947017729282e-13,1.1368683772161603e-13,1.1368683772161603e-13,9.094947017729282e-13,14,7,none,21,0.0,0.5,348,361,14,12.128538828228816
v3_dual_terminal,363,2025-12-30,8913.365867614815,9189.674691672224,62133.145969884965,0.0,62133.145969884965,96944.43505265843,0.0,5902.424662502047,24046.999202656385,19229.391412499997,0,0,0,8700.0,-1280.8125000000018,62462.56125475089,0.032890475999920454,2.2737367544323206e-13,1.1368683772161603e-13,1.1368683772161603e-13,8.881784197001252e-13,14,7,none,21,0.0,0.5,349,362,14,12.128538828228816
v3_dual_terminal,364,2025-12-31,9189.674691672224,8681.78073189259,60959.98639989483,172.86925698250388,61132.855656877335,95433.60278522427,43.27140350000097,2582.425970660496,24763.841308063777,20515.816023333333,1,1,1,8700.0,-1280.8125,61353.60013547182,0.033444132000113314,9.094947017729282e-13,1.1368683772161603e-13,1.1368683772161603e-13,9.094947017729282e-13,14,7,none,21,0.0,0.5,350,363,14,12.128538828228816
