date,plan_cost,up_cost,down_net_cost,emergency_cost,total_cost,inventory_adjusted_cost,plan_kwh,final_kwh,emergency_kwh,up_kwh,down_kwh,charge_kwh,discharge_kwh,spill_kwh,soc_start,soc_end,balance_error,dynamics_error,soc_min,soc_max
2025-02-01,25232.627086580665,0.0,-758.1774724205325,0.0,24474.449614160134,22314.721886540752,48814.65974990265,46302.403605492844,0.0,0.0,2512.2561444097946,24967.43492907501,15512.123613930518,2468.916357015024,1520.654817963887,6755.653349764164,5.684341886080802e-14,8.668621376273222e-13,1520.654817963887,10800.0
2025-02-02,57242.96097164591,0.0,-1516.6350948020436,479.22524761710696,56205.55112446097,55385.24007617496,91431.51298199664,86911.85965158895,71.08602586486779,0.0,4519.653330407685,24638.715819952304,18167.8312682102,2155.7831757117137,6755.653349764164,8744.018400821018,1.1368683772161603e-13,8.952838470577262e-13,1200.0,10800.0
2025-02-03,57261.905744273274,470.92222182259206,-1589.225588227237,0.0,56143.60237786863,56103.278788871394,90900.49878678861,86301.86208823022,0.0,257.25179312969595,4855.888491688085,22690.3796913685,18291.240657771057,1685.806554632774,8744.018400821018,8841.75939219594,1.1368683772161603e-13,9.094947017729282e-13,1490.3744989403378,10800.0
2025-02-04,59780.75943565958,0.0,-2281.886208245379,20.61961987558181,57519.49284728978,57505.265577855025,93798.79788465399,87609.08988873975,4.402139170704913,0.0,6189.70799591425,23733.965389201498,19193.47483020836,1878.1375189173177,8841.75939219594,8876.245097801331,4.263256414560601e-14,9.094947017729282e-13,1586.5759418247137,10800.0
2025-02-05,54900.91781864234,500.03640232788575,-502.31478817924256,0.0,54898.63943279099,54986.59924165216,87002.2349367831,86392.45939119715,0.0,673.1412893743953,1282.9168349603483,23260.928213555857,19033.2383199276,1416.3425142355627,8876.245097801331,8663.03791230427,1.1368683772161603e-13,9.094947017729282e-13,1289.808283436042,10800.0
2025-02-06,59298.719663074735,175.88033953461184,-2662.773204495691,80.96875352093208,56892.79555163458,56833.47871487161,93418.25337560561,86280.8026819872,14.108503167260437,91.39096988520089,7228.841663503607,23685.430299500003,19055.79741741858,1394.2210864063768,8663.03791230427,8806.81694027807,5.684341886080802e-14,9.094947017729282e-13,1571.3033603171382,10800.0
2025-02-07,22730.929659066984,0.0,-418.0988388677604,0.0,22312.830820199222,22493.386725511875,43758.34031859837,42181.43894730165,0.0,0.0,1576.9013712967167,18879.359402567432,15686.168224356617,7182.568102424171,8806.81694027807,8369.164597748073,1.1368683772161603e-13,9.094947017729282e-13,1317.8101955184463,10800.0
2025-02-08,18921.551354198917,810.4001943936258,0.0,242.35512354389058,19974.306672136434,19994.425518833097,36854.31683680891,37375.14805973382,39.64585695139712,520.8312229249104,0.0,18934.948414264196,15381.19796999595,2283.8807557503133,8369.164597748073,8320.398203923678,5.684341886080802e-14,9.094947017729282e-13,1200.0,10800.0
2025-02-09,54945.781617978806,1061.4187869912648,-728.4881923428152,0.0,55278.71221262725,55215.75585472025,87352.11880107893,86255.33210905023,0.0,876.4334116044159,1973.2201036331303,22584.367058349395,18155.99648800185,2271.545572036015,8320.398203923678,8472.999125324977,1.1368683772161603e-13,9.094947017729282e-13,1325.842862069293,10800.0
2025-02-10,52132.66063551133,0.0,-1284.8999049433003,0.0,50847.760730568036,50899.80599955182,83428.00219688468,79751.41801382389,0.0,0.0,3676.5841830607915,22740.799309915565,18533.585463861833,1217.5665844368273,8472.999125324977,8346.845766624725,5.684341886080802e-14,9.094947017729282e-13,1241.0911049957542,10800.0
2025-02-11,52934.93658563765,0.0,-1574.4883129992072,1477.6094241025442,52838.05769674099,52795.78203072875,84428.18371796524,80385.59952516168,301.4577141201377,0.0,4042.5841928035525,23755.119777568856,19149.421624005525,860.7619523851538,8346.845766624725,8449.318428652772,1.1368683772161603e-13,9.094947017729282e-13,1200.0,10800.0
2025-02-12,52628.182594616956,491.9544750496651,-1515.312231541762,1936.8573993437094,53541.682237468565,53598.61416283855,84083.69754242472,80228.81924603297,378.01250348834265,254.81380040755494,4109.692096799306,23616.869421801868,19253.86261450273,977.0888088888495,8449.318428652772,8311.320225493635,1.1368683772161603e-13,9.094947017729282e-13,1200.0,10800.0
2025-02-13,49092.07931676724,13.795295004212733,-899.9108156516991,79.97511476082556,48285.938910880584,48226.70205846198,79610.56438259975,77035.75103492691,18.261243238001043,12.60891260153005,2587.4222602743503,22790.735703130245,18331.269282155838,1265.0668405238494,8311.320225493635,8454.905378137699,5.684341886080802e-14,9.094947017729282e-13,1209.7997028242567,10800.0
2025-02-14,18526.10352135766,573.5865563416464,0.0,876.1485989401804,19975.838676639487,20143.340584507874,36275.05025093486,36735.74086858353,143.437632309592,460.69061764867865,0.0,18219.841564261307,15123.481161728192,3981.0162816933453,8454.905378137699,8048.894828497112,5.684341886080802e-14,9.094947017729282e-13,1200.0,10800.0
2025-02-15,18828.33353792529,304.99220105043577,-76.76525676815078,0.0,19056.560482207573,19104.20867589668,36178.56715694793,36154.731050154965,0.0,178.6142767913389,202.4503835843104,18259.970599222914,14894.521881271921,3509.191232203974,8048.894828497112,7933.399610828932,5.684341886080802e-14,8.020251129892131e-13,1221.1554514633933,10800.0
2025-02-16,52270.26002852654,2986.0648956172554,-1899.6814169489728,765.0940954705915,54121.737602665424,53908.13735883536,84228.78587938388,80386.48705835742,158.2692581718366,1543.5811171377136,5385.87993816418,22749.587478768397,17961.191719632858,378.9814573937168,7933.399610828932,8451.14865323954,5.684341886080802e-14,9.094947017729282e-13,1200.0,10800.0
2025-02-17,51708.035542661724,880.5495828095111,-2935.8531570756936,1572.0731813438013,51224.80514973934,51297.9375415396,83776.60987703508,75292.32526161325,237.11212801157032,455.856601486577,8940.141216908407,21444.65487538443,17529.710544289526,430.6298918632674,8451.14865323954,8273.881880763829,5.684341886080802e-14,9.094947017729282e-13,1200.0,10800.0
2025-02-18,46029.6394065625,2951.7566734534867,0.0,0.0,48981.396080015984,48904.59852633579,74475.6995278036,76756.16396638306,0.0,2280.4644385794472,0.0,21138.782501975387,16954.878091396833,480.87177247118586,8273.881880763829,8460.032697656303,5.684341886080802e-14,9.094947017729282e-13,1250.6124871519505,10800.0
2025-02-19,46138.20805066978,2704.827810147725,-4.591717060482743,1453.445554996333,50291.88969875336,50452.78219273486,74509.34968331567,77309.33339479667,260.52307226273194,2819.499489455735,19.515777974732373,22977.406330823746,18962.690025152842,675.8127780551712,8460.032697656303,8070.0428118945165,1.1368683772161603e-13,9.094947017729282e-13,1200.0,10800.0
2025-02-20,47625.492769270015,1090.7897621136674,-399.5684594415945,1054.9807199389234,49371.69479188101,49301.26567087694,77618.5507256752,77423.47319541624,182.8948294029267,930.523947531002,1125.601477789966,22167.471083440505,17802.008733489598,2247.7719415349275,8070.0428118945165,8240.75708311364,1.1368683772161603e-13,9.094947017729282e-13,1200.0,10800.0
2025-02-21,17134.20269733658,1312.7530759950355,0.0,0.0,18446.955773331614,18468.28697796587,33628.382529810944,34517.78984010109,0.0,889.4073102901416,0.0,18232.50073625672,14814.860139200544,5539.887209711579,8240.75708311364,8189.052035521857,5.684341886080802e-14,8.952838470577262e-13,1439.8956227952547,10800.0
2025-02-22,17419.503406607284,1985.6883948109144,-39.744170337924416,0.0,19365.447631080275,19205.48237794037,33725.10935569201,34863.15466753592,0.0,1245.4699344446867,107.4246226007732,18417.05691579899,14568.848003107923,3170.18287151152,8189.052035521857,8576.79436739881,5.684341886080802e-14,8.775202786637237e-13,1223.0093504946892,10800.0
2025-02-23,46610.278388091734,2062.6721438591603,-698.4825590899409,558.1913696668704,48532.659342527826,48718.18656553924,75787.58960772905,75200.89114731082,117.5482862031715,1326.575118618871,1913.2735790371028,21932.984242094404,18170.449395103322,24.05090318958571,8576.79436739881,8127.091968502311,5.684341886080802e-14,9.094947017729282e-13,1200.0,10650.592754811165
2025-02-24,45058.17434681334,1571.855692130228,-116.55963696534225,192.3638452199807,46705.83424719821,46459.701423862876,72376.66979406646,73265.5233848659,42.4885641370505,1163.7814045132243,274.9278137137802,21747.103832526638,17078.209351042995,436.0838508526431,8127.091968502311,8723.697249950734,5.684341886080802e-14,8.846257060213247e-13,1609.5477298676694,10800.0
2025-02-25,45506.464253107246,607.0174844007888,-1244.8849803143498,776.7849985109535,45645.381755704635,45903.46440560236,73807.6684052251,69816.6313679656,167.7344805745998,319.39475879422554,4310.431796053726,19976.036939298734,16743.603512044352,930.6091879524818,8723.697249950734,8098.12659304808,5.684341886080802e-14,9.094947017729282e-13,1200.0,10800.0
2025-02-26,41640.06598861987,5259.966397918459,0.0,376.2444191031575,47276.276805641486,47122.95585023006,68163.04743819006,73680.38193224417,78.56122916114573,5517.33449405412,0.0,22670.55401887966,18028.67535404487,302.2164632372078,8098.12659304808,8469.763705545483,5.684341886080802e-14,9.094947017729282e-13,1200.0,10800.0
2025-02-27,42323.79044484113,1597.4356965979366,0.0,5780.623632805684,49701.84977424475,49738.56711163075,68810.3137852123,70501.20072974834,908.6772895688966,1690.886944536036,0.0,22501.70947256244,18306.484439224976,258.0687859797695,8469.763705545483,8380.763965046153,5.684341886080802e-14,9.094947017729282e-13,1200.0,10800.0
2025-02-28,16740.828391455925,611.3576268298498,-77.16906112030229,428.1847440590808,17703.201701224552,17892.868256398684,32469.60236949231,32847.12361925103,98.01884598775916,555.3162423464457,177.79499258772304,18328.73460701859,15260.037244696234,6583.851552916439,8380.763965046153,7921.02817281152,5.684341886080802e-14,8.455458555545192e-13,1200.0,10800.0
2025-03-01,17575.784614644523,33.614266002495114,-192.4803329273493,1188.3636820328588,18605.282229752527,18503.54183914409,34092.28706395835,33647.869552933,218.85389971738346,21.244676319378527,465.66218734472716,17227.5782623078,13732.389250554872,6712.76850756412,7921.02817281152,8167.63833049424,5.684341886080802e-14,8.526512829121202e-13,1200.0,10800.0
2025-03-02,47673.42428285899,2745.857454845749,-490.3298255218825,0.0,49928.951912182856,49698.15257425367,77267.13642176447,77880.9672589332,0.0,1864.382718656233,1250.5518814874886,23141.16003338394,18240.845245886554,622.3454047691573,8167.63833049424,8727.076531776953,5.684341886080802e-14,9.094947017729282e-13,1788.232875530277,10800.0
2025-03-03,48597.883990040675,2160.401915707619,-1152.6924296124075,383.81939537382254,49989.41287150971,50198.79092461077,78683.90409015093,76476.52169172929,82.2646776643455,1269.4339938657395,3476.816392287362,22622.662143820362,18781.11966267779,700.0972549177409,8727.076531776953,8219.561724906627,5.684341886080802e-14,9.094947017729282e-13,1200.0,10800.0
2025-03-04,44152.79819983765,2844.679571705219,-5.926548530143745,0.0,46991.55122301272,46972.47029137498,71442.75482799261,73394.45706512709,0.0,1968.8831286554098,17.180891520926934,20967.537599822965,16942.079938413644,169.54147038445387,8219.561724906627,8265.812299843252,5.684341886080802e-14,9.094947017729282e-13,1367.942205689896,10800.0
2025-03-05,46018.07255674209,3883.180697037635,-2033.796275353006,0.0,47867.456978426715,47809.11040885686,75097.60221889519,70808.00259469071,0.0,1983.9892051610138,6273.588829365506,20269.453411283914,16290.972799494444,699.0499662345765,8265.812299843252,8407.23948167161,5.684341886080802e-14,9.094947017729282e-13,1307.3765365272454,10800.0
2025-03-06,42632.239324980736,0.0,0.0,3947.433560709971,46579.67288569071,46707.07231240529,69461.30751704675,69461.30751704675,581.8177925226208,0.0,0.0,20665.038750398948,17016.606342411927,454.03876824903494,8407.23948167161,8098.4339765729665,1.1368683772161603e-13,9.094947017729282e-13,1200.0,10800.0
2025-03-07,17371.326718761873,0.0,-495.26241789210576,1880.2264910255142,18756.29079189528,18706.330563371714,33450.220505466146,32292.47635463455,339.4630789818138,0.0,1157.7441508315992,17406.542130076763,13990.309669116317,8293.421439322581,8098.4339765729665,8219.5333724017,5.684341886080802e-14,9.094947017729282e-13,1200.0,10800.0
2025-03-08,16318.95281677895,0.0,-30.232324982130066,0.0,16288.720491796821,16257.36355595157,31723.161025559166,31653.57206671468,0.0,0.0,69.58895884448722,18391.73898089001,14828.902654686137,9027.596223844139,8219.5333724017,8295.539949995898,5.684341886080802e-14,9.094947017729282e-13,1313.8605729681242,10800.0
2025-03-09,44481.95411535888,0.0,-1624.6393891671023,415.82820049629674,43273.14292668807,43271.71164476046,73096.08290630252,67531.10453851106,90.32861152903642,0.0,5564.97836779146,21753.753351162777,17617.417838030946,151.57258690826632,8295.539949995898,8299.009257119124,5.684341886080802e-14,9.094947017729282e-13,1200.0,10800.0
2025-03-10,41477.702975004395,4253.286110100686,0.0,0.0,45730.98908510508,45619.99466437041,68615.67754259292,72555.70767319515,0.0,3940.030130602237,0.0,22090.427160273284,17651.10896563047,74.31802855234665,8299.009257119124,8568.050406220122,5.684341886080802e-14,9.094947017729282e-13,1442.2867327540962,10800.0
2025-03-11,37849.738650303654,6574.6078021814665,0.0,0.0,44424.34645248512,44376.11563024468,61582.4462823966,69030.92840181022,0.0,7448.4821194136075,0.0,21164.238632930927,17037.816578387068,965.5875472663602,8568.050406220122,8684.957866538996,5.684341886080802e-14,9.094947017729282e-13,1529.5596705512235,10800.0
2025-03-12,43693.60732069549,534.4728402280009,-1603.9366043971436,0.0,42624.143556526345,42732.80878449196,71625.11475068741,66580.8813717927,0.0,298.1860131214331,5342.419392016151,20893.220098889404,17160.564123494303,412.69071306425394,8684.957866538996,8421.562484990243,5.684341886080802e-14,9.094947017729282e-13,1382.7651612061557,10800.0
2025-03-13,43145.37397467696,233.54539638561613,0.0,1829.6896574866435,45208.60902854921,45318.733141123615,70897.36577818115,71186.3628795431,266.5361090665206,288.9971013619404,0.0,20803.849400875664,17091.356450435844,194.78802150312237,8421.562484990243,8154.630889738516,4.263256414560601e-14,9.094947017729282e-13,1200.0,10800.0
2025-03-14,15573.242241179209,242.8259603002025,0.0,1328.9304712355029,17144.998672714915,17034.648246278874,30803.851730371527,30996.972773293623,217.39415528144986,193.12104292209688,0.0,18209.30514657544,14508.80502379426,11484.440822460561,8154.630889738516,8422.1110507739,5.684341886080802e-14,8.100187187665142e-13,1200.0,10800.0
2025-03-15,15248.850206910032,799.7078969819433,0.0,348.8096794391523,16397.367783331127,16528.22057244353,30146.444159760904,30776.599109987357,72.65652035975482,630.15495022645,0.0,18404.7560825224,15193.310975674398,6713.685373499111,8422.1110507739,8104.934885405837,5.684341886080802e-14,8.473222123939195e-13,1200.0,10800.0
2025-03-16,41486.55631311177,2012.5378747177351,-324.1329827844797,7.461180000000455,43182.42238504502,42941.47266776389,67931.65022866655,69133.3274762256,1.6400000000001,2093.9175280925233,892.2402805334705,21663.421518131487,17021.73374857228,1142.2327733330612,8104.934885405837,8688.976753310544,5.684341886080802e-14,8.633094239485217e-13,1613.497827608267,10800.0
2025-03-17,37482.00006902397,2703.6661980898043,-774.6787565907041,1171.3099360368524,40582.29744655992,40669.70696228931,62666.84822755002,61835.46631108408,226.32324804477835,2412.0298369983448,3243.4117534642837,20988.9144633263,17191.706704361928,406.4503668311603,8688.976753310544,8477.1034321243,5.684341886080802e-14,9.094947017729282e-13,1200.0,10642.858261689298
2025-03-18,44107.66081144128,397.2780083396931,-2000.5709733943365,0.0,42504.36784638664,42469.752191521766,72172.4169200758,66257.64038005215,0.0,223.29259499211332,6138.069135015769,20961.18768449027,16903.047129633604,1073.54145852882,8477.1034321243,8561.008870794869,5.684341886080802e-14,9.094947017729282e-13,1419.1276804105532,10800.0
2025-03-19,35533.61874591289,6317.379743649574,0.0,0.0,41850.998489562466,41740.40937678346,57842.75305679764,65082.350657012306,0.0,7239.597600214671,0.0,21278.76654441323,16994.548055968,1332.661718567081,8561.008870794869,8829.067587469,5.684341886080802e-14,8.952838470577262e-13,1590.728704723635,10800.0
2025-03-20,40305.71975727503,1038.9662565376113,-380.4925943298314,4167.217694700558,45131.41111418337,45296.07620691334,66020.77755105548,65353.22267274931,684.884680933274,888.3263474727141,1555.8812257788775,20645.259238429666,17081.880896436076,265.7671950223295,8829.067587469,8429.93323934896,5.684341886080802e-14,9.094947017729282e-13,1200.0,10538.265484766123
2025-03-21,14832.036748846822,802.9328703343441,-55.988810938938215,569.537450312477,16148.518258554705,16233.488401883607,29230.04844472838,29766.41232320679,93.1682398679007,664.5097396630505,128.14586118464155,18512.718607925595,15180.666511138857,14494.06394962129,8429.93323934896,8223.972751883266,5.684341886080802e-14,8.597567102697212e-13,1200.0,10800.0
2025-03-22,15828.064200515393,29.054069665152237,-77.08458091480449,0.0,15780.03368926574,15582.850498791073,30774.471831554576,30628.323987494256,0.0,28.07563382630549,174.22347788662228,18305.81954001618,14397.55389128469,10838.858605429436,8223.972751883266,8701.928236470392,5.684341886080802e-14,9.094947017729282e-13,1581.2427301825214,10800.0
2025-03-23,41390.24586737134,754.2961819196289,-1364.6990068174082,0.0,40779.84304247356,40820.68052134366,67831.12809950786,64027.3651194456,0.0,412.10740558207385,4215.870385644334,19694.214731107342,16041.401887717491,1604.8321593890823,8701.928236470392,8602.941619225345,5.684341886080802e-14,9.094947017729282e-13,1399.429297806635,10800.0
2025-03-24,38075.31811895765,1613.794698270465,-224.11456536944442,0.0,39464.99825185867,39414.16251648312,63113.44092048623,63234.54591480807,0.0,1120.2118411608126,999.106846838961,20957.89571736511,16864.996135282832,1143.1492493924716,8602.941619225345,8726.163170095248,5.684341886080802e-14,9.094947017729282e-13,1543.568320807511,10800.0
2025-03-25,42872.0187989048,1394.8785480011684,-2131.132905927614,468.3554433324633,42604.119884310814,42813.332228220235,70686.23545206629,64129.95894940371,67.13810827586917,743.9283682130612,7300.20487087564,19486.777296178585,16240.691437447433,0.8864822817616869,8726.163170095248,8219.050028381054,5.684341886080802e-14,9.094947017729282e-13,1200.0,10400.494902572656
2025-03-26,37064.84741091369,1931.2673020431264,-612.6636308318684,0.0,38383.45108212494,38253.5061096797,60840.62758896613,60754.328657198705,0.0,1583.6203476899425,1669.9192794573642,20715.085040693826,16495.74075831711,942.429508155328,8219.050028381054,8534.025722430933,5.684341886080802e-14,8.668621376273222e-13,1383.1116116476114,10800.0
2025-03-27,39318.668703227755,485.79777266669845,-372.21727924859266,0.0,39432.24919664586,39511.11814341568,64384.46233753467,63831.14676965799,0.0,360.0888037572801,913.4043716339596,20114.701014934188,16464.96235181272,1464.4187065365309,8534.025722430933,8342.85402274647,5.684341886080802e-14,9.094947017729282e-13,1289.5730511115403,10800.0
2025-03-28,14914.20252309323,0.0,0.0,0.0,14914.20252309323,14916.589900866207,29613.57425639721,29613.57425639721,0.0,0.0,0.0,18248.22938413273,14786.273923948776,15329.738029546592,8342.85402274647,8337.06721963395,5.684341886080802e-14,8.739675649849232e-13,1327.818250659399,10800.0
2025-03-29,14240.498930065496,970.2219766508912,0.0,116.20859259561952,15326.929499312007,15285.67408317711,28649.706523307777,29351.5865545515,30.783862564264656,701.8800312437232,0.0,18748.74271494052,15096.481903251388,18022.9004220933,8337.06721963395,8437.06688168999,5.684341886080802e-14,9.094947017729282e-13,1200.0,10800.0
2025-03-30,38133.10746219455,8.631136070530832,-1000.7608820613964,0.0,37140.977716203684,37169.93290373544,63508.85831181988,59817.183058225375,0.0,4.673183394531975,3696.348436989032,20860.01834405148,16959.7813060308,571.3263202047006,8437.06688168999,8366.881940190993,5.684341886080802e-14,9.094947017729282e-13,1211.628958321287,10800.0
2025-03-31,33171.371635551535,6185.159141014916,0.0,0.0,39356.53077656645,39325.839795108295,54200.32566554348,60675.72911870949,0.0,6475.403453166003,0.0,19225.23472828074,15505.487005799936,4.591912895354994,8366.881940190993,8441.274300310404,5.684341886080802e-14,9.094947017729282e-13,1201.3451779802003,10787.010100308857
2025-04-01,39748.864060655,1135.4017345633563,-663.0122729939483,0.0,40221.25352222441,40165.38485216782,67139.38282738866,64952.44697780782,0.0,713.3095851392163,2900.245434720059,19408.611934466757,15599.096801456633,934.0803281310343,8441.274300310404,8576.695261934232,5.684341886080802e-14,9.094947017729282e-13,1367.527564960692,10800.0
2025-04-02,37773.78835771297,2752.598326912812,-175.70594368582914,702.486227329291,41053.16696826924,41127.769928757334,62726.651535003475,64679.07795879696,102.19273781552567,2730.316912505666,777.890488712176,19419.264442541004,15892.352375122256,819.0232291937443,8576.695261934232,8395.863954529741,5.684341886080802e-14,8.841816168114747e-13,1200.0,10800.0
2025-04-03,39625.45887181621,0.0,-170.70287298278413,0.0,39454.755998833425,39470.301765755205,64804.16883426985,64390.867660492084,0.0,0.0,413.30117377776526,20020.549693376022,16250.558721084191,4757.346421533589,8395.863954529741,8358.182321807944,5.684341886080802e-14,9.094947017729282e-13,1244.4095292528514,10800.0
2025-04-04,13661.47857273828,570.954369850622,0.0,919.8139424366053,15152.246885025508,15102.159405634937,27708.339831469166,28110.493715237626,232.20198387788898,402.15388376846136,0.0,18574.33998084929,14935.948327374103,18273.501795640328,8358.182321807944,8479.590163045528,5.684341886080802e-14,9.094947017729282e-13,1200.0,10800.0
2025-04-05,13564.048512587735,1732.7471661347613,0.0,0.0,15296.795678722496,15315.090224368614,27523.224831758613,28657.255282041457,0.0,1134.0304502828442,0.0,18482.377025163958,15010.635387617815,13141.398661161977,8479.590163045528,8435.245721673306,5.684341886080802e-14,8.810729923425242e-13,1316.6201776683372,10800.0
2025-04-06,36054.10619390271,906.1160635091592,-519.0621002205171,978.4154298893279,37419.57558708068,37431.86327566435,60933.362734076065,59410.068939094446,172.30645444287828,669.137748844505,2192.431543826128,20822.042337750638,16892.66018572122,1242.916974841232,8435.245721673306,8405.46139706975,5.684341886080802e-14,9.094947017729282e-13,1200.0,10800.0
2025-04-07,31859.76301169547,3296.7676000598553,0.0,12.656792250139741,35169.18740400547,35264.18204017155,53259.78717837157,57045.107807734326,3.260379250422396,3785.320629362761,0.0,20760.228685778442,17023.01834965918,68.43856753216048,8405.46139706975,8175.2023813157,5.684341886080802e-14,9.094947017729282e-13,1200.0,10800.0
2025-04-08,37981.41940301549,894.3533434502551,-1457.7060985687522,0.0,37418.066647896994,37357.756590268116,62819.90149622797,58523.341144672646,0.0,486.223200182864,4782.783551738187,20757.88735386751,16682.32089592869,94.58107006716645,8175.2023813157,8321.388893209023,5.684341886080802e-14,9.094947017729282e-13,1317.8231445005033,10800.0
2025-04-09,36584.07789660475,2642.4588207663382,0.0,0.0,39226.53671737109,39173.34390959076,60840.45800799407,63987.010135121425,0.0,3146.552127127352,0.0,21145.771382468432,17012.03341311461,718.9611491009406,8321.388893209023,8450.323789525482,5.684341886080802e-14,9.094947017729282e-13,1379.3224829946323,10800.0
2025-04-10,36269.299740038565,1411.2099012043175,0.0,0.0,37680.50964124288,37701.26490206628,59139.93212286528,61112.4196991889,0.0,1972.487576323621,0.0,20707.13836882922,16818.060186122926,2762.7036164826045,8450.323789525482,8400.014781335194,5.684341886080802e-14,9.094947017729282e-13,1204.29321391278,10800.0
2025-04-11,12769.862833627612,1434.9129623631245,0.0,514.9595410790392,14719.735337069777,14858.57515025502,26409.14209375195,27498.861522575946,104.96280094967423,1089.7194288239957,0.0,18424.40313517733,15226.648976014094,19089.419997695717,8400.014781335194,8063.478740756905,5.684341886080802e-14,9.094947017729282e-13,1200.0,10800.0
2025-04-12,14195.250617188573,0.0,-264.395094781879,0.0,13930.855522406693,13878.877696204916,28218.171450368824,27628.989361914042,0.0,0.0,589.1820884547843,18195.651413140255,14625.086749886157,15033.264148659944,8063.478740756905,8189.468623820734,5.684341886080802e-14,8.43769498715119e-13,1345.0381430140303,10800.0
2025-04-13,33722.07646065632,2386.0439858643194,0.0,0.0,36108.12044652064,35996.90934851721,56360.58085179292,58426.042766413615,0.0,2065.461914620695,0.0,20287.144819168418,16189.977582592466,52.51704650433214,8189.468623820734,8459.03498041401,5.684341886080802e-14,9.094947017729282e-13,1263.8266969274378,10773.823515064127
2025-04-14,35911.63864042863,2956.0072977939417,-1875.6109943246806,850.6495716618498,37842.68451555975,37881.816301226645,59376.48010962709,55947.85322896414,123.92382266082018,1514.5668298482783,4943.193710511234,19072.712434009154,15534.264015770907,5.296833386710773,8459.03498041401,8364.182820165679,5.684341886080802e-14,9.094947017729282e-13,1200.0,10368.537317716027
2025-04-15,31318.05042827937,2375.1558500707915,0.0,62.498600270135476,33755.704878620294,33714.81508231697,52291.6216136936,54195.19404734207,15.826322312468234,1903.5724336484736,0.0,19944.141478038247,16065.552509934689,193.00256821765007,8364.182820165679,8463.296250472686,0.0,9.094947017729282e-13,1200.0,10800.0
2025-04-16,34218.2576511268,1948.8343089887614,-172.34976432981776,773.9327184969729,36768.67491428272,36850.68043696863,58102.03539550937,59221.94902058002,143.4431404191757,1885.3395949241515,765.4259698534987,19533.553699888493,16001.075543436978,53.32205454768541,8463.296250472686,8264.521754331243,2.842170943040401e-14,9.094947017729282e-13,1200.0,10717.730545367007
2025-04-17,32354.669837175818,2620.8990216980155,0.0,2779.579734056349,37755.148592930185,37662.62490213723,53189.107900684634,56559.250996432485,400.25282407514754,3370.1430957478515,0.0,19881.49663633336,15902.169588809254,111.83442298353089,8264.521754331243,8488.791406132104,2.842170943040401e-14,9.094947017729282e-13,1200.0,10475.757688700734
2025-04-18,12826.300772464638,478.19321996491254,0.0,0.0,13304.49399242955,13374.58375847408,26449.14679001658,26832.409273174148,0.0,383.2624831575637,0.0,18464.824677481258,15109.410521741422,17122.87793410098,8488.791406132104,8318.899702819212,5.684341886080802e-14,9.094947017729282e-13,1307.7202609390317,10800.0
2025-04-19,12656.04340565259,616.5979554087241,-91.08241837658318,549.0025231537892,13730.56146583852,13761.02380543387,26582.34159537818,26830.201492981454,111.23544183036961,435.03455636619657,187.17465876292374,18447.003743991103,15008.527368943674,16718.281309764396,8318.899702819212,8245.061551362667,5.684341886080802e-14,8.641976023682219e-13,1200.0,10800.0
2025-04-20,32362.693323893094,2165.2348333747764,-18.55036685022737,210.5704616057932,34719.94825202344,34618.10978006826,53794.14821446508,56528.85355925815,43.32218057968015,2764.5703137189234,29.86496892586058,21070.4965201769,16844.939072580324,388.87340890790847,8245.061551362667,8491.909449988196,5.684341886080802e-14,9.094947017729282e-13,1200.0,10800.0
2025-04-21,33676.90079308949,0.0,-1082.4961668366157,1309.8482710506687,33904.25289730354,34001.72367257066,56668.1660402596,52848.55844660728,216.70835825238973,0.0,3819.6075936523152,19523.447884713365,16026.627658598363,1051.5361954113312,8491.909449988196,8255.648481120934,0.0,9.094947017729282e-13,1200.0,10800.0
2025-04-22,31152.35093222141,3479.7336514555445,0.0,245.84104285576132,34877.92562653271,34899.48367493848,52444.4555843127,55799.12131614359,54.090736249249744,3354.6657318308935,0.0,19722.695493554595,16022.412757828419,0.0,8255.648481120934,8203.39358328849,5.684341886080802e-14,9.094947017729282e-13,1200.0,10323.908074201972
2025-04-23,30282.072871927376,5054.099952567395,0.0,0.0,35336.17282449477,35100.928872498574,50739.55058725414,55771.73129071094,0.0,5032.180703456799,0.0,19021.36891631533,14894.11840714158,244.56406487052442,8203.39358328849,8773.605155592764,5.684341886080802e-14,9.094947017729282e-13,1521.510930616788,10800.0
2025-04-24,31098.392438479263,0.0,0.0,1008.4845323728803,32106.876970852143,32287.879759124764,51625.13897959641,51625.13897959641,159.62788991231096,0.0,0.0,18981.816652600533,15770.133482952846,1482.9769998610454,8773.605155592764,8334.869606318976,5.684341886080802e-14,9.094947017729282e-13,1200.0,10800.0
2025-04-25,12778.303711134162,0.0,0.0,0.0,12778.303711134162,12853.068091894906,26243.883931397708,26243.883931397708,0.0,0.0,0.0,18117.279173341034,14838.096449329494,20964.343557386164,8334.869606318976,8153.647029737587,5.684341886080802e-14,9.094947017729282e-13,1320.0366769928432,10800.0
2025-04-26,12718.463517029522,284.15172281182356,0.0,51.2136165261594,13053.828856367505,13115.591421322626,26258.06046998792,26481.54316258157,13.19258540086538,223.48269259364983,0.0,18202.620208731107,14878.85890991154,23100.780815829537,8153.647029737587,8003.939762138317,5.684341886080802e-14,7.638334409421077e-13,1200.0,10800.0
2025-04-27,30731.52432645738,3408.3734986005793,-85.58738344306055,0.0,34054.3104416149,33854.10022819735,51315.53942787826,53252.180131150715,0.0,2175.584671770432,238.94396849797636,19614.792306138217,15451.218307513514,515.1349491926817,8003.939762138317,8489.232495981028,0.0,9.094947017729282e-13,1312.779262816512,10800.0
2025-04-28,35752.625166605474,1587.1401023377987,-120.93321475383746,0.0,37218.832054189435,37224.11348163945,60802.778853482625,62086.94001287839,0.0,1714.169020560109,430.007861164356,19891.693301894105,16123.793137245008,1697.0725315626182,8489.232495981028,8476.43075963572,5.684341886080802e-14,9.094947017729282e-13,1318.3226032904738,10800.0
2025-04-29,30992.40367352972,937.0533105186123,-162.00889593440326,2404.8873030416275,34172.33539115555,34160.682396362085,51166.74678981734,51604.97078897164,345.80126932926873,715.976581536057,277.7525823817642,18636.155913130213,15069.864997465505,951.2674259695341,8476.43075963572,8504.676639824569,0.0,8.979483823168266e-13,1200.0,10800.0
2025-04-30,30536.01809961837,858.3684066375208,0.0,2541.679975285095,33936.066481540984,33995.65769178382,50196.26099689833,51513.66609392105,458.45874909728013,1317.4050970227158,0.0,19004.40467738053,15523.567466288507,234.43319859297276,8504.676639824569,8360.232553590926,5.684341886080802e-14,9.094947017729282e-13,1200.0,10800.0
2025-05-01,31851.608538718203,1266.8033508406318,-23.17942086934609,12881.154862868934,45976.38733155842,46304.04321805484,52477.52982744577,53503.128225670785,2014.2020017349969,1093.9278851674974,68.32948694247482,18374.708917008706,15598.303525395148,1729.5460357922288,8360.232553590926,7566.022217348592,5.684341886080802e-14,8.810729923425242e-13,1200.0,10800.0
2025-05-02,13830.499086563168,0.0,0.0,9452.018469188919,23282.517555752085,23310.908594762564,27925.152771412802,27925.152771412802,1588.0151123747453,0.0,0.0,17936.670468476303,14590.63882306529,11876.816155043201,7566.022217348592,7497.204724460276,5.684341886080802e-14,8.93507490218326e-13,1200.0,10800.0
2025-05-03,13085.234689737284,2158.958595227932,0.0,4035.2350710679298,19279.428356033146,19184.792118218764,27207.233514965083,28467.20014700845,724.4979248763032,1259.9666320433662,0.0,17618.22671895621,14064.312382915676,16770.612085844215,7497.204724460276,7726.595012725676,5.684341886080802e-14,7.958078640513122e-13,1200.0,10800.0
2025-05-04,33091.9531793464,3073.740494322128,-802.0784051544952,4355.510622877504,39719.12589139153,39745.319899931455,55599.505392740815,54740.789852118185,737.7374261206947,1627.435524181332,2486.15106480397,18162.925154043645,14769.11224285329,350.0470337151943,7726.595012725676,7663.1029370835195,5.684341886080802e-14,9.094947017729282e-13,1200.0,10800.0
2025-05-05,34324.4959930051,4113.526384634785,-315.6290327839982,1907.3079151031175,40029.70125995901,39981.72786885905,57018.629092036055,58541.485376420744,305.2218508379167,2170.986305222823,648.1300208381398,19294.97529094331,15524.274863684646,0.0,7663.1029370835195,7779.38640594956,0.0,9.094947017729282e-13,1200.0,10643.512026791277
2025-05-06,30033.958555233043,7336.016057073802,0.0,3826.2471128113707,41196.221725118216,41310.41797308126,50221.58724133781,56214.26302757661,653.7783728561359,5992.675786238793,0.0,19048.530131655494,15678.431304971327,627.8602070819095,7779.38640594956,7502.584296693588,5.684341886080802e-14,8.810729923425242e-13,1200.0,10800.0
2025-05-07,32567.182976066048,5640.337747856232,0.0,2705.066235133565,40912.58695905584,40785.795494991995,54037.07443251298,58634.126703342605,413.0138861019325,4597.05227082963,0.0,19342.727645572402,15391.010723665815,27.57771753796078,7502.584296693588,7809.916151413397,5.684341886080802e-14,8.313350008393172e-13,1200.0,10744.6696338694
2025-05-08,35345.34243291629,196.39467038152043,-320.5954650844202,9206.268850085049,44427.41048829844,44370.30540031587,60030.65522501887,58773.98189332908,1428.6163946317743,108.5723927017466,1365.2457243915198,19189.542795412115,15418.953522980612,605.4966155293599,7809.916151413397,7948.334086194736,5.684341886080802e-14,8.313350008393172e-13,1200.0,10800.0
2025-05-09,13288.5445895887,384.7505927445487,0.0,7564.602544413081,21237.89772674633,21161.37614137119,27117.969892809764,27418.38317862378,1256.8250502318695,300.4132858140152,0.0,18400.67175987167,14737.610421876709,16512.76104086069,7948.334086194736,8133.815979105117,5.684341886080802e-14,8.526512829121202e-13,1200.0,10800.0
2025-05-10,13217.301977438328,1294.9407168199732,0.0,2895.910282834813,17408.152977093116,17535.075090795424,27014.75142432124,27858.71702551648,510.50579990205773,843.96560119524,0.0,18070.580795790593,14914.054129208935,13091.650875503547,8133.815979105117,7826.167440640058,5.684341886080802e-14,8.242295734817162e-13,1200.0,10800.0
2025-05-11,34501.01407791732,2829.2537888897887,-110.68399295035161,277.36103945833383,37496.94491331509,37368.43243430022,58199.65621400592,59394.8611297731,41.18071666666674,1683.7018101143904,488.4968943472156,19213.85079329835,15282.866037260468,20.978007068557822,7826.167440640058,8137.670890985831,5.684341886080802e-14,9.094947017729282e-13,1232.7270633170579,10800.0
2025-05-12,30371.016993981306,7108.6491279436505,0.0,0.0,37479.66612192496,37266.3619991952,49992.91924594238,56308.26180688973,0.0,6315.342560947356,0.0,18648.001511002643,14639.553081140515,368.6181436942753,8137.670890985831,8654.702160732082,5.684341886080802e-14,9.094947017729282e-13,1395.6586951897245,10800.0
2025-05-13,35080.061694454605,3057.9416167420322,-855.5770241059731,0.0,37282.42628709067,37274.88084698257,59317.688434337026,57737.39724017902,0.0,1835.7452787243067,3416.0364728823056,18285.463209618523,14794.764638283983,1117.4859021778216,8654.702160732082,8672.991673517668,5.684341886080802e-14,8.775202786637237e-13,1564.4924323349555,10800.0
2025-05-14,34985.9661188454,2047.2987722296934,-841.5182465577193,0.0,36191.74664451738,36340.02651568469,57019.46859812334,56625.02564210302,0.0,2330.29799516773,2724.7409511880523,18633.393562039804,15416.524938350882,394.00823508076354,8672.991673517668,8313.573725630304,5.684341886080802e-14,9.094947017729282e-13,1440.1978062209967,10800.0
2025-05-15,35937.968989086614,1816.855168835275,0.0,0.0,37754.82415792189,37539.8344353885,56676.06894291805,59176.864799331575,0.0,2500.7958564135297,0.0,19188.500505185097,15073.680089372174,2296.9861001853196,8313.573725630304,8834.69074766114,5.684341886080802e-14,9.094947017729282e-13,1563.624452977198,10800.0
2025-05-16,13877.437045643113,153.4886873462339,-3.8095792257783483,0.0,14027.116153763569,14506.437364726251,26641.33169022548,26753.241301203238,0.0,120.57660955761531,8.666998579862014,17778.015036627716,15445.84308427328,21705.56281551547,8834.69074766114,7672.856409211329,5.684341886080802e-14,9.094947017729282e-13,1340.562902527612,10800.0
2025-05-17,14080.498148003679,927.7824978898711,-5.737025986470126,2154.442948078077,17156.986567985157,16937.626900586743,27959.648435889256,28533.26145542874,347.6676005734325,586.6650636447453,13.052044105267036,18564.141303390006,14558.415994682844,14426.404663961675,7672.856409211329,8204.565810392507,5.684341886080802e-14,7.958078640513122e-13,1200.0,10800.0
2025-05-18,36619.69992270581,78.03385850686189,-696.0245551814273,35.318698333333415,36037.02792436458,35863.87978304006,60987.89219286833,58499.26168768923,5.236666666666679,58.89662125362247,2547.5271264327266,18919.891316384557,14947.385075690136,855.8240136614685,8204.565810392507,8624.262355482906,5.684341886080802e-14,9.094947017729282e-13,1561.1354034807719,10800.0
2025-05-19,32381.324420711826,472.32150860694503,-94.34006639743919,966.1043108214958,33725.41017374283,33890.08410147854,53277.99343823436,53221.742061072706,169.90404316990782,385.556726425847,441.8081035875097,17909.937384494086,14866.28946852862,2832.78163827715,8624.262355482906,8225.10659205134,1.4210854715202004e-14,9.094947017729282e-13,1200.0,10800.0
2025-05-20,32907.907943006445,3532.9075134889717,0.0,1240.2869891119437,37681.10244560736,37685.6899829744,53913.39690185366,57847.42069380323,181.37323934308995,3934.0237919495808,0.0,18481.089163482553,14979.690047002889,0.0,8225.10659205134,8213.986786960202,5.684341886080802e-14,9.094947017729282e-13,1200.0,10590.495189020658
2025-05-21,31721.73677384755,4144.3426547479485,-0.354558809854645,1739.550159077627,37605.27502886327,37674.88836738437,51006.35681666482,55375.25293238422,282.19133149262404,4370.5685629356885,1.6724472162954953,17683.144108202985,14475.209922371301,1086.8947947118284,8213.986786960202,8045.2499039303275,5.684341886080802e-14,9.094947017729282e-13,1200.0,10800.0
2025-05-22,34311.90043162005,0.0,0.0,0.0,34311.90043162005,34040.42015406992,54995.25084570644,54995.25084570644,0.0,0.0,0.0,18773.045478638636,14613.9259952098,19.50054561093998,8045.2499039303275,8703.29528447199,0.0,9.094947017729282e-13,1209.5372583157964,10323.477065721489
2025-05-23,13973.28205512077,0.0,0.0,184.69651537208364,14157.978570492853,14309.52513834738,27018.036629965252,27018.036629965252,44.32361779987608,0.0,0.0,18540.16290522897,15348.134484779148,17449.38294398197,8703.29528447199,8335.959138312346,5.684341886080802e-14,9.094947017729282e-13,1200.0,10800.0
2025-05-24,14717.243195769635,143.9175348522367,-68.71974350688203,353.86384953404456,15146.304836649033,14953.190982610133,28041.898819156617,28004.690424577788,82.19409183290215,106.94936769229491,144.15776227112383,18496.752416890602,14561.086878172882,20396.717594359638,8335.959138312346,8804.050893321799,5.684341886080802e-14,8.597567102697212e-13,1200.0,10800.0
2025-05-25,33692.09474692684,892.7980731553523,-248.92339715808276,0.0,34335.969422924114,34315.13412130541,55105.144203994045,54625.984101161084,0.0,672.6593675148772,1151.819470347839,17403.049590621056,14051.017450085923,2728.9417772926136,8804.050893321799,8854.553913674168,5.684341886080802e-14,9.094947017729282e-13,1646.0273252534807,10800.0
2025-05-26,32886.22460578145,4717.588796007782,0.0,0.0,37603.81340178923,37653.664319099254,52363.390958819116,58094.503142777714,0.0,5731.112183958599,0.0,17999.436274571824,14688.294373572357,203.52829177825066,8854.553913674168,8733.719479041743,5.684341886080802e-14,8.697487174913476e-13,1658.6290178507854,10800.0
2025-05-27,32373.543873836497,2053.5862194086294,-250.05641159959657,2259.977922805627,36437.05160445116,36549.693046780994,51321.37894145016,53741.137323858035,421.8040062274177,2819.8749306944032,400.1165482865264,18904.317664622813,15558.227360289458,1426.4837257521035,8733.719479041743,8460.686087991775,5.684341886080802e-14,9.094947017729282e-13,1200.0,10800.0
2025-05-28,35535.881131703274,277.58776132791155,-334.4493286065673,0.0,35479.01956442461,35212.0808590672,58220.410882199816,57323.647415475716,0.0,224.09932717942053,1120.8627939035193,18793.561672547174,14640.45166270962,896.7133056381648,8460.686087991775,9107.723079162437,5.684341886080802e-14,8.952838470577262e-13,1748.2332759428054,10800.0
2025-05-29,34467.15831087726,2801.833373114053,0.0,645.4784820893367,37914.47016608065,38157.60811911994,55950.815550424646,59683.830059096756,92.62196584656328,3733.0145086721177,0.0,18869.368488813663,15814.599846695395,2611.5598828250613,9107.723079162437,8518.37711165541,5.684341886080802e-14,9.094947017729282e-13,1200.0,10800.0
2025-05-30,15067.53515114297,0.0,0.0,0.0,15067.53515114297,14835.493146903198,28206.06754672556,28206.06754672556,0.0,0.0,0.0,18682.9306857074,14626.968567423497,17553.87216177499,8518.37711165541,9080.827431654861,5.684341886080802e-14,9.094947017729282e-13,1330.7131233274024,10800.0
2025-05-31,15713.26173287283,0.0,-379.61003081000456,0.0,15333.651702062825,15448.02196230305,29253.960293248998,28427.033133773646,0.0,0.0,826.9271594753527,18191.495724469474,14984.613047174658,16830.968906478833,9080.827431654861,8803.603531261102,5.684341886080802e-14,8.952838470577262e-13,1673.5487326348953,10800.0
2025-06-01,44197.151085838545,7971.336270772304,-1537.7578186381304,4303.04984544867,54933.779383421395,55650.715698420165,72483.59998615121,72933.44408255248,722.0135246693665,4768.672346823641,4318.828250422385,18212.935416886343,16316.491733325664,534.1876236611619,8803.603531261102,7065.810147208066,5.684341886080802e-14,9.094947017729282e-13,1200.0,10123.60546284297
2025-06-02,45615.81366368165,5746.090367171748,-1501.600571883096,1639.0482602657878,51499.35171923609,51528.60997018533,74654.90578465848,72182.33813466648,321.98440209927,2927.185035994551,5399.7526859865475,20601.18920353205,16750.79084244211,13.116725675820362,7065.810147208066,6994.890605451224,5.684341886080802e-14,8.846257060213247e-13,1200.0,9904.556242199238
2025-06-03,41353.83580217483,10193.82600746963,-479.65557528008134,51.31970052326861,51119.325934887645,50914.931683823,68324.37431134714,72572.751797389,7.6181549058514975,6388.502453185885,2140.1249671440464,19152.338185709887,15067.502889858446,303.16782311007864,6994.890605451224,7490.325094969626,5.684341886080802e-14,9.094947017729282e-13,1462.1254864570028,10800.0
2025-06-04,48175.61312134788,2646.796369852892,-2072.032521668337,678.7292870742001,49429.10625660664,49531.60294692364,78540.90792451701,73138.76930024015,130.23613107853728,1433.533575881827,6835.672200158689,19732.48340362036,16206.910585095087,98.17179612675955,7490.325094969626,7241.881730344531,5.684341886080802e-14,9.094947017729282e-13,1200.0,10717.467392114766
2025-06-05,40419.711302141135,12085.190892299077,-1.248840795034984,194.49984543904336,52698.15319908422,52845.899801133564,67236.53007556495,74735.07105192216,28.453425825730733,7504.176539511711,5.635563154490001,19678.89736412941,16262.219678464797,197.52877541661954,7241.881730344531,6883.756381988996,5.684341886080802e-14,8.810729923425242e-13,1221.4608240562688,10800.0
2025-06-06,17477.459236187773,7098.652553625091,-5.85188207117396,325.3208457683274,24895.58075351002,24792.20288976762,32216.563971279393,36548.78392548574,71.50694488808162,4347.18066511309,14.96071090674667,17236.99369584876,13736.44356416983,2264.7453386948882,6883.756381988996,7134.335636953072,0.0,9.094947017729282e-13,1200.0,10800.0
2025-06-07,17433.45574375486,6415.84894972967,-111.6034651916294,0.0,23737.7012282929,23463.662518896712,33583.19246663648,36874.77060860954,0.0,3572.263345273823,280.6852033007621,16313.791844918536,12616.349270465595,2050.814867489935,7134.335636953072,7798.582441306876,5.684341886080802e-14,8.526512829121202e-13,1626.3552201941225,10800.0
2025-06-08,41663.29298054202,6214.476601189299,-624.11504216384,0.0,47253.654539567484,47015.51741625829,67962.40685287133,69234.33069131496,0.0,3710.645548839875,2438.721710396254,18176.76997546052,14203.681741312239,76.31919050001704,7798.582441306876,8375.806817763303,5.684341886080802e-14,8.881784197001252e-13,1941.2120370002278,10393.318125954413
2025-06-09,46969.914738477244,2529.4386246316208,-647.8050624417908,0.0,48851.54830066708,48988.37047283956,75162.75390278237,74611.0839512152,0.0,1326.233147204506,1877.9030987716656,20365.215741199252,16794.30565384491,107.46113052753822,8375.806817763303,8044.161369459407,5.684341886080802e-14,9.094947017729282e-13,1456.2047172930343,10763.01229268944
2025-06-10,43106.24697652391,6125.186456916719,-1.100947828842518,1140.0371710785344,50370.36965669032,50565.12180280463,69920.82611299022,74979.69177517213,212.1074871240403,5063.588733090715,4.723070908805312,20578.724434500808,17093.6233455481,88.25394001012864,8044.161369459407,7572.098532123357,5.684341886080802e-14,8.970602038971265e-13,1200.0,10239.804487222582
2025-06-11,49318.27555405665,4048.690596528851,0.0,0.0,53366.966150585504,53194.054556500014,77936.3041952578,80836.3699252276,0.0,2900.0657299697837,0.0,22858.94081232344,18138.531200968122,31.513997205608348,7572.098532123357,7991.221706583209,5.684341886080802e-14,9.094947017729282e-13,1504.5024825981354,10320.624190606202
2025-06-12,46791.592653345826,3555.0202472326064,0.0,0.0,50346.61290057843,50347.61648876737,74644.87758636319,76539.80256280597,0.0,1894.924976442775,0.0,20603.10337932993,16690.70308935269,175.01083949540725,7991.221706583209,7988.789093143817,5.684341886080802e-14,8.881784197001252e-13,1473.5272366524196,10455.517465331925
2025-06-13,18823.719907508894,3107.8903510113346,0.0,0.0,21931.610258520228,21752.857335238215,34009.92211627858,35746.84349466972,0.0,1736.9213783911396,0.0,18403.973513410645,14517.26468683103,3514.8209680901055,7988.789093143817,8422.071158734476,5.684341886080802e-14,8.970602038971265e-13,1618.8666025773891,10800.0
2025-06-14,18929.540774043293,2173.59150543658,-101.36390281497484,0.0,21001.7683766649,21173.708209334985,33703.556935480716,34673.335630740534,0.0,1188.311836818385,218.53314155856415,18102.450745525523,15038.0760396763,5415.6181748913095,8422.071158734476,8005.30345228934,5.684341886080802e-14,8.841816168114747e-13,1293.402157402177,10800.0
2025-06-15,45959.65914960377,2247.4272702284998,-45.058835444058275,0.0,48162.02758438822,47903.599397512575,73336.06487765598,75923.76673605575,0.0,2723.151539609658,135.4496812098887,23133.831453796956,18174.636089023763,337.5970379492376,8005.30345228934,8631.711661791303,5.684341886080802e-14,9.094947017729282e-13,1654.2715996428003,10800.0
2025-06-16,46101.52079808975,3125.02254748817,-9.298052402005476,0.0,49217.24529317591,49337.25891580843,73694.15951331364,77151.09708647363,0.0,3484.7178313075997,27.78025814761122,22409.670454972096,18413.64571149088,461.01952632574853,8631.711661791303,8340.808725165214,5.684341886080802e-14,9.094947017729282e-13,1293.466448227569,10800.0
2025-06-17,48052.06474810024,2647.831631865404,-35.54052823396155,33.20758065731631,50697.563432389,50757.23514278391,76016.06089460551,79055.19877829858,4.760260988720802,3095.697854818729,56.55997112565967,22712.740175494637,18527.49483280479,237.70247993079124,8340.808725165214,8196.169513327288,5.684341886080802e-14,9.094947017729282e-13,1495.4714471365796,10550.028914417559
2025-06-18,48275.75621507535,1209.03986376101,-679.4255551533945,101.55006057057753,48906.920584253545,48835.76109442227,77018.54561579016,76763.87760965801,15.056721857895695,1418.1024139276797,1672.7704200598298,20985.31693234028,16842.870553699973,1708.097052875606,8196.169513327288,8368.654137211348,4.263256414560601e-14,9.094947017729282e-13,1473.2508433603207,10800.0
2025-06-19,45142.865291965354,3348.327003538524,-821.0350033921459,0.0,47670.15729211173,47764.76207250126,72100.54374216282,73366.65506372406,0.0,3381.2633405485008,2115.1520189872676,21594.633329809414,17698.035631445426,1210.5531653600701,8368.654137211348,8139.340099100458,5.684341886080802e-14,8.881784197001252e-13,1263.3647224392002,10800.0
2025-06-20,20069.54120765926,0.0,0.0,0.0,20069.54120765926,19872.965089700054,34919.95767708395,34919.95767708395,0.0,0.0,0.0,18202.99542205807,14315.590699227776,8631.972104253658,8139.340099100458,8615.824090921851,0.0,8.526512829121202e-13,1859.8112762155308,10800.0
2025-06-21,19902.636768896347,0.0,-249.14049349068284,0.0,19653.496275405665,19567.400227608443,35070.745073630984,34621.737345235204,0.0,0.0,449.00772839578315,18756.64340443409,15005.060530832245,11535.41407163336,8615.824090921851,8824.51367621003,7.105427357601002e-15,9.094947017729282e-13,1643.237331927317,10800.0
2025-06-22,44321.33947461532,2351.994021679486,-340.76761491317757,0.0,46332.565881381626,46234.258801554555,70997.4880886585,72305.5673216436,0.0,2189.192255737627,881.1130227525349,20859.10713299364,16681.417486962848,670.5365756128092,8824.51367621003,9062.801777056693,5.684341886080802e-14,9.094947017729282e-13,1874.2448658117453,10800.0
2025-06-23,45483.860222793795,52.96159052152524,-206.26814154787462,0.0,45330.55367176745,45508.67314514185,71861.22793236982,71512.42948522793,0.0,79.66544903959874,428.463896181491,20836.704328728232,17266.30247888843,880.7416353881312,9062.801777056693,8631.055140813856,5.684341886080802e-14,9.094947017729282e-13,1586.7205340564337,10800.0
2025-06-24,53696.591961468424,0.0,-231.3317801525981,0.0,53465.260181315825,53101.96759088164,84028.39984423757,83648.57679252909,0.0,0.0,379.8230517084853,23610.596629396572,18332.051628950227,2101.239542082754,8631.055140813856,9511.645852881627,5.684341886080802e-14,9.094947017729282e-13,1471.372236431945,10800.0
2025-06-25,45308.94779464665,2421.8101674868585,-223.56130393147416,0.0,47507.19665820203,47883.75805115762,72708.92473954413,74443.12944601926,0.0,2242.896622835251,508.69191636012835,19770.20340302182,16835.34261342055,1070.847289751326,9511.645852881627,8598.892678467326,5.684341886080802e-14,9.094947017729282e-13,1585.411792981202,10800.0
2025-06-26,45279.025922597895,1348.8786978300257,0.0,0.0,46627.90462042792,46571.50112312329,71399.17452599229,73134.1056032893,0.0,1734.931077297003,0.0,19781.250155772235,15899.767022036669,1705.238636220397,8598.892678467326,8735.610016399367,1.1368683772161603e-13,8.810729923425242e-13,1774.5987291652104,10800.0
2025-06-27,21293.45167288793,0.0,-204.3283050808568,0.0,21089.123367807075,20808.27487626542,36792.11765590912,36296.46043225022,0.0,0.0,495.6572236588977,18230.29861127165,14153.86404548086,12448.379999792764,8735.610016399367,9416.363160454013,5.684341886080802e-14,9.094947017729282e-13,1933.1098030179214,10800.0
2025-06-28,20138.53545758647,254.23604918472188,-430.578554441277,0.0,19962.192952329915,20231.443218646575,35186.98517954917,34697.52260609971,0.0,209.52230199811402,698.9848754475753,18165.26905699748,15301.243954795744,10056.571387231312,9416.363160454013,8763.72313975648,5.684341886080802e-14,8.952838470577262e-13,1611.0666511898519,10800.0
2025-06-29,43886.50280709722,5726.017615590093,-482.3001283891459,103.92856179335892,49234.148856091524,49324.44276992894,70304.7631073003,75193.12419108767,15.055652623725791,5640.802277825967,752.4411940385859,20048.220460251792,16436.036946648037,2328.227796774308,8763.72313975648,8544.858279929722,5.684341886080802e-14,9.094947017729282e-13,1200.0,10800.0
2025-06-30,48131.50210446256,0.0,-560.6507733351887,443.1863140658015,48014.03764519317,47968.03387278529,76707.96128684068,75732.14788649787,65.77056409509248,0.0,975.8134003428187,21365.96700900232,17206.07492649632,1760.3423847536353,8544.858279929722,8656.367558591452,1.1368683772161603e-13,8.881784197001252e-13,1598.5336084094865,10800.0
2025-07-01,41882.97453965535,17982.507855877946,0.0,209.5725328325854,60075.054928365884,60672.54250470164,66950.89672255999,80977.29190443689,35.69438663466342,14026.3951818769,0.0,17883.62561306404,15789.170457413988,51.98710208816556,8656.367558591452,7208.107879889108,5.684341886080802e-14,8.981704269217516e-13,1200.0,9384.511102256389
2025-07-02,40862.847507977625,13147.567686443803,0.0,3118.5430314711516,57128.95822589257,57172.75279216293,64525.20479104324,75841.26602117799,498.935959175484,11316.061230134748,0.0,18209.625624043252,14845.33566923477,71.1456588783202,7208.107879889108,7101.953531267183,5.684341886080802e-14,9.094947017729282e-13,1200.0,9994.079871178712
2025-07-03,45785.462739928655,14334.889899345655,0.0,603.2883603207226,60723.64099959503,60709.32053518036,73889.15914959347,83845.03958823677,106.24378663178399,9955.88043864329,0.0,18990.26424550879,15350.873596697076,551.4737927235066,7101.953531267183,7136.665133672781,5.684341886080802e-14,9.094947017729282e-13,1200.0,10800.0
2025-07-04,18990.808348017927,2617.1854492733655,0.0,25208.260181058027,46816.25397834932,46891.37712239555,34401.09250238283,36376.33560390358,5404.482364868876,1975.2431015207503,0.0,17276.80462131517,14158.09471304026,9781.240593830882,7136.665133672781,6954.572945033928,0.0,6.821210263296962e-13,1200.0,10800.0
2025-07-05,20069.128729302734,8350.700242496572,0.0,3340.7705657862234,31760.59953758553,31719.221595517127,36430.832213069,41611.13611255442,1042.0010252575485,5180.3038994854205,0.0,17482.56426647654,14070.610066685194,10451.102971353957,6954.572945033928,7054.869599657043,0.0,9.094947017729282e-13,1200.0,10800.0
2025-07-06,42974.87367967652,17035.762927501073,0.0,2274.097894492236,62284.73450166984,62305.69180289855,67828.78833598831,83423.0985687497,357.93311553646026,15594.3102327614,0.0,20696.25351917842,16809.68421397449,100.48082908225126,7054.869599657043,7004.070862501521,5.684341886080802e-14,9.094947017729282e-13,1200.0,10778.215718598347
2025-07-07,42068.51329265942,9658.260006826924,0.0,10477.480251658735,62204.253551145084,62185.11173049635,66948.81261532826,75624.07431629249,1845.1160945028,8675.261700964238,0.0,19345.52213745133,15628.114583031036,342.30008970833273,7004.070862501521,7050.469027284352,5.684341886080802e-14,9.094947017729282e-13,1200.0,10800.0
2025-07-08,50897.39711914338,4193.977941286532,-811.5165652474045,64.0264434497536,54343.88493863226,53912.206483220485,82014.43870348114,81690.94251360363,9.509348499889143,2508.2019478389825,2831.698137716504,22694.654011335937,17440.952677047604,875.3635111485236,7050.469027284352,8096.821329656023,1.1368683772161603e-13,9.094947017729282e-13,1523.4293673780626,10800.0
2025-07-09,48548.445456614354,2553.199689692818,-509.00369970127446,2153.3847717628296,52746.02621836873,52897.29792835433,77625.75998398729,77886.55528173549,371.8926353602036,1737.7698726013436,1476.9745748531323,20262.8387005844,16742.902269876657,679.7864697212804,8096.821329656023,7730.151415874596,5.684341886080802e-14,8.966161146872764e-13,1200.0,10800.0
2025-07-10,45089.193575296325,4501.295007260556,0.0,7370.322834465847,56960.81141702273,56970.21425046303,70468.99018054515,75476.59382744407,1108.0004022093653,5007.603646898922,0.0,19744.649245542692,16013.678399222583,0.0,7730.151415874596,7707.359737726815,5.684341886080802e-14,9.023892744153272e-13,1200.0,10487.838605832247
2025-07-11,25141.52490963866,0.0,0.0,722.85207578365,25864.37698542231,25896.616198935484,43211.92970670575,43211.92970670575,155.6693124657898,0.0,0.0,17493.43582718928,14240.013650095154,7595.399692077419,7707.359737726815,7629.214593202555,1.4210854715202004e-14,9.094947017729282e-13,1200.0,10800.0
2025-07-12,24210.209380820263,1734.2916153366923,0.0,0.0,25944.500996156956,25954.6382128272,42238.09985839874,43252.87879001822,0.0,1014.7789316194824,0.0,17535.687982735748,14226.021851264804,8858.969325213951,7629.214593202555,7604.642831814941,1.1368683772161603e-13,8.988365607365267e-13,1202.0797149793611,10800.0
2025-07-13,49759.819252835514,1761.588894253929,-2137.4271978218812,2422.66992170899,51806.650870976555,51786.36958866429,77727.81863197438,72965.05539761984,368.22307814472424,895.6865092087172,5658.449743563258,20282.04614184839,16384.213263200614,167.72519711679502,7604.642831814941,7653.802955922245,1.1368683772161603e-13,9.094947017729282e-13,1200.0,10572.027634768616
2025-07-14,46088.6841649203,3994.931719012924,-127.94718844351648,0.0,49955.6686954897,49873.076040637905,73817.79421255832,75873.91792351927,0.0,2626.854316139902,570.7306051789383,19516.97263802778,15628.569947144651,177.83601596948927,7653.802955922245,7854.000611097627,5.684341886080802e-14,9.094947017729282e-13,1307.6696447049683,10732.923727037638
2025-07-15,50871.57325427745,546.4471999589537,-1086.474707885648,1816.92684813533,52148.472594486084,51937.34772371101,80909.34396522527,77040.76933340829,260.45396332215165,271.72954798759645,4140.304179804579,19565.584921953927,15387.549735266912,374.13752671008956,7854.000611097627,8365.749557226267,5.684341886080802e-14,9.094947017729282e-13,1200.0,10800.0
2025-07-16,50756.629426016385,187.8515981963866,-662.1548791300564,39.54088794484766,50321.867033027556,50189.13332975064,78898.22392646917,77080.34997060212,5.852273802241939,91.98959160771608,1909.8635474747653,19528.121123941615,15528.216301466513,951.7340385959329,8365.749557226267,8687.4849004776,5.684341886080802e-14,9.094947017729282e-13,1678.8528757755869,10800.0
2025-07-17,47109.58025103029,2287.029127738946,0.0,2334.2084936697674,51730.817872439,51987.06718261962,74056.0081584659,76353.8618469241,335.60378249425213,2297.8536884582068,0.0,20486.67001633844,17153.216829168166,635.5963755814191,8687.4849004776,8066.358104995355,5.684341886080802e-14,9.094947017729282e-13,1200.0,10800.0
2025-07-18,27743.525663244814,0.0,-187.27731542356594,0.0,27556.24834782125,27200.893652083196,46516.38195879439,46026.32263569065,0.0,0.0,490.05932310373134,16647.68010132268,12709.40595196681,10813.800386334784,8066.358104995355,8927.708027333754,1.4210854715202004e-14,9.094947017729282e-13,1979.1289096856915,10800.0
2025-07-19,27928.242917913874,0.0,-879.7059286825097,0.0,27048.536989231365,27279.38441039139,45988.64317429476,43968.49320080913,0.0,0.0,2020.1499734856443,16767.110911580676,14084.95911427483,14103.522353503275,8927.708027333754,8368.153276339886,7.105427357601002e-15,9.094947017729282e-13,1607.5796579479074,10800.0
2025-07-20,51016.63720521295,264.7121235883553,-704.0815845428235,0.0,50577.26774425848,50361.47162806267,81176.8897270458,78571.69922862633,0.0,145.1160182204759,2750.3065166399415,20244.644499147238,15927.397557052014,2164.474069864449,8368.153276339886,8891.22492884793,1.1368683772161603e-13,9.094947017729282e-13,1945.0877393356348,10800.0
2025-07-21,51736.52409915313,600.8905072037271,-222.97973717462204,0.0,52114.43486918224,52030.03823283447,81490.38266179095,80893.77411376171,0.0,315.36850490450263,911.9770529337341,20474.794138239908,16400.46993271311,2829.7005582349175,8891.22492884793,9095.795283582616,5.684341886080802e-14,9.094947017729282e-13,1993.7148300447757,10800.0
2025-07-22,51730.7844344645,1488.5941501153995,-865.7372385498586,171.89894611052085,52525.54029214056,52815.457722825784,80982.9782841657,80908.0502456728,25.473545859847263,1992.1413127629885,2067.0693512558823,20130.02153607493,16937.779385656268,3946.1370244473246,9095.795283582616,8393.05979309865,1.1368683772161603e-13,9.094947017729282e-13,1232.7890760124403,10800.0
2025-07-23,58265.86881910519,0.0,-3212.196651671961,184.06063296007775,55237.73280039331,55209.83332425936,91179.8005124459,81822.00839317823,27.304709403816787,0.0,9357.792119267655,21803.58217869958,17600.038177543593,3429.2219847594033,8393.05979309865,8460.68577887983,5.684341886080802e-14,9.094947017729282e-13,1386.2170115629626,10800.0
2025-07-24,57182.248527811105,0.0,-888.9206979279387,0.0,56293.327829883165,55820.135202585705,89071.35396451021,85971.0854783845,0.0,0.0,3100.2684861257217,20205.330029782555,15334.03607416174,7483.319522763683,8460.68577887983,9607.664945504426,5.684341886080802e-14,9.094947017729282e-13,2209.2429948309464,10800.0
2025-07-25,26307.838223690967,0.0,0.0,0.0,26307.838223690967,26402.983687590557,44135.33741801897,44135.33741801897,0.0,0.0,0.0,17583.179682758757,14449.93769159012,14496.77586018367,9607.664945504426,9377.040335998287,1.0658141036401503e-14,9.023892744153272e-13,1965.9098150200566,10800.0
2025-07-26,26007.92392233329,0.0,-503.2470026995492,0.0,25504.67691963374,25871.04090287373,44072.76298766252,43229.85595000705,0.0,0.0,842.9070376554724,17600.59290671323,15055.712213566167,12215.883690193321,9377.040335998287,8489.004825855569,7.105427357601002e-15,7.602807272633072e-13,1233.7268771750828,10800.0
2025-07-27,51412.3120004918,937.3905045038173,-837.8480687584558,1050.0381799044615,52561.89261614163,52556.450905525075,80973.22546276693,78340.28193106264,150.52152808263497,465.5016236503287,3098.445155354628,19761.978096783372,15995.33103404923,1038.9665964111325,8489.004825855569,8502.195075128133,1.1368683772161603e-13,8.952838470577262e-13,1200.0,10800.0
2025-07-28,52684.78415913669,1137.4999651820235,0.0,0.0,53822.284124318714,53576.71849038061,83294.14926149976,84355.48105183922,0.0,1061.3317903394643,0.0,22155.34000700859,17410.117989868017,1655.3818013653063,8502.195075128133,9097.425537138084,4.263256414560601e-14,8.810729923425242e-13,1461.209312074054,10800.0
2025-07-29,52440.15586906384,3287.052418158672,-908.1324186681594,129.86274129294384,54948.9386098473,55168.79891045269,82234.16086743961,83453.59573206678,19.28750056333638,3295.6140646092344,2076.179199982059,19218.62639380998,16046.71798359253,4231.728872412665,9097.425537138084,8564.502643130922,1.1368683772161603e-13,8.419931418757187e-13,1264.8861037498457,10800.0
2025-07-30,48501.31970921982,5383.852733283884,-393.35141937768253,0.0,53491.821023126024,53275.08201970556,75616.21025073997,81080.63232069749,0.0,6091.5653859094145,627.1433159518864,20593.147968951613,16207.628436131226,2591.8587378771126,8564.502643130922,9089.859775041561,5.684341886080802e-14,9.094947017729282e-13,1650.683792554422,10800.0
2025-07-31,48749.327478835374,1021.1244241034294,0.0,7468.820286824059,57239.272189762865,57410.14232158932,77194.79294290501,78348.2464188362,1081.3301103147296,1153.4534759311932,0.0,20723.82770509237,17159.057798462367,1169.810355854264,9089.859775041561,8675.684933555394,5.684341886080802e-14,9.094947017729282e-13,1200.0,10800.0
2025-08-01,26651.383586420397,0.0,-126.13292488211522,0.0,26525.25066153828,26177.49491762783,44365.52459976296,44064.68880226783,0.0,0.0,300.8357974951339,18947.180862642308,14588.578867263128,18454.727140221985,8675.684933555394,9518.615635196666,7.105427357601002e-15,9.094947017729282e-13,1937.2309582424305,10800.0
2025-08-02,26599.831632077017,0.0,-845.7440903370679,0.0,25754.08754173995,25911.660607495054,44271.18182979857,42579.19984849331,0.0,0.0,1691.9819813052559,17843.183049941148,14796.727754054893,18605.719619273717,9518.615635196666,9136.671764527147,0.0,9.094947017729282e-13,1417.1711935796288,10800.0
2025-08-03,44165.9607940905,0.0,-285.3812049327307,18.857272350033043,43899.4368615078,44108.1034469583,67695.2148510757,67022.45480085592,2.7992685148122973,0.0,672.7600502197768,18842.00314601563,15717.233790435082,1061.0047304568545,9136.671764527147,8630.88149545779,3.552713678800501e-15,9.094947017729282e-13,1479.1458858733472,10800.0
2025-08-04,45956.97867191039,2212.6190738775686,-764.8457595855148,0.0,47404.75198620244,47105.62215891929,70949.00422385336,70744.82149439584,0.0,1653.4449048834404,1857.6276343409497,19237.179811693713,14929.55663831663,1021.543237685441,8630.88149545779,9355.947061185872,0.0,9.094947017729282e-13,2020.8317545839354,10800.0
2025-08-05,44501.344816644814,1033.7466143198978,0.0,0.0,45535.09143096471,45723.66499129479,68736.99383372848,70065.1232849748,0.0,1328.1294512463228,0.0,18401.757110489478,15316.801077614877,1827.857518766867,9355.947061185872,8898.860596609875,5.684341886080802e-14,9.094947017729282e-13,1871.6654707174016,10800.0
2025-08-06,50178.25809338875,0.0,-1821.9640993714258,0.0,48356.293994017324,48502.29092112655,76929.01356043454,72401.10460671267,0.0,0.0,4527.908953721857,19219.56628437963,15886.344545339343,953.4836010057209,8898.860596609875,8544.976313285604,5.684341886080802e-14,9.094947017729282e-13,1492.7426324742323,10800.0
2025-08-07,49320.60222294821,536.8652502252003,-1509.168688158416,0.0,48348.298785014995,48315.545310939844,79043.51215080274,73315.21152961733,0.0,401.13601768606827,6129.436638871473,19002.919687690366,15320.912445006914,6245.219036933882,8544.976313285604,8624.367982199246,2.842170943040401e-14,9.094947017729282e-13,1432.7985427533756,10800.0
2025-08-08,24110.013463141964,0.0,0.0,0.0,24110.013463141964,23907.163859590277,41504.784446273436,41504.784446273436,0.0,0.0,0.0,18120.73647725588,14235.275192209187,21844.15191122675,8624.367982199246,9116.058375941553,5.684341886080802e-14,8.841816168114747e-13,1643.2865350189954,10800.0
2025-08-09,24119.864505369937,0.0,-134.8107682360436,0.0,23985.053737133894,24108.791358439405,41047.91974988421,40831.03376306621,0.0,0.0,216.8859868180042,18094.99760847359,14926.88469970029,18740.9918542929,9116.058375941553,8816.128779456345,0.0,9.000578060636144e-13,1635.7880057103646,10800.0
2025-08-10,45614.00523991887,0.0,-176.63459430564723,0.0,45437.37064561323,45502.62216024481,70344.1536249138,70023.47340602629,0.0,0.0,320.6802188875191,18572.559306930933,15186.120808211626,1332.4158573069858,8816.128779456345,8657.964591014586,5.684341886080802e-14,9.094947017729282e-13,1496.0676575512061,10800.0
2025-08-11,43842.64445391153,1641.9433595475566,-648.1116934172734,3990.0005419626264,48826.47666200444,49013.07247180468,69238.08861517551,68974.93635587198,580.0535979969709,1413.3639094955695,1676.5161687991067,19189.175585529378,15950.295531411019,1754.8565664172536,8657.964591014586,8205.672027534343,1.1368683772161603e-13,9.094947017729282e-13,1200.0,10800.0
2025-08-12,47248.117957557864,1668.3709337121218,-710.356151776249,0.0,48206.13273949373,47996.73384100779,75212.78762574427,73154.99185630864,0.0,1154.2653554178435,3212.0611248534833,18843.346367975522,14806.301757161656,1357.4035954947758,8205.672027534343,8713.237361866022,0.0,9.094947017729282e-13,1514.7659345115235,10800.0
2025-08-13,42175.563778055264,4468.914647690974,-0.6929939009392357,57.82402335458969,46701.60945519988,46736.52434241551,66124.20705224888,71367.58583141732,8.288994173536366,5246.970351601401,3.591572432957946,19186.89790398381,15617.554979697017,1685.5524513040675,8713.237361866022,8628.606609121436,5.684341886080802e-14,9.094947017729282e-13,1312.846632905458,10800.0
2025-08-14,44491.42219439735,2187.486502014482,0.0,223.38518617836314,46902.293882590195,46983.864646351925,68825.14975869271,71707.50682848254,32.8613307932651,2882.357069789836,0.0,20087.40645668882,16448.74783925542,2175.418558509068,8628.606609121436,8430.885932079802,5.684341886080802e-14,9.094947017729282e-13,1316.0655298933439,10800.0
2025-08-15,23871.019251130878,0.0,0.0,0.0,23871.019251130878,23900.98122505676,40666.30238338351,40666.30238338351,0.0,0.0,0.0,18507.50041264254,15056.43811064758,20055.513198055214,8430.885932079802,8358.260624960778,7.105427357601002e-15,9.094947017729282e-13,1307.4573619139894,10800.0
2025-08-16,25518.87850092323,127.17715969263725,-1235.8194026006497,369.08853219465936,24779.324790209877,24852.701142445872,42259.488783302935,39610.37312587854,91.85655936595636,102.77302360967002,2751.8886810340673,18618.308122113333,15240.90187977675,19395.543076241247,8358.260624960778,8180.402512888612,0.0,8.86402062860725e-13,1200.0,10800.0
2025-08-17,46597.94071712646,471.4622678699171,-1201.9634795324096,244.89555766796343,46112.33506313193,46006.7457705965,74336.33803371641,69536.0565950642,35.93733164512821,283.45493586435316,5083.736374516548,19786.24885339072,15796.515955965839,2416.8674126178003,8180.402512888612,8436.342085422664,0.0,9.094947017729282e-13,1200.0,10800.0
2025-08-18,44155.744920821046,478.4752100031552,-378.68286496462156,1947.7201595663691,46203.25742542595,46188.54035446848,68834.75746441726,68202.61401016427,314.1634528638979,480.2339102741805,1112.3773645271722,20021.21017829766,16185.074595416114,286.5262634799602,8436.342085422664,8472.015028761538,7.105427357601002e-15,8.86402062860725e-13,1200.0,10800.0
2025-08-19,44079.72472314707,0.0,-129.0179928772891,1096.7445175067073,45047.45124777648,45153.55723415665,68437.49641314172,68192.39647033998,197.3989687390297,0.0,245.09994280174584,19337.628622488395,15894.95197971234,629.4587463029602,8472.015028761538,8214.82303376516,5.684341886080802e-14,9.094947017729282e-13,1200.0,10800.0
2025-08-20,48728.21652459357,4172.647043659035,-1383.4250111056222,0.0,51517.43855714698,51133.89890313002,78046.3531653994,75490.3835649658,0.0,2433.9526057672083,4989.922206200803,20911.25667962503,16101.41680693114,29.85262560525257,8214.82303376516,9144.490926615314,5.684341886080802e-14,8.988365607365267e-13,1908.3978042723297,10800.0
2025-08-21,45617.7756414231,178.6854481711816,-680.9652253621812,802.6591762219186,45918.15504045401,46252.95345377322,72386.43422206692,69554.1023482205,125.3065663436414,115.14616521955219,2947.4780390659616,17923.65848331517,15248.534270457967,1159.8662183736174,9144.490926615314,8332.967705534558,5.684341886080802e-14,8.952838470577262e-13,1200.0,10800.0
2025-08-22,23663.700077635196,476.81826651414735,-186.63407218686186,2122.8190834624256,26076.703355424906,26099.429734656205,40372.944473270865,40333.54517002713,364.48729778662414,378.10437384766635,417.5036770914005,18901.59451774932,15359.869709598737,15925.738259663169,8332.967705534558,8277.880871954789,2.6645352591003757e-15,9.094947017729282e-13,1200.0,10800.0
2025-08-23,22848.343407082124,1185.1533663280588,0.0,0.0,24033.49677341018,24022.262256130605,39691.71418430148,40421.89364983476,0.0,730.179465533276,0.0,18162.801287339404,14687.360669471402,14416.446881966764,8277.880871954789,8305.112397814251,0.0,8.952838470577262e-13,1378.8842093135381,10800.0
2025-08-24,44512.770801434366,602.5119057735525,-1.584984620733111,432.67182372905427,45546.36954631624,45497.41305758746,68644.47614437729,69146.07796254058,84.34854892452785,509.0834543244083,7.481636161119241,20648.904872183914,16618.81317305041,1466.7453289982789,8305.112397814251,8423.778812723755,2.842170943040401e-14,8.872902412804251e-13,1200.0,10800.0
2025-08-25,56853.680375441574,254.2876148369905,-4500.160099757362,0.0,52607.8078905212,52598.09762961324,89870.36593232088,75737.54520275825,0.0,126.24401956951903,14259.064749132147,20718.676387957657,16760.944703398833,1006.7265015327648,8423.778812723755,8447.315669220281,5.684341886080802e-14,9.094947017729282e-13,1347.288510787878,10800.0
2025-08-26,44817.72819249356,1888.4974959921885,0.0,0.0,46706.22568848575,46426.03658457725,69002.3488283208,71016.91973329172,0.0,2014.570904970924,0.0,20822.453625243157,16254.948076991292,920.5958017065225,8447.315669220281,9126.47051305991,5.684341886080802e-14,9.094947017729282e-13,1591.2189512295322,10800.0
2025-08-27,44512.57567505969,4355.46557546947,-36.267627767324,307.49148141921927,49139.26510418105,49500.05412277265,68744.30739481753,73759.977082498,52.586078603485134,5073.560836858465,57.89114917800816,19020.06562580561,16193.32319476733,3071.671863396524,9126.47051305991,8251.948248765704,5.684341886080802e-14,9.094947017729282e-13,1200.0,10800.0
2025-08-28,43486.55246537099,5163.278510725951,0.0,6335.917155707717,54985.74813180465,54988.41012940568,68725.90054428352,73916.91321061911,957.3824956250251,5191.012666335591,0.0,20750.688878764176,16813.865204448703,169.6770485953307,8251.948248765704,8245.49579026602,5.684341886080802e-14,8.65085780787922e-13,1200.0,10800.0
2025-08-29,24743.918261572522,0.0,-235.97280064332978,0.0,24507.945460929193,24450.214523080143,42019.93276604792,41467.837008508955,0.0,0.0,552.0957575389675,18466.415148364824,14831.85482213422,15278.05633227835,8245.49579026602,8385.430732534118,0.0,9.094947017729282e-13,1330.8944677578895,10800.0
2025-08-30,23529.247281629032,1117.1225212763986,-55.78937303110695,0.0,24590.580429874324,24583.830440043665,40280.13299363821,40842.0173866933,0.0,704.6561096002907,142.77171654520856,18264.103175084267,14779.198304479627,18844.392682755322,8385.430732534118,8401.792140688154,0.0,8.100187187665142e-13,1412.0788407043647,10800.0
2025-08-31,43995.322514981715,2697.613351405527,-1.10078351787019,2477.023176887676,49168.85825975705,49020.07980136495,67651.97987961496,70556.43962950924,361.84069859117005,2910.1647694220055,5.705019527702461,20037.865605897558,15906.107307495029,139.89894636456677,8401.792140688154,8762.418622112587,5.684341886080802e-14,9.094947017729282e-13,1200.0,9987.50978289578
2025-09-01,48073.048285143916,0.0,-3459.384015258305,0.0,44613.66426988561,44033.61359669752,76829.95124352479,65675.24660456696,0.0,0.0,11154.704638957832,18870.384192938145,14019.616514668402,7250.344392963884,8762.418622112587,10168.412712792031,1.1368683772161603e-13,9.094947017729282e-13,1882.2462530377873,10800.0
2025-09-02,42256.50182653216,1543.3812176454744,-983.2925662883631,0.0,42816.59047788927,42576.575113037055,65729.1015563732,65870.33632639723,0.0,2162.657793937398,2021.42302391337,19818.682332176413,15529.53332054607,7523.431464766882,10168.412712792031,10750.18978892184,5.684341886080802e-14,9.094947017729282e-13,2155.6026954136814,10800.0
2025-09-03,44973.205830284154,0.0,-1843.424100028229,0.0,43129.78173025593,43187.648666892645,69910.1256379442,64312.97759127099,0.0,0.0,5597.148046673222,17482.157915782645,14286.786044495339,5569.888469983676,10750.18978892184,10609.925197020291,1.4210854715202004e-14,9.094947017729282e-13,2392.819446482023,10800.0
2025-09-04,44884.343302295834,0.0,-87.18716727377699,0.0,44797.15613502206,44718.73971908165,68174.97015579596,67820.95168975818,0.0,0.0,354.01846603778336,18608.09364372388,14901.48852873461,10188.781024768912,10609.925197020291,10800.0,1.1368683772161603e-13,9.094947017729282e-13,2281.4859629629655,10800.0
2025-09-05,22690.81620658044,0.0,-289.12363604233815,0.0,22401.6925705381,22401.6925705381,37791.548240351745,37170.86169379425,0.0,0.0,620.6865465574978,17617.104887814683,14269.85495912989,26999.350098442796,10800.0,10800.0,5.684341886080802e-14,9.094947017729282e-13,3118.0491302740006,10800.0
2025-09-06,22548.73425526167,0.0,-916.9861703108727,0.0,21631.748084950796,21713.04293165468,37923.46014167341,36394.80287142392,0.0,0.0,1528.6572702494827,18389.037510736653,15072.467073247317,25357.148733934584,10800.0,10602.948122721527,5.684341886080802e-14,9.059419880941277e-13,2257.4536576460823,10800.0
2025-09-07,42123.34613535044,1730.9303272227899,-1204.7479945058772,0.0,42649.52846806735,42674.955991598814,64652.15727827529,64307.45372452276,0.0,2356.054338699352,2700.7578924518816,19349.119567689344,15728.257612178182,5725.608152344936,10602.948122721527,10541.313942332848,5.684341886080802e-14,9.094947017729282e-13,1943.4392962962959,10800.0
2025-09-08,42069.114346222705,1660.775960241071,-639.9470994970713,0.0,43089.94320696671,43571.4189378461,66590.9130613801,65521.363351364635,0.0,1595.9103101405376,2665.4600201559897,17415.478336201704,15156.88849464039,3867.203976469997,10541.313942332848,9374.257228647282,1.1368683772161603e-13,9.094947017729282e-13,2450.527594027478,10800.0
2025-09-09,37993.09552291034,1072.6443417169453,-88.86478602521146,0.0,38976.875078602076,39148.97487288019,58848.99606534497,59710.848850681694,0.0,1027.7573739523914,165.90458861567504,19141.017263936512,15879.663879735992,3346.6611998145063,9374.257228647282,8957.10178870571,2.842170943040401e-14,9.094947017729282e-13,1954.6258136166962,10800.0
2025-09-10,43082.13718108137,1619.0079556001533,-1109.2066745144823,1462.130687641661,45054.0691498087,45009.70513907215,68887.19475054373,67125.50076050447,296.3760166666656,1602.2258237528815,3363.919813792151,21142.921901260237,17028.98556927852,1991.9417951894181,8957.10178870571,9064.636422863789,1.1368683772161603e-13,9.094947017729282e-13,1200.0,10800.0
2025-09-11,43048.84611841097,0.0,-1417.9008456736567,0.0,41630.945272737314,41461.414594622926,67268.28337013106,61737.98876844486,0.0,0.0,5530.294601686181,19788.665448218824,15658.98370664019,4112.221243532902,9064.636422863789,9475.564541104966,1.1368683772161603e-13,8.970602038971265e-13,1821.5777851645407,10800.0
2025-09-12,19666.71416518525,0.0,0.0,0.0,19666.71416518525,19530.139653826016,34304.39506334954,34304.39506334954,0.0,0.0,0.0,17677.749789719237,14021.036704299619,19096.025777929925,9475.564541104966,9806.609680408254,5.684341886080802e-14,8.526512829121202e-13,2742.9731958640805,10800.0
2025-09-13,19878.468474179506,0.0,-241.19323504603332,0.0,19637.275239133472,19718.994327676763,34396.67358910969,33991.221813502634,0.0,0.0,405.4517756070473,17776.31213676156,14577.08501424054,22784.89320764828,9806.609680408254,9608.529476559721,5.684341886080802e-14,9.094947017729282e-13,2507.8029083586316,10800.0
2025-09-14,46327.73409317463,0.0,-2317.555117934974,0.0,44010.17897523966,44327.009100993266,72237.97659273577,65657.15890790826,0.0,0.0,6580.817684827506,18295.915780766045,15510.864424112988,2772.78280125521,9608.529476559721,8840.559874679175,5.684341886080802e-14,9.094947017729282e-13,2064.372213247493,10800.0
2025-09-15,36821.25764659047,1134.042619097798,0.0,1110.118866535872,39065.41913222414,39348.97987146551,57846.532173721964,58880.58443040848,214.68765783685623,1034.0522566865145,0.0,20354.575113721028,17105.80050622799,779.4668474189684,8840.559874679175,8153.232470108107,0.0,8.668621376273222e-13,1200.0,10800.0
2025-09-16,43081.329827305104,446.7502233012063,-1215.3895364802052,0.0,42312.6905141261,42366.83157678453,69092.6786955387,65005.96459369332,0.0,248.3860988364898,4335.100200681882,19751.141335450575,16116.534529528933,1879.5878044383494,8153.232470108107,8021.999083648142,5.684341886080802e-14,8.597567102697212e-13,1775.3233731993143,10800.0
2025-09-17,40618.862381194565,763.041013000266,-181.7109385044849,6.289739342082906,41206.48219503243,41299.44467047096,63212.814851780015,63476.374004135636,1.3825122193829884,642.0574825057907,378.4983301501701,19526.288783813132,16019.09382090858,10.443153450466525,8021.999083648142,7796.665854737089,4.263256414560601e-14,9.094947017729282e-13,1630.4868906394363,10569.212762287734
2025-09-18,37881.57621158609,4199.092934940135,0.0,0.0,42080.66914652623,41898.12193367912,59688.33995226588,64715.04514992625,0.0,5026.70519766037,0.0,20740.34143460384,16401.445367829918,1420.097966485666,7796.665854737089,8239.144959402856,5.684341886080802e-14,8.65085780787922e-13,1406.3551723976038,10800.0
2025-09-19,17665.9444193681,0.0,0.0,139.6133827240871,17805.55780209219,17988.03501655902,32046.43757526647,32046.43757526647,36.46344463663924,0.0,0.0,18183.538829454006,15126.744942884234,12924.754816666666,8239.144959402856,7796.835524928982,5.684341886080802e-14,9.094947017729282e-13,1200.0,10800.0
2025-09-20,18042.561191515004,672.0248614387782,-40.280156403053994,0.0,18674.30589655073,18479.71507069738,32892.25429599233,33177.65263863407,0.0,373.2616336466451,87.86329100489829,18482.230889116876,14546.102390663495,13596.090406847366,7796.835524928982,8268.50733550807,5.684341886080802e-14,9.094947017729282e-13,1240.9767361626266,10800.0
2025-09-21,39170.43566436287,1647.5948891009696,-509.0842415602317,0.0,40308.94631190361,40460.375945378495,62389.30900534242,61975.95485902,0.0,1673.7358165553114,2087.089962877726,19224.0144900092,15901.799173251795,366.2520589292694,8268.50733550807,7901.454628458793,5.684341886080802e-14,9.094947017729282e-13,1474.8645183213973,10800.0
2025-09-22,41791.63686203938,3706.0025487103503,-1410.7862943565874,58.265560350000634,44145.11867674314,44041.84722270036,66966.59729577982,64692.04477066902,8.649233333333427,2181.9542585450276,4456.506783655827,20213.184338034545,16147.39011969365,20.879902328124558,7901.454628458793,8151.775955252502,5.684341886080802e-14,9.094947017729282e-13,1303.8639382065219,10478.199125966159
2025-09-23,40813.458451275466,2069.6616376274437,-361.09637061874236,453.504398301163,42975.52811658534,43251.56101596793,65471.68149374444,65492.42916477422,96.8098804144477,1070.221989153906,1049.4743181241186,20631.597569818558,17313.766529532826,154.79242156961254,8151.775955252502,7482.695401941628,5.684341886080802e-14,9.094947017729282e-13,1200.0,10679.505644689272
2025-09-24,36795.22541799399,7115.685259815997,0.0,0.0,43910.91067780999,43843.10500549323,58898.0560045732,64991.47070593183,0.0,6093.4147013586335,0.0,19869.405592111572,15946.29880276798,5.138816588244708,7482.695401941628,7647.050653988727,5.684341886080802e-14,9.094947017729282e-13,1432.6594762797258,10281.866513630035
2025-09-25,39467.56209326224,2596.698417411489,-393.88439955190336,2943.760770195513,44614.13688131734,44575.5032913888,63221.02154571292,64215.6603568958,537.4933606347971,2791.615977921508,1796.9771667386321,19984.832431836236,16103.434151710004,536.3065374043746,7647.050653988727,7740.695229630222,5.684341886080802e-14,9.094947017729282e-13,1200.0,10800.0
2025-09-26,17333.378536393247,254.38967078048165,-106.53184276918122,232.51307096972323,17713.74943537427,17893.918384515284,31868.841518554553,31838.79438567732,59.89517541723937,225.73224202058924,255.77937489782312,17733.845927108807,14757.458154915104,11228.05828890086,7740.695229630222,7303.980836344703,5.684341886080802e-14,8.739675649849232e-13,1200.0,10800.0
2025-09-27,17029.846242086416,1780.3880790831115,0.0,4247.150122733023,23057.38444390255,23164.04755660777,31657.393524143972,32932.34805825217,695.2107236684064,1274.954534108197,0.0,17339.625433244768,14277.784781082391,12764.415879758197,7303.980836344703,7045.4384139512285,5.684341886080802e-14,9.094947017729282e-13,1200.0,10800.0
2025-09-28,39437.902137079065,6744.070081542803,-44.54030239894474,39.56136916666671,46176.993285389595,45969.47656486773,63595.97632059133,69047.4842038175,5.868333333333339,5647.246412775467,195.7385295493067,20728.343790420127,16337.255686446304,1174.6352665103436,7045.4384139512285,7548.441507055674,5.684341886080802e-14,8.952838470577262e-13,1704.482707862672,10800.0
2025-09-29,40922.18182661137,3602.223606562385,-476.30772970871186,5192.109901653957,49240.207605119,49216.74220178368,65761.6636946866,65582.1434390155,894.5297336791916,1853.8581915585487,2033.3784472296593,19200.063930219065,15500.86143415987,17.57907663549986,7548.441507055674,7605.319672964084,5.684341886080802e-14,8.988365607365267e-13,1200.0,10073.230623551643
2025-09-30,40990.89864420974,5139.732799928747,0.0,2839.8322922705665,48970.463736409045,48947.153227197596,64846.874867845385,69293.10478283081,549.1290055493916,4446.229914985424,0.0,20924.508655495083,16897.999566940045,393.5499331584973,7605.319672964084,7661.822388531833,5.684341886080802e-14,9.094947017729282e-13,1200.0,10278.57661188063
2025-10-01,37555.9318956516,0.0,-354.133163831616,0.0,37201.79873181998,36513.532690787026,60675.21371025834,59193.39425196413,0.0,0.0,1481.8194582942092,21666.82930132132,16048.662589883095,3913.706007192571,7661.822388531833,9330.12143762869,0.0,9.094947017729282e-13,1354.9467535571016,10800.0
2025-10-02,41623.79211193198,0.0,-1158.0154861494625,0.0,40465.77662578252,40352.7815808522,66354.4218082057,62429.07723574592,0.0,0.0,3925.344572459779,19326.538247665645,15407.994535972606,6779.750407386218,9330.12143762869,9604.011931669324,1.1368683772161603e-13,8.846257060213247e-13,2093.7571439746202,10800.0
2025-10-03,14658.361573786338,448.5706562487152,0.0,0.0,15106.932230035054,15646.529618104712,27835.56077136946,28217.011049705332,0.0,381.4502783358749,0.0,18056.080924401067,15802.57040288936,18146.346828193622,9604.011931669324,8296.073204864335,5.684341886080802e-14,9.094947017729282e-13,1221.527893088842,10800.0
2025-10-04,16804.105204844363,11.436467676815957,-151.19942411070392,843.1796073877745,17507.52185579825,17410.951520686118,31285.195092990813,31039.324904271474,227.4302473317413,11.051328865841384,256.9215175851797,18035.868456733773,14398.382910119108,14533.287171655216,8296.073204864335,8530.151582459055,5.684341886080802e-14,9.094947017729282e-13,1200.0,10800.0
2025-10-05,41200.793551911134,160.1290394495333,-1884.8241987273293,0.0,39476.098392633336,39139.35227401593,66771.34673977496,59823.08035384094,0.0,125.62138562271846,7073.887771556753,20519.852592566836,15886.46073442542,453.7274290328504,8530.151582459055,9346.39587751875,5.684341886080802e-14,8.597567102697212e-13,1625.4000753287687,10800.0
2025-10-06,35947.836516572395,3885.1150142022243,0.0,0.0,39832.95153077462,39970.2733691821,57138.25108672625,61297.57901838416,0.0,4159.327931657906,0.0,19962.595174188184,16469.273028636344,71.1476228323304,9346.39587751875,9013.539280247725,5.684341886080802e-14,8.58202398035246e-13,1310.2525230288147,10595.654231882369
2025-10-07,37112.504788558625,3357.0430285060847,0.0,0.0,40469.54781706471,40338.8684204778,59554.810993473424,62403.140462114185,0.0,2848.3294686407557,0.0,19657.13913136039,15637.202407591252,611.6407383450473,9013.539280247725,9330.295156704015,5.684341886080802e-14,9.094947017729282e-13,2110.881459835358,10800.0
2025-10-08,35075.05863003135,3522.207592500119,0.0,1428.9091278332662,40026.175350364734,40197.7378829026,56798.94826594052,59546.59769670825,277.6559454170533,2747.6494307677344,0.0,19579.083272760923,16233.325297302279,0.0,9330.295156704015,8914.441994075198,5.684341886080802e-14,9.094947017729282e-13,1200.0,10389.809668135078
2025-10-09,41149.000455112495,0.0,-2249.75284183216,2176.376881430444,41075.62449471078,41389.35903634651,66304.16372839284,59033.53813468752,405.5226844964624,0.0,7270.625593705323,20031.802360719947,16910.179461671294,557.4562368020032,8914.441994075198,8153.975827977273,1.1368683772161603e-13,9.094947017729282e-13,1200.0,10800.0
2025-10-10,15635.21465653236,150.26896395522527,0.0,697.0878961919889,16482.571516679574,16722.038145584043,30294.79330246331,30433.645462062887,162.0868740499501,138.8521595995807,0.0,17966.46827627153,15075.241591451959,18360.8947346266,8153.975827977273,7573.528841675029,5.684341886080802e-14,9.094947017729282e-13,1200.0,10800.0
2025-10-11,16495.321776538272,742.1844794950698,0.0,0.0,17237.506256033343,16836.940413408563,31904.622669830198,32340.19960784781,0.0,435.57693801761326,0.0,18306.087257352236,13954.08652944892,13881.885296611163,7573.528841675029,8544.466785015462,5.684341886080802e-14,8.988365607365267e-13,1440.88482007304,10800.0
2025-10-12,37035.73635916172,2500.751556350917,-21.793209690695992,98.03580773333336,39612.730513555274,39788.038189754814,60546.756963731255,62499.26476338676,20.929933333333338,2048.2810788938928,95.77327923839152,20270.412798786703,16801.472335564573,536.2982501646337,8544.466785015462,8119.535708851749,5.684341886080802e-14,9.094947017729282e-13,1287.6089424764218,10800.0
2025-10-13,39117.30664346337,3828.2112704564993,-1268.4681499637577,0.0,41677.049763956114,41424.79459803833,63829.92279086268,61462.865271344344,0.0,2383.434366767424,4750.4918862857485,20448.258834064614,16012.78886272026,0.0,8119.535708851749,8730.981034265176,5.684341886080802e-14,8.970602038971265e-13,1422.8792181021909,10459.107771395331
2025-10-14,40640.705966074354,1741.43266929276,-604.9260889648931,577.8150421962574,42355.027588598474,42537.23591614919,65649.45111733077,64645.15025322989,120.60662293737266,1548.0250795176653,2552.3259436185435,20330.543506941765,16865.23214828802,526.616234180185,8730.981034265176,8289.323359081636,5.684341886080802e-14,9.094947017729282e-13,1200.0,10800.0
2025-10-15,42592.83493721777,563.8037912062464,-1157.870780847087,994.1996786196461,42992.96762619658,43083.09970415075,69435.80101903412,65584.22613615773,209.54195479026288,301.1450382870028,4152.719921163389,21071.12782342654,17264.23886189572,66.85547941718016,8289.323359081636,8070.850775836949,5.684341886080802e-14,9.094947017729282e-13,1200.0,10692.021431032357
2025-10-16,39575.72944901377,2539.4674273534074,0.0,3651.4108943401993,45766.60777070738,45704.322054532255,64232.39547923463,66626.33543864958,602.8151253398732,2393.9399594149518,0.0,21447.655261090953,17236.7229535067,51.745306405202314,8070.850775836949,8221.826118033578,5.684341886080802e-14,9.094947017729282e-13,1200.0,10729.560731462117
2025-10-17,14732.645019005071,803.50452088821,0.0,5302.090060095429,20838.23959998871,21104.38296726256,29260.79993587731,29932.225320822934,874.7574166662182,671.425384945627,0.0,17797.378636809735,14996.474938454778,12001.879722467533,8221.826118033578,7576.716959545915,5.684341886080802e-14,9.094947017729282e-13,1200.0,10800.0
2025-10-18,17330.238769412106,806.8428499913481,-388.19157504545115,0.0,17748.890044358006,17498.196464645924,32678.98704554186,32314.89508531537,0.0,559.3968611136505,923.4888213401427,17905.53022955251,13956.585331435006,12289.356920531198,7576.716959545915,8184.377131215388,5.684341886080802e-14,8.952838470577262e-13,1405.2249184780806,10800.0
2025-10-19,41563.58839812684,1593.9064349871123,-101.09458213352092,742.2042627890971,43798.60451376953,43816.622522550024,66981.98312710458,67794.16598813867,119.45571853574452,1102.3210452801536,290.13818424605864,21337.983382890096,17323.07326546335,12.989055914350729,8184.377131215388,8140.702991968313,5.684341886080802e-14,9.094947017729282e-13,1200.0,10604.8532215303
2025-10-20,43951.00204416682,172.53286058850114,-603.8019372628276,0.0,43519.73296749249,43637.51546397158,70564.72190342161,69000.2513209753,0.0,105.85151671379327,1670.3220991601113,21353.14446457181,17552.992403181852,759.3168929186793,8140.702991968313,7855.208117658658,5.684341886080802e-14,8.970602038971265e-13,1278.982089414204,10800.0
2025-10-21,43085.18885665566,3427.755747908058,-417.271049932697,0.0,46095.673554631016,45751.28905505718,70158.0845339277,71803.5162137934,0.0,2773.0541955605004,1127.622515694788,22203.300513367525,17233.390236040974,371.02458646686085,7855.208117658658,8689.967206310563,5.684341886080802e-14,9.094947017729282e-13,1812.8499369038507,10800.0
2025-10-22,40847.207693420016,3017.391277094558,0.0,1910.9443309659662,45775.543301480546,46091.0656772139,66125.4548819884,68681.88112682727,337.49766167774027,2556.4262448388804,0.0,21334.94341344839,17969.623918041638,99.16259309826512,8689.967206310563,7925.167480590075,5.684341886080802e-14,8.988365607365267e-13,1200.0,10800.0
2025-10-23,47090.4716049778,3790.3142571877434,-3285.8800499049867,0.0,47594.905812260564,47440.17719339288,76686.41251342675,67851.02211055064,0.0,2055.5734192723144,10890.963822148418,21757.79380962999,17286.268732412675,0.0,7925.167480590075,8300.21665102076,5.684341886080802e-14,9.094947017729282e-13,1248.6479817714746,10754.873742072668
2025-10-24,15686.93043298661,557.867717770706,0.0,6726.6106236110645,22971.40877436838,23269.740688161757,30693.568367400367,31186.674323081672,1103.0247247713116,493.10595568131,0.0,17545.95050420455,14863.038249834814,11186.736076816584,8300.21665102076,7577.085160543953,5.684341886080802e-14,9.094947017729282e-13,1200.0,10800.0
2025-10-25,16152.878801661536,2137.790622220175,0.0,0.0,18290.66942388171,18154.740088222192,31641.75253736066,32891.573566869614,0.0,1249.821029508952,0.0,17682.130478079744,14025.992528385967,9837.002883842502,7577.085160543953,7906.566448164656,5.684341886080802e-14,9.094947017729282e-13,1470.9392098843778,10800.0
2025-10-26,44113.055339026374,3003.900065969002,-1606.356988118349,426.1531217522332,45936.75153862926,45705.9458817678,71849.19599690799,69130.61828514092,89.84126997125081,2083.354914838411,4801.932626605486,21850.086746115667,17195.062098294493,21.1228906243349,7906.566448164656,8466.019966008207,5.684341886080802e-14,9.094947017729282e-13,1200.0,10669.541432731694
2025-10-27,40138.78820471485,5044.329814480447,-191.73737787846144,0.0,44991.38064131684,45104.922150854385,64367.21212406491,68777.5557666576,0.0,5266.189711905791,855.8460693130795,21115.376376074215,17351.14843511677,1460.746159033511,8466.019966008207,8190.804887678586,5.684341886080802e-14,9.094947017729282e-13,1447.6250136259614,10800.0
2025-10-28,40078.143749721086,5201.308758709507,-7.657211112067373,1730.0213869110964,47001.81668422962,47076.101670380216,64276.487227091784,69651.93043092286,263.2842891632445,5397.641235754734,22.198031923662484,20716.391905550903,16942.33195139276,168.7330659279645,8190.804887678586,8010.744323349107,5.684341886080802e-14,9.094947017729282e-13,1200.0,10761.010914312244
2025-10-29,44934.13762252581,2718.6722893038695,-287.65485717128496,0.0,47365.15505465839,47359.6687407284,73085.88962422282,74099.54094502563,0.0,1846.6065250223512,832.9552042195463,22238.937015454732,18001.57045495763,549.9175845285342,8010.744323349107,8024.042687305453,5.684341886080802e-14,9.094947017729282e-13,1306.997387320983,10800.0
2025-10-30,39894.61789051717,2974.114833712298,0.0,7883.2155070584595,50751.948231287926,50821.524336477814,64379.17731686362,67593.50418924124,1221.6705204899813,3214.326872377631,0.0,21142.97182740433,17277.58914950484,161.97438183174654,8024.042687305453,7855.396054741754,5.684341886080802e-14,9.094947017729282e-13,1200.0,10800.0
2025-10-31,17342.133756619587,203.40658495924606,0.0,1296.574067240469,18842.1144088193,18896.03122793006,32975.9892251719,33172.54581304381,253.7544968612437,196.55658787191004,0.0,17910.205707164176,14624.887477852048,6236.690013926263,7855.396054741754,7724.706215798351,5.684341886080802e-14,8.464340339742193e-13,1200.0,10800.0
2025-11-01,16925.062406931313,992.2902500247203,0.0,0.0,17917.352656956034,17877.74495884123,32671.236558091918,33331.36799951042,0.0,660.1314414185057,0.0,17950.1215286894,14453.19327941,7290.401316897691,7724.706215798351,7820.7119478299255,5.684341886080802e-14,8.526512829121202e-13,1357.6461125459803,10800.0
2025-11-02,44456.66642878001,3092.7064473489454,-257.46567653963217,2279.129855173455,49571.037054762775,49455.2175513612,71388.86989436489,74189.11205392046,340.8123253452882,3382.1437207231,581.9015611675409,23080.469243038453,18442.517017226688,1095.5882201206527,7820.7119478299255,8101.448691868218,5.684341886080802e-14,9.094947017729282e-13,1200.0,10800.0
2025-11-03,47519.34178140116,1338.2828028901974,-908.4743388640093,0.0,47949.15024542735,47691.71402350014,77159.58196863951,74973.59298989305,0.0,733.6119412391253,2919.6009199855753,22047.63610808207,17296.981854707687,718.0084531853439,8101.448691868218,8725.45246168909,5.684341886080802e-14,9.094947017729282e-13,1683.2700508708738,10800.0
2025-11-04,43119.09452835872,3679.2931454813897,-168.21163472575608,50.784559628486114,46680.960598742844,46856.54583901117,69457.81609873447,71501.758461427,11.162668343441283,2790.01554503202,746.073182339514,20886.646019745916,17301.226757322882,347.42983401406946,8725.45246168909,8299.848593546096,5.684341886080802e-14,9.094947017729282e-13,1309.0552550217271,10800.0
2025-11-05,48837.1181503925,658.3037723687399,-1318.4811706264225,0.0,48176.94075213482,48099.409087966225,78901.70808046489,74743.82152426786,0.0,368.60378010693455,4526.490336303956,22922.748456117013,18398.289034328052,541.3420358122279,8299.848593546096,8487.778832575805,5.684341886080802e-14,9.094947017729282e-13,1333.6225622876239,10800.0
2025-11-06,45035.497615967615,3417.440579208593,0.0,1403.826649954162,49856.764845130376,50067.9689163799,72637.34600670572,75841.18341617374,268.17799135090763,3203.8374094680175,0.0,21559.266612752654,17923.752785610865,1104.263030382855,8487.778832575805,7975.837911152243,5.684341886080802e-14,9.094947017729282e-13,1200.0,10800.0
2025-11-07,17311.527329163917,0.0,0.0,3230.5085278717243,20542.03585703564,20596.584568711573,33405.80839309422,33405.80839309422,522.6510593323894,0.0,0.0,18423.55012200591,15042.07494290641,7228.522489993778,7975.837911152243,7843.61641772822,5.684341886080802e-14,7.958078640513122e-13,1200.0,10800.0
2025-11-08,17631.530669677435,258.77667403627527,0.0,74.35608890352401,17964.663432617235,17883.97509608634,33879.92036197286,34037.77719826735,15.639661042810939,157.85683629449323,0.0,18081.293556159635,14469.824207664027,6650.740410814553,7843.61641772822,8039.198165311865,5.684341886080802e-14,8.810729923425242e-13,1200.0,10800.0
2025-11-09,47256.203128937836,952.766334778341,-44.26984631725014,0.0,48164.699617398925,48030.81853424966,76163.38145415144,76501.69806100806,0.0,516.207115607667,177.89050875104948,22923.196001913257,18275.72391546597,507.4087912274473,8039.198165311865,8363.714660960504,5.684341886080802e-14,9.094947017729282e-13,1307.675153247683,10800.0
2025-11-10,47606.515852571276,3938.8995746087126,-210.79307243499926,0.0,51334.622354744984,51285.5904584416,76414.02006681729,79297.59797870267,0.0,3454.385673200619,570.8077613152376,22584.97344495873,18186.86421353602,1041.0456472799638,8363.714660960504,8482.563857494437,3.730349362740526e-14,8.952838470577262e-13,1376.4643054783246,10800.0
2025-11-11,49629.92134383997,761.846149893836,-1103.2615590273297,0.0,49288.505934706474,49303.192822370314,79006.97686121953,76283.02721693713,0.0,427.5286773771135,3151.478321659508,21890.23534629336,17763.13043391186,596.9026378889757,8482.563857494437,8446.964075923055,5.684341886080802e-14,9.094947017729282e-13,1419.1171990950297,10800.0
2025-11-12,46642.50921952985,2392.394041850809,-189.4315281934541,51.561313333333736,48897.03304652053,48877.75618304946,74993.6704414958,76412.77737418149,11.773333333333426,2065.0965295452006,645.9895968595187,22790.56677988977,18418.30614419772,1096.3023218227747,8446.964075923055,8493.689573159709,5.684341886080802e-14,9.094947017729282e-13,1291.7466773359513,10800.0
2025-11-13,45792.27450755454,4670.390761277216,-0.22826386544491187,0.0,50462.43700496631,50351.699376765384,73262.36512892702,76775.3375840683,0.0,3513.8950572028534,0.9226020615657262,21478.260601681104,17155.814252342156,57.01991806270496,8493.689573159709,8762.108278736969,4.263256414560601e-14,9.094947017729282e-13,1495.2832957098403,10726.751806605916
2025-11-14,18143.07549102576,0.0,0.0,170.25262132160705,18313.328112347368,18512.267063924784,34091.1914004498,34091.1914004498,39.02282964638179,0.0,0.0,18547.517201806564,15457.479105231985,3441.720833521605,8762.108278736969,8279.89697677178,0.0,9.041656312547275e-13,1200.0,10800.0
2025-11-15,18783.22833356524,70.5838462299124,-205.99491453720748,671.1843081276218,19319.00157338556,19386.70310521563,35706.52493126337,35256.04141470878,109.79622249756613,54.7321659949468,505.2156825495367,18529.325219558406,15156.445969674674,3781.071470655952,8279.89697677178,8115.7941525135975,5.684341886080802e-14,8.970602038971265e-13,1200.0,10800.0
2025-11-16,48082.76600604534,3542.5615369372595,0.0,0.0,51625.3275429826,51474.53920620654,77037.04758078998,79941.86790484391,0.0,2904.8203240539406,0.0,22989.715038137638,18292.72074892647,810.3292322994193,8115.7941525135975,8481.292410252507,5.684341886080802e-14,9.094947017729282e-13,1387.1156841532256,10800.0
2025-11-17,45487.09427065858,5226.150565707941,0.0,0.0,50713.24483636652,50711.55793607983,72547.6185681251,78259.49501511043,0.0,5711.876446985335,0.0,23025.467416678235,18646.94859341776,1185.221858516626,8481.292410252507,8485.381314798746,5.684341886080802e-14,9.094947017729282e-13,1307.4720601769861,10800.0
2025-11-18,48141.642871619595,2091.5430971255764,0.0,2150.432849375593,52383.61881812077,52412.46778925647,77265.3412779006,78991.17732960527,446.60461356298015,1725.8360517046663,0.0,23907.69052830048,19428.1640616156,67.70364315003769,8485.381314798746,8415.453832918509,5.684341886080802e-14,8.988365607365267e-13,1200.0,10761.080199762298
2025-11-19,47997.15892435693,4952.357086720881,-123.1015536006032,308.97813433384886,53135.39259181106,53207.85851106156,76741.71115294239,80609.38087667771,66.47081394913278,4366.5351506297575,498.86542689443297,22129.287559620614,18082.80909240905,1261.0616234152808,8415.453832918509,8239.80253390034,5.684341886080802e-14,9.094947017729282e-13,1200.0,10800.0
2025-11-20,47683.49217361267,3302.839245518149,0.0,285.5907161213204,51271.922135252134,51235.24633152582,76588.80907507657,79476.92662562558,61.42224556067099,2888.1175505490023,0.0,24097.71796887751,19439.142395032337,86.69726400773868,8239.80253390034,8328.701600298615,5.684341886080802e-14,8.952838470577262e-13,1200.0,10746.341950532187
2025-11-21,18568.960378643413,366.3901615071943,0.0,0.0,18935.350540150608,18956.475079362634,34973.544224486766,35323.86209975421,0.0,350.3178752674404,0.0,18413.444761808667,14960.973954241806,3007.007225520684,8328.701600298615,8277.49749232441,5.684341886080802e-14,9.037215420448774e-13,1303.247672097727,10800.0
2025-11-22,19997.08153731942,172.76973616968098,-353.582452752371,0.0,19816.26882073673,19773.55036277821,38223.98013520085,36792.71156264065,0.0,111.16907048979715,1542.4376430499944,18910.886874704604,15224.627011262146,2886.6222158648634,8277.49749232441,8381.04344482284,5.684341886080802e-14,9.094947017729282e-13,1312.2450894851238,10800.0
2025-11-23,48514.898720587196,3324.104718781874,-17.964850880161435,0.0,51821.03858848891,51747.79312794308,77432.68553121731,79931.37846876198,0.0,2568.752870269516,70.05993272485028,22642.81448833148,18180.892978095973,237.36067519313656,8381.04344482284,8558.58428643677,5.684341886080802e-14,8.881784197001252e-13,1378.88392245471,10800.0
2025-11-24,47449.69541758063,2195.0961803353784,0.0,1819.309381736237,51464.10097965225,51634.690112776414,75783.71955273455,77905.93577864491,285.21447741371827,2122.216225910359,0.0,23070.057696595148,19058.89108606155,18.039945525037865,8558.58428643677,8145.090562192908,5.684341886080802e-14,9.094947017729282e-13,1200.0,10769.46822991798
2025-11-25,55832.04760939501,49.026683475357046,-2173.3547990559737,0.0,53707.719493814395,53621.79297109864,88071.25905927672,81831.0009605361,0.0,30.182319353738762,6270.440418094364,23312.842658694026,18695.95174988002,1045.4495850554397,8145.090562192908,8353.369232928631,5.684341886080802e-14,9.094947017729282e-13,1256.8071088589627,10800.0
2025-11-26,51720.45260410954,2350.73693970477,-753.1716227617453,309.7291054623072,53627.74702651487,53628.04882372728,82636.22419770689,82333.36641366241,44.399241035307796,1781.2295014862832,2084.0872855307553,23473.689531361328,19014.346898377502,1160.7561383805657,8353.369232928631,8352.637701845499,3.907985046680551e-14,9.094947017729282e-13,1200.0,10800.0
2025-11-27,50532.53756027719,1434.0434811921807,-248.39593898190466,289.46731067788727,52007.65241316535,51957.97009224441,80525.17246421771,80803.67009994246,41.494740636165034,1204.3636555711932,925.8660198464336,23064.005967671674,18573.461639776997,573.7277793506283,8352.637701845499,8473.06347299779,5.684341886080802e-14,9.094947017729282e-13,1200.0,10800.0
2025-11-28,19028.702517484766,0.0,0.0,1072.666327197966,20101.368844682733,20162.299785870455,35934.23540277093,35934.23540277093,175.47298007491673,0.0,0.0,19156.622827547235,15649.78682363418,1681.6338289327896,8473.06347299779,8325.371991530106,5.684341886080802e-14,8.970602038971265e-13,1200.0,10800.0
2025-11-29,23406.143633595126,0.0,-1409.2258343878793,0.0,21996.917799207247,21997.19758171795,45294.73261514355,39305.17378590916,0.0,0.0,5989.558829234384,18379.27711531258,14887.824815769658,884.2713863662401,8325.371991530106,8324.693822234034,5.684341886080802e-14,8.988365607365267e-13,1387.1287843778393,10800.0
2025-11-30,52644.398756567185,2099.56641930963,-97.24937105235297,428.14516712344465,55074.86097194791,55118.77861338845,83795.75201756193,85439.30190674642,69.49683486117547,1810.6327198459808,167.08283066147078,24458.06790716962,19906.842410050704,712.7451278220259,8324.693822234034,8218.241149741467,4.263256414560601e-14,9.094947017729282e-13,1200.0,10800.0
2025-12-01,55326.67169915802,5121.425945918531,-29.570349709190346,4273.35213153305,64691.879426900414,64733.24517527916,86933.77767598935,90701.31394761524,897.3045196214208,3901.5043811958994,133.96810956999104,24869.708312334344,20234.704121320432,664.6865428894329,8218.241149741467,8117.974051597451,4.263256414560601e-14,9.094947017729282e-13,1200.0,10800.0
2025-12-02,57306.93270687279,5560.67375575605,-187.88989826535123,2021.788050144171,64701.504614507656,64676.697753840555,90317.53263062621,93574.12059871687,413.9298929199026,4080.0793861641596,823.4914180735003,24512.550891675506,19801.04945107388,638.7391010351587,8117.974051597451,8178.103797356646,5.684341886080802e-14,8.668621376273222e-13,1200.0,10800.0
2025-12-03,50742.39033685452,13633.685922015033,0.0,0.0,64376.07625886955,64371.19467534853,80545.4992364595,92596.8253928624,0.0,12051.326156402913,0.0,24448.17384441608,19792.371520543074,778.2745023227387,8178.103797356646,8189.936345616594,1.1368683772161603e-13,9.094947017729282e-13,1222.2911506633463,10800.0
2025-12-04,56143.07585249967,7229.808374538277,-414.7325438557093,5237.011708086582,68195.16339126881,68022.9208741508,87909.68900566432,91959.83990487171,1068.934484252965,5120.968014769655,1070.81711556227,24122.538763621444,19163.50514923204,1298.5320247352597,8189.936345616594,8607.437733729179,4.263256414560601e-14,9.094947017729282e-13,1200.0,10800.0
2025-12-05,21089.650141549086,4326.722353682098,0.0,1547.6112648031617,26963.983760034345,27020.91797118287,40180.96005605566,44768.8271220137,310.21536528053315,4587.867065958046,0.0,19524.069843069883,15938.699942211428,182.04490310245075,8607.437733729179,8469.433990034935,5.684341886080802e-14,8.988365607365267e-13,1200.0,10800.0
2025-12-06,22430.275524728946,5523.712783314767,0.0,112.1371435516457,28066.12545159536,28082.001196123427,42879.702483950605,48008.20340147818,23.43758878705104,5128.50091752758,0.0,19489.01100769427,15820.732239872912,698.7314057772076,8469.433990034935,8430.952519323213,5.684341886080802e-14,8.917311333789257e-13,1200.0,10800.0
2025-12-07,57811.036909671406,4624.225361567147,-436.817091084897,2489.8497197054357,64488.29489985909,64595.05840970485,90502.92784727985,92308.83906226921,497.24504152616026,3508.704825627032,1702.7936106376774,23811.93794954673,19520.57693809613,862.0418423447687,8430.952519323213,8172.166742697347,5.684341886080802e-14,9.094947017729282e-13,1200.0,10800.0
2025-12-08,59627.80584159146,1565.6133336501857,-223.2252251030436,0.0,60970.1939501386,60847.50536294601,93291.4483227185,93696.49042902103,0.0,1235.5393323964724,830.4972260939327,24262.83859880649,19385.25112168287,971.6918352307416,8172.166742697347,8469.55356864222,5.684341886080802e-14,9.094947017729282e-13,1281.5154179202777,10800.0
2025-12-09,59574.02275720409,1361.3861160486786,-314.49565299656035,391.89601842007266,61012.80923867627,60914.68954705738,92955.51823030811,92425.91736563282,67.26637190482165,778.6932007954694,1308.2940654707636,24641.020297454583,19745.17594211972,208.88511553612273,8469.55356864222,8707.387456218323,5.684341886080802e-14,9.094947017729282e-13,1316.1185159918123,10587.252601594495
2025-12-10,57323.192658963046,2983.3003846230777,-0.5812332839221986,157.1260143336396,60463.037824635845,60651.56881846039,89924.15809890506,93089.58139277043,31.622991988519278,3167.0139706139435,1.590676748555552,24665.555270369405,20390.38472724829,458.41537497117577,8707.387456218323,8250.404169274905,5.684341886080802e-14,9.094947017729282e-13,1200.0,10800.0
2025-12-11,58830.821957063075,899.7127742952589,-577.6128920495532,0.0,59152.92183930878,59109.80673905878,92013.8779876622,91095.27047200427,0.0,669.8220434543747,1588.4295591123068,24196.741788174033,19505.304206345827,442.5781901760638,8250.404169274905,8354.911549358392,5.684341886080802e-14,9.094947017729282e-13,1309.643502148631,10800.0
2025-12-12,23713.356193632575,2420.5175689261628,-36.4562762552673,0.0,26097.41748630347,26171.840857678435,45278.78042251075,48049.33793930498,0.0,2847.840693254643,77.28317646040142,19702.398349753214,16121.299061936568,753.8251681550121,8354.911549358392,8174.5155508734315,5.684341886080802e-14,9.094947017729282e-13,1336.8536710465373,10800.0
2025-12-13,24004.840836251336,2471.50688773911,-13.100272139422946,0.0,26463.247451851024,26239.586441160503,46089.30541933268,48668.98164803443,0.0,2620.0885729555785,40.41234425383158,20650.339407529915,16238.852973804263,458.9618309754434,8174.5155508734315,8716.651046756731,5.684341886080802e-14,9.094947017729282e-13,1513.3339720190345,10800.0
2025-12-14,56341.79274447143,4375.63556420432,0.0,3986.8148610825447,64704.243169758294,64768.70447205024,88528.67820121883,92719.01287018224,826.8244391220867,4190.334668963413,0.0,24765.20693646771,20200.441520657,202.3500934936278,8716.651046756731,8560.402266625442,5.684341886080802e-14,9.094947017729282e-13,1200.0,10800.0
2025-12-15,56631.67407300605,6577.265794764329,0.0,0.0,63208.93986777038,63049.61209919499,89284.04809822794,94944.00081074549,0.0,5659.952712517548,0.0,24851.34233182247,19782.00987820236,405.11039045872656,8560.402266625442,8946.59938948526,5.684341886080802e-14,9.094947017729282e-13,1364.8089567114334,10800.0
2025-12-16,61858.22995486766,544.1442052634177,-281.5396752817521,0.0,62120.83448484932,62218.90000710397,95530.55959435488,95104.66639009138,0.0,313.223998241006,739.1172025044965,23350.082904275914,19127.499479493563,1463.9916319757076,8946.59938948526,8708.896803896287,1.1368683772161603e-13,9.094947017729282e-13,1596.5742313067278,10800.0
2025-12-17,61849.47882345469,1281.0495495137836,-1494.234166022128,0.0,61636.29420694634,61737.713288929364,96313.01629566951,92649.0979363221,0.0,672.3770678210302,4336.295427168435,23124.734083308438,18952.28280679643,284.79959314344046,8708.896803896287,8463.06547132229,5.684341886080802e-14,9.094947017729282e-13,1252.5068149260785,10800.0
2025-12-18,59099.138441736795,950.3984118500331,-25.924774842373747,0.0,60023.61207874445,59995.27156196123,91616.91596328482,92353.63848440888,0.0,802.0954468392695,65.37292571522744,24152.62375054028,19501.79970980832,336.5474770102484,8463.06547132229,8531.760502577075,5.684341886080802e-14,9.094947017729282e-13,1399.6751799006786,10800.0
2025-12-19,24230.651508981948,2351.491858837727,-301.21878282534163,0.0,26280.924584994333,26417.28540430054,45257.69610358022,46428.89113883829,0.0,2084.9144003067186,913.719365048657,18439.22872040412,15233.24971447813,314.52083291229883,8531.760502577075,8201.233334853976,5.684341886080802e-14,9.094947017729282e-13,1309.9817271498746,10800.0
2025-12-20,25769.496123552508,666.2208137956845,-513.1342216555324,0.0,25922.58271569266,25740.06988915868,48386.551898483944,47382.19237908282,0.0,375.08521637147936,1379.4447357725967,20183.97330814524,15950.86219997867,292.7290209162561,8201.233334853976,8643.629089986167,5.684341886080802e-14,9.094947017729282e-13,1619.05363765611,10800.0
2025-12-21,60778.39779810059,958.9033363860403,-177.2601135427942,53.702222314337405,61613.74324325817,61674.20720676972,94692.53858125728,95103.67899488796,9.245454474362987,968.444811443213,557.3043978125279,23913.646631417134,19501.957381586195,1663.453332864715,8643.629089986167,8497.06952316582,1.1368683772161603e-13,9.094947017729282e-13,1290.1704367631405,10800.0
2025-12-22,59561.59574345614,1543.4835154886282,0.0,6.2780736314037435,61111.357332576175,61121.01654161344,92899.57009542432,93837.56938904291,1.1460521415486937,937.9992936185924,0.0,24108.601590085666,19549.03908791601,341.7258556814854,8497.06952316582,8473.656412114013,5.684341886080802e-14,9.094947017729282e-13,1280.5286086894132,10800.0
2025-12-23,61143.55072355097,1098.2467950122027,-1206.3349885757552,0.0,61035.46252998742,61027.27183590679,95114.04084203401,92758.22741132074,0.0,570.6937583714623,2926.5071890847344,24349.352593604628,19705.107402044338,855.8896864271197,8473.656412114013,8493.509966308917,1.1368683772161603e-13,8.597567102697212e-13,1333.324277136623,10800.0
2025-12-24,60778.56503127028,1190.8966415915124,-671.697434131284,86.36317035516879,61384.127409085675,61327.669713958945,94393.40894458938,93271.92996610487,14.868411871424428,635.0394480913444,1756.5184265758576,24145.42215211066,19434.628105200878,721.4450143998499,8493.509966308917,8630.358675207535,5.684341886080802e-14,9.094947017729282e-13,1340.7766934243,10800.0
2025-12-25,58663.256273817184,2489.651140350596,-93.99108931787504,0.0,61058.9163248499,61045.23289723077,91867.47971529906,93785.95815183222,0.0,2150.4376363474266,231.9591998142737,23882.474994619035,19314.954014772866,1405.9886386527287,8630.358675207535,8663.52615395037,5.684341886080802e-14,9.094947017729282e-13,1410.1017941303144,10800.0
2025-12-26,24398.07474136469,1291.2273436425764,0.0,0.0,25689.302085007264,25705.286190389794,45983.17920517617,47041.42742063757,0.0,1058.2482154613895,0.0,19253.573012920722,15630.2638559515,410.49583033501085,8663.52615395037,8624.782025632903,5.684341886080802e-14,9.094947017729282e-13,1519.7130273447717,10800.0
2025-12-27,25336.466378593243,1660.2622020972567,-311.45287392404975,0.0,26685.27570676645,26522.582369176667,48140.75975911685,48072.72074060592,0.0,931.726914930618,999.7659334415522,19335.502662659583,15306.837675343753,705.2466866234281,8624.782025632903,9019.137004977918,1.1368683772161603e-13,9.094947017729282e-13,1631.3115450551015,10800.0
2025-12-28,60166.938435225646,247.7982959697169,-554.507568467548,4.3443213552140545,59864.573484083034,59950.42257299445,93234.08294051857,92138.86779152902,0.7479248265841534,142.42807056453967,1237.6432195540694,23166.117248567825,18951.836851270586,1116.0805690583634,9019.137004977918,8811.0460272772,1.1368683772161603e-13,9.094947017729282e-13,1477.786646030003,10800.0
2025-12-29,59213.616285293014,451.7408675546852,-316.7031064107295,432.22296752970715,59780.877013966674,59988.29326446038,92802.38189690995,92602.17519350254,74.5723403946959,580.3357899175272,780.542493324933,23828.53740267321,19753.598902144036,1078.042766701406,8811.0460272772,8308.286465078612,1.1368683772161603e-13,9.094947017729282e-13,1200.0,10800.0
2025-12-30,60265.590065725235,384.9696597904806,-634.130917157052,0.0,60016.428808358665,59950.382227544265,94317.57757635051,92819.97096490511,0.0,284.1210680575258,1781.7276795029293,24056.761147581703,19341.89430368697,1880.7015210103825,8308.286465078612,8468.377827138838,1.1368683772161603e-13,9.094947017729282e-13,1299.7508267046767,10800.0
2025-12-31,61278.840322856726,519.4272040240492,-695.486941790381,422.32338422150605,61525.103969311895,61587.793233163735,95945.00872699538,94249.89423909887,90.22049600835601,270.35711817995673,1965.471606076479,24635.017672937916,20091.122472149436,1149.796600985418,8468.377827138838,8316.42431928359,1.1368683772161603e-13,9.094947017729282e-13,1200.0,10800.0
