date,plan_cost,up_cost,down_net_cost,emergency_cost,total_cost,inventory_adjusted_cost,plan_kwh,final_kwh,emergency_kwh,up_kwh,down_kwh,charge_kwh,discharge_kwh,spill_kwh,soc_start,soc_end,balance_error,dynamics_error,soc_min,soc_max
2025-02-01,25381.603912890816,0.0,-836.6175713786106,0.0,24544.986341512205,22369.420078659696,49000.224146340544,46258.7429864016,0.0,0.0,2741.4811599389354,24985.096955747766,15491.877704878743,2387.347802199252,1520.654817963887,6794.044628271614,5.684341886080802e-14,8.668621376273222e-13,1520.654817963887,10800.0
2025-02-02,57214.023016492414,0.0,-1121.696721589174,0.0,56092.32629490324,55225.32834796314,91456.06774295791,87757.89217498025,0.0,0.0,3698.175567977658,24462.20521000031,17923.009066797036,2862.418081776979,6794.044628271614,8895.57479860852,5.684341886080802e-14,9.094947017729282e-13,1400.2255726904605,10800.0
2025-02-03,56462.40733456853,422.78732969173757,-1290.9763107483293,0.0,55594.21835351194,55618.278749462035,89740.76415635648,85860.65750332529,0.0,221.00518958225115,4101.111842613461,22558.495599738264,18324.86977599692,1410.1151795839367,8895.57479860852,8837.254420598601,1.1368683772161603e-13,8.881784197001252e-13,1476.2592276029548,10800.0
2025-02-04,59516.170639168966,0.0,-2080.241105385373,1.047847934733144,57436.97738171833,57407.434523310374,93576.35036255159,87879.29702360643,0.2237079279959744,0.0,5697.053338945164,23753.79475146029,19176.125282993515,2106.987313067655,8837.254420598601,8908.863826920066,1.1368683772161603e-13,9.094947017729282e-13,1573.6188080018849,10800.0
2025-02-05,54388.06604958544,592.8261246719824,-316.4651312102013,0.0,54664.427043047224,54772.77170512146,86358.58973533932,86332.40988881153,0.0,733.2562605123367,759.436107040139,23382.516018939423,19176.19449642935,1377.6613829681264,8908.863826920066,8646.245470155165,1.1368683772161603e-13,9.094947017729282e-13,1294.986440476131,10800.0
2025-02-06,59141.62474243375,353.5247896296497,-2596.0222078572306,120.20515372790169,57019.33247793407,56908.081240665815,93191.41512404215,86325.92649835278,20.62164071763084,205.498858061318,7070.987483750696,23657.890955804625,18920.19438848323,1337.7943550823456,8646.245470155165,8915.909120953518,5.684341886080802e-14,9.094947017729282e-13,1602.962384010468,10800.0
2025-02-07,22193.457758095807,0.0,-227.292987589137,0.0,21966.164770506668,22282.962183708452,42486.800508854314,41736.60559000216,0.0,0.0,750.1949188521518,18410.56142705377,15603.656034376914,7124.02053065864,8915.909120953518,8148.018811549784,1.1368683772161603e-13,9.094947017729282e-13,1380.676994036769,10800.0
2025-02-08,19003.33332085451,997.0836832466932,0.0,0.0,20000.4170041012,19906.202326722414,37051.08625151028,37683.73167290088,0.0,632.6454213905984,0.0,19128.3581464338,15288.438483537811,2266.649293338228,8148.018811549784,8376.387272742639,5.684341886080802e-14,9.094947017729282e-13,1233.8280411800097,10800.0
2025-02-09,55357.11152151232,589.9876943674985,-729.967500003462,0.0,55217.131715876356,55153.1413038063,87888.01130687815,86294.78278224546,0.0,498.15076875463456,2091.379293387315,22621.07448222236,18183.47368697839,2301.7660203348305,8376.387272742639,8531.49465454456,1.1368683772161603e-13,9.094947017729282e-13,1308.647510140683,10800.0
2025-02-10,52200.835123828125,0.0,-1254.2975569493883,0.0,50946.53756687874,51002.03215488632,83463.33686748681,79789.5857435569,0.0,0.0,3673.7511239299065,22564.977559678347,18398.694619693193,1296.6652202384266,8531.49465454456,8396.980436373748,5.684341886080802e-14,9.094947017729282e-13,1295.2004337040785,10800.0
2025-02-11,53019.37470497313,0.0,-1694.23159623235,2972.6841706330656,54297.82727937385,54271.550765060114,84340.61384203732,80093.36844163924,522.911459009106,0.0,4247.245400398091,23467.881899654727,18951.66148228583,879.4623499461082,8396.980436373748,8460.67249907874,1.1368683772161603e-13,9.023892744153272e-13,1200.0,10800.0
2025-02-12,52602.90276171234,578.3272754328885,-1504.3413046567093,1548.89647564125,53225.785208129775,53287.79721440055,84053.1625538001,80259.46354965583,318.67489488028934,299.6846413025775,4093.383645446844,23752.09948892475,19374.481289178322,933.7841114563656,8460.67249907874,8310.36060669065,1.1368683772161603e-13,9.094947017729282e-13,1200.0,10800.0
2025-02-13,48209.88749865616,171.3322708277037,-504.015489586497,178.38628779137701,48055.59056768874,48008.436654633915,78111.83965565258,76955.32449552877,38.23043535470354,153.54681025340017,1310.0619703772159,22532.092578355863,18148.12757781807,1280.110913679021,8310.36060669065,8424.657729635286,5.684341886080802e-14,9.094947017729282e-13,1200.0,10800.0
2025-02-14,18558.275898527194,498.28942200215846,0.0,994.085772399709,20050.651092929063,20111.58132975977,36341.21465195068,36742.62683795965,168.44881934479656,401.4121860089715,0.0,18580.17805681824,15182.865022771695,3711.960806591237,8424.657729635286,8276.967955469821,5.684341886080802e-14,9.094947017729282e-13,1200.0,10800.0
2025-02-15,18505.925043226485,688.2523477918782,-61.20641753547134,0.0,19132.97097348289,19164.663108117747,35517.58895700867,35769.628911593085,0.0,409.2861530754303,157.246198491024,18307.289701416936,14898.041822312098,3080.2899324882474,8276.967955469821,8200.148884176066,5.684341886080802e-14,8.597567102697212e-13,1362.0532041612407,10800.0
2025-02-16,51332.771060975225,3110.1039365308325,-1530.81594766918,692.770496706328,53604.8295465432,53498.360087739435,82325.44036891434,79789.09722440905,146.87337733559798,1601.000508890927,4137.343653396219,22455.162019690717,17956.41551650146,59.84499855537729,8200.148884176066,8458.221905784982,5.684341886080802e-14,9.094947017729282e-13,1200.0,10800.0
2025-02-17,52482.896295583305,953.9941923306169,-3328.514777487123,1435.3492769445927,51543.724987371395,51632.1303774804,84950.77839766612,75233.97608009707,210.40246390688486,495.12333642869066,10211.925653997734,21353.128154017653,17488.89231805429,396.2795413739407,8458.221905784982,8243.934668784987,5.684341886080802e-14,9.094947017729282e-13,1200.0,10800.0
2025-02-18,46154.01061972484,2632.1109874843337,0.0,31.32672860087184,48817.44833581004,48761.339457923714,74670.6171539357,76646.33892379589,5.8714024239957325,1975.7217698601853,0.0,21174.357356321594,17028.826573923678,415.2917604886409,8243.934668784987,8379.937874003665,5.684341886080802e-14,9.094947017729282e-13,1200.0,10800.0
2025-02-19,46092.890570992015,2846.041542997117,-0.017142720222369463,1564.814839753083,50503.72981102199,50634.86334913612,74158.53960461899,77133.59919922653,279.45881804656995,2975.140456495391,0.08086188784136539,22684.271453043988,18660.33088658707,509.7900674828536,8379.937874003665,8062.081196646503,5.684341886080802e-14,9.094947017729282e-13,1200.0,10800.0
2025-02-20,47378.6169784698,635.9500672867775,-155.6992574591812,1220.6778737280401,49079.54566202544,48985.83313970784,77190.21292335149,77171.92548535558,205.89890579239886,530.3879616378708,548.675399633766,21734.72808845254,17400.69360007839,2050.656169440504,8062.081196646503,8289.232476166686,1.1368683772161603e-13,9.094947017729282e-13,1200.0,10800.0
2025-02-21,17398.68141657595,652.8297031862866,0.0,0.0,18051.511119762235,18170.32032665972,34068.305309375486,34438.704639749456,0.0,370.39933037397566,0.0,17832.21943861281,14703.28292595767,5749.506093760983,8289.232476166686,8001.248942076365,5.684341886080802e-14,9.094947017729282e-13,1384.2575188893106,10800.0
2025-02-22,17499.15879642648,2359.8805312633126,-29.344160053045826,0.0,19829.695167636746,19494.54679734991,33974.87127975272,35337.251424026304,0.0,1446.2086824767403,83.82853820315867,18594.17530889475,14330.147661577388,3228.460893375607,8001.248942076365,8813.620429440094,5.684341886080802e-14,8.526512829121202e-13,1230.6330260450893,10800.0
2025-02-23,45962.57463470653,2270.3379255446935,-478.704002170139,207.97991527699207,47962.188473358074,48237.60398771848,74707.5342603606,75105.82917423805,48.980102799378166,1735.9797603431107,1337.6848464656478,21689.856373697185,18169.609320200587,102.70854020751345,8813.620429440094,8146.036365544689,5.684341886080802e-14,9.094947017729282e-13,1200.0,10800.0
2025-02-24,45495.531430951305,1353.779860242684,-308.81320754092485,240.53952785215327,46781.03761150522,46569.19007609549,73077.35336152706,73149.19647978478,52.77372268362876,797.0676129925141,725.2244947347895,21511.383697645026,16962.07023306209,449.6231212188088,8146.036365544689,8659.536990022894,5.684341886080802e-14,8.810729923425242e-13,1600.0928542978297,10800.0
2025-02-25,45705.63045089526,111.16394151096274,-1159.1055899598896,646.6726216452996,45304.361424091636,45515.69969703395,74058.60881170546,70147.63447766684,141.9249633480217,57.82440021152513,3968.7987342501456,20168.89646465531,16797.845729915847,1097.1854729420736,8659.536990022894,8147.2707749728415,5.684341886080802e-14,9.094947017729282e-13,1200.0,10800.0
2025-02-26,41401.407142356016,5802.52933063122,0.0,304.8765424063935,47508.81301539363,47376.64426078159,67423.94760273208,73755.99746081568,63.85434228145634,6332.049858083599,0.0,22685.21887678306,18086.697930550457,406.482823531207,8147.2707749728415,8467.636730132646,5.684341886080802e-14,9.094947017729282e-13,1200.0,10800.0
2025-02-27,42603.01281093518,1512.2782876478839,0.0,5048.28558943527,49163.57668801833,49199.90821145705,69036.48443222695,70647.00333130232,762.7530453608304,1610.5188990753784,0.0,22417.97269365071,18237.815985776713,273.01546878915906,8467.636730132646,8379.57217022194,5.684341886080802e-14,9.094947017729282e-13,1200.0,10800.0
2025-02-28,16950.33528570363,365.01376500737985,-89.24355159094299,424.86054961404375,17650.966048734113,17736.366405800774,32948.219054467554,33082.46127105622,97.21369937660391,338.6079477675321,204.36573117886206,18652.551147520935,15294.869389965961,6529.399662877854,8379.57217022194,8172.568880806384,5.684341886080802e-14,8.242295734817162e-13,1200.0,10800.0
2025-03-01,17384.924729663566,0.0,-129.58491585725724,605.0110890961606,17860.35090290247,17969.182055369114,33656.32993609558,33346.27240991294,123.13391795009346,0.0,310.05752618264097,16925.621360733636,13947.171113931332,6832.190147727397,8172.568880806384,7908.771312209624,5.684341886080802e-14,8.526512829121202e-13,1200.0,10800.0
2025-03-02,48029.71320121206,2427.0436924352143,-489.0708696100897,0.0,49967.686024037175,49639.68790608998,77962.18290475948,78398.208256546,0.0,1681.2021624805984,1245.1768106940692,23670.235264570754,18457.354675432856,827.0206007414406,7908.771312209624,8703.811188731233,1.1368683772161603e-13,9.094947017729282e-13,1675.451513421092,10800.0
2025-03-03,48651.12925164463,2019.9010160272912,-1107.2186553528845,191.0495298116997,49754.86114213073,49957.79816634331,78758.31318419045,76587.75355083187,40.73186837637998,1192.2359004178957,3362.795533776473,22734.184406862885,18857.40143422952,734.5558132415568,8703.811188731233,8211.9088946528,5.684341886080802e-14,9.094947017729282e-13,1200.0,10800.0
2025-03-04,43852.776591828886,2890.0772169983316,-13.116953898583905,123.1941859701414,46852.93104089877,46905.508893906204,71011.21515656836,73238.14737907803,26.23677055372418,2264.957889703716,38.02566719403944,20852.01537675915,17004.832323033836,217.74316257310954,8211.9088946528,8084.464597031775,5.684341886080802e-14,9.094947017729282e-13,1200.0,10800.0
2025-03-05,46180.52412669283,3613.4715420436305,-1977.2046307861247,0.0,47816.79103795034,47674.38981428311,75494.4025740562,71222.20818973682,0.0,1836.7247499291698,6108.9191342485665,20658.059899214008,16422.376778071255,856.0530519273944,8084.464597031775,8429.633197356328,1.1368683772161603e-13,9.094947017729282e-13,1291.7616516743356,10800.0
2025-03-06,42473.56550993972,2424.646203956493,0.0,0.0,44898.21171389621,44779.264021559655,69522.44748952403,70799.07959735765,0.0,1276.6321078336186,0.0,21344.433561877457,17029.503895078684,543.4957972255379,8429.633197356328,8717.952408514164,5.684341886080802e-14,9.094947017729282e-13,1737.6648515875627,10800.0
2025-03-07,17196.492779272612,0.0,-471.6758317540726,1064.711084499888,17789.52803201843,18042.678233874536,32986.018534012954,31866.173245312995,204.06783548449062,0.0,1119.845288699958,17060.576338563646,14371.320169823532,8458.699378724043,8717.952408514164,8104.337591195292,5.684341886080802e-14,9.094947017729282e-13,1200.0,10800.0
2025-03-08,16217.832046789525,52.78690479704339,0.0,0.0,16270.618951586568,16191.728913695399,31645.00703054704,31687.28050356243,0.0,42.27347301539129,0.0,18525.71061027507,14833.725053811502,8932.1554304322,8104.337591195292,8295.560413985631,5.684341886080802e-14,9.094947017729282e-13,1258.844140682887,10800.0
2025-03-09,44089.374113328995,0.0,-1244.412131885258,380.27363146859784,43225.23561291234,43195.1747733824,72545.08979012683,68015.32620375525,79.90078123844035,0.0,4529.763586371596,22084.028246599446,17822.48442561346,500.1581140076955,8295.560413985631,8368.425363021288,5.684341886080802e-14,9.094947017729282e-13,1200.0,10800.0
2025-03-10,41196.807784928664,4599.524108277376,0.0,0.0,45796.33189320604,45749.58365579194,68209.26748634731,72410.80401289724,0.0,4201.53652654994,0.0,21926.40854850786,17658.408504939292,100.73251932868439,8368.425363021288,8481.739162301368,5.684341886080802e-14,9.094947017729282e-13,1442.0285968268608,10800.0
2025-03-11,37935.419195025665,6392.080476262351,0.0,0.0,44327.49967128802,44273.974792320005,61802.32170608199,69256.76598361983,0.0,7454.444277537845,0.0,21221.992443283765,17073.048050985282,1168.9027913213488,8481.739162301368,8611.478971273116,5.684341886080802e-14,9.094947017729282e-13,1397.4520101327519,10800.0
2025-03-12,43654.980154896664,298.16459206251676,-1534.9658121985783,0.0,42418.1789347606,42537.601183543615,71177.2905337638,66512.55883945295,0.0,167.06913622661796,4831.800830537468,20948.2365618094,17228.594161562352,357.38175587257547,8611.478971273116,8322.009475165632,5.684341886080802e-14,9.094947017729282e-13,1295.0822695542004,10800.0
2025-03-13,43174.38700059177,669.2166471575216,0.0,2174.9785228480696,46018.58217059736,46045.326390557035,70989.72829055875,71661.29754943664,316.18362326148105,671.56925887789,0.0,20814.65696039851,16918.21530562368,535.4215012566312,8322.009475165632,8257.183733275759,4.263256414560601e-14,9.094947017729282e-13,1200.0,10800.0
2025-03-14,15650.855153426803,163.63798988934263,0.0,1159.765012697725,16974.25815601387,16919.594357945716,30857.02109513324,30987.590023512847,189.72108828688454,130.56892837960686,0.0,18060.148948810187,14509.470240684903,11597.206420341112,8257.183733275759,8389.684186443923,5.684341886080802e-14,8.952838470577262e-13,1200.0,10800.0
2025-03-15,15278.501543525948,633.5953279554338,0.0,843.2473048374652,16755.34417631885,16886.316448766873,30219.500113061073,30720.470936779693,152.92613438860567,500.97082371862416,0.0,18303.37388949594,15111.452055131886,6757.350086804248,8389.684186443923,8072.218403510393,5.684341886080802e-14,8.206768598029157e-13,1200.0,10800.0
2025-03-16,41611.18598892113,1812.2525001041413,-329.63677031852603,7.461180000000455,43101.262898706744,42872.18427330822,68031.6861408858,69105.13299276785,1.6400000000001,1976.2120156469275,902.7651637648778,21629.55933865479,17020.202459481938,1146.3691802616618,8072.218403510393,8627.485742208666,5.684341886080802e-14,8.988365607365267e-13,1609.9296659674146,10800.0
2025-03-17,37618.69928393499,3455.322171030503,-974.1069222714211,1237.8305658192098,41337.74509851328,41328.08727655929,63131.08623380075,62083.66884087654,239.07888175184593,3011.371191871579,4058.7885847957855,21086.250039363455,17058.79375789372,437.160007825325,8627.485742208666,8650.895491087198,5.684341886080802e-14,8.988365607365267e-13,1200.0,10659.051133082634
2025-03-18,44251.405628361405,499.97553442553124,-2080.4605835665125,0.0,42670.92057922042,42669.79474109274,72501.30693036408,66409.29688086978,0.0,295.2612266842243,6387.2712761785315,21035.19326238792,17036.0504992177,1284.1957510328964,8650.895491087198,8653.624428105553,5.684341886080802e-14,9.094947017729282e-13,1461.6331093301903,10800.0
2025-03-19,36168.77869616283,5700.513065864256,0.0,0.0,41869.29176202709,41756.538392866816,58651.636972257584,65425.29603592947,0.0,6773.659063671885,0.0,21222.955210984488,16944.6194978438,1681.4898727887821,8653.624428105553,8926.929120387384,8.526512829121202e-14,9.094947017729282e-13,1617.3295827490092,10800.0
2025-03-20,40029.57381848242,1384.5269173685065,-338.8702562474151,3504.159031395966,44579.389510999485,44814.75991243685,65456.00677525706,65336.60807050774,563.0869310602616,1274.2499669541291,1393.6486717034586,20564.2534565383,17170.511567407833,296.9912957708682,8926.929120387384,8356.41104526315,5.684341886080802e-14,8.988365607365267e-13,1200.0,10520.964091414788
2025-03-21,14879.337374473376,801.2658659661574,-60.87175097476304,289.53497005164,15909.26645951641,15977.9888960663,29320.026136430715,29844.529579931932,48.96023878390415,663.1762428482464,138.67279934702822,18486.694841587014,15124.14249204748,14497.472952509639,8356.41104526315,8189.833633749818,5.684341886080802e-14,8.597567102697212e-13,1200.0,10800.0
2025-03-22,15742.729501265063,158.81911049216245,-47.25451062035587,0.0,15854.29410113687,15658.372250848357,30544.040878962085,30579.13841119437,0.0,144.66865269452222,109.57112046223591,18295.18212035813,14391.689225721446,10794.445783224355,8189.833633749818,8664.731735714971,5.684341886080802e-14,9.094947017729282e-13,1497.8688605867424,10800.0
2025-03-23,41237.52611353963,778.5439981892544,-1324.5618843719867,0.0,40691.5082273569,40671.27281974373,67668.38094263276,63785.948952148035,0.0,431.7893746319018,4314.22136511662,19827.382089910352,16016.035457905042,1204.8822034760592,8664.731735714971,8713.780663406467,5.684341886080802e-14,9.094947017729282e-13,1450.5301463261399,10800.0
2025-03-24,38192.52802441102,1480.2603413516845,-247.84573270202043,0.0,39424.94263306068,39427.147310444874,63220.14167702523,63195.604478636305,0.0,1073.9377375539277,1098.4749359428583,20870.320796145665,16909.76940232802,1236.5560014853295,8713.780663406467,8708.436710684213,5.684341886080802e-14,9.094947017729282e-13,1584.128487156355,10800.0
2025-03-25,42762.54984882468,1052.610646748925,-1956.267950571213,0.0,41858.89254500239,42030.85826871754,70691.70183745072,64378.29474302403,0.0,576.7145157323532,6890.121610159038,19755.538665456304,16377.1337367661,49.76509766716481,8708.436710684213,8291.60624652145,5.684341886080802e-14,8.86402062860725e-13,1254.9820782362517,10576.607787487717
2025-03-26,37206.98192257564,1751.2649070921445,-676.1622901529906,0.0,38282.08453951479,38194.83251287523,60992.117222633184,60491.46621671029,0.0,1375.7188448127854,1876.3698507356874,20508.73171838463,16421.730269112013,811.9099007710126,8291.60624652145,8503.097827387612,5.684341886080802e-14,8.86402062860725e-13,1400.9965195499208,10800.0
2025-03-27,39698.661367890854,113.63053319918555,-379.44863567047264,0.0,39432.843265419564,39503.53855159294,64722.38487785299,63876.868899312365,0.0,80.8864995888323,926.4024781294563,20157.89193494639,16482.115957208094,1484.1035215740735,8503.097827387612,8331.738394163709,5.684341886080802e-14,9.094947017729282e-13,1325.7939421706503,10800.0
2025-03-28,14915.777063524314,0.0,0.0,0.0,14915.777063524314,14876.79399274922,29679.523623578472,29679.523623578472,0.0,0.0,0.0,18291.977476597443,14731.459236981644,15297.124617296011,8331.738394163709,8426.230082010692,5.684341886080802e-14,8.872902412804251e-13,1347.4902951253566,10800.0
2025-03-29,14087.781073520091,1278.7144643202178,0.0,22.054283753057685,15388.549821593366,15383.865643470173,28368.501344297732,29286.028465157062,5.97975982551891,917.5271208593279,0.0,18656.956000470076,15101.9157116337,18029.75875281287,8426.230082010692,8437.5841361741,5.684341886080802e-14,9.094947017729282e-13,1200.0,10800.0
2025-03-30,37824.24938591817,280.8787423128797,-1008.9580329196991,19.214448362764504,37115.38454367412,37143.96144988259,63255.086819711614,59532.760636101084,2.7543647309008747,246.61749318361785,3968.9436767941434,20913.278636504827,17002.096912991114,278.7135773182768,8437.5841361741,8368.316116816095,5.684341886080802e-14,9.094947017729282e-13,1200.0,10800.0
2025-03-31,33296.932130468675,6029.652532280894,0.0,0.0,39326.58466274957,39292.56148828447,54383.563260108065,60774.71750110217,0.0,6391.154240994099,0.0,19343.64124352594,15594.127022885608,73.8137971285023,8368.316116816095,8450.785432783225,5.684341886080802e-14,9.094947017729282e-13,1206.71751715438,10709.223029517445
2025-04-01,39808.08215395538,1294.0819374169937,-602.594906163176,0.0,40499.5691852092,40436.503098910594,67135.3447375148,65290.4644566326,0.0,836.1702687361056,2681.050549618297,19095.804243650433,15330.021232934898,1315.8299292504057,8450.785432783225,8603.652326585383,5.684341886080802e-14,9.094947017729282e-13,1377.908017402742,10800.0
2025-04-02,37706.73863615656,2644.550958523609,-288.8159836581912,1253.9119269974399,41316.385538019415,41411.13765437795,62719.8309236563,64241.75911802139,181.57245401713698,2810.2870958440753,1288.358901478979,19800.922989945575,16245.451673163243,432.5248552562086,8603.652326585383,8373.981158466126,5.684341886080802e-14,8.810729923425242e-13,1200.0,10800.0
2025-04-03,39679.89753937088,0.0,-567.6191391928288,5.560008059743943,39117.838408237796,39146.45484206024,64912.71701305307,63444.615753350896,1.126533899249102,0.0,1468.101259702173,19872.545447712655,16159.189260522755,3868.8558333935875,8373.981158466126,8304.617327493344,5.684341886080802e-14,9.094947017729282e-13,1200.0,10800.0
2025-04-04,13683.644092194514,444.5514647668032,0.0,887.7234218440123,15015.918978805328,14983.179308073271,27775.104067402015,28090.049060419467,224.27056504630391,314.9449930174503,0.0,18634.44464839324,15022.477775505646,18271.550502578175,8304.617327493344,8383.975538263212,5.684341886080802e-14,9.094947017729282e-13,1200.0,10800.0
2025-04-05,13558.918964654351,2330.574510378561,0.0,0.0,15889.493475032912,15745.946174588378,27521.267392491398,29009.878761132026,0.0,1488.6113686406293,0.0,18538.438612570553,14702.98334146609,13130.30850669423,8383.975538263212,8731.922132392165,5.684341886080802e-14,7.958078640513122e-13,1302.8684916433292,10800.0
2025-04-06,36048.958694919056,827.4760226700727,-457.9909168638819,990.9837421974594,37409.427542922705,37546.21723117426,60621.90930970374,59371.892365425854,173.2071926847263,597.0213966861465,1847.0383409640249,20286.87876925268,16730.78184210292,1578.9263642941569,8731.922132392165,8400.355422383001,5.684341886080802e-14,9.094947017729282e-13,1200.0,10800.0
2025-04-07,31790.655073557165,3288.7595517194914,0.0,297.3709782551845,35376.78560353184,35464.19550443822,53062.55619848808,57068.17943534837,63.54896842673657,4005.623236860288,0.0,20961.457179081208,17169.46714439638,97.01908575694577,8400.355422383001,8188.481167560103,5.684341886080802e-14,8.810729923425242e-13,1200.0,10800.0
2025-04-08,37392.8841263022,893.5552167103002,-1188.8097450555135,0.0,37097.629597956984,37075.14457227794,62012.46908927154,58384.64894459122,0.0,487.1987800958102,4115.018924776123,20519.491310782076,16571.736330168642,83.70034731112605,8188.481167560103,8242.982980409932,5.684341886080802e-14,9.094947017729282e-13,1243.6004304382348,10682.531414497314
2025-04-09,36440.26654533773,2980.2717088261024,-3.4974937841425993,0.0,39417.04076037969,39311.75859064815,60456.76085929691,64079.64337895477,0.0,3633.4809856704023,10.598466012553331,21192.349221541248,16936.127250050213,689.1103907970593,8242.982980409932,8498.178113074604,5.684341886080802e-14,9.094947017729282e-13,1395.1231428582878,10800.0
2025-04-10,35987.93684947949,1668.014108316475,0.0,179.98837325452857,37835.9393310505,37878.381548980855,58742.17482233743,61065.30732759036,46.24600600956992,2323.1325052529232,0.0,20726.004492949098,16880.652372182896,2805.563312833729,8498.178113074604,8395.301743192242,1.1368683772161603e-13,9.094947017729282e-13,1200.0,10800.0
2025-04-11,12778.86145893484,1284.7714993030095,0.0,461.99738870964006,14525.63034694749,14728.91819874026,26348.75014327834,27330.72160748818,93.60700814702463,981.971464209841,0.0,18238.391168617534,15216.574250167987,19085.86153051899,8395.301743192242,7902.5490725391455,5.684341886080802e-14,9.094947017729282e-13,1200.0,10800.0
2025-04-12,14067.375016890626,7.360760497612666,-150.9506108465898,0.0,13923.78516654165,13751.904446624312,28154.687494367343,27823.776717340126,0.0,6.064228454121491,336.9750054813401,18342.631342943427,14482.569407894482,14938.554232291182,7902.5490725391455,8319.173494638806,5.684341886080802e-14,9.094947017729282e-13,1372.2964716446372,10800.0
2025-04-13,33414.758640578315,2821.442867703223,0.0,0.0,36236.201508281534,36147.92049037982,55969.6700504554,58428.47932406539,0.0,2458.8092736099798,0.0,20372.84677687174,16309.418696967736,88.69276082805243,8319.173494638806,8533.159263859216,5.684341886080802e-14,9.094947017729282e-13,1323.6799817005092,10718.668479877055
2025-04-14,35398.35180339139,2733.415782630731,-1576.9027860348785,927.2615537661244,37482.12635375337,37548.641013440196,58520.19305396412,55900.24959496487,135.3426046564423,1406.6561113963053,4026.599570395559,19210.6367342289,15705.719106048691,2.6427714411066745,8533.159263859216,8371.933317944458,5.684341886080802e-14,9.094947017729282e-13,1200.0,10301.509660440162
2025-04-15,31412.62032380533,2100.018392636316,0.0,581.4440313257488,34094.082747767396,34047.90763083182,52390.6224658876,54141.728078269334,102.79115256493245,1751.10561238173,0.0,19907.73311724582,16024.531681910075,221.88896216519055,8371.933317944458,8483.857921343388,5.684341886080802e-14,9.094947017729282e-13,1200.0,10800.0
2025-04-16,34056.512261153715,1993.6348759185714,-121.25698250610068,739.277292459938,36668.16744702613,36757.9942009064,57925.00162756609,59398.26270225311,141.33196254686445,2007.2865916170956,534.0255169300679,19675.252602452678,16132.913860997769,217.66397334507553,8483.857921343388,8266.125417997717,1.1368683772161603e-13,9.094947017729282e-13,1200.0,10800.0
2025-04-17,32650.63622770715,2490.05814409805,0.0,1849.618748547739,36990.31312035294,36893.4890824835,53518.38987446181,56681.437430061895,268.06544924118356,3163.047555600082,0.0,19839.829528864317,15859.037919796083,100.36892023484688,8266.125417997717,8500.81874975774,5.684341886080802e-14,9.094947017729282e-13,1200.0,10590.141345592889
2025-04-18,12966.532804951868,327.9352991516811,0.0,0.0,13294.46810410355,13273.655174013496,26754.830451825495,27017.342415982097,0.0,262.511964156604,0.0,18717.87689052514,15116.076367043263,17061.424709166888,8500.81874975774,8551.267543404516,5.684341886080802e-14,9.094947017729282e-13,1326.3686011860732,10800.0
2025-04-19,12486.733798520045,574.0710619985495,-5.549774458253962,0.0,13055.25508606034,13191.656416362537,26188.332766697888,26581.521564551433,0.0,405.0449795198695,11.856181666321106,18426.068292122756,15222.678143295372,16593.452165724048,8551.267543404516,8220.642180431241,5.684341886080802e-14,8.881784197001252e-13,1273.260251404758,10800.0
2025-04-20,32306.45779880845,2425.1198425810862,-18.344665649401968,0.0,34713.23297574013,34621.5573723487,53716.84907618395,56692.93496989458,0.0,3007.4065443931217,31.320650682497558,20995.633169712808,16806.470304184164,546.0272210326011,8220.642180431241,8442.856139634816,5.684341886080802e-14,9.094947017729282e-13,1237.308327985383,10800.0
2025-04-21,33254.51055632699,0.0,-907.0317556437177,1718.3646510343515,34065.84345171762,34130.02468916337,55924.402939840045,52781.79952303109,279.6595810158068,0.0,3142.603416808957,19598.9350525292,16015.150326378594,960.7639945629683,8442.856139634816,8287.2862131571,0.0,9.094947017729282e-13,1200.0,10800.0
2025-04-22,31083.83046150665,3394.9676588130123,-0.166832959794131,341.6865276985602,34820.31781505843,34877.26812494752,52301.932443426,55722.8710997869,73.97202022886762,3421.726161481478,0.7875051205764976,19723.732477583388,16100.461795962306,20.643121728019764,8287.2862131571,8149.243447468475,5.684341886080802e-14,9.094947017729282e-13,1200.0,10460.020453110857
2025-04-23,30208.67119192346,5132.457180656534,0.0,0.0,35341.128372579995,35115.9593563513,50653.1668391787,55808.1853122209,0.0,5155.01847304219,0.0,18989.307499795817,14890.12737770226,309.0884734606756,8149.243447468475,8695.034222059981,5.684341886080802e-14,9.094947017729282e-13,1480.4495166265679,10800.0
2025-04-24,30959.998805567804,0.0,0.0,1071.41069038403,32031.409495951833,32186.54809347418,51463.3104823051,51463.3104823051,168.4746795068614,0.0,0.0,19049.39164048286,15768.445860606635,1260.7326819357468,8695.034222059981,8318.99129782052,5.684341886080802e-14,9.094947017729282e-13,1200.0,10800.0
2025-04-25,12720.208936825487,0.0,0.0,0.0,12720.208936825487,12776.159841820361,26115.631847654047,26115.631847654047,0.0,0.0,0.0,18198.310168835415,14862.68949974039,20779.65352855902,8318.99129782052,8183.371005616408,5.684341886080802e-14,9.094947017729282e-13,1356.6165540180136,10800.0
2025-04-26,12701.54226173713,480.2552286931418,0.0,0.0,13181.797490430272,13229.299365111363,26132.336233117254,26505.841177549337,0.0,373.5049444320853,0.0,18236.798045722764,14875.432914454463,23074.28241294771,8183.371005616408,8068.230452928603,5.684341886080802e-14,7.176481631177012e-13,1269.2377566794025,10800.0
2025-04-27,30765.30079828059,3328.314892362567,-84.56500895063758,0.0,34009.05068169252,33819.77885051407,51390.214709235064,53236.41654819581,0.0,2081.8621221908375,235.66028323008595,19691.563708485897,15537.265490879925,508.64714725651334,8068.230452928603,8527.009467365988,0.0,9.094947017729282e-13,1313.7637723902403,10800.0
2025-04-28,35854.605771018934,1792.0518058027233,-118.00686799911851,0.0,37528.65070882254,37563.64569386683,61012.84468669141,62497.50937051571,0.0,1937.1653221879853,452.5006383636827,19779.88044268699,16098.045571412094,2193.7071825741527,8527.009467365988,8442.184564215286,1.7053025658242404e-13,9.094947017729282e-13,1313.649254347193,10800.0
2025-04-29,30963.613808728755,1058.7380928050525,-236.65177677869593,2337.060544505011,34122.76066926012,34099.32511176172,51016.85961675559,51252.48672351937,335.1687031001657,823.6875435317767,588.0604367680024,18844.511257754777,15212.928878884508,522.8593310825933,8442.184564215286,8498.990386322914,0.0,8.988365607365267e-13,1200.0,10800.0
2025-04-30,30346.712177632322,1646.919800738005,0.0,1652.034923878121,33645.66690224845,33706.63852845505,49726.63341327168,51726.88268361143,305.1571531035559,2000.2492703397534,0.0,18967.850808133244,15496.970243269165,304.3048385175796,8498.990386322914,8351.200287788204,5.684341886080802e-14,9.094947017729282e-13,1200.0,10800.0
2025-05-01,32014.279573559084,1237.7483329155261,-95.02045586481123,12856.978710818239,46013.98616142804,46369.62190292203,52669.025880205954,53456.951365522524,2021.2964339765626,1069.990648452136,282.06516313556494,18362.184934401783,15649.197835136738,1753.8819002340547,8351.200287788204,7489.169134153429,1.1368683772161603e-13,9.094947017729282e-13,1200.0,10800.0
2025-05-02,13896.430345317065,0.0,0.0,9191.915528505007,23088.345873822072,23102.960748047848,28036.66518336311,28036.66518336311,1553.1897221952458,0.0,0.0,17779.905972928344,14433.60654241583,11953.23539171251,7489.169134153429,7453.7439071046865,5.684341886080802e-14,8.526512829121202e-13,1200.0,10800.0
2025-05-03,13316.706708867529,2026.5750237770503,0.0,3427.80472232786,18771.08645497244,18589.442453468346,27552.398977496065,28744.536358602098,634.892924113367,1192.1373811060314,0.0,17898.023272529033,14101.138034108833,16715.372394295264,7453.7439071046865,7894.033703371003,5.684341886080802e-14,8.242295734817162e-13,1200.0,10800.0
2025-05-04,32848.19186830017,3097.0691166819943,-722.5481490752288,4244.273073888934,39466.985909795876,39550.925808854416,55114.7320677223,54548.13072690186,711.9810243123283,1645.7908144406733,2212.3921552611246,18095.051957867923,14840.10902160535,270.50148161828497,7894.033703371003,7690.570441446189,5.684341886080802e-14,9.094947017729282e-13,1200.0,10800.0
2025-05-05,34137.33676233601,3468.0695711993867,0.0,1572.7228004838412,39178.12913401924,39166.52822937726,56707.43555545751,58563.18219192652,259.83382073474445,1855.7466364690051,0.0,19587.902928559997,15840.893715898736,0.0,7690.570441446189,7718.690059484926,0.0,9.094947017729282e-13,1200.0,10638.057993621103
2025-05-06,30152.85412981404,7245.372030272432,0.0,4005.9471469255363,41404.17330701201,41468.371288742404,50420.63081773596,56342.99182737328,691.1252682239877,5922.361009637314,0.0,18936.156030586393,15478.335846670001,706.2145450142044,7718.690059484926,7563.079546268235,5.684341886080802e-14,8.810729923425242e-13,1200.0,10800.0
2025-05-07,32905.54492804135,5029.039532930029,0.0,2452.8047202146254,40387.38918118601,40328.41874265204,54264.530500962945,58512.729659431265,389.2785531394992,4248.199158468328,0.0,19245.608676958673,15460.297579339715,48.851164951814894,7563.079546268235,7706.01893404247,5.684341886080802e-14,8.100187187665142e-13,1200.0,10706.745826686625
2025-05-08,35260.986868211454,280.8353868588324,-338.50619914547326,8584.793760182645,43788.10981610746,43670.85135081628,59844.933956327375,58656.69812081549,1323.0320557544828,222.19388624768888,1410.429721759573,19524.4966697602,15559.040102436113,187.76120924588747,7706.01893404247,7990.243600786524,5.684341886080802e-14,9.094947017729282e-13,1200.0,10800.0
2025-05-09,13293.486344891726,538.3104525626444,0.0,6476.245367466622,20308.042164920993,20246.578522402535,27133.411094952487,27532.2163917199,1095.4866612838969,398.8052967674143,0.0,18395.92194903823,14766.612344463083,16499.007598428656,7990.243600786524,8139.226305517501,5.684341886080802e-14,8.384404281969182e-13,1200.0,10800.0
2025-05-10,13252.97140777465,994.4085833355518,0.0,3481.1996145924277,17728.57960570263,17875.563894054343,27017.87519854375,27709.810089228788,631.9164344248782,691.934890685039,0.0,18110.38016733945,14990.057743153055,13100.358816133938,8139.226305517501,7782.9487415085,5.684341886080802e-14,8.526512829121202e-13,1200.0,10800.0
2025-05-11,34101.671281479,3084.5081964447577,0.0,277.36103945833383,37463.54051738209,37354.06589512003,57135.071663069415,59348.73478417058,41.18071666666674,2213.6631211011713,0.0,19083.12834185002,15218.512400118922,41.220475772819164,7782.9487415085,8048.3060268191675,5.684341886080802e-14,9.094947017729282e-13,1220.8754664738285,10800.0
2025-05-12,30840.538504907683,6256.767107063131,0.0,0.0,37097.30561197081,36857.52498501732,50233.02899951164,56178.239284224444,0.0,5945.210284712796,0.0,18733.030055865413,14650.667063181692,164.6810582073904,8048.3060268191675,8629.514118007266,5.684341886080802e-14,9.094947017729282e-13,1215.2762551397752,10800.0
2025-05-13,34888.93480738627,2862.3025220545696,-666.9430956390368,0.0,37084.294233801804,37068.47451194389,58553.67544448348,57626.43462814482,0.0,1724.6881234496625,2651.9289397883304,18157.324876651484,14672.922041267582,1012.8190260942524,8629.514118007266,8667.85979447407,5.684341886080802e-14,8.846257060213247e-13,1630.3448776393857,10800.0
2025-05-14,35305.239073513454,1951.723063972316,-757.1724887902128,0.0,36499.78964869556,36577.23331398491,57220.479435921596,57104.248864292356,0.0,2313.756693019919,2429.9872646491604,18528.75673279865,15177.238196993714,738.5815451540954,8667.85979447407,8480.14285733317,5.684341886080802e-14,8.952838470577262e-13,1592.0928547089727,10800.0
2025-05-15,36054.808909847256,1411.3472311245698,0.0,0.0,37466.15614097183,37261.21281610038,56822.402953027224,58844.87166050927,0.0,2022.4687074820395,0.0,19126.377419987573,15045.276851730814,1998.7128089191733,8480.14285733317,8976.908255621092,5.684341886080802e-14,9.094947017729282e-13,1818.2244583814593,10800.0
2025-05-16,13936.835496450156,0.0,0.0,0.0,13936.835496450156,14443.957827604343,26787.953841119936,26787.953841119936,0.0,0.0,0.0,17739.397214910612,15475.21146999974,21808.26156287573,8976.908255621092,7747.686337929824,5.684341886080802e-14,9.094947017729282e-13,1377.8197817903017,10800.0
2025-05-17,14266.049130962556,283.74694623881743,-5.473002995603081,1899.335669925284,16443.658744131055,16432.237079434086,27862.2533528589,28057.506283359762,287.2293344422319,207.70430803607744,12.45137753521347,18157.38470206216,14682.564968744296,14421.116801150796,7747.686337929824,7775.371493403217,5.684341886080802e-14,8.526512829121202e-13,1200.0,10800.0
2025-05-18,37503.07824214288,0.0,-914.6008484352463,28.81883078976106,36617.29622449739,36265.65356923941,62220.284739500625,58986.5337317599,4.2729380665373355,0.0,3233.75100774073,19222.02778923556,14802.725485960142,895.3362665510181,7775.371493403217,8627.723741537287,2.842170943040401e-14,9.094947017729282e-13,1689.9343607188239,10800.0
2025-05-19,32417.63767954952,808.1259240230399,-124.72558819468011,982.5382774723105,34083.57629285019,34258.897959171474,53305.73978963324,53454.07876474905,170.93036986069092,665.7415087917984,517.4025336759933,17808.301349323134,14807.19258129065,3108.6838165772547,8627.723741537287,8202.758754494058,1.7763568394002505e-15,8.65085780787922e-13,1200.0,10800.0
2025-05-20,33259.204250586336,3435.1434524517936,0.0,867.6323441574948,37561.980047195626,37624.56856937975,54295.39735145577,57660.12658785715,129.19622727012108,3364.729236401386,0.0,17746.58551810968,14511.272656334984,26.615136685915786,8202.758754494058,8051.049435976114,5.684341886080802e-14,9.094947017729282e-13,1200.0,10069.787661053364
2025-05-21,32548.256176979223,3446.316423413661,-56.79226633197387,688.2595295525583,36626.03986361347,36581.95596784456,52054.49145348193,55742.61751389141,134.91211216419373,3778.0738205629305,89.94776015345417,17859.943231820107,14370.383924661382,1025.3550355635462,8051.049435976114,8157.905094990452,5.684341886080802e-14,8.810729923425242e-13,1200.0,10800.0
2025-05-22,34249.52921410641,0.0,0.0,667.9349433287565,34917.46415743517,34693.820769902995,54765.52702306124,54765.52702306124,95.74755494964973,0.0,0.0,18651.469695869622,14619.8069527089,12.981018183502329,8157.905094990452,8699.997873818778,1.4210854715202004e-14,9.094947017729282e-13,1200.0,10171.737175176488
2025-05-23,14102.696138227777,0.0,0.0,64.7036964370499,14167.399834664826,14269.857698355876,27175.426928036377,27175.426928036377,15.52764493329731,0.0,0.0,18560.71966968756,15257.697259378656,17466.98327932744,8699.997873818778,8451.648621672413,5.684341886080802e-14,9.094947017729282e-13,1200.0,10800.0
2025-05-24,15129.900362487097,66.75211444359886,-278.48145609534924,433.54267348541924,15351.713694320766,15230.539995072892,28232.56303981669,27759.737758811676,100.3903218391197,51.248581553740216,524.073862558754,18367.842390238053,14613.608957717444,20351.39326479685,8451.648621672413,8745.363486533948,5.684341886080802e-14,8.952838470577262e-13,1200.0,10800.0
2025-05-25,33638.1941416576,1074.9477264600841,-212.58051169065465,0.0,34500.56135642703,34416.651769377306,55011.86728866915,54783.56134431393,0.0,759.853753374008,988.159697729229,17438.99539959644,13942.535464326827,2742.0912257109817,8745.363486533948,8948.753274696488,5.684341886080802e-14,9.094947017729282e-13,1709.7835393603375,10800.0
2025-05-26,32863.45839690348,4709.552457631435,-30.71218827944567,0.0,37542.29866625547,37633.636254446414,52279.42100593693,58041.69042573838,0.0,5811.43732264597,49.167902844526225,17912.317678669784,14708.232494607164,257.7722916757556,8948.753274696488,8727.358635935785,5.684341886080802e-14,9.094947017729282e-13,1730.8607003984687,10800.0
2025-05-27,32600.010802962992,1955.9666654221369,-312.6558685461721,2257.05890036595,36500.380500204905,36601.65143001603,51561.47622319428,53854.062675477,421.26588797879066,2787.1699899428313,494.58353766011294,18798.71430939943,15447.883592356095,1534.1305464124525,8727.358635935785,8481.886411777401,5.684341886080802e-14,8.846257060213247e-13,1200.0,10800.0
2025-05-28,35208.597183162085,672.2419931071778,-326.9152206962456,0.0,35553.92395557302,35324.89744438152,57986.139396668004,57331.13479065898,0.0,516.9788408639891,1171.9834468730094,18501.893368318306,14486.90671192223,1042.3240342629147,8481.886411777401,9037.027430016957,2.842170943040401e-14,9.094947017729282e-13,1684.588764790437,10800.0
2025-05-29,34788.99366183716,2493.042686783238,0.0,335.8614972416632,37617.897845862055,37838.892166729136,56853.569552935485,60211.18191192689,48.238797147068794,3357.6123589914187,0.0,19268.721222912536,16089.76868800686,2970.3446741682974,9037.027430016957,8501.355766186167,5.684341886080802e-14,8.881784197001252e-13,1200.0,10800.0
2025-05-30,14995.322154872358,0.0,0.0,0.0,14995.322154872358,14798.157476175784,28087.948388162644,28087.948388162644,0.0,0.0,0.0,18435.223894630344,14502.411802417282,17558.903029282912,8501.355766186167,8979.266379778725,5.684341886080802e-14,9.094947017729282e-13,1355.8449690692962,10800.0
2025-05-31,15878.92220592621,0.0,-531.5078725714326,0.0,15347.414333354778,15478.427875417394,29349.073728448842,28221.626906622416,0.0,0.0,1127.4468218264226,18114.120364574832,14958.246730615927,16676.571722663517,8979.266379778725,8661.700562767266,5.684341886080802e-14,9.094947017729282e-13,1649.2384474665964,10800.0
2025-06-01,44061.07482488711,8869.372494691299,-1586.2060849682725,3377.5266848071074,54721.76791941724,55369.5490643792,72254.55218942327,73280.98401274398,594.2846813791061,5384.310766742965,4357.878943422264,18436.898691213675,16347.038296519731,560.58199942914,8661.700562767266,7091.533499837644,5.684341886080802e-14,9.094947017729282e-13,1200.0,10070.047531173279
2025-06-02,45437.55583410693,5977.6464460458765,-1432.6024292544662,1065.347391225947,51047.94724212428,51088.54385454607,74340.37392266787,72255.91634307361,195.0137222070907,3078.5164311854223,5162.974010779691,20450.359942618947,16653.354053014064,13.116725675820362,7091.533499837644,6993.130722623507,5.684341886080802e-14,9.094947017729282e-13,1200.0,9849.429269442186
2025-06-03,42110.00221501659,8917.124701415407,-470.8644004916291,64.129945137118,50620.392461077485,50414.93361832902,69253.48055447626,72516.03411549228,9.519772157220814,5410.644357365278,2148.090796349259,19224.61833004949,15123.727374067112,232.29609833378993,6993.130722623507,7491.14569292681,5.684341886080802e-14,9.094947017729282e-13,1453.1416711766788,10732.66252364703
2025-06-04,48425.41057293999,2513.779174432673,-2127.7766414442976,1163.1592250809106,49974.57233100928,50064.356926645036,78626.32672392114,73045.51929493739,211.23840107152844,1345.6696250777475,6926.477054061495,19329.279735725773,15852.583869711016,134.8010133274995,7491.14569292681,7273.515377623327,5.684341886080802e-14,8.952838470577262e-13,1200.0,10800.0
2025-06-05,40132.4733599574,12539.745237478988,-6.935684071921758,125.81285771263697,52791.0957710771,52918.535536963405,66873.6556229495,74683.87488672919,18.607240658527985,7841.5567094482085,31.337445668517603,19517.232553415473,16086.971323741636,122.90288104721878,7273.515377623327,6964.612093762112,5.684341886080802e-14,9.094947017729282e-13,1240.1088758972721,10797.711524512844
2025-06-06,17522.290948997477,7057.605659985968,0.0,0.0,24579.896608983443,24485.068295016437,32240.38207961421,36623.01030817379,0.0,4382.628228559586,0.0,17373.3877130052,13865.573769286773,2260.2009644553746,6964.612093762112,7194.467958481486,0.0,9.094947017729282e-13,1210.448910632594,10800.0
2025-06-07,17723.479964922608,5464.289274661172,-197.5882927952014,0.0,22990.18094678858,22762.93225356078,33716.75151839031,35964.74909618751,0.0,2999.883768798192,751.8861910009937,17246.524482478915,13473.936267612338,1065.6477146542672,7194.467958481486,7745.299695365462,5.684341886080802e-14,8.668621376273222e-13,1507.775376522832,10800.0
2025-06-08,42402.45946283924,5628.888854589397,-752.4533928277611,0.0,47278.89492460088,46984.04097984909,68864.95506601913,69326.00242779066,0.0,3336.0727185690575,2875.025356797534,18225.464292583303,14119.395009798971,35.0098783396586,7745.299695365462,8460.00088113603,5.684341886080802e-14,9.094947017729282e-13,1932.5816210577043,10403.538653157571
2025-06-09,47686.418358703035,2227.075315722366,-796.015868234241,0.0,49117.47780619116,49255.903213948826,76469.34867209775,75141.96929939097,0.0,1191.5301419533425,2518.9095146601176,20842.24771677256,17184.199051565345,551.2079008504281,8460.00088113603,8124.469324492071,5.684341886080802e-14,9.094947017729282e-13,1505.349467742105,10800.0
2025-06-10,43534.04067671434,5595.764401779719,0.0,1231.3069789182825,50361.11205741235,50598.755470596254,70109.15158940878,74721.5490574064,230.87253929807815,4612.39746799762,0.0,19891.561210104315,16630.589478323363,73.00563159019157,8124.469324492071,7548.44165989333,5.684341886080802e-14,9.094947017729282e-13,1200.0,9905.618216635059
2025-06-11,49366.60110169914,3936.404971450993,-18.609128881706084,0.0,53284.396944268425,53054.232385868585,78279.86339245072,81101.69411188287,0.0,2877.6349396310025,55.80422019884668,23558.218407502747,18580.047315938078,39.07670365154604,7548.44165989333,8106.341208936834,5.684341886080802e-14,9.094947017729282e-13,1335.1183856286689,10229.748336090794
2025-06-12,47658.81331771622,0.0,0.0,3821.217318499008,51480.03063621523,51631.92763873364,75756.87425374982,75756.87425374982,615.3370791419788,0.0,0.0,21420.65710582547,17682.09926902299,181.26206275599145,8106.341208936834,7738.155638598654,5.684341886080802e-14,8.988365607365267e-13,1200.0,10425.940565238301
2025-06-13,19073.47761419454,3629.899954246722,-170.83550992841094,0.0,22532.54205851285,22250.667924693727,34474.12118910391,36121.74081133848,0.0,2036.637996385647,389.01837415108326,18271.62216411689,14185.098659658386,3689.903606879981,7738.155638598654,8421.394853350093,5.684341886080802e-14,9.094947017729282e-13,1642.9401681170052,10800.0
2025-06-14,19467.86230594982,1304.5532235064106,-214.8715243842773,0.0,20557.54400507195,20801.887156576315,34276.00642109426,34505.192944988325,0.0,703.3667672943964,474.1802434003334,18019.83744035133,15129.108867267762,5421.121621904755,8421.394853350093,7829.127586035451,5.684341886080802e-14,8.841816168114747e-13,1298.3552597142777,10800.0
2025-06-15,45547.470568532124,2695.857061373342,0.0,0.0,48243.32762990546,47856.023029189906,72809.09079320211,76206.88104595916,0.0,3397.7902527570423,0.0,23425.773747776253,18129.962309144492,284.09527399406386,7829.127586035451,8767.921393317973,5.684341886080802e-14,9.094947017729282e-13,1655.278730743951,10800.0
2025-06-16,47208.11747886405,2328.9171807319008,0.0,0.0,49537.03465959595,49596.67715914285,74531.49170252628,76968.32140469445,0.0,2436.829702168163,0.0,21970.883245932448,17926.526995682478,229.91233777781315,8767.921393317973,8623.352986121077,5.684341886080802e-14,9.094947017729282e-13,1511.4550492969063,10592.798599203075
2025-06-17,48453.25755398534,1710.6246847843563,0.0,84.20160287257556,50248.08384164228,50427.558831093025,76760.86614900292,78744.02748756821,12.070183898018286,1983.1613385652868,0.0,22323.661776634814,18473.6951030524,269.11978121715003,8623.352986121077,8188.3206928119625,5.684341886080802e-14,9.094947017729282e-13,1460.185395777299,10596.340781648116
2025-06-18,48515.23454686824,1491.3381792780651,-778.3943351313762,0.0,49228.178391014924,49120.172003750085,77552.421662087,77045.37240361277,0.0,1640.5762517387743,2147.6255102130012,21088.64096321609,16846.180613858363,1874.52115425504,8188.3206928119625,8450.119099863825,4.263256414560601e-14,8.739675649849232e-13,1482.7876624364576,10800.0
2025-06-19,45286.89156008573,3579.293540105594,-902.4978936995526,0.0,47963.68720649177,48073.630794035555,72578.85012088163,73719.88941518415,0.0,3598.7251896392745,2457.6858953367628,21561.575902197594,17704.72109675221,1603.5304097387716,8450.119099863825,8183.625082116977,5.684341886080802e-14,9.094947017729282e-13,1310.3078438050752,10800.0
2025-06-20,20637.07290639801,0.0,0.0,0.0,20637.07290639801,20404.95753332628,35709.36277314082,35709.36277314082,0.0,0.0,0.0,17866.858945347143,13965.79040183648,9407.713379630162,8183.625082116977,8746.253241999979,7.105427357601002e-15,9.023892744153272e-13,1979.7201092582636,10800.0
2025-06-21,19807.174683766993,0.0,-179.05578660184992,0.0,19628.118897165143,19590.885683504734,34769.04050973822,34476.3493986003,0.0,0.0,292.6911111379175,18848.803537607804,15186.305702346426,11479.111163338925,8746.253241999979,8836.503423239861,7.105427357601002e-15,9.094947017729282e-13,1514.335154109361,10800.0
2025-06-22,44225.731652523784,2085.5015200062617,-167.47432700056768,0.0,46143.758845529475,46007.40590612078,71004.09246519717,72397.08170382,0.0,1877.8624039472238,484.87316532439354,20911.125432241384,16640.554339353228,669.1695109318453,8836.503423239861,9167.01149075352,5.684341886080802e-14,8.739675649849232e-13,1974.5739867302725,10800.0
2025-06-23,45763.241803144,0.0,-359.33803420164656,26.206298621972355,45430.11006756433,45658.28264733559,71901.82335513202,71204.32071659222,3.756636843746037,0.0,697.502638539798,20423.347375884096,17040.675418674895,764.1193962267681,9167.01149075352,8613.94033052154,5.684341886080802e-14,9.094947017729282e-13,1587.548188297316,10800.0
2025-06-24,53259.584060075314,0.0,-140.6462470861125,0.0,53118.9378129892,52859.42852842038,83461.5592274112,83126.40204912689,0.0,0.0,335.15717828431536,23544.12104096591,18504.612213662465,1818.1009718234457,8613.94033052154,9242.969029988117,5.684341886080802e-14,8.952838470577262e-13,1286.0230976840564,10800.0
2025-06-25,45631.462273385696,2471.347536448369,-330.83377067634444,0.0,47771.97603915772,48040.20092804897,73369.34294636268,74905.68430125812,0.0,2275.3276670383066,738.9863121428507,19969.079569154474,16760.093583797003,1259.2769492340012,9242.969029988117,8592.814438008254,1.1368683772161603e-13,9.094947017729282e-13,1584.2818476262917,10800.0
2025-06-26,45265.910081425565,1471.0385289727835,0.0,0.0,46736.94861039835,46652.869854123994,71476.16739638192,73206.2795232688,0.0,1730.1121268868637,0.0,19802.77257663382,15856.825930940266,1712.949044241912,8592.814438008254,8796.614278156168,1.1368683772161603e-13,9.094947017729282e-13,1800.7048339552675,10800.0
2025-06-27,21452.252363969303,0.0,0.0,0.0,21452.252363969303,21104.284140666907,36869.519248813456,36869.519248813456,0.0,0.0,0.0,18273.171655087917,14042.167880171604,12866.869607230481,8796.614278156168,9640.06001198907,5.684341886080802e-14,8.757439218243235e-13,2161.581404749975,10800.0
2025-06-28,20057.514554205532,0.0,-366.3144345533053,0.0,19691.20011965223,20036.35061076595,34830.149645962694,34240.92254398595,0.0,0.0,589.2271019767409,18376.6580850295,15638.047257875005,9725.385600164795,9640.06001198907,8803.44422421006,5.684341886080802e-14,9.094947017729282e-13,1635.6370630386727,10800.0
2025-06-29,43632.92944313896,5891.738674991296,-504.00950816028245,104.00144237934273,49124.66005234931,49211.83338344882,69933.67753576081,75034.88084426988,15.05565262372761,5884.220383214638,783.0170747055681,20414.917804491502,16726.254168178937,2093.504327247716,8803.44422421006,8592.143394720262,5.684341886080802e-14,8.970602038971265e-13,1200.0,10800.0
2025-06-30,48215.67184145903,0.0,-543.3126293862385,443.1863140658015,48115.545526138594,48112.99237873853,76682.46890414748,75684.71608976656,65.77056409509248,0.0,997.7528143809305,21115.61322272483,17098.0769571239,1855.266404927389,8592.143394720262,8598.332009479389,1.1368683772161603e-13,8.668621376273222e-13,1552.3564949661113,10800.0
2025-07-01,41929.96075116416,18163.3376203593,0.0,0.0,60093.29837152346,60644.56664952021,67072.25246422667,81190.51479589193,0.0,14118.262331665259,0.0,18284.225280582094,16012.827662236119,52.57314421261481,8598.332009479389,7262.10402618536,5.684341886080802e-14,9.094947017729282e-13,1248.9784505460277,9433.858934220736
2025-07-02,41382.474802136414,12208.360081927229,0.0,3746.080687191755,57336.9155712554,57437.305213839056,65373.468957596364,75561.02799923779,583.0239954714265,10187.559041641416,0.0,18012.616398100403,14809.221734636816,35.89096457896096,7262.10402618536,7018.767968212593,5.684341886080802e-14,8.739675649849232e-13,1200.0,9889.311140723214
2025-07-03,45689.96957779116,13955.116761475918,0.0,435.83703539875944,60080.92337466584,60053.887678915824,73371.73203912552,83562.51065969781,67.09293833072437,10190.778620572295,0.0,19369.96889523807,15630.695775900933,129.9115453580741,7018.767968212593,7084.300222925811,5.684341886080802e-14,9.094947017729282e-13,1200.0,10800.0
2025-07-04,18899.798847548034,2085.8272433168486,0.0,28687.945695902497,49673.57178676738,49705.57833765453,34271.370791249166,35872.988603002916,6010.927439418411,1601.6178117537493,0.0,17352.037358046062,14124.97333089959,9775.984548608185,7084.300222925811,7006.719033056613,0.0,8.668621376273222e-13,1200.0,10800.0
2025-07-05,19646.21525886137,8793.60088226676,0.0,4044.5255857012844,32484.341726829418,32443.71540606345,35989.24334184929,41346.857581211414,1341.4817156652225,5357.614239362133,0.0,17634.603384874434,14195.401432778635,10459.057378114176,7006.719033056613,7105.19382080068,0.0,9.094947017729282e-13,1200.0,10800.0
2025-07-06,42557.28977113362,17693.794445659674,0.0,3005.1663655043944,63256.25058229769,63288.10475792107,66883.490461691,83300.9330636661,482.5864280287673,16417.44260197511,0.0,20710.245386865594,16844.789423891547,124.08197872083622,7105.19382080068,7027.981975766891,5.684341886080802e-14,9.094947017729282e-13,1200.0,10744.615023400498
2025-07-07,42099.31857421038,9528.758194918199,0.0,9321.65443070606,60949.73119983464,60924.81951533096,67063.58731822163,75600.145340805,1616.430515045461,8536.55802258339,0.0,19550.133595892305,15781.262765735024,38.22225902652477,7027.981975766891,7088.365805697719,5.684341886080802e-14,8.597567102697212e-13,1200.0,10800.0
2025-07-08,51117.65135169206,2830.364694869788,-703.378811148983,24.169300168333848,53268.80653558119,52916.59068355945,82095.95654272384,81378.73487150896,3.589677731818483,1667.1206984481669,2384.342369663051,22962.460341389215,17831.225410493462,679.7026016783582,7088.365805697719,7942.107434621948,5.684341886080802e-14,9.094947017729282e-13,1336.3238784552377,10800.0
2025-07-09,48489.03065991788,2633.8263697650973,-470.0794444176271,1992.8753229817294,52645.65290824708,52734.87624044508,77973.2186395697,78170.20390935152,340.34547134999934,1584.4751290450909,1387.489859263289,20403.472265414195,16721.455408889044,769.8075075096981,7942.107434621948,7725.837574729131,5.684341886080802e-14,9.094947017729282e-13,1200.0,10800.0
2025-07-10,45803.661016913306,5601.636849944547,0.0,725.7213657436768,52131.019232601524,52140.9567403412,71828.7041634215,76446.81866980209,121.52554882627342,4618.114506380583,0.0,19665.261845495665,15950.541010200635,0.0,7725.837574729131,7701.749891007857,5.684341886080802e-14,8.739675649849232e-13,1200.0,10254.26989872415
2025-07-11,25418.044613125643,0.0,0.0,636.1538166061287,26054.198429731772,26091.37137064539,43583.67398189591,43583.67398189591,136.45723363899347,0.0,0.0,17259.872954896346,14061.590770115727,8003.071880754285,7701.749891007857,7611.645805841535,7.105427357601002e-15,9.094947017729282e-13,1200.0,10800.0
2025-07-12,24050.295213435078,2098.93073325197,0.0,0.0,26149.22594668705,26130.92714327812,42037.07093622819,43311.650396078185,0.0,1274.5794598499965,0.0,17518.518167802904,14150.080430271999,8858.969325213951,7611.645805841535,7656.000567673036,0.0,9.094947017729282e-13,1352.8815776190615,10800.0
2025-07-13,50261.25704396069,710.0997774167299,-2070.086166150977,2174.555685772465,51075.826340998916,51038.22977362102,78742.42258280519,73074.43145881213,323.6248358208438,379.90398588218136,6047.895109875231,20462.762022765,16492.819410332726,160.3932822007083,7656.000567673036,7747.131487791835,5.684341886080802e-14,8.739675649849232e-13,1200.0,10667.836374768285
2025-07-14,47423.32423719175,3501.3085171898574,-632.1139699713741,0.0,50292.51878441023,50278.9537804567,76733.44353011332,76213.68151136949,0.0,2130.512258569462,2650.2742773132845,19413.164071362764,15695.070511048227,687.9087343882954,7747.131487791835,7780.0119175202935,5.684341886080802e-14,8.810729923425242e-13,1295.333278194262,10800.0
2025-07-15,51303.37583542435,604.6905649634828,-1166.9188783852871,1753.4545697878839,52494.60209179043,52301.96965164798,81564.47930829406,77653.81951621233,251.35529956821728,300.74080534945404,4211.400597431178,19342.542697588822,15247.227221687443,1060.8087565458386,7780.0119175202935,8246.936765697526,5.684341886080802e-14,8.810729923425242e-13,1200.0,10800.0
2025-07-16,49465.37885461228,293.17869808858393,-49.59492689714462,0.0,49708.96262580372,49519.223423434065,76877.72085282038,77030.0499122115,0.0,231.4187339433202,79.08967455218362,19828.149912496447,15646.88073448324,714.2173508649686,8246.936765697526,8706.848648629622,5.684341886080802e-14,9.094947017729282e-13,1691.3447146684434,10800.0
2025-07-17,47410.07965543835,2029.9516710792946,0.0,649.8133969913702,50089.84472350901,50398.70271041851,74254.50139604269,76439.27500615807,93.60559513160104,2184.773610115386,0.0,20618.81872055656,17375.0243901434,568.6702042098474,8706.848648629622,7958.202841415643,5.684341886080802e-14,9.094947017729282e-13,1200.0,10800.0
2025-07-18,27030.43236715199,0.0,-273.31028014876324,0.0,26757.122087003227,26473.794164713418,45309.66049924846,44618.51298140852,0.0,0.0,691.1475178399344,18114.673624209383,14054.79886735012,9284.390124549269,7958.202841415643,8644.96591725951,1.4210854715202004e-14,9.094947017729282e-13,1691.8488534617925,10800.0
2025-07-19,27586.539626566693,0.0,-804.9738458679433,0.0,26781.56578069875,26922.28230617002,45874.98087824149,43934.78572265477,0.0,0.0,1940.1951555867217,16928.30155704773,14018.900791323731,13842.565906930771,8644.96591725951,8303.880883798318,7.105427357601002e-15,9.094947017729282e-13,1507.6158554620251,10800.0
2025-07-20,50873.938672217475,496.683978845909,-649.5016625584161,0.0,50721.12098850497,50549.22516051733,81029.76242044114,78913.10909571458,0.0,266.8652437121917,2383.518568438755,20266.70665977319,16041.037455902984,2597.461675177714,8303.880883798318,8720.541926590877,1.1368683772161603e-13,9.094947017729282e-13,1904.1544361724993,10800.0
2025-07-21,51246.81121569858,1264.4302302817657,-76.88204763474063,0.0,52434.35939834561,52232.644706872314,81018.3648606676,81336.0725920604,0.0,650.0897261917621,332.3819947989622,20772.575554934214,16385.74068348979,2959.488370615977,8720.541926590877,9209.481388820792,5.684341886080802e-14,9.094947017729282e-13,1978.0053202058957,10800.0
2025-07-22,50850.03006035551,2426.6151950873514,-596.0222814789176,117.6459402229224,52798.26891418687,53020.9362500317,79213.33640749575,80938.3824622073,17.412260818903633,3189.458042256823,1464.4119875452743,19945.97813903783,16641.99651302009,3856.6684803417957,9209.481388820792,8669.754477265851,8.526512829121202e-14,9.094947017729282e-13,1470.1896305833982,10800.0
2025-07-23,57665.838208589485,0.0,-2941.1952727676994,0.0,54724.64293582179,54662.273882787806,89981.10138888797,81010.94695800499,0.0,0.0,8970.154430882976,21629.11519538206,17383.523698893663,2548.8083448499265,8669.754477265851,8820.93182100564,5.684341886080802e-14,9.094947017729282e-13,1602.6177936287777,10800.0
2025-07-24,58122.36429232594,0.0,-1433.226905314612,0.0,56689.13738701133,56395.901478283864,90468.75809076766,85681.88269498813,0.0,0.0,4786.875395779509,19822.3194613692,15416.377481540338,7659.468715159288,8820.93182100564,9531.71102341533,5.684341886080802e-14,9.094947017729282e-13,2084.7234386739765,10800.0
2025-07-25,25906.91415272114,0.0,0.0,0.0,25906.91415272114,25988.35017848088,43159.427672942125,43159.427672942125,0.0,0.0,0.0,18732.957938935877,15351.350605640106,13272.500772979693,9531.71102341533,9334.316939968614,1.0658141036401503e-14,8.597567102697212e-13,1969.2832726678548,10800.0
2025-07-26,25678.310040884182,0.0,-455.692231071828,0.0,25222.617809812353,25566.482274071495,43469.46603067914,42663.20507952758,0.0,0.0,806.2609511515612,18216.758361644304,15505.722983004352,11483.078134220967,9334.316939968614,8500.818373221431,7.105427357601002e-15,8.952838470577262e-13,1211.007458305375,10800.0
2025-07-27,50993.96261752381,1599.6228623430852,-816.6426617751463,0.0,51776.942818091746,51739.02229841883,80318.25521654502,78280.80224874342,0.0,862.7338468074222,2900.1868146090274,19925.362596196825,16056.819164984985,727.0690175315804,8500.818373221431,8592.734526481925,5.684341886080802e-14,8.952838470577262e-13,1246.2162966506548,10800.0
2025-07-28,52567.30374683245,1153.5190343852796,0.0,0.0,53720.82278121773,53512.201487884864,83113.48384119952,84257.045607221,0.0,1143.561766021497,0.0,22116.080409755185,17458.912695597868,1645.0006597303604,8592.734526481925,9098.415011263978,4.263256414560601e-14,9.094947017729282e-13,1465.1089500812488,10800.0
2025-07-29,52612.029960295535,3584.8220770196567,-932.1199377559069,94.61719391034038,55359.34929346962,55462.38264753534,82172.0047404065,83726.25077879235,14.05275418243582,3783.3854596115575,2229.1394212257183,19520.74915076165,16036.576585327904,4186.885017541039,9098.415011263978,8848.670818807346,4.263256414560601e-14,8.526512829121202e-13,1442.919728826003,10800.0
2025-07-30,48242.62965439155,5544.133480739617,-193.4801006254478,0.0,53593.28303450572,53383.36187795477,75184.24066582935,81013.9695431856,0.0,6308.821784319509,479.0929069632555,20262.998821967514,15955.080926196933,2602.7975974150177,8848.670818807346,9357.502062803735,5.684341886080802e-14,9.094947017729282e-13,1899.5074283068548,10800.0
2025-07-31,50216.64124092579,571.1547045496671,0.0,1423.056089654086,52210.852035129545,52510.5280606411,78893.6353048477,79559.07116934014,203.99313211784488,665.4358644924324,0.0,20635.084385716378,17368.168906333747,1801.1525554086834,9357.502062803735,8631.112558466526,5.684341886080802e-14,9.094947017729282e-13,1200.0,10800.0
2025-08-01,26270.251382241768,0.0,-154.40729083928528,0.0,26115.844091402483,25816.13673401345,44075.682885238835,43704.941319382124,0.0,0.0,370.74156585671125,18780.719129673613,14558.56358987776,18231.42611291961,8631.112558466526,9357.578008641935,7.105427357601002e-15,9.094947017729282e-13,1741.6667429100917,10800.0
2025-08-02,26493.536008247014,0.0,-562.3088384545925,0.0,25931.227169792423,25894.393012697892,44181.90280668622,42925.13502466677,0.0,0.0,1256.7677820194638,17833.438779516397,14364.73079991738,18529.402111734416,9357.578008641935,9446.860910298488,0.0,9.094947017729282e-13,1824.7181544848895,10800.0
2025-08-03,44451.93467904447,0.0,-449.56215910879587,18.857272350033043,44021.2297922857,44437.74740397817,68055.15492703624,67049.39740497214,2.7992685148122973,0.0,1005.7575220641029,18175.26156300674,15630.605188068574,1668.0603152154529,9446.860910298488,8437.257219150584,5.684341886080802e-14,9.094947017729282e-13,1439.296934383886,10800.0
2025-08-04,46343.06045727747,1415.5201399890848,-836.3190157261478,0.0,46922.261581540406,46577.779212278285,71267.50293752368,70324.23376146774,0.0,1049.536499992688,1992.8056760486238,19507.108153121528,15049.260919131266,450.7314441441508,8437.257219150584,9272.253535703,0.0,9.094947017729282e-13,1943.372115741378,10800.0
2025-08-05,44686.15523580079,1307.5706124085505,-73.50035504766512,0.0,45920.22549316167,45980.66386551286,69284.21359001167,70510.84651824582,0.0,1408.072532810275,181.4396045761187,18756.783268305964,15324.842229726066,1926.5957463325963,9272.253535703,9125.755999704963,1.1368683772161603e-13,9.094947017729282e-13,2018.1088158048956,10800.0
2025-08-06,50352.806208368886,0.0,-1973.5242363537254,0.0,48379.28197201516,48562.71456902934,77093.0201150363,72073.8498986562,0.0,0.0,5019.1702163800965,19002.467820217236,15792.161615715811,749.144427488111,9125.755999704963,8681.130798216247,5.684341886080802e-14,9.094947017729282e-13,1594.8334911337702,10800.0
2025-08-07,49218.55894836235,411.8560825135494,-1609.8606076912458,0.0,48020.55442318465,48022.510974572164,78856.61707598814,72674.23282121355,0.0,327.04632885871706,6509.430583633299,18873.915430201916,15292.139763004052,5704.471904015697,8681.130798216247,8676.388282060136,1.1368683772161603e-13,9.094947017729282e-13,1483.5507976732204,10800.0
2025-08-08,24252.079743976035,0.0,0.0,0.0,24252.079743976035,23976.05286626783,41646.11510222779,41646.11510222779,0.0,0.0,0.0,18211.63345058582,14149.26373342417,21808.574135066145,8676.388282060136,9345.454239338305,0.0,9.094947017729282e-13,1779.1550635330532,10800.0
2025-08-09,24014.076251323804,0.0,-106.68610154149601,0.0,23907.39014978231,24082.710285643872,40698.42040895496,40520.24209268167,0.0,0.0,178.17831627329042,18064.878177922386,15015.016473720872,18548.45138848016,9345.454239338305,8920.492962000822,4.440892098500626e-16,9.094947017729282e-13,1800.922141645702,10800.0
2025-08-10,46374.105404410475,0.0,-750.7054672039476,0.0,45623.39993720653,45725.00262902699,71828.73643080698,69544.4314889423,0.0,0.0,2284.3049418646733,18345.038431872148,15081.129878468655,975.9038855388133,8920.492962000822,8674.216574609467,5.684341886080802e-14,9.094947017729282e-13,1508.700060499729,10800.0
2025-08-11,43746.38246986197,1357.0239252687616,-602.5291563771166,3655.600633167005,48156.47787192062,48301.67873697928,69127.25893341433,68506.17254716481,530.8517254784962,1152.8811852235904,1773.967571473093,19320.512297815352,15966.374187455884,1121.6328289505177,8674.216574609467,8322.261878803409,0.0,9.094947017729282e-13,1200.0,10800.0
2025-08-12,47418.73692708729,1508.4224542077577,-746.1472121529785,0.0,48181.012169142065,47974.651317793076,75733.12263928403,73263.61624191143,0.0,895.334795072854,3364.841192445449,18997.257287229484,14937.597175635476,1443.412480317429,8322.261878803409,8822.46324215942,5.684341886080802e-14,9.094947017729282e-13,1524.236200840446,10800.0
2025-08-13,42868.92312714631,3200.023296730364,-6.0677945235478,25.312350947730696,46088.19098030085,46155.73738522222,67242.16451661379,71120.37834502193,3.6284906748467165,3896.560393195947,18.34656478779243,19101.52003385328,15619.585356121148,1521.092707964655,8822.46324215942,8658.73643249276,5.684341886080802e-14,9.094947017729282e-13,1297.7515715362747,10800.0
2025-08-14,44802.238106759934,2187.8065333031636,0.0,433.7120196251634,47423.75665968826,47542.300926612035,69327.996545526,72210.35361531582,63.12968244336798,2882.3570697898344,0.0,19979.9937590473,16442.402152499355,2809.600707877921,8658.73643249276,8371.395090636046,5.684341886080802e-14,9.094947017729282e-13,1220.8287206253817,10800.0
2025-08-15,24492.80353202534,0.0,0.0,101.2519280569154,24594.055460082254,24457.28591609502,41291.19026310857,41291.19026310857,25.4018886244143,0.0,0.0,18695.958450780287,14845.360251327409,20306.26706894677,8371.395090636046,8702.912972641187,0.0,9.094947017729282e-13,1200.0,10800.0
2025-08-16,25651.267179205555,106.81462169685726,-1484.680351440767,1805.9776063774525,26079.379055839097,26236.22950449639,42433.387434052536,39256.31265332638,286.9252650707856,86.64802921200263,3263.7228099381573,18821.927237508044,15587.934139172277,19379.964453394732,8702.912972641187,8322.720665095901,0.0,8.100187187665142e-13,1200.0,10800.0
2025-08-17,45512.827913622124,1203.2269740163547,-1092.2939306571043,133.32595171849064,45757.086908699865,45729.49552319012,72654.70890197853,68672.79976877176,19.832793115431855,708.4857890197421,4690.394922226519,19376.857658000034,15635.063422983008,1785.4447102035047,8322.720665095901,8389.59986509259,0.0,9.094947017729282e-13,1258.625950145587,10800.0
2025-08-18,44503.890645994026,817.1087033221427,-626.1094710322484,2488.722800316561,47183.612678600475,47173.84953824885,69241.48555215073,68294.8611376089,392.3168124359243,714.6052680493722,1661.2296825912163,19953.74155381978,16141.232129951899,480.5529095102738,8389.59986509259,8413.264896917171,7.105427357601002e-15,8.988365607365267e-13,1200.0,10800.0
2025-08-19,44288.38546823283,0.0,-262.18862055510937,1344.9864304674998,45371.18327814522,45365.80175362897,68993.58875281301,68426.09468836474,261.29447171270294,0.0,567.4940644482784,19491.88919122704,15776.690317993398,654.5302368437954,8413.264896917171,8426.309260139958,5.684341886080802e-14,9.094947017729282e-13,1200.0,10800.0
2025-08-20,48885.72912839484,3699.274438697982,-1505.4497845153214,0.0,51079.5537825775,50895.08416735694,78397.81803998006,75140.87576529494,0.0,2154.6234237158537,5411.565698400975,20801.933279069413,16447.14099421306,135.3924137719232,8426.309260139958,8873.448106621268,5.684341886080802e-14,8.668621376273222e-13,1725.3716609780463,10800.0
2025-08-21,45734.63709732458,18.141595467229354,-652.0113545493891,228.09103173038557,45328.858369972804,45576.754315992286,72351.91565203642,69545.8987359458,37.3124540700778,12.350782884925934,2818.367698975545,18133.567264476267,15228.980532638867,834.2059748451436,8873.448106621268,8272.569163940057,5.684341886080802e-14,8.881784197001252e-13,1200.0,10800.0
2025-08-22,23500.05837619924,342.12318839172383,-84.88145890223663,2298.9485824998255,26056.248688188552,26086.020210598625,40276.69698835409,40364.10222866646,385.1509022011493,272.9422909925737,185.53705068020224,18766.835010558483,15266.083660335727,16017.932380644857,8272.569163940057,8200.405495291887,2.6645352591003757e-15,9.094947017729282e-13,1200.0,10800.0
2025-08-23,22640.872350504516,1462.0704200717114,0.0,0.0,24102.94277057623,24033.308633187255,39576.3758695115,40504.66573722981,0.0,928.289867718305,0.0,18338.991385544658,14702.67445432708,14338.34265601223,8200.405495291887,8369.192793029772,0.0,8.526512829121202e-13,1341.5505471697904,10800.0
2025-08-24,44240.154040041394,608.4306680660939,0.0,107.69639984921673,44956.2811079567,44971.849126140965,68156.55167802112,68748.80275976569,21.227239548480682,592.2510817445839,0.0,20604.09679781759,16723.28041735332,1155.624135516568,8369.192793029772,8331.45722511747,2.842170943040401e-14,8.872902412804251e-13,1200.0,10800.0
2025-08-25,56851.376857215626,10.50773762744037,-4490.960016355597,0.0,52370.92457848747,52374.28055745212,89888.9535218002,75701.9091638297,0.0,8.38352819716738,14195.427886167668,20951.573171411495,16978.095418752724,955.3443945042701,8331.45722511747,8323.322614107015,5.684341886080802e-14,9.094947017729282e-13,1222.815535960451,10800.0
2025-08-26,45219.76100434978,1036.9029574922624,0.0,0.0,46256.66396184204,46029.97950340762,69630.80998618135,70916.98991007227,0.0,1286.1799238909095,0.0,20938.730320632203,16465.853888470832,915.2950945775764,8323.322614107015,8872.786693263966,2.842170943040401e-14,9.094947017729282e-13,1591.1096753519491,10800.0
2025-08-27,44399.4644560638,4790.464763113383,-8.996723164441365,370.79501988547435,49551.727515898216,49807.85786527844,68694.98480884133,74216.6260714031,68.37058756435935,5540.492795289232,18.851532727459357,19468.23755853768,16328.027022463953,3230.637256227078,8872.786693263966,8251.948248765704,5.684341886080802e-14,9.094947017729282e-13,1200.0,10800.0
2025-08-28,44098.85378664279,4464.655095115744,0.0,4784.742758004651,53348.251639763184,53330.16307807596,69670.01002854963,74291.49588687666,722.4558211994771,4621.485858327011,0.0,21032.607371100923,16996.95133238368,210.50068602556132,8251.948248765704,8295.793402330219,5.684341886080802e-14,8.881784197001252e-13,1200.0,10800.0
2025-08-29,25117.652169189227,0.0,-333.82399906397586,0.0,24783.82817012525,24681.564172686154,42534.81401237212,41768.97333303933,0.0,0.0,765.840679332789,18371.343453680114,14657.696794503065,15500.106323862281,8295.793402330219,8543.672738972245,0.0,9.094947017729282e-13,1340.6008941183304,10800.0
2025-08-30,23921.101438545338,662.4774597407195,-220.86135605039377,0.0,24362.717542235663,24482.924854530505,40632.171955209604,40539.59482480835,0.0,459.7261892163406,552.3033196175916,18351.110536501325,15126.634716248871,18802.399171222565,8543.672738972245,8252.30031488025,3.552713678800501e-15,8.526512829121202e-13,1291.5772564474062,10800.0
2025-08-31,44951.91900237514,1785.2714722573282,-0.6164090596794665,2305.0110787861063,49041.5851443589,48818.63353951981,69514.59537990761,70644.52935242228,333.1734288671138,1132.8408768281815,2.9069043135084485,20007.249411721823,15719.497663355536,43.327949589778314,8252.30031488025,8792.716270590401,5.684341886080802e-14,9.094947017729282e-13,1200.0,9740.444504427225
2025-09-01,48241.24489366268,0.0,-3760.7918815132634,0.0,44480.45301214942,43989.24092024555,77213.71205641225,65212.8246111008,0.0,0.0,12000.887445311459,18816.631087521226,14169.880029687962,6991.939019934204,8792.716270590401,9983.373105261775,1.4210854715202004e-14,9.094947017729282e-13,1705.738686345099,10800.0
2025-09-02,42507.36041061283,1359.2131291396477,-1031.8263538146591,0.0,42834.74718593783,42514.42458201349,66327.37160328918,65943.91303201283,0.0,1909.3117395802306,2292.770310856596,19715.607282704907,15270.850331043997,7441.400230351923,9983.373105261775,10759.808180758415,5.684341886080802e-14,9.094947017729282e-13,2159.074302114269,10800.0
2025-09-03,44986.92811718399,0.0,-1869.3788857312566,0.0,43117.54923145274,43199.05929698374,69707.3734915566,64144.811083842156,0.0,0.0,5562.562407714447,17536.549701623328,14382.421452982584,5442.96558520141,10759.808180758415,10562.234631127647,5.684341886080802e-14,9.094947017729282e-13,2345.5362532810213,10800.0
2025-09-04,44449.67621266503,0.0,-76.81353946247184,0.0,44372.86267320256,44274.77124935555,67600.28788510893,67265.01104015474,0.0,0.0,335.2768449541953,18666.7013563865,14906.039266687947,9578.783400456188,10562.234631127647,10800.0,1.1368683772161603e-13,9.094947017729282e-13,2281.4859629629655,10800.0
2025-09-05,22462.726152865464,0.0,-189.71767538442987,0.0,22273.008477481035,22273.008477481035,37223.96037781941,36825.35870394098,0.0,0.0,398.6016738784224,17552.10456205199,14217.204695262113,26666.19717048444,10800.0,10800.0,1.1368683772161603e-13,9.094947017729282e-13,3270.506025222406,10800.0
2025-09-06,22518.939302986742,0.0,-904.1843625047995,0.0,21614.754940481944,21707.321240905472,37859.82149813335,36365.52857577861,0.0,0.0,1494.2929223547385,18388.07421270248,15096.275752857438,25352.646415933574,10800.0,10575.627066035078,5.684341886080802e-14,8.313350008393172e-13,2226.680329537091,10800.0
2025-09-07,41824.468002770736,1960.4186665067887,-1099.7554257811435,0.0,42685.131243496384,42749.56287138363,63384.57223713467,64386.002530557555,0.0,2772.9127945295595,1771.4825011066855,19528.090534446183,15958.312499582436,5855.24087902714,10575.627066035078,10419.450214167273,5.684341886080802e-14,9.094947017729282e-13,1862.8892997273488,10800.0
2025-09-08,41974.37784892891,1079.4266916031636,-425.26916743668113,0.0,42628.535373095394,43031.23314351142,66336.69830384961,65601.79448081917,0.0,1044.2561758052104,1779.1599988356515,17643.082864553307,15169.392121734389,3732.534204666921,10419.450214167273,9443.34465700482,5.684341886080802e-14,9.094947017729282e-13,2427.654936218012,10800.0
2025-09-09,37864.967545302745,1246.3608900853692,-25.55641838496225,0.0,39085.77201700315,39239.84939586719,58713.752889464544,59845.58323006432,0.0,1185.6671202844968,53.83677968472307,19340.877947944045,16002.234695281128,3404.1057107347315,9443.34465700482,9069.874037619875,0.0,9.094947017729282e-13,1955.2127737489443,10800.0
2025-09-10,43357.44285156821,2538.469791211042,-1385.9664326653779,1511.140597582946,46021.08680769682,46007.09357506167,69294.94328489628,67476.55353234956,306.03599694483347,2561.758197734509,4380.147950281235,21051.261098356146,17020.99491160635,2436.324692544584,9069.874037619875,9103.792457688916,5.684341886080802e-14,9.094947017729282e-13,1200.0,10800.0
2025-09-11,42946.86643945669,0.0,-1547.557889966864,0.0,41399.308549489826,41246.928292124896,67200.49130946133,61147.04903160375,0.0,0.0,6053.4422778575845,20216.764848500945,16043.158281754946,3477.3566815244176,9103.792457688916,9473.149397167606,0.0,9.094947017729282e-13,1394.6699074074077,10800.0
2025-09-12,19633.059495383888,0.0,0.0,0.0,19633.059495383888,19586.585027609817,34137.76005720276,34137.76005720276,0.0,0.0,0.0,17472.7990146875,14051.582017687342,19164.88686020259,9473.149397167606,9585.799601844861,5.684341886080802e-14,8.979483823168266e-13,2525.5324407255393,10800.0
2025-09-13,19589.756979355996,14.361055045146705,-197.98817392963534,0.0,19406.129860471505,19437.873528190856,34100.97983601959,33772.823710200675,0.0,11.88583078431343,340.0419566032302,17784.685838160516,14474.84511375428,22455.881502461107,9585.799601844861,9508.855618684569,1.1368683772161603e-13,8.526512829121202e-13,2433.718452618711,10800.0
2025-09-14,46799.0312779317,0.0,-2501.9859207059635,0.0,44297.04535722574,44535.557346059104,73129.02211400407,65726.61411638401,0.0,0.0,7402.407997620068,18468.705007598142,15479.970773243174,2638.555132029028,9508.855618684569,8930.722599697157,5.684341886080802e-14,8.952838470577262e-13,2148.468554725747,10800.0
2025-09-15,36264.25072273932,1399.4513916000417,0.0,1455.039300479547,39118.74141481891,39583.44562104269,57074.63412195517,58337.292762338344,280.8277218720767,1262.658640383176,0.0,20029.69870195643,17237.819501079335,759.2106500000014,8930.722599697157,7804.318652480901,0.0,9.094947017729282e-13,1200.0,10800.0
2025-09-16,43182.073202909596,344.7201330379818,-1419.6901540565582,0.0,42107.10318189102,42188.94293945522,69542.2238438867,64645.813770128894,0.0,207.39111243347162,5103.801186191289,19928.75487658439,16320.82687590732,1546.1157861184975,7804.318652480901,7605.945957065382,5.684341886080802e-14,8.775202786637237e-13,1463.9117166521835,10800.0
2025-09-17,40888.27424258819,952.8090603701975,-346.0231772628048,34.70889375000076,41529.769019445586,41498.97336422894,64267.3053212072,64443.0439488301,7.629166666666833,802.4811726042701,626.7425449813735,20240.010058239008,16327.226674710677,577.7713319684361,7605.945957065382,7680.592037579741,5.684341886080802e-14,8.810729923425242e-13,1491.5797631087162,10800.0
2025-09-18,37669.58889054179,4238.513397875123,0.0,0.0,41908.102288416914,41881.83934730352,59350.38848359727,64352.48425117113,0.0,5002.095767573858,0.0,20363.10721284361,16436.823596236194,1470.1495178970474,7680.592037579741,7744.25119998766,5.684341886080802e-14,9.094947017729282e-13,1365.477670911818,10800.0
2025-09-19,18098.920383650846,0.0,0.0,95.79293956177445,18194.71332321262,18070.11537994054,32762.102042704006,32762.102042704006,23.76002583324377,0.0,0.0,18357.586763304284,14597.831828100372,12924.754816666666,7744.25119998766,8046.266144627771,5.684341886080802e-14,8.135714324453147e-13,1200.0,10800.0
2025-09-20,18289.042610829263,0.0,-79.15681910974153,0.0,18209.88579171952,18179.652091359,32938.48198243232,32768.4506927334,0.0,0.0,170.03128969891722,18426.100656229515,14859.185977298614,13556.102280469171,8046.266144627771,8119.550093791434,5.684341886080802e-14,9.094947017729282e-13,1204.9874224222515,10800.0
2025-09-21,39847.12674703373,567.3152371954467,-517.3072561579563,0.0,39897.13472807123,40051.91866832642,63871.75218219833,62464.09925053308,0.0,723.8978488219467,2131.5507804872022,19737.36956754479,16324.934288054143,764.1764877091008,8119.550093791434,7744.3668289660345,5.684341886080802e-14,9.094947017729282e-13,1276.4983060555742,10800.0
2025-09-22,41589.48998844235,2821.2276678359963,-1231.8687832786186,0.0,43178.84887299973,43288.88578411515,66404.80806922688,64192.19953337152,0.0,1696.226952084358,3908.835487939707,20092.713350613132,16515.146017614967,0.6123170400305753,7744.3668289660345,7477.646602723447,2.842170943040401e-14,9.094947017729282e-13,1250.2815668213682,10481.207458673372
2025-09-23,40850.250914155185,1894.8076779837,-240.86093624944886,2209.3280200845065,44713.52567597394,44718.868760104175,65605.63141598884,65862.99531232653,436.4558766231471,963.2122339815767,705.8483376438908,20961.796741129983,16990.711428576768,211.75029306312433,7477.646602723447,7464.695415766252,5.684341886080802e-14,9.094947017729282e-13,1200.0,10506.625743409197
2025-09-24,36363.56740133185,7238.80910136803,0.0,0.0,43602.37650269988,43624.24467191796,58366.68765649888,64798.78973324806,0.0,6432.102076749185,0.0,19831.810626408966,16111.472551551342,15.226558390435457,7464.695415766252,7411.6888111439375,5.684341886080802e-14,9.094947017729282e-13,1205.446810630882,10396.158793703242
2025-09-25,39482.97022832383,2181.190279777617,-289.36874147785784,2897.1920960567695,44271.983862680354,44358.25593814868,62875.43613365096,63886.29843884417,481.18427239896914,2303.7568898638956,1292.8945846706874,19635.312444143186,16092.807715170318,489.52908227026114,7411.6888111439375,7202.572549572457,5.684341886080802e-14,9.094947017729282e-13,1200.0,10800.0
2025-09-26,17572.249374502873,262.43118258444326,-115.19227134541279,259.6163787026615,17979.104664444563,17949.29016401616,32409.170432016504,32377.047130730753,66.87696514751714,236.57267818107505,268.6959794668245,17561.861192352277,14160.066506427473,11347.885909953467,7202.572549572457,7274.840393325657,5.684341886080802e-14,9.094947017729282e-13,1200.0,10800.0
2025-09-27,16754.24995362403,2258.719797992164,0.0,4471.482373866379,23484.45212548257,23588.18361102067,31278.84110463401,32865.14008733684,735.3379101056663,1586.2989827028227,0.0,17328.02692934048,14261.994576799892,12733.143394901917,7274.840393325657,7023.403988843319,5.684341886080802e-14,9.094947017729282e-13,1200.0,10800.0
2025-09-28,38967.30059052365,7663.5733288379315,-59.58553409431863,39.56136916666671,46610.84975443393,46394.075430907964,62588.76878521241,68954.8836890519,5.868333333333339,6627.971788455273,261.85688461577075,20482.154478056185,16117.64665683489,1108.6150344972846,7023.403988843319,7548.846733721787,5.684341886080802e-14,9.094947017729282e-13,1708.1204650631967,10800.0
2025-09-29,40495.85661813684,3411.2874519359752,-306.10139868299393,4861.738029136153,48462.780700525975,48607.01966495191,64767.184103379936,65177.543702259485,831.720437681561,1740.0116013049908,1329.6520024254398,18749.491685755238,15501.749082011727,1.6299361975394504,7548.846733721787,7199.223604221804,5.684341886080802e-14,8.952838470577262e-13,1200.0,9665.252186867945
2025-09-30,40533.45262211119,6521.070827851658,0.0,539.5670712439735,47594.09052120682,47603.96697326643,63989.623480800656,69649.17585595147,100.89961591049824,5659.55237515081,0.0,20813.41446579011,16880.411438184936,394.89767759012307,7199.223604221804,7175.283914338544,5.684341886080802e-14,8.881784197001252e-13,1200.0,10409.248351444663
2025-10-01,37712.13779816723,569.9701742625291,-512.1323029534562,0.0,37769.9756694763,36877.81651702849,61208.35535783124,59729.04685121587,0.0,492.68915240653246,1971.9976590219107,21911.17398666952,15801.783992809307,3958.1353240223207,7175.283914338544,9337.802732552991,1.4210854715202004e-14,9.094947017729282e-13,1640.3222587929713,10800.0
2025-10-02,41611.28264225864,0.0,-1156.8163993653168,0.0,40454.46624289332,40285.16586973351,66329.91601639525,62563.95237995535,0.0,0.0,3765.9636364399084,19448.260063158938,15383.757760613487,6768.666960743227,9337.802732552991,9748.172610936603,1.1368683772161603e-13,8.597567102697212e-13,2093.666446335936,10800.0
2025-10-03,15188.431497579637,326.0917484231544,0.0,226.9899285265446,15741.513174529335,16095.048098049718,28359.861497474838,28641.512016252607,56.10230561704019,281.65051877776824,0.0,18381.32066213459,15660.114788985924,18159.254748720985,9748.172610936603,8891.233663540037,5.684341886080802e-14,9.094947017729282e-13,1200.0,10800.0
2025-10-04,16586.11983043502,0.0,-150.46434854539376,700.3272932577918,17135.98277514742,17295.011723850865,30777.316407683804,30527.060972418945,191.13100763329632,0.0,250.25543526485544,17995.33865446189,14923.149837853938,14550.020730110955,8891.233663540037,8505.760854940252,5.684341886080802e-14,9.094947017729282e-13,1200.0,10800.0
2025-10-05,41175.42021348726,192.5840745107433,-1875.229109800041,0.0,39492.77517819796,39115.824099899095,66414.83151316142,59771.8835469746,0.0,170.9997230858119,6813.947689272644,20440.338115401733,15734.345908428055,329.93027333425795,8505.760854940252,9419.458593881753,5.684341886080802e-14,9.094947017729282e-13,1626.1152131178555,10800.0
2025-10-06,36010.898866789925,3509.1985958830455,0.0,0.0,39520.09746267297,39708.553945561354,57166.05695217049,61060.06783561773,0.0,3894.0108834472494,0.0,19611.538536944994,16296.468625751153,11.888674423895282,9419.458593881753,8962.655915186517,5.684341886080802e-14,9.094947017729282e-13,1638.4121880910618,10675.567032826602
2025-10-07,37950.98859140204,2546.601157874889,-98.30826011751498,0.0,40399.28148915942,40211.26567668755,60998.86792651507,62662.71643068896,0.0,2097.455046881122,433.60654270723137,19929.167783398192,15732.464826981271,694.4504742720491,8962.655915186517,9418.390445821256,5.684341886080802e-14,9.094947017729282e-13,2092.394123518477,10800.0
2025-10-08,35177.28306405376,3550.9258660469704,0.0,780.955997016986,39509.164927117716,39649.21572408498,56850.7659192278,59785.167876477215,152.81031952065368,2934.4019572494226,0.0,19815.82503414971,16356.342504818498,0.0,9418.390445821256,9078.919082313223,5.684341886080802e-14,9.094947017729282e-13,1200.0,10443.310772627541
2025-10-09,40751.43188621382,0.0,-2091.219446339941,1995.317121557241,40655.52956143112,41021.36883170304,65802.83178355791,58970.27436200811,380.5134528292546,0.0,6832.557421549791,20136.535863705714,17108.68133460098,562.9516023993058,9078.919082313223,8192.155432313946,5.684341886080802e-14,9.094947017729282e-13,1200.0,10800.0
2025-10-10,15670.44791443951,0.0,0.0,922.265619190533,16592.71353363004,16859.185274724132,30293.659083491737,30293.659083491737,241.46032072937135,0.0,0.0,17939.183704349987,15112.053398654949,18364.37818185941,8192.155432313946,7546.250323278984,5.684341886080802e-14,9.094947017729282e-13,1200.0,10800.0
2025-10-11,16732.90891365644,245.65833854794712,-4.687508360933724,0.0,16973.879743843452,16662.236144607894,32192.74983489382,32318.633341272853,0.0,137.52226084441526,11.638754465384789,18007.35923902646,13906.102875933531,14111.063394846595,7546.250323278984,8301.648220698868,5.684341886080802e-14,8.988365607365267e-13,1539.7453102777524,10800.0
2025-10-12,37701.59714219246,2079.970521067638,-62.657595434251206,54.11498360543176,39773.02505143129,39794.819016564,61993.373774156295,63147.681447908006,11.553156192449137,1429.6651575322076,275.3574837804931,20563.843747961793,16704.257501988282,784.6923747936173,8301.648220698868,8248.821480544164,5.684341886080802e-14,9.094947017729282e-13,1354.9419939735226,10800.0
2025-10-13,38618.817087383184,3541.0284125659005,-993.5818512341347,0.0,41166.26364871495,40945.546950214855,62977.56674360072,61450.034491059574,0.0,2221.2929567215024,3748.8252092626594,20704.478225382096,16289.12850507209,7.289470749571819,8248.821480544164,8783.820211085731,0.0,9.094947017729282e-13,1422.8792181021918,10784.49845627593
2025-10-14,40863.326477450246,800.5600458285911,-510.517412082753,1778.2111961621686,42931.58030735826,43097.43072582169,65916.7761278757,64612.46328097031,361.5359315388132,850.5178616753399,2154.830708580732,20698.532954085,17127.618423095344,629.2553981861381,8783.820211085731,8381.812732989623,5.684341886080802e-14,9.094947017729282e-13,1200.0,10800.0
2025-10-15,42131.51836183871,573.7477235690983,-938.6301879690384,1573.1920960203047,43339.827993459076,43488.86260674728,68593.21672924081,65308.36932293713,322.6744912069926,349.48699353018225,3634.3343998338787,20930.17402133193,17278.563598710178,59.40974152236333,8381.812732989623,8020.5653536214995,5.684341886080802e-14,9.094947017729282e-13,1200.0,10732.943496756667
2025-10-16,39781.417211406886,2444.293331737275,0.0,3549.33517334108,45775.04571648524,45692.01447001168,64367.33659687882,66706.72399412672,551.1639972072761,2339.387397247887,0.0,21397.878154250648,17151.146616972164,44.68350405550359,8020.5653536214995,8221.826118033578,5.684341886080802e-14,9.094947017729282e-13,1200.0,10678.890083189643
2025-10-17,14710.485544453866,924.0070901357224,0.0,4965.89234929069,20600.384983880278,20881.056419272012,29180.246861961583,29948.527456167278,826.6090601582844,768.2805942056987,0.0,17677.435538971502,14931.014363909511,12024.516024596911,8221.826118033578,7541.502143208475,5.684341886080802e-14,9.094947017729282e-13,1200.0,10800.0
2025-10-18,16797.828830769773,417.36072682899885,-92.40921962637063,0.0,17122.780337972403,16921.039181738328,32031.59882910966,32158.453939075494,0.0,351.939430066124,225.08432010028554,17912.975803138335,14069.407151014444,12238.292020284936,7541.502143208475,8030.505753794705,5.684341886080802e-14,8.526512829121202e-13,1359.2665082564438,10800.0
2025-10-19,41818.52531024246,1895.8241673833022,-359.7644809456435,1788.5504187608108,45143.13541544093,45087.516380681285,67108.2089372958,67816.76755076097,275.9077299351119,1708.2470212361739,999.6884077710099,21440.993096132937,17245.87012789108,11.8297791209028,8030.505753794705,8165.321620435372,5.684341886080802e-14,9.094947017729282e-13,1200.0,10647.915047041004
2025-10-20,44279.71159627426,101.17460719921546,-679.2499383858885,0.0,43701.63626508759,43766.28588177642,71294.52984546624,69314.99453798852,0.0,62.80305811410176,2042.3383655918212,21591.553571607335,17630.19310756687,912.8517072813859,8165.321620435372,8008.6163820299,5.684341886080802e-14,9.094947017729282e-13,1261.0845165877417,10800.0
2025-10-21,43740.822904559005,2693.2616062938478,-592.17052984366,0.0,45841.913981009195,45637.389777647375,71162.19150896535,71540.0935238091,0.0,2098.7428444000416,1720.8408295562758,22116.608241013644,17468.27814055077,429.1820733462373,8008.6163820299,8504.365864996878,5.684341886080802e-14,9.094947017729282e-13,1751.6308682903687,10800.0
2025-10-22,41075.01554609846,2574.3410602491076,0.0,2433.5750314267993,46082.93163777437,46293.41070030588,66514.58275004751,68846.91151246894,397.2690960197608,2332.3287624214327,0.0,21383.94807383093,17780.163144894686,85.49897955246695,8504.365864996878,7994.182303783943,5.684341886080802e-14,8.881784197001252e-13,1200.0,10796.450752409462
2025-10-23,47473.76866333718,3508.4250167714717,-3394.3191673792353,0.0,47587.87451272941,47439.85429455132,77446.8872878057,67828.108844094,0.0,1819.7263231032289,11438.50476681494,21714.221563088155,17265.609752327488,0.0,7994.182303783943,8352.970874643848,5.684341886080802e-14,9.094947017729282e-13,1465.8129364890103,10795.554953662344
2025-10-24,15855.540136006934,366.71252793201336,0.0,6343.093063928893,22565.34572786784,22872.457326039374,30889.816608499226,31226.986807406538,1054.1431896431693,337.1701989073096,0.0,17608.30519894916,14932.69864804336,11185.472729477242,8352.970874643848,7608.558166983253,5.684341886080802e-14,8.810729923425242e-13,1200.0,10800.0
2025-10-25,16213.16339392381,2030.8062209233856,0.0,0.0,18243.969614847196,18145.169923972982,31724.271830449936,32873.61992257529,0.0,1149.3480921253565,0.0,17722.29768369996,14139.527190028813,9892.41669557082,7608.558166983253,7848.040315614526,5.684341886080802e-14,9.094947017729282e-13,1426.2528307044627,10800.0
2025-10-26,43789.998410785745,3720.2881467308075,-1440.5775943159913,0.0,46069.708963200566,45717.3488848414,71367.3978346592,69463.8133371897,0.0,2422.6922448195996,4326.276742289092,21752.032596664292,16850.464303995825,17.933027854578654,7848.040315614526,8702.131537061474,5.684341886080802e-14,8.988365607365267e-13,1399.1511607404648,10675.636357400748
2025-10-27,39295.5750189629,5887.531200033187,-133.0432077363171,36.596565203176425,45086.65957646295,45324.429223529245,62832.48250101733,68388.83941068867,7.813101025443302,6152.037309424682,595.6803997533356,20698.100150525923,17284.16140235609,1430.1320968776165,8702.131537061474,8125.797892139135,5.684341886080802e-14,8.757439218243235e-13,1420.7057709586688,10800.0
2025-10-28,40032.783897935165,5522.315361214168,-7.8290085556500815,1436.758103018742,46984.028353612426,47022.145671447644,64247.68340816081,69916.76138633768,228.00747219338894,5691.774045884206,22.69606770734913,21087.513832608995,17164.04006233552,248.87338825758934,8125.797892139135,8033.4047166699875,5.684341886080802e-14,9.094947017729282e-13,1200.0,10761.561325475643
2025-10-29,45003.60496956076,2480.1550418695306,-222.0826004515606,0.0,47261.67741097873,47288.25388975905,73091.56998134963,74152.16264036148,0.0,1685.3992866719132,624.8066276600734,22250.024371070867,18080.496976797032,670.3784460876367,8033.4047166699875,7968.985565303736,5.684341886080802e-14,9.094947017729282e-13,1303.1736257650425,10800.0
2025-10-30,39779.319099616085,3446.174982493936,0.0,6308.473404275956,49533.96748638598,49597.12687914215,64275.924498822744,67934.4853093748,974.6881478625994,3658.5608105520582,0.0,21353.846986047745,17434.399813432054,201.90863462171444,7968.985565303736,7815.892504488868,5.684341886080802e-14,9.094947017729282e-13,1200.0,10800.0
2025-10-31,17406.01328901421,199.9746312808453,-166.24133954581697,2022.2481376777614,19461.994718427,19517.37680435685,33065.32885042506,32834.346185150775,374.5702177232577,193.24020996361338,424.2228752378967,17938.005002126556,14650.601422051568,6017.220756132383,7815.892504488868,7681.65098190103,5.684341886080802e-14,8.100187187665142e-13,1200.0,10800.0
2025-11-01,16889.955993182823,1228.2825628629653,0.0,0.0,18118.238556045788,18049.625680751218,32588.322581604814,33412.06804859625,0.0,823.7454669914395,0.0,17852.808770384865,14311.09444419865,7326.315289076705,7681.65098190103,7847.9628261378,5.684341886080802e-14,8.86846152070575e-13,1419.1417701690357,10800.0
2025-11-02,44111.95166308403,2802.583884853066,-88.63976128594712,2588.2346849090554,49414.13047156021,49320.21167710427,71257.24676318857,73978.22096955685,385.63113097042486,2943.798869997123,222.82466362884304,22761.220595443374,18231.702543043557,1037.9501147941269,7847.9628261378,8075.6140919884465,5.684341886080802e-14,9.094947017729282e-13,1200.0,10800.0
2025-11-03,47285.5967464634,1154.6095807842144,-777.7538584304851,0.0,47662.45246881713,47440.678632872026,76718.17567644965,74928.27121818959,0.0,629.385955772378,2419.2904140324445,21911.438627087067,17264.460259350337,776.3625671195293,8075.6140919884465,8613.175234866423,5.684341886080802e-14,9.094947017729282e-13,1594.4765428226544,10800.0
2025-11-04,43437.77359840696,2972.0626621153324,-165.23851827653056,58.1183960929488,46302.716138338714,46519.20697339701,70061.79438728723,71461.29531192398,12.666506798555929,2131.2906212658554,731.7896966290978,20858.847776934228,17367.94673270541,402.9887411604019,8613.175234866423,8088.419642212326,5.684341886080802e-14,9.094947017729282e-13,1238.5528249321796,10800.0
2025-11-05,49004.97187573209,340.89040099020065,-1371.8701057979843,0.0,47973.992170924306,47836.833165359436,79051.7464755215,74717.54345178592,0.0,190.9013276298424,4525.1043513654195,23161.694632934166,18461.75693894776,339.5856911328514,8088.419642212326,8420.881546355564,5.684341886080802e-14,9.094947017729282e-13,1292.4564177764662,10800.0
2025-11-06,44966.121536518345,3709.201634979304,0.0,1766.189719320355,50441.512890818005,50564.85308867412,72779.67997990614,76162.01416872033,329.7402657833344,3382.3341888141968,0.0,21750.400822220035,17886.89431389334,1258.6633761769658,8420.881546355564,8121.915270916562,5.684341886080802e-14,9.094947017729282e-13,1200.0,10800.0
2025-11-07,17329.757840298153,0.0,0.0,3506.540557196224,20836.298397494378,20873.61950032476,33400.13841986154,33400.13841986154,579.2373693557812,0.0,0.0,18493.728480908394,15061.336965018185,7228.522489993778,8121.915270916562,8031.452053713913,5.684341886080802e-14,7.958078640513122e-13,1200.0,10800.0
2025-11-08,17465.9603395655,252.61970893537978,0.0,0.0,17718.58004850088,17801.947025599326,33437.03201063124,33604.77344829572,0.0,167.74143766447827,0.0,17753.583101000324,14562.269404322351,6622.252651617749,8031.452053713913,7829.37750647825,5.684341886080802e-14,8.810729923425242e-13,1228.8181581974432,10800.0
2025-11-09,47729.9475250727,860.1457697181179,-174.2063206920376,0.0,48415.88697409878,48170.34566089256,76808.43229571097,76814.23975309142,0.0,467.71851515966694,461.91105777920535,23509.76504182547,18507.255324339072,464.91285227169413,7829.37750647825,8424.54901707776,5.684341886080802e-14,9.094947017729282e-13,1334.134049884278,10800.0
2025-11-10,47019.194697118786,4145.117165161026,-9.572445188387102,0.0,51154.73941709143,51161.996391774286,75417.75473697833,79065.05705709197,0.0,3676.3097297754366,29.007409661779093,22562.295864315452,18291.290917246384,935.6090100229067,8424.54901707776,8406.958720243458,3.730349362740526e-14,9.094947017729282e-13,1318.325854227369,10800.0
2025-11-11,49471.652075107995,477.23019786355917,-851.5313664284743,0.0,49097.35090654308,49094.27674543462,78799.06061611703,76632.88007973717,0.0,264.37269433786906,2430.5532307177336,21981.080497663344,17797.968845720156,890.7487611273151,8406.958720243458,8414.410228451408,5.684341886080802e-14,9.094947017729282e-13,1411.5360058936235,10800.0
2025-11-12,46310.4174806353,2812.421634396611,-163.20399374339334,51.561313333333736,49011.196434621845,48987.95619390166,74449.37307131347,76329.70559049238,11.773333333333426,2397.9651932444935,517.63267406559,22779.451352632557,18400.656444047796,1006.6962652409479,8414.410228451408,8470.742619100938,5.684341886080802e-14,9.094947017729282e-13,1272.5846030544246,10800.0
2025-11-13,45450.88669149546,5057.457530724776,0.0,0.0,50508.34422222024,50394.33168501307,72731.09599464556,76815.90358422336,0.0,4084.8075895778193,0.0,21673.539342809774,17306.845738837208,53.3386635841415,8470.742619100938,8747.099428921721,4.263256414560601e-14,9.094947017729282e-13,1437.082900604029,10708.571529435887
2025-11-14,17854.10943723713,0.0,0.0,956.046572987213,18810.156010224342,19101.391396729166,33597.1626618857,33597.1626618857,173.16632241708245,0.0,0.0,18352.441170089078,15500.814441951812,3320.2469561655116,8747.099428921721,8041.169324277653,0.0,8.988365607365267e-13,1200.0,10800.0
2025-11-15,18733.84147109746,0.0,-165.36794417159672,591.1388293306044,19159.612356256468,19098.022034435813,35637.674698788505,35228.35842885751,119.2950227069347,0.0,409.3162699309971,18811.229199909398,15102.734863683334,3427.272198671715,8041.169324277653,8190.45908899241,5.684341886080802e-14,8.730793865652231e-13,1200.0,10800.0
2025-11-16,47957.00573925502,3723.5568045165937,-23.50264858070015,0.0,51657.05989519091,51552.778672826535,76798.73860737926,79762.94938818648,0.0,3046.937456557658,82.7266757504405,22946.11593230273,18358.86187684541,741.1509493958242,8190.45908899241,8443.228009347748,5.684341886080802e-14,9.094947017729282e-13,1416.2767633647593,10800.0
2025-11-17,45647.662145306254,4924.994908532917,0.0,0.0,50572.65705383917,50547.95147178867,72880.15398463256,78067.52488049434,0.0,5187.370895861801,0.0,22782.60307739307,18400.01266327576,989.1801330437172,8443.228009347748,8503.112264250654,5.684341886080802e-14,9.023892744153272e-13,1332.5370365264096,10800.0
2025-11-18,47923.57508620119,2177.285774779255,-14.988111034773912,2340.0749823908336,52425.94773233651,52499.51902404181,76763.5967401801,78888.5117855884,489.6015924469847,2169.3319434632253,44.41689805491319,23907.68702922002,19525.724059736873,105.598575218924,8503.112264250654,8324.781635285486,5.684341886080802e-14,9.094947017729282e-13,1200.0,10716.060764023328
2025-11-19,47919.19797933714,5082.544797503919,-123.11361823337381,286.6458041730115,53165.274962780706,53199.14929457261,76751.51221897043,80788.34042649908,61.62336580687152,4481.656686476015,444.8284789473656,22455.50335908383,18262.85540130888,1289.0042345310121,8324.781635285486,8242.673101451071,5.684341886080802e-14,8.455458555545192e-13,1200.0,10800.0
2025-11-20,47810.356331858246,3108.638875203141,0.0,215.41455482135774,51134.40976188274,51116.43845598686,76690.6009438921,79432.43074000148,46.080651659492446,2741.829796109384,0.0,23892.19320133246,19313.471651238022,106.71380823321238,8242.673101451071,8286.234036830256,5.684341886080802e-14,9.094947017729282e-13,1200.0,10700.995195641159
2025-11-21,18509.46475321956,594.6223538153496,0.0,0.0,19104.08710703491,19076.659951046084,34852.392411580564,35402.660546384075,0.0,550.2681348035111,0.0,18465.38934454678,14897.132359788657,2970.019494959284,8286.234036830256,8352.715158268295,5.684341886080802e-14,8.588685318500211e-13,1310.9892424134785,10800.0
2025-11-22,19947.50291640049,432.00050711843727,-430.30270821751003,0.0,19949.20071530142,19939.832770588255,38388.633411789706,36731.10834671404,0.0,265.9098847250166,1923.4349498006773,18848.71055934891,15247.01915334824,2909.5874573800356,8352.715158268295,8375.422269073164,5.684341886080802e-14,8.748557434046234e-13,1297.9955187280227,10800.0
2025-11-23,48749.176283199944,3261.918947735322,-170.22474567075926,0.0,51840.8704852645,51829.41587720303,77877.08198063141,79898.3821771403,0.0,2610.262995304988,588.9627987961057,22607.39854826664,18287.004317417297,345.89166295762254,8375.422269073164,8403.187276493923,5.684341886080802e-14,9.094947017729282e-13,1305.7353507444186,10800.0
2025-11-24,47303.753125543066,2625.4263920824415,0.0,1958.1438437961924,51887.3233614217,52019.39429054169,75691.7961757104,77953.19133500208,304.6452543496258,2261.3951592916665,0.0,23056.809465781727,18964.13161823174,3.2150418017134825,8403.187276493923,8083.058442106658,5.684341886080802e-14,9.094947017729282e-13,1200.0,10727.000277817444
2025-11-25,55428.70314522019,0.0,-1988.3381223664107,0.0,53440.36502285378,53343.66856486319,87564.35438964062,81768.56256291375,0.0,0.0,5795.791826726856,23501.70366474396,18825.434288473905,923.6327199770468,8083.058442106658,8317.442530960774,5.684341886080802e-14,9.094947017729282e-13,1207.276065536586,10800.0
2025-11-26,51524.504571861005,2765.181620952277,-681.4386176131846,0.0,53608.247575200105,53582.44181104633,82407.67500721464,82574.25395426386,0.0,2109.6786802285183,1943.0997331793164,23442.96829005058,18932.50841145442,1306.1271923343584,8317.442530960774,8379.993534834728,5.684341886080802e-14,9.094947017729282e-13,1259.1408646726322,10800.0
2025-11-27,50308.88279943142,1518.7506668559968,-216.83875835309783,617.7048542328387,52228.499562167155,52187.953081358304,80181.18606152834,80727.8282700198,88.54714080172573,1334.0843682849181,787.4421597934587,23182.370279388724,18689.26679014767,542.3791882471512,8379.993534834728,8478.274797231616,5.684341886080802e-14,9.094947017729282e-13,1200.0,10800.0
2025-11-28,18964.179839013803,0.0,0.0,1668.2636160192749,20632.443455033077,20632.0370741891,35993.708816686696,35993.708816686696,276.5758114555648,0.0,0.0,19300.336925345917,15632.386379814003,1681.0955326103501,8478.274797231616,8479.259830249604,5.684341886080802e-14,8.841816168114747e-13,1200.0,10800.0
2025-11-29,23305.377432691865,0.0,-1359.6962560892166,0.0,21945.681176602648,21993.901546035566,45082.81842609246,39203.60081960101,0.0,0.0,5879.217606491454,18127.468561073027,14788.443445701749,935.1256042297349,8479.259830249604,8362.377706657826,5.684341886080802e-14,9.041656312547275e-13,1428.802793970608,10800.0
2025-11-30,52075.067148334536,2738.106982496769,-98.66913924509869,534.3131199462966,55248.818111532506,55291.70198400596,83126.13211287285,85294.414550122,77.07734078966284,2373.198095578033,204.9156583288676,24591.740361161887,20012.86190558583,547.785318668953,8362.377706657826,8258.430803274827,4.263256414560601e-14,9.094947017729282e-13,1200.0,10800.0
2025-12-01,55159.87318168608,4692.692333084669,-15.963430276746617,5250.756111562379,65087.35819605639,65141.084464526815,86666.78492604147,90214.2834420839,1093.2941909640929,3618.233869249704,70.73535320726614,24865.60967367525,20258.348999859685,401.38922589910055,8258.430803274827,8128.202843071802,4.263256414560601e-14,9.094947017729282e-13,1200.0,10800.0
2025-12-02,57151.43261185184,5386.868430097434,-197.34467662110768,3042.80853217971,65383.76489750788,65355.6894628811,90133.21358031206,93244.19439108073,629.4074728107217,3969.3516812893113,858.3708705206382,24449.237681640734,19742.635277185043,529.1895094357773,8128.202843071802,8196.25533745397,5.684341886080802e-14,8.881784197001252e-13,1200.0,10800.0
2025-12-03,50192.14956926713,14485.06393681029,0.0,14.724782943615157,64691.93828902103,64695.37726808283,79877.87016342023,92702.11511734805,2.5350405343230022,12824.244953927828,0.0,24419.46682665024,19787.270346231075,909.7051107965457,8196.25533745397,8187.919541182437,5.684341886080802e-14,9.094947017729282e-13,1215.8475185662087,10800.0
2025-12-04,56085.43843203834,7411.372020708119,-530.4030208994038,5760.04772314754,68726.4551549946,68544.80172004814,87874.50603495575,91749.02209316946,1175.0516004762596,5236.1751119113715,1361.6590536976576,23661.19270982803,18769.28469903655,1260.9569328542473,8187.919541182437,8628.232203320385,1.1368683772161603e-13,9.094947017729282e-13,1200.0,10800.0
2025-12-05,21019.87274558522,4268.0710753895,0.0,1359.0856146528413,26647.029435627563,26730.315760040026,40033.716690731526,44599.09294623025,273.44343321234675,4565.376255498728,0.0,19499.652291161947,15976.409502552997,37.66590750031413,8628.232203320385,8426.353151418372,5.684341886080802e-14,8.988365607365267e-13,1200.0,10800.0
2025-12-06,22374.15217723744,5469.0556468957675,0.0,372.51649459703066,28215.724318730237,28220.90077637388,42786.92482645472,47905.596637748116,78.64352917576538,5118.671811293398,0.0,19467.430809865546,15779.911524510753,632.0900649024292,8426.353151418372,8413.805853063193,5.684341886080802e-14,8.917311333789257e-13,1200.0,10800.0
2025-12-07,57742.72784048846,4359.281124349502,-383.52528936572645,2451.8469390923287,64170.33061456456,64261.54378468085,90542.90812333161,92256.40899546484,487.6316659114956,3287.0399119079266,1573.539039774707,23667.529217143434,19369.682419708413,793.5126139413168,8413.805853063193,8192.712793260716,5.684341886080802e-14,8.988365607365267e-13,1200.0,10800.0
2025-12-08,59505.69097317088,1504.7297770575365,-198.4136776259063,0.0,60812.007072602515,60753.16192112509,93177.52130088251,93602.78567713505,0.0,1147.1666211105714,721.9022448580406,24117.250203236392,19406.600532392244,1044.9248896242354,8192.712793260716,8335.348495737648,5.684341886080802e-14,9.094947017729282e-13,1210.2275529318622,10800.0
2025-12-09,59334.93795836017,1954.542872625621,-313.95869501194653,381.90388491556206,61357.426020889405,61214.1904944836,92722.22198886945,92667.3571965362,65.57987248471818,1146.9342120690121,1201.7990044022765,24686.325601779325,19683.451945389803,341.6091459647307,8335.348495737648,8682.539375794815,5.684341886080802e-14,9.094947017729282e-13,1272.9148521356487,10462.403147503988
2025-12-10,56678.570974109294,3780.186551589781,-0.5812332839222818,546.3250026788189,61004.50129509397,61206.51576503218,89105.5164237461,92987.38877053163,120.69390156749205,3883.463023534073,1.5906767485557793,24639.683794270346,20398.843363393844,479.6237745559531,8682.539375794815,8192.873275756074,5.684341886080802e-14,9.094947017729282e-13,1200.0,10800.0
2025-12-11,59300.273128447094,17.901250051330255,-577.304950143578,36.562526852910366,58777.43195520775,58736.63171801827,92989.29946672075,91420.47121301791,6.294659008850886,12.180807775387507,1581.0090614782202,24735.745939722874,19946.947499288963,676.7127315928657,8192.873275756074,8291.769622296704,5.684341886080802e-14,9.094947017729282e-13,1279.741547832634,10800.0
2025-12-12,23628.115854146286,2714.313452490366,-31.174276100108035,0.0,26311.255030536544,26282.61269883745,45206.26057157053,48366.15849474948,0.0,3226.9649564309307,67.06703325197657,20048.73180832273,16176.988820016748,780.0020231101681,8291.769622296704,8361.196227546332,5.684341886080802e-14,9.094947017729282e-13,1367.2482563165886,10800.0
2025-12-13,24886.91203953114,961.9379244662263,-34.43593513922059,0.0,25814.414028858148,25764.882725040534,47433.13629115011,48176.31155934809,0.0,852.0031113302132,108.8278431322359,19412.349837161906,15615.949621555848,581.3779604087008,8361.196227546332,8481.255945929994,5.684341886080802e-14,9.094947017729282e-13,1311.6559868832956,10800.0
2025-12-14,56018.557963396845,5474.872906705204,0.0,1816.2490247155597,63309.67989481761,63305.67258843976,88048.90956288212,93259.45473566708,371.1671554889992,5210.545172784961,0.0,25076.56074063913,20303.272163381054,78.6115138980158,8481.255945929994,8490.969319859594,5.684341886080802e-14,9.094947017729282e-13,1200.0,10785.000677929642
2025-12-15,57017.75679513798,5885.785423061954,0.0,0.0,62903.54221819994,62780.97851473311,89653.18491743531,95034.80815598449,0.0,5381.623238549166,0.0,24816.309090867326,19833.834657143805,582.7757555943039,8490.969319859594,8788.053438147077,5.684341886080802e-14,9.094947017729282e-13,1399.9241986652057,10800.0
2025-12-16,61733.67475168185,432.211561410179,-242.7315935083331,0.0,61923.1547195837,62009.41443095348,95413.0887864057,95055.4451163469,0.0,240.90425782924558,598.5479278880425,23449.426369421246,19182.21302206322,1370.1404356555563,8788.053438147077,8578.967146111514,1.1368683772161603e-13,9.094947017729282e-13,1559.4728930411486,10800.0
2025-12-17,61996.260740434605,1514.2099746044594,-1571.8900049331723,153.53770145304756,62092.11841155894,62164.1155876608,96525.10794364178,92787.09385604883,31.108844383152174,786.4978846962387,4524.511972289184,22955.75059578091,18751.221577095086,421.82661507950456,8578.967146111514,8404.452041097577,5.684341886080802e-14,9.094947017729282e-13,1200.0,10800.0
2025-12-18,59085.495583514654,706.6417304331603,-34.717725119096905,0.0,59757.41958882872,59741.46651548853,91851.20762797017,92264.50071254729,0.0,497.3137865730836,84.02070199595335,24421.6423425385,19746.728279127197,223.31968246934161,8404.452041097577,8443.120950352006,5.684341886080802e-14,9.094947017729282e-13,1341.902269931622,10800.0
2025-12-19,24152.933535944558,2399.333815809575,-253.52622476656285,0.0,26298.74112698757,26381.799161354065,45312.77252914127,46730.584724828805,0.0,2133.6869946913093,715.8747990037712,18797.62299111253,15407.26774921338,431.8381829296622,8443.120950352006,8241.795254338413,5.684341886080802e-14,9.094947017729282e-13,1286.2935826683224,10800.0
2025-12-20,25846.968715551502,639.8948163036708,-603.3643632847571,0.0,25883.499168570415,25737.198007310442,48611.400215208734,47412.83549720092,0.0,366.5146683312013,1565.0793863390104,20557.216230875696,16332.185597802272,331.4526141274964,8241.795254338413,8596.41697567958,5.684341886080802e-14,9.094947017729282e-13,1584.1465285962595,10800.0
2025-12-21,60953.340712362995,1654.9320555932986,-494.71941026450213,126.92294173828711,62240.47629943008,62302.79642171898,95021.41103189279,95294.12412917812,21.205385676303035,1499.38628787496,1226.6731905896331,24239.002863016176,19769.545184795883,1808.0899699674583,8596.41697567958,8445.358235954272,5.684341886080802e-14,9.094947017729282e-13,1200.0,10800.0
2025-12-22,59704.81447558648,1583.6921268886795,0.0,0.0,61288.50660247516,61261.25714664055,92983.04746661229,93818.83780915554,0.0,835.7903425432354,0.0,23673.451987027285,19116.050757415524,324.0094962104405,8445.358235954272,8511.408627150471,5.684341886080802e-14,9.094947017729282e-13,1285.785884188774,10800.0
2025-12-23,61868.56159140218,1092.8007853428117,-1555.3005635619786,0.0,61406.06181318301,61409.21515656149,96090.07160617996,92811.04593751903,0.0,567.8197744171744,3846.8454430781094,24326.62553236445,19711.445776654386,937.7736484756269,8511.408627150471,8503.765187773606,5.684341886080802e-14,9.094947017729282e-13,1337.9370691655977,10800.0
2025-12-24,61041.65793219692,916.8400207196124,-661.6042046452376,37.84769855391776,61334.74144682521,61317.1819522608,94708.12250623907,93520.2327472986,6.5159160805574174,492.17345125106766,1680.0632101915348,24091.087872915363,19475.474711677176,1056.5761854743048,8503.765187773606,8546.327927089449,5.684341886080802e-14,9.094947017729282e-13,1289.0861820952896,10800.0
2025-12-25,57621.472929420284,3270.88953002881,-0.9762392277236775,82.59487434418907,60973.98109456556,60967.181763396446,90412.80411967945,93379.98790623041,17.633406136675717,2970.013875629734,2.8300890787757,24419.150000964808,19764.678594110388,930.7013721793392,8546.327927089449,8562.808934501792,1.1368683772161603e-13,9.094947017729282e-13,1374.912383842874,10800.0
2025-12-26,24853.094193463352,672.430698233893,-69.24373459947194,0.0,25456.281157097772,25478.69578606647,46751.679602303855,47008.72405510217,0.0,431.6669807896689,174.62252799135246,19155.28342557475,15564.677634140928,410.49583033501887,8562.808934501792,8508.477757362478,1.1368683772161603e-13,9.094947017729282e-13,1424.8276970397226,10800.0
2025-12-27,25836.096306680978,1790.3479016379765,-632.7828134655122,0.0,26993.66139485344,26803.331671873773,49289.51189834961,48433.48031994429,0.0,978.5571368719952,1834.5887152773057,20469.576410067988,16165.147962412197,790.2428056218394,8508.477757362478,8969.82101263234,1.1368683772161603e-13,9.094947017729282e-13,1643.2411522490438,10800.0
2025-12-28,60699.92084192473,439.84236651520075,-834.922824796769,4.3443213552140545,60309.18470499838,60334.330130140144,94063.7356270476,92390.23548303795,0.7479248265841534,234.98000200950122,1908.4801460191634,23318.179399591892,18942.580671506315,1206.1299297789478,8969.82101263234,8908.87061503581,1.1368683772161603e-13,9.094947017729282e-13,1537.923776775001,10800.0
2025-12-29,59164.76668468493,385.08031065903367,-276.7925603943252,301.75580458167366,59574.81023953132,59826.681871958004,92803.13066160954,92649.57485152587,62.30176451224395,532.082847791514,685.6386578751875,23993.077159196826,19983.8566041625,1178.8897943371267,8908.87061503581,8298.35494257684,5.684341886080802e-14,9.094947017729282e-13,1200.0,10800.0
2025-12-30,60566.735773056396,244.0310319559506,-628.1819739600998,0.0,60182.58483105225,60078.136916576266,94590.73857822824,93124.8688948518,0.0,169.47654862216964,1635.3462319986147,24036.008429669535,19241.311156808115,2105.7690219903798,8298.35494257684,8551.527910603736,1.1368683772161603e-13,9.094947017729282e-13,1347.2610344535442,10800.0
2025-12-31,61334.58880989172,78.97224108065448,-629.7612580634025,397.65612082139234,61181.455913730366,61276.599437186174,96060.79021833107,94200.03283817647,83.63733021594324,42.04080796922051,1902.798188123807,24610.025024155846,20141.67818499635,1168.9003958996025,8551.527910603736,8320.908004570267,1.1368683772161603e-13,9.094947017729282e-13,1200.0,10800.0
