grid_size,month,weekday,soc,relative_future_cost
9,2,6,1200.0,2292.350053333357
9,2,6,1350.0,2220.5000516666905
9,2,6,1500.0,2148.650050000024
9,2,6,1650.0,2076.800048333357
9,2,6,1800.0,2004.950046666691
9,2,6,1950.0,1933.1000450000242
9,2,6,2100.0,1861.2500433333576
9,2,6,2250.0,1789.4000416666909
9,2,6,2400.0,1717.5500400000242
9,2,6,2550.0,1645.7000383333575
9,2,6,2700.0,1573.933370000012
9,2,6,2850.0,1502.250035000012
9,2,6,3000.0,1430.5667000000121
9,2,6,3150.0,1358.883365000012
9,2,6,3300.0,1287.200030000012
9,2,6,3450.0,1215.516695000012
9,2,6,3600.0,1143.8333600000121
9,2,6,3750.0,1072.1500250000122
9,2,6,3900.0,1000.466690000012
9,2,6,4050.0,928.7833550000205
9,2,6,4200.0,857.233353333354
9,2,6,4350.0,785.683351666687
9,2,6,4500.0,714.1333500000205
9,2,6,4650.0,642.583348333354
9,2,6,4800.0,571.0333466666871
9,2,6,4950.0,499.48334500002056
9,2,6,5100.0,427.93334333335406
9,2,6,5250.0,356.5833416666651
9,2,6,5400.0,285.2666733333317
9,2,6,5550.0,213.95000499999833
9,2,6,5700.0,142.63333666666495
9,2,6,5850.0,71.31666833333156
9,2,6,6000.0,-1.3642420526593924e-12
9,2,6,6150.0,-71.31666833333475
9,2,6,6300.0,-142.63333666666813
9,2,6,6450.0,-213.9000050000027
9,2,6,6600.0,-285.0833400000024
9,2,6,6750.0,-356.2666750000026
9,2,6,6900.0,-427.45001000000275
9,2,6,7050.0,-498.63334500000246
9,2,6,7200.0,-569.8166800000026
9,2,6,7350.0,-641.0000150000023
9,2,6,7500.0,-712.1833500000025
9,2,6,7650.0,-783.3666850000027
9,2,6,7800.0,-854.5500200000024
9,2,6,7950.0,-925.7000216666729
9,2,6,8100.0,-996.8500233333398
9,2,6,8250.0,-1068.0000250000062
9,2,6,8400.0,-1139.150026666673
9,2,6,8550.0,-1210.3000283333395
9,2,6,8700.0,-1281.3000300000022
9,2,6,8850.0,-1352.0500316666685
9,2,6,9000.0,-1422.8000333333357
9,2,6,9150.0,-1493.550035000002
9,2,6,9300.0,-1564.3000366666683
9,2,6,9450.0,-1635.0500383333356
9,2,6,9600.0,-1705.800040000002
9,2,6,9750.0,-1776.5500416666691
9,2,6,9900.0,-1847.3000433333355
9,2,6,10050.0,-1918.0500450000018
9,2,6,10200.0,-1988.800046666669
9,2,6,10350.0,-2054.450724050004
9,2,6,10500.0,-2112.122722700004
9,2,6,10650.0,-2169.794721350004
9,2,6,10800.0,-2227.466720000004
9,2,5,1200.0,2292.3500533333354
9,2,5,1350.0,2220.5000516666687
9,2,5,1500.0,2148.650050000002
9,2,5,1650.0,2076.8000483333353
9,2,5,1800.0,2004.950046666669
9,2,5,1950.0,1933.1000450000024
9,2,5,2100.0,1861.2500433333357
9,2,5,2250.0,1789.400041666669
9,2,5,2400.0,1717.5500400000024
9,2,5,2550.0,1645.7000383333357
9,2,5,2700.0,1573.9333699999975
9,2,5,2850.0,1502.2500349999975
9,2,5,3000.0,1430.5666999999976
9,2,5,3150.0,1358.8833649999974
9,2,5,3300.0,1287.2000299999975
9,2,5,3450.0,1215.5166949999975
9,2,5,3600.0,1143.8333599999976
9,2,5,3750.0,1072.1500249999976
9,2,5,3900.0,1000.4666899999975
9,2,5,4050.0,928.7833549999987
9,2,5,4200.0,857.2333533333322
9,2,5,4350.0,785.6833516666652
9,2,5,4500.0,714.1333499999987
9,2,5,4650.0,642.5833483333322
9,2,5,4800.0,571.0333466666652
9,2,5,4950.0,499.48334499999874
9,2,5,5100.0,427.93334333333223
9,2,5,5250.0,356.5833416666651
9,2,5,5400.0,285.2666733333317
9,2,5,5550.0,213.95000499999833
9,2,5,5700.0,142.63333666666495
9,2,5,5850.0,71.31666833333156
9,2,5,6000.0,-1.3642420526593924e-12
9,2,5,6150.0,-71.31666833333475
9,2,5,6300.0,-142.63333666666813
9,2,5,6450.0,-213.90000499999906
9,2,5,6600.0,-285.08333999999877
9,2,5,6750.0,-356.26667499999894
9,2,5,6900.0,-427.4500099999991
9,2,5,7050.0,-498.6333449999988
9,2,5,7200.0,-569.816679999999
9,2,5,7350.0,-641.0000149999987
9,2,5,7500.0,-712.1833499999989
9,2,5,7650.0,-783.366684999999
9,2,5,7800.0,-854.550019999992
9,2,5,7950.0,-925.7000216666584
9,2,5,8100.0,-996.8500233333252
9,2,5,8250.0,-1068.0000249999916
9,2,5,8400.0,-1139.1500266666585
9,2,5,8550.0,-1210.300028333325
9,2,5,8700.0,-1281.3000299999949
9,2,5,8850.0,-1352.0500316666612
9,2,5,9000.0,-1422.8000333333284
9,2,5,9150.0,-1493.5500349999948
9,2,5,9300.0,-1564.300036666661
9,2,5,9450.0,-1635.0500383333283
9,2,5,9600.0,-1705.8000399999946
9,2,5,9750.0,-1776.5500416666619
9,2,5,9900.0,-1847.3000433333282
9,2,5,10050.0,-1918.0500449999945
9,2,5,10200.0,-1988.8000466666617
9,2,5,10350.0,-2054.572224049997
9,2,5,10500.0,-2112.2037226999973
9,2,5,10650.0,-2169.8352213499975
9,2,5,10800.0,-2227.4667199999976
9,2,4,1200.0,2292.3500533333245
9,2,4,1350.0,2220.500051666658
9,2,4,1500.0,2148.650049999991
9,2,4,1650.0,2076.8000483333244
9,2,4,1800.0,2004.9500466666582
9,2,4,1950.0,1933.1000449999915
9,2,4,2100.0,1861.2500433333248
9,2,4,2250.0,1789.4000416666581
9,2,4,2400.0,1717.5500399999914
9,2,4,2550.0,1645.7000383333248
9,2,4,2700.0,1573.9333699999938
9,2,4,2850.0,1502.2500349999939
9,2,4,3000.0,1430.566699999994
9,2,4,3150.0,1358.8833649999938
9,2,4,3300.0,1287.2000299999938
9,2,4,3450.0,1215.516694999994
9,2,4,3600.0,1143.833359999994
9,2,4,3750.0,1072.150024999994
9,2,4,3900.0,1000.4666899999938
9,2,4,4050.0,928.7833549999939
9,2,4,4200.0,857.2333533333212
9,2,4,4350.0,785.6833516666543
9,2,4,4500.0,714.1333499999878
9,2,4,4650.0,642.5833483333213
9,2,4,4800.0,571.0333466666543
9,2,4,4950.0,499.4833449999878
9,2,4,5100.0,427.9333433333213
9,2,4,5250.0,356.5833416666651
9,2,4,5400.0,285.2666733333317
9,2,4,5550.0,213.95000499999833
9,2,4,5700.0,142.63333666666495
9,2,4,5850.0,71.31666833333156
9,2,4,6000.0,-1.3642420526593924e-12
9,2,4,6150.0,-71.31666833333475
9,2,4,6300.0,-142.63333666666813
9,2,4,6450.0,-213.90000500000633
9,2,4,6600.0,-285.08334000000605
9,2,4,6750.0,-356.2666750000062
9,2,4,6900.0,-427.4500100000064
9,2,4,7050.0,-498.6333450000061
9,2,4,7200.0,-569.8166800000063
9,2,4,7350.0,-641.000015000006
9,2,4,7500.0,-712.1833500000062
9,2,4,7650.0,-783.3666850000063
9,2,4,7800.0,-854.550020000006
9,2,4,7950.0,-925.7000216666729
9,2,4,8100.0,-996.8500233333398
9,2,4,8250.0,-1068.0000250000062
9,2,4,8400.0,-1139.150026666673
9,2,4,8550.0,-1210.3000283333395
9,2,4,8700.0,-1281.3000300000058
9,2,4,8850.0,-1352.050031666672
9,2,4,9000.0,-1422.8000333333393
9,2,4,9150.0,-1493.5500350000057
9,2,4,9300.0,-1564.300036666672
9,2,4,9450.0,-1635.0500383333392
9,2,4,9600.0,-1705.8000400000055
9,2,4,9750.0,-1776.5500416666728
9,2,4,9900.0,-1847.300043333339
9,2,4,10050.0,-1918.0500450000054
9,2,4,10200.0,-1988.8000466666726
9,2,4,10350.0,-2055.422724050005
9,2,4,10500.0,-2112.7707227000046
9,2,4,10650.0,-2170.1187213500048
9,2,4,10800.0,-2227.466720000005
9,2,3,1200.0,2292.35005333335
9,2,3,1350.0,2220.5000516666832
9,2,3,1500.0,2148.6500500000166
9,2,3,1650.0,2076.80004833335
9,2,3,1800.0,2004.9500466666836
9,2,3,1950.0,1933.100045000017
9,2,3,2100.0,1861.2500433333503
9,2,3,2250.0,1789.4000416666836
9,2,3,2400.0,1717.550040000017
9,2,3,2550.0,1645.7000383333502
9,2,3,2700.0,1573.9333699999975
9,2,3,2850.0,1502.2500349999975
9,2,3,3000.0,1430.5666999999976
9,2,3,3150.0,1358.8833649999974
9,2,3,3300.0,1287.2000299999975
9,2,3,3450.0,1215.5166949999975
9,2,3,3600.0,1143.8333599999976
9,2,3,3750.0,1072.1500249999976
9,2,3,3900.0,1000.4666899999975
9,2,3,4050.0,928.7833550000059
9,2,3,4200.0,857.2333533333394
9,2,3,4350.0,785.6833516666725
9,2,3,4500.0,714.133350000006
9,2,3,4650.0,642.5833483333395
9,2,3,4800.0,571.0333466666725
9,2,3,4950.0,499.483345000006
9,2,3,5100.0,427.9333433333395
9,2,3,5250.0,356.5833416666651
9,2,3,5400.0,285.2666733333317
9,2,3,5550.0,213.95000499999833
9,2,3,5700.0,142.63333666666495
9,2,3,5850.0,71.31666833333156
9,2,3,6000.0,-1.3642420526593924e-12
9,2,3,6150.0,-71.31666833333475
9,2,3,6300.0,-142.63333666666813
9,2,3,6450.0,-213.9000050000027
9,2,3,6600.0,-285.0833400000024
9,2,3,6750.0,-356.2666750000026
9,2,3,6900.0,-427.45001000000275
9,2,3,7050.0,-498.63334500000246
9,2,3,7200.0,-569.8166800000026
9,2,3,7350.0,-641.0000150000023
9,2,3,7500.0,-712.1833500000025
9,2,3,7650.0,-783.3666850000027
9,2,3,7800.0,-854.550019999992
9,2,3,7950.0,-925.7000216666584
9,2,3,8100.0,-996.8500233333252
9,2,3,8250.0,-1068.0000249999916
9,2,3,8400.0,-1139.1500266666585
9,2,3,8550.0,-1210.300028333325
9,2,3,8700.0,-1281.3000300000094
9,2,3,8850.0,-1352.0500316666757
9,2,3,9000.0,-1422.800033333343
9,2,3,9150.0,-1493.5500350000093
9,2,3,9300.0,-1564.3000366666756
9,2,3,9450.0,-1635.0500383333429
9,2,3,9600.0,-1705.8000400000092
9,2,3,9750.0,-1776.5500416666764
9,2,3,9900.0,-1847.3000433333427
9,2,3,10050.0,-1918.050045000009
9,2,3,10200.0,-1988.8000466666763
9,2,3,10350.0,-2054.450724050004
9,2,3,10500.0,-2112.122722700004
9,2,3,10650.0,-2169.794721350004
9,2,3,10800.0,-2227.466720000004
9,2,2,1200.0,2292.35005333335
9,2,2,1350.0,2220.5000516666832
9,2,2,1500.0,2148.6500500000166
9,2,2,1650.0,2076.80004833335
9,2,2,1800.0,2004.9500466666836
9,2,2,1950.0,1933.100045000017
9,2,2,2100.0,1861.2500433333503
9,2,2,2250.0,1789.4000416666836
9,2,2,2400.0,1717.550040000017
9,2,2,2550.0,1645.7000383333502
9,2,2,2700.0,1573.933370000012
9,2,2,2850.0,1502.250035000012
9,2,2,3000.0,1430.5667000000121
9,2,2,3150.0,1358.883365000012
9,2,2,3300.0,1287.200030000012
9,2,2,3450.0,1215.516695000012
9,2,2,3600.0,1143.8333600000121
9,2,2,3750.0,1072.1500250000122
9,2,2,3900.0,1000.466690000012
9,2,2,4050.0,928.7833550000121
9,2,2,4200.0,857.2333533333394
9,2,2,4350.0,785.6833516666725
9,2,2,4500.0,714.133350000006
9,2,2,4650.0,642.5833483333395
9,2,2,4800.0,571.0333466666725
9,2,2,4950.0,499.483345000006
9,2,2,5100.0,427.9333433333395
9,2,2,5250.0,356.5833416666651
9,2,2,5400.0,285.2666733333317
9,2,2,5550.0,213.95000499999833
9,2,2,5700.0,142.63333666666495
9,2,2,5850.0,71.31666833333156
9,2,2,6000.0,-1.3642420526593924e-12
9,2,2,6150.0,-71.31666833333475
9,2,2,6300.0,-142.63333666666813
9,2,2,6450.0,-213.90000500001725
9,2,2,6600.0,-285.08334000001696
9,2,2,6750.0,-356.26667500001713
9,2,2,6900.0,-427.4500100000173
9,2,2,7050.0,-498.633345000017
9,2,2,7200.0,-569.8166800000172
9,2,2,7350.0,-641.0000150000169
9,2,2,7500.0,-712.1833500000171
9,2,2,7650.0,-783.3666850000172
9,2,2,7800.0,-854.550020000017
9,2,2,7950.0,-925.7000216666875
9,2,2,8100.0,-996.8500233333543
9,2,2,8250.0,-1068.0000250000207
9,2,2,8400.0,-1139.1500266666876
9,2,2,8550.0,-1210.300028333354
9,2,2,8700.0,-1281.300030000024
9,2,2,8850.0,-1352.0500316666903
9,2,2,9000.0,-1422.8000333333575
9,2,2,9150.0,-1493.5500350000239
9,2,2,9300.0,-1564.3000366666902
9,2,2,9450.0,-1635.0500383333574
9,2,2,9600.0,-1705.8000400000237
9,2,2,9750.0,-1776.550041666691
9,2,2,9900.0,-1847.3000433333573
9,2,2,10050.0,-1918.0500450000236
9,2,2,10200.0,-1988.8000466666908
9,2,2,10350.0,-2054.5722240500154
9,2,2,10500.0,-2112.2037227000155
9,2,2,10650.0,-2169.8352213500157
9,2,2,10800.0,-2227.466720000016
9,2,1,1200.0,2292.35005333335
9,2,1,1350.0,2220.5000516666832
9,2,1,1500.0,2148.6500500000166
9,2,1,1650.0,2076.80004833335
9,2,1,1800.0,2004.9500466666836
9,2,1,1950.0,1933.100045000017
9,2,1,2100.0,1861.2500433333503
9,2,1,2250.0,1789.4000416666836
9,2,1,2400.0,1717.550040000017
9,2,1,2550.0,1645.7000383333502
9,2,1,2700.0,1573.933370000012
9,2,1,2850.0,1502.250035000012
9,2,1,3000.0,1430.5667000000121
9,2,1,3150.0,1358.883365000012
9,2,1,3300.0,1287.200030000012
9,2,1,3450.0,1215.516695000012
9,2,1,3600.0,1143.8333600000121
9,2,1,3750.0,1072.1500250000122
9,2,1,3900.0,1000.466690000012
9,2,1,4050.0,928.7833550000121
9,2,1,4200.0,857.2333533333394
9,2,1,4350.0,785.6833516666725
9,2,1,4500.0,714.133350000006
9,2,1,4650.0,642.5833483333395
9,2,1,4800.0,571.0333466666725
9,2,1,4950.0,499.483345000006
9,2,1,5100.0,427.9333433333395
9,2,1,5250.0,356.5833416666651
9,2,1,5400.0,285.2666733333317
9,2,1,5550.0,213.95000499999833
9,2,1,5700.0,142.63333666666495
9,2,1,5850.0,71.31666833333156
9,2,1,6000.0,-1.3642420526593924e-12
9,2,1,6150.0,-71.31666833333475
9,2,1,6300.0,-142.63333666666813
9,2,1,6450.0,-213.9000050000027
9,2,1,6600.0,-285.0833400000024
9,2,1,6750.0,-356.2666750000026
9,2,1,6900.0,-427.45001000000275
9,2,1,7050.0,-498.63334500000246
9,2,1,7200.0,-569.8166800000026
9,2,1,7350.0,-641.0000150000023
9,2,1,7500.0,-712.1833500000025
9,2,1,7650.0,-783.3666850000027
9,2,1,7800.0,-854.5500200000024
9,2,1,7950.0,-925.7000216666729
9,2,1,8100.0,-996.8500233333398
9,2,1,8250.0,-1068.0000250000062
9,2,1,8400.0,-1139.150026666673
9,2,1,8550.0,-1210.3000283333395
9,2,1,8700.0,-1281.3000300000022
9,2,1,8850.0,-1352.0500316666685
9,2,1,9000.0,-1422.8000333333357
9,2,1,9150.0,-1493.550035000002
9,2,1,9300.0,-1564.3000366666683
9,2,1,9450.0,-1635.0500383333356
9,2,1,9600.0,-1705.800040000002
9,2,1,9750.0,-1776.5500416666691
9,2,1,9900.0,-1847.3000433333355
9,2,1,10050.0,-1918.0500450000018
9,2,1,10200.0,-1988.800046666669
9,2,1,10350.0,-2054.450724050011
9,2,1,10500.0,-2112.1227227000113
9,2,1,10650.0,-2169.794721350011
9,2,1,10800.0,-2227.4667200000113
9,2,0,1200.0,2292.350053333357
9,2,0,1350.0,2220.5000516666905
9,2,0,1500.0,2148.650050000024
9,2,0,1650.0,2076.800048333357
9,2,0,1800.0,2004.950046666691
9,2,0,1950.0,1933.1000450000242
9,2,0,2100.0,1861.2500433333576
9,2,0,2250.0,1789.4000416666909
9,2,0,2400.0,1717.5500400000242
9,2,0,2550.0,1645.7000383333575
9,2,0,2700.0,1573.9333700000047
9,2,0,2850.0,1502.2500350000048
9,2,0,3000.0,1430.5667000000049
9,2,0,3150.0,1358.8833650000047
9,2,0,3300.0,1287.2000300000047
9,2,0,3450.0,1215.5166950000048
9,2,0,3600.0,1143.8333600000049
9,2,0,3750.0,1072.150025000005
9,2,0,3900.0,1000.4666900000047
9,2,0,4050.0,928.7833550000048
9,2,0,4200.0,857.1000200000049
9,2,0,4350.0,785.4166850000047
9,2,0,4500.0,713.8666833333436
9,2,0,4650.0,642.4500150000104
9,2,0,4800.0,571.0333466666766
9,2,0,4950.0,499.6166783333433
9,2,0,5100.0,428.20001000001
9,2,0,5250.0,356.78334166667673
9,2,0,5400.0,285.36667333334344
9,2,0,5550.0,213.95000500001015
9,2,0,5700.0,142.63333666666495
9,2,0,5850.0,71.31666833333156
9,2,0,6000.0,-1.3642420526593924e-12
9,2,0,6150.0,-71.31666833333475
9,2,0,6300.0,-142.63333666666813
9,2,0,6450.0,-213.9000050000027
9,2,0,6600.0,-285.0833400000024
9,2,0,6750.0,-356.2666750000026
9,2,0,6900.0,-427.45001000000275
9,2,0,7050.0,-498.63334500000246
9,2,0,7200.0,-569.8166800000026
9,2,0,7350.0,-641.0000150000023
9,2,0,7500.0,-712.1833500000025
9,2,0,7650.0,-783.3666850000027
9,2,0,7800.0,-854.5500200000024
9,2,0,7950.0,-925.7000216666729
9,2,0,8100.0,-996.8500233333398
9,2,0,8250.0,-1068.0000250000062
9,2,0,8400.0,-1139.150026666673
9,2,0,8550.0,-1210.3000283333395
9,2,0,8700.0,-1281.3000300000167
9,2,0,8850.0,-1352.050031666683
9,2,0,9000.0,-1422.8000333333503
9,2,0,9150.0,-1493.5500350000166
9,2,0,9300.0,-1564.300036666683
9,2,0,9450.0,-1635.0500383333501
9,2,0,9600.0,-1705.8000400000165
9,2,0,9750.0,-1776.5500416666837
9,2,0,9900.0,-1847.30004333335
9,2,0,10050.0,-1918.0500450000163
9,2,0,10200.0,-1988.8000466666836
9,2,0,10350.0,-2055.422724050012
9,2,0,10500.0,-2112.770722700012
9,2,0,10650.0,-2170.118721350012
9,2,0,10800.0,-2227.466720000012
9,3,6,1200.0,2292.3500533333427
9,3,6,1350.0,2220.500051666676
9,3,6,1500.0,2148.6500500000093
9,3,6,1650.0,2076.8000483333426
9,3,6,1800.0,2004.9500466666764
9,3,6,1950.0,1933.1000450000097
9,3,6,2100.0,1861.250043333343
9,3,6,2250.0,1789.4000416666763
9,3,6,2400.0,1717.5500400000096
9,3,6,2550.0,1645.700038333343
9,3,6,2700.0,1573.9333700000047
9,3,6,2850.0,1502.2500350000048
9,3,6,3000.0,1430.5667000000049
9,3,6,3150.0,1358.8833650000047
9,3,6,3300.0,1287.2000300000047
9,3,6,3450.0,1215.5166950000048
9,3,6,3600.0,1143.8333600000049
9,3,6,3750.0,1072.150025000005
9,3,6,3900.0,1000.4666900000047
9,3,6,4050.0,928.7833550000048
9,3,6,4200.0,857.1000200000049
9,3,6,4350.0,785.4166850000047
9,3,6,4500.0,713.8666833333291
9,3,6,4650.0,642.4500149999958
9,3,6,4800.0,571.033346666662
9,3,6,4950.0,499.61667833332876
9,3,6,5100.0,428.2000099999955
9,3,6,5250.0,356.7833416666622
9,3,6,5400.0,285.3666733333289
9,3,6,5550.0,213.95000499999833
9,3,6,5700.0,142.63333666666495
9,3,6,5850.0,71.31666833333156
9,3,6,6000.0,-1.3642420526593924e-12
9,3,6,6150.0,-71.31666833333475
9,3,6,6300.0,-142.63333666666813
9,3,6,6450.0,-213.90000500000997
9,3,6,6600.0,-285.0833400000097
9,3,6,6750.0,-356.26667500000985
9,3,6,6900.0,-427.45001000001
9,3,6,7050.0,-498.63334500000974
9,3,6,7200.0,-569.8166800000099
9,3,6,7350.0,-641.0000150000096
9,3,6,7500.0,-712.1833500000098
9,3,6,7650.0,-783.36668500001
9,3,6,7800.0,-854.5500200000097
9,3,6,7950.0,-925.7000216666875
9,3,6,8100.0,-996.8500233333543
9,3,6,8250.0,-1068.0000250000207
9,3,6,8400.0,-1139.1500266666876
9,3,6,8550.0,-1210.300028333354
9,3,6,8700.0,-1281.300030000024
9,3,6,8850.0,-1352.0500316666903
9,3,6,9000.0,-1422.8000333333575
9,3,6,9150.0,-1493.5500350000239
9,3,6,9300.0,-1564.3000366666902
9,3,6,9450.0,-1635.0500383333574
9,3,6,9600.0,-1705.8000400000237
9,3,6,9750.0,-1776.550041666691
9,3,6,9900.0,-1847.3000433333573
9,3,6,10050.0,-1918.0500450000236
9,3,6,10200.0,-1988.8000466666908
9,3,6,10350.0,-2055.422724050034
9,3,6,10500.0,-2112.7707227000337
9,3,6,10650.0,-2170.118721350034
9,3,6,10800.0,-2227.466720000034
9,3,5,1200.0,2292.3500533333245
9,3,5,1350.0,2220.500051666658
9,3,5,1500.0,2148.650049999991
9,3,5,1650.0,2076.8000483333244
9,3,5,1800.0,2004.9500466666582
9,3,5,1950.0,1933.1000449999915
9,3,5,2100.0,1861.2500433333248
9,3,5,2250.0,1789.4000416666581
9,3,5,2400.0,1717.5500399999914
9,3,5,2550.0,1645.7000383333248
9,3,5,2700.0,1573.933370000001
9,3,5,2850.0,1502.2500350000012
9,3,5,3000.0,1430.5667000000012
9,3,5,3150.0,1358.883365000001
9,3,5,3300.0,1287.200030000001
9,3,5,3450.0,1215.5166950000012
9,3,5,3600.0,1143.8333600000012
9,3,5,3750.0,1072.1500250000013
9,3,5,3900.0,1000.4666900000011
9,3,5,4050.0,928.7833550000012
9,3,5,4200.0,857.2333533333322
9,3,5,4350.0,785.6833516666652
9,3,5,4500.0,714.1333499999987
9,3,5,4650.0,642.5833483333322
9,3,5,4800.0,571.0333466666652
9,3,5,4950.0,499.48334499999874
9,3,5,5100.0,427.93334333333223
9,3,5,5250.0,356.5833416666651
9,3,5,5400.0,285.2666733333317
9,3,5,5550.0,213.95000499999833
9,3,5,5700.0,142.63333666666495
9,3,5,5850.0,71.31666833333156
9,3,5,6000.0,-1.3642420526593924e-12
9,3,5,6150.0,-71.31666833333475
9,3,5,6300.0,-142.63333666666813
9,3,5,6450.0,-213.90000499999178
9,3,5,6600.0,-285.0833399999915
9,3,5,6750.0,-356.26667499999166
9,3,5,6900.0,-427.45000999999183
9,3,5,7050.0,-498.63334499999155
9,3,5,7200.0,-569.8166799999917
9,3,5,7350.0,-641.0000149999914
9,3,5,7500.0,-712.1833499999916
9,3,5,7650.0,-783.3666849999918
9,3,5,7800.0,-854.5500199999915
9,3,5,7950.0,-925.7000216666584
9,3,5,8100.0,-996.8500233333252
9,3,5,8250.0,-1068.0000249999916
9,3,5,8400.0,-1139.1500266666585
9,3,5,8550.0,-1210.300028333325
9,3,5,8700.0,-1281.3000299999912
9,3,5,8850.0,-1352.0500316666576
9,3,5,9000.0,-1422.8000333333248
9,3,5,9150.0,-1493.550034999991
9,3,5,9300.0,-1564.3000366666574
9,3,5,9450.0,-1635.0500383333247
9,3,5,9600.0,-1705.800039999991
9,3,5,9750.0,-1776.5500416666582
9,3,5,9900.0,-1847.3000433333245
9,3,5,10050.0,-1918.0500449999909
9,3,5,10200.0,-1988.800046666658
9,3,5,10350.0,-2054.4507240499893
9,3,5,10500.0,-2112.1227226999895
9,3,5,10650.0,-2169.7947213499892
9,3,5,10800.0,-2227.4667199999894
9,3,4,1200.0,2292.3500533333245
9,3,4,1350.0,2220.500051666658
9,3,4,1500.0,2148.650049999991
9,3,4,1650.0,2076.8000483333244
9,3,4,1800.0,2004.9500466666582
9,3,4,1950.0,1933.1000449999915
9,3,4,2100.0,1861.2500433333248
9,3,4,2250.0,1789.4000416666581
9,3,4,2400.0,1717.5500399999914
9,3,4,2550.0,1645.7000383333248
9,3,4,2700.0,1573.9333699999938
9,3,4,2850.0,1502.2500349999939
9,3,4,3000.0,1430.566699999994
9,3,4,3150.0,1358.8833649999938
9,3,4,3300.0,1287.2000299999938
9,3,4,3450.0,1215.516694999994
9,3,4,3600.0,1143.833359999994
9,3,4,3750.0,1072.150024999994
9,3,4,3900.0,1000.4666899999938
9,3,4,4050.0,928.783354999995
9,3,4,4200.0,857.2333533333285
9,3,4,4350.0,785.6833516666616
9,3,4,4500.0,714.1333499999951
9,3,4,4650.0,642.5833483333286
9,3,4,4800.0,571.0333466666616
9,3,4,4950.0,499.4833449999951
9,3,4,5100.0,427.9333433333286
9,3,4,5250.0,356.5833416666651
9,3,4,5400.0,285.2666733333317
9,3,4,5550.0,213.95000499999833
9,3,4,5700.0,142.63333666666495
9,3,4,5850.0,71.31666833333156
9,3,4,6000.0,-1.3642420526593924e-12
9,3,4,6150.0,-71.31666833333475
9,3,4,6300.0,-142.63333666666813
9,3,4,6450.0,-213.90000500000633
9,3,4,6600.0,-285.08334000000605
9,3,4,6750.0,-356.2666750000062
9,3,4,6900.0,-427.4500100000064
9,3,4,7050.0,-498.6333450000061
9,3,4,7200.0,-569.8166800000063
9,3,4,7350.0,-641.000015000006
9,3,4,7500.0,-712.1833500000062
9,3,4,7650.0,-783.3666850000063
9,3,4,7800.0,-854.5500200000029
9,3,4,7950.0,-925.7000216666693
9,3,4,8100.0,-996.8500233333361
9,3,4,8250.0,-1068.0000250000026
9,3,4,8400.0,-1139.1500266666694
9,3,4,8550.0,-1210.3000283333358
9,3,4,8700.0,-1281.3000300000022
9,3,4,8850.0,-1352.0500316666685
9,3,4,9000.0,-1422.8000333333357
9,3,4,9150.0,-1493.550035000002
9,3,4,9300.0,-1564.3000366666683
9,3,4,9450.0,-1635.0500383333356
9,3,4,9600.0,-1705.800040000002
9,3,4,9750.0,-1776.5500416666691
9,3,4,9900.0,-1847.3000433333355
9,3,4,10050.0,-1918.0500450000018
9,3,4,10200.0,-1988.800046666669
9,3,4,10350.0,-2055.422724050005
9,3,4,10500.0,-2112.7707227000046
9,3,4,10650.0,-2170.1187213500048
9,3,4,10800.0,-2227.466720000005
9,3,3,1200.0,2292.350053333357
9,3,3,1350.0,2220.5000516666905
9,3,3,1500.0,2148.650050000024
9,3,3,1650.0,2076.800048333357
9,3,3,1800.0,2004.950046666691
9,3,3,1950.0,1933.1000450000242
9,3,3,2100.0,1861.2500433333576
9,3,3,2250.0,1789.4000416666909
9,3,3,2400.0,1717.5500400000242
9,3,3,2550.0,1645.7000383333575
9,3,3,2700.0,1573.933370000012
9,3,3,2850.0,1502.250035000012
9,3,3,3000.0,1430.5667000000121
9,3,3,3150.0,1358.883365000012
9,3,3,3300.0,1287.200030000012
9,3,3,3450.0,1215.516695000012
9,3,3,3600.0,1143.8333600000121
9,3,3,3750.0,1072.1500250000122
9,3,3,3900.0,1000.466690000012
9,3,3,4050.0,928.7833550000121
9,3,3,4200.0,857.1000200000121
9,3,3,4350.0,785.416685000012
9,3,3,4500.0,713.8666833333364
9,3,3,4650.0,642.4500150000031
9,3,3,4800.0,571.0333466666693
9,3,3,4950.0,499.61667833333604
9,3,3,5100.0,428.20001000000275
9,3,3,5250.0,356.78334166666946
9,3,3,5400.0,285.36667333333617
9,3,3,5550.0,213.95000500000288
9,3,3,5700.0,142.63333666666495
9,3,3,5850.0,71.31666833333156
9,3,3,6000.0,-1.3642420526593924e-12
9,3,3,6150.0,-71.31666833333475
9,3,3,6300.0,-142.63333666666813
9,3,3,6450.0,-213.9000050000027
9,3,3,6600.0,-285.0833400000024
9,3,3,6750.0,-356.2666750000026
9,3,3,6900.0,-427.45001000000275
9,3,3,7050.0,-498.63334500000246
9,3,3,7200.0,-569.8166800000026
9,3,3,7350.0,-641.0000150000023
9,3,3,7500.0,-712.1833500000025
9,3,3,7650.0,-783.3666850000027
9,3,3,7800.0,-854.5500200000024
9,3,3,7950.0,-925.7000216666729
9,3,3,8100.0,-996.8500233333398
9,3,3,8250.0,-1068.0000250000062
9,3,3,8400.0,-1139.150026666673
9,3,3,8550.0,-1210.3000283333395
9,3,3,8700.0,-1281.3000300000094
9,3,3,8850.0,-1352.0500316666757
9,3,3,9000.0,-1422.800033333343
9,3,3,9150.0,-1493.5500350000093
9,3,3,9300.0,-1564.3000366666756
9,3,3,9450.0,-1635.0500383333429
9,3,3,9600.0,-1705.8000400000092
9,3,3,9750.0,-1776.5500416666764
9,3,3,9900.0,-1847.3000433333427
9,3,3,10050.0,-1918.050045000009
9,3,3,10200.0,-1988.8000466666763
9,3,3,10350.0,-2055.422724050012
9,3,3,10500.0,-2112.770722700012
9,3,3,10650.0,-2170.118721350012
9,3,3,10800.0,-2227.466720000012
9,3,2,1200.0,2292.3500533333645
9,3,2,1350.0,2220.500051666698
9,3,2,1500.0,2148.650050000031
9,3,2,1650.0,2076.8000483333644
9,3,2,1800.0,2004.9500466666982
9,3,2,1950.0,1933.1000450000315
9,3,2,2100.0,1861.2500433333648
9,3,2,2250.0,1789.4000416666981
9,3,2,2400.0,1717.5500400000315
9,3,2,2550.0,1645.7000383333648
9,3,2,2700.0,1573.9333700000193
9,3,2,2850.0,1502.2500350000194
9,3,2,3000.0,1430.5667000000194
9,3,2,3150.0,1358.8833650000192
9,3,2,3300.0,1287.2000300000193
9,3,2,3450.0,1215.5166950000194
9,3,2,3600.0,1143.8333600000194
9,3,2,3750.0,1072.1500250000195
9,3,2,3900.0,1000.4666900000193
9,3,2,4050.0,928.7833550000194
9,3,2,4200.0,857.2333533333467
9,3,2,4350.0,785.6833516666798
9,3,2,4500.0,714.1333500000133
9,3,2,4650.0,642.5833483333467
9,3,2,4800.0,571.0333466666798
9,3,2,4950.0,499.4833450000133
9,3,2,5100.0,427.9333433333468
9,3,2,5250.0,356.5833416666651
9,3,2,5400.0,285.2666733333317
9,3,2,5550.0,213.95000499999833
9,3,2,5700.0,142.63333666666495
9,3,2,5850.0,71.31666833333156
9,3,2,6000.0,-1.3642420526593924e-12
9,3,2,6150.0,-71.31666833333475
9,3,2,6300.0,-142.63333666666813
9,3,2,6450.0,-213.9000050000027
9,3,2,6600.0,-285.0833400000024
9,3,2,6750.0,-356.2666750000026
9,3,2,6900.0,-427.45001000000275
9,3,2,7050.0,-498.63334500000246
9,3,2,7200.0,-569.8166800000026
9,3,2,7350.0,-641.0000150000023
9,3,2,7500.0,-712.1833500000025
9,3,2,7650.0,-783.3666850000027
9,3,2,7800.0,-854.5500200000024
9,3,2,7950.0,-925.7000216666802
9,3,2,8100.0,-996.850023333347
9,3,2,8250.0,-1068.0000250000135
9,3,2,8400.0,-1139.1500266666803
9,3,2,8550.0,-1210.3000283333467
9,3,2,8700.0,-1281.3000300000094
9,3,2,8850.0,-1352.0500316666757
9,3,2,9000.0,-1422.800033333343
9,3,2,9150.0,-1493.5500350000093
9,3,2,9300.0,-1564.3000366666756
9,3,2,9450.0,-1635.0500383333429
9,3,2,9600.0,-1705.8000400000092
9,3,2,9750.0,-1776.5500416666764
9,3,2,9900.0,-1847.3000433333427
9,3,2,10050.0,-1918.050045000009
9,3,2,10200.0,-1988.8000466666763
9,3,2,10350.0,-2054.572224050008
9,3,2,10500.0,-2112.2037227000083
9,3,2,10650.0,-2169.8352213500084
9,3,2,10800.0,-2227.4667200000085
9,3,1,1200.0,2292.35005333335
9,3,1,1350.0,2220.5000516666832
9,3,1,1500.0,2148.6500500000166
9,3,1,1650.0,2076.80004833335
9,3,1,1800.0,2004.9500466666836
9,3,1,1950.0,1933.100045000017
9,3,1,2100.0,1861.2500433333503
9,3,1,2250.0,1789.4000416666836
9,3,1,2400.0,1717.550040000017
9,3,1,2550.0,1645.7000383333502
9,3,1,2700.0,1573.9333700000193
9,3,1,2850.0,1502.2500350000194
9,3,1,3000.0,1430.5667000000194
9,3,1,3150.0,1358.8833650000192
9,3,1,3300.0,1287.2000300000193
9,3,1,3450.0,1215.5166950000194
9,3,1,3600.0,1143.8333600000194
9,3,1,3750.0,1072.1500250000195
9,3,1,3900.0,1000.4666900000193
9,3,1,4050.0,928.7833550000194
9,3,1,4200.0,857.1000200000194
9,3,1,4350.0,785.4166850000192
9,3,1,4500.0,713.8666833333436
9,3,1,4650.0,642.4500150000104
9,3,1,4800.0,571.0333466666766
9,3,1,4950.0,499.6166783333433
9,3,1,5100.0,428.20001000001
9,3,1,5250.0,356.78334166667673
9,3,1,5400.0,285.36667333334344
9,3,1,5550.0,213.95000500001015
9,3,1,5700.0,142.63333666666495
9,3,1,5850.0,71.31666833333156
9,3,1,6000.0,-1.3642420526593924e-12
9,3,1,6150.0,-71.31666833333475
9,3,1,6300.0,-142.63333666666813
9,3,1,6450.0,-213.9000050000027
9,3,1,6600.0,-285.0833400000024
9,3,1,6750.0,-356.2666750000026
9,3,1,6900.0,-427.45001000000275
9,3,1,7050.0,-498.63334500000246
9,3,1,7200.0,-569.8166800000026
9,3,1,7350.0,-641.0000150000023
9,3,1,7500.0,-712.1833500000025
9,3,1,7650.0,-783.3666850000027
9,3,1,7800.0,-854.5500200000024
9,3,1,7950.0,-925.7000216666729
9,3,1,8100.0,-996.8500233333398
9,3,1,8250.0,-1068.0000250000062
9,3,1,8400.0,-1139.150026666673
9,3,1,8550.0,-1210.3000283333395
9,3,1,8700.0,-1281.3000300000167
9,3,1,8850.0,-1352.050031666683
9,3,1,9000.0,-1422.8000333333503
9,3,1,9150.0,-1493.5500350000166
9,3,1,9300.0,-1564.300036666683
9,3,1,9450.0,-1635.0500383333501
9,3,1,9600.0,-1705.8000400000165
9,3,1,9750.0,-1776.5500416666837
9,3,1,9900.0,-1847.30004333335
9,3,1,10050.0,-1918.0500450000163
9,3,1,10200.0,-1988.8000466666836
9,3,1,10350.0,-2055.422724050012
9,3,1,10500.0,-2112.770722700012
9,3,1,10650.0,-2170.118721350012
9,3,1,10800.0,-2227.466720000012
9,3,0,1200.0,2292.35005333335
9,3,0,1350.0,2220.5000516666832
9,3,0,1500.0,2148.6500500000166
9,3,0,1650.0,2076.80004833335
9,3,0,1800.0,2004.9500466666836
9,3,0,1950.0,1933.100045000017
9,3,0,2100.0,1861.2500433333503
9,3,0,2250.0,1789.4000416666836
9,3,0,2400.0,1717.550040000017
9,3,0,2550.0,1645.7000383333502
9,3,0,2700.0,1573.9333700000047
9,3,0,2850.0,1502.2500350000048
9,3,0,3000.0,1430.5667000000049
9,3,0,3150.0,1358.8833650000047
9,3,0,3300.0,1287.2000300000047
9,3,0,3450.0,1215.5166950000048
9,3,0,3600.0,1143.8333600000049
9,3,0,3750.0,1072.150025000005
9,3,0,3900.0,1000.4666900000047
9,3,0,4050.0,928.7833550000048
9,3,0,4200.0,857.2333533333322
9,3,0,4350.0,785.6833516666652
9,3,0,4500.0,714.1333499999987
9,3,0,4650.0,642.5833483333322
9,3,0,4800.0,571.0333466666652
9,3,0,4950.0,499.48334499999874
9,3,0,5100.0,427.93334333333223
9,3,0,5250.0,356.5833416666651
9,3,0,5400.0,285.2666733333317
9,3,0,5550.0,213.95000499999833
9,3,0,5700.0,142.63333666666495
9,3,0,5850.0,71.31666833333156
9,3,0,6000.0,-1.3642420526593924e-12
9,3,0,6150.0,-71.31666833333475
9,3,0,6300.0,-142.63333666666813
9,3,0,6450.0,-213.9000050000027
9,3,0,6600.0,-285.0833400000024
9,3,0,6750.0,-356.2666750000026
9,3,0,6900.0,-427.45001000000275
9,3,0,7050.0,-498.63334500000246
9,3,0,7200.0,-569.8166800000026
9,3,0,7350.0,-641.0000150000023
9,3,0,7500.0,-712.1833500000025
9,3,0,7650.0,-783.3666850000027
9,3,0,7800.0,-854.5500200000024
9,3,0,7950.0,-925.7000216666729
9,3,0,8100.0,-996.8500233333398
9,3,0,8250.0,-1068.0000250000062
9,3,0,8400.0,-1139.150026666673
9,3,0,8550.0,-1210.3000283333395
9,3,0,8700.0,-1281.3000300000094
9,3,0,8850.0,-1352.0500316666757
9,3,0,9000.0,-1422.800033333343
9,3,0,9150.0,-1493.5500350000093
9,3,0,9300.0,-1564.3000366666756
9,3,0,9450.0,-1635.0500383333429
9,3,0,9600.0,-1705.8000400000092
9,3,0,9750.0,-1776.5500416666764
9,3,0,9900.0,-1847.3000433333427
9,3,0,10050.0,-1918.050045000009
9,3,0,10200.0,-1988.8000466666763
9,3,0,10350.0,-2054.5722240500154
9,3,0,10500.0,-2112.2037227000155
9,3,0,10650.0,-2169.8352213500157
9,3,0,10800.0,-2227.466720000016
9,4,6,1200.0,2292.350053333401
9,4,6,1350.0,2220.500051666734
9,4,6,1500.0,2148.6500500000675
9,4,6,1650.0,2076.800048333401
9,4,6,1800.0,2004.9500466667346
9,4,6,1950.0,1933.100045000068
9,4,6,2100.0,1861.2500433334012
9,4,6,2250.0,1789.4000416667345
9,4,6,2400.0,1717.5500400000678
9,4,6,2550.0,1645.7000383334012
9,4,6,2700.0,1573.9333700000266
9,4,6,2850.0,1502.2500350000266
9,4,6,3000.0,1430.5667000000267
9,4,6,3150.0,1358.8833650000265
9,4,6,3300.0,1287.2000300000266
9,4,6,3450.0,1215.5166950000266
9,4,6,3600.0,1143.8333600000267
9,4,6,3750.0,1072.1500250000267
9,4,6,3900.0,1000.4666900000266
9,4,6,4050.0,928.7833550000266
9,4,6,4200.0,857.2333533333392
9,4,6,4350.0,785.6833516666725
9,4,6,4500.0,714.133350000006
9,4,6,4650.0,642.583348333339
9,4,6,4800.0,571.0333466666725
9,4,6,4950.0,499.48334500000556
9,4,6,5100.0,427.93334333333905
9,4,6,5250.0,356.5833416666651
9,4,6,5400.0,285.2666733333317
9,4,6,5550.0,213.95000499999833
9,4,6,5700.0,142.63333666666495
9,4,6,5850.0,71.31666833333156
9,4,6,6000.0,-1.3642420526593924e-12
9,4,6,6150.0,-71.31666833333475
9,4,6,6300.0,-142.63333666666813
9,4,6,6450.0,-213.9000050000027
9,4,6,6600.0,-285.08334000000286
9,4,6,6750.0,-356.26667500000303
9,4,6,6900.0,-427.45001000000275
9,4,6,7050.0,-498.6333450000029
9,4,6,7200.0,-569.8166800000031
9,4,6,7350.0,-641.0000150000028
9,4,6,7500.0,-712.183350000003
9,4,6,7650.0,-783.3666850000031
9,4,6,7800.0,-854.5500200000029
9,4,6,7950.0,-925.7000216666875
9,4,6,8100.0,-996.8500233333543
9,4,6,8250.0,-1068.0000250000207
9,4,6,8400.0,-1139.1500266666876
9,4,6,8550.0,-1210.300028333354
9,4,6,8700.0,-1281.3000300000167
9,4,6,8850.0,-1352.050031666683
9,4,6,9000.0,-1422.8000333333503
9,4,6,9150.0,-1493.5500350000166
9,4,6,9300.0,-1564.300036666683
9,4,6,9450.0,-1635.0500383333501
9,4,6,9600.0,-1705.8000400000165
9,4,6,9750.0,-1776.5500416666837
9,4,6,9900.0,-1847.30004333335
9,4,6,10050.0,-1918.0500450000163
9,4,6,10200.0,-1988.8000466666836
9,4,6,10350.0,-2055.422724050012
9,4,6,10500.0,-2112.770722700012
9,4,6,10650.0,-2170.118721350012
9,4,6,10800.0,-2227.466720000012
9,4,5,1200.0,2292.350053333328
9,4,5,1350.0,2220.5000516666614
9,4,5,1500.0,2148.6500499999947
9,4,5,1650.0,2076.800048333328
9,4,5,1800.0,2004.9500466666618
9,4,5,1950.0,1933.1000449999951
9,4,5,2100.0,1861.2500433333284
9,4,5,2250.0,1789.4000416666618
9,4,5,2400.0,1717.550039999995
9,4,5,2550.0,1645.7000383333284
9,4,5,2700.0,1573.9333700000047
9,4,5,2850.0,1502.2500350000048
9,4,5,3000.0,1430.5667000000049
9,4,5,3150.0,1358.8833650000047
9,4,5,3300.0,1287.2000300000047
9,4,5,3450.0,1215.5166950000048
9,4,5,3600.0,1143.8333600000049
9,4,5,3750.0,1072.150025000005
9,4,5,3900.0,1000.4666900000047
9,4,5,4050.0,928.7833550000048
9,4,5,4200.0,857.1000200000049
9,4,5,4350.0,785.4166850000047
9,4,5,4500.0,713.8666833333327
9,4,5,4650.0,642.4500149999994
9,4,5,4800.0,571.0333466666657
9,4,5,4950.0,499.6166783333324
9,4,5,5100.0,428.2000099999991
9,4,5,5250.0,356.7833416666658
9,4,5,5400.0,285.3666733333325
9,4,5,5550.0,213.95000499999924
9,4,5,5700.0,142.63333666666495
9,4,5,5850.0,71.31666833333156
9,4,5,6000.0,-1.3642420526593924e-12
9,4,5,6150.0,-71.31666833333475
9,4,5,6300.0,-142.63333666666813
9,4,5,6450.0,-213.90000499999906
9,4,5,6600.0,-285.08333999999877
9,4,5,6750.0,-356.26667499999894
9,4,5,6900.0,-427.4500099999991
9,4,5,7050.0,-498.6333449999988
9,4,5,7200.0,-569.816679999999
9,4,5,7350.0,-641.0000149999987
9,4,5,7500.0,-712.1833499999989
9,4,5,7650.0,-783.366684999999
9,4,5,7800.0,-854.5500199999883
9,4,5,7950.0,-925.7000216666547
9,4,5,8100.0,-996.8500233333216
9,4,5,8250.0,-1068.000024999988
9,4,5,8400.0,-1139.1500266666549
9,4,5,8550.0,-1210.3000283333213
9,4,5,8700.0,-1281.3000299999803
9,4,5,8850.0,-1352.0500316666466
9,4,5,9000.0,-1422.8000333333139
9,4,5,9150.0,-1493.5500349999802
9,4,5,9300.0,-1564.3000366666465
9,4,5,9450.0,-1635.0500383333138
9,4,5,9600.0,-1705.80003999998
9,4,5,9750.0,-1776.5500416666473
9,4,5,9900.0,-1847.3000433333136
9,4,5,10050.0,-1918.05004499998
9,4,5,10200.0,-1988.8000466666472
9,4,5,10350.0,-2055.4227240499763
9,4,5,10500.0,-2112.7707226999764
9,4,5,10650.0,-2170.118721349976
9,4,5,10800.0,-2227.4667199999767
9,4,4,1200.0,2292.3500533333245
9,4,4,1350.0,2220.500051666658
9,4,4,1500.0,2148.650049999991
9,4,4,1650.0,2076.8000483333244
9,4,4,1800.0,2004.9500466666582
9,4,4,1950.0,1933.1000449999915
9,4,4,2100.0,1861.2500433333248
9,4,4,2250.0,1789.4000416666581
9,4,4,2400.0,1717.5500399999914
9,4,4,2550.0,1645.7000383333248
9,4,4,2700.0,1573.9333699999938
9,4,4,2850.0,1502.2500349999939
9,4,4,3000.0,1430.566699999994
9,4,4,3150.0,1358.8833649999938
9,4,4,3300.0,1287.2000299999938
9,4,4,3450.0,1215.516694999994
9,4,4,3600.0,1143.833359999994
9,4,4,3750.0,1072.150024999994
9,4,4,3900.0,1000.4666899999938
9,4,4,4050.0,928.7833549999939
9,4,4,4200.0,857.100019999994
9,4,4,4350.0,785.4166849999938
9,4,4,4500.0,713.8666833333291
9,4,4,4650.0,642.4500149999958
9,4,4,4800.0,571.0333466666625
9,4,4,4950.0,499.6166783333292
9,4,4,5100.0,428.2000099999959
9,4,4,5250.0,356.78334166666264
9,4,4,5400.0,285.36667333332935
9,4,4,5550.0,213.95000499999833
9,4,4,5700.0,142.63333666666495
9,4,4,5850.0,71.31666833333156
9,4,4,6000.0,-1.3642420526593924e-12
9,4,4,6150.0,-71.31666833333475
9,4,4,6300.0,-142.63333666666813
9,4,4,6450.0,-213.9000050000027
9,4,4,6600.0,-285.0833400000024
9,4,4,6750.0,-356.2666750000026
9,4,4,6900.0,-427.45001000000275
9,4,4,7050.0,-498.63334500000246
9,4,4,7200.0,-569.8166800000026
9,4,4,7350.0,-641.0000150000023
9,4,4,7500.0,-712.1833500000025
9,4,4,7650.0,-783.3666850000027
9,4,4,7800.0,-854.5500199999992
9,4,4,7950.0,-925.7000216666656
9,4,4,8100.0,-996.8500233333325
9,4,4,8250.0,-1068.000024999999
9,4,4,8400.0,-1139.1500266666658
9,4,4,8550.0,-1210.3000283333322
9,4,4,8700.0,-1281.3000299999976
9,4,4,8850.0,-1352.0500316666648
9,4,4,9000.0,-1422.8000333333312
9,4,4,9150.0,-1493.5500349999975
9,4,4,9300.0,-1564.3000366666647
9,4,4,9450.0,-1635.050038333331
9,4,4,9600.0,-1705.8000399999983
9,4,4,9750.0,-1776.5500416666646
9,4,4,9900.0,-1847.300043333331
9,4,4,10050.0,-1918.0500449999981
9,4,4,10200.0,-1988.8000466666645
9,4,4,10350.0,-2055.4227240500013
9,4,4,10500.0,-2112.770722700001
9,4,4,10650.0,-2170.118721350001
9,4,4,10800.0,-2227.4667200000013
9,4,3,1200.0,2292.3500533333354
9,4,3,1350.0,2220.5000516666687
9,4,3,1500.0,2148.650050000002
9,4,3,1650.0,2076.8000483333353
9,4,3,1800.0,2004.950046666669
9,4,3,1950.0,1933.1000450000024
9,4,3,2100.0,1861.2500433333357
9,4,3,2250.0,1789.400041666669
9,4,3,2400.0,1717.5500400000024
9,4,3,2550.0,1645.7000383333357
9,4,3,2700.0,1573.9333700000047
9,4,3,2850.0,1502.2500350000048
9,4,3,3000.0,1430.5667000000049
9,4,3,3150.0,1358.8833650000047
9,4,3,3300.0,1287.2000300000047
9,4,3,3450.0,1215.5166950000048
9,4,3,3600.0,1143.8333600000049
9,4,3,3750.0,1072.150025000005
9,4,3,3900.0,1000.4666900000047
9,4,3,4050.0,928.7833550000048
9,4,3,4200.0,857.2333533333324
9,4,3,4350.0,785.6833516666657
9,4,3,4500.0,714.1333499999992
9,4,3,4650.0,642.5833483333322
9,4,3,4800.0,571.0333466666657
9,4,3,4950.0,499.4833449999992
9,4,3,5100.0,427.93334333333223
9,4,3,5250.0,356.5833416666651
9,4,3,5400.0,285.2666733333317
9,4,3,5550.0,213.95000499999833
9,4,3,5700.0,142.63333666666495
9,4,3,5850.0,71.31666833333156
9,4,3,6000.0,-1.3642420526593924e-12
9,4,3,6150.0,-71.31666833333475
9,4,3,6300.0,-142.63333666666813
9,4,3,6450.0,-213.90000500000997
9,4,3,6600.0,-285.0833400000097
9,4,3,6750.0,-356.26667500000985
9,4,3,6900.0,-427.45001000001
9,4,3,7050.0,-498.63334500000974
9,4,3,7200.0,-569.8166800000099
9,4,3,7350.0,-641.0000150000096
9,4,3,7500.0,-712.1833500000098
9,4,3,7650.0,-783.36668500001
9,4,3,7800.0,-854.5500200000097
9,4,3,7950.0,-925.7000216666802
9,4,3,8100.0,-996.850023333347
9,4,3,8250.0,-1068.0000250000135
9,4,3,8400.0,-1139.1500266666803
9,4,3,8550.0,-1210.3000283333467
9,4,3,8700.0,-1281.3000300000094
9,4,3,8850.0,-1352.0500316666767
9,4,3,9000.0,-1422.800033333343
9,4,3,9150.0,-1493.5500350000102
9,4,3,9300.0,-1564.3000366666765
9,4,3,9450.0,-1635.0500383333429
9,4,3,9600.0,-1705.80004000001
9,4,3,9750.0,-1776.5500416666764
9,4,3,9900.0,-1847.3000433333436
9,4,3,10050.0,-1918.05004500001
9,4,3,10200.0,-1988.8000466666763
9,4,3,10350.0,-2055.4227240500195
9,4,3,10500.0,-2112.770722700019
9,4,3,10650.0,-2170.1187213500193
9,4,3,10800.0,-2227.4667200000194
9,4,2,1200.0,2292.350053333321
9,4,2,1350.0,2220.500051666654
9,4,2,1500.0,2148.6500499999875
9,4,2,1650.0,2076.800048333321
9,4,2,1800.0,2004.9500466666545
9,4,2,1950.0,1933.1000449999879
9,4,2,2100.0,1861.2500433333212
9,4,2,2250.0,1789.4000416666545
9,4,2,2400.0,1717.5500399999878
9,4,2,2550.0,1645.7000383333211
9,4,2,2700.0,1573.9333699999902
9,4,2,2850.0,1502.2500349999902
9,4,2,3000.0,1430.5666999999903
9,4,2,3150.0,1358.8833649999901
9,4,2,3300.0,1287.2000299999902
9,4,2,3450.0,1215.5166949999902
9,4,2,3600.0,1143.8333599999903
9,4,2,3750.0,1072.1500249999904
9,4,2,3900.0,1000.4666899999902
9,4,2,4050.0,928.7833549999989
9,4,2,4200.0,857.2333533333324
9,4,2,4350.0,785.6833516666657
9,4,2,4500.0,714.1333499999992
9,4,2,4650.0,642.5833483333322
9,4,2,4800.0,571.0333466666657
9,4,2,4950.0,499.4833449999992
9,4,2,5100.0,427.93334333333223
9,4,2,5250.0,356.5833416666651
9,4,2,5400.0,285.2666733333317
9,4,2,5550.0,213.95000499999833
9,4,2,5700.0,142.63333666666495
9,4,2,5850.0,71.31666833333156
9,4,2,6000.0,-1.3642420526593924e-12
9,4,2,6150.0,-71.31666833333475
9,4,2,6300.0,-142.63333666666813
9,4,2,6450.0,-213.90000500000997
9,4,2,6600.0,-285.0833400000097
9,4,2,6750.0,-356.26667500000985
9,4,2,6900.0,-427.45001000001
9,4,2,7050.0,-498.63334500000974
9,4,2,7200.0,-569.8166800000099
9,4,2,7350.0,-641.0000150000096
9,4,2,7500.0,-712.1833500000098
9,4,2,7650.0,-783.36668500001
9,4,2,7800.0,-854.5500200000097
9,4,2,7950.0,-925.7000216666802
9,4,2,8100.0,-996.850023333347
9,4,2,8250.0,-1068.0000250000135
9,4,2,8400.0,-1139.1500266666803
9,4,2,8550.0,-1210.3000283333467
9,4,2,8700.0,-1281.300030000024
9,4,2,8850.0,-1352.0500316666912
9,4,2,9000.0,-1422.8000333333575
9,4,2,9150.0,-1493.5500350000248
9,4,2,9300.0,-1564.300036666691
9,4,2,9450.0,-1635.0500383333574
9,4,2,9600.0,-1705.8000400000246
9,4,2,9750.0,-1776.550041666691
9,4,2,9900.0,-1847.3000433333582
9,4,2,10050.0,-1918.0500450000245
9,4,2,10200.0,-1988.8000466666908
9,4,2,10350.0,-2055.422724050027
9,4,2,10500.0,-2112.7707227000274
9,4,2,10650.0,-2170.118721350027
9,4,2,10800.0,-2227.4667200000276
9,4,1,1200.0,2292.350053333357
9,4,1,1350.0,2220.5000516666905
9,4,1,1500.0,2148.650050000024
9,4,1,1650.0,2076.800048333357
9,4,1,1800.0,2004.950046666691
9,4,1,1950.0,1933.1000450000242
9,4,1,2100.0,1861.2500433333576
9,4,1,2250.0,1789.4000416666909
9,4,1,2400.0,1717.5500400000242
9,4,1,2550.0,1645.7000383333575
9,4,1,2700.0,1573.9333700000047
9,4,1,2850.0,1502.2500350000048
9,4,1,3000.0,1430.5667000000049
9,4,1,3150.0,1358.8833650000047
9,4,1,3300.0,1287.2000300000047
9,4,1,3450.0,1215.5166950000048
9,4,1,3600.0,1143.8333600000049
9,4,1,3750.0,1072.150025000005
9,4,1,3900.0,1000.4666900000047
9,4,1,4050.0,928.7833550000048
9,4,1,4200.0,857.1000200000049
9,4,1,4350.0,785.4166850000047
9,4,1,4500.0,713.8666833333286
9,4,1,4650.0,642.4500149999953
9,4,1,4800.0,571.033346666662
9,4,1,4950.0,499.61667833332876
9,4,1,5100.0,428.2000099999955
9,4,1,5250.0,356.7833416666622
9,4,1,5400.0,285.36667333332844
9,4,1,5550.0,213.95000499999833
9,4,1,5700.0,142.63333666666495
9,4,1,5850.0,71.31666833333156
9,4,1,6000.0,-1.3642420526593924e-12
9,4,1,6150.0,-71.31666833333475
9,4,1,6300.0,-142.63333666666813
9,4,1,6450.0,-213.90000500001725
9,4,1,6600.0,-285.08334000001696
9,4,1,6750.0,-356.26667500001713
9,4,1,6900.0,-427.4500100000173
9,4,1,7050.0,-498.633345000017
9,4,1,7200.0,-569.8166800000172
9,4,1,7350.0,-641.0000150000169
9,4,1,7500.0,-712.1833500000171
9,4,1,7650.0,-783.3666850000172
9,4,1,7800.0,-854.5500200000142
9,4,1,7950.0,-925.7000216666806
9,4,1,8100.0,-996.8500233333475
9,4,1,8250.0,-1068.000025000014
9,4,1,8400.0,-1139.1500266666808
9,4,1,8550.0,-1210.3000283333472
9,4,1,8700.0,-1281.300030000045
9,4,1,8850.0,-1352.0500316667121
9,4,1,9000.0,-1422.8000333333785
9,4,1,9150.0,-1493.5500350000448
9,4,1,9300.0,-1564.300036666712
9,4,1,9450.0,-1635.0500383333783
9,4,1,9600.0,-1705.8000400000456
9,4,1,9750.0,-1776.5500416667119
9,4,1,9900.0,-1847.3000433333782
9,4,1,10050.0,-1918.0500450000454
9,4,1,10200.0,-1988.8000466667118
9,4,1,10350.0,-2055.4227240500486
9,4,1,10500.0,-2112.7707227000483
9,4,1,10650.0,-2170.1187213500484
9,4,1,10800.0,-2227.4667200000486
9,4,0,1200.0,2292.3500533333718
9,4,0,1350.0,2220.500051666705
9,4,0,1500.0,2148.6500500000384
9,4,0,1650.0,2076.8000483333717
9,4,0,1800.0,2004.9500466667055
9,4,0,1950.0,1933.1000450000388
9,4,0,2100.0,1861.250043333372
9,4,0,2250.0,1789.4000416667054
9,4,0,2400.0,1717.5500400000387
9,4,0,2550.0,1645.700038333372
9,4,0,2700.0,1573.933370000012
9,4,0,2850.0,1502.250035000012
9,4,0,3000.0,1430.5667000000121
9,4,0,3150.0,1358.883365000012
9,4,0,3300.0,1287.200030000012
9,4,0,3450.0,1215.516695000012
9,4,0,3600.0,1143.8333600000121
9,4,0,3750.0,1072.1500250000122
9,4,0,3900.0,1000.466690000012
9,4,0,4050.0,928.7833550000121
9,4,0,4200.0,857.2333533333392
9,4,0,4350.0,785.6833516666725
9,4,0,4500.0,714.133350000006
9,4,0,4650.0,642.583348333339
9,4,0,4800.0,571.0333466666725
9,4,0,4950.0,499.48334500000556
9,4,0,5100.0,427.93334333333905
9,4,0,5250.0,356.5833416666651
9,4,0,5400.0,285.2666733333317
9,4,0,5550.0,213.95000499999833
9,4,0,5700.0,142.63333666666495
9,4,0,5850.0,71.31666833333156
9,4,0,6000.0,-1.3642420526593924e-12
9,4,0,6150.0,-71.31666833333475
9,4,0,6300.0,-142.63333666666813
9,4,0,6450.0,-213.9000049999945
9,4,0,6600.0,-285.0833399999947
9,4,0,6750.0,-356.2666749999944
9,4,0,6900.0,-427.45000999999456
9,4,0,7050.0,-498.6333449999943
9,4,0,7200.0,-569.8166799999944
9,4,0,7350.0,-641.0000149999946
9,4,0,7500.0,-712.1833499999943
9,4,0,7650.0,-783.3666849999945
9,4,0,7800.0,-854.5500199999942
9,4,0,7950.0,-925.7000216666656
9,4,0,8100.0,-996.8500233333325
9,4,0,8250.0,-1068.000024999999
9,4,0,8400.0,-1139.1500266666658
9,4,0,8550.0,-1210.3000283333322
9,4,0,8700.0,-1281.3000300000022
9,4,0,8850.0,-1352.0500316666685
9,4,0,9000.0,-1422.8000333333357
9,4,0,9150.0,-1493.550035000002
9,4,0,9300.0,-1564.3000366666683
9,4,0,9450.0,-1635.0500383333356
9,4,0,9600.0,-1705.800040000002
9,4,0,9750.0,-1776.5500416666691
9,4,0,9900.0,-1847.3000433333355
9,4,0,10050.0,-1918.0500450000018
9,4,0,10200.0,-1988.800046666669
9,4,0,10350.0,-2055.422724050005
9,4,0,10500.0,-2112.7707227000046
9,4,0,10650.0,-2170.1187213500048
9,4,0,10800.0,-2227.466720000005
9,5,6,1200.0,2292.35005333335
9,5,6,1350.0,2220.5000516666832
9,5,6,1500.0,2148.6500500000166
9,5,6,1650.0,2076.80004833335
9,5,6,1800.0,2004.9500466666836
9,5,6,1950.0,1933.100045000017
9,5,6,2100.0,1861.2500433333503
9,5,6,2250.0,1789.4000416666836
9,5,6,2400.0,1717.550040000017
9,5,6,2550.0,1645.7000383333502
9,5,6,2700.0,1573.9333700000047
9,5,6,2850.0,1502.2500350000048
9,5,6,3000.0,1430.5667000000049
9,5,6,3150.0,1358.8833650000047
9,5,6,3300.0,1287.2000300000047
9,5,6,3450.0,1215.5166950000048
9,5,6,3600.0,1143.8333600000049
9,5,6,3750.0,1072.150025000005
9,5,6,3900.0,1000.4666900000047
9,5,6,4050.0,928.7833550000062
9,5,6,4200.0,857.2333533333397
9,5,6,4350.0,785.6833516666729
9,5,6,4500.0,714.1333500000064
9,5,6,4650.0,642.5833483333395
9,5,6,4800.0,571.033346666673
9,5,6,4950.0,499.48334500000647
9,5,6,5100.0,427.9333433333395
9,5,6,5250.0,356.5833416666651
9,5,6,5400.0,285.2666733333317
9,5,6,5550.0,213.95000499999833
9,5,6,5700.0,142.63333666666495
9,5,6,5850.0,71.31666833333156
9,5,6,6000.0,-1.3642420526593924e-12
9,5,6,6150.0,-71.31666833333475
9,5,6,6300.0,-142.63333666666813
9,5,6,6450.0,-213.9000050000027
9,5,6,6600.0,-285.08334000000286
9,5,6,6750.0,-356.26667500000303
9,5,6,6900.0,-427.45001000000275
9,5,6,7050.0,-498.6333450000029
9,5,6,7200.0,-569.8166800000031
9,5,6,7350.0,-641.0000150000028
9,5,6,7500.0,-712.183350000003
9,5,6,7650.0,-783.3666850000031
9,5,6,7800.0,-854.5500200000029
9,5,6,7950.0,-925.7000216666802
9,5,6,8100.0,-996.850023333347
9,5,6,8250.0,-1068.0000250000135
9,5,6,8400.0,-1139.1500266666803
9,5,6,8550.0,-1210.3000283333467
9,5,6,8700.0,-1281.3000300000094
9,5,6,8850.0,-1352.0500316666757
9,5,6,9000.0,-1422.800033333343
9,5,6,9150.0,-1493.5500350000093
9,5,6,9300.0,-1564.3000366666756
9,5,6,9450.0,-1635.0500383333429
9,5,6,9600.0,-1705.8000400000092
9,5,6,9750.0,-1776.5500416666764
9,5,6,9900.0,-1847.3000433333427
9,5,6,10050.0,-1918.050045000009
9,5,6,10200.0,-1988.8000466666763
9,5,6,10350.0,-2055.4227240500195
9,5,6,10500.0,-2112.770722700019
9,5,6,10650.0,-2170.1187213500193
9,5,6,10800.0,-2227.4667200000194
9,5,5,1200.0,2279.4745641666545
9,5,5,1350.0,2207.9245624999876
9,5,5,1500.0,2136.374560833321
9,5,5,1650.0,2064.8245591666546
9,5,5,1800.0,1993.3561259444355
9,5,5,1950.0,1921.9394576111022
9,5,5,2100.0,1850.5227892777689
9,5,5,2250.0,1779.1061209444356
9,5,5,2400.0,1707.6894526111023
9,5,5,2550.0,1636.272784277769
9,5,5,2700.0,1564.8561159444357
9,5,5,2850.0,1493.4394476111024
9,5,5,3000.0,1422.221994666656
9,5,5,3150.0,1351.0219929999894
9,5,5,3300.0,1279.8219913333228
9,5,5,3450.0,1208.6219896666562
9,5,5,3600.0,1137.4219879999894
9,5,5,3750.0,1066.2219863333228
9,5,5,3900.0,995.0219846666562
9,5,5,4050.0,923.8219829999896
9,5,5,4200.0,852.6219813333228
9,5,5,4350.0,781.4219796666562
9,5,5,4500.0,710.235899499995
9,5,5,4650.0,639.0858978333281
9,5,5,4800.0,567.9358961666612
9,5,5,4950.0,496.7858944999948
9,5,5,5100.0,425.63589283332794
9,5,5,5250.0,354.48589116666153
9,5,5,5400.0,283.33588949999466
9,5,5,5550.0,212.40000500000042
9,5,5,5700.0,141.60000333333392
9,5,5,5850.0,70.80000166666696
9,5,5,6000.0,4.547473508864641e-13
9,5,5,6150.0,-70.8000016666665
9,5,5,6300.0,-141.600003333333
9,5,5,6450.0,-212.4000049999995
9,5,5,6600.0,-283.20000666666647
9,5,5,6750.0,-354.00000833333297
9,5,5,6900.0,-424.8000099999995
9,5,5,7050.0,-492.71548965331294
9,5,5,7200.0,-554.5988246533129
9,5,5,7350.0,-616.4821596533129
9,5,5,7500.0,-678.3654946533129
9,5,5,7650.0,-740.2488296533129
9,5,5,7800.0,-802.1321646533129
9,5,5,7950.0,-862.3057214669352
9,5,5,8100.0,-922.002720116935
9,5,5,8250.0,-981.6997187669353
9,5,5,8400.0,-1041.3967174169352
9,5,5,8550.0,-1101.093716066935
9,5,5,8700.0,-1160.7907147169353
9,5,5,8850.0,-1220.4877133669352
9,5,5,9000.0,-1280.1551051469332
9,5,5,9150.0,-1339.4876037969334
9,5,5,9300.0,-1398.8201024469336
9,5,5,9450.0,-1458.1526010969333
9,5,5,9600.0,-1517.4850997469334
9,5,5,9750.0,-1576.8175983969336
9,5,5,9900.0,-1636.1500970469333
9,5,5,10050.0,-1695.4825956969335
9,5,5,10200.0,-1754.8150943469336
9,5,5,10350.0,-1814.1475929969333
9,5,5,10500.0,-1873.480091646933
9,5,5,10650.0,-1932.8125902969332
9,5,5,10800.0,-1991.872694363603
9,5,4,1200.0,2281.943995265426
9,5,4,1350.0,2210.260660265426
9,5,4,1500.0,2138.577325265426
9,5,4,1650.0,2066.893990265426
9,5,4,1800.0,1995.230094179005
9,5,4,1950.0,1923.8134258456716
9,5,4,2100.0,1852.3967575123384
9,5,4,2250.0,1780.980089179005
9,5,4,2400.0,1709.5634208456715
9,5,4,2550.0,1638.1467525123383
9,5,4,2700.0,1566.730084179005
9,5,4,2850.0,1495.3134158456717
9,5,4,3000.0,1423.954037104929
9,5,4,3150.0,1352.6373687715957
9,5,4,3300.0,1281.3207004382623
9,5,4,3450.0,1210.004032104929
9,5,4,3600.0,1138.6873637715955
9,5,4,3750.0,1067.3706954382624
9,5,4,3900.0,996.1804132283905
9,5,4,4050.0,924.9970782283904
9,5,4,4200.0,853.8137432283904
9,5,4,4350.0,782.6304082283905
9,5,4,4500.0,711.4470732283903
9,5,4,4650.0,640.2637382283906
9,5,4,4800.0,569.0804032283904
9,5,4,4950.0,497.8970682283907
9,5,4,5100.0,426.71373322839054
9,5,4,5250.0,355.53039822839037
9,5,4,5400.0,284.34706322839065
9,5,4,5550.0,213.16372822839048
9,5,4,5700.0,141.9803932283903
9,5,4,5850.0,70.80000166666696
9,5,4,6000.0,4.547473508864641e-13
9,5,4,6150.0,-70.8000016666665
9,5,4,6300.0,-141.600003333333
9,5,4,6450.0,-212.4000049999995
9,5,4,6600.0,-283.20000666666647
9,5,4,6750.0,-353.9713635370358
9,5,4,6900.0,-424.7213652037026
9,5,4,7050.0,-495.4713668703689
9,5,4,7200.0,-566.2213685370357
9,5,4,7350.0,-636.9713702037025
9,5,4,7500.0,-707.7213718703692
9,5,4,7650.0,-771.2954797677758
9,5,4,7800.0,-831.221978417776
9,5,4,7950.0,-891.1484770677757
9,5,4,8100.0,-951.0749757177759
9,5,4,8250.0,-1011.0014743677757
9,5,4,8400.0,-1070.927973017776
9,5,4,8550.0,-1130.8544716677761
9,5,4,8700.0,-1190.7809703177759
9,5,4,8850.0,-1250.707468967776
9,5,4,9000.0,-1310.6339676177759
9,5,4,9150.0,-1370.135331914441
9,5,4,9300.0,-1429.5488305644412
9,5,4,9450.0,-1488.962329214441
9,5,4,9600.0,-1548.375827864441
9,5,4,9750.0,-1607.7893265144412
9,5,4,9900.0,-1667.202825164441
9,5,4,10050.0,-1726.6163238144409
9,5,4,10200.0,-1786.0298224644412
9,5,4,10350.0,-1845.4433211144415
9,5,4,10500.0,-1904.8568197644408
9,5,4,10650.0,-1964.2703184144411
9,5,4,10800.0,-2023.0748106777846
9,5,3,1200.0,2292.35005333335
9,5,3,1350.0,2220.5000516666832
9,5,3,1500.0,2148.6500500000166
9,5,3,1650.0,2076.80004833335
9,5,3,1800.0,2004.9500466666836
9,5,3,1950.0,1933.100045000017
9,5,3,2100.0,1861.2500433333503
9,5,3,2250.0,1789.4000416666836
9,5,3,2400.0,1717.550040000017
9,5,3,2550.0,1645.7000383333502
9,5,3,2700.0,1573.933370000012
9,5,3,2850.0,1502.250035000012
9,5,3,3000.0,1430.5667000000121
9,5,3,3150.0,1358.883365000012
9,5,3,3300.0,1287.200030000012
9,5,3,3450.0,1215.516695000012
9,5,3,3600.0,1143.8333600000121
9,5,3,3750.0,1072.1500250000122
9,5,3,3900.0,1000.466690000012
9,5,3,4050.0,928.783355000013
9,5,3,4200.0,857.2333533333465
9,5,3,4350.0,785.6833516666798
9,5,3,4500.0,714.1333500000133
9,5,3,4650.0,642.5833483333463
9,5,3,4800.0,571.0333466666798
9,5,3,4950.0,499.48334500001283
9,5,3,5100.0,427.93334333334633
9,5,3,5250.0,356.5833416666651
9,5,3,5400.0,285.2666733333317
9,5,3,5550.0,213.95000499999833
9,5,3,5700.0,142.63333666666495
9,5,3,5850.0,71.31666833333156
9,5,3,6000.0,-1.3642420526593924e-12
9,5,3,6150.0,-71.31666833333475
9,5,3,6300.0,-142.63333666666813
9,5,3,6450.0,-213.9000050000027
9,5,3,6600.0,-285.0833400000024
9,5,3,6750.0,-356.2666750000026
9,5,3,6900.0,-427.45001000000275
9,5,3,7050.0,-498.63334500000246
9,5,3,7200.0,-569.8166800000026
9,5,3,7350.0,-641.0000150000023
9,5,3,7500.0,-712.1833500000025
9,5,3,7650.0,-783.3666850000027
9,5,3,7800.0,-854.5500200000024
9,5,3,7950.0,-925.7000216666802
9,5,3,8100.0,-996.850023333347
9,5,3,8250.0,-1068.0000250000135
9,5,3,8400.0,-1139.1500266666803
9,5,3,8550.0,-1210.3000283333467
9,5,3,8700.0,-1281.3000300000167
9,5,3,8850.0,-1352.050031666683
9,5,3,9000.0,-1422.8000333333503
9,5,3,9150.0,-1493.5500350000166
9,5,3,9300.0,-1564.300036666683
9,5,3,9450.0,-1635.0500383333501
9,5,3,9600.0,-1705.8000400000165
9,5,3,9750.0,-1776.5500416666837
9,5,3,9900.0,-1847.30004333335
9,5,3,10050.0,-1918.0500450000163
9,5,3,10200.0,-1988.8000466666836
9,5,3,10350.0,-2055.422724050034
9,5,3,10500.0,-2112.7707227000337
9,5,3,10650.0,-2170.118721350034
9,5,3,10800.0,-2227.466720000034
9,5,2,1200.0,2292.35005333335
9,5,2,1350.0,2220.5000516666832
9,5,2,1500.0,2148.6500500000166
9,5,2,1650.0,2076.80004833335
9,5,2,1800.0,2004.9500466666836
9,5,2,1950.0,1933.100045000017
9,5,2,2100.0,1861.2500433333503
9,5,2,2250.0,1789.4000416666836
9,5,2,2400.0,1717.550040000017
9,5,2,2550.0,1645.7000383333502
9,5,2,2700.0,1573.933370000012
9,5,2,2850.0,1502.250035000012
9,5,2,3000.0,1430.5667000000121
9,5,2,3150.0,1358.883365000012
9,5,2,3300.0,1287.200030000012
9,5,2,3450.0,1215.516695000012
9,5,2,3600.0,1143.8333600000121
9,5,2,3750.0,1072.1500250000122
9,5,2,3900.0,1000.466690000012
9,5,2,4050.0,928.7833550000121
9,5,2,4200.0,857.1000200000121
9,5,2,4350.0,785.416685000012
9,5,2,4500.0,713.8666833333364
9,5,2,4650.0,642.4500150000031
9,5,2,4800.0,571.0333466666693
9,5,2,4950.0,499.61667833333604
9,5,2,5100.0,428.20001000000275
9,5,2,5250.0,356.78334166666946
9,5,2,5400.0,285.36667333333617
9,5,2,5550.0,213.95000500000288
9,5,2,5700.0,142.63333666666495
9,5,2,5850.0,71.31666833333156
9,5,2,6000.0,-1.3642420526593924e-12
9,5,2,6150.0,-71.31666833333475
9,5,2,6300.0,-142.63333666666813
9,5,2,6450.0,-213.9000050000027
9,5,2,6600.0,-285.0833400000024
9,5,2,6750.0,-356.2666750000026
9,5,2,6900.0,-427.45001000000275
9,5,2,7050.0,-498.63334500000246
9,5,2,7200.0,-569.8166800000026
9,5,2,7350.0,-641.0000150000023
9,5,2,7500.0,-712.1833500000025
9,5,2,7650.0,-783.3666850000027
9,5,2,7800.0,-854.5500200000024
9,5,2,7950.0,-925.7000216666729
9,5,2,8100.0,-996.8500233333398
9,5,2,8250.0,-1068.0000250000062
9,5,2,8400.0,-1139.150026666673
9,5,2,8550.0,-1210.3000283333395
9,5,2,8700.0,-1281.3000300000094
9,5,2,8850.0,-1352.0500316666757
9,5,2,9000.0,-1422.800033333343
9,5,2,9150.0,-1493.5500350000093
9,5,2,9300.0,-1564.3000366666756
9,5,2,9450.0,-1635.0500383333429
9,5,2,9600.0,-1705.8000400000092
9,5,2,9750.0,-1776.5500416666764
9,5,2,9900.0,-1847.3000433333427
9,5,2,10050.0,-1918.050045000009
9,5,2,10200.0,-1987.7607254000104
9,5,2,10350.0,-2047.6872240500106
9,5,2,10500.0,-2107.613722700011
9,5,2,10650.0,-2167.540221350011
9,5,2,10800.0,-2227.4667200000104
9,5,1,1200.0,2292.350053333379
9,5,1,1350.0,2220.5000516667124
9,5,1,1500.0,2148.6500500000457
9,5,1,1650.0,2076.800048333379
9,5,1,1800.0,2004.9500466667128
9,5,1,1950.0,1933.100045000046
9,5,1,2100.0,1861.2500433333794
9,5,1,2250.0,1789.4000416667127
9,5,1,2400.0,1717.550040000046
9,5,1,2550.0,1645.7000383333793
9,5,1,2700.0,1573.9333700000266
9,5,1,2850.0,1502.2500350000266
9,5,1,3000.0,1430.5667000000267
9,5,1,3150.0,1358.8833650000265
9,5,1,3300.0,1287.2000300000266
9,5,1,3450.0,1215.5166950000266
9,5,1,3600.0,1143.8333600000267
9,5,1,3750.0,1072.1500250000267
9,5,1,3900.0,1000.4666900000266
9,5,1,4050.0,928.7833550000266
9,5,1,4200.0,857.233353333354
9,5,1,4350.0,785.683351666687
9,5,1,4500.0,714.1333500000205
9,5,1,4650.0,642.583348333354
9,5,1,4800.0,571.0333466666871
9,5,1,4950.0,499.48334500002056
9,5,1,5100.0,427.93334333335406
9,5,1,5250.0,356.5833416666651
9,5,1,5400.0,285.2666733333317
9,5,1,5550.0,213.95000499999833
9,5,1,5700.0,142.63333666666495
9,5,1,5850.0,71.31666833333156
9,5,1,6000.0,-1.3642420526593924e-12
9,5,1,6150.0,-71.31666833333475
9,5,1,6300.0,-142.63333666666813
9,5,1,6450.0,-213.9000050000027
9,5,1,6600.0,-285.0833400000024
9,5,1,6750.0,-356.2666750000026
9,5,1,6900.0,-427.45001000000275
9,5,1,7050.0,-498.63334500000246
9,5,1,7200.0,-569.8166800000026
9,5,1,7350.0,-641.0000150000023
9,5,1,7500.0,-712.1833500000025
9,5,1,7650.0,-783.3666850000027
9,5,1,7800.0,-854.5500200000024
9,5,1,7950.0,-925.7000216666729
9,5,1,8100.0,-996.8500233333398
9,5,1,8250.0,-1068.0000250000062
9,5,1,8400.0,-1139.150026666673
9,5,1,8550.0,-1210.3000283333395
9,5,1,8700.0,-1281.3000300000094
9,5,1,8850.0,-1352.0500316666757
9,5,1,9000.0,-1422.800033333343
9,5,1,9150.0,-1493.5500350000093
9,5,1,9300.0,-1564.3000366666756
9,5,1,9450.0,-1635.0500383333429
9,5,1,9600.0,-1705.8000400000092
9,5,1,9750.0,-1776.5500416666764
9,5,1,9900.0,-1847.3000433333427
9,5,1,10050.0,-1918.050045000009
9,5,1,10200.0,-1988.8000466666763
9,5,1,10350.0,-2055.4227240500195
9,5,1,10500.0,-2112.770722700019
9,5,1,10650.0,-2170.1187213500193
9,5,1,10800.0,-2227.4667200000194
9,5,0,1200.0,2292.3500533333427
9,5,0,1350.0,2220.500051666676
9,5,0,1500.0,2148.6500500000093
9,5,0,1650.0,2076.8000483333426
9,5,0,1800.0,2004.9500466666764
9,5,0,1950.0,1933.1000450000097
9,5,0,2100.0,1861.250043333343
9,5,0,2250.0,1789.4000416666763
9,5,0,2400.0,1717.5500400000096
9,5,0,2550.0,1645.700038333343
9,5,0,2700.0,1573.9333700000047
9,5,0,2850.0,1502.2500350000048
9,5,0,3000.0,1430.5667000000049
9,5,0,3150.0,1358.8833650000047
9,5,0,3300.0,1287.2000300000047
9,5,0,3450.0,1215.5166950000048
9,5,0,3600.0,1143.8333600000049
9,5,0,3750.0,1072.150025000005
9,5,0,3900.0,1000.4666900000047
9,5,0,4050.0,928.7833550000057
9,5,0,4200.0,857.2333533333392
9,5,0,4350.0,785.6833516666725
9,5,0,4500.0,714.133350000006
9,5,0,4650.0,642.583348333339
9,5,0,4800.0,571.0333466666725
9,5,0,4950.0,499.48334500000556
9,5,0,5100.0,427.93334333333905
9,5,0,5250.0,356.5833416666651
9,5,0,5400.0,285.2666733333317
9,5,0,5550.0,213.95000499999833
9,5,0,5700.0,142.63333666666495
9,5,0,5850.0,71.31666833333156
9,5,0,6000.0,-1.3642420526593924e-12
9,5,0,6150.0,-71.31666833333475
9,5,0,6300.0,-142.63333666666813
9,5,0,6450.0,-213.90000499999542
9,5,0,6600.0,-285.08333999999513
9,5,0,6750.0,-356.2666749999953
9,5,0,6900.0,-427.4500099999955
9,5,0,7050.0,-498.6333449999952
9,5,0,7200.0,-569.8166799999954
9,5,0,7350.0,-641.0000149999951
9,5,0,7500.0,-712.1833499999952
9,5,0,7650.0,-783.3666849999954
9,5,0,7800.0,-854.5500199999951
9,5,0,7950.0,-925.7000216666729
9,5,0,8100.0,-996.8500233333398
9,5,0,8250.0,-1068.0000250000062
9,5,0,8400.0,-1139.150026666673
9,5,0,8550.0,-1210.3000283333395
9,5,0,8700.0,-1281.3000300000085
9,5,0,8850.0,-1352.0500316666757
9,5,0,9000.0,-1422.800033333342
9,5,0,9150.0,-1493.5500350000084
9,5,0,9300.0,-1564.3000366666756
9,5,0,9450.0,-1635.050038333342
9,5,0,9600.0,-1705.8000400000092
9,5,0,9750.0,-1776.5500416666755
9,5,0,9900.0,-1847.3000433333418
9,5,0,10050.0,-1918.050045000009
9,5,0,10200.0,-1988.8000466666754
9,5,0,10350.0,-2055.422724050005
9,5,0,10500.0,-2112.7707227000046
9,5,0,10650.0,-2170.1187213500048
9,5,0,10800.0,-2227.466720000005
9,6,6,1200.0,2292.35005333335
9,6,6,1350.0,2220.5000516666832
9,6,6,1500.0,2148.6500500000166
9,6,6,1650.0,2076.80004833335
9,6,6,1800.0,2004.9500466666836
9,6,6,1950.0,1933.100045000017
9,6,6,2100.0,1861.2500433333503
9,6,6,2250.0,1789.4000416666836
9,6,6,2400.0,1717.550040000017
9,6,6,2550.0,1645.7000383333502
9,6,6,2700.0,1573.933370000012
9,6,6,2850.0,1502.250035000012
9,6,6,3000.0,1430.5667000000121
9,6,6,3150.0,1358.883365000012
9,6,6,3300.0,1287.200030000012
9,6,6,3450.0,1215.516695000012
9,6,6,3600.0,1143.8333600000121
9,6,6,3750.0,1072.1500250000122
9,6,6,3900.0,1000.466690000012
9,6,6,4050.0,928.7833550000121
9,6,6,4200.0,857.2333533333249
9,6,6,4350.0,785.6833516666579
9,6,6,4500.0,714.1333499999914
9,6,6,4650.0,642.5833483333249
9,6,6,4800.0,571.033346666658
9,6,6,4950.0,499.48334499999146
9,6,6,5100.0,427.93334333332496
9,6,6,5250.0,356.5833416666651
9,6,6,5400.0,285.2666733333317
9,6,6,5550.0,213.95000499999833
9,6,6,5700.0,142.63333666666495
9,6,6,5850.0,71.31666833333156
9,6,6,6000.0,-1.3642420526593924e-12
9,6,6,6150.0,-71.31666833333475
9,6,6,6300.0,-142.63333666666813
9,6,6,6450.0,-213.9000050000027
9,6,6,6600.0,-285.0833400000024
9,6,6,6750.0,-356.2666750000026
9,6,6,6900.0,-427.45001000000275
9,6,6,7050.0,-498.63334500000246
9,6,6,7200.0,-569.8166800000026
9,6,6,7350.0,-641.0000150000023
9,6,6,7500.0,-712.1833500000025
9,6,6,7650.0,-783.3666850000027
9,6,6,7800.0,-854.5500200000024
9,6,6,7950.0,-925.7000216666875
9,6,6,8100.0,-996.8500233333543
9,6,6,8250.0,-1068.0000250000207
9,6,6,8400.0,-1139.1500266666876
9,6,6,8550.0,-1210.300028333354
9,6,6,8700.0,-1281.3000300000167
9,6,6,8850.0,-1352.050031666684
9,6,6,9000.0,-1422.8000333333503
9,6,6,9150.0,-1493.5500350000175
9,6,6,9300.0,-1564.3000366666838
9,6,6,9450.0,-1635.0500383333501
9,6,6,9600.0,-1705.8000400000174
9,6,6,9750.0,-1776.5500416666837
9,6,6,9900.0,-1847.300043333351
9,6,6,10050.0,-1918.0500450000172
9,6,6,10200.0,-1988.8000466666836
9,6,6,10350.0,-2054.4507240500257
9,6,6,10500.0,-2112.122722700026
9,6,6,10650.0,-2169.7947213500256
9,6,6,10800.0,-2227.466720000026
9,6,5,1200.0,2141.1059478145703
9,6,5,1350.0,2069.92261281457
9,6,5,1500.0,1998.7392778145704
9,6,5,1650.0,1927.5559428145702
9,6,5,1800.0,1856.3726078145703
9,6,5,1950.0,1785.2079455635367
9,6,5,2100.0,1714.0579438968698
9,6,5,2250.0,1642.9079422302034
9,6,5,2400.0,1571.7579405635365
9,6,5,2550.0,1500.6079388968699
9,6,5,2700.0,1429.4579372302032
9,6,5,2850.0,1358.68200855119
9,6,5,3000.0,1287.9320068845234
9,6,5,3150.0,1217.1820052178566
9,6,5,3300.0,1146.43200355119
9,6,5,3450.0,1075.6820018845233
9,6,5,3600.0,1004.9320002178567
9,6,5,3750.0,934.18199855119
9,6,5,3900.0,863.4319968845234
9,6,5,4050.0,792.6819952178566
9,6,5,4200.0,726.8476641862997
9,6,5,4350.0,664.9643291862997
9,6,5,4500.0,603.0809941862997
9,6,5,4650.0,541.1976591862997
9,6,5,4800.0,479.3143241862997
9,6,5,4950.0,417.4309891862997
9,6,5,5100.0,356.48099190000084
9,6,5,5250.0,297.067493250001
9,6,5,5400.0,237.65399460000071
9,6,5,5550.0,178.24049595000088
9,6,5,5700.0,118.82699730000104
9,6,5,5850.0,59.41349865000075
9,6,5,6000.0,9.094947017729282e-13
9,6,5,6150.0,-59.41349864999893
9,6,5,6300.0,-118.82699729999922
9,6,5,6450.0,-178.24049594999906
9,6,5,6600.0,-237.61954519999426
9,6,5,6750.0,-296.9250438499944
9,6,5,6900.0,-356.2305424999945
9,6,5,7050.0,-415.53604114999416
9,6,5,7200.0,-474.8415397999943
9,6,5,7350.0,-534.1470384499944
9,6,5,7500.0,-593.4525370999945
9,6,5,7650.0,-652.7580357499942
9,6,5,7800.0,-712.0635343999943
9,6,5,7950.0,-771.1901806949904
9,6,5,8100.0,-830.2931793449902
9,6,5,8250.0,-889.3961779949905
9,6,5,8400.0,-948.4991766449903
9,6,5,8550.0,-1007.6021752949905
9,6,5,8700.0,-1066.7051739449903
9,6,5,8850.0,-1125.80817259499
9,6,5,9000.0,-1184.8681981233253
9,6,5,9150.0,-1243.8226967733253
9,6,5,9300.0,-1302.7771954233253
9,6,5,9450.0,-1361.7316940733253
9,6,5,9600.0,-1420.6861927233253
9,6,5,9750.0,-1479.6406913733254
9,6,5,9900.0,-1538.5951900233254
9,6,5,10050.0,-1597.5496886733254
9,6,5,10200.0,-1656.5041873233254
9,6,5,10350.0,-1715.4586859733254
9,6,5,10500.0,-1774.413184623325
9,6,5,10650.0,-1833.3676832733254
9,6,5,10800.0,-1891.9709653766658
9,6,4,1200.0,2165.2833321829958
9,6,4,1350.0,2094.0833305163296
9,6,4,1500.0,2022.8833288496626
9,6,4,1650.0,1951.683327182996
9,6,4,1800.0,1880.4833255163294
9,6,4,1950.0,1809.305617343497
9,6,4,2100.0,1738.1556156768302
9,6,4,2250.0,1667.0056140101638
9,6,4,2400.0,1595.855612343497
9,6,4,2550.0,1524.7056106768302
9,6,4,2700.0,1453.5556090101636
9,6,4,2850.0,1382.405607343497
9,6,4,3000.0,1311.5283268002827
9,6,4,3150.0,1240.728325133616
9,6,4,3300.0,1169.9283234669492
9,6,4,3450.0,1099.1283218002825
9,6,4,3600.0,1028.328320133616
9,6,4,3750.0,957.5283184669493
9,6,4,3900.0,886.7283168002825
9,6,4,4050.0,815.9283151336158
9,6,4,4200.0,745.1283134669493
9,6,4,4350.0,674.3283118002828
9,6,4,4500.0,607.8434215019358
9,6,4,4650.0,545.9600865019358
9,6,4,4800.0,484.07675150193586
9,6,4,4950.0,422.19341650193587
9,6,4,5100.0,360.31008150193566
9,6,4,5250.0,298.484993250001
9,6,4,5400.0,238.78799460000118
9,6,4,5550.0,179.0909959500009
9,6,4,5700.0,119.39399730000105
9,6,4,5850.0,59.696998650001206
9,6,4,6000.0,9.094947017729282e-13
9,6,4,6150.0,-59.69699864999893
9,6,4,6300.0,-119.39399729999877
9,6,4,6450.0,-178.80521399499185
9,6,4,6600.0,-238.137712644992
9,6,4,6750.0,-297.47021129499217
9,6,4,6900.0,-356.8027099449919
9,6,4,7050.0,-416.13520859499204
9,6,4,7200.0,-475.4677072449922
9,6,4,7350.0,-534.8002058949919
9,6,4,7500.0,-594.1327045449921
9,6,4,7650.0,-653.4652031949922
9,6,4,7800.0,-712.7977018449919
9,6,4,7950.0,-772.1302004949921
9,6,4,8100.0,-831.3679662633299
9,6,4,8250.0,-890.4709649133301
9,6,4,8400.0,-949.5739635633299
9,6,4,8550.0,-1008.6769622133302
9,6,4,8700.0,-1067.77996086333
9,6,4,8850.0,-1126.8829595133298
9,6,4,9000.0,-1185.98595816333
9,6,4,9150.0,-1245.0090360099916
9,6,4,9300.0,-1304.0175346599917
9,6,4,9450.0,-1363.0260333099918
9,6,4,9600.0,-1422.034531959992
9,6,4,9750.0,-1481.0430306099915
9,6,4,9900.0,-1540.0515292599916
9,6,4,10050.0,-1599.0600279099917
9,6,4,10200.0,-1658.0685265599918
9,6,4,10350.0,-1717.077025209992
9,6,4,10500.0,-1776.0855238599916
9,6,4,10650.0,-1835.094022509992
9,6,4,10800.0,-1893.6219761583243
9,6,3,1200.0,2292.3500533333645
9,6,3,1350.0,2220.500051666698
9,6,3,1500.0,2148.650050000031
9,6,3,1650.0,2076.8000483333644
9,6,3,1800.0,2004.9500466666982
9,6,3,1950.0,1933.1000450000315
9,6,3,2100.0,1861.2500433333648
9,6,3,2250.0,1789.4000416666981
9,6,3,2400.0,1717.5500400000315
9,6,3,2550.0,1645.7000383333648
9,6,3,2700.0,1573.9333700000193
9,6,3,2850.0,1502.2500350000194
9,6,3,3000.0,1430.5667000000194
9,6,3,3150.0,1358.8833650000192
9,6,3,3300.0,1287.2000300000193
9,6,3,3450.0,1215.5166950000194
9,6,3,3600.0,1143.8333600000194
9,6,3,3750.0,1072.1500250000195
9,6,3,3900.0,1000.4666900000193
9,6,3,4050.0,928.7833550000194
9,6,3,4200.0,857.2333533333397
9,6,3,4350.0,785.6833516666729
9,6,3,4500.0,714.1333500000064
9,6,3,4650.0,642.5833483333395
9,6,3,4800.0,571.033346666673
9,6,3,4950.0,499.48334500000647
9,6,3,5100.0,427.9333433333395
9,6,3,5250.0,356.5833416666651
9,6,3,5400.0,285.2666733333317
9,6,3,5550.0,213.95000499999833
9,6,3,5700.0,142.63333666666495
9,6,3,5850.0,71.31666833333156
9,6,3,6000.0,-1.3642420526593924e-12
9,6,3,6150.0,-71.31666833333475
9,6,3,6300.0,-142.63333666666813
9,6,3,6450.0,-213.90000499998814
9,6,3,6600.0,-285.08333999998786
9,6,3,6750.0,-356.266674999988
9,6,3,6900.0,-427.4500099999882
9,6,3,7050.0,-498.6333449999879
9,6,3,7200.0,-569.8166799999881
9,6,3,7350.0,-641.0000149999878
9,6,3,7500.0,-712.183349999988
9,6,3,7650.0,-783.3666849999881
9,6,3,7800.0,-854.5500199999879
9,6,3,7950.0,-925.7000216666584
9,6,3,8100.0,-996.8500233333252
9,6,3,8250.0,-1068.0000249999916
9,6,3,8400.0,-1139.1500266666585
9,6,3,8550.0,-1210.300028333325
9,6,3,8700.0,-1281.3000300000022
9,6,3,8850.0,-1352.0500316666694
9,6,3,9000.0,-1422.8000333333357
9,6,3,9150.0,-1493.550035000003
9,6,3,9300.0,-1564.3000366666693
9,6,3,9450.0,-1635.0500383333356
9,6,3,9600.0,-1705.8000400000028
9,6,3,9750.0,-1776.5500416666691
9,6,3,9900.0,-1847.3000433333364
9,6,3,10050.0,-1918.0500450000027
9,6,3,10200.0,-1988.800046666669
9,6,3,10350.0,-2055.4227240499977
9,6,3,10500.0,-2112.7707226999973
9,6,3,10650.0,-2170.1187213499975
9,6,3,10800.0,-2227.4667199999976
9,6,2,1200.0,2292.3500533333354
9,6,2,1350.0,2220.5000516666687
9,6,2,1500.0,2148.650050000002
9,6,2,1650.0,2076.8000483333353
9,6,2,1800.0,2004.950046666669
9,6,2,1950.0,1933.1000450000024
9,6,2,2100.0,1861.2500433333357
9,6,2,2250.0,1789.400041666669
9,6,2,2400.0,1717.5500400000024
9,6,2,2550.0,1645.7000383333357
9,6,2,2700.0,1573.9333700000047
9,6,2,2850.0,1502.2500350000048
9,6,2,3000.0,1430.5667000000049
9,6,2,3150.0,1358.8833650000047
9,6,2,3300.0,1287.2000300000047
9,6,2,3450.0,1215.5166950000048
9,6,2,3600.0,1143.8333600000049
9,6,2,3750.0,1072.150025000005
9,6,2,3900.0,1000.4666900000047
9,6,2,4050.0,928.7833550000057
9,6,2,4200.0,857.2333533333392
9,6,2,4350.0,785.6833516666725
9,6,2,4500.0,714.133350000006
9,6,2,4650.0,642.583348333339
9,6,2,4800.0,571.0333466666725
9,6,2,4950.0,499.48334500000556
9,6,2,5100.0,427.93334333333905
9,6,2,5250.0,356.5833416666651
9,6,2,5400.0,285.2666733333317
9,6,2,5550.0,213.95000499999833
9,6,2,5700.0,142.63333666666495
9,6,2,5850.0,71.31666833333156
9,6,2,6000.0,-1.3642420526593924e-12
9,6,2,6150.0,-71.31666833333475
9,6,2,6300.0,-142.63333666666813
9,6,2,6450.0,-213.90000500000997
9,6,2,6600.0,-285.0833400000097
9,6,2,6750.0,-356.26667500000985
9,6,2,6900.0,-427.45001000001
9,6,2,7050.0,-498.63334500000974
9,6,2,7200.0,-569.8166800000099
9,6,2,7350.0,-641.0000150000096
9,6,2,7500.0,-712.1833500000098
9,6,2,7650.0,-783.36668500001
9,6,2,7800.0,-854.5500200000097
9,6,2,7950.0,-925.7000216666947
9,6,2,8100.0,-996.8500233333616
9,6,2,8250.0,-1068.000025000028
9,6,2,8400.0,-1139.1500266666949
9,6,2,8550.0,-1210.3000283333613
9,6,2,8700.0,-1281.300030000024
9,6,2,8850.0,-1352.0500316666903
9,6,2,9000.0,-1422.8000333333575
9,6,2,9150.0,-1493.5500350000239
9,6,2,9300.0,-1564.3000366666902
9,6,2,9450.0,-1635.0500383333574
9,6,2,9600.0,-1705.8000400000237
9,6,2,9750.0,-1776.550041666691
9,6,2,9900.0,-1847.3000433333573
9,6,2,10050.0,-1918.0500450000236
9,6,2,10200.0,-1988.8000466666908
9,6,2,10350.0,-2054.45072405004
9,6,2,10500.0,-2112.1227227000404
9,6,2,10650.0,-2169.79472135004
9,6,2,10800.0,-2227.4667200000404
9,6,1,1200.0,2292.3500533333354
9,6,1,1350.0,2220.5000516666687
9,6,1,1500.0,2148.650050000002
9,6,1,1650.0,2076.8000483333353
9,6,1,1800.0,2004.950046666669
9,6,1,1950.0,1933.1000450000024
9,6,1,2100.0,1861.2500433333357
9,6,1,2250.0,1789.400041666669
9,6,1,2400.0,1717.5500400000024
9,6,1,2550.0,1645.7000383333357
9,6,1,2700.0,1573.9333700000047
9,6,1,2850.0,1502.2500350000048
9,6,1,3000.0,1430.5667000000049
9,6,1,3150.0,1358.8833650000047
9,6,1,3300.0,1287.2000300000047
9,6,1,3450.0,1215.5166950000048
9,6,1,3600.0,1143.8333600000049
9,6,1,3750.0,1072.150025000005
9,6,1,3900.0,1000.4666900000047
9,6,1,4050.0,928.7833550000048
9,6,1,4200.0,857.1000200000049
9,6,1,4350.0,785.4166850000047
9,6,1,4500.0,713.8666833333364
9,6,1,4650.0,642.4500150000031
9,6,1,4800.0,571.0333466666693
9,6,1,4950.0,499.61667833333604
9,6,1,5100.0,428.20001000000275
9,6,1,5250.0,356.78334166666946
9,6,1,5400.0,285.36667333333617
9,6,1,5550.0,213.95000500000288
9,6,1,5700.0,142.63333666666495
9,6,1,5850.0,71.31666833333156
9,6,1,6000.0,-1.3642420526593924e-12
9,6,1,6150.0,-71.31666833333475
9,6,1,6300.0,-142.63333666666813
9,6,1,6450.0,-213.9000050000027
9,6,1,6600.0,-285.0833400000024
9,6,1,6750.0,-356.2666750000026
9,6,1,6900.0,-427.45001000000275
9,6,1,7050.0,-498.63334500000246
9,6,1,7200.0,-569.8166800000026
9,6,1,7350.0,-641.0000150000023
9,6,1,7500.0,-712.1833500000025
9,6,1,7650.0,-783.3666850000027
9,6,1,7800.0,-854.5500200000024
9,6,1,7950.0,-925.7000216666802
9,6,1,8100.0,-996.850023333347
9,6,1,8250.0,-1068.0000250000135
9,6,1,8400.0,-1139.1500266666803
9,6,1,8550.0,-1210.3000283333467
9,6,1,8700.0,-1281.3000300000094
9,6,1,8850.0,-1352.0500316666757
9,6,1,9000.0,-1422.800033333343
9,6,1,9150.0,-1493.5500350000093
9,6,1,9300.0,-1564.3000366666756
9,6,1,9450.0,-1635.0500383333429
9,6,1,9600.0,-1705.8000400000092
9,6,1,9750.0,-1776.5500416666764
9,6,1,9900.0,-1847.3000433333427
9,6,1,10050.0,-1918.050045000009
9,6,1,10200.0,-1988.8000466666763
9,6,1,10350.0,-2055.4227240500195
9,6,1,10500.0,-2112.770722700019
9,6,1,10650.0,-2170.1187213500193
9,6,1,10800.0,-2227.4667200000194
9,6,0,1200.0,2292.3500533333645
9,6,0,1350.0,2220.500051666698
9,6,0,1500.0,2148.650050000031
9,6,0,1650.0,2076.8000483333644
9,6,0,1800.0,2004.9500466666982
9,6,0,1950.0,1933.1000450000315
9,6,0,2100.0,1861.2500433333648
9,6,0,2250.0,1789.4000416666981
9,6,0,2400.0,1717.5500400000315
9,6,0,2550.0,1645.7000383333648
9,6,0,2700.0,1573.933370000012
9,6,0,2850.0,1502.250035000012
9,6,0,3000.0,1430.5667000000121
9,6,0,3150.0,1358.883365000012
9,6,0,3300.0,1287.200030000012
9,6,0,3450.0,1215.516695000012
9,6,0,3600.0,1143.8333600000121
9,6,0,3750.0,1072.1500250000122
9,6,0,3900.0,1000.466690000012
9,6,0,4050.0,928.783355000013
9,6,0,4200.0,857.2333533333465
9,6,0,4350.0,785.6833516666798
9,6,0,4500.0,714.1333500000133
9,6,0,4650.0,642.5833483333463
9,6,0,4800.0,571.0333466666798
9,6,0,4950.0,499.48334500001283
9,6,0,5100.0,427.93334333334633
9,6,0,5250.0,356.5833416666651
9,6,0,5400.0,285.2666733333317
9,6,0,5550.0,213.95000499999833
9,6,0,5700.0,142.63333666666495
9,6,0,5850.0,71.31666833333156
9,6,0,6000.0,-1.3642420526593924e-12
9,6,0,6150.0,-71.31666833333475
9,6,0,6300.0,-142.63333666666813
9,6,0,6450.0,-213.9000050000027
9,6,0,6600.0,-285.0833400000024
9,6,0,6750.0,-356.2666750000026
9,6,0,6900.0,-427.45001000000275
9,6,0,7050.0,-498.63334500000246
9,6,0,7200.0,-569.8166800000026
9,6,0,7350.0,-641.0000150000023
9,6,0,7500.0,-712.1833500000025
9,6,0,7650.0,-783.3666850000027
9,6,0,7800.0,-854.5500199999992
9,6,0,7950.0,-925.7000216666656
9,6,0,8100.0,-996.8500233333325
9,6,0,8250.0,-1068.000024999999
9,6,0,8400.0,-1139.1500266666658
9,6,0,8550.0,-1210.3000283333322
9,6,0,8700.0,-1281.3000300000022
9,6,0,8850.0,-1352.0500316666694
9,6,0,9000.0,-1422.8000333333357
9,6,0,9150.0,-1493.550035000003
9,6,0,9300.0,-1564.3000366666693
9,6,0,9450.0,-1635.0500383333356
9,6,0,9600.0,-1705.8000400000028
9,6,0,9750.0,-1776.5500416666691
9,6,0,9900.0,-1847.3000433333364
9,6,0,10050.0,-1918.0500450000027
9,6,0,10200.0,-1988.800046666669
9,6,0,10350.0,-2055.4227240500127
9,6,0,10500.0,-2112.770722700013
9,6,0,10650.0,-2170.1187213500125
9,6,0,10800.0,-2227.466720000013
9,7,6,1200.0,2292.35005333335
9,7,6,1350.0,2220.5000516666832
9,7,6,1500.0,2148.6500500000166
9,7,6,1650.0,2076.80004833335
9,7,6,1800.0,2004.9500466666836
9,7,6,1950.0,1933.100045000017
9,7,6,2100.0,1861.2500433333503
9,7,6,2250.0,1789.4000416666836
9,7,6,2400.0,1717.550040000017
9,7,6,2550.0,1645.7000383333502
9,7,6,2700.0,1573.9333700000193
9,7,6,2850.0,1502.2500350000194
9,7,6,3000.0,1430.5667000000194
9,7,6,3150.0,1358.8833650000192
9,7,6,3300.0,1287.2000300000193
9,7,6,3450.0,1215.5166950000194
9,7,6,3600.0,1143.8333600000194
9,7,6,3750.0,1072.1500250000195
9,7,6,3900.0,1000.4666900000193
9,7,6,4050.0,928.7833550000194
9,7,6,4200.0,857.1000200000194
9,7,6,4350.0,785.4166850000192
9,7,6,4500.0,713.8666833333432
9,7,6,4650.0,642.4500150000099
9,7,6,4800.0,571.0333466666766
9,7,6,4950.0,499.6166783333433
9,7,6,5100.0,428.20001000001
9,7,6,5250.0,356.78334166667673
9,7,6,5400.0,285.366673333343
9,7,6,5550.0,213.9500050000097
9,7,6,5700.0,142.63333666666495
9,7,6,5850.0,71.31666833333156
9,7,6,6000.0,-1.3642420526593924e-12
9,7,6,6150.0,-71.31666833333475
9,7,6,6300.0,-142.63333666666813
9,7,6,6450.0,-213.90000499998087
9,7,6,6600.0,-285.0833399999806
9,7,6,6750.0,-356.26667499998075
9,7,6,6900.0,-427.4500099999809
9,7,6,7050.0,-498.63334499998064
9,7,6,7200.0,-569.8166799999808
9,7,6,7350.0,-641.0000149999805
9,7,6,7500.0,-712.1833499999807
9,7,6,7650.0,-783.3666849999809
9,7,6,7800.0,-854.5500199999806
9,7,6,7950.0,-925.7000216666584
9,7,6,8100.0,-996.8500233333252
9,7,6,8250.0,-1068.0000249999916
9,7,6,8400.0,-1139.1500266666585
9,7,6,8550.0,-1210.300028333325
9,7,6,8700.0,-1281.3000299999949
9,7,6,8850.0,-1352.050031666662
9,7,6,9000.0,-1422.8000333333284
9,7,6,9150.0,-1493.5500349999957
9,7,6,9300.0,-1564.300036666662
9,7,6,9450.0,-1635.0500383333283
9,7,6,9600.0,-1705.8000399999955
9,7,6,9750.0,-1776.5500416666619
9,7,6,9900.0,-1847.300043333329
9,7,6,10050.0,-1918.0500449999954
9,7,6,10200.0,-1988.8000466666617
9,7,6,10350.0,-2055.422724050012
9,7,6,10500.0,-2112.770722700012
9,7,6,10650.0,-2170.118721350012
9,7,6,10800.0,-2227.466720000012
9,7,5,1200.0,2038.6182355634571
9,7,5,1350.0,1967.4682338967905
9,7,5,1500.0,1896.5512791437052
9,7,5,1650.0,1825.8012774770386
9,7,5,1800.0,1755.0512758103719
9,7,5,1950.0,1684.301274143705
9,7,5,2100.0,1613.5512724770385
9,7,5,2250.0,1542.8012708103718
9,7,5,2400.0,1472.0512691437052
9,7,5,2550.0,1401.3012674770384
9,7,5,2700.0,1330.551265810372
9,7,5,2850.0,1259.801264143705
9,7,5,3000.0,1192.3145172049997
9,7,5,3150.0,1132.3880185549995
9,7,5,3300.0,1072.4615199049995
9,7,5,3450.0,1012.5350212549995
9,7,5,3600.0,952.6085226049995
9,7,5,3750.0,892.6820239549995
9,7,5,3900.0,832.7555253049995
9,7,5,4050.0,772.8290266549996
9,7,5,4200.0,712.9025280049996
9,7,5,4350.0,652.9940776299959
9,7,5,4500.0,593.5805789799958
9,7,5,4650.0,534.1670803299958
9,7,5,4800.0,474.75358167999593
9,7,5,4950.0,415.34008302999587
9,7,5,5100.0,355.9265843799958
9,7,5,5250.0,296.52749325000104
9,7,5,5400.0,237.22199460000093
9,7,5,5550.0,177.9164959500008
9,7,5,5700.0,118.61099730000069
9,7,5,5850.0,59.30549865000103
9,7,5,6000.0,9.094947017729282e-13
9,7,5,6150.0,-59.30549864999921
9,7,5,6300.0,-118.61099729999933
9,7,5,6450.0,-177.916495949999
9,7,5,6600.0,-237.2219945999991
9,7,5,6750.0,-296.340690239997
9,7,5,6900.0,-355.38968888999716
9,7,5,7050.0,-414.43868753999686
9,7,5,7200.0,-473.487686189997
9,7,5,7350.0,-532.5366848399972
9,7,5,7500.0,-591.5856834899969
9,7,5,7650.0,-650.634682139997
9,7,5,7800.0,-709.6836807899972
9,7,5,7950.0,-768.7326794399969
9,7,5,8100.0,-827.7078012716597
9,7,5,8250.0,-886.6622999216597
9,7,5,8400.0,-945.6167985716597
9,7,5,8550.0,-1004.5712972216597
9,7,5,8700.0,-1063.5257958716597
9,7,5,8850.0,-1122.4802945216597
9,7,5,9000.0,-1181.4347931716597
9,7,5,9150.0,-1240.3021934766607
9,7,5,9300.0,-1299.1621921266606
9,7,5,9450.0,-1358.0221907766609
9,7,5,9600.0,-1416.8821894266607
9,7,5,9750.0,-1475.7421880766606
9,7,5,9900.0,-1534.6021867266609
9,7,5,10050.0,-1593.4621853766607
9,7,5,10200.0,-1652.3221840266606
9,7,5,10350.0,-1711.182182676661
9,7,5,10500.0,-1770.0421813266603
9,7,5,10650.0,-1828.9021799766606
9,7,5,10800.0,-1887.4240733449924
9,7,4,1200.0,2051.338253842512
9,7,4,1350.0,1980.1882521758453
9,7,4,1500.0,1909.0382505091786
9,7,4,1650.0,1838.0924434104188
9,7,4,1800.0,1767.3424417437523
9,7,4,1950.0,1696.5924400770855
9,7,4,2100.0,1625.8424384104187
9,7,4,2250.0,1555.0924367437522
9,7,4,2400.0,1484.3424350770854
9,7,4,2550.0,1413.5924334104188
9,7,4,2700.0,1342.842431743752
9,7,4,2850.0,1272.0924300770855
9,7,4,3000.0,1202.543741332234
9,7,4,3150.0,1140.660406332234
9,7,4,3300.0,1078.777071332234
9,7,4,3450.0,1016.8937363322341
9,7,4,3600.0,955.0104013322341
9,7,4,3750.0,893.1270663322341
9,7,4,3900.0,831.3560694733374
9,7,4,4050.0,771.9425708233373
9,7,4,4200.0,712.5290721733372
9,7,4,4350.0,653.1155735233374
9,7,4,4500.0,593.7020748733373
9,7,4,4650.0,534.2885762233373
9,7,4,4800.0,474.8750775733374
9,7,4,4950.0,415.46157892333736
9,7,4,5100.0,356.0480802733373
9,7,4,5250.0,296.63458162333745
9,7,4,5400.0,237.22199460000093
9,7,4,5550.0,177.9164959500008
9,7,4,5700.0,118.61099730000069
9,7,4,5850.0,59.30549865000103
9,7,4,6000.0,9.094947017729282e-13
9,7,4,6150.0,-59.30549864999921
9,7,4,6300.0,-118.61099729999933
9,7,4,6450.0,-177.916495949999
9,7,4,6600.0,-237.2219945999991
9,7,4,6750.0,-296.4342447883305
9,7,4,6900.0,-355.5372434383303
9,7,4,7050.0,-414.6402420883305
9,7,4,7200.0,-473.7432407383303
9,7,4,7350.0,-532.8462393883306
9,7,4,7500.0,-591.9492380383303
9,7,4,7650.0,-651.0522366883306
9,7,4,7800.0,-710.1552353383304
9,7,4,7950.0,-769.152685388327
9,7,4,8100.0,-828.107184038327
9,7,4,8250.0,-887.061682688327
9,7,4,8400.0,-946.016181338327
9,7,4,8550.0,-1004.970679988327
9,7,4,8700.0,-1063.925178638327
9,7,4,8850.0,-1122.879677288327
9,7,4,9000.0,-1181.834175938327
9,7,4,9150.0,-1240.788674588327
9,7,4,9300.0,-1299.6534420333273
9,7,4,9450.0,-1358.5134406833276
9,7,4,9600.0,-1417.3734393333275
9,7,4,9750.0,-1476.2334379833273
9,7,4,9900.0,-1535.0934366333277
9,7,4,10050.0,-1593.9534352833275
9,7,4,10200.0,-1652.8134339333274
9,7,4,10350.0,-1711.6734325833277
9,7,4,10500.0,-1770.533431233327
9,7,4,10650.0,-1829.3934298833274
9,7,4,10800.0,-1887.9739425199923
9,7,3,1200.0,2292.3500533333354
9,7,3,1350.0,2220.5000516666687
9,7,3,1500.0,2148.650050000002
9,7,3,1650.0,2076.8000483333353
9,7,3,1800.0,2004.950046666669
9,7,3,1950.0,1933.1000450000024
9,7,3,2100.0,1861.2500433333357
9,7,3,2250.0,1789.400041666669
9,7,3,2400.0,1717.5500400000024
9,7,3,2550.0,1645.7000383333357
9,7,3,2700.0,1573.9333700000047
9,7,3,2850.0,1502.2500350000048
9,7,3,3000.0,1430.5667000000049
9,7,3,3150.0,1358.8833650000047
9,7,3,3300.0,1287.2000300000047
9,7,3,3450.0,1215.5166950000048
9,7,3,3600.0,1143.8333600000049
9,7,3,3750.0,1072.150025000005
9,7,3,3900.0,1000.4666900000047
9,7,3,4050.0,928.7833550000059
9,7,3,4200.0,857.2333533333394
9,7,3,4350.0,785.6833516666725
9,7,3,4500.0,714.133350000006
9,7,3,4650.0,642.5833483333395
9,7,3,4800.0,571.0333466666725
9,7,3,4950.0,499.483345000006
9,7,3,5100.0,427.9333433333395
9,7,3,5250.0,356.5833416666651
9,7,3,5400.0,285.2666733333317
9,7,3,5550.0,213.95000499999833
9,7,3,5700.0,142.63333666666495
9,7,3,5850.0,71.31666833333156
9,7,3,6000.0,-1.3642420526593924e-12
9,7,3,6150.0,-71.31666833333475
9,7,3,6300.0,-142.63333666666813
9,7,3,6450.0,-213.9000050000027
9,7,3,6600.0,-285.0833400000024
9,7,3,6750.0,-356.2666750000026
9,7,3,6900.0,-427.45001000000275
9,7,3,7050.0,-498.63334500000246
9,7,3,7200.0,-569.8166800000026
9,7,3,7350.0,-641.0000150000023
9,7,3,7500.0,-712.1833500000025
9,7,3,7650.0,-783.3666850000027
9,7,3,7800.0,-854.5500200000024
9,7,3,7950.0,-925.7000216666729
9,7,3,8100.0,-996.8500233333398
9,7,3,8250.0,-1068.0000250000062
9,7,3,8400.0,-1139.150026666673
9,7,3,8550.0,-1210.3000283333395
9,7,3,8700.0,-1281.3000300000167
9,7,3,8850.0,-1352.050031666684
9,7,3,9000.0,-1422.8000333333503
9,7,3,9150.0,-1493.5500350000175
9,7,3,9300.0,-1564.3000366666838
9,7,3,9450.0,-1635.0500383333501
9,7,3,9600.0,-1705.8000400000174
9,7,3,9750.0,-1776.5500416666837
9,7,3,9900.0,-1847.300043333351
9,7,3,10050.0,-1918.0500450000172
9,7,3,10200.0,-1988.8000466666836
9,7,3,10350.0,-2055.4227240500195
9,7,3,10500.0,-2112.770722700019
9,7,3,10650.0,-2170.1187213500193
9,7,3,10800.0,-2227.4667200000194
9,7,2,1200.0,2292.35005333335
9,7,2,1350.0,2220.5000516666832
9,7,2,1500.0,2148.6500500000166
9,7,2,1650.0,2076.80004833335
9,7,2,1800.0,2004.9500466666836
9,7,2,1950.0,1933.100045000017
9,7,2,2100.0,1861.2500433333503
9,7,2,2250.0,1789.4000416666836
9,7,2,2400.0,1717.550040000017
9,7,2,2550.0,1645.7000383333502
9,7,2,2700.0,1573.9333700000047
9,7,2,2850.0,1502.2500350000048
9,7,2,3000.0,1430.5667000000049
9,7,2,3150.0,1358.8833650000047
9,7,2,3300.0,1287.2000300000047
9,7,2,3450.0,1215.5166950000048
9,7,2,3600.0,1143.8333600000049
9,7,2,3750.0,1072.150025000005
9,7,2,3900.0,1000.4666900000047
9,7,2,4050.0,928.7833550000048
9,7,2,4200.0,857.2333533333319
9,7,2,4350.0,785.6833516666652
9,7,2,4500.0,714.1333499999987
9,7,2,4650.0,642.5833483333317
9,7,2,4800.0,571.0333466666652
9,7,2,4950.0,499.4833449999983
9,7,2,5100.0,427.9333433333318
9,7,2,5250.0,356.5833416666651
9,7,2,5400.0,285.2666733333317
9,7,2,5550.0,213.95000499999833
9,7,2,5700.0,142.63333666666495
9,7,2,5850.0,71.31666833333156
9,7,2,6000.0,-1.3642420526593924e-12
9,7,2,6150.0,-71.31666833333475
9,7,2,6300.0,-142.63333666666813
9,7,2,6450.0,-213.90000500001725
9,7,2,6600.0,-285.08334000001696
9,7,2,6750.0,-356.26667500001713
9,7,2,6900.0,-427.4500100000173
9,7,2,7050.0,-498.633345000017
9,7,2,7200.0,-569.8166800000172
9,7,2,7350.0,-641.0000150000169
9,7,2,7500.0,-712.1833500000171
9,7,2,7650.0,-783.3666850000172
9,7,2,7800.0,-854.5500200000138
9,7,2,7950.0,-925.7000216666802
9,7,2,8100.0,-996.850023333347
9,7,2,8250.0,-1068.0000250000135
9,7,2,8400.0,-1139.1500266666803
9,7,2,8550.0,-1210.3000283333467
9,7,2,8700.0,-1281.3000300000085
9,7,2,8850.0,-1352.0500316666757
9,7,2,9000.0,-1422.800033333342
9,7,2,9150.0,-1493.5500350000084
9,7,2,9300.0,-1564.3000366666756
9,7,2,9450.0,-1635.050038333342
9,7,2,9600.0,-1705.8000400000092
9,7,2,9750.0,-1776.5500416666755
9,7,2,9900.0,-1847.3000433333418
9,7,2,10050.0,-1918.050045000009
9,7,2,10200.0,-1988.8000466666754
9,7,2,10350.0,-2055.4227240500195
9,7,2,10500.0,-2112.770722700019
9,7,2,10650.0,-2170.1187213500193
9,7,2,10800.0,-2227.4667200000194
9,7,1,1200.0,2292.3500533333354
9,7,1,1350.0,2220.5000516666687
9,7,1,1500.0,2148.650050000002
9,7,1,1650.0,2076.8000483333353
9,7,1,1800.0,2004.950046666669
9,7,1,1950.0,1933.1000450000024
9,7,1,2100.0,1861.2500433333357
9,7,1,2250.0,1789.400041666669
9,7,1,2400.0,1717.5500400000024
9,7,1,2550.0,1645.7000383333357
9,7,1,2700.0,1573.9333699999902
9,7,1,2850.0,1502.2500349999902
9,7,1,3000.0,1430.5666999999903
9,7,1,3150.0,1358.8833649999901
9,7,1,3300.0,1287.2000299999902
9,7,1,3450.0,1215.5166949999902
9,7,1,3600.0,1143.8333599999903
9,7,1,3750.0,1072.1500249999904
9,7,1,3900.0,1000.4666899999902
9,7,1,4050.0,928.7833549999903
9,7,1,4200.0,857.1000199999903
9,7,1,4350.0,785.4166849999901
9,7,1,4500.0,713.8666833333359
9,7,1,4650.0,642.4500150000026
9,7,1,4800.0,571.0333466666693
9,7,1,4950.0,499.61667833333604
9,7,1,5100.0,428.20001000000275
9,7,1,5250.0,356.78334166666946
9,7,1,5400.0,285.3666733333357
9,7,1,5550.0,213.95000500000242
9,7,1,5700.0,142.63333666666495
9,7,1,5850.0,71.31666833333156
9,7,1,6000.0,-1.3642420526593924e-12
9,7,1,6150.0,-71.31666833333475
9,7,1,6300.0,-142.63333666666813
9,7,1,6450.0,-213.90000499999542
9,7,1,6600.0,-285.08333999999513
9,7,1,6750.0,-356.2666749999953
9,7,1,6900.0,-427.4500099999955
9,7,1,7050.0,-498.6333449999952
9,7,1,7200.0,-569.8166799999954
9,7,1,7350.0,-641.0000149999951
9,7,1,7500.0,-712.1833499999952
9,7,1,7650.0,-783.3666849999954
9,7,1,7800.0,-854.5500199999951
9,7,1,7950.0,-925.7000216666729
9,7,1,8100.0,-996.8500233333398
9,7,1,8250.0,-1068.0000250000062
9,7,1,8400.0,-1139.150026666673
9,7,1,8550.0,-1210.3000283333395
9,7,1,8700.0,-1281.3000300000085
9,7,1,8850.0,-1352.0500316666757
9,7,1,9000.0,-1422.800033333342
9,7,1,9150.0,-1493.5500350000084
9,7,1,9300.0,-1564.3000366666756
9,7,1,9450.0,-1635.050038333342
9,7,1,9600.0,-1705.8000400000092
9,7,1,9750.0,-1776.5500416666755
9,7,1,9900.0,-1847.3000433333418
9,7,1,10050.0,-1918.050045000009
9,7,1,10200.0,-1988.8000466666754
9,7,1,10350.0,-2055.422724050012
9,7,1,10500.0,-2112.770722700012
9,7,1,10650.0,-2170.118721350012
9,7,1,10800.0,-2227.466720000012
9,7,0,1200.0,2292.3500533333645
9,7,0,1350.0,2220.500051666698
9,7,0,1500.0,2148.650050000031
9,7,0,1650.0,2076.8000483333644
9,7,0,1800.0,2004.9500466666982
9,7,0,1950.0,1933.1000450000315
9,7,0,2100.0,1861.2500433333648
9,7,0,2250.0,1789.4000416666981
9,7,0,2400.0,1717.5500400000315
9,7,0,2550.0,1645.7000383333648
9,7,0,2700.0,1573.933370000019
9,7,0,2850.0,1502.2500350000191
9,7,0,3000.0,1430.5667000000192
9,7,0,3150.0,1358.8833650000192
9,7,0,3300.0,1287.200030000019
9,7,0,3450.0,1215.5166950000191
9,7,0,3600.0,1143.8333600000192
9,7,0,3750.0,1072.1500250000192
9,7,0,3900.0,1000.4666900000191
9,7,0,4050.0,928.7833550000191
9,7,0,4200.0,857.2333533333465
9,7,0,4350.0,785.6833516666798
9,7,0,4500.0,714.1333500000133
9,7,0,4650.0,642.5833483333463
9,7,0,4800.0,571.0333466666798
9,7,0,4950.0,499.48334500001283
9,7,0,5100.0,427.93334333334633
9,7,0,5250.0,356.5833416666651
9,7,0,5400.0,285.2666733333317
9,7,0,5550.0,213.95000499999833
9,7,0,5700.0,142.63333666666495
9,7,0,5850.0,71.31666833333156
9,7,0,6000.0,-1.3642420526593924e-12
9,7,0,6150.0,-71.31666833333475
9,7,0,6300.0,-142.63333666666813
9,7,0,6450.0,-213.90000499998814
9,7,0,6600.0,-285.08333999998786
9,7,0,6750.0,-356.266674999988
9,7,0,6900.0,-427.4500099999882
9,7,0,7050.0,-498.6333449999879
9,7,0,7200.0,-569.8166799999881
9,7,0,7350.0,-641.0000149999878
9,7,0,7500.0,-712.183349999988
9,7,0,7650.0,-783.3666849999881
9,7,0,7800.0,-854.5500199999879
9,7,0,7950.0,-925.7000216666584
9,7,0,8100.0,-996.8500233333252
9,7,0,8250.0,-1068.0000249999916
9,7,0,8400.0,-1139.1500266666585
9,7,0,8550.0,-1210.300028333325
9,7,0,8700.0,-1281.3000300000022
9,7,0,8850.0,-1352.0500316666685
9,7,0,9000.0,-1422.8000333333357
9,7,0,9150.0,-1493.550035000002
9,7,0,9300.0,-1564.3000366666683
9,7,0,9450.0,-1635.0500383333356
9,7,0,9600.0,-1705.800040000002
9,7,0,9750.0,-1776.5500416666691
9,7,0,9900.0,-1847.3000433333355
9,7,0,10050.0,-1918.0500450000018
9,7,0,10200.0,-1988.800046666669
9,7,0,10350.0,-2055.422724050012
9,7,0,10500.0,-2112.770722700012
9,7,0,10650.0,-2170.118721350012
9,7,0,10800.0,-2227.466720000012
9,8,6,1200.0,2292.3500533333427
9,8,6,1350.0,2220.500051666676
9,8,6,1500.0,2148.6500500000093
9,8,6,1650.0,2076.8000483333426
9,8,6,1800.0,2004.9500466666764
9,8,6,1950.0,1933.1000450000097
9,8,6,2100.0,1861.250043333343
9,8,6,2250.0,1789.4000416666763
9,8,6,2400.0,1717.5500400000096
9,8,6,2550.0,1645.700038333343
9,8,6,2700.0,1573.9333700000047
9,8,6,2850.0,1502.2500350000048
9,8,6,3000.0,1430.5667000000049
9,8,6,3150.0,1358.8833650000047
9,8,6,3300.0,1287.2000300000047
9,8,6,3450.0,1215.5166950000048
9,8,6,3600.0,1143.8333600000049
9,8,6,3750.0,1072.150025000005
9,8,6,3900.0,1000.4666900000047
9,8,6,4050.0,928.7833550000048
9,8,6,4200.0,857.1000200000049
9,8,6,4350.0,785.4166850000047
9,8,6,4500.0,713.8666833333364
9,8,6,4650.0,642.4500150000031
9,8,6,4800.0,571.0333466666693
9,8,6,4950.0,499.61667833333604
9,8,6,5100.0,428.20001000000275
9,8,6,5250.0,356.78334166666946
9,8,6,5400.0,285.36667333333617
9,8,6,5550.0,213.95000500000288
9,8,6,5700.0,142.63333666666495
9,8,6,5850.0,71.31666833333156
9,8,6,6000.0,-1.3642420526593924e-12
9,8,6,6150.0,-71.31666833333475
9,8,6,6300.0,-142.63333666666813
9,8,6,6450.0,-213.9000050000027
9,8,6,6600.0,-285.0833400000024
9,8,6,6750.0,-356.2666750000026
9,8,6,6900.0,-427.45001000000275
9,8,6,7050.0,-498.63334500000246
9,8,6,7200.0,-569.8166800000026
9,8,6,7350.0,-641.0000150000023
9,8,6,7500.0,-712.1833500000025
9,8,6,7650.0,-783.3666850000027
9,8,6,7800.0,-854.5500200000024
9,8,6,7950.0,-925.7000216666729
9,8,6,8100.0,-996.8500233333398
9,8,6,8250.0,-1068.0000250000062
9,8,6,8400.0,-1139.150026666673
9,8,6,8550.0,-1210.3000283333395
9,8,6,8700.0,-1281.3000300000085
9,8,6,8850.0,-1352.0500316666757
9,8,6,9000.0,-1422.800033333342
9,8,6,9150.0,-1493.5500350000084
9,8,6,9300.0,-1564.3000366666756
9,8,6,9450.0,-1635.050038333342
9,8,6,9600.0,-1705.8000400000092
9,8,6,9750.0,-1776.5500416666755
9,8,6,9900.0,-1847.3000433333418
9,8,6,10050.0,-1918.050045000009
9,8,6,10200.0,-1988.8000466666754
9,8,6,10350.0,-2055.422724050012
9,8,6,10500.0,-2112.770722700012
9,8,6,10650.0,-2170.118721350012
9,8,6,10800.0,-2227.466720000012
9,8,5,1200.0,2055.9021423557697
9,8,5,1350.0,1984.7521406891028
9,8,5,1500.0,1913.6021390224362
9,8,5,1650.0,1842.550232318731
9,8,5,1800.0,1771.8002306520643
9,8,5,1950.0,1701.0502289853978
9,8,5,2100.0,1630.3002273187312
9,8,5,2250.0,1559.5502256520645
9,8,5,2400.0,1488.8002239853977
9,8,5,2550.0,1418.0502223187311
9,8,5,2700.0,1347.3002206520644
9,8,5,2850.0,1276.5502189853978
9,8,5,3000.0,1205.8002173187313
9,8,5,3150.0,1142.1406128264064
9,8,5,3300.0,1080.2572778264064
9,8,5,3450.0,1018.3739428264064
9,8,5,3600.0,956.4906078264064
9,8,5,3750.0,894.6072728264064
9,8,5,3900.0,833.5272061550036
9,8,5,4050.0,773.8302075050037
9,8,5,4200.0,714.1332088550037
9,8,5,4350.0,654.4362102050036
9,8,5,4500.0,594.7392115550037
9,8,5,4650.0,535.0422129050037
9,8,5,4800.0,475.3452142550036
9,8,5,4950.0,415.64821560500354
9,8,5,5100.0,355.9949918999996
9,8,5,5250.0,296.66249324999944
9,8,5,5400.0,237.32999459999974
9,8,5,5550.0,177.99749594999957
9,8,5,5700.0,118.66499729999941
9,8,5,5850.0,59.33249864999971
9,8,5,6000.0,-4.547473508864641e-13
9,8,5,6150.0,-59.332498650000616
9,8,5,6300.0,-118.66499730000032
9,8,5,6450.0,-177.99749595000048
9,8,5,6600.0,-237.3089872666701
9,8,5,6750.0,-296.56048591667013
9,8,5,6900.0,-355.81198456667016
9,8,5,7050.0,-415.0634832166702
9,8,5,7200.0,-474.3149818666702
9,8,5,7350.0,-533.5664805166703
9,8,5,7500.0,-592.8179791666703
9,8,5,7650.0,-651.9147271083389
9,8,5,7800.0,-710.963725758339
9,8,5,7950.0,-770.0127244083387
9,8,5,8100.0,-829.0617230583389
9,8,5,8250.0,-888.110721708339
9,8,5,8400.0,-947.1597203583387
9,8,5,8550.0,-1006.2087190083389
9,8,5,8700.0,-1065.257717658339
9,8,5,8850.0,-1124.3067163083388
9,8,5,9000.0,-1183.307329073335
9,8,5,9150.0,-1242.261827723335
9,8,5,9300.0,-1301.216326373335
9,8,5,9450.0,-1360.170825023335
9,8,5,9600.0,-1419.125323673335
9,8,5,9750.0,-1478.079822323335
9,8,5,9900.0,-1537.034320973335
9,8,5,10050.0,-1595.988819623335
9,8,5,10200.0,-1654.943318273335
9,8,5,10350.0,-1713.897816923335
9,8,5,10500.0,-1772.8523155733346
9,8,5,10650.0,-1831.806814223335
9,8,5,10800.0,-1890.361172518341
9,8,4,1200.0,2055.624920179487
9,8,4,1350.0,1984.4749185128203
9,8,4,1500.0,1913.3249168461537
9,8,4,1650.0,1842.2639270313366
9,8,4,1800.0,1771.5139253646698
9,8,4,1950.0,1700.763923698003
9,8,4,2100.0,1630.0139220313365
9,8,4,2250.0,1559.2639203646697
9,8,4,2400.0,1488.5139186980032
9,8,4,2550.0,1417.7639170313364
9,8,4,2700.0,1347.0139153646699
9,8,4,2850.0,1276.263913698003
9,8,4,3000.0,1205.5139120313365
9,8,4,3150.0,1141.8230670683954
9,8,4,3300.0,1079.9397320683954
9,8,4,3450.0,1018.0563970683954
9,8,4,3600.0,956.1730620683954
9,8,4,3750.0,894.2897270683955
9,8,4,3900.0,833.3541522049941
9,8,4,4050.0,773.6571535549942
9,8,4,4200.0,713.9601549049942
9,8,4,4350.0,654.2631562549941
9,8,4,4500.0,594.5661576049943
9,8,4,4650.0,534.8691589549942
9,8,4,4800.0,475.1721603049941
9,8,4,4950.0,415.47516165499405
9,8,4,5100.0,355.99499189999915
9,8,4,5250.0,296.66249324999944
9,8,4,5400.0,237.32999459999928
9,8,4,5550.0,177.99749594999912
9,8,4,5700.0,118.66499729999941
9,8,4,5850.0,59.33249864999925
9,8,4,6000.0,-9.094947017729282e-13
9,8,4,6150.0,-59.332498650000616
9,8,4,6300.0,-118.66499730000078
9,8,4,6450.0,-177.98972502667448
9,8,4,6600.0,-237.2412236766745
9,8,4,6750.0,-296.49272232667454
9,8,4,6900.0,-355.74422097667457
9,8,4,7050.0,-414.9957196266746
9,8,4,7200.0,-474.24721827667463
9,8,4,7350.0,-533.4987169266747
9,8,4,7500.0,-592.605246693347
9,8,4,7650.0,-651.6542453433472
9,8,4,7800.0,-710.7032439933473
9,8,4,7950.0,-769.752242643347
9,8,4,8100.0,-828.8012412933472
9,8,4,8250.0,-887.8502399433473
9,8,4,8400.0,-946.899238593347
9,8,4,8550.0,-1005.9482372433472
9,8,4,8700.0,-1064.9972358933474
9,8,4,8850.0,-1124.0048223516733
9,8,4,9000.0,-1182.9593210016733
9,8,4,9150.0,-1241.9138196516733
9,8,4,9300.0,-1300.8683183016733
9,8,4,9450.0,-1359.8228169516733
9,8,4,9600.0,-1418.7773156016733
9,8,4,9750.0,-1477.7318142516733
9,8,4,9900.0,-1536.6863129016733
9,8,4,10050.0,-1595.6408115516733
9,8,4,10200.0,-1654.5953102016733
9,8,4,10350.0,-1713.5498088516733
9,8,4,10500.0,-1772.5043075016729
9,8,4,10650.0,-1831.4588061516733
9,8,4,10800.0,-1889.9396182000137
9,8,3,1200.0,2292.3500533333427
9,8,3,1350.0,2220.500051666676
9,8,3,1500.0,2148.6500500000093
9,8,3,1650.0,2076.8000483333426
9,8,3,1800.0,2004.9500466666764
9,8,3,1950.0,1933.1000450000097
9,8,3,2100.0,1861.250043333343
9,8,3,2250.0,1789.4000416666763
9,8,3,2400.0,1717.5500400000096
9,8,3,2550.0,1645.700038333343
9,8,3,2700.0,1573.9333700000047
9,8,3,2850.0,1502.2500350000048
9,8,3,3000.0,1430.5667000000049
9,8,3,3150.0,1358.8833650000047
9,8,3,3300.0,1287.2000300000047
9,8,3,3450.0,1215.5166950000048
9,8,3,3600.0,1143.8333600000049
9,8,3,3750.0,1072.150025000005
9,8,3,3900.0,1000.4666900000047
9,8,3,4050.0,928.7833550000059
9,8,3,4200.0,857.2333533333394
9,8,3,4350.0,785.6833516666725
9,8,3,4500.0,714.133350000006
9,8,3,4650.0,642.5833483333395
9,8,3,4800.0,571.0333466666725
9,8,3,4950.0,499.483345000006
9,8,3,5100.0,427.9333433333395
9,8,3,5250.0,356.5833416666651
9,8,3,5400.0,285.2666733333317
9,8,3,5550.0,213.95000499999833
9,8,3,5700.0,142.63333666666495
9,8,3,5850.0,71.31666833333156
9,8,3,6000.0,-1.3642420526593924e-12
9,8,3,6150.0,-71.31666833333475
9,8,3,6300.0,-142.63333666666813
9,8,3,6450.0,-213.90000500001725
9,8,3,6600.0,-285.08334000001696
9,8,3,6750.0,-356.26667500001713
9,8,3,6900.0,-427.4500100000173
9,8,3,7050.0,-498.633345000017
9,8,3,7200.0,-569.8166800000172
9,8,3,7350.0,-641.0000150000169
9,8,3,7500.0,-712.1833500000171
9,8,3,7650.0,-783.3666850000172
9,8,3,7800.0,-854.550020000017
9,8,3,7950.0,-925.7000216666875
9,8,3,8100.0,-996.8500233333543
9,8,3,8250.0,-1068.0000250000207
9,8,3,8400.0,-1139.1500266666876
9,8,3,8550.0,-1210.300028333354
9,8,3,8700.0,-1281.300030000024
9,8,3,8850.0,-1352.0500316666903
9,8,3,9000.0,-1422.8000333333575
9,8,3,9150.0,-1493.5500350000239
9,8,3,9300.0,-1564.3000366666902
9,8,3,9450.0,-1635.0500383333574
9,8,3,9600.0,-1705.8000400000237
9,8,3,9750.0,-1776.550041666691
9,8,3,9900.0,-1847.3000433333573
9,8,3,10050.0,-1918.0500450000236
9,8,3,10200.0,-1988.8000466666908
9,8,3,10350.0,-2055.422724050034
9,8,3,10500.0,-2112.7707227000337
9,8,3,10650.0,-2170.118721350034
9,8,3,10800.0,-2227.466720000034
9,8,2,1200.0,2292.3500533333718
9,8,2,1350.0,2220.500051666705
9,8,2,1500.0,2148.6500500000384
9,8,2,1650.0,2076.8000483333717
9,8,2,1800.0,2004.9500466667055
9,8,2,1950.0,1933.1000450000388
9,8,2,2100.0,1861.250043333372
9,8,2,2250.0,1789.4000416667054
9,8,2,2400.0,1717.5500400000387
9,8,2,2550.0,1645.700038333372
9,8,2,2700.0,1573.9333700000266
9,8,2,2850.0,1502.2500350000266
9,8,2,3000.0,1430.5667000000267
9,8,2,3150.0,1358.8833650000265
9,8,2,3300.0,1287.2000300000266
9,8,2,3450.0,1215.5166950000266
9,8,2,3600.0,1143.8333600000267
9,8,2,3750.0,1072.1500250000267
9,8,2,3900.0,1000.4666900000266
9,8,2,4050.0,928.7833550000266
9,8,2,4200.0,857.1000200000267
9,8,2,4350.0,785.4166850000265
9,8,2,4500.0,713.8666833333509
9,8,2,4650.0,642.4500150000176
9,8,2,4800.0,571.0333466666839
9,8,2,4950.0,499.6166783333506
9,8,2,5100.0,428.2000100000173
9,8,2,5250.0,356.783341666684
9,8,2,5400.0,285.3666733333507
9,8,2,5550.0,213.95000500001743
9,8,2,5700.0,142.63333666666495
9,8,2,5850.0,71.31666833333156
9,8,2,6000.0,-1.3642420526593924e-12
9,8,2,6150.0,-71.31666833333475
9,8,2,6300.0,-142.63333666666813
9,8,2,6450.0,-213.9000050000027
9,8,2,6600.0,-285.0833400000024
9,8,2,6750.0,-356.2666750000026
9,8,2,6900.0,-427.45001000000275
9,8,2,7050.0,-498.63334500000246
9,8,2,7200.0,-569.8166800000026
9,8,2,7350.0,-641.0000150000023
9,8,2,7500.0,-712.1833500000025
9,8,2,7650.0,-783.3666850000027
9,8,2,7800.0,-854.5500200000024
9,8,2,7950.0,-925.7000216666729
9,8,2,8100.0,-996.8500233333398
9,8,2,8250.0,-1068.0000250000062
9,8,2,8400.0,-1139.150026666673
9,8,2,8550.0,-1210.3000283333395
9,8,2,8700.0,-1281.3000300000094
9,8,2,8850.0,-1352.0500316666767
9,8,2,9000.0,-1422.800033333343
9,8,2,9150.0,-1493.5500350000102
9,8,2,9300.0,-1564.3000366666765
9,8,2,9450.0,-1635.0500383333429
9,8,2,9600.0,-1705.80004000001
9,8,2,9750.0,-1776.5500416666764
9,8,2,9900.0,-1847.3000433333436
9,8,2,10050.0,-1918.05004500001
9,8,2,10200.0,-1988.8000466666763
9,8,2,10350.0,-2055.422724050012
9,8,2,10500.0,-2112.770722700012
9,8,2,10650.0,-2170.118721350012
9,8,2,10800.0,-2227.466720000012
9,8,1,1200.0,2292.35005333335
9,8,1,1350.0,2220.5000516666832
9,8,1,1500.0,2148.6500500000166
9,8,1,1650.0,2076.80004833335
9,8,1,1800.0,2004.9500466666836
9,8,1,1950.0,1933.100045000017
9,8,1,2100.0,1861.2500433333503
9,8,1,2250.0,1789.4000416666836
9,8,1,2400.0,1717.550040000017
9,8,1,2550.0,1645.7000383333502
9,8,1,2700.0,1573.9333700000193
9,8,1,2850.0,1502.2500350000194
9,8,1,3000.0,1430.5667000000194
9,8,1,3150.0,1358.8833650000192
9,8,1,3300.0,1287.2000300000193
9,8,1,3450.0,1215.5166950000194
9,8,1,3600.0,1143.8333600000194
9,8,1,3750.0,1072.1500250000195
9,8,1,3900.0,1000.4666900000193
9,8,1,4050.0,928.7833550000194
9,8,1,4200.0,857.2333533333467
9,8,1,4350.0,785.6833516666798
9,8,1,4500.0,714.1333500000133
9,8,1,4650.0,642.5833483333467
9,8,1,4800.0,571.0333466666798
9,8,1,4950.0,499.4833450000133
9,8,1,5100.0,427.9333433333468
9,8,1,5250.0,356.5833416666651
9,8,1,5400.0,285.2666733333317
9,8,1,5550.0,213.95000499999833
9,8,1,5700.0,142.63333666666495
9,8,1,5850.0,71.31666833333156
9,8,1,6000.0,-1.3642420526593924e-12
9,8,1,6150.0,-71.31666833333475
9,8,1,6300.0,-142.63333666666813
9,8,1,6450.0,-213.9000050000027
9,8,1,6600.0,-285.0833400000024
9,8,1,6750.0,-356.2666750000026
9,8,1,6900.0,-427.45001000000275
9,8,1,7050.0,-498.63334500000246
9,8,1,7200.0,-569.8166800000026
9,8,1,7350.0,-641.0000150000023
9,8,1,7500.0,-712.1833500000025
9,8,1,7650.0,-783.3666850000027
9,8,1,7800.0,-854.5500200000024
9,8,1,7950.0,-925.7000216666729
9,8,1,8100.0,-996.8500233333398
9,8,1,8250.0,-1068.0000250000062
9,8,1,8400.0,-1139.150026666673
9,8,1,8550.0,-1210.3000283333395
9,8,1,8700.0,-1281.3000300000022
9,8,1,8850.0,-1352.0500316666694
9,8,1,9000.0,-1422.8000333333357
9,8,1,9150.0,-1493.550035000003
9,8,1,9300.0,-1564.3000366666693
9,8,1,9450.0,-1635.0500383333356
9,8,1,9600.0,-1705.8000400000028
9,8,1,9750.0,-1776.5500416666691
9,8,1,9900.0,-1847.3000433333364
9,8,1,10050.0,-1918.0500450000027
9,8,1,10200.0,-1988.800046666669
9,8,1,10350.0,-2055.422724050012
9,8,1,10500.0,-2112.770722700012
9,8,1,10650.0,-2170.118721350012
9,8,1,10800.0,-2227.466720000012
9,8,0,1200.0,2292.350053333357
9,8,0,1350.0,2220.5000516666905
9,8,0,1500.0,2148.650050000024
9,8,0,1650.0,2076.800048333357
9,8,0,1800.0,2004.950046666691
9,8,0,1950.0,1933.1000450000242
9,8,0,2100.0,1861.2500433333576
9,8,0,2250.0,1789.4000416666909
9,8,0,2400.0,1717.5500400000242
9,8,0,2550.0,1645.7000383333575
9,8,0,2700.0,1573.9333700000193
9,8,0,2850.0,1502.2500350000194
9,8,0,3000.0,1430.5667000000194
9,8,0,3150.0,1358.8833650000192
9,8,0,3300.0,1287.2000300000193
9,8,0,3450.0,1215.5166950000194
9,8,0,3600.0,1143.8333600000194
9,8,0,3750.0,1072.1500250000195
9,8,0,3900.0,1000.4666900000193
9,8,0,4050.0,928.7833550000194
9,8,0,4200.0,857.2333533333467
9,8,0,4350.0,785.6833516666798
9,8,0,4500.0,714.1333500000133
9,8,0,4650.0,642.5833483333467
9,8,0,4800.0,571.0333466666798
9,8,0,4950.0,499.4833450000133
9,8,0,5100.0,427.9333433333468
9,8,0,5250.0,356.5833416666651
9,8,0,5400.0,285.2666733333317
9,8,0,5550.0,213.95000499999833
9,8,0,5700.0,142.63333666666495
9,8,0,5850.0,71.31666833333156
9,8,0,6000.0,-1.3642420526593924e-12
9,8,0,6150.0,-71.31666833333475
9,8,0,6300.0,-142.63333666666813
9,8,0,6450.0,-213.9000050000027
9,8,0,6600.0,-285.0833400000024
9,8,0,6750.0,-356.2666750000026
9,8,0,6900.0,-427.45001000000275
9,8,0,7050.0,-498.63334500000246
9,8,0,7200.0,-569.8166800000026
9,8,0,7350.0,-641.0000150000023
9,8,0,7500.0,-712.1833500000025
9,8,0,7650.0,-783.3666850000027
9,8,0,7800.0,-854.5500200000024
9,8,0,7950.0,-925.7000216666729
9,8,0,8100.0,-996.8500233333398
9,8,0,8250.0,-1068.0000250000062
9,8,0,8400.0,-1139.150026666673
9,8,0,8550.0,-1210.3000283333395
9,8,0,8700.0,-1281.3000300000167
9,8,0,8850.0,-1352.050031666683
9,8,0,9000.0,-1422.8000333333503
9,8,0,9150.0,-1493.5500350000166
9,8,0,9300.0,-1564.300036666683
9,8,0,9450.0,-1635.0500383333501
9,8,0,9600.0,-1705.8000400000165
9,8,0,9750.0,-1776.5500416666837
9,8,0,9900.0,-1847.30004333335
9,8,0,10050.0,-1918.0500450000163
9,8,0,10200.0,-1988.8000466666836
9,8,0,10350.0,-2055.422724050012
9,8,0,10500.0,-2112.770722700012
9,8,0,10650.0,-2170.118721350012
9,8,0,10800.0,-2227.466720000012
9,9,6,1200.0,2292.35005333335
9,9,6,1350.0,2220.5000516666832
9,9,6,1500.0,2148.6500500000166
9,9,6,1650.0,2076.80004833335
9,9,6,1800.0,2004.9500466666836
9,9,6,1950.0,1933.100045000017
9,9,6,2100.0,1861.2500433333503
9,9,6,2250.0,1789.4000416666836
9,9,6,2400.0,1717.550040000017
9,9,6,2550.0,1645.7000383333502
9,9,6,2700.0,1573.9333700000047
9,9,6,2850.0,1502.2500350000048
9,9,6,3000.0,1430.5667000000049
9,9,6,3150.0,1358.8833650000047
9,9,6,3300.0,1287.2000300000047
9,9,6,3450.0,1215.5166950000048
9,9,6,3600.0,1143.8333600000049
9,9,6,3750.0,1072.150025000005
9,9,6,3900.0,1000.4666900000047
9,9,6,4050.0,928.7833550000134
9,9,6,4200.0,857.2333533333469
9,9,6,4350.0,785.6833516666802
9,9,6,4500.0,714.1333500000137
9,9,6,4650.0,642.5833483333467
9,9,6,4800.0,571.0333466666802
9,9,6,4950.0,499.48334500001374
9,9,6,5100.0,427.9333433333468
9,9,6,5250.0,356.5833416666651
9,9,6,5400.0,285.2666733333317
9,9,6,5550.0,213.95000499999833
9,9,6,5700.0,142.63333666666495
9,9,6,5850.0,71.31666833333156
9,9,6,6000.0,-1.3642420526593924e-12
9,9,6,6150.0,-71.31666833333475
9,9,6,6300.0,-142.63333666666813
9,9,6,6450.0,-213.90000500001725
9,9,6,6600.0,-285.08334000001696
9,9,6,6750.0,-356.26667500001713
9,9,6,6900.0,-427.4500100000173
9,9,6,7050.0,-498.633345000017
9,9,6,7200.0,-569.8166800000172
9,9,6,7350.0,-641.0000150000169
9,9,6,7500.0,-712.1833500000171
9,9,6,7650.0,-783.3666850000172
9,9,6,7800.0,-854.550020000017
9,9,6,7950.0,-925.7000216666875
9,9,6,8100.0,-996.8500233333543
9,9,6,8250.0,-1068.0000250000207
9,9,6,8400.0,-1139.1500266666876
9,9,6,8550.0,-1210.300028333354
9,9,6,8700.0,-1281.300030000024
9,9,6,8850.0,-1352.0500316666903
9,9,6,9000.0,-1422.8000333333575
9,9,6,9150.0,-1493.5500350000239
9,9,6,9300.0,-1564.3000366666902
9,9,6,9450.0,-1635.0500383333574
9,9,6,9600.0,-1705.8000400000237
9,9,6,9750.0,-1776.550041666691
9,9,6,9900.0,-1847.3000433333573
9,9,6,10050.0,-1918.0500450000236
9,9,6,10200.0,-1988.8000466666908
9,9,6,10350.0,-2055.4227240500268
9,9,6,10500.0,-2112.7707227000265
9,9,6,10650.0,-2170.1187213500266
9,9,6,10800.0,-2227.4667200000267
9,9,5,1200.0,2063.913292317482
9,9,5,1350.0,1992.7632906508152
9,9,5,1500.0,1921.6132889841483
9,9,5,1650.0,1850.463287317482
9,9,5,1800.0,1779.5122573051372
9,9,5,1950.0,1708.7622556384704
9,9,5,2100.0,1638.0122539718036
9,9,5,2250.0,1567.262252305137
9,9,5,2400.0,1496.5122506384703
9,9,5,2550.0,1425.7622489718037
9,9,5,2700.0,1355.012247305137
9,9,5,2850.0,1284.2622456384704
9,9,5,3000.0,1213.5122439718036
9,9,5,3150.0,1143.8477806425838
9,9,5,3300.0,1081.9644456425838
9,9,5,3450.0,1020.0811106425838
9,9,5,3600.0,958.1977756425838
9,9,5,3750.0,896.3144406425838
9,9,5,3900.0,834.4311056425838
9,9,5,4050.0,774.1077977449954
9,9,5,4200.0,714.4107990949954
9,9,5,4350.0,654.7138004449953
9,9,5,4500.0,595.0168017949954
9,9,5,4650.0,535.3198031449954
9,9,5,4800.0,475.6228044949953
9,9,5,4950.0,415.92580584499524
9,9,5,5100.0,356.2288071949954
9,9,5,5250.0,296.66249324999944
9,9,5,5400.0,237.32999459999974
9,9,5,5550.0,177.99749594999957
9,9,5,5700.0,118.66499729999941
9,9,5,5850.0,59.33249864999971
9,9,5,6000.0,-4.547473508864641e-13
9,9,5,6150.0,-59.332498650000616
9,9,5,6300.0,-118.66499730000032
9,9,5,6450.0,-177.99749595000048
9,9,5,6600.0,-237.3299946000002
9,9,5,6750.0,-296.6254596366707
9,9,5,6900.0,-355.87695828667074
9,9,5,7050.0,-415.1284569366708
9,9,5,7200.0,-474.3799555866708
9,9,5,7350.0,-533.6314542366708
9,9,5,7500.0,-592.8829528866709
9,9,5,7650.0,-652.1344515366709
9,9,5,7800.0,-711.2086164450056
9,9,5,7950.0,-770.2576150950053
9,9,5,8100.0,-829.3066137450055
9,9,5,8250.0,-888.3556123950057
9,9,5,8400.0,-947.4046110450054
9,9,5,8550.0,-1006.4536096950055
9,9,5,8700.0,-1065.5026083450057
9,9,5,8850.0,-1124.5516069950054
9,9,5,9000.0,-1183.6006056450055
9,9,5,9150.0,-1242.6368914650052
9,9,5,9300.0,-1301.5913901150052
9,9,5,9450.0,-1360.5458887650047
9,9,5,9600.0,-1419.5003874150048
9,9,5,9750.0,-1478.4548860650048
9,9,5,9900.0,-1537.4093847150048
9,9,5,10050.0,-1596.3638833650048
9,9,5,10200.0,-1655.3183820150048
9,9,5,10350.0,-1714.2728806650048
9,9,5,10500.0,-1773.2273793150052
9,9,5,10650.0,-1832.1818779650048
9,9,5,10800.0,-1890.8783995483445
9,9,4,1200.0,2090.3280833781732
9,9,4,1350.0,2019.1447483781733
9,9,4,1500.0,1947.9614133781733
9,9,4,1650.0,1876.7780783781732
9,9,4,1800.0,1805.5947433781732
9,9,4,1950.0,1734.5455170304353
9,9,4,2100.0,1663.7455153637688
9,9,4,2250.0,1592.9455136971021
9,9,4,2400.0,1522.1455120304354
9,9,4,2550.0,1451.3455103637689
9,9,4,2700.0,1380.5455086971022
9,9,4,2850.0,1309.7455070304354
9,9,4,3000.0,1238.945505363769
9,9,4,3150.0,1168.1455036971022
9,9,4,3300.0,1097.3455020304355
9,9,4,3450.0,1026.5455003637687
9,9,4,3600.0,964.1548376374374
9,9,4,3750.0,902.2715026374374
9,9,4,3900.0,840.3881676374374
9,9,4,4050.0,778.5048326374374
9,9,4,4200.0,716.6214976374374
9,9,4,4350.0,656.4170726966629
9,9,4,4500.0,596.4905740466629
9,9,4,4650.0,536.5640753966629
9,9,4,4800.0,476.63757674666294
9,9,4,4950.0,416.71107809666296
9,9,4,5100.0,356.784579446663
9,9,4,5250.0,297.067493250001
9,9,4,5400.0,237.65399460000071
9,9,4,5550.0,178.24049595000088
9,9,4,5700.0,118.82699730000104
9,9,4,5850.0,59.41349865000075
9,9,4,6000.0,9.094947017729282e-13
9,9,4,6150.0,-59.41349864999893
9,9,4,6300.0,-118.77245979333475
9,9,4,6450.0,-178.0779584433344
9,9,4,6600.0,-237.38345709333453
9,9,4,6750.0,-296.68895574333465
9,9,4,6900.0,-355.99445439333476
9,9,4,7050.0,-415.2999530433344
9,9,4,7200.0,-474.60545169333454
9,9,4,7350.0,-533.9109503433347
9,9,4,7500.0,-593.2164489933348
9,9,4,7650.0,-652.5219476433344
9,9,4,7800.0,-711.7205122566702
9,9,4,7950.0,-770.8235109066704
9,9,4,8100.0,-829.9265095566702
9,9,4,8250.0,-889.0295082066705
9,9,4,8400.0,-948.1325068566703
9,9,4,8550.0,-1007.2355055066705
9,9,4,8700.0,-1066.3385041566703
9,9,4,8850.0,-1125.3963047816692
9,9,4,9000.0,-1184.4048034316693
9,9,4,9150.0,-1243.4133020816694
9,9,4,9300.0,-1302.421800731669
9,9,4,9450.0,-1361.430299381669
9,9,4,9600.0,-1420.4387980316692
9,9,4,9750.0,-1479.4472966816693
9,9,4,9900.0,-1538.455795331669
9,9,4,10050.0,-1597.464293981669
9,9,4,10200.0,-1656.472792631669
9,9,4,10350.0,-1715.4812912816692
9,9,4,10500.0,-1774.4897899316693
9,9,4,10650.0,-1833.498288581669
9,9,4,10800.0,-1892.035533353338
9,9,3,1200.0,2292.35005333335
9,9,3,1350.0,2220.5000516666832
9,9,3,1500.0,2148.6500500000166
9,9,3,1650.0,2076.80004833335
9,9,3,1800.0,2004.9500466666836
9,9,3,1950.0,1933.100045000017
9,9,3,2100.0,1861.2500433333503
9,9,3,2250.0,1789.4000416666836
9,9,3,2400.0,1717.550040000017
9,9,3,2550.0,1645.7000383333502
9,9,3,2700.0,1573.9333699999975
9,9,3,2850.0,1502.2500349999975
9,9,3,3000.0,1430.5666999999976
9,9,3,3150.0,1358.8833649999974
9,9,3,3300.0,1287.2000299999975
9,9,3,3450.0,1215.5166949999975
9,9,3,3600.0,1143.8333599999976
9,9,3,3750.0,1072.1500249999976
9,9,3,3900.0,1000.4666899999975
9,9,3,4050.0,928.7833549999989
9,9,3,4200.0,857.2333533333324
9,9,3,4350.0,785.6833516666657
9,9,3,4500.0,714.1333499999992
9,9,3,4650.0,642.5833483333322
9,9,3,4800.0,571.0333466666657
9,9,3,4950.0,499.4833449999992
9,9,3,5100.0,427.93334333333223
9,9,3,5250.0,356.5833416666651
9,9,3,5400.0,285.2666733333317
9,9,3,5550.0,213.95000499999833
9,9,3,5700.0,142.63333666666495
9,9,3,5850.0,71.31666833333156
9,9,3,6000.0,-1.3642420526593924e-12
9,9,3,6150.0,-71.31666833333475
9,9,3,6300.0,-142.63333666666813
9,9,3,6450.0,-213.9000050000027
9,9,3,6600.0,-285.0833400000024
9,9,3,6750.0,-356.2666750000026
9,9,3,6900.0,-427.45001000000275
9,9,3,7050.0,-498.63334500000246
9,9,3,7200.0,-569.8166800000026
9,9,3,7350.0,-641.0000150000023
9,9,3,7500.0,-712.1833500000025
9,9,3,7650.0,-783.3666850000027
9,9,3,7800.0,-854.5500199999924
9,9,3,7950.0,-925.7000216666588
9,9,3,8100.0,-996.8500233333257
9,9,3,8250.0,-1068.000024999992
9,9,3,8400.0,-1139.150026666659
9,9,3,8550.0,-1210.3000283333254
9,9,3,8700.0,-1281.3000300000022
9,9,3,8850.0,-1352.0500316666694
9,9,3,9000.0,-1422.8000333333357
9,9,3,9150.0,-1493.550035000003
9,9,3,9300.0,-1564.3000366666693
9,9,3,9450.0,-1635.0500383333356
9,9,3,9600.0,-1705.8000400000028
9,9,3,9750.0,-1776.5500416666691
9,9,3,9900.0,-1847.3000433333364
9,9,3,10050.0,-1918.0500450000027
9,9,3,10200.0,-1988.800046666669
9,9,3,10350.0,-2055.4227240499977
9,9,3,10500.0,-2112.7707226999973
9,9,3,10650.0,-2170.1187213499975
9,9,3,10800.0,-2227.4667199999976
9,9,2,1200.0,2292.3500533333427
9,9,2,1350.0,2220.500051666676
9,9,2,1500.0,2148.6500500000093
9,9,2,1650.0,2076.8000483333426
9,9,2,1800.0,2004.9500466666764
9,9,2,1950.0,1933.1000450000097
9,9,2,2100.0,1861.250043333343
9,9,2,2250.0,1789.4000416666763
9,9,2,2400.0,1717.5500400000096
9,9,2,2550.0,1645.700038333343
9,9,2,2700.0,1573.9333699999975
9,9,2,2850.0,1502.2500349999975
9,9,2,3000.0,1430.5666999999976
9,9,2,3150.0,1358.8833649999974
9,9,2,3300.0,1287.2000299999975
9,9,2,3450.0,1215.5166949999975
9,9,2,3600.0,1143.8333599999976
9,9,2,3750.0,1072.1500249999976
9,9,2,3900.0,1000.4666899999975
9,9,2,4050.0,928.7833549999975
9,9,2,4200.0,857.1000199999976
9,9,2,4350.0,785.4166849999974
9,9,2,4500.0,713.8666833333214
9,9,2,4650.0,642.4500149999881
9,9,2,4800.0,571.0333466666548
9,9,2,4950.0,499.6166783333215
9,9,2,5100.0,428.2000099999882
9,9,2,5250.0,356.7833416666549
9,9,2,5400.0,285.36667333332116
9,9,2,5550.0,213.95000499999833
9,9,2,5700.0,142.63333666666495
9,9,2,5850.0,71.31666833333156
9,9,2,6000.0,-1.3642420526593924e-12
9,9,2,6150.0,-71.31666833333475
9,9,2,6300.0,-142.63333666666813
9,9,2,6450.0,-213.9000050000027
9,9,2,6600.0,-285.0833400000024
9,9,2,6750.0,-356.2666750000026
9,9,2,6900.0,-427.45001000000275
9,9,2,7050.0,-498.63334500000246
9,9,2,7200.0,-569.8166800000026
9,9,2,7350.0,-641.0000150000023
9,9,2,7500.0,-712.1833500000025
9,9,2,7650.0,-783.3666850000027
9,9,2,7800.0,-854.5500200000024
9,9,2,7950.0,-925.7000216666802
9,9,2,8100.0,-996.850023333347
9,9,2,8250.0,-1068.0000250000135
9,9,2,8400.0,-1139.1500266666803
9,9,2,8550.0,-1210.3000283333467
9,9,2,8700.0,-1281.3000300000167
9,9,2,8850.0,-1352.050031666684
9,9,2,9000.0,-1422.8000333333503
9,9,2,9150.0,-1493.5500350000175
9,9,2,9300.0,-1564.3000366666838
9,9,2,9450.0,-1635.0500383333501
9,9,2,9600.0,-1705.8000400000174
9,9,2,9750.0,-1776.5500416666837
9,9,2,9900.0,-1847.300043333351
9,9,2,10050.0,-1918.0500450000172
9,9,2,10200.0,-1988.8000466666836
9,9,2,10350.0,-2055.4227240500268
9,9,2,10500.0,-2112.7707227000265
9,9,2,10650.0,-2170.1187213500266
9,9,2,10800.0,-2227.4667200000267
9,9,1,1200.0,2292.35005333335
9,9,1,1350.0,2220.5000516666832
9,9,1,1500.0,2148.6500500000166
9,9,1,1650.0,2076.80004833335
9,9,1,1800.0,2004.9500466666836
9,9,1,1950.0,1933.100045000017
9,9,1,2100.0,1861.2500433333503
9,9,1,2250.0,1789.4000416666836
9,9,1,2400.0,1717.550040000017
9,9,1,2550.0,1645.7000383333502
9,9,1,2700.0,1573.9333700000193
9,9,1,2850.0,1502.2500350000194
9,9,1,3000.0,1430.5667000000194
9,9,1,3150.0,1358.8833650000192
9,9,1,3300.0,1287.2000300000193
9,9,1,3450.0,1215.5166950000194
9,9,1,3600.0,1143.8333600000194
9,9,1,3750.0,1072.1500250000195
9,9,1,3900.0,1000.4666900000193
9,9,1,4050.0,928.7833550000194
9,9,1,4200.0,857.2333533333397
9,9,1,4350.0,785.6833516666729
9,9,1,4500.0,714.1333500000064
9,9,1,4650.0,642.5833483333395
9,9,1,4800.0,571.033346666673
9,9,1,4950.0,499.48334500000647
9,9,1,5100.0,427.9333433333395
9,9,1,5250.0,356.5833416666651
9,9,1,5400.0,285.2666733333317
9,9,1,5550.0,213.95000499999833
9,9,1,5700.0,142.63333666666495
9,9,1,5850.0,71.31666833333156
9,9,1,6000.0,-1.3642420526593924e-12
9,9,1,6150.0,-71.31666833333475
9,9,1,6300.0,-142.63333666666813
9,9,1,6450.0,-213.9000050000027
9,9,1,6600.0,-285.0833400000024
9,9,1,6750.0,-356.2666750000026
9,9,1,6900.0,-427.45001000000275
9,9,1,7050.0,-498.63334500000246
9,9,1,7200.0,-569.8166800000026
9,9,1,7350.0,-641.0000150000023
9,9,1,7500.0,-712.1833500000025
9,9,1,7650.0,-783.3666850000027
9,9,1,7800.0,-854.5500200000024
9,9,1,7950.0,-925.7000216666875
9,9,1,8100.0,-996.8500233333543
9,9,1,8250.0,-1068.0000250000207
9,9,1,8400.0,-1139.1500266666876
9,9,1,8550.0,-1210.300028333354
9,9,1,8700.0,-1281.300030000024
9,9,1,8850.0,-1352.0500316666912
9,9,1,9000.0,-1422.8000333333575
9,9,1,9150.0,-1493.5500350000248
9,9,1,9300.0,-1564.300036666691
9,9,1,9450.0,-1635.0500383333574
9,9,1,9600.0,-1705.8000400000246
9,9,1,9750.0,-1776.550041666691
9,9,1,9900.0,-1847.3000433333582
9,9,1,10050.0,-1918.0500450000245
9,9,1,10200.0,-1988.8000466666908
9,9,1,10350.0,-2055.422724050034
9,9,1,10500.0,-2112.7707227000337
9,9,1,10650.0,-2170.118721350034
9,9,1,10800.0,-2227.466720000034
9,9,0,1200.0,2292.350053333357
9,9,0,1350.0,2220.5000516666905
9,9,0,1500.0,2148.650050000024
9,9,0,1650.0,2076.800048333357
9,9,0,1800.0,2004.950046666691
9,9,0,1950.0,1933.1000450000242
9,9,0,2100.0,1861.2500433333576
9,9,0,2250.0,1789.4000416666909
9,9,0,2400.0,1717.5500400000242
9,9,0,2550.0,1645.7000383333575
9,9,0,2700.0,1573.9333700000047
9,9,0,2850.0,1502.2500350000048
9,9,0,3000.0,1430.5667000000049
9,9,0,3150.0,1358.8833650000047
9,9,0,3300.0,1287.2000300000047
9,9,0,3450.0,1215.5166950000048
9,9,0,3600.0,1143.8333600000049
9,9,0,3750.0,1072.150025000005
9,9,0,3900.0,1000.4666900000047
9,9,0,4050.0,928.7833550000048
9,9,0,4200.0,857.1000200000049
9,9,0,4350.0,785.4166850000047
9,9,0,4500.0,713.8666833333291
9,9,0,4650.0,642.4500149999958
9,9,0,4800.0,571.0333466666625
9,9,0,4950.0,499.6166783333292
9,9,0,5100.0,428.2000099999959
9,9,0,5250.0,356.78334166666264
9,9,0,5400.0,285.36667333332935
9,9,0,5550.0,213.95000499999833
9,9,0,5700.0,142.63333666666495
9,9,0,5850.0,71.31666833333156
9,9,0,6000.0,-1.3642420526593924e-12
9,9,0,6150.0,-71.31666833333475
9,9,0,6300.0,-142.63333666666813
9,9,0,6450.0,-213.90000500001725
9,9,0,6600.0,-285.08334000001696
9,9,0,6750.0,-356.26667500001713
9,9,0,6900.0,-427.4500100000173
9,9,0,7050.0,-498.633345000017
9,9,0,7200.0,-569.8166800000172
9,9,0,7350.0,-641.0000150000169
9,9,0,7500.0,-712.1833500000171
9,9,0,7650.0,-783.3666850000172
9,9,0,7800.0,-854.550020000017
9,9,0,7950.0,-925.7000216666875
9,9,0,8100.0,-996.8500233333543
9,9,0,8250.0,-1068.0000250000207
9,9,0,8400.0,-1139.1500266666876
9,9,0,8550.0,-1210.300028333354
9,9,0,8700.0,-1281.3000300000158
9,9,0,8850.0,-1352.050031666683
9,9,0,9000.0,-1422.8000333333493
9,9,0,9150.0,-1493.5500350000157
9,9,0,9300.0,-1564.300036666683
9,9,0,9450.0,-1635.0500383333492
9,9,0,9600.0,-1705.8000400000165
9,9,0,9750.0,-1776.5500416666828
9,9,0,9900.0,-1847.300043333349
9,9,0,10050.0,-1918.0500450000163
9,9,0,10200.0,-1988.8000466666826
9,9,0,10350.0,-2055.4227240500268
9,9,0,10500.0,-2112.7707227000265
9,9,0,10650.0,-2170.1187213500266
9,9,0,10800.0,-2227.4667200000267
9,10,6,1200.0,2292.3500533333645
9,10,6,1350.0,2220.500051666698
9,10,6,1500.0,2148.650050000031
9,10,6,1650.0,2076.8000483333644
9,10,6,1800.0,2004.9500466666982
9,10,6,1950.0,1933.1000450000315
9,10,6,2100.0,1861.2500433333648
9,10,6,2250.0,1789.4000416666981
9,10,6,2400.0,1717.5500400000315
9,10,6,2550.0,1645.7000383333648
9,10,6,2700.0,1573.933370000012
9,10,6,2850.0,1502.250035000012
9,10,6,3000.0,1430.5667000000121
9,10,6,3150.0,1358.883365000012
9,10,6,3300.0,1287.200030000012
9,10,6,3450.0,1215.516695000012
9,10,6,3600.0,1143.8333600000121
9,10,6,3750.0,1072.1500250000122
9,10,6,3900.0,1000.466690000012
9,10,6,4050.0,928.7833550000121
9,10,6,4200.0,857.2333533333324
9,10,6,4350.0,785.6833516666657
9,10,6,4500.0,714.1333499999992
9,10,6,4650.0,642.5833483333322
9,10,6,4800.0,571.0333466666657
9,10,6,4950.0,499.4833449999992
9,10,6,5100.0,427.93334333333223
9,10,6,5250.0,356.5833416666651
9,10,6,5400.0,285.2666733333317
9,10,6,5550.0,213.95000499999833
9,10,6,5700.0,142.63333666666495
9,10,6,5850.0,71.31666833333156
9,10,6,6000.0,-1.3642420526593924e-12
9,10,6,6150.0,-71.31666833333475
9,10,6,6300.0,-142.63333666666813
9,10,6,6450.0,-213.9000050000027
9,10,6,6600.0,-285.0833400000024
9,10,6,6750.0,-356.2666750000026
9,10,6,6900.0,-427.45001000000275
9,10,6,7050.0,-498.63334500000246
9,10,6,7200.0,-569.8166800000026
9,10,6,7350.0,-641.0000150000023
9,10,6,7500.0,-712.1833500000025
9,10,6,7650.0,-783.3666850000027
9,10,6,7800.0,-854.5500200000024
9,10,6,7950.0,-925.7000216666729
9,10,6,8100.0,-996.8500233333398
9,10,6,8250.0,-1068.0000250000062
9,10,6,8400.0,-1139.150026666673
9,10,6,8550.0,-1210.3000283333395
9,10,6,8700.0,-1281.3000300000167
9,10,6,8850.0,-1352.050031666683
9,10,6,9000.0,-1422.8000333333503
9,10,6,9150.0,-1493.5500350000166
9,10,6,9300.0,-1564.300036666683
9,10,6,9450.0,-1635.0500383333501
9,10,6,9600.0,-1705.8000400000165
9,10,6,9750.0,-1776.5500416666837
9,10,6,9900.0,-1847.30004333335
9,10,6,10050.0,-1918.0500450000163
9,10,6,10200.0,-1988.8000466666836
9,10,6,10350.0,-2055.4227240500268
9,10,6,10500.0,-2112.7707227000265
9,10,6,10650.0,-2170.1187213500266
9,10,6,10800.0,-2227.4667200000267
9,10,5,1200.0,2146.935673147383
9,10,5,1350.0,2075.752338147383
9,10,5,1500.0,2004.569003147383
9,10,5,1650.0,1933.385668147383
9,10,5,1800.0,1862.202333147383
9,10,5,1950.0,1791.0247119251553
9,10,5,2100.0,1719.8747102584884
9,10,5,2250.0,1648.724708591822
9,10,5,2400.0,1577.5747069251552
9,10,5,2550.0,1506.4247052584885
9,10,5,2700.0,1435.274703591822
9,10,5,2850.0,1364.343267258493
9,10,5,3000.0,1293.5932655918264
9,10,5,3150.0,1222.8432639251596
9,10,5,3300.0,1152.093262258493
9,10,5,3450.0,1081.3432605918263
9,10,5,3600.0,1010.5932589251597
9,10,5,3750.0,939.8432572584929
9,10,5,3900.0,869.0932555918264
9,10,5,4050.0,798.3432539251596
9,10,5,4200.0,728.1632064674684
9,10,5,4350.0,666.2798714674684
9,10,5,4500.0,604.3965364674684
9,10,5,4650.0,542.5132014674684
9,10,5,4800.0,480.62986646746845
9,10,5,4950.0,418.74653146746846
9,10,5,5100.0,358.1819919000013
9,10,5,5250.0,298.4849932500015
9,10,5,5400.0,238.78799460000118
9,10,5,5550.0,179.09099595000134
9,10,5,5700.0,119.3939973000015
9,10,5,5850.0,59.696998650001206
9,10,5,6000.0,1.3642420526593924e-12
9,10,5,6150.0,-59.69699864999848
9,10,5,6300.0,-119.35495007999907
9,10,5,6450.0,-178.68744872999878
9,10,5,6600.0,-238.01994737999894
9,10,5,6750.0,-297.3524460299991
9,10,5,6900.0,-356.6849446799988
9,10,5,7050.0,-416.01744332999897
9,10,5,7200.0,-475.34994197999913
9,10,5,7350.0,-534.6824406299988
9,10,5,7500.0,-594.014939279999
9,10,5,7650.0,-653.3474379299992
9,10,5,7800.0,-712.6558027199994
9,10,5,7950.0,-771.9073013699995
9,10,5,8100.0,-831.158800019999
9,10,5,8250.0,-890.4102986699991
9,10,5,8400.0,-949.6617973199991
9,10,5,8550.0,-1008.9132959699991
9,10,5,8700.0,-1068.1647946199992
9,10,5,8850.0,-1127.214824528342
9,10,5,9000.0,-1186.2638231783421
9,10,5,9150.0,-1245.3128218283423
9,10,5,9300.0,-1304.361820478342
9,10,5,9450.0,-1363.4108191283422
9,10,5,9600.0,-1422.4598177783423
9,10,5,9750.0,-1481.508816428342
9,10,5,9900.0,-1540.5578150783422
9,10,5,10050.0,-1599.6068137283423
9,10,5,10200.0,-1658.655812378342
9,10,5,10350.0,-1717.7048110283422
9,10,5,10500.0,-1776.753809678342
9,10,5,10650.0,-1835.8028083283425
9,10,5,10800.0,-1894.4293476666799
9,10,4,1200.0,2141.7345026641938
9,10,4,1350.0,2070.5511676641936
9,10,4,1500.0,1999.3678326641939
9,10,4,1650.0,1928.1844976641937
9,10,4,1800.0,1857.0011626641938
9,10,4,1950.0,1785.8350323843597
9,10,4,2100.0,1714.6850307176928
9,10,4,2250.0,1643.5350290510264
9,10,4,2400.0,1572.3850273843595
9,10,4,2550.0,1501.235025717693
9,10,4,2700.0,1430.0850240510263
9,10,4,2850.0,1359.2914790263383
9,10,4,3000.0,1288.5414773596715
9,10,4,3150.0,1217.791475693005
9,10,4,3300.0,1147.0414740263382
9,10,4,3450.0,1076.2914723596714
9,10,4,3600.0,1005.5414706930048
9,10,4,3750.0,934.7914690263381
9,10,4,3900.0,864.0414673596715
9,10,4,4050.0,793.2914656930047
9,10,4,4200.0,727.1040654441292
9,10,4,4350.0,665.2207304441292
9,10,4,4500.0,603.3373954441292
9,10,4,4650.0,541.4540604441293
9,10,4,4800.0,479.57072544412927
9,10,4,4950.0,417.87899055000094
9,10,4,5100.0,358.1819919000011
9,10,4,5250.0,298.484993250001
9,10,4,5400.0,238.78799460000118
9,10,4,5550.0,179.0909959500009
9,10,4,5700.0,119.39399730000105
9,10,4,5850.0,59.696998650001206
9,10,4,6000.0,9.094947017729282e-13
9,10,4,6150.0,-59.69699864999893
9,10,4,6300.0,-119.11462535000373
9,10,4,6450.0,-178.44712400000344
9,10,4,6600.0,-237.7796226500036
9,10,4,6750.0,-297.11212130000376
9,10,4,6900.0,-356.44461995000347
9,10,4,7050.0,-415.77711860000363
9,10,4,7200.0,-475.1096172500038
9,10,4,7350.0,-534.4421159000035
9,10,4,7500.0,-593.7746145500037
9,10,4,7650.0,-653.1039792166789
9,10,4,7800.0,-712.3554778666789
9,10,4,7950.0,-771.606976516679
9,10,4,8100.0,-830.8584751666785
9,10,4,8250.0,-890.1099738166786
9,10,4,8400.0,-949.3614724666786
9,10,4,8550.0,-1008.6129711166786
9,10,4,8700.0,-1067.7671287916778
9,10,4,8850.0,-1126.8161274416775
9,10,4,9000.0,-1185.8651260916777
9,10,4,9150.0,-1244.9141247416778
9,10,4,9300.0,-1303.9631233916775
9,10,4,9450.0,-1363.0121220416777
9,10,4,9600.0,-1422.0611206916778
9,10,4,9750.0,-1481.1101193416775
9,10,4,9900.0,-1540.1591179916777
9,10,4,10050.0,-1599.2081166416779
9,10,4,10200.0,-1658.2571152916776
9,10,4,10350.0,-1717.3061139416777
9,10,4,10500.0,-1776.3551125916774
9,10,4,10650.0,-1835.404111241678
9,10,4,10800.0,-1893.989506376668
9,10,3,1200.0,2292.35005333335
9,10,3,1350.0,2220.5000516666832
9,10,3,1500.0,2148.6500500000166
9,10,3,1650.0,2076.80004833335
9,10,3,1800.0,2004.9500466666836
9,10,3,1950.0,1933.100045000017
9,10,3,2100.0,1861.2500433333503
9,10,3,2250.0,1789.4000416666836
9,10,3,2400.0,1717.550040000017
9,10,3,2550.0,1645.7000383333502
9,10,3,2700.0,1573.9333700000047
9,10,3,2850.0,1502.2500350000048
9,10,3,3000.0,1430.5667000000049
9,10,3,3150.0,1358.8833650000047
9,10,3,3300.0,1287.2000300000047
9,10,3,3450.0,1215.5166950000048
9,10,3,3600.0,1143.8333600000049
9,10,3,3750.0,1072.150025000005
9,10,3,3900.0,1000.4666900000047
9,10,3,4050.0,928.7833550000059
9,10,3,4200.0,857.2333533333394
9,10,3,4350.0,785.6833516666725
9,10,3,4500.0,714.133350000006
9,10,3,4650.0,642.5833483333395
9,10,3,4800.0,571.0333466666725
9,10,3,4950.0,499.483345000006
9,10,3,5100.0,427.9333433333395
9,10,3,5250.0,356.5833416666651
9,10,3,5400.0,285.2666733333317
9,10,3,5550.0,213.95000499999833
9,10,3,5700.0,142.63333666666495
9,10,3,5850.0,71.31666833333156
9,10,3,6000.0,-1.3642420526593924e-12
9,10,3,6150.0,-71.31666833333475
9,10,3,6300.0,-142.63333666666813
9,10,3,6450.0,-213.9000050000027
9,10,3,6600.0,-285.0833400000024
9,10,3,6750.0,-356.2666750000026
9,10,3,6900.0,-427.45001000000275
9,10,3,7050.0,-498.63334500000246
9,10,3,7200.0,-569.8166800000026
9,10,3,7350.0,-641.0000150000023
9,10,3,7500.0,-712.1833500000025
9,10,3,7650.0,-783.3666850000027
9,10,3,7800.0,-854.5500200000024
9,10,3,7950.0,-925.7000216666729
9,10,3,8100.0,-996.8500233333398
9,10,3,8250.0,-1068.0000250000062
9,10,3,8400.0,-1139.150026666673
9,10,3,8550.0,-1210.3000283333395
9,10,3,8700.0,-1281.3000300000094
9,10,3,8850.0,-1352.0500316666757
9,10,3,9000.0,-1422.800033333343
9,10,3,9150.0,-1493.5500350000093
9,10,3,9300.0,-1564.3000366666756
9,10,3,9450.0,-1635.0500383333429
9,10,3,9600.0,-1705.8000400000092
9,10,3,9750.0,-1776.5500416666764
9,10,3,9900.0,-1847.3000433333427
9,10,3,10050.0,-1918.050045000009
9,10,3,10200.0,-1988.8000466666763
9,10,3,10350.0,-2055.422724050056
9,10,3,10500.0,-2112.7707227000556
9,10,3,10650.0,-2170.1187213500557
9,10,3,10800.0,-2227.466720000056
9,10,2,1200.0,2292.350053333357
9,10,2,1350.0,2220.5000516666905
9,10,2,1500.0,2148.650050000024
9,10,2,1650.0,2076.800048333357
9,10,2,1800.0,2004.950046666691
9,10,2,1950.0,1933.1000450000242
9,10,2,2100.0,1861.2500433333576
9,10,2,2250.0,1789.4000416666909
9,10,2,2400.0,1717.5500400000242
9,10,2,2550.0,1645.7000383333575
9,10,2,2700.0,1573.933370000012
9,10,2,2850.0,1502.250035000012
9,10,2,3000.0,1430.5667000000121
9,10,2,3150.0,1358.883365000012
9,10,2,3300.0,1287.200030000012
9,10,2,3450.0,1215.516695000012
9,10,2,3600.0,1143.8333600000121
9,10,2,3750.0,1072.1500250000122
9,10,2,3900.0,1000.466690000012
9,10,2,4050.0,928.783355000013
9,10,2,4200.0,857.2333533333465
9,10,2,4350.0,785.6833516666798
9,10,2,4500.0,714.1333500000133
9,10,2,4650.0,642.5833483333463
9,10,2,4800.0,571.0333466666798
9,10,2,4950.0,499.48334500001283
9,10,2,5100.0,427.93334333334633
9,10,2,5250.0,356.5833416666651
9,10,2,5400.0,285.2666733333317
9,10,2,5550.0,213.95000499999833
9,10,2,5700.0,142.63333666666495
9,10,2,5850.0,71.31666833333156
9,10,2,6000.0,-1.3642420526593924e-12
9,10,2,6150.0,-71.31666833333475
9,10,2,6300.0,-142.63333666666813
9,10,2,6450.0,-213.90000500000997
9,10,2,6600.0,-285.0833400000097
9,10,2,6750.0,-356.26667500000985
9,10,2,6900.0,-427.45001000001
9,10,2,7050.0,-498.63334500000974
9,10,2,7200.0,-569.8166800000099
9,10,2,7350.0,-641.0000150000096
9,10,2,7500.0,-712.1833500000098
9,10,2,7650.0,-783.36668500001
9,10,2,7800.0,-854.5500200000097
9,10,2,7950.0,-925.7000216666802
9,10,2,8100.0,-996.850023333347
9,10,2,8250.0,-1068.0000250000135
9,10,2,8400.0,-1139.1500266666803
9,10,2,8550.0,-1210.3000283333467
9,10,2,8700.0,-1281.300030000024
9,10,2,8850.0,-1352.0500316666903
9,10,2,9000.0,-1422.8000333333575
9,10,2,9150.0,-1493.5500350000239
9,10,2,9300.0,-1564.3000366666902
9,10,2,9450.0,-1635.0500383333574
9,10,2,9600.0,-1705.8000400000237
9,10,2,9750.0,-1776.550041666691
9,10,2,9900.0,-1847.3000433333573
9,10,2,10050.0,-1918.0500450000236
9,10,2,10200.0,-1988.8000466666908
9,10,2,10350.0,-2055.422724050034
9,10,2,10500.0,-2112.7707227000337
9,10,2,10650.0,-2170.118721350034
9,10,2,10800.0,-2227.466720000034
9,10,1,1200.0,2292.3500533333645
9,10,1,1350.0,2220.5000516666983
9,10,1,1500.0,2148.6500500000316
9,10,1,1650.0,2076.800048333365
9,10,1,1800.0,2004.9500466666982
9,10,1,1950.0,1933.1000450000315
9,10,1,2100.0,1861.2500433333648
9,10,1,2250.0,1789.4000416666981
9,10,1,2400.0,1717.5500400000315
9,10,1,2550.0,1645.7000383333648
9,10,1,2700.0,1573.9333700000193
9,10,1,2850.0,1502.2500350000194
9,10,1,3000.0,1430.5667000000194
9,10,1,3150.0,1358.8833650000192
9,10,1,3300.0,1287.2000300000193
9,10,1,3450.0,1215.5166950000194
9,10,1,3600.0,1143.8333600000194
9,10,1,3750.0,1072.1500250000195
9,10,1,3900.0,1000.4666900000193
9,10,1,4050.0,928.7833550000194
9,10,1,4200.0,857.2333533333465
9,10,1,4350.0,785.6833516666798
9,10,1,4500.0,714.1333500000133
9,10,1,4650.0,642.5833483333463
9,10,1,4800.0,571.0333466666798
9,10,1,4950.0,499.48334500001283
9,10,1,5100.0,427.93334333334633
9,10,1,5250.0,356.5833416666651
9,10,1,5400.0,285.2666733333317
9,10,1,5550.0,213.95000499999833
9,10,1,5700.0,142.63333666666495
9,10,1,5850.0,71.31666833333156
9,10,1,6000.0,-1.3642420526593924e-12
9,10,1,6150.0,-71.31666833333475
9,10,1,6300.0,-142.63333666666813
9,10,1,6450.0,-213.9000050000027
9,10,1,6600.0,-285.0833400000024
9,10,1,6750.0,-356.2666750000026
9,10,1,6900.0,-427.45001000000275
9,10,1,7050.0,-498.63334500000246
9,10,1,7200.0,-569.8166800000026
9,10,1,7350.0,-641.0000150000023
9,10,1,7500.0,-712.1833500000025
9,10,1,7650.0,-783.3666850000027
9,10,1,7800.0,-854.5500200000024
9,10,1,7950.0,-925.7000216666802
9,10,1,8100.0,-996.850023333347
9,10,1,8250.0,-1068.0000250000135
9,10,1,8400.0,-1139.1500266666803
9,10,1,8550.0,-1210.3000283333467
9,10,1,8700.0,-1281.3000300000167
9,10,1,8850.0,-1352.050031666683
9,10,1,9000.0,-1422.8000333333503
9,10,1,9150.0,-1493.5500350000166
9,10,1,9300.0,-1564.300036666683
9,10,1,9450.0,-1635.0500383333501
9,10,1,9600.0,-1705.8000400000165
9,10,1,9750.0,-1776.5500416666837
9,10,1,9900.0,-1847.30004333335
9,10,1,10050.0,-1918.0500450000163
9,10,1,10200.0,-1988.8000466666836
9,10,1,10350.0,-2055.4227240500268
9,10,1,10500.0,-2112.7707227000265
9,10,1,10650.0,-2170.1187213500266
9,10,1,10800.0,-2227.4667200000267
9,10,0,1200.0,2292.3500533333718
9,10,0,1350.0,2220.500051666705
9,10,0,1500.0,2148.6500500000384
9,10,0,1650.0,2076.8000483333717
9,10,0,1800.0,2004.9500466667055
9,10,0,1950.0,1933.1000450000388
9,10,0,2100.0,1861.250043333372
9,10,0,2250.0,1789.4000416667054
9,10,0,2400.0,1717.5500400000387
9,10,0,2550.0,1645.700038333372
9,10,0,2700.0,1573.9333700000193
9,10,0,2850.0,1502.2500350000194
9,10,0,3000.0,1430.5667000000194
9,10,0,3150.0,1358.8833650000192
9,10,0,3300.0,1287.2000300000193
9,10,0,3450.0,1215.5166950000194
9,10,0,3600.0,1143.8333600000194
9,10,0,3750.0,1072.1500250000195
9,10,0,3900.0,1000.4666900000193
9,10,0,4050.0,928.7833550000194
9,10,0,4200.0,857.2333533333465
9,10,0,4350.0,785.6833516666798
9,10,0,4500.0,714.1333500000133
9,10,0,4650.0,642.5833483333463
9,10,0,4800.0,571.0333466666798
9,10,0,4950.0,499.48334500001283
9,10,0,5100.0,427.93334333334633
9,10,0,5250.0,356.5833416666651
9,10,0,5400.0,285.2666733333317
9,10,0,5550.0,213.95000499999833
9,10,0,5700.0,142.63333666666495
9,10,0,5850.0,71.31666833333156
9,10,0,6000.0,-1.3642420526593924e-12
9,10,0,6150.0,-71.31666833333475
9,10,0,6300.0,-142.63333666666813
9,10,0,6450.0,-213.90000499998814
9,10,0,6600.0,-285.08333999998786
9,10,0,6750.0,-356.266674999988
9,10,0,6900.0,-427.4500099999882
9,10,0,7050.0,-498.6333449999879
9,10,0,7200.0,-569.8166799999881
9,10,0,7350.0,-641.0000149999878
9,10,0,7500.0,-712.183349999988
9,10,0,7650.0,-783.3666849999881
9,10,0,7800.0,-854.5500199999879
9,10,0,7950.0,-925.7000216666584
9,10,0,8100.0,-996.8500233333252
9,10,0,8250.0,-1068.0000249999916
9,10,0,8400.0,-1139.1500266666585
9,10,0,8550.0,-1210.300028333325
9,10,0,8700.0,-1281.3000299999876
9,10,0,8850.0,-1352.0500316666548
9,10,0,9000.0,-1422.8000333333212
9,10,0,9150.0,-1493.5500349999884
9,10,0,9300.0,-1564.3000366666547
9,10,0,9450.0,-1635.050038333321
9,10,0,9600.0,-1705.8000399999883
9,10,0,9750.0,-1776.5500416666546
9,10,0,9900.0,-1847.3000433333218
9,10,0,10050.0,-1918.0500449999881
9,10,0,10200.0,-1988.8000466666545
9,10,0,10350.0,-2054.450724049996
9,10,0,10500.0,-2112.1227226999963
9,10,0,10650.0,-2169.794721349996
9,10,0,10800.0,-2227.466719999996
9,11,6,1200.0,2292.35005333335
9,11,6,1350.0,2220.5000516666832
9,11,6,1500.0,2148.6500500000166
9,11,6,1650.0,2076.80004833335
9,11,6,1800.0,2004.9500466666836
9,11,6,1950.0,1933.100045000017
9,11,6,2100.0,1861.2500433333503
9,11,6,2250.0,1789.4000416666836
9,11,6,2400.0,1717.550040000017
9,11,6,2550.0,1645.7000383333502
9,11,6,2700.0,1573.933370000005
9,11,6,2850.0,1502.250035000005
9,11,6,3000.0,1430.5667000000049
9,11,6,3150.0,1358.883365000005
9,11,6,3300.0,1287.200030000005
9,11,6,3450.0,1215.516695000005
9,11,6,3600.0,1143.833360000005
9,11,6,3750.0,1072.150025000005
9,11,6,3900.0,1000.466690000005
9,11,6,4050.0,928.783355000005
9,11,6,4200.0,857.1000200000051
9,11,6,4350.0,785.4166850000051
9,11,6,4500.0,713.8666833333364
9,11,6,4650.0,642.4500150000031
9,11,6,4800.0,571.0333466666693
9,11,6,4950.0,499.61667833333604
9,11,6,5100.0,428.20001000000275
9,11,6,5250.0,356.78334166666946
9,11,6,5400.0,285.36667333333617
9,11,6,5550.0,213.95000500000288
9,11,6,5700.0,142.63333666666495
9,11,6,5850.0,71.31666833333156
9,11,6,6000.0,-1.3642420526593924e-12
9,11,6,6150.0,-71.31666833333475
9,11,6,6300.0,-142.63333666666813
9,11,6,6450.0,-213.90000500000997
9,11,6,6600.0,-285.08334000001014
9,11,6,6750.0,-356.2666750000103
9,11,6,6900.0,-427.45001000001
9,11,6,7050.0,-498.6333450000102
9,11,6,7200.0,-569.8166800000104
9,11,6,7350.0,-641.0000150000101
9,11,6,7500.0,-712.1833500000103
9,11,6,7650.0,-783.3666850000104
9,11,6,7800.0,-854.5500200000101
9,11,6,7950.0,-925.7000216666875
9,11,6,8100.0,-996.8500233333543
9,11,6,8250.0,-1068.0000250000207
9,11,6,8400.0,-1139.1500266666876
9,11,6,8550.0,-1210.300028333354
9,11,6,8700.0,-1281.300030000024
9,11,6,8850.0,-1352.0500316666903
9,11,6,9000.0,-1422.8000333333575
9,11,6,9150.0,-1493.5500350000239
9,11,6,9300.0,-1564.3000366666902
9,11,6,9450.0,-1635.0500383333574
9,11,6,9600.0,-1705.8000400000237
9,11,6,9750.0,-1776.550041666691
9,11,6,9900.0,-1847.3000433333573
9,11,6,10050.0,-1918.0500450000236
9,11,6,10200.0,-1988.8000466666908
9,11,6,10350.0,-2055.4227240500268
9,11,6,10500.0,-2112.7707227000265
9,11,6,10650.0,-2170.1187213500266
9,11,6,10800.0,-2227.4667200000267
9,11,5,1200.0,2226.2403539757074
9,11,5,1350.0,2154.923685642374
9,11,5,1500.0,2083.6070173090407
9,11,5,1650.0,2012.366923741129
9,11,5,1800.0,1941.1835887411291
9,11,5,1950.0,1870.0002537411292
9,11,5,2100.0,1798.816918741129
9,11,5,2250.0,1727.633583741129
9,11,5,2400.0,1656.4502487411291
9,11,5,2550.0,1585.2669137411292
9,11,5,2700.0,1514.0835787411293
9,11,5,2850.0,1442.900243741129
9,11,5,3000.0,1371.7235524324938
9,11,5,3150.0,1300.5735507658271
9,11,5,3300.0,1229.4235490991605
9,11,5,3450.0,1158.2735474324938
9,11,5,3600.0,1087.1235457658272
9,11,5,3750.0,1015.9735440991606
9,11,5,3900.0,945.0532667287844
9,11,5,4050.0,874.3032650621176
9,11,5,4200.0,803.553263395451
9,11,5,4350.0,732.8032617287845
9,11,5,4500.0,662.0532600621177
9,11,5,4650.0,591.3032583954509
9,11,5,4800.0,520.5532567287842
9,11,5,4950.0,449.8032550621174
9,11,5,5100.0,379.05325339545107
9,11,5,5250.0,308.3032517287843
9,11,5,5400.0,239.7059946000013
9,11,5,5550.0,179.7794959500011
9,11,5,5700.0,119.85299730000133
9,11,5,5850.0,59.92649865000112
9,11,5,6000.0,1.3642420526593924e-12
9,11,5,6150.0,-59.92649864999885
9,11,5,6300.0,-119.85299729999906
9,11,5,6450.0,-179.77949594999882
9,11,5,6600.0,-239.70599459999903
9,11,5,6750.0,-299.6324932499988
9,11,5,6900.0,-359.33739664499353
9,11,5,7050.0,-418.75089529499337
9,11,5,7200.0,-478.16439394499366
9,11,5,7350.0,-537.5778925949935
9,11,5,7500.0,-596.9913912449933
9,11,5,7650.0,-656.4048898949936
9,11,5,7800.0,-715.7975909583229
9,11,5,7950.0,-775.103089608323
9,11,5,8100.0,-834.4085882583231
9,11,5,8250.0,-893.7140869083228
9,11,5,8400.0,-953.0195855583229
9,11,5,8550.0,-1012.325084208323
9,11,5,8700.0,-1071.6305828583231
9,11,5,8850.0,-1130.9360815083228
9,11,5,9000.0,-1190.241580158323
9,11,5,9150.0,-1249.5316957483174
9,11,5,9300.0,-1308.6346943983176
9,11,5,9450.0,-1367.7376930483174
9,11,5,9600.0,-1426.8406916983176
9,11,5,9750.0,-1485.9436903483174
9,11,5,9900.0,-1545.0466889983177
9,11,5,10050.0,-1604.1496876483175
9,11,5,10200.0,-1663.2526862983177
9,11,5,10350.0,-1722.3556849483175
9,11,5,10500.0,-1781.4586835983173
9,11,5,10650.0,-1840.561682248318
9,11,5,10800.0,-1899.2258578799929
9,11,4,1200.0,2228.2836242861126
9,11,4,1350.0,2156.9669559527792
9,11,4,1500.0,2085.650287619446
9,11,4,1650.0,2014.374040076235
9,11,4,1800.0,1943.190705076235
9,11,4,1950.0,1872.007370076235
9,11,4,2100.0,1800.8240350762348
9,11,4,2250.0,1729.640700076235
9,11,4,2400.0,1658.457365076235
9,11,4,2550.0,1587.274030076235
9,11,4,2700.0,1516.090695076235
9,11,4,2850.0,1444.907360076235
9,11,4,3000.0,1373.724025076235
9,11,4,3150.0,1302.571628607106
9,11,4,3300.0,1231.4216269404394
9,11,4,3450.0,1160.2716252737728
9,11,4,3600.0,1089.1216236071061
9,11,4,3750.0,1017.9716219404395
9,11,4,3900.0,946.9428826441367
9,11,4,4050.0,876.1928809774699
9,11,4,4200.0,805.4428793108034
9,11,4,4350.0,734.6928776441368
9,11,4,4500.0,663.9428759774701
9,11,4,4650.0,593.1928743108033
9,11,4,4800.0,522.4428726441365
9,11,4,4950.0,451.6928709774702
9,11,4,5100.0,380.9428693108034
9,11,4,5250.0,310.19286764413664
9,11,4,5400.0,247.5333399999995
9,11,4,5550.0,185.6500049999995
9,11,4,5700.0,123.76666999999952
9,11,4,5850.0,61.88333499999953
9,11,4,6000.0,-4.547473508864641e-13
9,11,4,6150.0,-61.88333500000044
9,11,4,6300.0,-121.6125984504024
9,11,4,6450.0,-181.1561843860568
9,11,4,6600.0,-240.69977032171073
9,11,4,6750.0,-300.2433562573651
9,11,4,6900.0,-359.7869421930195
9,11,4,7050.0,-419.3305281286739
9,11,4,7200.0,-478.8741140643283
9,11,4,7350.0,-538.4176999999822
9,11,4,7500.0,-597.9612859356366
9,11,4,7650.0,-657.3099468755468
9,11,4,7800.0,-716.6424455255465
9,11,4,7950.0,-775.9749441755466
9,11,4,8100.0,-835.3074428255468
9,11,4,8250.0,-894.6399414755465
9,11,4,8400.0,-953.9724401255467
9,11,4,8550.0,-1013.3049387755468
9,11,4,8700.0,-1072.6374374255465
9,11,4,8850.0,-1131.9699360755467
9,11,4,9000.0,-1191.3024347255468
9,11,4,9150.0,-1250.6349333755466
9,11,4,9300.0,-1309.9461529987989
9,11,4,9450.0,-1369.0491516487987
9,11,4,9600.0,-1428.152150298799
9,11,4,9750.0,-1487.2551489487987
9,11,4,9900.0,-1546.358147598799
9,11,4,10050.0,-1605.4611462487987
9,11,4,10200.0,-1664.564144898799
9,11,4,10350.0,-1723.6671435487988
9,11,4,10500.0,-1782.7701421987986
9,11,4,10650.0,-1841.8731408487993
9,11,4,10800.0,-1900.7010727171373
9,11,3,1200.0,2292.3500533333427
9,11,3,1350.0,2220.500051666676
9,11,3,1500.0,2148.6500500000093
9,11,3,1650.0,2076.8000483333426
9,11,3,1800.0,2004.9500466666764
9,11,3,1950.0,1933.1000450000097
9,11,3,2100.0,1861.250043333343
9,11,3,2250.0,1789.4000416666763
9,11,3,2400.0,1717.5500400000096
9,11,3,2550.0,1645.700038333343
9,11,3,2700.0,1573.9333699999977
9,11,3,2850.0,1502.2500349999978
9,11,3,3000.0,1430.5666999999976
9,11,3,3150.0,1358.8833649999976
9,11,3,3300.0,1287.2000299999977
9,11,3,3450.0,1215.5166949999978
9,11,3,3600.0,1143.8333599999978
9,11,3,3750.0,1072.1500249999976
9,11,3,3900.0,1000.4666899999977
9,11,3,4050.0,928.7833549999989
9,11,3,4200.0,857.2333533333324
9,11,3,4350.0,785.6833516666657
9,11,3,4500.0,714.1333499999992
9,11,3,4650.0,642.5833483333322
9,11,3,4800.0,571.0333466666657
9,11,3,4950.0,499.4833449999992
9,11,3,5100.0,427.93334333333223
9,11,3,5250.0,356.5833416666651
9,11,3,5400.0,285.2666733333317
9,11,3,5550.0,213.95000499999833
9,11,3,5700.0,142.63333666666495
9,11,3,5850.0,71.31666833333156
9,11,3,6000.0,-1.3642420526593924e-12
9,11,3,6150.0,-71.31666833333475
9,11,3,6300.0,-142.63333666666813
9,11,3,6450.0,-213.9000050000027
9,11,3,6600.0,-285.08334000000286
9,11,3,6750.0,-356.26667500000303
9,11,3,6900.0,-427.45001000000275
9,11,3,7050.0,-498.6333450000029
9,11,3,7200.0,-569.8166800000031
9,11,3,7350.0,-641.0000150000028
9,11,3,7500.0,-712.183350000003
9,11,3,7650.0,-783.3666850000031
9,11,3,7800.0,-854.5500200000029
9,11,3,7950.0,-925.7000216666875
9,11,3,8100.0,-996.8500233333543
9,11,3,8250.0,-1068.0000250000207
9,11,3,8400.0,-1139.1500266666876
9,11,3,8550.0,-1210.300028333354
9,11,3,8700.0,-1281.3000300000167
9,11,3,8850.0,-1352.050031666683
9,11,3,9000.0,-1422.8000333333503
9,11,3,9150.0,-1493.5500350000166
9,11,3,9300.0,-1564.300036666683
9,11,3,9450.0,-1635.0500383333501
9,11,3,9600.0,-1705.8000400000165
9,11,3,9750.0,-1776.5500416666837
9,11,3,9900.0,-1847.30004333335
9,11,3,10050.0,-1918.0500450000163
9,11,3,10200.0,-1988.8000466666836
9,11,3,10350.0,-2055.422724050012
9,11,3,10500.0,-2112.770722700012
9,11,3,10650.0,-2170.118721350012
9,11,3,10800.0,-2227.466720000012
9,11,2,1200.0,2292.35005333335
9,11,2,1350.0,2220.5000516666832
9,11,2,1500.0,2148.6500500000166
9,11,2,1650.0,2076.80004833335
9,11,2,1800.0,2004.9500466666836
9,11,2,1950.0,1933.100045000017
9,11,2,2100.0,1861.2500433333503
9,11,2,2250.0,1789.4000416666836
9,11,2,2400.0,1717.550040000017
9,11,2,2550.0,1645.7000383333502
9,11,2,2700.0,1573.933370000012
9,11,2,2850.0,1502.250035000012
9,11,2,3000.0,1430.5667000000121
9,11,2,3150.0,1358.883365000012
9,11,2,3300.0,1287.200030000012
9,11,2,3450.0,1215.516695000012
9,11,2,3600.0,1143.8333600000121
9,11,2,3750.0,1072.1500250000122
9,11,2,3900.0,1000.466690000012
9,11,2,4050.0,928.7833550000121
9,11,2,4200.0,857.1000200000121
9,11,2,4350.0,785.416685000012
9,11,2,4500.0,713.8666833333359
9,11,2,4650.0,642.4500150000026
9,11,2,4800.0,571.0333466666693
9,11,2,4950.0,499.61667833333604
9,11,2,5100.0,428.20001000000275
9,11,2,5250.0,356.78334166666946
9,11,2,5400.0,285.3666733333357
9,11,2,5550.0,213.95000500000242
9,11,2,5700.0,142.63333666666495
9,11,2,5850.0,71.31666833333156
9,11,2,6000.0,-1.3642420526593924e-12
9,11,2,6150.0,-71.31666833333475
9,11,2,6300.0,-142.63333666666813
9,11,2,6450.0,-213.9000050000027
9,11,2,6600.0,-285.08334000000286
9,11,2,6750.0,-356.26667500000303
9,11,2,6900.0,-427.45001000000275
9,11,2,7050.0,-498.6333450000029
9,11,2,7200.0,-569.8166800000031
9,11,2,7350.0,-641.0000150000028
9,11,2,7500.0,-712.183350000003
9,11,2,7650.0,-783.3666850000031
9,11,2,7800.0,-854.5500200000029
9,11,2,7950.0,-925.7000216666729
9,11,2,8100.0,-996.8500233333398
9,11,2,8250.0,-1068.0000250000062
9,11,2,8400.0,-1139.150026666673
9,11,2,8550.0,-1210.3000283333395
9,11,2,8700.0,-1281.3000300000094
9,11,2,8850.0,-1352.0500316666757
9,11,2,9000.0,-1422.800033333343
9,11,2,9150.0,-1493.5500350000093
9,11,2,9300.0,-1564.3000366666756
9,11,2,9450.0,-1635.0500383333429
9,11,2,9600.0,-1705.8000400000092
9,11,2,9750.0,-1776.5500416666764
9,11,2,9900.0,-1847.3000433333427
9,11,2,10050.0,-1918.050045000009
9,11,2,10200.0,-1988.8000466666763
9,11,2,10350.0,-2055.422724050012
9,11,2,10500.0,-2112.770722700012
9,11,2,10650.0,-2170.118721350012
9,11,2,10800.0,-2227.466720000012
9,11,1,1200.0,2292.350053333357
9,11,1,1350.0,2220.5000516666905
9,11,1,1500.0,2148.650050000024
9,11,1,1650.0,2076.800048333357
9,11,1,1800.0,2004.950046666691
9,11,1,1950.0,1933.1000450000242
9,11,1,2100.0,1861.2500433333576
9,11,1,2250.0,1789.4000416666909
9,11,1,2400.0,1717.5500400000242
9,11,1,2550.0,1645.7000383333575
9,11,1,2700.0,1573.9333700000193
9,11,1,2850.0,1502.2500350000194
9,11,1,3000.0,1430.5667000000194
9,11,1,3150.0,1358.8833650000192
9,11,1,3300.0,1287.2000300000193
9,11,1,3450.0,1215.5166950000194
9,11,1,3600.0,1143.8333600000194
9,11,1,3750.0,1072.1500250000195
9,11,1,3900.0,1000.4666900000193
9,11,1,4050.0,928.7833550000194
9,11,1,4200.0,857.2333533333469
9,11,1,4350.0,785.6833516666802
9,11,1,4500.0,714.1333500000137
9,11,1,4650.0,642.5833483333467
9,11,1,4800.0,571.0333466666802
9,11,1,4950.0,499.48334500001374
9,11,1,5100.0,427.9333433333468
9,11,1,5250.0,356.5833416666651
9,11,1,5400.0,285.2666733333317
9,11,1,5550.0,213.95000499999833
9,11,1,5700.0,142.63333666666495
9,11,1,5850.0,71.31666833333156
9,11,1,6000.0,-1.3642420526593924e-12
9,11,1,6150.0,-71.31666833333475
9,11,1,6300.0,-142.63333666666813
9,11,1,6450.0,-213.9000050000027
9,11,1,6600.0,-285.0833400000024
9,11,1,6750.0,-356.2666750000026
9,11,1,6900.0,-427.45001000000275
9,11,1,7050.0,-498.63334500000246
9,11,1,7200.0,-569.8166800000026
9,11,1,7350.0,-641.0000150000023
9,11,1,7500.0,-712.1833500000025
9,11,1,7650.0,-783.3666850000027
9,11,1,7800.0,-854.5500200000024
9,11,1,7950.0,-925.7000216666729
9,11,1,8100.0,-996.8500233333398
9,11,1,8250.0,-1068.0000250000062
9,11,1,8400.0,-1139.150026666673
9,11,1,8550.0,-1210.3000283333395
9,11,1,8700.0,-1281.3000300000167
9,11,1,8850.0,-1352.050031666683
9,11,1,9000.0,-1422.8000333333503
9,11,1,9150.0,-1493.5500350000166
9,11,1,9300.0,-1564.300036666683
9,11,1,9450.0,-1635.0500383333501
9,11,1,9600.0,-1705.8000400000165
9,11,1,9750.0,-1776.5500416666837
9,11,1,9900.0,-1847.30004333335
9,11,1,10050.0,-1918.0500450000163
9,11,1,10200.0,-1988.8000466666836
9,11,1,10350.0,-2054.4507240500106
9,11,1,10500.0,-2112.122722700011
9,11,1,10650.0,-2169.7947213500106
9,11,1,10800.0,-2227.4667200000104
9,11,0,1200.0,2292.35005333335
9,11,0,1350.0,2220.5000516666832
9,11,0,1500.0,2148.6500500000166
9,11,0,1650.0,2076.80004833335
9,11,0,1800.0,2004.9500466666836
9,11,0,1950.0,1933.100045000017
9,11,0,2100.0,1861.2500433333503
9,11,0,2250.0,1789.4000416666836
9,11,0,2400.0,1717.550040000017
9,11,0,2550.0,1645.7000383333502
9,11,0,2700.0,1573.933370000012
9,11,0,2850.0,1502.250035000012
9,11,0,3000.0,1430.5667000000121
9,11,0,3150.0,1358.883365000012
9,11,0,3300.0,1287.200030000012
9,11,0,3450.0,1215.516695000012
9,11,0,3600.0,1143.8333600000121
9,11,0,3750.0,1072.1500250000122
9,11,0,3900.0,1000.466690000012
9,11,0,4050.0,928.7833550000121
9,11,0,4200.0,857.2333533333392
9,11,0,4350.0,785.6833516666725
9,11,0,4500.0,714.133350000006
9,11,0,4650.0,642.583348333339
9,11,0,4800.0,571.0333466666725
9,11,0,4950.0,499.48334500000556
9,11,0,5100.0,427.93334333333905
9,11,0,5250.0,356.5833416666651
9,11,0,5400.0,285.2666733333317
9,11,0,5550.0,213.95000499999833
9,11,0,5700.0,142.63333666666495
9,11,0,5850.0,71.31666833333156
9,11,0,6000.0,-1.3642420526593924e-12
9,11,0,6150.0,-71.31666833333475
9,11,0,6300.0,-142.63333666666813
9,11,0,6450.0,-213.9000050000027
9,11,0,6600.0,-285.08334000000286
9,11,0,6750.0,-356.26667500000303
9,11,0,6900.0,-427.45001000000275
9,11,0,7050.0,-498.6333450000029
9,11,0,7200.0,-569.8166800000031
9,11,0,7350.0,-641.0000150000028
9,11,0,7500.0,-712.183350000003
9,11,0,7650.0,-783.3666850000031
9,11,0,7800.0,-854.5500200000029
9,11,0,7950.0,-925.7000216666729
9,11,0,8100.0,-996.8500233333398
9,11,0,8250.0,-1068.0000250000062
9,11,0,8400.0,-1139.150026666673
9,11,0,8550.0,-1210.3000283333395
9,11,0,8700.0,-1281.3000300000022
9,11,0,8850.0,-1352.0500316666685
9,11,0,9000.0,-1422.8000333333357
9,11,0,9150.0,-1493.550035000002
9,11,0,9300.0,-1564.3000366666683
9,11,0,9450.0,-1635.0500383333356
9,11,0,9600.0,-1705.800040000002
9,11,0,9750.0,-1776.5500416666691
9,11,0,9900.0,-1847.3000433333355
9,11,0,10050.0,-1918.0500450000018
9,11,0,10200.0,-1988.800046666669
9,11,0,10350.0,-2055.422724050005
9,11,0,10500.0,-2112.7707227000046
9,11,0,10650.0,-2170.1187213500048
9,11,0,10800.0,-2227.466720000005
9,12,6,1200.0,2292.350053333357
9,12,6,1350.0,2220.5000516666905
9,12,6,1500.0,2148.650050000024
9,12,6,1650.0,2076.800048333357
9,12,6,1800.0,2004.950046666691
9,12,6,1950.0,1933.1000450000242
9,12,6,2100.0,1861.2500433333576
9,12,6,2250.0,1789.4000416666909
9,12,6,2400.0,1717.5500400000242
9,12,6,2550.0,1645.7000383333575
9,12,6,2700.0,1573.9333700000193
9,12,6,2850.0,1502.2500350000194
9,12,6,3000.0,1430.5667000000194
9,12,6,3150.0,1358.8833650000192
9,12,6,3300.0,1287.2000300000193
9,12,6,3450.0,1215.5166950000194
9,12,6,3600.0,1143.8333600000194
9,12,6,3750.0,1072.1500250000195
9,12,6,3900.0,1000.4666900000193
9,12,6,4050.0,928.7833550000194
9,12,6,4200.0,857.1000200000194
9,12,6,4350.0,785.4166850000192
9,12,6,4500.0,713.8666833333436
9,12,6,4650.0,642.4500150000104
9,12,6,4800.0,571.0333466666766
9,12,6,4950.0,499.6166783333433
9,12,6,5100.0,428.20001000001
9,12,6,5250.0,356.78334166667673
9,12,6,5400.0,285.36667333334344
9,12,6,5550.0,213.95000500001015
9,12,6,5700.0,142.63333666666495
9,12,6,5850.0,71.31666833333156
9,12,6,6000.0,-1.3642420526593924e-12
9,12,6,6150.0,-71.31666833333475
9,12,6,6300.0,-142.63333666666813
9,12,6,6450.0,-213.90000499998723
9,12,6,6600.0,-285.0833399999874
9,12,6,6750.0,-356.2666749999871
9,12,6,6900.0,-427.4500099999873
9,12,6,7050.0,-498.633344999987
9,12,6,7200.0,-569.8166799999872
9,12,6,7350.0,-641.0000149999873
9,12,6,7500.0,-712.1833499999871
9,12,6,7650.0,-783.3666849999872
9,12,6,7800.0,-854.550019999987
9,12,6,7950.0,-925.7000216666584
9,12,6,8100.0,-996.8500233333252
9,12,6,8250.0,-1068.0000249999916
9,12,6,8400.0,-1139.1500266666585
9,12,6,8550.0,-1210.300028333325
9,12,6,8700.0,-1281.3000300000012
9,12,6,8850.0,-1352.0500316666685
9,12,6,9000.0,-1422.8000333333348
9,12,6,9150.0,-1493.5500350000011
9,12,6,9300.0,-1564.3000366666683
9,12,6,9450.0,-1635.0500383333347
9,12,6,9600.0,-1705.800040000002
9,12,6,9750.0,-1776.5500416666682
9,12,6,9900.0,-1847.3000433333345
9,12,6,10050.0,-1918.0500450000018
9,12,6,10200.0,-1988.800046666668
9,12,6,10350.0,-2052.8712240500004
9,12,6,10500.0,-2111.0697227000005
9,12,6,10650.0,-2169.26822135
9,12,6,10800.0,-2227.4667200000004
9,12,5,1200.0,2282.469739193411
9,12,5,1350.0,2210.786404193411
9,12,5,1500.0,2139.103069193411
9,12,5,1650.0,2067.419734193411
9,12,5,1800.0,1995.7363991934112
9,12,5,1950.0,1924.1765545967005
9,12,5,2100.0,1852.7598862633672
9,12,5,2250.0,1781.343217930034
9,12,5,2400.0,1709.9265495967004
9,12,5,2550.0,1638.509881263367
9,12,5,2700.0,1567.0932129300338
9,12,5,2850.0,1495.6765445967005
9,12,5,3000.0,1424.2598762633672
9,12,5,3150.0,1352.9395168312683
9,12,5,3300.0,1281.622848497935
9,12,5,3450.0,1210.3061801646015
9,12,5,3600.0,1138.9895118312681
9,12,5,3750.0,1067.672843497935
9,12,5,3900.0,996.4012536995797
9,12,5,4050.0,925.2179186995795
9,12,5,4200.0,854.0345836995796
9,12,5,4350.0,782.8512486995796
9,12,5,4500.0,711.6679136995795
9,12,5,4650.0,640.4845786995797
9,12,5,4800.0,569.3012436995796
9,12,5,4950.0,498.11790869957986
9,12,5,5100.0,426.9345736995797
9,12,5,5250.0,355.7512386995795
9,12,5,5400.0,284.60000666666747
9,12,5,5550.0,213.45000500000106
9,12,5,5700.0,142.3000033333342
9,12,5,5850.0,71.15000166666778
9,12,5,6000.0,9.094947017729282e-13
9,12,5,6150.0,-71.01476606172446
9,12,5,6300.0,-141.76476772839123
9,12,5,6450.0,-212.51476939505756
9,12,5,6600.0,-283.26477106172433
9,12,5,6750.0,-354.0147727283911
9,12,5,6900.0,-424.7647743950579
9,12,5,7050.0,-495.5147760617242
9,12,5,7200.0,-566.264777728391
9,12,5,7350.0,-637.0147793950578
9,12,5,7500.0,-707.7647810617245
9,12,5,7650.0,-778.5147827283913
9,12,5,7800.0,-841.3376357384755
9,12,5,7950.0,-903.2209707384754
9,12,5,8100.0,-965.1043057384754
9,12,5,8250.0,-1026.9876407384754
9,12,5,8400.0,-1088.8709757384754
9,12,5,8550.0,-1150.7543107384754
9,12,5,8700.0,-1212.6376457384754
9,12,5,8850.0,-1272.345511126724
9,12,5,9000.0,-1332.0425097767238
9,12,5,9150.0,-1391.7395084267241
9,12,5,9300.0,-1451.436507076724
9,12,5,9450.0,-1511.1335057267243
9,12,5,9600.0,-1570.830504376724
9,12,5,9750.0,-1630.527503026724
9,12,5,9900.0,-1690.2245016767242
9,12,5,10050.0,-1749.921500326724
9,12,5,10200.0,-1809.618498976724
9,12,5,10350.0,-1869.3154976267242
9,12,5,10500.0,-1929.012496276724
9,12,5,10650.0,-1988.5765368241005
9,12,5,10800.0,-2045.9245354741006
9,12,4,1200.0,2282.0095548477307
9,12,4,1350.0,2210.3262198477305
9,12,4,1500.0,2138.642884847731
9,12,4,1650.0,2066.9595498477306
9,12,4,1800.0,1995.276214847731
9,12,4,1950.0,1923.8591938559598
9,12,4,2100.0,1852.4425255226265
9,12,4,2250.0,1781.0258571892932
9,12,4,2400.0,1709.6091888559597
9,12,4,2550.0,1638.1925205226264
9,12,4,2700.0,1566.7758521892931
9,12,4,2850.0,1495.3591838559598
9,12,4,3000.0,1423.9923832757188
9,12,4,3150.0,1352.6757149423854
9,12,4,3300.0,1281.359046609052
9,12,4,3450.0,1210.0423782757186
9,12,4,3600.0,1138.7257099423853
9,12,4,3750.0,1067.409041609052
9,12,4,3900.0,996.208863613163
9,12,4,4050.0,925.0255286131628
9,12,4,4200.0,853.8421936131629
9,12,4,4350.0,782.6588586131629
9,12,4,4500.0,711.4755236131627
9,12,4,4650.0,640.292188613163
9,12,4,4800.0,569.1088536131629
9,12,4,4950.0,497.92551861316315
9,12,4,5100.0,426.742183613163
9,12,4,5250.0,355.5588486131628
9,12,4,5400.0,284.3755136131631
9,12,4,5550.0,213.19217861316292
9,12,4,5700.0,142.00884361316275
9,12,4,5850.0,70.82550861316304
9,12,4,6000.0,9.094947017729282e-13
9,12,4,6150.0,-70.80000166666605
9,12,4,6300.0,-141.60000333333255
9,12,4,6450.0,-212.4000049999995
9,12,4,6600.0,-283.200006666666
9,12,4,6750.0,-353.97507445678957
9,12,4,6900.0,-424.72507612345635
9,12,4,7050.0,-495.4750777901231
9,12,4,7200.0,-566.2250794567894
9,12,4,7350.0,-636.9750811234562
9,12,4,7500.0,-707.725082790123
9,12,4,7650.0,-778.4750844567898
9,12,4,7800.0,-838.5692473099807
9,12,4,7950.0,-898.4957459599805
9,12,4,8100.0,-958.4222446099807
9,12,4,8250.0,-1018.3487432599804
9,12,4,8400.0,-1078.2752419099807
9,12,4,8550.0,-1138.2017405599809
9,12,4,8700.0,-1198.1282392099806
9,12,4,8850.0,-1258.0547378599808
9,12,4,9000.0,-1317.9812365099806
9,12,4,9150.0,-1377.7936171416482
9,12,4,9300.0,-1437.207115791648
9,12,4,9450.0,-1496.6206144416483
9,12,4,9600.0,-1556.0341130916481
9,12,4,9750.0,-1615.447611741648
9,12,4,9900.0,-1674.8611103916483
9,12,4,10050.0,-1734.274609041648
9,12,4,10200.0,-1793.688107691648
9,12,4,10350.0,-1853.1016063416482
9,12,4,10500.0,-1912.5151049916485
9,12,4,10650.0,-1971.928603641648
9,12,4,10800.0,-2030.771590678317
9,12,3,1200.0,2292.35005333335
9,12,3,1350.0,2220.5000516666832
9,12,3,1500.0,2148.6500500000166
9,12,3,1650.0,2076.80004833335
9,12,3,1800.0,2004.9500466666836
9,12,3,1950.0,1933.100045000017
9,12,3,2100.0,1861.2500433333503
9,12,3,2250.0,1789.4000416666836
9,12,3,2400.0,1717.550040000017
9,12,3,2550.0,1645.7000383333502
9,12,3,2700.0,1573.9333700000193
9,12,3,2850.0,1502.2500350000194
9,12,3,3000.0,1430.5667000000194
9,12,3,3150.0,1358.8833650000192
9,12,3,3300.0,1287.2000300000193
9,12,3,3450.0,1215.5166950000194
9,12,3,3600.0,1143.8333600000194
9,12,3,3750.0,1072.1500250000195
9,12,3,3900.0,1000.4666900000193
9,12,3,4050.0,928.7833550000194
9,12,3,4200.0,857.2333533333465
9,12,3,4350.0,785.6833516666798
9,12,3,4500.0,714.1333500000133
9,12,3,4650.0,642.5833483333463
9,12,3,4800.0,571.0333466666798
9,12,3,4950.0,499.48334500001283
9,12,3,5100.0,427.93334333334633
9,12,3,5250.0,356.5833416666651
9,12,3,5400.0,285.2666733333317
9,12,3,5550.0,213.95000499999833
9,12,3,5700.0,142.63333666666495
9,12,3,5850.0,71.31666833333156
9,12,3,6000.0,-1.3642420526593924e-12
9,12,3,6150.0,-71.31666833333475
9,12,3,6300.0,-142.63333666666813
9,12,3,6450.0,-213.9000050000027
9,12,3,6600.0,-285.0833400000024
9,12,3,6750.0,-356.2666750000026
9,12,3,6900.0,-427.45001000000275
9,12,3,7050.0,-498.63334500000246
9,12,3,7200.0,-569.8166800000026
9,12,3,7350.0,-641.0000150000023
9,12,3,7500.0,-712.1833500000025
9,12,3,7650.0,-783.3666850000027
9,12,3,7800.0,-854.5500200000024
9,12,3,7950.0,-925.7000216666875
9,12,3,8100.0,-996.8500233333543
9,12,3,8250.0,-1068.0000250000207
9,12,3,8400.0,-1139.1500266666876
9,12,3,8550.0,-1210.300028333354
9,12,3,8700.0,-1281.3000300000167
9,12,3,8850.0,-1352.050031666683
9,12,3,9000.0,-1422.8000333333503
9,12,3,9150.0,-1493.5500350000166
9,12,3,9300.0,-1564.300036666683
9,12,3,9450.0,-1635.0500383333501
9,12,3,9600.0,-1705.8000400000165
9,12,3,9750.0,-1776.5500416666837
9,12,3,9900.0,-1847.30004333335
9,12,3,10050.0,-1918.0500450000163
9,12,3,10200.0,-1988.8000466666836
9,12,3,10350.0,-2055.4227240500195
9,12,3,10500.0,-2112.770722700019
9,12,3,10650.0,-2170.1187213500193
9,12,3,10800.0,-2227.4667200000194
9,12,2,1200.0,2292.3500533333718
9,12,2,1350.0,2220.500051666705
9,12,2,1500.0,2148.6500500000384
9,12,2,1650.0,2076.8000483333717
9,12,2,1800.0,2004.9500466667055
9,12,2,1950.0,1933.1000450000388
9,12,2,2100.0,1861.250043333372
9,12,2,2250.0,1789.4000416667054
9,12,2,2400.0,1717.5500400000387
9,12,2,2550.0,1645.700038333372
9,12,2,2700.0,1573.9333700000193
9,12,2,2850.0,1502.2500350000194
9,12,2,3000.0,1430.5667000000194
9,12,2,3150.0,1358.8833650000192
9,12,2,3300.0,1287.2000300000193
9,12,2,3450.0,1215.5166950000194
9,12,2,3600.0,1143.8333600000194
9,12,2,3750.0,1072.1500250000195
9,12,2,3900.0,1000.4666900000193
9,12,2,4050.0,928.7833550000194
9,12,2,4200.0,857.2333533333465
9,12,2,4350.0,785.6833516666798
9,12,2,4500.0,714.1333500000133
9,12,2,4650.0,642.5833483333463
9,12,2,4800.0,571.0333466666798
9,12,2,4950.0,499.48334500001283
9,12,2,5100.0,427.93334333334633
9,12,2,5250.0,356.5833416666651
9,12,2,5400.0,285.2666733333317
9,12,2,5550.0,213.95000499999833
9,12,2,5700.0,142.63333666666495
9,12,2,5850.0,71.31666833333156
9,12,2,6000.0,-1.3642420526593924e-12
9,12,2,6150.0,-71.31666833333475
9,12,2,6300.0,-142.63333666666813
9,12,2,6450.0,-213.90000500001725
9,12,2,6600.0,-285.08334000001696
9,12,2,6750.0,-356.26667500001713
9,12,2,6900.0,-427.4500100000173
9,12,2,7050.0,-498.633345000017
9,12,2,7200.0,-569.8166800000172
9,12,2,7350.0,-641.0000150000169
9,12,2,7500.0,-712.1833500000171
9,12,2,7650.0,-783.3666850000172
9,12,2,7800.0,-854.550020000017
9,12,2,7950.0,-925.7000216666875
9,12,2,8100.0,-996.8500233333543
9,12,2,8250.0,-1068.0000250000207
9,12,2,8400.0,-1139.1500266666876
9,12,2,8550.0,-1210.300028333354
9,12,2,8700.0,-1281.3000300000167
9,12,2,8850.0,-1352.050031666683
9,12,2,9000.0,-1422.8000333333503
9,12,2,9150.0,-1493.5500350000166
9,12,2,9300.0,-1564.300036666683
9,12,2,9450.0,-1635.0500383333501
9,12,2,9600.0,-1705.8000400000165
9,12,2,9750.0,-1776.5500416666837
9,12,2,9900.0,-1847.30004333335
9,12,2,10050.0,-1918.0500450000163
9,12,2,10200.0,-1988.8000466666836
9,12,2,10350.0,-2055.4227240500268
9,12,2,10500.0,-2112.7707227000265
9,12,2,10650.0,-2170.1187213500266
9,12,2,10800.0,-2227.4667200000267
9,12,1,1200.0,2292.350053333357
9,12,1,1350.0,2220.5000516666905
9,12,1,1500.0,2148.650050000024
9,12,1,1650.0,2076.800048333357
9,12,1,1800.0,2004.950046666691
9,12,1,1950.0,1933.1000450000242
9,12,1,2100.0,1861.2500433333576
9,12,1,2250.0,1789.4000416666909
9,12,1,2400.0,1717.5500400000242
9,12,1,2550.0,1645.7000383333575
9,12,1,2700.0,1573.9333700000193
9,12,1,2850.0,1502.2500350000194
9,12,1,3000.0,1430.5667000000194
9,12,1,3150.0,1358.8833650000192
9,12,1,3300.0,1287.2000300000193
9,12,1,3450.0,1215.5166950000194
9,12,1,3600.0,1143.8333600000194
9,12,1,3750.0,1072.1500250000195
9,12,1,3900.0,1000.4666900000193
9,12,1,4050.0,928.7833550000194
9,12,1,4200.0,857.2333533333465
9,12,1,4350.0,785.6833516666798
9,12,1,4500.0,714.1333500000133
9,12,1,4650.0,642.5833483333463
9,12,1,4800.0,571.0333466666798
9,12,1,4950.0,499.48334500001283
9,12,1,5100.0,427.93334333334633
9,12,1,5250.0,356.5833416666651
9,12,1,5400.0,285.2666733333317
9,12,1,5550.0,213.95000499999833
9,12,1,5700.0,142.63333666666495
9,12,1,5850.0,71.31666833333156
9,12,1,6000.0,-1.3642420526593924e-12
9,12,1,6150.0,-71.31666833333475
9,12,1,6300.0,-142.63333666666813
9,12,1,6450.0,-213.90000499998814
9,12,1,6600.0,-285.08333999998786
9,12,1,6750.0,-356.266674999988
9,12,1,6900.0,-427.4500099999882
9,12,1,7050.0,-498.6333449999879
9,12,1,7200.0,-569.8166799999881
9,12,1,7350.0,-641.0000149999878
9,12,1,7500.0,-712.183349999988
9,12,1,7650.0,-783.3666849999881
9,12,1,7800.0,-854.5500199999879
9,12,1,7950.0,-925.7000216666729
9,12,1,8100.0,-996.8500233333398
9,12,1,8250.0,-1068.0000250000062
9,12,1,8400.0,-1139.150026666673
9,12,1,8550.0,-1210.3000283333395
9,12,1,8700.0,-1281.3000300000012
9,12,1,8850.0,-1352.0500316666685
9,12,1,9000.0,-1422.8000333333348
9,12,1,9150.0,-1493.5500350000011
9,12,1,9300.0,-1564.3000366666683
9,12,1,9450.0,-1635.0500383333347
9,12,1,9600.0,-1705.800040000002
9,12,1,9750.0,-1776.5500416666682
9,12,1,9900.0,-1847.3000433333345
9,12,1,10050.0,-1918.0500450000018
9,12,1,10200.0,-1988.800046666668
9,12,1,10350.0,-2055.422724050012
9,12,1,10500.0,-2112.770722700012
9,12,1,10650.0,-2170.118721350012
9,12,1,10800.0,-2227.466720000012
9,12,0,1200.0,2292.3500533333863
9,12,0,1350.0,2220.5000516667196
9,12,0,1500.0,2148.650050000053
9,12,0,1650.0,2076.8000483333863
9,12,0,1800.0,2004.95004666672
9,12,0,1950.0,1933.1000450000533
9,12,0,2100.0,1861.2500433333867
9,12,0,2250.0,1789.40004166672
9,12,0,2400.0,1717.5500400000533
9,12,0,2550.0,1645.7000383333866
9,12,0,2700.0,1573.9333700000338
9,12,0,2850.0,1502.250035000034
9,12,0,3000.0,1430.566700000034
9,12,0,3150.0,1358.8833650000338
9,12,0,3300.0,1287.2000300000338
9,12,0,3450.0,1215.516695000034
9,12,0,3600.0,1143.833360000034
9,12,0,3750.0,1072.150025000034
9,12,0,3900.0,1000.4666900000339
9,12,0,4050.0,928.7833550000339
9,12,0,4200.0,857.2333533333465
9,12,0,4350.0,785.6833516666798
9,12,0,4500.0,714.1333500000133
9,12,0,4650.0,642.5833483333463
9,12,0,4800.0,571.0333466666798
9,12,0,4950.0,499.48334500001283
9,12,0,5100.0,427.93334333334633
9,12,0,5250.0,356.5833416666651
9,12,0,5400.0,285.2666733333317
9,12,0,5550.0,213.95000499999833
9,12,0,5700.0,142.63333666666495
9,12,0,5850.0,71.31666833333156
9,12,0,6000.0,-1.3642420526593924e-12
9,12,0,6150.0,-71.31666833333475
9,12,0,6300.0,-142.63333666666813
9,12,0,6450.0,-213.9000050000027
9,12,0,6600.0,-285.0833400000024
9,12,0,6750.0,-356.2666750000026
9,12,0,6900.0,-427.45001000000275
9,12,0,7050.0,-498.63334500000246
9,12,0,7200.0,-569.8166800000026
9,12,0,7350.0,-641.0000150000023
9,12,0,7500.0,-712.1833500000025
9,12,0,7650.0,-783.3666850000027
9,12,0,7800.0,-854.5500200000024
9,12,0,7950.0,-925.7000216666729
9,12,0,8100.0,-996.8500233333398
9,12,0,8250.0,-1068.0000250000062
9,12,0,8400.0,-1139.150026666673
9,12,0,8550.0,-1210.3000283333395
9,12,0,8700.0,-1281.3000300000167
9,12,0,8850.0,-1352.050031666684
9,12,0,9000.0,-1422.8000333333503
9,12,0,9150.0,-1493.5500350000175
9,12,0,9300.0,-1564.3000366666838
9,12,0,9450.0,-1635.0500383333501
9,12,0,9600.0,-1705.8000400000174
9,12,0,9750.0,-1776.5500416666837
9,12,0,9900.0,-1847.300043333351
9,12,0,10050.0,-1918.0500450000172
9,12,0,10200.0,-1988.8000466666836
9,12,0,10350.0,-2054.4507240500106
9,12,0,10500.0,-2112.122722700011
9,12,0,10650.0,-2169.7947213500106
9,12,0,10800.0,-2227.4667200000104
17,2,6,1200.0,2292.35005333335
17,2,6,1350.0,2220.5000516666832
17,2,6,1500.0,2148.6500500000166
17,2,6,1650.0,2076.80004833335
17,2,6,1800.0,2004.9500466666836
17,2,6,1950.0,1933.100045000017
17,2,6,2100.0,1861.2500433333503
17,2,6,2250.0,1789.4000416666836
17,2,6,2400.0,1717.550040000017
17,2,6,2550.0,1645.7000383333502
17,2,6,2700.0,1574.0000366666804
17,2,6,2850.0,1502.3000350000138
17,2,6,3000.0,1430.600033333347
17,2,6,3150.0,1358.9000316666804
17,2,6,3300.0,1287.2000300000138
17,2,6,3450.0,1215.5166950000048
17,2,6,3600.0,1143.8333600000049
17,2,6,3750.0,1072.150025000005
17,2,6,3900.0,1000.4666900000047
17,2,6,4050.0,928.7833550000278
17,2,6,4200.0,857.2333533333613
17,2,6,4350.0,785.6833516666943
17,2,6,4500.0,714.1333500000278
17,2,6,4650.0,642.5833483333613
17,2,6,4800.0,571.0333466666943
17,2,6,4950.0,499.61667833333604
17,2,6,5100.0,428.20001000000275
17,2,6,5250.0,356.78334166666946
17,2,6,5400.0,285.36667333333617
17,2,6,5550.0,213.95000500000288
17,2,6,5700.0,142.63333666666495
17,2,6,5850.0,71.31666833333156
17,2,6,6000.0,-1.3642420526593924e-12
17,2,6,6150.0,-71.31666833333475
17,2,6,6300.0,-142.63333666666267
17,2,6,6450.0,-213.83333833332927
17,2,6,6600.0,-285.03333999999586
17,2,6,6750.0,-356.23334166666245
17,2,6,6900.0,-427.43334333332905
17,2,6,7050.0,-498.63334499999564
17,2,6,7200.0,-569.8166800000026
17,2,6,7350.0,-641.0000150000023
17,2,6,7500.0,-712.1833500000025
17,2,6,7650.0,-783.3666850000027
17,2,6,7800.0,-854.5500200000024
17,2,6,7950.0,-925.7000216666729
17,2,6,8100.0,-996.8500233333398
17,2,6,8250.0,-1068.0000250000062
17,2,6,8400.0,-1139.150026666673
17,2,6,8550.0,-1210.3000283333395
17,2,6,8700.0,-1281.1000300000105
17,2,6,8850.0,-1351.900031666678
17,2,6,9000.0,-1422.7000333333444
17,2,6,9150.0,-1493.500035000011
17,2,6,9300.0,-1564.3000366666683
17,2,6,9450.0,-1635.0500383333356
17,2,6,9600.0,-1705.800040000002
17,2,6,9750.0,-1776.5500416666691
17,2,6,9900.0,-1847.3000433333355
17,2,6,10050.0,-1918.0500450000009
17,2,6,10200.0,-1979.9333800000013
17,2,6,10350.0,-2041.8167150000008
17,2,6,10500.0,-2103.7000500000013
17,2,6,10650.0,-2165.583385000001
17,2,6,10800.0,-2227.4667200000013
17,2,5,1200.0,2292.3500533333354
17,2,5,1350.0,2220.5000516666687
17,2,5,1500.0,2148.650050000002
17,2,5,1650.0,2076.8000483333353
17,2,5,1800.0,2004.950046666669
17,2,5,1950.0,1933.1000450000024
17,2,5,2100.0,1861.2500433333357
17,2,5,2250.0,1789.400041666669
17,2,5,2400.0,1717.5500400000024
17,2,5,2550.0,1645.7000383333361
17,2,5,2700.0,1574.0000366666695
17,2,5,2850.0,1502.300035000003
17,2,5,3000.0,1430.6000333333361
17,2,5,3150.0,1358.9000316666695
17,2,5,3300.0,1287.200030000003
17,2,5,3450.0,1215.5166949999975
17,2,5,3600.0,1143.8333599999976
17,2,5,3750.0,1072.1500249999976
17,2,5,3900.0,1000.4666899999975
17,2,5,4050.0,928.7833549999975
17,2,5,4200.0,857.2333533333285
17,2,5,4350.0,785.6833516666616
17,2,5,4500.0,714.1333499999951
17,2,5,4650.0,642.5833483333286
17,2,5,4800.0,571.0333466666657
17,2,5,4950.0,499.6166783333324
17,2,5,5100.0,428.2000099999991
17,2,5,5250.0,356.7833416666658
17,2,5,5400.0,285.3666733333325
17,2,5,5550.0,213.95000499999924
17,2,5,5700.0,142.63333666666495
17,2,5,5850.0,71.31666833333156
17,2,5,6000.0,-1.3642420526593924e-12
17,2,5,6150.0,-71.31666833333475
17,2,5,6300.0,-142.6333366666663
17,2,5,6450.0,-213.8333383333329
17,2,5,6600.0,-285.0333399999995
17,2,5,6750.0,-356.2333416666661
17,2,5,6900.0,-427.4333433333327
17,2,5,7050.0,-498.6333449999952
17,2,5,7200.0,-569.8166799999954
17,2,5,7350.0,-641.0000149999951
17,2,5,7500.0,-712.1833499999952
17,2,5,7650.0,-783.3666849999954
17,2,5,7800.0,-854.550019999992
17,2,5,7950.0,-925.7000216666584
17,2,5,8100.0,-996.8500233333252
17,2,5,8250.0,-1068.0000249999916
17,2,5,8400.0,-1139.1500266666585
17,2,5,8550.0,-1210.300028333325
17,2,5,8700.0,-1281.1000299999923
17,2,5,8850.0,-1351.9000316666597
17,2,5,9000.0,-1422.7000333333262
17,2,5,9150.0,-1493.5000349999927
17,2,5,9300.0,-1564.3000366666593
17,2,5,9450.0,-1635.0500383333283
17,2,5,9600.0,-1705.8000399999946
17,2,5,9750.0,-1776.5500416666619
17,2,5,9900.0,-1847.3000433333282
17,2,5,10050.0,-1918.0500449999945
17,2,5,10200.0,-1979.9333799999977
17,2,5,10350.0,-2041.8167149999972
17,2,5,10500.0,-2103.7000499999976
17,2,5,10650.0,-2165.583384999997
17,2,5,10800.0,-2227.4667199999967
17,2,4,1200.0,2292.3500533333245
17,2,4,1350.0,2220.500051666658
17,2,4,1500.0,2148.650049999991
17,2,4,1650.0,2076.8000483333244
17,2,4,1800.0,2004.9500466666582
17,2,4,1950.0,1933.1000449999915
17,2,4,2100.0,1861.2500433333248
17,2,4,2250.0,1789.4000416666581
17,2,4,2400.0,1717.5500399999914
17,2,4,2550.0,1645.7000383333288
17,2,4,2700.0,1574.0000366666623
17,2,4,2850.0,1502.3000349999957
17,2,4,3000.0,1430.6000333333288
17,2,4,3150.0,1358.9000316666622
17,2,4,3300.0,1287.2000299999956
17,2,4,3450.0,1215.516694999994
17,2,4,3600.0,1143.833359999994
17,2,4,3750.0,1072.150024999994
17,2,4,3900.0,1000.4666899999938
17,2,4,4050.0,928.783354999995
17,2,4,4200.0,857.2333533333285
17,2,4,4350.0,785.6833516666616
17,2,4,4500.0,714.1333499999951
17,2,4,4650.0,642.5833483333286
17,2,4,4800.0,571.0333466666657
17,2,4,4950.0,499.6166783333324
17,2,4,5100.0,428.2000099999991
17,2,4,5250.0,356.7833416666658
17,2,4,5400.0,285.3666733333325
17,2,4,5550.0,213.95000499999924
17,2,4,5700.0,142.63333666666495
17,2,4,5850.0,71.31666833333156
17,2,4,6000.0,-1.3642420526593924e-12
17,2,4,6150.0,-71.31666833333475
17,2,4,6300.0,-142.6333366666663
17,2,4,6450.0,-213.8333383333329
17,2,4,6600.0,-285.0333399999995
17,2,4,6750.0,-356.2333416666661
17,2,4,6900.0,-427.4333433333327
17,2,4,7050.0,-498.6333449999993
17,2,4,7200.0,-569.8166800000026
17,2,4,7350.0,-641.0000150000023
17,2,4,7500.0,-712.1833500000025
17,2,4,7650.0,-783.3666850000027
17,2,4,7800.0,-854.5500199999992
17,2,4,7950.0,-925.7000216666656
17,2,4,8100.0,-996.8500233333325
17,2,4,8250.0,-1068.000024999999
17,2,4,8400.0,-1139.1500266666658
17,2,4,8550.0,-1210.3000283333322
17,2,4,8700.0,-1281.1000299999996
17,2,4,8850.0,-1351.900031666667
17,2,4,9000.0,-1422.7000333333335
17,2,4,9150.0,-1493.500035
17,2,4,9300.0,-1564.3000366666647
17,2,4,9450.0,-1635.050038333332
17,2,4,9600.0,-1705.8000399999983
17,2,4,9750.0,-1776.5500416666655
17,2,4,9900.0,-1847.3000433333318
17,2,4,10050.0,-1918.0500449999981
17,2,4,10200.0,-1979.933380000005
17,2,4,10350.0,-2041.8167150000045
17,2,4,10500.0,-2103.700050000005
17,2,4,10650.0,-2165.5833850000045
17,2,4,10800.0,-2227.466720000005
17,2,3,1200.0,2292.35005333335
17,2,3,1350.0,2220.5000516666832
17,2,3,1500.0,2148.6500500000166
17,2,3,1650.0,2076.80004833335
17,2,3,1800.0,2004.9500466666836
17,2,3,1950.0,1933.100045000017
17,2,3,2100.0,1861.2500433333503
17,2,3,2250.0,1789.4000416666836
17,2,3,2400.0,1717.550040000017
17,2,3,2550.0,1645.7000383333502
17,2,3,2700.0,1574.000036666666
17,2,3,2850.0,1502.3000349999993
17,2,3,3000.0,1430.6000333333325
17,2,3,3150.0,1358.9000316666659
17,2,3,3300.0,1287.2000299999993
17,2,3,3450.0,1215.5166949999975
17,2,3,3600.0,1143.8333599999976
17,2,3,3750.0,1072.1500249999976
17,2,3,3900.0,1000.4666899999975
17,2,3,4050.0,928.7833549999975
17,2,3,4200.0,857.2333533333249
17,2,3,4350.0,785.6833516666579
17,2,3,4500.0,714.1333499999914
17,2,3,4650.0,642.5833483333249
17,2,3,4800.0,571.0333466666766
17,2,3,4950.0,499.6166783333433
17,2,3,5100.0,428.20001000001
17,2,3,5250.0,356.78334166667673
17,2,3,5400.0,285.36667333334344
17,2,3,5550.0,213.95000500001015
17,2,3,5700.0,142.63333666666495
17,2,3,5850.0,71.31666833333156
17,2,3,6000.0,-1.3642420526593924e-12
17,2,3,6150.0,-71.31666833333475
17,2,3,6300.0,-142.63333666666813
17,2,3,6450.0,-213.83333833334382
17,2,3,6600.0,-285.0333400000104
17,2,3,6750.0,-356.233341666677
17,2,3,6900.0,-427.4333433333436
17,2,3,7050.0,-498.63334500000246
17,2,3,7200.0,-569.8166800000026
17,2,3,7350.0,-641.0000150000023
17,2,3,7500.0,-712.1833500000025
17,2,3,7650.0,-783.3666850000027
17,2,3,7800.0,-854.5500200000024
17,2,3,7950.0,-925.7000216666729
17,2,3,8100.0,-996.8500233333398
17,2,3,8250.0,-1068.0000250000062
17,2,3,8400.0,-1139.150026666673
17,2,3,8550.0,-1210.3000283333372
17,2,3,8700.0,-1281.1000300000032
17,2,3,8850.0,-1351.9000316666707
17,2,3,9000.0,-1422.7000333333372
17,2,3,9150.0,-1493.5000350000037
17,2,3,9300.0,-1564.3000366666702
17,2,3,9450.0,-1635.0500383333429
17,2,3,9600.0,-1705.8000400000092
17,2,3,9750.0,-1776.5500416666764
17,2,3,9900.0,-1847.3000433333427
17,2,3,10050.0,-1918.0500450000081
17,2,3,10200.0,-1979.9333800000086
17,2,3,10350.0,-2041.8167150000081
17,2,3,10500.0,-2103.7000500000086
17,2,3,10650.0,-2165.583385000008
17,2,3,10800.0,-2227.4667200000085
17,2,2,1200.0,2292.35005333335
17,2,2,1350.0,2220.5000516666832
17,2,2,1500.0,2148.6500500000166
17,2,2,1650.0,2076.80004833335
17,2,2,1800.0,2004.9500466666836
17,2,2,1950.0,1933.100045000017
17,2,2,2100.0,1861.2500433333503
17,2,2,2250.0,1789.4000416666836
17,2,2,2400.0,1717.550040000017
17,2,2,2550.0,1645.7000383333502
17,2,2,2700.0,1574.0000366666804
17,2,2,2850.0,1502.3000350000138
17,2,2,3000.0,1430.600033333347
17,2,2,3150.0,1358.9000316666804
17,2,2,3300.0,1287.2000300000138
17,2,2,3450.0,1215.516695000012
17,2,2,3600.0,1143.8333600000121
17,2,2,3750.0,1072.1500250000122
17,2,2,3900.0,1000.466690000012
17,2,2,4050.0,928.7833550000121
17,2,2,4200.0,857.2333533333394
17,2,2,4350.0,785.6833516666725
17,2,2,4500.0,714.133350000006
17,2,2,4650.0,642.5833483333395
17,2,2,4800.0,571.0333466666725
17,2,2,4950.0,499.61667833332876
17,2,2,5100.0,428.2000099999955
17,2,2,5250.0,356.7833416666622
17,2,2,5400.0,285.3666733333289
17,2,2,5550.0,213.95000499999833
17,2,2,5700.0,142.63333666666495
17,2,2,5850.0,71.31666833333156
17,2,2,6000.0,-1.3642420526593924e-12
17,2,2,6150.0,-71.31666833333475
17,2,2,6300.0,-142.63333666666813
17,2,2,6450.0,-213.83333833334382
17,2,2,6600.0,-285.0333400000104
17,2,2,6750.0,-356.233341666677
17,2,2,6900.0,-427.4333433333436
17,2,2,7050.0,-498.6333450000102
17,2,2,7200.0,-569.8166800000172
17,2,2,7350.0,-641.0000150000169
17,2,2,7500.0,-712.1833500000171
17,2,2,7650.0,-783.3666850000172
17,2,2,7800.0,-854.550020000017
17,2,2,7950.0,-925.7000216666875
17,2,2,8100.0,-996.8500233333543
17,2,2,8250.0,-1068.0000250000207
17,2,2,8400.0,-1139.1500266666876
17,2,2,8550.0,-1210.3000283333517
17,2,2,8700.0,-1281.1000300000178
17,2,2,8850.0,-1351.9000316666852
17,2,2,9000.0,-1422.7000333333517
17,2,2,9150.0,-1493.5000350000182
17,2,2,9300.0,-1564.3000366666847
17,2,2,9450.0,-1635.0500383333574
17,2,2,9600.0,-1705.8000400000237
17,2,2,9750.0,-1776.550041666691
17,2,2,9900.0,-1847.3000433333573
17,2,2,10050.0,-1918.0500450000227
17,2,2,10200.0,-1979.9333800000231
17,2,2,10350.0,-2041.8167150000227
17,2,2,10500.0,-2103.700050000023
17,2,2,10650.0,-2165.5833850000226
17,2,2,10800.0,-2227.4667200000194
17,2,1,1200.0,2292.35005333335
17,2,1,1350.0,2220.5000516666832
17,2,1,1500.0,2148.6500500000166
17,2,1,1650.0,2076.80004833335
17,2,1,1800.0,2004.9500466666836
17,2,1,1950.0,1933.100045000017
17,2,1,2100.0,1861.2500433333503
17,2,1,2250.0,1789.4000416666836
17,2,1,2400.0,1717.550040000017
17,2,1,2550.0,1645.7000383333502
17,2,1,2700.0,1574.0000366666732
17,2,1,2850.0,1502.3000350000066
17,2,1,3000.0,1430.6000333333398
17,2,1,3150.0,1358.9000316666732
17,2,1,3300.0,1287.200030000012
17,2,1,3450.0,1215.516695000012
17,2,1,3600.0,1143.8333600000121
17,2,1,3750.0,1072.1500250000122
17,2,1,3900.0,1000.466690000012
17,2,1,4050.0,928.7833550000121
17,2,1,4200.0,857.2333533333394
17,2,1,4350.0,785.6833516666725
17,2,1,4500.0,714.133350000006
17,2,1,4650.0,642.5833483333395
17,2,1,4800.0,571.0333466666725
17,2,1,4950.0,499.61667833332876
17,2,1,5100.0,428.2000099999955
17,2,1,5250.0,356.7833416666622
17,2,1,5400.0,285.3666733333289
17,2,1,5550.0,213.95000499999833
17,2,1,5700.0,142.63333666666495
17,2,1,5850.0,71.31666833333156
17,2,1,6000.0,-1.3642420526593924e-12
17,2,1,6150.0,-71.31666833333475
17,2,1,6300.0,-142.63333666666813
17,2,1,6450.0,-213.83333833334382
17,2,1,6600.0,-285.0333400000104
17,2,1,6750.0,-356.233341666677
17,2,1,6900.0,-427.4333433333436
17,2,1,7050.0,-498.63334500000246
17,2,1,7200.0,-569.8166800000026
17,2,1,7350.0,-641.0000150000023
17,2,1,7500.0,-712.1833500000025
17,2,1,7650.0,-783.3666850000027
17,2,1,7800.0,-854.5500200000024
17,2,1,7950.0,-925.7000216666875
17,2,1,8100.0,-996.8500233333543
17,2,1,8250.0,-1068.0000250000207
17,2,1,8400.0,-1139.1500266666876
17,2,1,8550.0,-1210.3000283333445
17,2,1,8700.0,-1281.1000300000105
17,2,1,8850.0,-1351.900031666678
17,2,1,9000.0,-1422.7000333333444
17,2,1,9150.0,-1493.500035000011
17,2,1,9300.0,-1564.3000366666774
17,2,1,9450.0,-1635.0500383333501
17,2,1,9600.0,-1705.8000400000165
17,2,1,9750.0,-1776.5500416666837
17,2,1,9900.0,-1847.30004333335
17,2,1,10050.0,-1918.0500450000154
17,2,1,10200.0,-1979.9333800000159
17,2,1,10350.0,-2041.8167150000154
17,2,1,10500.0,-2103.700050000016
17,2,1,10650.0,-2165.5833850000154
17,2,1,10800.0,-2227.466720000016
17,2,0,1200.0,2292.350053333357
17,2,0,1350.0,2220.5000516666905
17,2,0,1500.0,2148.650050000024
17,2,0,1650.0,2076.800048333357
17,2,0,1800.0,2004.950046666691
17,2,0,1950.0,1933.1000450000242
17,2,0,2100.0,1861.2500433333576
17,2,0,2250.0,1789.4000416666909
17,2,0,2400.0,1717.5500400000242
17,2,0,2550.0,1645.7000383333575
17,2,0,2700.0,1574.0000366666804
17,2,0,2850.0,1502.3000350000138
17,2,0,3000.0,1430.600033333347
17,2,0,3150.0,1358.9000316666804
17,2,0,3300.0,1287.2000300000138
17,2,0,3450.0,1215.5166950000048
17,2,0,3600.0,1143.8333600000049
17,2,0,3750.0,1072.150025000005
17,2,0,3900.0,1000.4666900000047
17,2,0,4050.0,928.7833550000132
17,2,0,4200.0,857.2333533333467
17,2,0,4350.0,785.6833516666798
17,2,0,4500.0,714.1333500000133
17,2,0,4650.0,642.5833483333467
17,2,0,4800.0,571.0333466666798
17,2,0,4950.0,499.6166783333433
17,2,0,5100.0,428.20001000001
17,2,0,5250.0,356.78334166667673
17,2,0,5400.0,285.36667333334344
17,2,0,5550.0,213.95000500001015
17,2,0,5700.0,142.63333666666495
17,2,0,5850.0,71.31666833333156
17,2,0,6000.0,-1.3642420526593924e-12
17,2,0,6150.0,-71.31666833333475
17,2,0,6300.0,-142.63333666666813
17,2,0,6450.0,-213.83333833334382
17,2,0,6600.0,-285.0333400000104
17,2,0,6750.0,-356.233341666677
17,2,0,6900.0,-427.4333433333436
17,2,0,7050.0,-498.63334500000246
17,2,0,7200.0,-569.8166800000026
17,2,0,7350.0,-641.0000150000023
17,2,0,7500.0,-712.1833500000025
17,2,0,7650.0,-783.3666850000027
17,2,0,7800.0,-854.5500200000024
17,2,0,7950.0,-925.7000216666729
17,2,0,8100.0,-996.8500233333398
17,2,0,8250.0,-1068.0000250000062
17,2,0,8400.0,-1139.150026666673
17,2,0,8550.0,-1210.3000283333395
17,2,0,8700.0,-1281.1000300000105
17,2,0,8850.0,-1351.900031666678
17,2,0,9000.0,-1422.7000333333444
17,2,0,9150.0,-1493.500035000011
17,2,0,9300.0,-1564.3000366666774
17,2,0,9450.0,-1635.0500383333501
17,2,0,9600.0,-1705.8000400000165
17,2,0,9750.0,-1776.5500416666837
17,2,0,9900.0,-1847.30004333335
17,2,0,10050.0,-1918.0500450000154
17,2,0,10200.0,-1979.9333800000159
17,2,0,10350.0,-2041.8167150000154
17,2,0,10500.0,-2103.700050000016
17,2,0,10650.0,-2165.5833850000154
17,2,0,10800.0,-2227.466720000012
17,3,6,1200.0,2292.3500533333427
17,3,6,1350.0,2220.500051666676
17,3,6,1500.0,2148.6500500000093
17,3,6,1650.0,2076.8000483333426
17,3,6,1800.0,2004.9500466666764
17,3,6,1950.0,1933.1000450000097
17,3,6,2100.0,1861.250043333343
17,3,6,2250.0,1789.4000416666763
17,3,6,2400.0,1717.5500400000096
17,3,6,2550.0,1645.700038333343
17,3,6,2700.0,1574.000036666666
17,3,6,2850.0,1502.3000349999993
17,3,6,3000.0,1430.6000333333325
17,3,6,3150.0,1358.9000316666659
17,3,6,3300.0,1287.2000300000047
17,3,6,3450.0,1215.5166950000048
17,3,6,3600.0,1143.8333600000049
17,3,6,3750.0,1072.150025000005
17,3,6,3900.0,1000.4666900000047
17,3,6,4050.0,928.7833550000048
17,3,6,4200.0,857.2333533333322
17,3,6,4350.0,785.6833516666652
17,3,6,4500.0,714.1333499999987
17,3,6,4650.0,642.5833483333322
17,3,6,4800.0,571.0333466666693
17,3,6,4950.0,499.61667833333604
17,3,6,5100.0,428.20001000000275
17,3,6,5250.0,356.78334166666946
17,3,6,5400.0,285.36667333333617
17,3,6,5550.0,213.95000500000288
17,3,6,5700.0,142.63333666666495
17,3,6,5850.0,71.31666833333156
17,3,6,6000.0,-1.3642420526593924e-12
17,3,6,6150.0,-71.31666833333475
17,3,6,6300.0,-142.63333666666813
17,3,6,6450.0,-213.83333833334382
17,3,6,6600.0,-285.0333400000104
17,3,6,6750.0,-356.233341666677
17,3,6,6900.0,-427.4333433333436
17,3,6,7050.0,-498.6333450000102
17,3,6,7200.0,-569.8166800000172
17,3,6,7350.0,-641.0000150000169
17,3,6,7500.0,-712.1833500000171
17,3,6,7650.0,-783.3666850000172
17,3,6,7800.0,-854.550020000017
17,3,6,7950.0,-925.7000216666875
17,3,6,8100.0,-996.8500233333543
17,3,6,8250.0,-1068.0000250000207
17,3,6,8400.0,-1139.1500266666876
17,3,6,8550.0,-1210.300028333354
17,3,6,8700.0,-1281.100030000025
17,3,6,8850.0,-1351.9000316666925
17,3,6,9000.0,-1422.700033333359
17,3,6,9150.0,-1493.5000350000255
17,3,6,9300.0,-1564.300036666692
17,3,6,9450.0,-1635.0500383333647
17,3,6,9600.0,-1705.800040000031
17,3,6,9750.0,-1776.5500416666982
17,3,6,9900.0,-1847.3000433333646
17,3,6,10050.0,-1918.05004500003
17,3,6,10200.0,-1979.9333800000304
17,3,6,10350.0,-2041.81671500003
17,3,6,10500.0,-2103.7000500000304
17,3,6,10650.0,-2165.58338500003
17,3,6,10800.0,-2227.4667200000304
17,3,5,1200.0,2292.3500533333245
17,3,5,1350.0,2220.500051666658
17,3,5,1500.0,2148.650049999991
17,3,5,1650.0,2076.8000483333244
17,3,5,1800.0,2004.9500466666582
17,3,5,1950.0,1933.1000449999915
17,3,5,2100.0,1861.2500433333248
17,3,5,2250.0,1789.4000416666581
17,3,5,2400.0,1717.5500399999914
17,3,5,2550.0,1645.7000383333288
17,3,5,2700.0,1574.0000366666623
17,3,5,2850.0,1502.3000349999957
17,3,5,3000.0,1430.6000333333288
17,3,5,3150.0,1358.9000316666622
17,3,5,3300.0,1287.200030000001
17,3,5,3450.0,1215.5166950000012
17,3,5,3600.0,1143.8333600000012
17,3,5,3750.0,1072.1500250000013
17,3,5,3900.0,1000.4666900000011
17,3,5,4050.0,928.7833550000012
17,3,5,4200.0,857.2333533333322
17,3,5,4350.0,785.6833516666652
17,3,5,4500.0,714.1333499999987
17,3,5,4650.0,642.5833483333322
17,3,5,4800.0,571.0333466666657
17,3,5,4950.0,499.6166783333324
17,3,5,5100.0,428.2000099999991
17,3,5,5250.0,356.7833416666658
17,3,5,5400.0,285.3666733333325
17,3,5,5550.0,213.95000499999924
17,3,5,5700.0,142.63333666666495
17,3,5,5850.0,71.31666833333156
17,3,5,6000.0,-1.3642420526593924e-12
17,3,5,6150.0,-71.31666833333475
17,3,5,6300.0,-142.6333366666663
17,3,5,6450.0,-213.8333383333329
17,3,5,6600.0,-285.0333399999995
17,3,5,6750.0,-356.2333416666661
17,3,5,6900.0,-427.4333433333327
17,3,5,7050.0,-498.63334499999155
17,3,5,7200.0,-569.8166799999917
17,3,5,7350.0,-641.0000149999914
17,3,5,7500.0,-712.1833499999916
17,3,5,7650.0,-783.3666849999918
17,3,5,7800.0,-854.5500199999915
17,3,5,7950.0,-925.7000216666584
17,3,5,8100.0,-996.8500233333252
17,3,5,8250.0,-1068.0000249999916
17,3,5,8400.0,-1139.1500266666585
17,3,5,8550.0,-1210.300028333319
17,3,5,8700.0,-1281.100029999985
17,3,5,8850.0,-1351.9000316666525
17,3,5,9000.0,-1422.700033333319
17,3,5,9150.0,-1493.5000349999855
17,3,5,9300.0,-1564.300036666652
17,3,5,9450.0,-1635.050038333321
17,3,5,9600.0,-1705.8000399999873
17,3,5,9750.0,-1776.5500416666546
17,3,5,9900.0,-1847.300043333321
17,3,5,10050.0,-1918.0500449999863
17,3,5,10200.0,-1979.9333799999868
17,3,5,10350.0,-2041.8167149999863
17,3,5,10500.0,-2103.7000499999867
17,3,5,10650.0,-2165.5833849999863
17,3,5,10800.0,-2227.4667199999867
17,3,4,1200.0,2292.3500533333317
17,3,4,1350.0,2220.500051666665
17,3,4,1500.0,2148.6500499999984
17,3,4,1650.0,2076.8000483333317
17,3,4,1800.0,2004.9500466666655
17,3,4,1950.0,1933.1000449999988
17,3,4,2100.0,1861.250043333332
17,3,4,2250.0,1789.4000416666654
17,3,4,2400.0,1717.5500399999987
17,3,4,2550.0,1645.700038333332
17,3,4,2700.0,1574.0000366666623
17,3,4,2850.0,1502.3000349999957
17,3,4,3000.0,1430.6000333333288
17,3,4,3150.0,1358.9000316666622
17,3,4,3300.0,1287.200030000001
17,3,4,3450.0,1215.5166950000012
17,3,4,3600.0,1143.8333600000012
17,3,4,3750.0,1072.1500250000013
17,3,4,3900.0,1000.4666900000011
17,3,4,4050.0,928.7833550000023
17,3,4,4200.0,857.2333533333358
17,3,4,4350.0,785.6833516666688
17,3,4,4500.0,714.1333500000023
17,3,4,4650.0,642.5833483333358
17,3,4,4800.0,571.0333466666689
17,3,4,4950.0,499.6166783333324
17,3,4,5100.0,428.2000099999991
17,3,4,5250.0,356.7833416666658
17,3,4,5400.0,285.3666733333325
17,3,4,5550.0,213.95000499999924
17,3,4,5700.0,142.63333666666495
17,3,4,5850.0,71.31666833333156
17,3,4,6000.0,-1.3642420526593924e-12
17,3,4,6150.0,-71.31666833333475
17,3,4,6300.0,-142.6333366666663
17,3,4,6450.0,-213.8333383333329
17,3,4,6600.0,-285.0333399999995
17,3,4,6750.0,-356.2333416666661
17,3,4,6900.0,-427.4333433333327
17,3,4,7050.0,-498.6333449999988
17,3,4,7200.0,-569.816679999999
17,3,4,7350.0,-641.0000149999987
17,3,4,7500.0,-712.1833499999989
17,3,4,7650.0,-783.366684999999
17,3,4,7800.0,-854.5500199999956
17,3,4,7950.0,-925.700021666662
17,3,4,8100.0,-996.8500233333289
17,3,4,8250.0,-1068.0000249999953
17,3,4,8400.0,-1139.1500266666621
17,3,4,8550.0,-1210.3000283333286
17,3,4,8700.0,-1281.100029999996
17,3,4,8850.0,-1351.9000316666634
17,3,4,9000.0,-1422.7000333333299
17,3,4,9150.0,-1493.5000349999964
17,3,4,9300.0,-1564.300036666663
17,3,4,9450.0,-1635.050038333332
17,3,4,9600.0,-1705.8000399999983
17,3,4,9750.0,-1776.5500416666655
17,3,4,9900.0,-1847.3000433333318
17,3,4,10050.0,-1918.0500449999972
17,3,4,10200.0,-1979.9333799999977
17,3,4,10350.0,-2041.8167149999972
17,3,4,10500.0,-2103.7000499999976
17,3,4,10650.0,-2165.583384999997
17,3,4,10800.0,-2227.4667199999976
17,3,3,1200.0,2292.35005333335
17,3,3,1350.0,2220.5000516666832
17,3,3,1500.0,2148.6500500000166
17,3,3,1650.0,2076.80004833335
17,3,3,1800.0,2004.9500466666836
17,3,3,1950.0,1933.100045000017
17,3,3,2100.0,1861.2500433333503
17,3,3,2250.0,1789.4000416666836
17,3,3,2400.0,1717.550040000017
17,3,3,2550.0,1645.7000383333502
17,3,3,2700.0,1574.0000366666732
17,3,3,2850.0,1502.3000350000066
17,3,3,3000.0,1430.6000333333398
17,3,3,3150.0,1358.9000316666732
17,3,3,3300.0,1287.200030000012
17,3,3,3450.0,1215.516695000012
17,3,3,3600.0,1143.8333600000121
17,3,3,3750.0,1072.1500250000122
17,3,3,3900.0,1000.466690000012
17,3,3,4050.0,928.7833550000121
17,3,3,4200.0,857.2333533333394
17,3,3,4350.0,785.6833516666725
17,3,3,4500.0,714.133350000006
17,3,3,4650.0,642.5833483333395
17,3,3,4800.0,571.0333466666725
17,3,3,4950.0,499.61667833333604
17,3,3,5100.0,428.20001000000275
17,3,3,5250.0,356.78334166666946
17,3,3,5400.0,285.36667333333617
17,3,3,5550.0,213.95000500000288
17,3,3,5700.0,142.63333666666495
17,3,3,5850.0,71.31666833333156
17,3,3,6000.0,-1.3642420526593924e-12
17,3,3,6150.0,-71.31666833333475
17,3,3,6300.0,-142.63333666666813
17,3,3,6450.0,-213.83333833333654
17,3,3,6600.0,-285.03334000000314
17,3,3,6750.0,-356.23334166666973
17,3,3,6900.0,-427.4333433333363
17,3,3,7050.0,-498.63334500000246
17,3,3,7200.0,-569.8166800000026
17,3,3,7350.0,-641.0000150000023
17,3,3,7500.0,-712.1833500000025
17,3,3,7650.0,-783.3666850000027
17,3,3,7800.0,-854.5500200000024
17,3,3,7950.0,-925.7000216666802
17,3,3,8100.0,-996.850023333347
17,3,3,8250.0,-1068.0000250000135
17,3,3,8400.0,-1139.1500266666803
17,3,3,8550.0,-1210.3000283333445
17,3,3,8700.0,-1281.1000300000105
17,3,3,8850.0,-1351.900031666678
17,3,3,9000.0,-1422.7000333333444
17,3,3,9150.0,-1493.500035000011
17,3,3,9300.0,-1564.3000366666756
17,3,3,9450.0,-1635.0500383333429
17,3,3,9600.0,-1705.8000400000092
17,3,3,9750.0,-1776.5500416666764
17,3,3,9900.0,-1847.3000433333427
17,3,3,10050.0,-1918.0500450000081
17,3,3,10200.0,-1979.9333800000086
17,3,3,10350.0,-2041.8167150000081
17,3,3,10500.0,-2103.7000500000086
17,3,3,10650.0,-2165.583385000008
17,3,3,10800.0,-2227.4667200000085
17,3,2,1200.0,2292.3500533333645
17,3,2,1350.0,2220.500051666698
17,3,2,1500.0,2148.650050000031
17,3,2,1650.0,2076.8000483333644
17,3,2,1800.0,2004.9500466666982
17,3,2,1950.0,1933.1000450000315
17,3,2,2100.0,1861.2500433333648
17,3,2,2250.0,1789.4000416666981
17,3,2,2400.0,1717.5500400000315
17,3,2,2550.0,1645.7000383333648
17,3,2,2700.0,1574.0000366666877
17,3,2,2850.0,1502.3000350000211
17,3,2,3000.0,1430.6000333333543
17,3,2,3150.0,1358.9000316666877
17,3,2,3300.0,1287.2000300000211
17,3,2,3450.0,1215.5166950000194
17,3,2,3600.0,1143.8333600000194
17,3,2,3750.0,1072.1500250000195
17,3,2,3900.0,1000.4666900000193
17,3,2,4050.0,928.7833550000205
17,3,2,4200.0,857.233353333354
17,3,2,4350.0,785.683351666687
17,3,2,4500.0,714.1333500000205
17,3,2,4650.0,642.583348333354
17,3,2,4800.0,571.0333466666871
17,3,2,4950.0,499.6166783333433
17,3,2,5100.0,428.20001000001
17,3,2,5250.0,356.78334166667673
17,3,2,5400.0,285.36667333334344
17,3,2,5550.0,213.95000500001015
17,3,2,5700.0,142.63333666666495
17,3,2,5850.0,71.31666833333156
17,3,2,6000.0,-1.3642420526593924e-12
17,3,2,6150.0,-71.31666833333475
17,3,2,6300.0,-142.63333666666813
17,3,2,6450.0,-213.83333833333654
17,3,2,6600.0,-285.03334000000314
17,3,2,6750.0,-356.23334166666973
17,3,2,6900.0,-427.4333433333363
17,3,2,7050.0,-498.63334500000246
17,3,2,7200.0,-569.8166800000026
17,3,2,7350.0,-641.0000150000023
17,3,2,7500.0,-712.1833500000025
17,3,2,7650.0,-783.3666850000027
17,3,2,7800.0,-854.5500200000024
17,3,2,7950.0,-925.7000216666802
17,3,2,8100.0,-996.850023333347
17,3,2,8250.0,-1068.0000250000135
17,3,2,8400.0,-1139.1500266666803
17,3,2,8550.0,-1210.3000283333445
17,3,2,8700.0,-1281.1000300000105
17,3,2,8850.0,-1351.900031666678
17,3,2,9000.0,-1422.7000333333444
17,3,2,9150.0,-1493.500035000011
17,3,2,9300.0,-1564.3000366666756
17,3,2,9450.0,-1635.0500383333429
17,3,2,9600.0,-1705.8000400000092
17,3,2,9750.0,-1776.5500416666764
17,3,2,9900.0,-1847.3000433333427
17,3,2,10050.0,-1918.0500450000081
17,3,2,10200.0,-1979.9333800000086
17,3,2,10350.0,-2041.8167150000081
17,3,2,10500.0,-2103.7000500000086
17,3,2,10650.0,-2165.583385000008
17,3,2,10800.0,-2227.4667200000085
17,3,1,1200.0,2292.350053333357
17,3,1,1350.0,2220.5000516666905
17,3,1,1500.0,2148.650050000024
17,3,1,1650.0,2076.800048333357
17,3,1,1800.0,2004.950046666691
17,3,1,1950.0,1933.1000450000242
17,3,1,2100.0,1861.2500433333576
17,3,1,2250.0,1789.4000416666909
17,3,1,2400.0,1717.5500400000242
17,3,1,2550.0,1645.7000383333575
17,3,1,2700.0,1574.0000366666804
17,3,1,2850.0,1502.3000350000138
17,3,1,3000.0,1430.600033333347
17,3,1,3150.0,1358.9000316666804
17,3,1,3300.0,1287.2000300000193
17,3,1,3450.0,1215.5166950000194
17,3,1,3600.0,1143.8333600000194
17,3,1,3750.0,1072.1500250000195
17,3,1,3900.0,1000.4666900000193
17,3,1,4050.0,928.7833550000194
17,3,1,4200.0,857.2333533333467
17,3,1,4350.0,785.6833516666798
17,3,1,4500.0,714.1333500000133
17,3,1,4650.0,642.5833483333467
17,3,1,4800.0,571.0333466666798
17,3,1,4950.0,499.6166783333433
17,3,1,5100.0,428.20001000001
17,3,1,5250.0,356.78334166667673
17,3,1,5400.0,285.36667333334344
17,3,1,5550.0,213.95000500001015
17,3,1,5700.0,142.63333666666495
17,3,1,5850.0,71.31666833333156
17,3,1,6000.0,-1.3642420526593924e-12
17,3,1,6150.0,-71.31666833333475
17,3,1,6300.0,-142.63333666666813
17,3,1,6450.0,-213.83333833334382
17,3,1,6600.0,-285.0333400000104
17,3,1,6750.0,-356.233341666677
17,3,1,6900.0,-427.4333433333436
17,3,1,7050.0,-498.63334500000246
17,3,1,7200.0,-569.8166800000026
17,3,1,7350.0,-641.0000150000023
17,3,1,7500.0,-712.1833500000025
17,3,1,7650.0,-783.3666850000027
17,3,1,7800.0,-854.5500200000024
17,3,1,7950.0,-925.7000216666729
17,3,1,8100.0,-996.8500233333398
17,3,1,8250.0,-1068.0000250000062
17,3,1,8400.0,-1139.150026666673
17,3,1,8550.0,-1210.3000283333395
17,3,1,8700.0,-1281.1000300000105
17,3,1,8850.0,-1351.900031666678
17,3,1,9000.0,-1422.7000333333444
17,3,1,9150.0,-1493.500035000011
17,3,1,9300.0,-1564.3000366666774
17,3,1,9450.0,-1635.0500383333501
17,3,1,9600.0,-1705.8000400000165
17,3,1,9750.0,-1776.5500416666837
17,3,1,9900.0,-1847.30004333335
17,3,1,10050.0,-1918.0500450000154
17,3,1,10200.0,-1979.9333800000159
17,3,1,10350.0,-2041.8167150000154
17,3,1,10500.0,-2103.700050000016
17,3,1,10650.0,-2165.5833850000154
17,3,1,10800.0,-2227.4667200000113
17,3,0,1200.0,2292.35005333335
17,3,0,1350.0,2220.5000516666832
17,3,0,1500.0,2148.6500500000166
17,3,0,1650.0,2076.80004833335
17,3,0,1800.0,2004.9500466666836
17,3,0,1950.0,1933.100045000017
17,3,0,2100.0,1861.2500433333503
17,3,0,2250.0,1789.4000416666836
17,3,0,2400.0,1717.550040000017
17,3,0,2550.0,1645.7000383333502
17,3,0,2700.0,1574.000036666666
17,3,0,2850.0,1502.3000349999993
17,3,0,3000.0,1430.6000333333325
17,3,0,3150.0,1358.9000316666659
17,3,0,3300.0,1287.2000300000047
17,3,0,3450.0,1215.5166950000048
17,3,0,3600.0,1143.8333600000049
17,3,0,3750.0,1072.150025000005
17,3,0,3900.0,1000.4666900000047
17,3,0,4050.0,928.7833550000132
17,3,0,4200.0,857.2333533333467
17,3,0,4350.0,785.6833516666798
17,3,0,4500.0,714.1333500000133
17,3,0,4650.0,642.5833483333467
17,3,0,4800.0,571.0333466666798
17,3,0,4950.0,499.61667833333604
17,3,0,5100.0,428.20001000000275
17,3,0,5250.0,356.78334166666946
17,3,0,5400.0,285.36667333333617
17,3,0,5550.0,213.95000500000288
17,3,0,5700.0,142.63333666666495
17,3,0,5850.0,71.31666833333156
17,3,0,6000.0,-1.3642420526593924e-12
17,3,0,6150.0,-71.31666833333475
17,3,0,6300.0,-142.63333666666267
17,3,0,6450.0,-213.83333833332927
17,3,0,6600.0,-285.03333999999586
17,3,0,6750.0,-356.23334166666245
17,3,0,6900.0,-427.43334333332905
17,3,0,7050.0,-498.6333449999952
17,3,0,7200.0,-569.8166799999954
17,3,0,7350.0,-641.0000149999951
17,3,0,7500.0,-712.1833499999952
17,3,0,7650.0,-783.3666849999954
17,3,0,7800.0,-854.5500199999951
17,3,0,7950.0,-925.7000216666729
17,3,0,8100.0,-996.8500233333398
17,3,0,8250.0,-1068.0000250000062
17,3,0,8400.0,-1139.150026666673
17,3,0,8550.0,-1210.3000283333395
17,3,0,8700.0,-1281.1000300000105
17,3,0,8850.0,-1351.900031666678
17,3,0,9000.0,-1422.7000333333444
17,3,0,9150.0,-1493.500035000011
17,3,0,9300.0,-1564.3000366666683
17,3,0,9450.0,-1635.0500383333356
17,3,0,9600.0,-1705.800040000002
17,3,0,9750.0,-1776.5500416666691
17,3,0,9900.0,-1847.3000433333355
17,3,0,10050.0,-1918.0500450000009
17,3,0,10200.0,-1979.9333800000013
17,3,0,10350.0,-2041.8167150000008
17,3,0,10500.0,-2103.7000500000013
17,3,0,10650.0,-2165.583385000001
17,3,0,10800.0,-2227.4667200000013
17,4,6,1200.0,2292.350053333401
17,4,6,1350.0,2220.500051666734
17,4,6,1500.0,2148.6500500000675
17,4,6,1650.0,2076.800048333401
17,4,6,1800.0,2004.9500466667346
17,4,6,1950.0,1933.100045000068
17,4,6,2100.0,1861.2500433334012
17,4,6,2250.0,1789.4000416667345
17,4,6,2400.0,1717.5500400000678
17,4,6,2550.0,1645.7000383334012
17,4,6,2700.0,1574.000036666702
17,4,6,2850.0,1502.3000350000355
17,4,6,3000.0,1430.6000333333689
17,4,6,3150.0,1358.900031666702
17,4,6,3300.0,1287.2000300000354
17,4,6,3450.0,1215.5166950000266
17,4,6,3600.0,1143.8333600000267
17,4,6,3750.0,1072.1500250000267
17,4,6,3900.0,1000.4666900000266
17,4,6,4050.0,928.7833550000266
17,4,6,4200.0,857.2333533333538
17,4,6,4350.0,785.683351666687
17,4,6,4500.0,714.1333500000205
17,4,6,4650.0,642.5833483333536
17,4,6,4800.0,571.0333466666871
17,4,6,4950.0,499.61667833333604
17,4,6,5100.0,428.20001000000275
17,4,6,5250.0,356.78334166666946
17,4,6,5400.0,285.36667333333617
17,4,6,5550.0,213.95000500000288
17,4,6,5700.0,142.63333666666495
17,4,6,5850.0,71.31666833333156
17,4,6,6000.0,-1.3642420526593924e-12
17,4,6,6150.0,-71.31666833333475
17,4,6,6300.0,-142.63333666666813
17,4,6,6450.0,-213.8333383333361
17,4,6,6600.0,-285.0333400000027
17,4,6,6750.0,-356.2333416666693
17,4,6,6900.0,-427.43334333333587
17,4,6,7050.0,-498.63334500000246
17,4,6,7200.0,-569.8166800000031
17,4,6,7350.0,-641.0000150000028
17,4,6,7500.0,-712.183350000003
17,4,6,7650.0,-783.3666850000031
17,4,6,7800.0,-854.5500200000029
17,4,6,7950.0,-925.7000216666875
17,4,6,8100.0,-996.8500233333543
17,4,6,8250.0,-1068.0000250000207
17,4,6,8400.0,-1139.1500266666876
17,4,6,8550.0,-1210.3000283333445
17,4,6,8700.0,-1281.1000300000105
17,4,6,8850.0,-1351.900031666678
17,4,6,9000.0,-1422.7000333333444
17,4,6,9150.0,-1493.500035000011
17,4,6,9300.0,-1564.3000366666774
17,4,6,9450.0,-1635.0500383333501
17,4,6,9600.0,-1705.8000400000165
17,4,6,9750.0,-1776.5500416666837
17,4,6,9900.0,-1847.30004333335
17,4,6,10050.0,-1918.0500450000154
17,4,6,10200.0,-1979.9333800000159
17,4,6,10350.0,-2041.8167150000154
17,4,6,10500.0,-2103.700050000016
17,4,6,10650.0,-2165.5833850000154
17,4,6,10800.0,-2227.466720000013
17,4,5,1200.0,2292.350053333328
17,4,5,1350.0,2220.5000516666614
17,4,5,1500.0,2148.6500499999947
17,4,5,1650.0,2076.800048333328
17,4,5,1800.0,2004.9500466666618
17,4,5,1950.0,1933.1000449999951
17,4,5,2100.0,1861.2500433333284
17,4,5,2250.0,1789.4000416666618
17,4,5,2400.0,1717.550039999995
17,4,5,2550.0,1645.7000383333284
17,4,5,2700.0,1574.0000366666584
17,4,5,2850.0,1502.3000349999918
17,4,5,3000.0,1430.6000333333252
17,4,5,3150.0,1358.9000316666584
17,4,5,3300.0,1287.2000300000047
17,4,5,3450.0,1215.5166950000048
17,4,5,3600.0,1143.8333600000049
17,4,5,3750.0,1072.150025000005
17,4,5,3900.0,1000.4666900000047
17,4,5,4050.0,928.7833550000048
17,4,5,4200.0,857.2333533333288
17,4,5,4350.0,785.683351666662
17,4,5,4500.0,714.1333499999955
17,4,5,4650.0,642.5833483333286
17,4,5,4800.0,571.033346666662
17,4,5,4950.0,499.61667833332876
17,4,5,5100.0,428.2000099999955
17,4,5,5250.0,356.7833416666622
17,4,5,5400.0,285.3666733333289
17,4,5,5550.0,213.95000499999833
17,4,5,5700.0,142.63333666666495
17,4,5,5850.0,71.31666833333156
17,4,5,6000.0,-1.3642420526593924e-12
17,4,5,6150.0,-71.31666833333475
17,4,5,6300.0,-142.63333666666813
17,4,5,6450.0,-213.83333833333654
17,4,5,6600.0,-285.03334000000314
17,4,5,6750.0,-356.23334166666973
17,4,5,6900.0,-427.4333433333363
17,4,5,7050.0,-498.6333449999988
17,4,5,7200.0,-569.816679999999
17,4,5,7350.0,-641.0000149999987
17,4,5,7500.0,-712.1833499999989
17,4,5,7650.0,-783.366684999999
17,4,5,7800.0,-854.5500199999883
17,4,5,7950.0,-925.7000216666547
17,4,5,8100.0,-996.8500233333216
17,4,5,8250.0,-1068.000024999988
17,4,5,8400.0,-1139.1500266666549
17,4,5,8550.0,-1210.3000283333158
17,4,5,8700.0,-1281.1000299999823
17,4,5,8850.0,-1351.9000316666488
17,4,5,9000.0,-1422.7000333333153
17,4,5,9150.0,-1493.5000349999827
17,4,5,9300.0,-1564.3000366666465
17,4,5,9450.0,-1635.0500383333138
17,4,5,9600.0,-1705.80003999998
17,4,5,9750.0,-1776.5500416666473
17,4,5,9900.0,-1847.3000433333136
17,4,5,10050.0,-1918.050044999979
17,4,5,10200.0,-1979.9333799999795
17,4,5,10350.0,-2041.816714999979
17,4,5,10500.0,-2103.7000499999795
17,4,5,10650.0,-2165.583384999979
17,4,5,10800.0,-2227.4667199999785
17,4,4,1200.0,2292.3500533333245
17,4,4,1350.0,2220.500051666658
17,4,4,1500.0,2148.650049999991
17,4,4,1650.0,2076.8000483333244
17,4,4,1800.0,2004.9500466666582
17,4,4,1950.0,1933.1000449999915
17,4,4,2100.0,1861.2500433333248
17,4,4,2250.0,1789.4000416666581
17,4,4,2400.0,1717.5500399999914
17,4,4,2550.0,1645.7000383333248
17,4,4,2700.0,1574.0000366666548
17,4,4,2850.0,1502.3000349999882
17,4,4,3000.0,1430.6000333333216
17,4,4,3150.0,1358.9000316666547
17,4,4,3300.0,1287.2000299999938
17,4,4,3450.0,1215.516694999994
17,4,4,3600.0,1143.833359999994
17,4,4,3750.0,1072.150024999994
17,4,4,3900.0,1000.4666899999938
17,4,4,4050.0,928.7833549999984
17,4,4,4200.0,857.2333533333319
17,4,4,4350.0,785.6833516666652
17,4,4,4500.0,714.1333499999987
17,4,4,4650.0,642.5833483333317
17,4,4,4800.0,571.0333466666661
17,4,4,4950.0,499.61667833333286
17,4,4,5100.0,428.20000999999957
17,4,4,5250.0,356.7833416666663
17,4,4,5400.0,285.366673333333
17,4,4,5550.0,213.9500049999997
17,4,4,5700.0,142.63333666666495
17,4,4,5850.0,71.31666833333156
17,4,4,6000.0,-1.3642420526593924e-12
17,4,4,6150.0,-71.31666833333475
17,4,4,6300.0,-142.6333366666663
17,4,4,6450.0,-213.8333383333329
17,4,4,6600.0,-285.0333399999995
17,4,4,6750.0,-356.2333416666661
17,4,4,6900.0,-427.4333433333327
17,4,4,7050.0,-498.6333449999988
17,4,4,7200.0,-569.816679999999
17,4,4,7350.0,-641.0000149999987
17,4,4,7500.0,-712.1833499999989
17,4,4,7650.0,-783.366684999999
17,4,4,7800.0,-854.5500199999988
17,4,4,7950.0,-925.7000216666656
17,4,4,8100.0,-996.8500233333325
17,4,4,8250.0,-1068.000024999999
17,4,4,8400.0,-1139.1500266666658
17,4,4,8550.0,-1210.3000283333322
17,4,4,8700.0,-1281.1000299999996
17,4,4,8850.0,-1351.900031666667
17,4,4,9000.0,-1422.7000333333335
17,4,4,9150.0,-1493.500035
17,4,4,9300.0,-1564.3000366666647
17,4,4,9450.0,-1635.050038333331
17,4,4,9600.0,-1705.8000399999983
17,4,4,9750.0,-1776.5500416666646
17,4,4,9900.0,-1847.300043333331
17,4,4,10050.0,-1918.0500449999972
17,4,4,10200.0,-1979.9333799999977
17,4,4,10350.0,-2041.8167149999972
17,4,4,10500.0,-2103.7000499999976
17,4,4,10650.0,-2165.583384999997
17,4,4,10800.0,-2227.4667199999976
17,4,3,1200.0,2292.3500533333354
17,4,3,1350.0,2220.5000516666687
17,4,3,1500.0,2148.650050000002
17,4,3,1650.0,2076.8000483333353
17,4,3,1800.0,2004.950046666669
17,4,3,1950.0,1933.1000450000024
17,4,3,2100.0,1861.2500433333357
17,4,3,2250.0,1789.400041666669
17,4,3,2400.0,1717.5500400000024
17,4,3,2550.0,1645.7000383333357
17,4,3,2700.0,1574.0000366666584
17,4,3,2850.0,1502.3000349999918
17,4,3,3000.0,1430.6000333333252
17,4,3,3150.0,1358.9000316666584
17,4,3,3300.0,1287.2000300000047
17,4,3,3450.0,1215.5166950000048
17,4,3,3600.0,1143.8333600000049
17,4,3,3750.0,1072.150025000005
17,4,3,3900.0,1000.4666900000047
17,4,3,4050.0,928.7833550000048
17,4,3,4200.0,857.2333533333324
17,4,3,4350.0,785.6833516666657
17,4,3,4500.0,714.1333499999992
17,4,3,4650.0,642.5833483333322
17,4,3,4800.0,571.0333466666657
17,4,3,4950.0,499.61667833332876
17,4,3,5100.0,428.2000099999955
17,4,3,5250.0,356.7833416666622
17,4,3,5400.0,285.36667333332844
17,4,3,5550.0,213.95000499999833
17,4,3,5700.0,142.63333666666495
17,4,3,5850.0,71.31666833333156
17,4,3,6000.0,-1.3642420526593924e-12
17,4,3,6150.0,-71.31666833333475
17,4,3,6300.0,-142.63333666666813
17,4,3,6450.0,-213.83333833335064
17,4,3,6600.0,-285.03334000001723
17,4,3,6750.0,-356.2333416666838
17,4,3,6900.0,-427.4333433333504
17,4,3,7050.0,-498.63334500000974
17,4,3,7200.0,-569.8166800000099
17,4,3,7350.0,-641.0000150000096
17,4,3,7500.0,-712.1833500000098
17,4,3,7650.0,-783.36668500001
17,4,3,7800.0,-854.5500199999992
17,4,3,7950.0,-925.7000216666656
17,4,3,8100.0,-996.8500233333325
17,4,3,8250.0,-1068.000024999999
17,4,3,8400.0,-1139.1500266666658
17,4,3,8550.0,-1210.3000283333322
17,4,3,8700.0,-1281.1000300000178
17,4,3,8850.0,-1351.9000316666852
17,4,3,9000.0,-1422.7000333333517
17,4,3,9150.0,-1493.5000350000182
17,4,3,9300.0,-1564.3000366666765
17,4,3,9450.0,-1635.0500383333429
17,4,3,9600.0,-1705.80004000001
17,4,3,9750.0,-1776.5500416666764
17,4,3,9900.0,-1847.3000433333436
17,4,3,10050.0,-1918.05004500001
17,4,3,10200.0,-1979.9333800000159
17,4,3,10350.0,-2041.8167150000154
17,4,3,10500.0,-2103.700050000016
17,4,3,10650.0,-2165.5833850000154
17,4,3,10800.0,-2227.466720000016
17,4,2,1200.0,2292.350053333321
17,4,2,1350.0,2220.500051666654
17,4,2,1500.0,2148.6500499999875
17,4,2,1650.0,2076.800048333321
17,4,2,1800.0,2004.9500466666545
17,4,2,1950.0,1933.1000449999879
17,4,2,2100.0,1861.2500433333212
17,4,2,2250.0,1789.4000416666545
17,4,2,2400.0,1717.5500399999878
17,4,2,2550.0,1645.7000383333254
17,4,2,2700.0,1574.0000366666588
17,4,2,2850.0,1502.300034999992
17,4,2,3000.0,1430.6000333333254
17,4,2,3150.0,1358.9000316666588
17,4,2,3300.0,1287.2000299999922
17,4,2,3450.0,1215.5166949999902
17,4,2,3600.0,1143.8333599999903
17,4,2,3750.0,1072.1500249999904
17,4,2,3900.0,1000.4666899999902
17,4,2,4050.0,928.7833549999989
17,4,2,4200.0,857.2333533333324
17,4,2,4350.0,785.6833516666657
17,4,2,4500.0,714.1333499999992
17,4,2,4650.0,642.5833483333322
17,4,2,4800.0,571.0333466666698
17,4,2,4950.0,499.6166783333365
17,4,2,5100.0,428.2000100000032
17,4,2,5250.0,356.7833416666699
17,4,2,5400.0,285.3666733333366
17,4,2,5550.0,213.95000500000333
17,4,2,5700.0,142.63333666666495
17,4,2,5850.0,71.31666833333156
17,4,2,6000.0,-1.3642420526593924e-12
17,4,2,6150.0,-71.31666833333475
17,4,2,6300.0,-142.63333666666813
17,4,2,6450.0,-213.83333833334382
17,4,2,6600.0,-285.03334000001087
17,4,2,6750.0,-356.23334166667746
17,4,2,6900.0,-427.43334333334406
17,4,2,7050.0,-498.63334500000974
17,4,2,7200.0,-569.8166800000099
17,4,2,7350.0,-641.0000150000096
17,4,2,7500.0,-712.1833500000098
17,4,2,7650.0,-783.36668500001
17,4,2,7800.0,-854.5500200000097
17,4,2,7950.0,-925.7000216666802
17,4,2,8100.0,-996.850023333347
17,4,2,8250.0,-1068.0000250000135
17,4,2,8400.0,-1139.1500266666803
17,4,2,8550.0,-1210.3000283333467
17,4,2,8700.0,-1281.1000300000178
17,4,2,8850.0,-1351.9000316666852
17,4,2,9000.0,-1422.7000333333517
17,4,2,9150.0,-1493.5000350000182
17,4,2,9300.0,-1564.3000366666847
17,4,2,9450.0,-1635.0500383333574
17,4,2,9600.0,-1705.8000400000246
17,4,2,9750.0,-1776.550041666691
17,4,2,9900.0,-1847.3000433333582
17,4,2,10050.0,-1918.0500450000227
17,4,2,10200.0,-1979.9333800000231
17,4,2,10350.0,-2041.8167150000227
17,4,2,10500.0,-2103.700050000023
17,4,2,10650.0,-2165.5833850000226
17,4,2,10800.0,-2227.466720000023
17,4,1,1200.0,2292.350053333357
17,4,1,1350.0,2220.5000516666905
17,4,1,1500.0,2148.650050000024
17,4,1,1650.0,2076.800048333357
17,4,1,1800.0,2004.950046666691
17,4,1,1950.0,1933.1000450000242
17,4,1,2100.0,1861.2500433333576
17,4,1,2250.0,1789.4000416666909
17,4,1,2400.0,1717.5500400000242
17,4,1,2550.0,1645.7000383333575
17,4,1,2700.0,1574.0000366666802
17,4,1,2850.0,1502.3000350000136
17,4,1,3000.0,1430.600033333347
17,4,1,3150.0,1358.9000316666802
17,4,1,3300.0,1287.2000300000136
17,4,1,3450.0,1215.5166950000048
17,4,1,3600.0,1143.8333600000049
17,4,1,3750.0,1072.150025000005
17,4,1,3900.0,1000.4666900000047
17,4,1,4050.0,928.7833550000048
17,4,1,4200.0,857.2333533333319
17,4,1,4350.0,785.6833516666652
17,4,1,4500.0,714.1333499999987
17,4,1,4650.0,642.5833483333317
17,4,1,4800.0,571.0333466666693
17,4,1,4950.0,499.61667833333604
17,4,1,5100.0,428.20001000000275
17,4,1,5250.0,356.78334166666946
17,4,1,5400.0,285.3666733333357
17,4,1,5550.0,213.95000500000242
17,4,1,5700.0,142.63333666666495
17,4,1,5850.0,71.31666833333156
17,4,1,6000.0,-1.3642420526593924e-12
17,4,1,6150.0,-71.31666833333475
17,4,1,6300.0,-142.63333666666813
17,4,1,6450.0,-213.83333833334382
17,4,1,6600.0,-285.03334000001087
17,4,1,6750.0,-356.23334166667746
17,4,1,6900.0,-427.43334333334406
17,4,1,7050.0,-498.63334500000974
17,4,1,7200.0,-569.8166800000099
17,4,1,7350.0,-641.0000150000096
17,4,1,7500.0,-712.1833500000098
17,4,1,7650.0,-783.36668500001
17,4,1,7800.0,-854.5500200000097
17,4,1,7950.0,-925.7000216666879
17,4,1,8100.0,-996.8500233333548
17,4,1,8250.0,-1068.0000250000212
17,4,1,8400.0,-1139.150026666688
17,4,1,8550.0,-1210.3000283333545
17,4,1,8700.0,-1281.1000300000396
17,4,1,8850.0,-1351.900031666707
17,4,1,9000.0,-1422.7000333333735
17,4,1,9150.0,-1493.50003500004
17,4,1,9300.0,-1564.3000366667065
17,4,1,9450.0,-1635.0500383333783
17,4,1,9600.0,-1705.8000400000456
17,4,1,9750.0,-1776.5500416667119
17,4,1,9900.0,-1847.3000433333782
17,4,1,10050.0,-1918.0500450000445
17,4,1,10200.0,-1979.933380000045
17,4,1,10350.0,-2041.8167150000445
17,4,1,10500.0,-2103.700050000045
17,4,1,10650.0,-2165.5833850000445
17,4,1,10800.0,-2227.4667200000413
17,4,0,1200.0,2292.3500533333718
17,4,0,1350.0,2220.500051666705
17,4,0,1500.0,2148.6500500000384
17,4,0,1650.0,2076.8000483333717
17,4,0,1800.0,2004.9500466667055
17,4,0,1950.0,1933.1000450000388
17,4,0,2100.0,1861.250043333372
17,4,0,2250.0,1789.4000416667054
17,4,0,2400.0,1717.5500400000387
17,4,0,2550.0,1645.700038333372
17,4,0,2700.0,1574.0000366666875
17,4,0,2850.0,1502.300035000021
17,4,0,3000.0,1430.6000333333543
17,4,0,3150.0,1358.9000316666875
17,4,0,3300.0,1287.200030000021
17,4,0,3450.0,1215.516695000012
17,4,0,3600.0,1143.8333600000121
17,4,0,3750.0,1072.1500250000122
17,4,0,3900.0,1000.466690000012
17,4,0,4050.0,928.783355000013
17,4,0,4200.0,857.2333533333465
17,4,0,4350.0,785.6833516666798
17,4,0,4500.0,714.1333500000133
17,4,0,4650.0,642.5833483333463
17,4,0,4800.0,571.0333466666798
17,4,0,4950.0,499.6166783333365
17,4,0,5100.0,428.2000100000032
17,4,0,5250.0,356.7833416666699
17,4,0,5400.0,285.3666733333366
17,4,0,5550.0,213.95000500000333
17,4,0,5700.0,142.63333666666495
17,4,0,5850.0,71.31666833333156
17,4,0,6000.0,-1.3642420526593924e-12
17,4,0,6150.0,-71.31666833333475
17,4,0,6300.0,-142.63333666666267
17,4,0,6450.0,-213.83333833332927
17,4,0,6600.0,-285.03333999999586
17,4,0,6750.0,-356.23334166666245
17,4,0,6900.0,-427.43334333332905
17,4,0,7050.0,-498.6333449999943
17,4,0,7200.0,-569.8166799999944
17,4,0,7350.0,-641.0000149999946
17,4,0,7500.0,-712.1833499999943
17,4,0,7650.0,-783.3666849999945
17,4,0,7800.0,-854.550019999992
17,4,0,7950.0,-925.7000216666584
17,4,0,8100.0,-996.8500233333252
17,4,0,8250.0,-1068.0000249999916
17,4,0,8400.0,-1139.1500266666585
17,4,0,8550.0,-1210.300028333325
17,4,0,8700.0,-1281.1000300000032
17,4,0,8850.0,-1351.9000316666707
17,4,0,9000.0,-1422.7000333333372
17,4,0,9150.0,-1493.5000350000037
17,4,0,9300.0,-1564.3000366666683
17,4,0,9450.0,-1635.0500383333356
17,4,0,9600.0,-1705.800040000002
17,4,0,9750.0,-1776.5500416666691
17,4,0,9900.0,-1847.3000433333355
17,4,0,10050.0,-1918.0500450000009
17,4,0,10200.0,-1979.9333800000013
17,4,0,10350.0,-2041.8167150000008
17,4,0,10500.0,-2103.7000500000013
17,4,0,10650.0,-2165.583385000001
17,4,0,10800.0,-2227.4667200000013
17,5,6,1200.0,2292.35005333335
17,5,6,1350.0,2220.5000516666832
17,5,6,1500.0,2148.6500500000166
17,5,6,1650.0,2076.80004833335
17,5,6,1800.0,2004.9500466666836
17,5,6,1950.0,1933.100045000017
17,5,6,2100.0,1861.2500433333503
17,5,6,2250.0,1789.4000416666836
17,5,6,2400.0,1717.550040000017
17,5,6,2550.0,1645.7000383333502
17,5,6,2700.0,1574.0000366666661
17,5,6,2850.0,1502.3000349999993
17,5,6,3000.0,1430.6000333333327
17,5,6,3150.0,1358.900031666666
17,5,6,3300.0,1287.2000300000047
17,5,6,3450.0,1215.5166950000048
17,5,6,3600.0,1143.8333600000049
17,5,6,3750.0,1072.150025000005
17,5,6,3900.0,1000.4666900000047
17,5,6,4050.0,928.7833550000048
17,5,6,4200.0,857.2333533333324
17,5,6,4350.0,785.6833516666657
17,5,6,4500.0,714.1333499999992
17,5,6,4650.0,642.5833483333322
17,5,6,4800.0,571.0333466666693
17,5,6,4950.0,499.61667833333604
17,5,6,5100.0,428.20001000000275
17,5,6,5250.0,356.78334166666946
17,5,6,5400.0,285.36667333333617
17,5,6,5550.0,213.95000500000288
17,5,6,5700.0,142.63333666666495
17,5,6,5850.0,71.31666833333156
17,5,6,6000.0,-1.3642420526593924e-12
17,5,6,6150.0,-71.31666833333475
17,5,6,6300.0,-142.63333666666813
17,5,6,6450.0,-213.83333833334382
17,5,6,6600.0,-285.0333400000104
17,5,6,6750.0,-356.233341666677
17,5,6,6900.0,-427.4333433333436
17,5,6,7050.0,-498.6333450000029
17,5,6,7200.0,-569.8166800000031
17,5,6,7350.0,-641.0000150000028
17,5,6,7500.0,-712.183350000003
17,5,6,7650.0,-783.3666850000031
17,5,6,7800.0,-854.5500200000029
17,5,6,7950.0,-925.7000216666875
17,5,6,8100.0,-996.8500233333543
17,5,6,8250.0,-1068.0000250000207
17,5,6,8400.0,-1139.1500266666876
17,5,6,8550.0,-1210.3000283333445
17,5,6,8700.0,-1281.1000300000105
17,5,6,8850.0,-1351.900031666678
17,5,6,9000.0,-1422.7000333333444
17,5,6,9150.0,-1493.500035000011
17,5,6,9300.0,-1564.3000366666774
17,5,6,9450.0,-1635.0500383333501
17,5,6,9600.0,-1705.8000400000165
17,5,6,9750.0,-1776.5500416666837
17,5,6,9900.0,-1847.30004333335
17,5,6,10050.0,-1918.0500450000154
17,5,6,10200.0,-1979.9333800000159
17,5,6,10350.0,-2041.8167150000154
17,5,6,10500.0,-2103.700050000016
17,5,6,10650.0,-2165.5833850000154
17,5,6,10800.0,-2227.466720000016
17,5,5,1200.0,2279.4745641666545
17,5,5,1350.0,2207.9245624999876
17,5,5,1500.0,2136.374560833321
17,5,5,1650.0,2064.8245591666546
17,5,5,1800.0,1993.3561259444355
17,5,5,1950.0,1921.9394576111022
17,5,5,2100.0,1850.5227892777689
17,5,5,2250.0,1779.1061209444356
17,5,5,2400.0,1707.6894526111023
17,5,5,2550.0,1636.3339606111008
17,5,5,2700.0,1565.0172922777674
17,5,5,2850.0,1493.700623944434
17,5,5,3000.0,1422.3839556111009
17,5,5,3150.0,1351.0672872777675
17,5,5,3300.0,1279.8219913333228
17,5,5,3450.0,1208.6219896666562
17,5,5,3600.0,1137.4219879999894
17,5,5,3750.0,1066.2219863333228
17,5,5,3900.0,995.0219846666562
17,5,5,4050.0,923.8321790555469
17,5,5,4200.0,852.648844055547
17,5,5,4350.0,781.465509055547
17,5,5,4500.0,710.2821740555469
17,5,5,4650.0,639.0988390555472
17,5,5,4800.0,567.9358961666649
17,5,5,4950.0,496.78589449999845
17,5,5,5100.0,425.6358928333316
17,5,5,5250.0,354.48589116666517
17,5,5,5400.0,283.3358894999983
17,5,5,5550.0,212.40000500000042
17,5,5,5700.0,141.60000333333392
17,5,5,5850.0,70.80000166666696
17,5,5,6000.0,4.547473508864641e-13
17,5,5,6150.0,-70.8000016666665
17,5,5,6300.0,-141.56941516667757
17,5,5,6450.0,-212.31941683334435
17,5,5,6600.0,-283.0694185000111
17,5,5,6750.0,-353.8194201666779
17,5,5,6900.0,-424.5694218333447
17,5,5,7050.0,-492.71548965331294
17,5,5,7200.0,-554.5988246533129
17,5,5,7350.0,-616.4821596533129
17,5,5,7500.0,-678.3654946533129
17,5,5,7650.0,-740.2488296533129
17,5,5,7800.0,-801.7907162785959
17,5,5,7950.0,-861.7172149285957
17,5,5,8100.0,-921.6437135785959
17,5,5,8250.0,-981.5702122285957
17,5,5,8400.0,-1041.3967174169352
17,5,5,8550.0,-1101.093716066935
17,5,5,8700.0,-1160.7907147169353
17,5,5,8850.0,-1220.4877133669352
17,5,5,9000.0,-1279.9381724369346
17,5,5,9150.0,-1339.3516710869344
17,5,5,9300.0,-1398.7651697369347
17,5,5,9450.0,-1458.1526010969333
17,5,5,9600.0,-1517.4850997469334
17,5,5,9750.0,-1576.8175983969336
17,5,5,9900.0,-1636.1500970469333
17,5,5,10050.0,-1695.463063600264
17,5,5,10200.0,-1754.768562250264
17,5,5,10350.0,-1814.0740609002642
17,5,5,10500.0,-1873.3795595502643
17,5,5,10650.0,-1932.6850582002644
17,5,5,10800.0,-1991.8726943636048
17,5,4,1200.0,2281.943995265426
17,5,4,1350.0,2210.260660265426
17,5,4,1500.0,2138.6537113888826
17,5,4,1650.0,2067.103709722216
17,5,4,1800.0,1995.5537080555494
17,5,4,1950.0,1924.0037063888826
17,5,4,2100.0,1852.4537047222161
17,5,4,2250.0,1780.980089179005
17,5,4,2400.0,1709.5634208456715
17,5,4,2550.0,1638.1467525123383
17,5,4,2700.0,1566.730084179005
17,5,4,2850.0,1495.3134158456717
17,5,4,3000.0,1423.9540371049327
17,5,4,3150.0,1352.6373687715993
17,5,4,3300.0,1281.320700438266
17,5,4,3450.0,1210.0040321049325
17,5,4,3600.0,1138.6873637715992
17,5,4,3750.0,1067.4375332962877
17,5,4,3900.0,996.2375316296211
17,5,4,4050.0,925.0375299629545
17,5,4,4200.0,853.8375282962877
17,5,4,4350.0,782.6375266296209
17,5,4,4500.0,711.4470732283903
17,5,4,4650.0,640.2637382283906
17,5,4,4800.0,569.0804032283904
17,5,4,4950.0,497.8970682283907
17,5,4,5100.0,426.71373322839054
17,5,4,5250.0,355.54949475925787
17,5,4,5400.0,284.399493092591
17,5,4,5550.0,213.2494914259246
17,5,4,5700.0,142.09948975925772
17,5,4,5850.0,70.94948809259131
17,5,4,6000.0,4.547473508864641e-13
17,5,4,6150.0,-70.8000016666665
17,5,4,6300.0,-141.600003333333
17,5,4,6450.0,-212.4000049999995
17,5,4,6600.0,-283.20000666666647
17,5,4,6750.0,-353.9713635370358
17,5,4,6900.0,-424.7213652037026
17,5,4,7050.0,-495.4713668703689
17,5,4,7200.0,-566.2213685370357
17,5,4,7350.0,-636.9713702037025
17,5,4,7500.0,-702.6909264810088
17,5,4,7650.0,-764.5742614810088
17,5,4,7800.0,-826.4575964810087
17,5,4,7950.0,-888.3409314810087
17,5,4,8100.0,-950.2242664810087
17,5,4,8250.0,-1011.0014743677757
17,5,4,8400.0,-1070.927973017776
17,5,4,8550.0,-1130.8544716677761
17,5,4,8700.0,-1190.7809703177759
17,5,4,8850.0,-1250.4927337794388
17,5,4,9000.0,-1310.1897324294387
17,5,4,9150.0,-1369.886731079439
17,5,4,9300.0,-1429.5488305644412
17,5,4,9450.0,-1488.962329214441
17,5,4,9600.0,-1548.375827864441
17,5,4,9750.0,-1607.7893265144412
17,5,4,9900.0,-1667.1559293744458
17,5,4,10050.0,-1726.4884280244455
17,5,4,10200.0,-1785.8209266744457
17,5,4,10350.0,-1845.1534253244458
17,5,4,10500.0,-1904.4859239744455
17,5,4,10650.0,-1963.8184226244457
17,5,4,10800.0,-2023.0748106777846
17,5,3,1200.0,2292.350053333357
17,5,3,1350.0,2220.5000516666905
17,5,3,1500.0,2148.650050000024
17,5,3,1650.0,2076.800048333357
17,5,3,1800.0,2004.950046666691
17,5,3,1950.0,1933.1000450000242
17,5,3,2100.0,1861.2500433333576
17,5,3,2250.0,1789.4000416666909
17,5,3,2400.0,1717.5500400000242
17,5,3,2550.0,1645.7000383333575
17,5,3,2700.0,1574.0000366666734
17,5,3,2850.0,1502.3000350000066
17,5,3,3000.0,1430.60003333334
17,5,3,3150.0,1358.9000316666734
17,5,3,3300.0,1287.200030000012
17,5,3,3450.0,1215.516695000012
17,5,3,3600.0,1143.8333600000121
17,5,3,3750.0,1072.1500250000122
17,5,3,3900.0,1000.466690000012
17,5,3,4050.0,928.783355000013
17,5,3,4200.0,857.2333533333465
17,5,3,4350.0,785.6833516666798
17,5,3,4500.0,714.1333500000133
17,5,3,4650.0,642.5833483333463
17,5,3,4800.0,571.0333466666798
17,5,3,4950.0,499.6166783333433
17,5,3,5100.0,428.20001000001
17,5,3,5250.0,356.78334166667673
17,5,3,5400.0,285.36667333334344
17,5,3,5550.0,213.95000500001015
17,5,3,5700.0,142.63333666666495
17,5,3,5850.0,71.31666833333156
17,5,3,6000.0,-1.3642420526593924e-12
17,5,3,6150.0,-71.31666833333475
17,5,3,6300.0,-142.63333666666813
17,5,3,6450.0,-213.83333833333654
17,5,3,6600.0,-285.03334000000314
17,5,3,6750.0,-356.23334166666973
17,5,3,6900.0,-427.4333433333363
17,5,3,7050.0,-498.63334500000246
17,5,3,7200.0,-569.8166800000026
17,5,3,7350.0,-641.0000150000023
17,5,3,7500.0,-712.1833500000025
17,5,3,7650.0,-783.3666850000027
17,5,3,7800.0,-854.5500200000024
17,5,3,7950.0,-925.7000216666729
17,5,3,8100.0,-996.8500233333398
17,5,3,8250.0,-1068.0000250000062
17,5,3,8400.0,-1139.150026666673
17,5,3,8550.0,-1210.3000283333395
17,5,3,8700.0,-1281.1000300000178
17,5,3,8850.0,-1351.9000316666852
17,5,3,9000.0,-1422.7000333333517
17,5,3,9150.0,-1493.5000350000182
17,5,3,9300.0,-1564.300036666683
17,5,3,9450.0,-1635.0500383333501
17,5,3,9600.0,-1705.8000400000165
17,5,3,9750.0,-1776.5500416666837
17,5,3,9900.0,-1847.30004333335
17,5,3,10050.0,-1918.0500450000081
17,5,3,10200.0,-1979.9333800000086
17,5,3,10350.0,-2041.8167150000081
17,5,3,10500.0,-2103.7000500000086
17,5,3,10650.0,-2165.583385000008
17,5,3,10800.0,-2227.4667200000085
17,5,2,1200.0,2292.35005333335
17,5,2,1350.0,2220.5000516666832
17,5,2,1500.0,2148.6500500000166
17,5,2,1650.0,2076.80004833335
17,5,2,1800.0,2004.9500466666836
17,5,2,1950.0,1933.100045000017
17,5,2,2100.0,1861.2500433333503
17,5,2,2250.0,1789.4000416666836
17,5,2,2400.0,1717.550040000017
17,5,2,2550.0,1645.7000383333502
17,5,2,2700.0,1574.0000366666734
17,5,2,2850.0,1502.3000350000066
17,5,2,3000.0,1430.60003333334
17,5,2,3150.0,1358.9000316666734
17,5,2,3300.0,1287.200030000012
17,5,2,3450.0,1215.516695000012
17,5,2,3600.0,1143.8333600000121
17,5,2,3750.0,1072.1500250000122
17,5,2,3900.0,1000.466690000012
17,5,2,4050.0,928.7833550000121
17,5,2,4200.0,857.2333533333392
17,5,2,4350.0,785.6833516666725
17,5,2,4500.0,714.133350000006
17,5,2,4650.0,642.583348333339
17,5,2,4800.0,571.0333466666725
17,5,2,4950.0,499.61667833332876
17,5,2,5100.0,428.2000099999955
17,5,2,5250.0,356.7833416666622
17,5,2,5400.0,285.3666733333289
17,5,2,5550.0,213.95000499999833
17,5,2,5700.0,142.63333666666495
17,5,2,5850.0,71.31666833333156
17,5,2,6000.0,-1.3642420526593924e-12
17,5,2,6150.0,-71.31666833333475
17,5,2,6300.0,-142.63333666666813
17,5,2,6450.0,-213.83333833333654
17,5,2,6600.0,-285.03334000000314
17,5,2,6750.0,-356.23334166666973
17,5,2,6900.0,-427.4333433333363
17,5,2,7050.0,-498.63334500000246
17,5,2,7200.0,-569.8166800000026
17,5,2,7350.0,-641.0000150000023
17,5,2,7500.0,-712.1833500000025
17,5,2,7650.0,-783.3666850000027
17,5,2,7800.0,-854.5500199999992
17,5,2,7950.0,-925.7000216666656
17,5,2,8100.0,-996.8500233333325
17,5,2,8250.0,-1068.000024999999
17,5,2,8400.0,-1139.1500266666658
17,5,2,8550.0,-1210.3000283333322
17,5,2,8700.0,-1281.1000300000105
17,5,2,8850.0,-1351.900031666678
17,5,2,9000.0,-1422.7000333333444
17,5,2,9150.0,-1493.500035000011
17,5,2,9300.0,-1564.3000366666756
17,5,2,9450.0,-1635.0500383333429
17,5,2,9600.0,-1705.8000400000092
17,5,2,9750.0,-1776.5500416666764
17,5,2,9900.0,-1847.3000433333427
17,5,2,10050.0,-1918.0500450000081
17,5,2,10200.0,-1979.9333800000086
17,5,2,10350.0,-2041.8167150000081
17,5,2,10500.0,-2103.7000500000086
17,5,2,10650.0,-2165.583385000008
17,5,2,10800.0,-2227.4667200000085
17,5,1,1200.0,2292.350053333379
17,5,1,1350.0,2220.5000516667124
17,5,1,1500.0,2148.6500500000457
17,5,1,1650.0,2076.800048333379
17,5,1,1800.0,2004.9500466667128
17,5,1,1950.0,1933.100045000046
17,5,1,2100.0,1861.2500433333794
17,5,1,2250.0,1789.4000416667127
17,5,1,2400.0,1717.550040000046
17,5,1,2550.0,1645.7000383333793
17,5,1,2700.0,1574.0000366666948
17,5,1,2850.0,1502.3000350000282
17,5,1,3000.0,1430.6000333333616
17,5,1,3150.0,1358.9000316666948
17,5,1,3300.0,1287.2000300000282
17,5,1,3450.0,1215.5166950000266
17,5,1,3600.0,1143.8333600000267
17,5,1,3750.0,1072.1500250000267
17,5,1,3900.0,1000.4666900000266
17,5,1,4050.0,928.7833550000266
17,5,1,4200.0,857.233353333354
17,5,1,4350.0,785.683351666687
17,5,1,4500.0,714.1333500000205
17,5,1,4650.0,642.583348333354
17,5,1,4800.0,571.0333466666871
17,5,1,4950.0,499.61667833334377
17,5,1,5100.0,428.2000100000105
17,5,1,5250.0,356.7833416666772
17,5,1,5400.0,285.3666733333439
17,5,1,5550.0,213.9500050000106
17,5,1,5700.0,142.63333666666495
17,5,1,5850.0,71.31666833333156
17,5,1,6000.0,-1.3642420526593924e-12
17,5,1,6150.0,-71.31666833333475
17,5,1,6300.0,-142.63333666666267
17,5,1,6450.0,-213.83333833332927
17,5,1,6600.0,-285.0333399999963
17,5,1,6750.0,-356.2333416666629
17,5,1,6900.0,-427.4333433333295
17,5,1,7050.0,-498.6333449999961
17,5,1,7200.0,-569.8166800000026
17,5,1,7350.0,-641.0000150000023
17,5,1,7500.0,-712.1833500000025
17,5,1,7650.0,-783.3666850000027
17,5,1,7800.0,-854.5500200000024
17,5,1,7950.0,-925.7000216666729
17,5,1,8100.0,-996.8500233333398
17,5,1,8250.0,-1068.0000250000062
17,5,1,8400.0,-1139.150026666673
17,5,1,8550.0,-1210.3000283333395
17,5,1,8700.0,-1281.1000300000105
17,5,1,8850.0,-1351.900031666678
17,5,1,9000.0,-1422.7000333333444
17,5,1,9150.0,-1493.500035000011
17,5,1,9300.0,-1564.3000366666756
17,5,1,9450.0,-1635.0500383333429
17,5,1,9600.0,-1705.8000400000092
17,5,1,9750.0,-1776.5500416666764
17,5,1,9900.0,-1847.3000433333427
17,5,1,10050.0,-1918.0500450000081
17,5,1,10200.0,-1979.9333800000086
17,5,1,10350.0,-2041.8167150000081
17,5,1,10500.0,-2103.7000500000086
17,5,1,10650.0,-2165.583385000008
17,5,1,10800.0,-2227.4667200000085
17,5,0,1200.0,2292.35005333335
17,5,0,1350.0,2220.5000516666832
17,5,0,1500.0,2148.6500500000166
17,5,0,1650.0,2076.80004833335
17,5,0,1800.0,2004.9500466666836
17,5,0,1950.0,1933.100045000017
17,5,0,2100.0,1861.2500433333503
17,5,0,2250.0,1789.4000416666836
17,5,0,2400.0,1717.550040000017
17,5,0,2550.0,1645.7000383333502
17,5,0,2700.0,1574.0000366666802
17,5,0,2850.0,1502.3000350000136
17,5,0,3000.0,1430.600033333347
17,5,0,3150.0,1358.9000316666802
17,5,0,3300.0,1287.2000300000136
17,5,0,3450.0,1215.5166950000048
17,5,0,3600.0,1143.8333600000049
17,5,0,3750.0,1072.150025000005
17,5,0,3900.0,1000.4666900000047
17,5,0,4050.0,928.783355000013
17,5,0,4200.0,857.2333533333465
17,5,0,4350.0,785.6833516666798
17,5,0,4500.0,714.1333500000133
17,5,0,4650.0,642.5833483333463
17,5,0,4800.0,571.0333466666798
17,5,0,4950.0,499.61667833333604
17,5,0,5100.0,428.20001000000275
17,5,0,5250.0,356.78334166666946
17,5,0,5400.0,285.36667333333617
17,5,0,5550.0,213.95000500000288
17,5,0,5700.0,142.63333666666495
17,5,0,5850.0,71.31666833333156
17,5,0,6000.0,-1.3642420526593924e-12
17,5,0,6150.0,-71.31666833333475
17,5,0,6300.0,-142.63333666666267
17,5,0,6450.0,-213.83333833332927
17,5,0,6600.0,-285.0333399999963
17,5,0,6750.0,-356.2333416666629
17,5,0,6900.0,-427.4333433333295
17,5,0,7050.0,-498.6333449999879
17,5,0,7200.0,-569.8166799999881
17,5,0,7350.0,-641.0000149999878
17,5,0,7500.0,-712.183349999988
17,5,0,7650.0,-783.3666849999881
17,5,0,7800.0,-854.5500199999879
17,5,0,7950.0,-925.7000216666729
17,5,0,8100.0,-996.8500233333398
17,5,0,8250.0,-1068.0000250000062
17,5,0,8400.0,-1139.150026666673
17,5,0,8550.0,-1210.3000283333395
17,5,0,8700.0,-1281.1000300000105
17,5,0,8850.0,-1351.900031666678
17,5,0,9000.0,-1422.7000333333444
17,5,0,9150.0,-1493.500035000011
17,5,0,9300.0,-1564.3000366666683
17,5,0,9450.0,-1635.0500383333347
17,5,0,9600.0,-1705.800040000002
17,5,0,9750.0,-1776.5500416666682
17,5,0,9900.0,-1847.3000433333345
17,5,0,10050.0,-1918.0500450000009
17,5,0,10200.0,-1979.9333800000013
17,5,0,10350.0,-2041.8167150000008
17,5,0,10500.0,-2103.7000500000013
17,5,0,10650.0,-2165.583385000001
17,5,0,10800.0,-2227.4667199999976
17,6,6,1200.0,2292.35005333335
17,6,6,1350.0,2220.5000516666832
17,6,6,1500.0,2148.6500500000166
17,6,6,1650.0,2076.80004833335
17,6,6,1800.0,2004.9500466666836
17,6,6,1950.0,1933.100045000017
17,6,6,2100.0,1861.2500433333503
17,6,6,2250.0,1789.4000416666836
17,6,6,2400.0,1717.550040000017
17,6,6,2550.0,1645.7000383333502
17,6,6,2700.0,1574.000036666666
17,6,6,2850.0,1502.3000349999993
17,6,6,3000.0,1430.6000333333325
17,6,6,3150.0,1358.9000316666659
17,6,6,3300.0,1287.2000300000047
17,6,6,3450.0,1215.5166950000048
17,6,6,3600.0,1143.8333600000049
17,6,6,3750.0,1072.150025000005
17,6,6,3900.0,1000.4666900000047
17,6,6,4050.0,928.7833550000048
17,6,6,4200.0,857.2333533333322
17,6,6,4350.0,785.6833516666652
17,6,6,4500.0,714.1333499999987
17,6,6,4650.0,642.5833483333322
17,6,6,4800.0,571.0333466666652
17,6,6,4950.0,499.61667833332194
17,6,6,5100.0,428.20000999998865
17,6,6,5250.0,356.78334166665536
17,6,6,5400.0,285.36667333332207
17,6,6,5550.0,213.95000499999833
17,6,6,5700.0,142.63333666666495
17,6,6,5850.0,71.31666833333156
17,6,6,6000.0,-1.3642420526593924e-12
17,6,6,6150.0,-71.31666833333475
17,6,6,6300.0,-142.63333666666813
17,6,6,6450.0,-213.83333833334382
17,6,6,6600.0,-285.0333400000104
17,6,6,6750.0,-356.233341666677
17,6,6,6900.0,-427.4333433333436
17,6,6,7050.0,-498.63334500000246
17,6,6,7200.0,-569.8166800000026
17,6,6,7350.0,-641.0000150000023
17,6,6,7500.0,-712.1833500000025
17,6,6,7650.0,-783.3666850000027
17,6,6,7800.0,-854.5500200000024
17,6,6,7950.0,-925.7000216666875
17,6,6,8100.0,-996.8500233333543
17,6,6,8250.0,-1068.0000250000207
17,6,6,8400.0,-1139.1500266666876
17,6,6,8550.0,-1210.3000283333445
17,6,6,8700.0,-1281.1000300000105
17,6,6,8850.0,-1351.900031666678
17,6,6,9000.0,-1422.7000333333444
17,6,6,9150.0,-1493.500035000011
17,6,6,9300.0,-1564.3000366666774
17,6,6,9450.0,-1635.0500383333501
17,6,6,9600.0,-1705.8000400000174
17,6,6,9750.0,-1776.5500416666837
17,6,6,9900.0,-1847.300043333351
17,6,6,10050.0,-1918.0500450000154
17,6,6,10200.0,-1979.9333800000159
17,6,6,10350.0,-2041.8167150000154
17,6,6,10500.0,-2103.700050000016
17,6,6,10650.0,-2165.5833850000154
17,6,6,10800.0,-2227.466720000016
17,6,5,1200.0,2141.1059478145703
17,6,5,1350.0,2069.92261281457
17,6,5,1500.0,1998.7392778145704
17,6,5,1650.0,1927.5559428145702
17,6,5,1800.0,1856.3726078145703
17,6,5,1950.0,1785.2079455635367
17,6,5,2100.0,1714.0579438968698
17,6,5,2250.0,1642.9079422302034
17,6,5,2400.0,1571.7579405635365
17,6,5,2550.0,1500.6079388968699
17,6,5,2700.0,1429.6540010944016
17,6,5,2850.0,1358.8539994277348
17,6,5,3000.0,1288.0539977610683
17,6,5,3150.0,1217.2539960944016
17,6,5,3300.0,1146.4539944277349
17,6,5,3450.0,1075.6820018845233
17,6,5,3600.0,1004.9320002178567
17,6,5,3750.0,934.18199855119
17,6,5,3900.0,863.4319968845234
17,6,5,4050.0,792.6819952178566
17,6,5,4200.0,726.8476641862997
17,6,5,4350.0,664.9643291862997
17,6,5,4500.0,603.0809941862997
17,6,5,4650.0,541.1976591862997
17,6,5,4800.0,479.3143241862997
17,6,5,4950.0,417.69912975000193
17,6,5,5100.0,358.0021311000021
17,6,5,5250.0,298.305132450002
17,6,5,5400.0,238.60813380000218
17,6,5,5550.0,178.91113515000188
17,6,5,5700.0,119.21413650000204
17,6,5,5850.0,59.5171378500022
17,6,5,6000.0,9.094947017729282e-13
17,6,5,6150.0,-59.41349864999893
17,6,5,6300.0,-118.82699729999922
17,6,5,6450.0,-178.2263803999931
17,6,5,6600.0,-237.5588790499928
17,6,5,6750.0,-296.891377699993
17,6,5,6900.0,-356.22387634999313
17,6,5,7050.0,-415.5360411499978
17,6,5,7200.0,-474.8415397999979
17,6,5,7350.0,-534.147038449998
17,6,5,7500.0,-593.4342333866553
17,6,5,7650.0,-652.6857320366553
17,6,5,7800.0,-711.9372306866553
17,6,5,7950.0,-771.1887293366553
17,6,5,8100.0,-830.2931793449902
17,6,5,8250.0,-889.3961779949905
17,6,5,8400.0,-948.4991766449903
17,6,5,8550.0,-1007.6021752949905
17,6,5,8700.0,-1066.690283516663
17,6,5,8850.0,-1125.698782166663
17,6,5,9000.0,-1184.7072808166631
17,6,5,9150.0,-1243.7157794666632
17,6,5,9300.0,-1302.7242781166628
17,6,5,9450.0,-1361.731694073329
17,6,5,9600.0,-1420.686192723329
17,6,5,9750.0,-1479.640691373329
17,6,5,9900.0,-1538.595190023329
17,6,5,10050.0,-1597.523192153331
17,6,5,10200.0,-1656.4371908033309
17,6,5,10350.0,-1715.3511894533308
17,6,5,10500.0,-1774.2651881033307
17,6,5,10650.0,-1833.1791867533311
17,6,5,10800.0,-1891.9709653766631
17,6,4,1200.0,2165.2833321829958
17,6,4,1350.0,2094.0833305163296
17,6,4,1500.0,2022.8963155698302
17,6,4,1650.0,1951.71298056983
17,6,4,1800.0,1880.52964556983
17,6,4,1950.0,1809.3463105698302
17,6,4,2100.0,1738.16297556983
17,6,4,2250.0,1667.0056140101638
17,6,4,2400.0,1595.855612343497
17,6,4,2550.0,1524.7056106768302
17,6,4,2700.0,1453.5556090101636
17,6,4,2850.0,1382.405607343497
17,6,4,3000.0,1311.5283268002863
17,6,4,3150.0,1240.7283251336196
17,6,4,3300.0,1169.9283234669529
17,6,4,3450.0,1099.1283218002861
17,6,4,3600.0,1028.3283201336196
17,6,4,3750.0,957.5672786274438
17,6,4,3900.0,886.8172769607772
17,6,4,4050.0,816.0672752941105
17,6,4,4200.0,745.3172736274439
17,6,4,4350.0,674.5672719607774
17,6,4,4500.0,607.8434215019358
17,6,4,4650.0,545.9600865019358
17,6,4,4800.0,484.07675150193586
17,6,4,4950.0,422.19341650193587
17,6,4,5100.0,360.31008150193566
17,6,4,5250.0,299.1805413650018
17,6,4,5400.0,239.25404271500202
17,6,4,5550.0,179.3275440650018
17,6,4,5700.0,119.40104541500205
17,6,4,5850.0,59.696998650001206
17,6,4,6000.0,9.094947017729282e-13
17,6,4,6150.0,-59.69699864999893
17,6,4,6300.0,-119.235665875
17,6,4,6450.0,-178.64916452499983
17,6,4,6600.0,-238.06266317499967
17,6,4,6750.0,-297.47021129499217
17,6,4,6900.0,-356.8027099449919
17,6,4,7050.0,-416.13520859499204
17,6,4,7200.0,-475.4677072449922
17,6,4,7350.0,-534.8002058949919
17,6,4,7500.0,-594.1327045449921
17,6,4,7650.0,-653.4361273783265
17,6,4,7800.0,-712.6876260283266
17,6,4,7950.0,-771.9391246783266
17,6,4,8100.0,-831.1906233283262
17,6,4,8250.0,-890.4421219783262
17,6,4,8400.0,-949.5739635633299
17,6,4,8550.0,-1008.6769622133302
17,6,4,8700.0,-1067.77996086333
17,6,4,8850.0,-1126.8668285199915
17,6,4,9000.0,-1185.9158271699916
17,6,4,9150.0,-1244.9648258199913
17,6,4,9300.0,-1304.0138244699915
17,6,4,9450.0,-1363.0260333099918
17,6,4,9600.0,-1422.034531959992
17,6,4,9750.0,-1481.0430306099915
17,6,4,9900.0,-1540.0248009733273
17,6,4,10050.0,-1598.9792996233273
17,6,4,10200.0,-1657.9337982733273
17,6,4,10350.0,-1716.8882969233273
17,6,4,10500.0,-1775.8427955733277
17,6,4,10650.0,-1834.7972942233273
17,6,4,10800.0,-1893.6219761583243
17,6,3,1200.0,2292.3500533333645
17,6,3,1350.0,2220.500051666698
17,6,3,1500.0,2148.650050000031
17,6,3,1650.0,2076.8000483333644
17,6,3,1800.0,2004.9500466666982
17,6,3,1950.0,1933.1000450000315
17,6,3,2100.0,1861.2500433333648
17,6,3,2250.0,1789.4000416666981
17,6,3,2400.0,1717.5500400000315
17,6,3,2550.0,1645.7000383333648
17,6,3,2700.0,1574.0000366666807
17,6,3,2850.0,1502.3000350000138
17,6,3,3000.0,1430.6000333333473
17,6,3,3150.0,1358.9000316666807
17,6,3,3300.0,1287.2000300000193
17,6,3,3450.0,1215.5166950000194
17,6,3,3600.0,1143.8333600000194
17,6,3,3750.0,1072.1500250000195
17,6,3,3900.0,1000.4666900000193
17,6,3,4050.0,928.7833550000194
17,6,3,4200.0,857.2333533333469
17,6,3,4350.0,785.6833516666802
17,6,3,4500.0,714.1333500000137
17,6,3,4650.0,642.5833483333467
17,6,3,4800.0,571.0333466666802
17,6,3,4950.0,499.61667833333604
17,6,3,5100.0,428.20001000000275
17,6,3,5250.0,356.78334166666946
17,6,3,5400.0,285.36667333333617
17,6,3,5550.0,213.95000500000288
17,6,3,5700.0,142.63333666666495
17,6,3,5850.0,71.31666833333156
17,6,3,6000.0,-1.3642420526593924e-12
17,6,3,6150.0,-71.31666833333475
17,6,3,6300.0,-142.63333666666267
17,6,3,6450.0,-213.83333833332927
17,6,3,6600.0,-285.03333999999586
17,6,3,6750.0,-356.23334166666245
17,6,3,6900.0,-427.43334333332905
17,6,3,7050.0,-498.6333449999879
17,6,3,7200.0,-569.8166799999881
17,6,3,7350.0,-641.0000149999878
17,6,3,7500.0,-712.183349999988
17,6,3,7650.0,-783.3666849999881
17,6,3,7800.0,-854.5500199999879
17,6,3,7950.0,-925.7000216666584
17,6,3,8100.0,-996.8500233333252
17,6,3,8250.0,-1068.0000249999916
17,6,3,8400.0,-1139.1500266666585
17,6,3,8550.0,-1210.300028333325
17,6,3,8700.0,-1281.100029999996
17,6,3,8850.0,-1351.9000316666634
17,6,3,9000.0,-1422.7000333333299
17,6,3,9150.0,-1493.5000349999964
17,6,3,9300.0,-1564.300036666663
17,6,3,9450.0,-1635.0500383333356
17,6,3,9600.0,-1705.8000400000028
17,6,3,9750.0,-1776.5500416666691
17,6,3,9900.0,-1847.3000433333364
17,6,3,10050.0,-1918.0500450000027
17,6,3,10200.0,-1979.9333800000086
17,6,3,10350.0,-2041.8167150000081
17,6,3,10500.0,-2103.7000500000086
17,6,3,10650.0,-2165.583385000008
17,6,3,10800.0,-2227.4667200000085
17,6,2,1200.0,2292.3500533333354
17,6,2,1350.0,2220.5000516666687
17,6,2,1500.0,2148.650050000002
17,6,2,1650.0,2076.8000483333353
17,6,2,1800.0,2004.950046666669
17,6,2,1950.0,1933.1000450000024
17,6,2,2100.0,1861.2500433333357
17,6,2,2250.0,1789.400041666669
17,6,2,2400.0,1717.5500400000024
17,6,2,2550.0,1645.7000383333357
17,6,2,2700.0,1574.0000366666661
17,6,2,2850.0,1502.3000349999993
17,6,2,3000.0,1430.6000333333327
17,6,2,3150.0,1358.900031666666
17,6,2,3300.0,1287.2000300000047
17,6,2,3450.0,1215.5166950000048
17,6,2,3600.0,1143.8333600000049
17,6,2,3750.0,1072.150025000005
17,6,2,3900.0,1000.4666900000047
17,6,2,4050.0,928.783355000013
17,6,2,4200.0,857.2333533333465
17,6,2,4350.0,785.6833516666798
17,6,2,4500.0,714.1333500000133
17,6,2,4650.0,642.5833483333463
17,6,2,4800.0,571.0333466666798
17,6,2,4950.0,499.61667833333604
17,6,2,5100.0,428.20001000000275
17,6,2,5250.0,356.78334166666946
17,6,2,5400.0,285.3666733333357
17,6,2,5550.0,213.95000500000242
17,6,2,5700.0,142.63333666666495
17,6,2,5850.0,71.31666833333156
17,6,2,6000.0,-1.3642420526593924e-12
17,6,2,6150.0,-71.31666833333475
17,6,2,6300.0,-142.63333666666267
17,6,2,6450.0,-213.83333833332927
17,6,2,6600.0,-285.03333999999586
17,6,2,6750.0,-356.23334166666245
17,6,2,6900.0,-427.43334333332905
17,6,2,7050.0,-498.63334499999564
17,6,2,7200.0,-569.8166800000026
17,6,2,7350.0,-641.0000150000023
17,6,2,7500.0,-712.1833500000025
17,6,2,7650.0,-783.3666850000027
17,6,2,7800.0,-854.5500200000024
17,6,2,7950.0,-925.7000216666875
17,6,2,8100.0,-996.8500233333543
17,6,2,8250.0,-1068.0000250000207
17,6,2,8400.0,-1139.1500266666876
17,6,2,8550.0,-1210.300028333354
17,6,2,8700.0,-1281.100030000025
17,6,2,8850.0,-1351.9000316666925
17,6,2,9000.0,-1422.700033333359
17,6,2,9150.0,-1493.5000350000255
17,6,2,9300.0,-1564.300036666683
17,6,2,9450.0,-1635.0500383333501
17,6,2,9600.0,-1705.8000400000165
17,6,2,9750.0,-1776.5500416666837
17,6,2,9900.0,-1847.30004333335
17,6,2,10050.0,-1918.0500450000163
17,6,2,10200.0,-1979.9333800000304
17,6,2,10350.0,-2041.81671500003
17,6,2,10500.0,-2103.7000500000304
17,6,2,10650.0,-2165.58338500003
17,6,2,10800.0,-2227.4667200000304
17,6,1,1200.0,2292.3500533333427
17,6,1,1350.0,2220.500051666676
17,6,1,1500.0,2148.6500500000093
17,6,1,1650.0,2076.8000483333426
17,6,1,1800.0,2004.9500466666764
17,6,1,1950.0,1933.1000450000097
17,6,1,2100.0,1861.250043333343
17,6,1,2250.0,1789.4000416666763
17,6,1,2400.0,1717.5500400000096
17,6,1,2550.0,1645.700038333347
17,6,1,2700.0,1574.0000366666804
17,6,1,2850.0,1502.3000350000138
17,6,1,3000.0,1430.600033333347
17,6,1,3150.0,1358.9000316666804
17,6,1,3300.0,1287.2000300000138
17,6,1,3450.0,1215.5166950000048
17,6,1,3600.0,1143.8333600000049
17,6,1,3750.0,1072.150025000005
17,6,1,3900.0,1000.4666900000047
17,6,1,4050.0,928.7833550000132
17,6,1,4200.0,857.2333533333467
17,6,1,4350.0,785.6833516666798
17,6,1,4500.0,714.1333500000133
17,6,1,4650.0,642.5833483333467
17,6,1,4800.0,571.0333466666798
17,6,1,4950.0,499.61667833333604
17,6,1,5100.0,428.20001000000275
17,6,1,5250.0,356.78334166666946
17,6,1,5400.0,285.36667333333617
17,6,1,5550.0,213.95000500000288
17,6,1,5700.0,142.63333666666495
17,6,1,5850.0,71.31666833333156
17,6,1,6000.0,-1.3642420526593924e-12
17,6,1,6150.0,-71.31666833333475
17,6,1,6300.0,-142.63333666666267
17,6,1,6450.0,-213.83333833332927
17,6,1,6600.0,-285.0333399999963
17,6,1,6750.0,-356.2333416666629
17,6,1,6900.0,-427.4333433333295
17,6,1,7050.0,-498.6333449999952
17,6,1,7200.0,-569.8166799999954
17,6,1,7350.0,-641.0000149999951
17,6,1,7500.0,-712.1833499999952
17,6,1,7650.0,-783.3666849999954
17,6,1,7800.0,-854.5500199999951
17,6,1,7950.0,-925.7000216666729
17,6,1,8100.0,-996.8500233333398
17,6,1,8250.0,-1068.0000250000062
17,6,1,8400.0,-1139.150026666673
17,6,1,8550.0,-1210.3000283333395
17,6,1,8700.0,-1281.1000300000105
17,6,1,8850.0,-1351.900031666678
17,6,1,9000.0,-1422.7000333333444
17,6,1,9150.0,-1493.500035000011
17,6,1,9300.0,-1564.3000366666683
17,6,1,9450.0,-1635.0500383333356
17,6,1,9600.0,-1705.800040000002
17,6,1,9750.0,-1776.5500416666691
17,6,1,9900.0,-1847.3000433333355
17,6,1,10050.0,-1918.0500450000018
17,6,1,10200.0,-1979.9333800000159
17,6,1,10350.0,-2041.8167150000154
17,6,1,10500.0,-2103.700050000016
17,6,1,10650.0,-2165.5833850000154
17,6,1,10800.0,-2227.466720000012
17,6,0,1200.0,2292.350053333357
17,6,0,1350.0,2220.5000516666905
17,6,0,1500.0,2148.650050000024
17,6,0,1650.0,2076.800048333357
17,6,0,1800.0,2004.950046666691
17,6,0,1950.0,1933.1000450000242
17,6,0,2100.0,1861.2500433333576
17,6,0,2250.0,1789.4000416666909
17,6,0,2400.0,1717.5500400000242
17,6,0,2550.0,1645.7000383333575
17,6,0,2700.0,1574.0000366666802
17,6,0,2850.0,1502.3000350000136
17,6,0,3000.0,1430.600033333347
17,6,0,3150.0,1358.9000316666802
17,6,0,3300.0,1287.2000300000193
17,6,0,3450.0,1215.5166950000194
17,6,0,3600.0,1143.8333600000194
17,6,0,3750.0,1072.1500250000195
17,6,0,3900.0,1000.4666900000193
17,6,0,4050.0,928.7833550000194
17,6,0,4200.0,857.2333533333465
17,6,0,4350.0,785.6833516666798
17,6,0,4500.0,714.1333500000133
17,6,0,4650.0,642.5833483333463
17,6,0,4800.0,571.0333466666798
17,6,0,4950.0,499.61667833333604
17,6,0,5100.0,428.20001000000275
17,6,0,5250.0,356.78334166666946
17,6,0,5400.0,285.36667333333617
17,6,0,5550.0,213.95000500000288
17,6,0,5700.0,142.63333666666495
17,6,0,5850.0,71.31666833333156
17,6,0,6000.0,-1.3642420526593924e-12
17,6,0,6150.0,-71.31666833333475
17,6,0,6300.0,-142.63333666666267
17,6,0,6450.0,-213.83333833332927
17,6,0,6600.0,-285.03333999999586
17,6,0,6750.0,-356.23334166666245
17,6,0,6900.0,-427.43334333332905
17,6,0,7050.0,-498.6333449999879
17,6,0,7200.0,-569.8166799999881
17,6,0,7350.0,-641.0000149999878
17,6,0,7500.0,-712.183349999988
17,6,0,7650.0,-783.3666849999881
17,6,0,7800.0,-854.5500199999879
17,6,0,7950.0,-925.7000216666584
17,6,0,8100.0,-996.8500233333252
17,6,0,8250.0,-1068.0000249999916
17,6,0,8400.0,-1139.1500266666585
17,6,0,8550.0,-1210.300028333325
17,6,0,8700.0,-1281.100029999996
17,6,0,8850.0,-1351.9000316666634
17,6,0,9000.0,-1422.7000333333299
17,6,0,9150.0,-1493.5000349999964
17,6,0,9300.0,-1564.300036666663
17,6,0,9450.0,-1635.0500383333356
17,6,0,9600.0,-1705.8000400000028
17,6,0,9750.0,-1776.5500416666691
17,6,0,9900.0,-1847.3000433333364
17,6,0,10050.0,-1918.0500450000009
17,6,0,10200.0,-1979.9333800000013
17,6,0,10350.0,-2041.8167150000008
17,6,0,10500.0,-2103.7000500000013
17,6,0,10650.0,-2165.583385000001
17,6,0,10800.0,-2227.4667200000013
17,7,6,1200.0,2292.350053333357
17,7,6,1350.0,2220.5000516666905
17,7,6,1500.0,2148.650050000024
17,7,6,1650.0,2076.800048333357
17,7,6,1800.0,2004.950046666691
17,7,6,1950.0,1933.1000450000242
17,7,6,2100.0,1861.2500433333576
17,7,6,2250.0,1789.4000416666909
17,7,6,2400.0,1717.5500400000242
17,7,6,2550.0,1645.7000383333575
17,7,6,2700.0,1574.0000366666807
17,7,6,2850.0,1502.3000350000138
17,7,6,3000.0,1430.6000333333473
17,7,6,3150.0,1358.9000316666807
17,7,6,3300.0,1287.2000300000193
17,7,6,3450.0,1215.5166950000194
17,7,6,3600.0,1143.8333600000194
17,7,6,3750.0,1072.1500250000195
17,7,6,3900.0,1000.4666900000193
17,7,6,4050.0,928.7833550000278
17,7,6,4200.0,857.2333533333613
17,7,6,4350.0,785.6833516666943
17,7,6,4500.0,714.1333500000278
17,7,6,4650.0,642.5833483333613
17,7,6,4800.0,571.0333466666943
17,7,6,4950.0,499.6166783333506
17,7,6,5100.0,428.2000100000173
17,7,6,5250.0,356.783341666684
17,7,6,5400.0,285.36667333335026
17,7,6,5550.0,213.95000500001697
17,7,6,5700.0,142.63333666666495
17,7,6,5850.0,71.31666833333156
17,7,6,6000.0,-1.3642420526593924e-12
17,7,6,6150.0,-71.31666833333475
17,7,6,6300.0,-142.63333666666267
17,7,6,6450.0,-213.83333833332927
17,7,6,6600.0,-285.03333999999586
17,7,6,6750.0,-356.23334166666245
17,7,6,6900.0,-427.43334333332905
17,7,6,7050.0,-498.63334499997336
17,7,6,7200.0,-569.8166799999735
17,7,6,7350.0,-641.0000149999732
17,7,6,7500.0,-712.1833499999734
17,7,6,7650.0,-783.3666849999736
17,7,6,7800.0,-854.5500199999733
17,7,6,7950.0,-925.7000216666438
17,7,6,8100.0,-996.8500233333107
17,7,6,8250.0,-1068.000024999977
17,7,6,8400.0,-1139.150026666644
17,7,6,8550.0,-1210.3000283333104
17,7,6,8700.0,-1281.100029999996
17,7,6,8850.0,-1351.9000316666634
17,7,6,9000.0,-1422.7000333333299
17,7,6,9150.0,-1493.5000349999964
17,7,6,9300.0,-1564.3000366666547
17,7,6,9450.0,-1635.050038333321
17,7,6,9600.0,-1705.8000399999883
17,7,6,9750.0,-1776.5500416666546
17,7,6,9900.0,-1847.3000433333218
17,7,6,10050.0,-1918.0500449999881
17,7,6,10200.0,-1979.9333800000013
17,7,6,10350.0,-2041.8167150000008
17,7,6,10500.0,-2103.7000500000013
17,7,6,10650.0,-2165.583385000001
17,7,6,10800.0,-2227.4667200000013
17,7,5,1200.0,2038.6182355634571
17,7,5,1350.0,1967.5408999461747
17,7,5,1500.0,1896.740898279508
17,7,5,1650.0,1825.9408966128412
17,7,5,1800.0,1755.1408949461747
17,7,5,1950.0,1684.3408932795078
17,7,5,2100.0,1613.5512724770422
17,7,5,2250.0,1542.8012708103754
17,7,5,2400.0,1472.0512691437089
17,7,5,2550.0,1401.301267477042
17,7,5,2700.0,1330.5512658103755
17,7,5,2850.0,1261.6413573905768
17,7,5,3000.0,1199.7580223905768
17,7,5,3150.0,1137.8746873905768
17,7,5,3300.0,1075.9913523905768
17,7,5,3450.0,1014.1080173905768
17,7,5,3600.0,952.6085226049995
17,7,5,3750.0,892.6820239549995
17,7,5,3900.0,832.7555253049995
17,7,5,4050.0,772.8290266549996
17,7,5,4200.0,713.1150362500005
17,7,5,4350.0,653.4180376000004
17,7,5,4500.0,593.7210389500005
17,7,5,4650.0,534.1670803299958
17,7,5,4800.0,474.75358167999593
17,7,5,4950.0,415.34008302999587
17,7,5,5100.0,355.9265843799958
17,7,5,5250.0,296.5933851200002
17,7,5,5400.0,237.26088647000006
17,7,5,5550.0,177.9283878199999
17,7,5,5700.0,118.61099730000069
17,7,5,5850.0,59.30549865000103
17,7,5,6000.0,9.094947017729282e-13
17,7,5,6150.0,-59.29705582333145
17,7,5,6300.0,-118.54855447333148
17,7,5,6450.0,-177.8000531233315
17,7,5,6600.0,-237.05155177333154
17,7,5,6750.0,-296.30305042333157
17,7,5,6900.0,-355.38968888999716
17,7,5,7050.0,-414.43868753999686
17,7,5,7200.0,-473.487686189997
17,7,5,7350.0,-532.5366848399972
17,7,5,7500.0,-591.5856834899969
17,7,5,7650.0,-650.634682139997
17,7,5,7800.0,-709.6517186450005
17,7,5,7950.0,-768.6602172950006
17,7,5,8100.0,-827.6687159450007
17,7,5,8250.0,-886.6622999216597
17,7,5,8400.0,-945.6167985716597
17,7,5,8550.0,-1004.5712972216597
17,7,5,8700.0,-1063.5257958716597
17,7,5,8850.0,-1122.4454915166634
17,7,5,9000.0,-1181.3594901666634
17,7,5,9150.0,-1240.2734888166638
17,7,5,9300.0,-1299.1621921266606
17,7,5,9450.0,-1358.0221907766609
17,7,5,9600.0,-1416.8821894266607
17,7,5,9750.0,-1475.7421880766606
17,7,5,9900.0,-1534.5639148916616
17,7,5,10050.0,-1593.3834135416614
17,7,5,10200.0,-1652.2029121916617
17,7,5,10350.0,-1711.0224108416614
17,7,5,10500.0,-1769.8419094916617
17,7,5,10650.0,-1828.661408141662
17,7,5,10800.0,-1887.4240733449924
17,7,4,1200.0,2051.3382538425085
17,7,4,1350.0,1980.1882521758416
17,7,4,1500.0,1909.0856707560945
17,7,4,1650.0,1838.2856690894278
17,7,4,1800.0,1767.4856674227613
17,7,4,1950.0,1696.6856657560943
17,7,4,2100.0,1625.8856640894278
17,7,4,2250.0,1555.0924367437485
17,7,4,2400.0,1484.3424350770817
17,7,4,2550.0,1413.5924334104152
17,7,4,2700.0,1342.8424317437484
17,7,4,2850.0,1272.0924300770819
17,7,4,3000.0,1202.5437413322304
17,7,4,3150.0,1140.6604063322304
17,7,4,3300.0,1078.7770713322304
17,7,4,3450.0,1016.8937363322304
17,7,4,3600.0,955.0104013322305
17,7,4,3750.0,893.3921910833376
17,7,4,3900.0,833.4656924333376
17,7,4,4050.0,773.5391937833376
17,7,4,4200.0,713.6126951333376
17,7,4,4350.0,653.6861964833377
17,7,4,4500.0,593.7596978333377
17,7,4,4650.0,534.2885762233373
17,7,4,4800.0,474.8750775733374
17,7,4,4950.0,415.46157892333736
17,7,4,5100.0,356.0480802733373
17,7,4,5250.0,296.63458162333745
17,7,4,5400.0,237.29223319333232
17,7,4,5550.0,177.95973454333216
17,7,4,5700.0,118.627235893332
17,7,4,5850.0,59.30549865000103
17,7,4,6000.0,9.094947017729282e-13
17,7,4,6150.0,-59.30549864999921
17,7,4,6300.0,-118.61099729999933
17,7,4,6450.0,-177.86511539666571
17,7,4,6600.0,-237.11661404666575
17,7,4,6750.0,-296.3681126966658
17,7,4,6900.0,-355.53724343832664
17,7,4,7050.0,-414.6402420883269
17,7,4,7200.0,-473.7432407383267
17,7,4,7350.0,-532.8403267549911
17,7,4,7500.0,-591.8893254049908
17,7,4,7650.0,-650.938324054991
17,7,4,7800.0,-709.9873227049911
17,7,4,7950.0,-769.0363213549908
17,7,4,8100.0,-828.085320004991
17,7,4,8250.0,-887.061682688327
17,7,4,8400.0,-946.016181338327
17,7,4,8550.0,-1004.970679988327
17,7,4,8700.0,-1063.925178638327
17,7,4,8850.0,-1122.879677288327
17,7,4,9000.0,-1181.7977399933275
17,7,4,9150.0,-1240.7117386433279
17,7,4,9300.0,-1299.6257372933278
17,7,4,9450.0,-1358.5134406833276
17,7,4,9600.0,-1417.3734393333275
17,7,4,9750.0,-1476.2334379833273
17,7,4,9900.0,-1535.0925549983344
17,7,4,10050.0,-1593.9120536483342
17,7,4,10200.0,-1652.7315522983345
17,7,4,10350.0,-1711.5510509483343
17,7,4,10500.0,-1770.370549598334
17,7,4,10650.0,-1829.1900482483343
17,7,4,10800.0,-1887.973942519996
17,7,3,1200.0,2292.3500533333427
17,7,3,1350.0,2220.500051666676
17,7,3,1500.0,2148.6500500000093
17,7,3,1650.0,2076.8000483333426
17,7,3,1800.0,2004.9500466666764
17,7,3,1950.0,1933.1000450000097
17,7,3,2100.0,1861.250043333343
17,7,3,2250.0,1789.4000416666763
17,7,3,2400.0,1717.5500400000096
17,7,3,2550.0,1645.700038333343
17,7,3,2700.0,1574.0000366666661
17,7,3,2850.0,1502.3000349999993
17,7,3,3000.0,1430.6000333333327
17,7,3,3150.0,1358.900031666666
17,7,3,3300.0,1287.2000300000047
17,7,3,3450.0,1215.5166950000048
17,7,3,3600.0,1143.8333600000049
17,7,3,3750.0,1072.150025000005
17,7,3,3900.0,1000.4666900000047
17,7,3,4050.0,928.7833550000059
17,7,3,4200.0,857.2333533333394
17,7,3,4350.0,785.6833516666725
17,7,3,4500.0,714.133350000006
17,7,3,4650.0,642.5833483333395
17,7,3,4800.0,571.0333466666725
17,7,3,4950.0,499.61667833333604
17,7,3,5100.0,428.20001000000275
17,7,3,5250.0,356.78334166666946
17,7,3,5400.0,285.3666733333357
17,7,3,5550.0,213.95000500000242
17,7,3,5700.0,142.63333666666495
17,7,3,5850.0,71.31666833333156
17,7,3,6000.0,-1.3642420526593924e-12
17,7,3,6150.0,-71.31666833333475
17,7,3,6300.0,-142.63333666666813
17,7,3,6450.0,-213.83333833333654
17,7,3,6600.0,-285.03334000000314
17,7,3,6750.0,-356.23334166666973
17,7,3,6900.0,-427.4333433333363
17,7,3,7050.0,-498.63334500000246
17,7,3,7200.0,-569.8166800000026
17,7,3,7350.0,-641.0000150000023
17,7,3,7500.0,-712.1833500000025
17,7,3,7650.0,-783.3666850000027
17,7,3,7800.0,-854.5500200000024
17,7,3,7950.0,-925.7000216666729
17,7,3,8100.0,-996.8500233333398
17,7,3,8250.0,-1068.0000250000062
17,7,3,8400.0,-1139.150026666673
17,7,3,8550.0,-1210.3000283333395
17,7,3,8700.0,-1281.1000300000105
17,7,3,8850.0,-1351.900031666678
17,7,3,9000.0,-1422.7000333333444
17,7,3,9150.0,-1493.500035000011
17,7,3,9300.0,-1564.3000366666774
17,7,3,9450.0,-1635.0500383333501
17,7,3,9600.0,-1705.8000400000174
17,7,3,9750.0,-1776.5500416666837
17,7,3,9900.0,-1847.300043333351
17,7,3,10050.0,-1918.0500450000009
17,7,3,10200.0,-1979.9333800000013
17,7,3,10350.0,-2041.8167150000008
17,7,3,10500.0,-2103.7000500000013
17,7,3,10650.0,-2165.583385000001
17,7,3,10800.0,-2227.4667200000013
17,7,2,1200.0,2292.35005333335
17,7,2,1350.0,2220.5000516666832
17,7,2,1500.0,2148.6500500000166
17,7,2,1650.0,2076.80004833335
17,7,2,1800.0,2004.9500466666836
17,7,2,1950.0,1933.100045000017
17,7,2,2100.0,1861.2500433333503
17,7,2,2250.0,1789.4000416666836
17,7,2,2400.0,1717.550040000017
17,7,2,2550.0,1645.7000383333502
17,7,2,2700.0,1574.0000366666661
17,7,2,2850.0,1502.3000349999993
17,7,2,3000.0,1430.6000333333327
17,7,2,3150.0,1358.900031666666
17,7,2,3300.0,1287.2000300000047
17,7,2,3450.0,1215.5166950000048
17,7,2,3600.0,1143.8333600000049
17,7,2,3750.0,1072.150025000005
17,7,2,3900.0,1000.4666900000047
17,7,2,4050.0,928.783355000013
17,7,2,4200.0,857.2333533333465
17,7,2,4350.0,785.6833516666798
17,7,2,4500.0,714.1333500000133
17,7,2,4650.0,642.5833483333463
17,7,2,4800.0,571.0333466666798
17,7,2,4950.0,499.61667833333604
17,7,2,5100.0,428.20001000000275
17,7,2,5250.0,356.78334166666946
17,7,2,5400.0,285.36667333333617
17,7,2,5550.0,213.95000500000288
17,7,2,5700.0,142.63333666666495
17,7,2,5850.0,71.31666833333156
17,7,2,6000.0,-1.3642420526593924e-12
17,7,2,6150.0,-71.31666833333475
17,7,2,6300.0,-142.63333666666813
17,7,2,6450.0,-213.83333833334382
17,7,2,6600.0,-285.03334000001087
17,7,2,6750.0,-356.23334166667746
17,7,2,6900.0,-427.43334333334406
17,7,2,7050.0,-498.63334500001065
17,7,2,7200.0,-569.8166800000172
17,7,2,7350.0,-641.0000150000169
17,7,2,7500.0,-712.1833500000171
17,7,2,7650.0,-783.3666850000172
17,7,2,7800.0,-854.550020000017
17,7,2,7950.0,-925.7000216666875
17,7,2,8100.0,-996.8500233333543
17,7,2,8250.0,-1068.0000250000207
17,7,2,8400.0,-1139.1500266666876
17,7,2,8550.0,-1210.300028333354
17,7,2,8700.0,-1281.100030000025
17,7,2,8850.0,-1351.9000316666925
17,7,2,9000.0,-1422.700033333359
17,7,2,9150.0,-1493.5000350000255
17,7,2,9300.0,-1564.300036666683
17,7,2,9450.0,-1635.0500383333492
17,7,2,9600.0,-1705.8000400000165
17,7,2,9750.0,-1776.5500416666828
17,7,2,9900.0,-1847.300043333349
17,7,2,10050.0,-1918.0500450000154
17,7,2,10200.0,-1979.9333800000159
17,7,2,10350.0,-2041.8167150000154
17,7,2,10500.0,-2103.700050000016
17,7,2,10650.0,-2165.5833850000154
17,7,2,10800.0,-2227.466720000016
17,7,1,1200.0,2292.3500533333427
17,7,1,1350.0,2220.500051666676
17,7,1,1500.0,2148.6500500000093
17,7,1,1650.0,2076.8000483333426
17,7,1,1800.0,2004.9500466666764
17,7,1,1950.0,1933.1000450000097
17,7,1,2100.0,1861.250043333343
17,7,1,2250.0,1789.4000416666763
17,7,1,2400.0,1717.5500400000096
17,7,1,2550.0,1645.700038333343
17,7,1,2700.0,1574.0000366666661
17,7,1,2850.0,1502.3000349999993
17,7,1,3000.0,1430.6000333333327
17,7,1,3150.0,1358.900031666666
17,7,1,3300.0,1287.2000299999995
17,7,1,3450.0,1215.5166949999902
17,7,1,3600.0,1143.8333599999903
17,7,1,3750.0,1072.1500249999904
17,7,1,3900.0,1000.4666899999902
17,7,1,4050.0,928.7833550000132
17,7,1,4200.0,857.2333533333467
17,7,1,4350.0,785.6833516666798
17,7,1,4500.0,714.1333500000133
17,7,1,4650.0,642.5833483333467
17,7,1,4800.0,571.0333466666798
17,7,1,4950.0,499.61667833333604
17,7,1,5100.0,428.20001000000275
17,7,1,5250.0,356.78334166666946
17,7,1,5400.0,285.3666733333357
17,7,1,5550.0,213.95000500000242
17,7,1,5700.0,142.63333666666495
17,7,1,5850.0,71.31666833333156
17,7,1,6000.0,-1.3642420526593924e-12
17,7,1,6150.0,-71.31666833333475
17,7,1,6300.0,-142.63333666666267
17,7,1,6450.0,-213.83333833332927
17,7,1,6600.0,-285.03333999999586
17,7,1,6750.0,-356.23334166666245
17,7,1,6900.0,-427.43334333332905
17,7,1,7050.0,-498.6333449999879
17,7,1,7200.0,-569.8166799999881
17,7,1,7350.0,-641.0000149999878
17,7,1,7500.0,-712.183349999988
17,7,1,7650.0,-783.3666849999881
17,7,1,7800.0,-854.5500199999879
17,7,1,7950.0,-925.7000216666729
17,7,1,8100.0,-996.8500233333398
17,7,1,8250.0,-1068.0000250000062
17,7,1,8400.0,-1139.150026666673
17,7,1,8550.0,-1210.3000283333395
17,7,1,8700.0,-1281.1000300000105
17,7,1,8850.0,-1351.900031666678
17,7,1,9000.0,-1422.7000333333444
17,7,1,9150.0,-1493.500035000011
17,7,1,9300.0,-1564.3000366666683
17,7,1,9450.0,-1635.0500383333347
17,7,1,9600.0,-1705.800040000002
17,7,1,9750.0,-1776.5500416666682
17,7,1,9900.0,-1847.3000433333345
17,7,1,10050.0,-1918.0500450000009
17,7,1,10200.0,-1979.9333800000013
17,7,1,10350.0,-2041.8167150000008
17,7,1,10500.0,-2103.7000500000013
17,7,1,10650.0,-2165.583385000001
17,7,1,10800.0,-2227.4667200000013
17,7,0,1200.0,2292.3500533333645
17,7,0,1350.0,2220.500051666698
17,7,0,1500.0,2148.650050000031
17,7,0,1650.0,2076.8000483333644
17,7,0,1800.0,2004.9500466666982
17,7,0,1950.0,1933.1000450000315
17,7,0,2100.0,1861.2500433333648
17,7,0,2250.0,1789.4000416666981
17,7,0,2400.0,1717.5500400000315
17,7,0,2550.0,1645.7000383333648
17,7,0,2700.0,1574.000036666695
17,7,0,2850.0,1502.3000350000284
17,7,0,3000.0,1430.6000333333616
17,7,0,3150.0,1358.900031666695
17,7,0,3300.0,1287.2000300000284
17,7,0,3450.0,1215.5166950000191
17,7,0,3600.0,1143.8333600000192
17,7,0,3750.0,1072.1500250000192
17,7,0,3900.0,1000.4666900000191
17,7,0,4050.0,928.7833550000275
17,7,0,4200.0,857.233353333361
17,7,0,4350.0,785.6833516666943
17,7,0,4500.0,714.1333500000278
17,7,0,4650.0,642.5833483333608
17,7,0,4800.0,571.0333466666943
17,7,0,4950.0,499.6166783333506
17,7,0,5100.0,428.2000100000173
17,7,0,5250.0,356.783341666684
17,7,0,5400.0,285.3666733333507
17,7,0,5550.0,213.95000500001743
17,7,0,5700.0,142.63333666666495
17,7,0,5850.0,71.31666833333156
17,7,0,6000.0,-1.3642420526593924e-12
17,7,0,6150.0,-71.31666833333475
17,7,0,6300.0,-142.63333666666267
17,7,0,6450.0,-213.83333833332927
17,7,0,6600.0,-285.0333399999963
17,7,0,6750.0,-356.2333416666629
17,7,0,6900.0,-427.4333433333295
17,7,0,7050.0,-498.6333449999879
17,7,0,7200.0,-569.8166799999881
17,7,0,7350.0,-641.0000149999878
17,7,0,7500.0,-712.183349999988
17,7,0,7650.0,-783.3666849999881
17,7,0,7800.0,-854.5500199999879
17,7,0,7950.0,-925.7000216666584
17,7,0,8100.0,-996.8500233333252
17,7,0,8250.0,-1068.0000249999916
17,7,0,8400.0,-1139.1500266666585
17,7,0,8550.0,-1210.300028333325
17,7,0,8700.0,-1281.100029999996
17,7,0,8850.0,-1351.9000316666634
17,7,0,9000.0,-1422.7000333333299
17,7,0,9150.0,-1493.5000349999964
17,7,0,9300.0,-1564.300036666663
17,7,0,9450.0,-1635.0500383333356
17,7,0,9600.0,-1705.800040000002
17,7,0,9750.0,-1776.5500416666691
17,7,0,9900.0,-1847.3000433333355
17,7,0,10050.0,-1918.0500450000009
17,7,0,10200.0,-1979.9333800000013
17,7,0,10350.0,-2041.8167150000008
17,7,0,10500.0,-2103.7000500000013
17,7,0,10650.0,-2165.583385000001
17,7,0,10800.0,-2227.4667200000013
17,8,6,1200.0,2292.3500533333427
17,8,6,1350.0,2220.500051666676
17,8,6,1500.0,2148.6500500000093
17,8,6,1650.0,2076.8000483333426
17,8,6,1800.0,2004.9500466666764
17,8,6,1950.0,1933.1000450000097
17,8,6,2100.0,1861.250043333343
17,8,6,2250.0,1789.4000416666763
17,8,6,2400.0,1717.5500400000096
17,8,6,2550.0,1645.700038333343
17,8,6,2700.0,1574.0000366666661
17,8,6,2850.0,1502.3000349999993
17,8,6,3000.0,1430.6000333333327
17,8,6,3150.0,1358.900031666666
17,8,6,3300.0,1287.2000300000047
17,8,6,3450.0,1215.5166950000048
17,8,6,3600.0,1143.8333600000049
17,8,6,3750.0,1072.150025000005
17,8,6,3900.0,1000.4666900000047
17,8,6,4050.0,928.7833550000048
17,8,6,4200.0,857.2333533333319
17,8,6,4350.0,785.6833516666652
17,8,6,4500.0,714.1333499999987
17,8,6,4650.0,642.5833483333317
17,8,6,4800.0,571.0333466666693
17,8,6,4950.0,499.61667833333604
17,8,6,5100.0,428.20001000000275
17,8,6,5250.0,356.78334166666946
17,8,6,5400.0,285.36667333333617
17,8,6,5550.0,213.95000500000288
17,8,6,5700.0,142.63333666666495
17,8,6,5850.0,71.31666833333156
17,8,6,6000.0,-1.3642420526593924e-12
17,8,6,6150.0,-71.31666833333475
17,8,6,6300.0,-142.63333666666267
17,8,6,6450.0,-213.83333833332927
17,8,6,6600.0,-285.0333399999963
17,8,6,6750.0,-356.2333416666629
17,8,6,6900.0,-427.4333433333295
17,8,6,7050.0,-498.6333449999952
17,8,6,7200.0,-569.8166799999954
17,8,6,7350.0,-641.0000149999951
17,8,6,7500.0,-712.1833499999952
17,8,6,7650.0,-783.3666849999954
17,8,6,7800.0,-854.5500199999951
17,8,6,7950.0,-925.7000216666729
17,8,6,8100.0,-996.8500233333398
17,8,6,8250.0,-1068.0000250000062
17,8,6,8400.0,-1139.150026666673
17,8,6,8550.0,-1210.3000283333395
17,8,6,8700.0,-1281.1000300000105
17,8,6,8850.0,-1351.900031666678
17,8,6,9000.0,-1422.7000333333444
17,8,6,9150.0,-1493.500035000011
17,8,6,9300.0,-1564.3000366666683
17,8,6,9450.0,-1635.0500383333347
17,8,6,9600.0,-1705.800040000002
17,8,6,9750.0,-1776.5500416666682
17,8,6,9900.0,-1847.3000433333345
17,8,6,10050.0,-1918.0500450000009
17,8,6,10200.0,-1979.9333800000013
17,8,6,10350.0,-2041.8167150000008
17,8,6,10500.0,-2103.7000500000013
17,8,6,10650.0,-2165.583385000001
17,8,6,10800.0,-2227.4667200000013
17,8,5,1200.0,2055.902142355766
17,8,5,1350.0,1984.7521406890992
17,8,5,1500.0,1913.6021390224325
17,8,5,1650.0,1842.756720448362
17,8,5,1800.0,1771.9567187816956
17,8,5,1950.0,1701.1567171150286
17,8,5,2100.0,1630.3567154483621
17,8,5,2250.0,1559.5567137816954
17,8,5,2400.0,1488.8002239853977
17,8,5,2550.0,1418.0502223187311
17,8,5,2700.0,1347.3002206520644
17,8,5,2850.0,1276.5502189853978
17,8,5,3000.0,1205.8002173187313
17,8,5,3150.0,1142.1406128264064
17,8,5,3300.0,1080.2572778264064
17,8,5,3450.0,1018.3739428264064
17,8,5,3600.0,956.4906078264064
17,8,5,3750.0,894.6072728264064
17,8,5,3900.0,834.2081182333332
17,8,5,4050.0,774.2816195833332
17,8,5,4200.0,714.3551209333332
17,8,5,4350.0,654.436210205
17,8,5,4500.0,594.7392115550001
17,8,5,4650.0,535.042212905
17,8,5,4800.0,475.345214255
17,8,5,4950.0,415.6586254099982
17,8,5,5100.0,356.24512675999813
17,8,5,5250.0,296.8316281099983
17,8,5,5400.0,237.418129459998
17,8,5,5550.0,178.00463080999816
17,8,5,5700.0,118.66499729999941
17,8,5,5850.0,59.33249864999971
17,8,5,6000.0,-4.547473508864641e-13
17,8,5,6150.0,-59.332498650000616
17,8,5,6300.0,-118.640471253334
17,8,5,6450.0,-177.94596990333366
17,8,5,6600.0,-237.25146855333378
17,8,5,6750.0,-296.5569672033339
17,8,5,6900.0,-355.81198456667016
17,8,5,7050.0,-415.0634832166702
17,8,5,7200.0,-474.3149818666702
17,8,5,7350.0,-533.5664805166703
17,8,5,7500.0,-592.7024752250068
17,8,5,7650.0,-651.805473875007
17,8,5,7800.0,-710.9084725250068
17,8,5,7950.0,-770.011471175007
17,8,5,8100.0,-829.0617230583425
17,8,5,8250.0,-888.1107217083427
17,8,5,8400.0,-947.1597203583424
17,8,5,8550.0,-1006.2087190083425
17,8,5,8700.0,-1065.2253588333379
17,8,5,8850.0,-1124.233857483338
17,8,5,9000.0,-1183.242356133338
17,8,5,9150.0,-1242.2508547833381
17,8,5,9300.0,-1301.2163263733387
17,8,5,9450.0,-1360.1708250233387
17,8,5,9600.0,-1419.1253236733387
17,8,5,9750.0,-1478.0798223233387
17,8,5,9900.0,-1537.0156996783458
17,8,5,10050.0,-1595.9296983283461
17,8,5,10200.0,-1654.843696978346
17,8,5,10350.0,-1713.757695628346
17,8,5,10500.0,-1772.671694278346
17,8,5,10650.0,-1831.5856929283464
17,8,5,10800.0,-1890.3611725183446
17,8,4,1200.0,2055.624920179487
17,8,4,1350.0,1984.4749185128203
17,8,4,1500.0,1913.3249168461537
17,8,4,1650.0,1842.471550549848
17,8,4,1800.0,1771.6715488831815
17,8,4,1950.0,1700.8715472165145
17,8,4,2100.0,1630.071545549848
17,8,4,2250.0,1559.2715438831813
17,8,4,2400.0,1488.5139186980032
17,8,4,2550.0,1417.7639170313364
17,8,4,2700.0,1347.0139153646699
17,8,4,2850.0,1276.263913698003
17,8,4,3000.0,1205.5139120313365
17,8,4,3150.0,1141.8230670683954
17,8,4,3300.0,1079.9397320683954
17,8,4,3450.0,1018.0563970683954
17,8,4,3600.0,956.1730620683954
17,8,4,3750.0,894.2897270683955
17,8,4,3900.0,833.9631285849919
17,8,4,4050.0,774.0366299349919
17,8,4,4200.0,714.1101312849919
17,8,4,4350.0,654.2631562549941
17,8,4,4500.0,594.5661576049943
17,8,4,4650.0,534.8691589549942
17,8,4,4800.0,475.1721603049941
17,8,4,4950.0,415.6024454199994
17,8,4,5100.0,356.18894676999935
17,8,4,5250.0,296.7754481199995
17,8,4,5400.0,237.36194946999922
17,8,4,5550.0,177.99749594999912
17,8,4,5700.0,118.66499729999941
17,8,4,5850.0,59.33249864999925
17,8,4,6000.0,-9.094947017729282e-13
17,8,4,6150.0,-59.31220793999819
17,8,4,6300.0,-118.6177065899983
17,8,4,6450.0,-177.92320523999797
17,8,4,6600.0,-237.2287038899981
17,8,4,6750.0,-296.49272232667454
17,8,4,6900.0,-355.74422097667457
17,8,4,7050.0,-414.9957196266746
17,8,4,7200.0,-474.24721827667463
17,8,4,7350.0,-533.3883417900174
17,8,4,7500.0,-592.4913404400172
17,8,4,7650.0,-651.5943390900175
17,8,4,7800.0,-710.6973377400172
17,8,4,7950.0,-769.752242643347
17,8,4,8100.0,-828.8012412933472
17,8,4,8250.0,-887.8502399433473
17,8,4,8400.0,-946.899238593347
17,8,4,8550.0,-1005.9163985383398
17,8,4,8700.0,-1064.9248971883399
17,8,4,8850.0,-1123.93339583834
17,8,4,9000.0,-1182.94189448834
17,8,4,9150.0,-1241.9138196516733
17,8,4,9300.0,-1300.8683183016733
17,8,4,9450.0,-1359.8228169516733
17,8,4,9600.0,-1418.7773156016733
17,8,4,9750.0,-1477.718087136675
17,8,4,9900.0,-1536.632085786675
17,8,4,10050.0,-1595.5460844366748
17,8,4,10200.0,-1654.4600830866748
17,8,4,10350.0,-1713.3740817366752
17,8,4,10500.0,-1772.2880803866747
17,8,4,10650.0,-1831.202079036675
17,8,4,10800.0,-1889.9396182000137
17,8,3,1200.0,2292.35005333335
17,8,3,1350.0,2220.5000516666832
17,8,3,1500.0,2148.6500500000166
17,8,3,1650.0,2076.80004833335
17,8,3,1800.0,2004.9500466666836
17,8,3,1950.0,1933.100045000017
17,8,3,2100.0,1861.2500433333503
17,8,3,2250.0,1789.4000416666836
17,8,3,2400.0,1717.550040000017
17,8,3,2550.0,1645.7000383333502
17,8,3,2700.0,1574.0000366666732
17,8,3,2850.0,1502.3000350000066
17,8,3,3000.0,1430.6000333333398
17,8,3,3150.0,1358.9000316666732
17,8,3,3300.0,1287.2000300000066
17,8,3,3450.0,1215.5166950000048
17,8,3,3600.0,1143.8333600000049
17,8,3,3750.0,1072.150025000005
17,8,3,3900.0,1000.4666900000047
17,8,3,4050.0,928.7833550000132
17,8,3,4200.0,857.2333533333467
17,8,3,4350.0,785.6833516666798
17,8,3,4500.0,714.1333500000133
17,8,3,4650.0,642.5833483333467
17,8,3,4800.0,571.0333466666798
17,8,3,4950.0,499.61667833332876
17,8,3,5100.0,428.2000099999955
17,8,3,5250.0,356.7833416666622
17,8,3,5400.0,285.3666733333289
17,8,3,5550.0,213.95000499999833
17,8,3,5700.0,142.63333666666495
17,8,3,5850.0,71.31666833333156
17,8,3,6000.0,-1.3642420526593924e-12
17,8,3,6150.0,-71.31666833333475
17,8,3,6300.0,-142.63333666666813
17,8,3,6450.0,-213.8333383333511
17,8,3,6600.0,-285.03334000001814
17,8,3,6750.0,-356.23334166668474
17,8,3,6900.0,-427.43334333335133
17,8,3,7050.0,-498.633345000017
17,8,3,7200.0,-569.8166800000172
17,8,3,7350.0,-641.0000150000169
17,8,3,7500.0,-712.1833500000171
17,8,3,7650.0,-783.3666850000172
17,8,3,7800.0,-854.550020000017
17,8,3,7950.0,-925.7000216666875
17,8,3,8100.0,-996.8500233333543
17,8,3,8250.0,-1068.0000250000207
17,8,3,8400.0,-1139.1500266666876
17,8,3,8550.0,-1210.300028333354
17,8,3,8700.0,-1281.100030000025
17,8,3,8850.0,-1351.9000316666925
17,8,3,9000.0,-1422.700033333359
17,8,3,9150.0,-1493.5000350000255
17,8,3,9300.0,-1564.3000366666902
17,8,3,9450.0,-1635.0500383333574
17,8,3,9600.0,-1705.8000400000237
17,8,3,9750.0,-1776.550041666691
17,8,3,9900.0,-1847.3000433333573
17,8,3,10050.0,-1918.0500450000227
17,8,3,10200.0,-1979.9333800000231
17,8,3,10350.0,-2041.8167150000227
17,8,3,10500.0,-2103.700050000023
17,8,3,10650.0,-2165.5833850000226
17,8,3,10800.0,-2227.466720000023
17,8,2,1200.0,2292.350053333357
17,8,2,1350.0,2220.5000516666905
17,8,2,1500.0,2148.650050000024
17,8,2,1650.0,2076.800048333357
17,8,2,1800.0,2004.950046666691
17,8,2,1950.0,1933.1000450000242
17,8,2,2100.0,1861.2500433333576
17,8,2,2250.0,1789.4000416666909
17,8,2,2400.0,1717.5500400000242
17,8,2,2550.0,1645.7000383333575
17,8,2,2700.0,1574.0000366666804
17,8,2,2850.0,1502.3000350000138
17,8,2,3000.0,1430.600033333347
17,8,2,3150.0,1358.9000316666804
17,8,2,3300.0,1287.2000300000193
17,8,2,3450.0,1215.5166950000194
17,8,2,3600.0,1143.8333600000194
17,8,2,3750.0,1072.1500250000195
17,8,2,3900.0,1000.4666900000193
17,8,2,4050.0,928.7833550000194
17,8,2,4200.0,857.2333533333469
17,8,2,4350.0,785.6833516666802
17,8,2,4500.0,714.1333500000137
17,8,2,4650.0,642.5833483333467
17,8,2,4800.0,571.0333466666802
17,8,2,4950.0,499.61667833333604
17,8,2,5100.0,428.20001000000275
17,8,2,5250.0,356.78334166666946
17,8,2,5400.0,285.36667333333617
17,8,2,5550.0,213.95000500000288
17,8,2,5700.0,142.63333666666495
17,8,2,5850.0,71.31666833333156
17,8,2,6000.0,-1.3642420526593924e-12
17,8,2,6150.0,-71.31666833333475
17,8,2,6300.0,-142.63333666666813
17,8,2,6450.0,-213.83333833334382
17,8,2,6600.0,-285.03334000001087
17,8,2,6750.0,-356.23334166667746
17,8,2,6900.0,-427.43334333334406
17,8,2,7050.0,-498.63334500000246
17,8,2,7200.0,-569.8166800000026
17,8,2,7350.0,-641.0000150000023
17,8,2,7500.0,-712.1833500000025
17,8,2,7650.0,-783.3666850000027
17,8,2,7800.0,-854.5500200000024
17,8,2,7950.0,-925.7000216666729
17,8,2,8100.0,-996.8500233333398
17,8,2,8250.0,-1068.0000250000062
17,8,2,8400.0,-1139.150026666673
17,8,2,8550.0,-1210.3000283333395
17,8,2,8700.0,-1281.100030000025
17,8,2,8850.0,-1351.9000316666925
17,8,2,9000.0,-1422.700033333359
17,8,2,9150.0,-1493.5000350000255
17,8,2,9300.0,-1564.3000366666838
17,8,2,9450.0,-1635.0500383333501
17,8,2,9600.0,-1705.8000400000174
17,8,2,9750.0,-1776.5500416666837
17,8,2,9900.0,-1847.300043333351
17,8,2,10050.0,-1918.0500450000154
17,8,2,10200.0,-1979.9333800000159
17,8,2,10350.0,-2041.8167150000154
17,8,2,10500.0,-2103.700050000016
17,8,2,10650.0,-2165.5833850000154
17,8,2,10800.0,-2227.466720000016
17,8,1,1200.0,2292.35005333335
17,8,1,1350.0,2220.5000516666832
17,8,1,1500.0,2148.6500500000166
17,8,1,1650.0,2076.80004833335
17,8,1,1800.0,2004.9500466666836
17,8,1,1950.0,1933.100045000017
17,8,1,2100.0,1861.2500433333503
17,8,1,2250.0,1789.4000416666836
17,8,1,2400.0,1717.550040000017
17,8,1,2550.0,1645.7000383333502
17,8,1,2700.0,1574.0000366666807
17,8,1,2850.0,1502.3000350000138
17,8,1,3000.0,1430.6000333333473
17,8,1,3150.0,1358.9000316666807
17,8,1,3300.0,1287.2000300000193
17,8,1,3450.0,1215.5166950000194
17,8,1,3600.0,1143.8333600000194
17,8,1,3750.0,1072.1500250000195
17,8,1,3900.0,1000.4666900000193
17,8,1,4050.0,928.7833550000194
17,8,1,4200.0,857.2333533333467
17,8,1,4350.0,785.6833516666798
17,8,1,4500.0,714.1333500000133
17,8,1,4650.0,642.5833483333467
17,8,1,4800.0,571.0333466666798
17,8,1,4950.0,499.61667833333604
17,8,1,5100.0,428.20001000000275
17,8,1,5250.0,356.78334166666946
17,8,1,5400.0,285.3666733333357
17,8,1,5550.0,213.95000500000242
17,8,1,5700.0,142.63333666666495
17,8,1,5850.0,71.31666833333156
17,8,1,6000.0,-1.3642420526593924e-12
17,8,1,6150.0,-71.31666833333475
17,8,1,6300.0,-142.63333666666267
17,8,1,6450.0,-213.83333833332927
17,8,1,6600.0,-285.0333399999963
17,8,1,6750.0,-356.2333416666629
17,8,1,6900.0,-427.4333433333295
17,8,1,7050.0,-498.6333449999952
17,8,1,7200.0,-569.8166799999954
17,8,1,7350.0,-641.0000149999951
17,8,1,7500.0,-712.1833499999952
17,8,1,7650.0,-783.3666849999954
17,8,1,7800.0,-854.5500199999951
17,8,1,7950.0,-925.7000216666729
17,8,1,8100.0,-996.8500233333398
17,8,1,8250.0,-1068.0000250000062
17,8,1,8400.0,-1139.150026666673
17,8,1,8550.0,-1210.3000283333372
17,8,1,8700.0,-1281.1000300000032
17,8,1,8850.0,-1351.9000316666707
17,8,1,9000.0,-1422.7000333333372
17,8,1,9150.0,-1493.5000350000037
17,8,1,9300.0,-1564.3000366666693
17,8,1,9450.0,-1635.0500383333356
17,8,1,9600.0,-1705.8000400000028
17,8,1,9750.0,-1776.5500416666691
17,8,1,9900.0,-1847.3000433333364
17,8,1,10050.0,-1918.0500450000027
17,8,1,10200.0,-1979.9333800000159
17,8,1,10350.0,-2041.8167150000154
17,8,1,10500.0,-2103.700050000016
17,8,1,10650.0,-2165.5833850000154
17,8,1,10800.0,-2227.466720000012
17,8,0,1200.0,2292.350053333357
17,8,0,1350.0,2220.5000516666905
17,8,0,1500.0,2148.650050000024
17,8,0,1650.0,2076.800048333357
17,8,0,1800.0,2004.950046666691
17,8,0,1950.0,1933.1000450000242
17,8,0,2100.0,1861.2500433333576
17,8,0,2250.0,1789.4000416666909
17,8,0,2400.0,1717.5500400000242
17,8,0,2550.0,1645.7000383333575
17,8,0,2700.0,1574.0000366666807
17,8,0,2850.0,1502.3000350000138
17,8,0,3000.0,1430.6000333333473
17,8,0,3150.0,1358.9000316666807
17,8,0,3300.0,1287.200030000014
17,8,0,3450.0,1215.5166950000048
17,8,0,3600.0,1143.8333600000049
17,8,0,3750.0,1072.150025000005
17,8,0,3900.0,1000.4666900000047
17,8,0,4050.0,928.7833550000132
17,8,0,4200.0,857.2333533333467
17,8,0,4350.0,785.6833516666798
17,8,0,4500.0,714.1333500000133
17,8,0,4650.0,642.5833483333467
17,8,0,4800.0,571.0333466666798
17,8,0,4950.0,499.61667833333604
17,8,0,5100.0,428.20001000000275
17,8,0,5250.0,356.78334166666946
17,8,0,5400.0,285.36667333333617
17,8,0,5550.0,213.95000500000288
17,8,0,5700.0,142.63333666666495
17,8,0,5850.0,71.31666833333156
17,8,0,6000.0,-1.3642420526593924e-12
17,8,0,6150.0,-71.31666833333475
17,8,0,6300.0,-142.63333666666813
17,8,0,6450.0,-213.83333833334382
17,8,0,6600.0,-285.03334000001087
17,8,0,6750.0,-356.23334166667746
17,8,0,6900.0,-427.43334333334406
17,8,0,7050.0,-498.63334500000246
17,8,0,7200.0,-569.8166800000026
17,8,0,7350.0,-641.0000150000023
17,8,0,7500.0,-712.1833500000025
17,8,0,7650.0,-783.3666850000027
17,8,0,7800.0,-854.5500200000024
17,8,0,7950.0,-925.7000216666875
17,8,0,8100.0,-996.8500233333543
17,8,0,8250.0,-1068.0000250000207
17,8,0,8400.0,-1139.1500266666876
17,8,0,8550.0,-1210.300028333354
17,8,0,8700.0,-1281.100030000025
17,8,0,8850.0,-1351.9000316666925
17,8,0,9000.0,-1422.700033333359
17,8,0,9150.0,-1493.5000350000255
17,8,0,9300.0,-1564.300036666683
17,8,0,9450.0,-1635.0500383333501
17,8,0,9600.0,-1705.8000400000165
17,8,0,9750.0,-1776.5500416666837
17,8,0,9900.0,-1847.30004333335
17,8,0,10050.0,-1918.0500450000154
17,8,0,10200.0,-1979.9333800000159
17,8,0,10350.0,-2041.8167150000154
17,8,0,10500.0,-2103.700050000016
17,8,0,10650.0,-2165.5833850000154
17,8,0,10800.0,-2227.466720000016
17,9,6,1200.0,2292.3500533333427
17,9,6,1350.0,2220.500051666676
17,9,6,1500.0,2148.6500500000093
17,9,6,1650.0,2076.8000483333426
17,9,6,1800.0,2004.9500466666764
17,9,6,1950.0,1933.1000450000097
17,9,6,2100.0,1861.250043333343
17,9,6,2250.0,1789.4000416666763
17,9,6,2400.0,1717.5500400000096
17,9,6,2550.0,1645.700038333343
17,9,6,2700.0,1574.0000366666657
17,9,6,2850.0,1502.300034999999
17,9,6,3000.0,1430.6000333333325
17,9,6,3150.0,1358.9000316666657
17,9,6,3300.0,1287.2000300000047
17,9,6,3450.0,1215.5166950000048
17,9,6,3600.0,1143.8333600000049
17,9,6,3750.0,1072.150025000005
17,9,6,3900.0,1000.4666900000047
17,9,6,4050.0,928.7833550000134
17,9,6,4200.0,857.2333533333469
17,9,6,4350.0,785.6833516666802
17,9,6,4500.0,714.1333500000137
17,9,6,4650.0,642.5833483333467
17,9,6,4800.0,571.0333466666802
17,9,6,4950.0,499.6166783333365
17,9,6,5100.0,428.2000100000032
17,9,6,5250.0,356.7833416666699
17,9,6,5400.0,285.3666733333366
17,9,6,5550.0,213.95000500000333
17,9,6,5700.0,142.63333666666495
17,9,6,5850.0,71.31666833333156
17,9,6,6000.0,-1.3642420526593924e-12
17,9,6,6150.0,-71.31666833333475
17,9,6,6300.0,-142.63333666666813
17,9,6,6450.0,-213.83333833335791
17,9,6,6600.0,-285.0333400000245
17,9,6,6750.0,-356.2333416666911
17,9,6,6900.0,-427.4333433333577
17,9,6,7050.0,-498.63334500000974
17,9,6,7200.0,-569.8166800000099
17,9,6,7350.0,-641.0000150000096
17,9,6,7500.0,-712.1833500000098
17,9,6,7650.0,-783.36668500001
17,9,6,7800.0,-854.5500200000097
17,9,6,7950.0,-925.7000216666875
17,9,6,8100.0,-996.8500233333543
17,9,6,8250.0,-1068.0000250000207
17,9,6,8400.0,-1139.1500266666876
17,9,6,8550.0,-1210.300028333354
17,9,6,8700.0,-1281.100030000025
17,9,6,8850.0,-1351.9000316666925
17,9,6,9000.0,-1422.700033333359
17,9,6,9150.0,-1493.5000350000255
17,9,6,9300.0,-1564.300036666692
17,9,6,9450.0,-1635.0500383333647
17,9,6,9600.0,-1705.800040000031
17,9,6,9750.0,-1776.5500416666982
17,9,6,9900.0,-1847.3000433333646
17,9,6,10050.0,-1918.05004500003
17,9,6,10200.0,-1979.9333800000304
17,9,6,10350.0,-2041.81671500003
17,9,6,10500.0,-2103.7000500000304
17,9,6,10650.0,-2165.58338500003
17,9,6,10800.0,-2227.4667200000267
17,9,5,1200.0,2063.913292317482
17,9,5,1350.0,1992.7632906508152
17,9,5,1500.0,1921.6132889841483
17,9,5,1650.0,1850.5061375150126
17,9,5,1800.0,1779.7061358483459
17,9,5,1950.0,1708.9061341816791
17,9,5,2100.0,1638.1061325150126
17,9,5,2250.0,1567.306130848346
17,9,5,2400.0,1496.5122506384703
17,9,5,2550.0,1425.7622489718037
17,9,5,2700.0,1355.012247305137
17,9,5,2850.0,1284.2622456384704
17,9,5,3000.0,1213.5122439718036
17,9,5,3150.0,1143.8477806425838
17,9,5,3300.0,1081.9644456425838
17,9,5,3450.0,1020.0811106425838
17,9,5,3600.0,958.1977756425838
17,9,5,3750.0,896.3144406425838
17,9,5,3900.0,834.659556253335
17,9,5,4050.0,774.733057603335
17,9,5,4200.0,714.8065589533351
17,9,5,4350.0,654.8800603033351
17,9,5,4500.0,595.0168017949991
17,9,5,4650.0,535.319803144999
17,9,5,4800.0,475.62280449499895
17,9,5,4950.0,415.9258058449989
17,9,5,5100.0,356.3068134799987
17,9,5,5250.0,296.89331482999887
17,9,5,5400.0,237.47981617999858
17,9,5,5550.0,178.06631752999874
17,9,5,5700.0,118.66499729999941
17,9,5,5850.0,59.33249864999971
17,9,5,6000.0,-4.547473508864641e-13
17,9,5,6150.0,-59.332498650000616
17,9,5,6300.0,-118.6621291599995
17,9,5,6450.0,-177.96762780999916
17,9,5,6600.0,-237.27312645999928
17,9,5,6750.0,-296.5786251099994
17,9,5,6900.0,-355.8769582866671
17,9,5,7050.0,-415.12845693666713
17,9,5,7200.0,-474.37995558666717
17,9,5,7350.0,-533.6314542366672
17,9,5,7500.0,-592.8829528866672
17,9,5,7650.0,-651.9895660816692
17,9,5,7800.0,-711.092564731669
17,9,5,7950.0,-770.1955633816692
17,9,5,8100.0,-829.298562031669
17,9,5,8250.0,-888.3556123950057
17,9,5,8400.0,-947.4046110450054
17,9,5,8550.0,-1006.4536096950055
17,9,5,8700.0,-1065.5026083450057
17,9,5,8850.0,-1124.5305109650003
17,9,5,9000.0,-1183.5390096150004
17,9,5,9150.0,-1242.5475082650005
17,9,5,9300.0,-1301.5560069150001
17,9,5,9450.0,-1360.545888765001
17,9,5,9600.0,-1419.5003874150011
17,9,5,9750.0,-1478.4548860650011
17,9,5,9900.0,-1537.4093847150011
17,9,5,10050.0,-1596.3635697650056
17,9,5,10200.0,-1655.2775684150056
17,9,5,10350.0,-1714.191567065006
17,9,5,10500.0,-1773.1055657150055
17,9,5,10650.0,-1832.0195643650059
17,9,5,10800.0,-1890.8783995483445
17,9,4,1200.0,2090.3280833781732
17,9,4,1350.0,2019.1752505798177
17,9,4,1500.0,1948.025248913151
17,9,4,1650.0,1876.8752472464844
17,9,4,1800.0,1805.7252455798177
17,9,4,1950.0,1734.575243913151
17,9,4,2100.0,1663.7455153637688
17,9,4,2250.0,1592.9455136971021
17,9,4,2400.0,1522.1455120304354
17,9,4,2550.0,1451.3455103637689
17,9,4,2700.0,1380.5455086971022
17,9,4,2850.0,1309.791260332902
17,9,4,3000.0,1239.0412586662353
17,9,4,3150.0,1168.2912569995688
17,9,4,3300.0,1097.541255332902
17,9,4,3450.0,1026.7912536662352
17,9,4,3600.0,964.154837637441
17,9,4,3750.0,902.271502637441
17,9,4,3900.0,840.388167637441
17,9,4,4050.0,778.504832637441
17,9,4,4200.0,716.621497637441
17,9,4,4350.0,656.4170726966629
17,9,4,4500.0,596.4905740466629
17,9,4,4650.0,536.5640753966629
17,9,4,4800.0,476.63757674666294
17,9,4,4950.0,416.8558381400028
17,9,4,5100.0,357.15883949000295
17,9,4,5250.0,297.4618408400029
17,9,4,5400.0,237.76484219000304
17,9,4,5550.0,178.24049595000088
17,9,4,5700.0,118.82699730000104
17,9,4,5850.0,59.41349865000075
17,9,4,6000.0,9.094947017729282e-13
17,9,4,6150.0,-59.37398202000213
17,9,4,6300.0,-118.70648067000229
17,9,4,6450.0,-178.03897932000245
17,9,4,6600.0,-237.37147797000216
17,9,4,6750.0,-296.68895574333465
17,9,4,6900.0,-355.99445439333476
17,9,4,7050.0,-415.2999530433344
17,9,4,7200.0,-474.60545169333454
17,9,4,7350.0,-533.8811245033357
17,9,4,7500.0,-593.1326231533358
17,9,4,7650.0,-652.3841218033358
17,9,4,7800.0,-711.6356204533358
17,9,4,7950.0,-770.8235109066704
17,9,4,8100.0,-829.9265095566702
17,9,4,8250.0,-889.0295082066705
17,9,4,8400.0,-948.1325068566703
17,9,4,8550.0,-1007.2197405866664
17,9,4,8700.0,-1066.2687392366665
17,9,4,8850.0,-1125.3177378866662
17,9,4,9000.0,-1184.3667365366664
17,9,4,9150.0,-1243.4133020816694
17,9,4,9300.0,-1302.421800731669
17,9,4,9450.0,-1361.430299381669
17,9,4,9600.0,-1420.4387980316692
17,9,4,9750.0,-1479.4472966816693
17,9,4,9900.0,-1538.4093122583376
17,9,4,10050.0,-1597.3638109083377
17,9,4,10200.0,-1656.3183095583377
17,9,4,10350.0,-1715.2728082083377
17,9,4,10500.0,-1774.2273068583381
17,9,4,10650.0,-1833.1818055083377
17,9,4,10800.0,-1892.035533353338
17,9,3,1200.0,2292.3500533333354
17,9,3,1350.0,2220.5000516666687
17,9,3,1500.0,2148.650050000002
17,9,3,1650.0,2076.8000483333353
17,9,3,1800.0,2004.950046666669
17,9,3,1950.0,1933.1000450000024
17,9,3,2100.0,1861.2500433333357
17,9,3,2250.0,1789.400041666669
17,9,3,2400.0,1717.5500400000024
17,9,3,2550.0,1645.7000383333357
17,9,3,2700.0,1574.0000366666661
17,9,3,2850.0,1502.3000349999993
17,9,3,3000.0,1430.6000333333327
17,9,3,3150.0,1358.900031666666
17,9,3,3300.0,1287.2000299999995
17,9,3,3450.0,1215.5166949999975
17,9,3,3600.0,1143.8333599999976
17,9,3,3750.0,1072.1500249999976
17,9,3,3900.0,1000.4666899999975
17,9,3,4050.0,928.7833550000062
17,9,3,4200.0,857.2333533333397
17,9,3,4350.0,785.6833516666729
17,9,3,4500.0,714.1333500000064
17,9,3,4650.0,642.5833483333395
17,9,3,4800.0,571.033346666673
17,9,3,4950.0,499.61667833332876
17,9,3,5100.0,428.2000099999955
17,9,3,5250.0,356.7833416666622
17,9,3,5400.0,285.36667333332844
17,9,3,5550.0,213.95000499999833
17,9,3,5700.0,142.63333666666495
17,9,3,5850.0,71.31666833333156
17,9,3,6000.0,-1.3642420526593924e-12
17,9,3,6150.0,-71.31666833333475
17,9,3,6300.0,-142.63333666666813
17,9,3,6450.0,-213.83333833334382
17,9,3,6600.0,-285.03334000001087
17,9,3,6750.0,-356.23334166667746
17,9,3,6900.0,-427.43334333334406
17,9,3,7050.0,-498.6333449999952
17,9,3,7200.0,-569.8166799999954
17,9,3,7350.0,-641.0000149999951
17,9,3,7500.0,-712.1833499999952
17,9,3,7650.0,-783.3666849999954
17,9,3,7800.0,-854.5500199999924
17,9,3,7950.0,-925.7000216666588
17,9,3,8100.0,-996.8500233333257
17,9,3,8250.0,-1068.000024999992
17,9,3,8400.0,-1139.150026666659
17,9,3,8550.0,-1210.3000283333254
17,9,3,8700.0,-1281.1000300000032
17,9,3,8850.0,-1351.9000316666707
17,9,3,9000.0,-1422.7000333333372
17,9,3,9150.0,-1493.5000350000037
17,9,3,9300.0,-1564.3000366666693
17,9,3,9450.0,-1635.0500383333356
17,9,3,9600.0,-1705.8000400000028
17,9,3,9750.0,-1776.5500416666691
17,9,3,9900.0,-1847.3000433333364
17,9,3,10050.0,-1918.0500450000009
17,9,3,10200.0,-1979.9333800000013
17,9,3,10350.0,-2041.8167150000008
17,9,3,10500.0,-2103.7000500000013
17,9,3,10650.0,-2165.583385000001
17,9,3,10800.0,-2227.4667200000013
17,9,2,1200.0,2292.3500533333427
17,9,2,1350.0,2220.500051666676
17,9,2,1500.0,2148.6500500000093
17,9,2,1650.0,2076.8000483333426
17,9,2,1800.0,2004.9500466666764
17,9,2,1950.0,1933.1000450000097
17,9,2,2100.0,1861.250043333343
17,9,2,2250.0,1789.4000416666763
17,9,2,2400.0,1717.5500400000096
17,9,2,2550.0,1645.700038333343
17,9,2,2700.0,1574.000036666666
17,9,2,2850.0,1502.3000349999993
17,9,2,3000.0,1430.6000333333325
17,9,2,3150.0,1358.9000316666659
17,9,2,3300.0,1287.2000299999993
17,9,2,3450.0,1215.5166949999902
17,9,2,3600.0,1143.8333599999903
17,9,2,3750.0,1072.1500249999904
17,9,2,3900.0,1000.4666899999902
17,9,2,4050.0,928.7833549999984
17,9,2,4200.0,857.2333533333319
17,9,2,4350.0,785.6833516666652
17,9,2,4500.0,714.1333499999987
17,9,2,4650.0,642.5833483333317
17,9,2,4800.0,571.0333466666693
17,9,2,4950.0,499.61667833333604
17,9,2,5100.0,428.20001000000275
17,9,2,5250.0,356.78334166666946
17,9,2,5400.0,285.3666733333357
17,9,2,5550.0,213.95000500000242
17,9,2,5700.0,142.63333666666495
17,9,2,5850.0,71.31666833333156
17,9,2,6000.0,-1.3642420526593924e-12
17,9,2,6150.0,-71.31666833333475
17,9,2,6300.0,-142.63333666666267
17,9,2,6450.0,-213.83333833332927
17,9,2,6600.0,-285.03333999999586
17,9,2,6750.0,-356.23334166666245
17,9,2,6900.0,-427.43334333332905
17,9,2,7050.0,-498.63334499999564
17,9,2,7200.0,-569.8166800000026
17,9,2,7350.0,-641.0000150000023
17,9,2,7500.0,-712.1833500000025
17,9,2,7650.0,-783.3666850000027
17,9,2,7800.0,-854.5500200000024
17,9,2,7950.0,-925.7000216666729
17,9,2,8100.0,-996.8500233333398
17,9,2,8250.0,-1068.0000250000062
17,9,2,8400.0,-1139.150026666673
17,9,2,8550.0,-1210.3000283333395
17,9,2,8700.0,-1281.100030000025
17,9,2,8850.0,-1351.9000316666925
17,9,2,9000.0,-1422.700033333359
17,9,2,9150.0,-1493.5000350000255
17,9,2,9300.0,-1564.3000366666838
17,9,2,9450.0,-1635.0500383333501
17,9,2,9600.0,-1705.8000400000174
17,9,2,9750.0,-1776.5500416666837
17,9,2,9900.0,-1847.300043333351
17,9,2,10050.0,-1918.0500450000172
17,9,2,10200.0,-1979.9333800000304
17,9,2,10350.0,-2041.81671500003
17,9,2,10500.0,-2103.7000500000304
17,9,2,10650.0,-2165.58338500003
17,9,2,10800.0,-2227.466720000026
17,9,1,1200.0,2292.35005333335
17,9,1,1350.0,2220.5000516666832
17,9,1,1500.0,2148.6500500000166
17,9,1,1650.0,2076.80004833335
17,9,1,1800.0,2004.9500466666836
17,9,1,1950.0,1933.100045000017
17,9,1,2100.0,1861.2500433333503
17,9,1,2250.0,1789.4000416666836
17,9,1,2400.0,1717.550040000017
17,9,1,2550.0,1645.7000383333502
17,9,1,2700.0,1574.0000366666802
17,9,1,2850.0,1502.3000350000136
17,9,1,3000.0,1430.600033333347
17,9,1,3150.0,1358.9000316666802
17,9,1,3300.0,1287.2000300000193
17,9,1,3450.0,1215.5166950000194
17,9,1,3600.0,1143.8333600000194
17,9,1,3750.0,1072.1500250000195
17,9,1,3900.0,1000.4666900000193
17,9,1,4050.0,928.7833550000194
17,9,1,4200.0,857.2333533333469
17,9,1,4350.0,785.6833516666802
17,9,1,4500.0,714.1333500000137
17,9,1,4650.0,642.5833483333467
17,9,1,4800.0,571.0333466666802
17,9,1,4950.0,499.6166783333365
17,9,1,5100.0,428.2000100000032
17,9,1,5250.0,356.7833416666699
17,9,1,5400.0,285.3666733333366
17,9,1,5550.0,213.95000500000333
17,9,1,5700.0,142.63333666666495
17,9,1,5850.0,71.31666833333156
17,9,1,6000.0,-1.3642420526593924e-12
17,9,1,6150.0,-71.31666833333475
17,9,1,6300.0,-142.63333666666813
17,9,1,6450.0,-213.83333833333654
17,9,1,6600.0,-285.0333400000036
17,9,1,6750.0,-356.2333416666702
17,9,1,6900.0,-427.4333433333368
17,9,1,7050.0,-498.63334500000246
17,9,1,7200.0,-569.8166800000026
17,9,1,7350.0,-641.0000150000023
17,9,1,7500.0,-712.1833500000025
17,9,1,7650.0,-783.3666850000027
17,9,1,7800.0,-854.5500200000024
17,9,1,7950.0,-925.7000216666875
17,9,1,8100.0,-996.8500233333543
17,9,1,8250.0,-1068.0000250000207
17,9,1,8400.0,-1139.1500266666876
17,9,1,8550.0,-1210.3000283333517
17,9,1,8700.0,-1281.1000300000178
17,9,1,8850.0,-1351.9000316666852
17,9,1,9000.0,-1422.7000333333517
17,9,1,9150.0,-1493.5000350000182
17,9,1,9300.0,-1564.3000366666847
17,9,1,9450.0,-1635.0500383333574
17,9,1,9600.0,-1705.8000400000246
17,9,1,9750.0,-1776.550041666691
17,9,1,9900.0,-1847.3000433333582
17,9,1,10050.0,-1918.0500450000245
17,9,1,10200.0,-1979.9333800000304
17,9,1,10350.0,-2041.81671500003
17,9,1,10500.0,-2103.7000500000304
17,9,1,10650.0,-2165.58338500003
17,9,1,10800.0,-2227.4667200000304
17,9,0,1200.0,2292.350053333357
17,9,0,1350.0,2220.5000516666905
17,9,0,1500.0,2148.650050000024
17,9,0,1650.0,2076.800048333357
17,9,0,1800.0,2004.950046666691
17,9,0,1950.0,1933.1000450000242
17,9,0,2100.0,1861.2500433333576
17,9,0,2250.0,1789.4000416666909
17,9,0,2400.0,1717.5500400000242
17,9,0,2550.0,1645.7000383333575
17,9,0,2700.0,1574.0000366666807
17,9,0,2850.0,1502.3000350000138
17,9,0,3000.0,1430.6000333333473
17,9,0,3150.0,1358.9000316666807
17,9,0,3300.0,1287.200030000014
17,9,0,3450.0,1215.5166950000048
17,9,0,3600.0,1143.8333600000049
17,9,0,3750.0,1072.150025000005
17,9,0,3900.0,1000.4666900000047
17,9,0,4050.0,928.7833550000048
17,9,0,4200.0,857.2333533333319
17,9,0,4350.0,785.6833516666652
17,9,0,4500.0,714.1333499999987
17,9,0,4650.0,642.5833483333317
17,9,0,4800.0,571.0333466666652
17,9,0,4950.0,499.6166783333292
17,9,0,5100.0,428.2000099999959
17,9,0,5250.0,356.78334166666264
17,9,0,5400.0,285.36667333332935
17,9,0,5550.0,213.95000499999833
17,9,0,5700.0,142.63333666666495
17,9,0,5850.0,71.31666833333156
17,9,0,6000.0,-1.3642420526593924e-12
17,9,0,6150.0,-71.31666833333475
17,9,0,6300.0,-142.63333666666813
17,9,0,6450.0,-213.83333833334382
17,9,0,6600.0,-285.0333400000104
17,9,0,6750.0,-356.233341666677
17,9,0,6900.0,-427.4333433333436
17,9,0,7050.0,-498.6333450000102
17,9,0,7200.0,-569.8166800000172
17,9,0,7350.0,-641.0000150000169
17,9,0,7500.0,-712.1833500000171
17,9,0,7650.0,-783.3666850000172
17,9,0,7800.0,-854.550020000017
17,9,0,7950.0,-925.7000216666875
17,9,0,8100.0,-996.8500233333543
17,9,0,8250.0,-1068.0000250000207
17,9,0,8400.0,-1139.1500266666876
17,9,0,8550.0,-1210.300028333354
17,9,0,8700.0,-1281.100030000025
17,9,0,8850.0,-1351.9000316666925
17,9,0,9000.0,-1422.700033333359
17,9,0,9150.0,-1493.5000350000255
17,9,0,9300.0,-1564.300036666683
17,9,0,9450.0,-1635.0500383333492
17,9,0,9600.0,-1705.8000400000165
17,9,0,9750.0,-1776.5500416666828
17,9,0,9900.0,-1847.300043333349
17,9,0,10050.0,-1918.0500450000163
17,9,0,10200.0,-1979.9333800000304
17,9,0,10350.0,-2041.81671500003
17,9,0,10500.0,-2103.7000500000304
17,9,0,10650.0,-2165.58338500003
17,9,0,10800.0,-2227.466720000026
17,10,6,1200.0,2292.350053333357
17,10,6,1350.0,2220.5000516666905
17,10,6,1500.0,2148.650050000024
17,10,6,1650.0,2076.800048333357
17,10,6,1800.0,2004.950046666691
17,10,6,1950.0,1933.1000450000242
17,10,6,2100.0,1861.2500433333576
17,10,6,2250.0,1789.4000416666909
17,10,6,2400.0,1717.5500400000242
17,10,6,2550.0,1645.7000383333575
17,10,6,2700.0,1574.0000366666657
17,10,6,2850.0,1502.300034999999
17,10,6,3000.0,1430.6000333333325
17,10,6,3150.0,1358.9000316666657
17,10,6,3300.0,1287.2000300000047
17,10,6,3450.0,1215.5166950000048
17,10,6,3600.0,1143.8333600000049
17,10,6,3750.0,1072.150025000005
17,10,6,3900.0,1000.4666900000047
17,10,6,4050.0,928.7833550000134
17,10,6,4200.0,857.2333533333469
17,10,6,4350.0,785.6833516666802
17,10,6,4500.0,714.1333500000137
17,10,6,4650.0,642.5833483333467
17,10,6,4800.0,571.0333466666802
17,10,6,4950.0,499.6166783333215
17,10,6,5100.0,428.2000099999882
17,10,6,5250.0,356.7833416666549
17,10,6,5400.0,285.3666733333216
17,10,6,5550.0,213.95000499999833
17,10,6,5700.0,142.63333666666495
17,10,6,5850.0,71.31666833333156
17,10,6,6000.0,-1.3642420526593924e-12
17,10,6,6150.0,-71.31666833333475
17,10,6,6300.0,-142.63333666666222
17,10,6,6450.0,-213.8333383333288
17,10,6,6600.0,-285.0333399999954
17,10,6,6750.0,-356.233341666662
17,10,6,6900.0,-427.4333433333286
17,10,6,7050.0,-498.6333449999952
17,10,6,7200.0,-569.8166800000026
17,10,6,7350.0,-641.0000150000023
17,10,6,7500.0,-712.1833500000025
17,10,6,7650.0,-783.3666850000027
17,10,6,7800.0,-854.5500200000024
17,10,6,7950.0,-925.7000216666729
17,10,6,8100.0,-996.8500233333398
17,10,6,8250.0,-1068.0000250000062
17,10,6,8400.0,-1139.150026666673
17,10,6,8550.0,-1210.3000283333395
17,10,6,8700.0,-1281.1000300000105
17,10,6,8850.0,-1351.900031666678
17,10,6,9000.0,-1422.7000333333444
17,10,6,9150.0,-1493.500035000011
17,10,6,9300.0,-1564.3000366666774
17,10,6,9450.0,-1635.0500383333501
17,10,6,9600.0,-1705.8000400000165
17,10,6,9750.0,-1776.5500416666837
17,10,6,9900.0,-1847.30004333335
17,10,6,10050.0,-1918.0500450000163
17,10,6,10200.0,-1979.9333800000304
17,10,6,10350.0,-2041.81671500003
17,10,6,10500.0,-2103.7000500000304
17,10,6,10650.0,-2165.58338500003
17,10,6,10800.0,-2227.4667200000267
17,10,5,1200.0,2146.935673147383
17,10,5,1350.0,2075.752338147383
17,10,5,1500.0,2004.569003147383
17,10,5,1650.0,1933.385668147383
17,10,5,1800.0,1862.202333147383
17,10,5,1950.0,1791.0247119251553
17,10,5,2100.0,1719.8747102584884
17,10,5,2250.0,1648.724708591822
17,10,5,2400.0,1577.5747069251552
17,10,5,2550.0,1506.4247052584885
17,10,5,2700.0,1435.334698258496
17,10,5,2850.0,1364.5346965918293
17,10,5,3000.0,1293.7346949251628
17,10,5,3150.0,1222.934693258496
17,10,5,3300.0,1152.1346915918293
17,10,5,3450.0,1081.3432605918263
17,10,5,3600.0,1010.5932589251597
17,10,5,3750.0,939.8432572584929
17,10,5,3900.0,869.0932555918264
17,10,5,4050.0,798.3432539251596
17,10,5,4200.0,728.1632064674684
17,10,5,4350.0,666.2798714674684
17,10,5,4500.0,604.3965364674684
17,10,5,4650.0,542.5132014674684
17,10,5,4800.0,480.62986646746845
17,10,5,4950.0,418.7953782133352
17,10,5,5100.0,358.8688795633352
17,10,5,5250.0,298.942380913335
17,10,5,5400.0,239.01588226333524
17,10,5,5550.0,179.09099595000134
17,10,5,5700.0,119.3939973000015
17,10,5,5850.0,59.696998650001206
17,10,5,6000.0,1.3642420526593924e-12
17,10,5,6150.0,-59.693970450003235
17,10,5,6300.0,-119.10746910000353
17,10,5,6450.0,-178.52096775000336
17,10,5,6600.0,-237.9344664000032
17,10,5,6750.0,-297.3479650500035
17,10,5,6900.0,-356.6849446799988
17,10,5,7050.0,-416.01744332999897
17,10,5,7200.0,-475.34994197999913
17,10,5,7350.0,-534.6824406299988
17,10,5,7500.0,-593.9897779400048
17,10,5,7650.0,-653.2952765900045
17,10,5,7800.0,-712.6007752400046
17,10,5,7950.0,-771.9062738900047
17,10,5,8100.0,-831.158800019999
17,10,5,8250.0,-890.4102986699991
17,10,5,8400.0,-949.6617973199991
17,10,5,8550.0,-1008.9026977816698
17,10,5,8700.0,-1068.0056964316695
17,10,5,8850.0,-1127.1086950816693
17,10,5,9000.0,-1186.2116937316696
17,10,5,9150.0,-1245.3128218283423
17,10,5,9300.0,-1304.361820478342
17,10,5,9450.0,-1363.4108191283422
17,10,5,9600.0,-1422.4598177783423
17,10,5,9750.0,-1481.508816428342
17,10,5,9900.0,-1540.5231134133392
17,10,5,10050.0,-1599.5316120633393
17,10,5,10200.0,-1658.5401107133393
17,10,5,10350.0,-1717.5486093633394
17,10,5,10500.0,-1776.5571080133395
17,10,5,10650.0,-1835.5656066633392
17,10,5,10800.0,-1894.4293476666799
17,10,4,1200.0,2141.7345026641938
17,10,4,1350.0,2070.5511676641936
17,10,4,1500.0,1999.3678326641939
17,10,4,1650.0,1928.1844976641937
17,10,4,1800.0,1857.0011626641938
17,10,4,1950.0,1785.8350323843597
17,10,4,2100.0,1714.6850307176928
17,10,4,2250.0,1643.5350290510264
17,10,4,2400.0,1572.3850273843595
17,10,4,2550.0,1501.235025717693
17,10,4,2700.0,1430.265673612758
17,10,4,2850.0,1359.4656719460913
17,10,4,3000.0,1288.6656702794248
17,10,4,3150.0,1217.865668612758
17,10,4,3300.0,1147.0656669460914
17,10,4,3450.0,1076.2914723596714
17,10,4,3600.0,1005.5414706930048
17,10,4,3750.0,934.7914690263381
17,10,4,3900.0,864.0414673596715
17,10,4,4050.0,793.2914656930047
17,10,4,4200.0,727.1040654441292
17,10,4,4350.0,665.2207304441292
17,10,4,4500.0,603.3373954441292
17,10,4,4650.0,541.4540604441293
17,10,4,4800.0,479.57072544412927
17,10,4,4950.0,418.663926988336
17,10,4,5100.0,358.73742833833603
17,10,4,5250.0,298.8109296883358
17,10,4,5400.0,238.88443103833606
17,10,4,5550.0,179.0909959500009
17,10,4,5700.0,119.39399730000105
17,10,4,5850.0,59.696998650001206
17,10,4,6000.0,9.094947017729282e-13
17,10,4,6150.0,-59.50357731000213
17,10,4,6300.0,-118.91707596000242
17,10,4,6450.0,-178.33057461000226
17,10,4,6600.0,-237.7440732600021
17,10,4,6750.0,-297.11212130000376
17,10,4,6900.0,-356.44461995000347
17,10,4,7050.0,-415.77711860000363
17,10,4,7200.0,-475.1096172500038
17,10,4,7350.0,-534.4230233633416
17,10,4,7500.0,-593.7285220133417
17,10,4,7650.0,-653.0340206633414
17,10,4,7800.0,-712.3395193133415
17,10,4,7950.0,-771.606976516679
17,10,4,8100.0,-830.8584751666785
17,10,4,8250.0,-890.1099738166786
17,10,4,8400.0,-949.3614724666786
17,10,4,8550.0,-1008.5267700016716
17,10,4,8700.0,-1067.6297686516714
17,10,4,8850.0,-1126.7327673016712
17,10,4,9000.0,-1185.8357659516714
17,10,4,9150.0,-1244.9141247416778
17,10,4,9300.0,-1303.9631233916775
17,10,4,9450.0,-1363.0121220416777
17,10,4,9600.0,-1422.0611206916778
17,10,4,9750.0,-1481.0977488066683
17,10,4,9900.0,-1540.106247456668
17,10,4,10050.0,-1599.114746106668
17,10,4,10200.0,-1658.123244756668
17,10,4,10350.0,-1717.1317434066682
17,10,4,10500.0,-1776.1402420566683
17,10,4,10650.0,-1835.148740706668
17,10,4,10800.0,-1893.989506376668
17,10,3,1200.0,2292.350053333357
17,10,3,1350.0,2220.5000516666905
17,10,3,1500.0,2148.650050000024
17,10,3,1650.0,2076.800048333357
17,10,3,1800.0,2004.950046666691
17,10,3,1950.0,1933.1000450000242
17,10,3,2100.0,1861.2500433333576
17,10,3,2250.0,1789.4000416666909
17,10,3,2400.0,1717.5500400000242
17,10,3,2550.0,1645.7000383333575
17,10,3,2700.0,1574.0000366666734
17,10,3,2850.0,1502.3000350000066
17,10,3,3000.0,1430.60003333334
17,10,3,3150.0,1358.9000316666734
17,10,3,3300.0,1287.2000300000068
17,10,3,3450.0,1215.5166950000048
17,10,3,3600.0,1143.8333600000049
17,10,3,3750.0,1072.150025000005
17,10,3,3900.0,1000.4666900000047
17,10,3,4050.0,928.7833550000132
17,10,3,4200.0,857.2333533333467
17,10,3,4350.0,785.6833516666798
17,10,3,4500.0,714.1333500000133
17,10,3,4650.0,642.5833483333467
17,10,3,4800.0,571.0333466666798
17,10,3,4950.0,499.61667833333604
17,10,3,5100.0,428.20001000000275
17,10,3,5250.0,356.78334166666946
17,10,3,5400.0,285.36667333333617
17,10,3,5550.0,213.95000500000288
17,10,3,5700.0,142.63333666666495
17,10,3,5850.0,71.31666833333156
17,10,3,6000.0,-1.3642420526593924e-12
17,10,3,6150.0,-71.31666833333475
17,10,3,6300.0,-142.63333666666813
17,10,3,6450.0,-213.83333833333654
17,10,3,6600.0,-285.03334000000314
17,10,3,6750.0,-356.23334166666973
17,10,3,6900.0,-427.4333433333363
17,10,3,7050.0,-498.63334500000246
17,10,3,7200.0,-569.8166800000026
17,10,3,7350.0,-641.0000150000023
17,10,3,7500.0,-712.1833500000025
17,10,3,7650.0,-783.3666850000027
17,10,3,7800.0,-854.5500200000024
17,10,3,7950.0,-925.7000216666729
17,10,3,8100.0,-996.8500233333398
17,10,3,8250.0,-1068.0000250000062
17,10,3,8400.0,-1139.150026666673
17,10,3,8550.0,-1210.3000283333395
17,10,3,8700.0,-1281.1000300000114
17,10,3,8850.0,-1351.900031666678
17,10,3,9000.0,-1422.7000333333444
17,10,3,9150.0,-1493.5000350000118
17,10,3,9300.0,-1564.3000366666756
17,10,3,9450.0,-1635.0500383333429
17,10,3,9600.0,-1705.8000400000092
17,10,3,9750.0,-1776.5500416666764
17,10,3,9900.0,-1847.3000433333427
17,10,3,10050.0,-1918.0500450000081
17,10,3,10200.0,-1979.9333800000086
17,10,3,10350.0,-2041.8167150000081
17,10,3,10500.0,-2103.7000500000086
17,10,3,10650.0,-2165.583385000008
17,10,3,10800.0,-2227.4667200000085
17,10,2,1200.0,2292.350053333357
17,10,2,1350.0,2220.5000516666905
17,10,2,1500.0,2148.650050000024
17,10,2,1650.0,2076.800048333357
17,10,2,1800.0,2004.950046666691
17,10,2,1950.0,1933.1000450000242
17,10,2,2100.0,1861.2500433333576
17,10,2,2250.0,1789.4000416666909
17,10,2,2400.0,1717.5500400000242
17,10,2,2550.0,1645.7000383333575
17,10,2,2700.0,1574.000036666673
17,10,2,2850.0,1502.3000350000063
17,10,2,3000.0,1430.6000333333398
17,10,2,3150.0,1358.900031666673
17,10,2,3300.0,1287.200030000012
17,10,2,3450.0,1215.516695000012
17,10,2,3600.0,1143.8333600000121
17,10,2,3750.0,1072.1500250000122
17,10,2,3900.0,1000.466690000012
17,10,2,4050.0,928.783355000013
17,10,2,4200.0,857.2333533333465
17,10,2,4350.0,785.6833516666798
17,10,2,4500.0,714.1333500000133
17,10,2,4650.0,642.5833483333463
17,10,2,4800.0,571.0333466666798
17,10,2,4950.0,499.6166783333433
17,10,2,5100.0,428.20001000001
17,10,2,5250.0,356.78334166667673
17,10,2,5400.0,285.36667333334344
17,10,2,5550.0,213.95000500001015
17,10,2,5700.0,142.63333666666495
17,10,2,5850.0,71.31666833333156
17,10,2,6000.0,-1.3642420526593924e-12
17,10,2,6150.0,-71.31666833333475
17,10,2,6300.0,-142.63333666666813
17,10,2,6450.0,-213.83333833334336
17,10,2,6600.0,-285.03334000000996
17,10,2,6750.0,-356.23334166667655
17,10,2,6900.0,-427.43334333334315
17,10,2,7050.0,-498.63334500000974
17,10,2,7200.0,-569.8166800000099
17,10,2,7350.0,-641.0000150000096
17,10,2,7500.0,-712.1833500000098
17,10,2,7650.0,-783.36668500001
17,10,2,7800.0,-854.5500200000065
17,10,2,7950.0,-925.7000216666729
17,10,2,8100.0,-996.8500233333398
17,10,2,8250.0,-1068.0000250000062
17,10,2,8400.0,-1139.150026666673
17,10,2,8550.0,-1210.3000283333395
17,10,2,8700.0,-1281.100030000025
17,10,2,8850.0,-1351.9000316666925
17,10,2,9000.0,-1422.700033333359
17,10,2,9150.0,-1493.5000350000255
17,10,2,9300.0,-1564.3000366666902
17,10,2,9450.0,-1635.0500383333574
17,10,2,9600.0,-1705.8000400000237
17,10,2,9750.0,-1776.550041666691
17,10,2,9900.0,-1847.3000433333573
17,10,2,10050.0,-1918.0500450000236
17,10,2,10200.0,-1979.9333800000304
17,10,2,10350.0,-2041.81671500003
17,10,2,10500.0,-2103.7000500000304
17,10,2,10650.0,-2165.58338500003
17,10,2,10800.0,-2227.4667200000304
17,10,1,1200.0,2292.3500533333645
17,10,1,1350.0,2220.5000516666983
17,10,1,1500.0,2148.6500500000316
17,10,1,1650.0,2076.800048333365
17,10,1,1800.0,2004.9500466666982
17,10,1,1950.0,1933.1000450000315
17,10,1,2100.0,1861.2500433333648
17,10,1,2250.0,1789.4000416666981
17,10,1,2400.0,1717.5500400000315
17,10,1,2550.0,1645.7000383333648
17,10,1,2700.0,1574.0000366666802
17,10,1,2850.0,1502.3000350000136
17,10,1,3000.0,1430.600033333347
17,10,1,3150.0,1358.9000316666802
17,10,1,3300.0,1287.2000300000193
17,10,1,3450.0,1215.5166950000194
17,10,1,3600.0,1143.8333600000194
17,10,1,3750.0,1072.1500250000195
17,10,1,3900.0,1000.4666900000193
17,10,1,4050.0,928.7833550000194
17,10,1,4200.0,857.2333533333465
17,10,1,4350.0,785.6833516666798
17,10,1,4500.0,714.1333500000133
17,10,1,4650.0,642.5833483333463
17,10,1,4800.0,571.0333466666798
17,10,1,4950.0,499.6166783333433
17,10,1,5100.0,428.20001000001
17,10,1,5250.0,356.78334166667673
17,10,1,5400.0,285.36667333334344
17,10,1,5550.0,213.95000500001015
17,10,1,5700.0,142.63333666666495
17,10,1,5850.0,71.31666833333156
17,10,1,6000.0,-1.3642420526593924e-12
17,10,1,6150.0,-71.31666833333475
17,10,1,6300.0,-142.63333666666813
17,10,1,6450.0,-213.83333833333654
17,10,1,6600.0,-285.0333400000036
17,10,1,6750.0,-356.2333416666702
17,10,1,6900.0,-427.4333433333368
17,10,1,7050.0,-498.63334500000246
17,10,1,7200.0,-569.8166800000026
17,10,1,7350.0,-641.0000150000023
17,10,1,7500.0,-712.1833500000025
17,10,1,7650.0,-783.3666850000027
17,10,1,7800.0,-854.5500200000024
17,10,1,7950.0,-925.7000216666802
17,10,1,8100.0,-996.850023333347
17,10,1,8250.0,-1068.0000250000135
17,10,1,8400.0,-1139.1500266666803
17,10,1,8550.0,-1210.3000283333467
17,10,1,8700.0,-1281.1000300000178
17,10,1,8850.0,-1351.9000316666852
17,10,1,9000.0,-1422.7000333333517
17,10,1,9150.0,-1493.5000350000182
17,10,1,9300.0,-1564.300036666683
17,10,1,9450.0,-1635.0500383333501
17,10,1,9600.0,-1705.8000400000165
17,10,1,9750.0,-1776.5500416666837
17,10,1,9900.0,-1847.30004333335
17,10,1,10050.0,-1918.0500450000163
17,10,1,10200.0,-1979.9333800000231
17,10,1,10350.0,-2041.8167150000227
17,10,1,10500.0,-2103.700050000023
17,10,1,10650.0,-2165.5833850000226
17,10,1,10800.0,-2227.466720000023
17,10,0,1200.0,2292.3500533333718
17,10,0,1350.0,2220.500051666705
17,10,0,1500.0,2148.6500500000384
17,10,0,1650.0,2076.8000483333717
17,10,0,1800.0,2004.9500466667055
17,10,0,1950.0,1933.1000450000388
17,10,0,2100.0,1861.250043333372
17,10,0,2250.0,1789.4000416667054
17,10,0,2400.0,1717.5500400000387
17,10,0,2550.0,1645.700038333372
17,10,0,2700.0,1574.0000366666807
17,10,0,2850.0,1502.3000350000138
17,10,0,3000.0,1430.6000333333473
17,10,0,3150.0,1358.9000316666807
17,10,0,3300.0,1287.2000300000193
17,10,0,3450.0,1215.5166950000194
17,10,0,3600.0,1143.8333600000194
17,10,0,3750.0,1072.1500250000195
17,10,0,3900.0,1000.4666900000193
17,10,0,4050.0,928.7833550000194
17,10,0,4200.0,857.2333533333465
17,10,0,4350.0,785.6833516666798
17,10,0,4500.0,714.1333500000133
17,10,0,4650.0,642.5833483333463
17,10,0,4800.0,571.0333466666798
17,10,0,4950.0,499.61667833333604
17,10,0,5100.0,428.20001000000275
17,10,0,5250.0,356.78334166666946
17,10,0,5400.0,285.3666733333357
17,10,0,5550.0,213.95000500000242
17,10,0,5700.0,142.63333666666495
17,10,0,5850.0,71.31666833333156
17,10,0,6000.0,-1.3642420526593924e-12
17,10,0,6150.0,-71.31666833333475
17,10,0,6300.0,-142.63333666666222
17,10,0,6450.0,-213.8333383333288
17,10,0,6600.0,-285.0333399999954
17,10,0,6750.0,-356.233341666662
17,10,0,6900.0,-427.4333433333286
17,10,0,7050.0,-498.6333449999879
17,10,0,7200.0,-569.8166799999881
17,10,0,7350.0,-641.0000149999878
17,10,0,7500.0,-712.183349999988
17,10,0,7650.0,-783.3666849999881
17,10,0,7800.0,-854.5500199999879
17,10,0,7950.0,-925.7000216666729
17,10,0,8100.0,-996.8500233333398
17,10,0,8250.0,-1068.0000250000062
17,10,0,8400.0,-1139.150026666673
17,10,0,8550.0,-1210.3000283333395
17,10,0,8700.0,-1281.1000300000105
17,10,0,8850.0,-1351.900031666678
17,10,0,9000.0,-1422.7000333333444
17,10,0,9150.0,-1493.500035000011
17,10,0,9300.0,-1564.3000366666693
17,10,0,9450.0,-1635.0500383333356
17,10,0,9600.0,-1705.8000400000028
17,10,0,9750.0,-1776.5500416666691
17,10,0,9900.0,-1847.3000433333364
17,10,0,10050.0,-1918.0500450000009
17,10,0,10200.0,-1979.9333800000013
17,10,0,10350.0,-2041.8167150000008
17,10,0,10500.0,-2103.7000500000013
17,10,0,10650.0,-2165.583385000001
17,10,0,10800.0,-2227.4667200000013
17,11,6,1200.0,2292.35005333335
17,11,6,1350.0,2220.5000516666832
17,11,6,1500.0,2148.6500500000166
17,11,6,1650.0,2076.80004833335
17,11,6,1800.0,2004.9500466666836
17,11,6,1950.0,1933.100045000017
17,11,6,2100.0,1861.2500433333503
17,11,6,2250.0,1789.4000416666836
17,11,6,2400.0,1717.550040000017
17,11,6,2550.0,1645.7000383333502
17,11,6,2700.0,1574.0000366666734
17,11,6,2850.0,1502.3000350000066
17,11,6,3000.0,1430.60003333334
17,11,6,3150.0,1358.9000316666734
17,11,6,3300.0,1287.2000300000068
17,11,6,3450.0,1215.516695000005
17,11,6,3600.0,1143.833360000005
17,11,6,3750.0,1072.150025000005
17,11,6,3900.0,1000.466690000005
17,11,6,4050.0,928.7833550000059
17,11,6,4200.0,857.2333533333394
17,11,6,4350.0,785.6833516666725
17,11,6,4500.0,714.133350000006
17,11,6,4650.0,642.5833483333395
17,11,6,4800.0,571.0333466666725
17,11,6,4950.0,499.61667833333604
17,11,6,5100.0,428.20001000000275
17,11,6,5250.0,356.78334166666946
17,11,6,5400.0,285.36667333333617
17,11,6,5550.0,213.95000500000288
17,11,6,5700.0,142.63333666666495
17,11,6,5850.0,71.31666833333156
17,11,6,6000.0,-1.3642420526593924e-12
17,11,6,6150.0,-71.31666833333475
17,11,6,6300.0,-142.63333666666813
17,11,6,6450.0,-213.83333833334382
17,11,6,6600.0,-285.0333400000104
17,11,6,6750.0,-356.233341666677
17,11,6,6900.0,-427.4333433333436
17,11,6,7050.0,-498.6333450000102
17,11,6,7200.0,-569.8166800000104
17,11,6,7350.0,-641.0000150000101
17,11,6,7500.0,-712.1833500000103
17,11,6,7650.0,-783.3666850000104
17,11,6,7800.0,-854.5500200000101
17,11,6,7950.0,-925.7000216666875
17,11,6,8100.0,-996.8500233333543
17,11,6,8250.0,-1068.0000250000207
17,11,6,8400.0,-1139.1500266666876
17,11,6,8550.0,-1210.300028333354
17,11,6,8700.0,-1281.100030000025
17,11,6,8850.0,-1351.9000316666925
17,11,6,9000.0,-1422.700033333359
17,11,6,9150.0,-1493.5000350000255
17,11,6,9300.0,-1564.3000366666902
17,11,6,9450.0,-1635.0500383333574
17,11,6,9600.0,-1705.8000400000237
17,11,6,9750.0,-1776.550041666691
17,11,6,9900.0,-1847.3000433333573
17,11,6,10050.0,-1918.0500450000227
17,11,6,10200.0,-1979.9333800000231
17,11,6,10350.0,-2041.8167150000227
17,11,6,10500.0,-2103.700050000023
17,11,6,10650.0,-2165.5833850000226
17,11,6,10800.0,-2227.466720000023
17,11,5,1200.0,2226.2403539757074
17,11,5,1350.0,2154.923685642374
17,11,5,1500.0,2083.630270228796
17,11,5,1650.0,2012.4302685621292
17,11,5,1800.0,1941.2302668954626
17,11,5,1950.0,1870.030265228796
17,11,5,2100.0,1798.8302635621294
17,11,5,2250.0,1727.633583741129
17,11,5,2400.0,1656.4502487411291
17,11,5,2550.0,1585.2669137411292
17,11,5,2700.0,1514.0835787411293
17,11,5,2850.0,1442.900243741129
17,11,5,3000.0,1371.7235524324938
17,11,5,3150.0,1300.5735507658271
17,11,5,3300.0,1229.4235490991605
17,11,5,3450.0,1158.2735474324938
17,11,5,3600.0,1087.1235457658272
17,11,5,3750.0,1016.043302858408
17,11,5,3900.0,945.2433011917412
17,11,5,4050.0,874.4432995250745
17,11,5,4200.0,803.643297858408
17,11,5,4350.0,732.8432961917415
17,11,5,4500.0,662.0532600621141
17,11,5,4650.0,591.3032583954473
17,11,5,4800.0,520.5532567287805
17,11,5,4950.0,449.80325506211375
17,11,5,5100.0,379.0532533954474
17,11,5,5250.0,309.23233473462733
17,11,5,5400.0,247.34899973462734
17,11,5,5550.0,185.46566473462735
17,11,5,5700.0,123.58232973462736
17,11,5,5850.0,61.69899473462738
17,11,5,6000.0,1.3642420526593924e-12
17,11,5,6150.0,-59.92649864999885
17,11,5,6300.0,-119.85299729999906
17,11,5,6450.0,-179.77949594999882
17,11,5,6600.0,-239.58766966999974
17,11,5,6750.0,-299.2846683199996
17,11,5,6900.0,-358.9816669699999
17,11,5,7050.0,-418.6786656199997
17,11,5,7200.0,-478.16439394499366
17,11,5,7350.0,-537.5778925949935
17,11,5,7500.0,-596.9913912449933
17,11,5,7650.0,-656.397620454994
17,11,5,7800.0,-715.7301191049937
17,11,5,7950.0,-775.0626177549939
17,11,5,8100.0,-834.395116404994
17,11,5,8250.0,-893.7140869083228
17,11,5,8400.0,-953.0195855583229
17,11,5,8550.0,-1012.325084208323
17,11,5,8700.0,-1071.6305828583231
17,11,5,8850.0,-1130.8983191149937
17,11,5,9000.0,-1190.1498177649937
17,11,5,9150.0,-1249.4013164149937
17,11,5,9300.0,-1308.6346943983212
17,11,5,9450.0,-1367.737693048321
17,11,5,9600.0,-1426.8406916983213
17,11,5,9750.0,-1485.943690348321
17,11,5,9900.0,-1545.032143664992
17,11,5,10050.0,-1604.0811423149921
17,11,5,10200.0,-1663.1301409649918
17,11,5,10350.0,-1722.179139614992
17,11,5,10500.0,-1781.2281382649917
17,11,5,10650.0,-1840.2771369149923
17,11,5,10800.0,-1899.2258578799929
17,11,4,1200.0,2228.2836242861126
17,11,4,1350.0,2156.9669559527792
17,11,4,1500.0,2085.650287619446
17,11,4,1650.0,2014.4419041441356
17,11,4,1800.0,1943.241902477469
17,11,4,1950.0,1872.0419008108024
17,11,4,2100.0,1800.8418991441356
17,11,4,2250.0,1729.641897477469
17,11,4,2400.0,1658.4573650762422
17,11,4,2550.0,1587.2740300762423
17,11,4,2700.0,1516.0906950762424
17,11,4,2850.0,1444.9073600762422
17,11,4,3000.0,1373.7240250762422
17,11,4,3150.0,1302.571628607106
17,11,4,3300.0,1231.4216269404394
17,11,4,3450.0,1160.2716252737728
17,11,4,3600.0,1089.1216236071061
17,11,4,3750.0,1017.9716219404395
17,11,4,3900.0,947.1464748478422
17,11,4,4050.0,876.3464731811755
17,11,4,4200.0,805.546471514509
17,11,4,4350.0,734.7464698478425
17,11,4,4500.0,663.9464681811755
17,11,4,4650.0,593.1928743108033
17,11,4,4800.0,522.4428726441365
17,11,4,4950.0,451.6928709774702
17,11,4,5100.0,380.9428693108034
17,11,4,5250.0,310.19286764413664
17,11,4,5400.0,247.5333399999995
17,11,4,5550.0,185.6500049999995
17,11,4,5700.0,123.76666999999952
17,11,4,5850.0,61.88333499999953
17,11,4,6000.0,-4.547473508864641e-13
17,11,4,6150.0,-61.045450384810465
17,11,4,6300.0,-120.7424490348103
17,11,4,6450.0,-180.4394476848106
17,11,4,6600.0,-240.13644633481044
17,11,4,6750.0,-299.8334449848103
17,11,4,6900.0,-359.5304436348106
17,11,4,7050.0,-419.2274422848104
17,11,4,7200.0,-478.8741140643283
17,11,4,7350.0,-538.3538348355478
17,11,4,7500.0,-597.7673334855476
17,11,4,7650.0,-657.1808321355479
17,11,4,7800.0,-716.5943307855478
17,11,4,7950.0,-775.9749441755466
17,11,4,8100.0,-835.3074428255468
17,11,4,8250.0,-894.6399414755465
17,11,4,8400.0,-953.9724401255467
17,11,4,8550.0,-1013.3049387755468
17,11,4,8700.0,-1072.6374374255465
17,11,4,8850.0,-1131.9361158222068
17,11,4,9000.0,-1191.1876144722069
17,11,4,9150.0,-1250.439113122207
17,11,4,9300.0,-1309.690611772207
17,11,4,9450.0,-1368.942110422207
17,11,4,9600.0,-1428.152150298799
17,11,4,9750.0,-1487.2551489487987
17,11,4,9900.0,-1546.358147598799
17,11,4,10050.0,-1605.4611462487987
17,11,4,10200.0,-1664.539923632134
17,11,4,10350.0,-1723.5889222821343
17,11,4,10500.0,-1782.637920932134
17,11,4,10650.0,-1841.6869195821346
17,11,4,10800.0,-1900.7010727171373
17,11,3,1200.0,2292.3500533333427
17,11,3,1350.0,2220.500051666676
17,11,3,1500.0,2148.6500500000093
17,11,3,1650.0,2076.8000483333426
17,11,3,1800.0,2004.9500466666764
17,11,3,1950.0,1933.1000450000097
17,11,3,2100.0,1861.250043333343
17,11,3,2250.0,1789.4000416666763
17,11,3,2400.0,1717.5500400000096
17,11,3,2550.0,1645.700038333343
17,11,3,2700.0,1574.0000366666588
17,11,3,2850.0,1502.300034999992
17,11,3,3000.0,1430.6000333333254
17,11,3,3150.0,1358.9000316666588
17,11,3,3300.0,1287.2000299999977
17,11,3,3450.0,1215.5166949999978
17,11,3,3600.0,1143.8333599999978
17,11,3,3750.0,1072.1500249999976
17,11,3,3900.0,1000.4666899999977
17,11,3,4050.0,928.7833549999989
17,11,3,4200.0,857.2333533333324
17,11,3,4350.0,785.6833516666657
17,11,3,4500.0,714.1333499999992
17,11,3,4650.0,642.5833483333322
17,11,3,4800.0,571.0333466666693
17,11,3,4950.0,499.61667833333604
17,11,3,5100.0,428.20001000000275
17,11,3,5250.0,356.78334166666946
17,11,3,5400.0,285.3666733333357
17,11,3,5550.0,213.95000500000242
17,11,3,5700.0,142.63333666666495
17,11,3,5850.0,71.31666833333156
17,11,3,6000.0,-1.3642420526593924e-12
17,11,3,6150.0,-71.31666833333475
17,11,3,6300.0,-142.63333666666813
17,11,3,6450.0,-213.8333383333361
17,11,3,6600.0,-285.0333400000027
17,11,3,6750.0,-356.2333416666693
17,11,3,6900.0,-427.43334333333587
17,11,3,7050.0,-498.63334500000246
17,11,3,7200.0,-569.8166800000031
17,11,3,7350.0,-641.0000150000028
17,11,3,7500.0,-712.183350000003
17,11,3,7650.0,-783.3666850000031
17,11,3,7800.0,-854.5500200000029
17,11,3,7950.0,-925.7000216666875
17,11,3,8100.0,-996.8500233333543
17,11,3,8250.0,-1068.0000250000207
17,11,3,8400.0,-1139.1500266666876
17,11,3,8550.0,-1210.3000283333517
17,11,3,8700.0,-1281.1000300000178
17,11,3,8850.0,-1351.9000316666852
17,11,3,9000.0,-1422.7000333333517
17,11,3,9150.0,-1493.5000350000182
17,11,3,9300.0,-1564.300036666683
17,11,3,9450.0,-1635.0500383333501
17,11,3,9600.0,-1705.8000400000165
17,11,3,9750.0,-1776.5500416666837
17,11,3,9900.0,-1847.30004333335
17,11,3,10050.0,-1918.0500450000163
17,11,3,10200.0,-1979.9333800000231
17,11,3,10350.0,-2041.8167150000227
17,11,3,10500.0,-2103.700050000023
17,11,3,10650.0,-2165.5833850000226
17,11,3,10800.0,-2227.4667200000194
17,11,2,1200.0,2292.35005333335
17,11,2,1350.0,2220.5000516666832
17,11,2,1500.0,2148.6500500000166
17,11,2,1650.0,2076.80004833335
17,11,2,1800.0,2004.9500466666836
17,11,2,1950.0,1933.100045000017
17,11,2,2100.0,1861.2500433333503
17,11,2,2250.0,1789.4000416666836
17,11,2,2400.0,1717.550040000017
17,11,2,2550.0,1645.7000383333502
17,11,2,2700.0,1574.0000366666802
17,11,2,2850.0,1502.3000350000136
17,11,2,3000.0,1430.600033333347
17,11,2,3150.0,1358.9000316666802
17,11,2,3300.0,1287.2000300000136
17,11,2,3450.0,1215.516695000012
17,11,2,3600.0,1143.8333600000121
17,11,2,3750.0,1072.1500250000122
17,11,2,3900.0,1000.466690000012
17,11,2,4050.0,928.783355000013
17,11,2,4200.0,857.2333533333465
17,11,2,4350.0,785.6833516666798
17,11,2,4500.0,714.1333500000133
17,11,2,4650.0,642.5833483333463
17,11,2,4800.0,571.0333466666798
17,11,2,4950.0,499.61667833333604
17,11,2,5100.0,428.20001000000275
17,11,2,5250.0,356.78334166666946
17,11,2,5400.0,285.3666733333357
17,11,2,5550.0,213.95000500000242
17,11,2,5700.0,142.63333666666495
17,11,2,5850.0,71.31666833333156
17,11,2,6000.0,-1.3642420526593924e-12
17,11,2,6150.0,-71.31666833333475
17,11,2,6300.0,-142.63333666666267
17,11,2,6450.0,-213.83333833332927
17,11,2,6600.0,-285.03333999999586
17,11,2,6750.0,-356.23334166666245
17,11,2,6900.0,-427.43334333332905
17,11,2,7050.0,-498.63334499999564
17,11,2,7200.0,-569.8166800000031
17,11,2,7350.0,-641.0000150000028
17,11,2,7500.0,-712.183350000003
17,11,2,7650.0,-783.3666850000031
17,11,2,7800.0,-854.5500199999992
17,11,2,7950.0,-925.7000216666656
17,11,2,8100.0,-996.8500233333325
17,11,2,8250.0,-1068.000024999999
17,11,2,8400.0,-1139.1500266666658
17,11,2,8550.0,-1210.3000283333322
17,11,2,8700.0,-1281.1000300000105
17,11,2,8850.0,-1351.900031666678
17,11,2,9000.0,-1422.7000333333444
17,11,2,9150.0,-1493.500035000011
17,11,2,9300.0,-1564.3000366666756
17,11,2,9450.0,-1635.0500383333429
17,11,2,9600.0,-1705.8000400000092
17,11,2,9750.0,-1776.5500416666764
17,11,2,9900.0,-1847.3000433333427
17,11,2,10050.0,-1918.050045000009
17,11,2,10200.0,-1979.9333800000159
17,11,2,10350.0,-2041.8167150000154
17,11,2,10500.0,-2103.700050000016
17,11,2,10650.0,-2165.5833850000154
17,11,2,10800.0,-2227.466720000016
17,11,1,1200.0,2292.35005333335
17,11,1,1350.0,2220.5000516666832
17,11,1,1500.0,2148.6500500000166
17,11,1,1650.0,2076.80004833335
17,11,1,1800.0,2004.9500466666836
17,11,1,1950.0,1933.100045000017
17,11,1,2100.0,1861.2500433333503
17,11,1,2250.0,1789.4000416666836
17,11,1,2400.0,1717.550040000017
17,11,1,2550.0,1645.7000383333502
17,11,1,2700.0,1574.0000366666807
17,11,1,2850.0,1502.3000350000138
17,11,1,3000.0,1430.6000333333473
17,11,1,3150.0,1358.9000316666807
17,11,1,3300.0,1287.2000300000193
17,11,1,3450.0,1215.5166950000194
17,11,1,3600.0,1143.8333600000194
17,11,1,3750.0,1072.1500250000195
17,11,1,3900.0,1000.4666900000193
17,11,1,4050.0,928.7833550000194
17,11,1,4200.0,857.2333533333469
17,11,1,4350.0,785.6833516666802
17,11,1,4500.0,714.1333500000137
17,11,1,4650.0,642.5833483333467
17,11,1,4800.0,571.0333466666802
17,11,1,4950.0,499.61667833333604
17,11,1,5100.0,428.20001000000275
17,11,1,5250.0,356.78334166666946
17,11,1,5400.0,285.3666733333357
17,11,1,5550.0,213.95000500000242
17,11,1,5700.0,142.63333666666495
17,11,1,5850.0,71.31666833333156
17,11,1,6000.0,-1.3642420526593924e-12
17,11,1,6150.0,-71.31666833333475
17,11,1,6300.0,-142.63333666666222
17,11,1,6450.0,-213.8333383333288
17,11,1,6600.0,-285.0333399999954
17,11,1,6750.0,-356.233341666662
17,11,1,6900.0,-427.4333433333286
17,11,1,7050.0,-498.6333449999952
17,11,1,7200.0,-569.8166800000026
17,11,1,7350.0,-641.0000150000023
17,11,1,7500.0,-712.1833500000025
17,11,1,7650.0,-783.3666850000027
17,11,1,7800.0,-854.5500200000024
17,11,1,7950.0,-925.7000216666729
17,11,1,8100.0,-996.8500233333398
17,11,1,8250.0,-1068.0000250000062
17,11,1,8400.0,-1139.150026666673
17,11,1,8550.0,-1210.3000283333395
17,11,1,8700.0,-1281.1000300000105
17,11,1,8850.0,-1351.900031666678
17,11,1,9000.0,-1422.7000333333444
17,11,1,9150.0,-1493.500035000011
17,11,1,9300.0,-1564.3000366666774
17,11,1,9450.0,-1635.0500383333501
17,11,1,9600.0,-1705.8000400000165
17,11,1,9750.0,-1776.5500416666837
17,11,1,9900.0,-1847.30004333335
17,11,1,10050.0,-1918.0500450000154
17,11,1,10200.0,-1979.9333800000159
17,11,1,10350.0,-2041.8167150000154
17,11,1,10500.0,-2103.700050000016
17,11,1,10650.0,-2165.5833850000154
17,11,1,10800.0,-2227.466720000012
17,11,0,1200.0,2292.350053333357
17,11,0,1350.0,2220.5000516666905
17,11,0,1500.0,2148.650050000024
17,11,0,1650.0,2076.800048333357
17,11,0,1800.0,2004.950046666691
17,11,0,1950.0,1933.1000450000242
17,11,0,2100.0,1861.2500433333576
17,11,0,2250.0,1789.4000416666909
17,11,0,2400.0,1717.5500400000242
17,11,0,2550.0,1645.7000383333575
17,11,0,2700.0,1574.0000366666802
17,11,0,2850.0,1502.3000350000136
17,11,0,3000.0,1430.600033333347
17,11,0,3150.0,1358.9000316666802
17,11,0,3300.0,1287.2000300000193
17,11,0,3450.0,1215.5166950000194
17,11,0,3600.0,1143.8333600000194
17,11,0,3750.0,1072.1500250000195
17,11,0,3900.0,1000.4666900000193
17,11,0,4050.0,928.7833550000194
17,11,0,4200.0,857.2333533333465
17,11,0,4350.0,785.6833516666798
17,11,0,4500.0,714.1333500000133
17,11,0,4650.0,642.5833483333463
17,11,0,4800.0,571.0333466666798
17,11,0,4950.0,499.61667833333604
17,11,0,5100.0,428.20001000000275
17,11,0,5250.0,356.78334166666946
17,11,0,5400.0,285.36667333333617
17,11,0,5550.0,213.95000500000288
17,11,0,5700.0,142.63333666666495
17,11,0,5850.0,71.31666833333156
17,11,0,6000.0,-1.3642420526593924e-12
17,11,0,6150.0,-71.31666833333475
17,11,0,6300.0,-142.63333666666267
17,11,0,6450.0,-213.83333833332927
17,11,0,6600.0,-285.03333999999586
17,11,0,6750.0,-356.23334166666245
17,11,0,6900.0,-427.43334333332905
17,11,0,7050.0,-498.63334499999564
17,11,0,7200.0,-569.8166799999958
17,11,0,7350.0,-641.0000149999955
17,11,0,7500.0,-712.1833499999957
17,11,0,7650.0,-783.3666849999959
17,11,0,7800.0,-854.5500199999956
17,11,0,7950.0,-925.7000216666729
17,11,0,8100.0,-996.8500233333398
17,11,0,8250.0,-1068.0000250000062
17,11,0,8400.0,-1139.150026666673
17,11,0,8550.0,-1210.30002833333
17,11,0,8700.0,-1281.100029999996
17,11,0,8850.0,-1351.9000316666634
17,11,0,9000.0,-1422.7000333333299
17,11,0,9150.0,-1493.5000349999964
17,11,0,9300.0,-1564.300036666663
17,11,0,9450.0,-1635.0500383333356
17,11,0,9600.0,-1705.800040000002
17,11,0,9750.0,-1776.5500416666691
17,11,0,9900.0,-1847.3000433333355
17,11,0,10050.0,-1918.0500450000009
17,11,0,10200.0,-1979.9333800000013
17,11,0,10350.0,-2041.8167150000008
17,11,0,10500.0,-2103.7000500000013
17,11,0,10650.0,-2165.583385000001
17,11,0,10800.0,-2227.4667199999994
17,12,6,1200.0,2292.350053333357
17,12,6,1350.0,2220.5000516666905
17,12,6,1500.0,2148.650050000024
17,12,6,1650.0,2076.800048333357
17,12,6,1800.0,2004.950046666691
17,12,6,1950.0,1933.1000450000242
17,12,6,2100.0,1861.2500433333576
17,12,6,2250.0,1789.4000416666909
17,12,6,2400.0,1717.5500400000242
17,12,6,2550.0,1645.7000383333575
17,12,6,2700.0,1574.0000366666807
17,12,6,2850.0,1502.3000350000138
17,12,6,3000.0,1430.6000333333473
17,12,6,3150.0,1358.9000316666807
17,12,6,3300.0,1287.2000300000193
17,12,6,3450.0,1215.5166950000194
17,12,6,3600.0,1143.8333600000194
17,12,6,3750.0,1072.1500250000195
17,12,6,3900.0,1000.4666900000193
17,12,6,4050.0,928.7833550000194
17,12,6,4200.0,857.2333533333469
17,12,6,4350.0,785.6833516666802
17,12,6,4500.0,714.1333500000137
17,12,6,4650.0,642.5833483333467
17,12,6,4800.0,571.0333466666802
17,12,6,4950.0,499.61667833333604
17,12,6,5100.0,428.20001000000275
17,12,6,5250.0,356.78334166666946
17,12,6,5400.0,285.36667333333617
17,12,6,5550.0,213.95000500000288
17,12,6,5700.0,142.63333666666495
17,12,6,5850.0,71.31666833333156
17,12,6,6000.0,-1.3642420526593924e-12
17,12,6,6150.0,-71.31666833333475
17,12,6,6300.0,-142.63333666666267
17,12,6,6450.0,-213.83333833332927
17,12,6,6600.0,-285.03333999999586
17,12,6,6750.0,-356.23334166666245
17,12,6,6900.0,-427.43334333332905
17,12,6,7050.0,-498.633344999987
17,12,6,7200.0,-569.8166799999872
17,12,6,7350.0,-641.0000149999873
17,12,6,7500.0,-712.1833499999871
17,12,6,7650.0,-783.3666849999872
17,12,6,7800.0,-854.550019999987
17,12,6,7950.0,-925.7000216666584
17,12,6,8100.0,-996.8500233333252
17,12,6,8250.0,-1068.0000249999916
17,12,6,8400.0,-1139.1500266666585
17,12,6,8550.0,-1210.300028333325
17,12,6,8700.0,-1281.100029999996
17,12,6,8850.0,-1351.9000316666634
17,12,6,9000.0,-1422.7000333333299
17,12,6,9150.0,-1493.5000349999964
17,12,6,9300.0,-1564.300036666663
17,12,6,9450.0,-1635.0500383333347
17,12,6,9600.0,-1705.800040000002
17,12,6,9750.0,-1776.5500416666682
17,12,6,9900.0,-1847.3000433333345
17,12,6,10050.0,-1918.0500450000009
17,12,6,10200.0,-1979.9333800000013
17,12,6,10350.0,-2041.8167150000008
17,12,6,10500.0,-2103.7000500000013
17,12,6,10650.0,-2165.583385000001
17,12,6,10800.0,-2227.4667200000013
17,12,5,1200.0,2282.469739193411
17,12,5,1350.0,2210.786404193411
17,12,5,1500.0,2139.103069193411
17,12,5,1650.0,2067.5481460617248
17,12,5,1800.0,1995.9981443950583
17,12,5,1950.0,1924.4481427283915
17,12,5,2100.0,1852.8981410617248
17,12,5,2250.0,1781.3481393950583
17,12,5,2400.0,1709.9265495967004
17,12,5,2550.0,1638.509881263367
17,12,5,2700.0,1567.0932129300338
17,12,5,2850.0,1495.6765445967005
17,12,5,3000.0,1424.2598762633672
17,12,5,3150.0,1352.9395168312683
17,12,5,3300.0,1281.622848497935
17,12,5,3450.0,1210.3061801646015
17,12,5,3600.0,1138.9895118312681
17,12,5,3750.0,1067.672843497935
17,12,5,3900.0,996.4685355493757
17,12,5,4050.0,925.2685338827091
17,12,5,4200.0,854.0685322160423
17,12,5,4350.0,782.8685305493755
17,12,5,4500.0,711.6685288827089
17,12,5,4650.0,640.4845786995797
17,12,5,4800.0,569.3012436995796
17,12,5,4950.0,498.11790869957986
17,12,5,5100.0,426.9345736995797
17,12,5,5250.0,355.7512386995795
17,12,5,5400.0,284.60000666666747
17,12,5,5550.0,213.45000500000106
17,12,5,5700.0,142.3000033333342
17,12,5,5850.0,71.15000166666778
17,12,5,6000.0,9.094947017729282e-13
17,12,5,6150.0,-70.81292051234004
17,12,5,6300.0,-141.61292217900655
17,12,5,6450.0,-212.4129238456735
17,12,5,6600.0,-283.21292551234
17,12,5,6750.0,-354.0129271790065
17,12,5,6900.0,-424.7647743950579
17,12,5,7050.0,-495.5147760617242
17,12,5,7200.0,-566.264777728391
17,12,5,7350.0,-637.0147793950578
17,12,5,7500.0,-707.7647810617245
17,12,5,7650.0,-776.886581960393
17,12,5,7800.0,-840.4570468641828
17,12,5,7950.0,-903.2209707384754
17,12,5,8100.0,-965.1043057384754
17,12,5,8250.0,-1026.9876407384754
17,12,5,8400.0,-1088.8709757384754
17,12,5,8550.0,-1150.7543107384754
17,12,5,8700.0,-1211.937832180624
17,12,5,8850.0,-1271.864330830624
17,12,5,9000.0,-1331.7908294806239
17,12,5,9150.0,-1391.717328130624
17,12,5,9300.0,-1451.436507076724
17,12,5,9450.0,-1511.1335057267243
17,12,5,9600.0,-1570.830504376724
17,12,5,9750.0,-1630.527503026724
17,12,5,9900.0,-1689.9453094008254
17,12,5,10050.0,-1749.2778080508256
17,12,5,10200.0,-1808.6103067008253
17,12,5,10350.0,-1867.9428053508254
17,12,5,10500.0,-1927.2753040008256
17,12,5,10650.0,-1986.6078026508258
17,12,5,10800.0,-2045.9245354740933
17,12,4,1200.0,2282.0095548477307
17,12,4,1350.0,2210.3262198477305
17,12,4,1500.0,2138.709375185177
17,12,4,1650.0,2067.1593735185106
17,12,4,1800.0,1995.609371851844
17,12,4,1950.0,1924.0593701851772
17,12,4,2100.0,1852.5093685185107
17,12,4,2250.0,1781.0258571892932
17,12,4,2400.0,1709.6091888559597
17,12,4,2550.0,1638.1925205226264
17,12,4,2700.0,1566.7758521892931
17,12,4,2850.0,1495.3591838559598
17,12,4,3000.0,1423.9923832757188
17,12,4,3150.0,1352.6757149423854
17,12,4,3300.0,1281.359046609052
17,12,4,3450.0,1210.0423782757186
17,12,4,3600.0,1138.7257099423853
17,12,4,3750.0,1067.4672206543178
17,12,4,3900.0,996.2672189876512
17,12,4,4050.0,925.0672173209846
17,12,4,4200.0,853.8672156543178
17,12,4,4350.0,782.6672139876509
17,12,4,4500.0,711.4755236131664
17,12,4,4650.0,640.2921886131667
17,12,4,4800.0,569.1088536131665
17,12,4,4950.0,497.9255186131668
17,12,4,5100.0,426.7421836131666
17,12,4,5250.0,355.575471197526
17,12,4,5400.0,284.4254695308591
17,12,4,5550.0,213.2754678641927
17,12,4,5700.0,142.12546619752584
17,12,4,5850.0,70.97546453085943
17,12,4,6000.0,9.094947017729282e-13
17,12,4,6150.0,-70.80000166666605
17,12,4,6300.0,-141.60000333333255
17,12,4,6450.0,-212.4000049999995
17,12,4,6600.0,-283.200006666666
17,12,4,6750.0,-353.97507445678957
17,12,4,6900.0,-424.72507612345635
17,12,4,7050.0,-495.4750777901231
17,12,4,7200.0,-566.2250794567894
17,12,4,7350.0,-636.9750811234562
17,12,4,7500.0,-707.725082790123
17,12,4,7650.0,-770.1011972707647
17,12,4,7800.0,-831.9845322707647
17,12,4,7950.0,-893.8678672707647
17,12,4,8100.0,-955.7512022707647
17,12,4,8250.0,-1017.6345372707647
17,12,4,8400.0,-1078.2752419099807
17,12,4,8550.0,-1138.2017405599809
17,12,4,8700.0,-1198.1282392099806
17,12,4,8850.0,-1258.0191095716432
17,12,4,9000.0,-1317.7161082216435
17,12,4,9150.0,-1377.4131068716433
17,12,4,9300.0,-1437.1101055216432
17,12,4,9450.0,-1496.6206144416483
17,12,4,9600.0,-1556.0341130916481
17,12,4,9750.0,-1615.447611741648
17,12,4,9900.0,-1674.8491471816465
17,12,4,10050.0,-1734.1816458316466
17,12,4,10200.0,-1793.5141444816463
17,12,4,10350.0,-1852.8466431316465
17,12,4,10500.0,-1912.1791417816466
17,12,4,10650.0,-1971.5116404316468
17,12,4,10800.0,-2030.771590678315
17,12,3,1200.0,2292.3500533333354
17,12,3,1350.0,2220.5000516666687
17,12,3,1500.0,2148.650050000002
17,12,3,1650.0,2076.8000483333353
17,12,3,1800.0,2004.950046666669
17,12,3,1950.0,1933.1000450000024
17,12,3,2100.0,1861.2500433333357
17,12,3,2250.0,1789.400041666669
17,12,3,2400.0,1717.5500400000024
17,12,3,2550.0,1645.700038333347
17,12,3,2700.0,1574.0000366666802
17,12,3,2850.0,1502.3000350000136
17,12,3,3000.0,1430.600033333347
17,12,3,3150.0,1358.9000316666802
17,12,3,3300.0,1287.2000300000136
17,12,3,3450.0,1215.5166950000048
17,12,3,3600.0,1143.8333600000049
17,12,3,3750.0,1072.150025000005
17,12,3,3900.0,1000.4666900000047
17,12,3,4050.0,928.7833550000048
17,12,3,4200.0,857.2333533333319
17,12,3,4350.0,785.6833516666652
17,12,3,4500.0,714.1333499999987
17,12,3,4650.0,642.5833483333317
17,12,3,4800.0,571.0333466666693
17,12,3,4950.0,499.61667833333604
17,12,3,5100.0,428.20001000000275
17,12,3,5250.0,356.78334166666946
17,12,3,5400.0,285.36667333333617
17,12,3,5550.0,213.95000500000288
17,12,3,5700.0,142.63333666666495
17,12,3,5850.0,71.31666833333156
17,12,3,6000.0,-1.3642420526593924e-12
17,12,3,6150.0,-71.31666833333475
17,12,3,6300.0,-142.63333666666813
17,12,3,6450.0,-213.83333833333654
17,12,3,6600.0,-285.03334000000314
17,12,3,6750.0,-356.23334166666973
17,12,3,6900.0,-427.4333433333363
17,12,3,7050.0,-498.63334500000246
17,12,3,7200.0,-569.8166800000026
17,12,3,7350.0,-641.0000150000023
17,12,3,7500.0,-712.1833500000025
17,12,3,7650.0,-783.3666850000027
17,12,3,7800.0,-854.5500200000024
17,12,3,7950.0,-925.7000216666875
17,12,3,8100.0,-996.8500233333543
17,12,3,8250.0,-1068.0000250000207
17,12,3,8400.0,-1139.1500266666876
17,12,3,8550.0,-1210.300028333354
17,12,3,8700.0,-1281.100030000025
17,12,3,8850.0,-1351.9000316666925
17,12,3,9000.0,-1422.700033333359
17,12,3,9150.0,-1493.5000350000255
17,12,3,9300.0,-1564.300036666683
17,12,3,9450.0,-1635.0500383333501
17,12,3,9600.0,-1705.8000400000165
17,12,3,9750.0,-1776.5500416666837
17,12,3,9900.0,-1847.30004333335
17,12,3,10050.0,-1918.0500450000154
17,12,3,10200.0,-1979.9333800000159
17,12,3,10350.0,-2041.8167150000154
17,12,3,10500.0,-2103.700050000016
17,12,3,10650.0,-2165.5833850000154
17,12,3,10800.0,-2227.466720000012
17,12,2,1200.0,2292.3500533333718
17,12,2,1350.0,2220.500051666705
17,12,2,1500.0,2148.6500500000384
17,12,2,1650.0,2076.8000483333717
17,12,2,1800.0,2004.9500466667055
17,12,2,1950.0,1933.1000450000388
17,12,2,2100.0,1861.250043333372
17,12,2,2250.0,1789.4000416667054
17,12,2,2400.0,1717.5500400000387
17,12,2,2550.0,1645.700038333372
17,12,2,2700.0,1574.0000366666802
17,12,2,2850.0,1502.3000350000136
17,12,2,3000.0,1430.600033333347
17,12,2,3150.0,1358.9000316666802
17,12,2,3300.0,1287.2000300000193
17,12,2,3450.0,1215.5166950000194
17,12,2,3600.0,1143.8333600000194
17,12,2,3750.0,1072.1500250000195
17,12,2,3900.0,1000.4666900000193
17,12,2,4050.0,928.7833550000275
17,12,2,4200.0,857.233353333361
17,12,2,4350.0,785.6833516666943
17,12,2,4500.0,714.1333500000278
17,12,2,4650.0,642.5833483333608
17,12,2,4800.0,571.0333466666943
17,12,2,4950.0,499.61667833333604
17,12,2,5100.0,428.20001000000275
17,12,2,5250.0,356.78334166666946
17,12,2,5400.0,285.3666733333357
17,12,2,5550.0,213.95000500000242
17,12,2,5700.0,142.63333666666495
17,12,2,5850.0,71.31666833333156
17,12,2,6000.0,-1.3642420526593924e-12
17,12,2,6150.0,-71.31666833333475
17,12,2,6300.0,-142.63333666666813
17,12,2,6450.0,-213.83333833334382
17,12,2,6600.0,-285.0333400000104
17,12,2,6750.0,-356.233341666677
17,12,2,6900.0,-427.4333433333436
17,12,2,7050.0,-498.63334500000974
17,12,2,7200.0,-569.8166800000099
17,12,2,7350.0,-641.0000150000096
17,12,2,7500.0,-712.1833500000098
17,12,2,7650.0,-783.36668500001
17,12,2,7800.0,-854.5500200000065
17,12,2,7950.0,-925.7000216666729
17,12,2,8100.0,-996.8500233333398
17,12,2,8250.0,-1068.0000250000062
17,12,2,8400.0,-1139.150026666673
17,12,2,8550.0,-1210.3000283333395
17,12,2,8700.0,-1281.1000300000105
17,12,2,8850.0,-1351.900031666678
17,12,2,9000.0,-1422.7000333333444
17,12,2,9150.0,-1493.500035000011
17,12,2,9300.0,-1564.3000366666774
17,12,2,9450.0,-1635.0500383333501
17,12,2,9600.0,-1705.8000400000165
17,12,2,9750.0,-1776.5500416666837
17,12,2,9900.0,-1847.30004333335
17,12,2,10050.0,-1918.0500450000154
17,12,2,10200.0,-1979.9333800000159
17,12,2,10350.0,-2041.8167150000154
17,12,2,10500.0,-2103.700050000016
17,12,2,10650.0,-2165.5833850000154
17,12,2,10800.0,-2227.466720000016
17,12,1,1200.0,2292.3500533333427
17,12,1,1350.0,2220.500051666676
17,12,1,1500.0,2148.6500500000093
17,12,1,1650.0,2076.8000483333426
17,12,1,1800.0,2004.9500466666764
17,12,1,1950.0,1933.1000450000097
17,12,1,2100.0,1861.250043333343
17,12,1,2250.0,1789.4000416666763
17,12,1,2400.0,1717.5500400000096
17,12,1,2550.0,1645.700038333343
17,12,1,2700.0,1574.000036666666
17,12,1,2850.0,1502.3000349999993
17,12,1,3000.0,1430.6000333333325
17,12,1,3150.0,1358.9000316666659
17,12,1,3300.0,1287.2000300000047
17,12,1,3450.0,1215.5166950000048
17,12,1,3600.0,1143.8333600000049
17,12,1,3750.0,1072.150025000005
17,12,1,3900.0,1000.4666900000047
17,12,1,4050.0,928.7833550000048
17,12,1,4200.0,857.2333533333319
17,12,1,4350.0,785.6833516666652
17,12,1,4500.0,714.1333499999987
17,12,1,4650.0,642.5833483333317
17,12,1,4800.0,571.0333466666652
17,12,1,4950.0,499.61667833332194
17,12,1,5100.0,428.20000999998865
17,12,1,5250.0,356.78334166665536
17,12,1,5400.0,285.36667333332207
17,12,1,5550.0,213.95000499999833
17,12,1,5700.0,142.63333666666495
17,12,1,5850.0,71.31666833333156
17,12,1,6000.0,-1.3642420526593924e-12
17,12,1,6150.0,-71.31666833333475
17,12,1,6300.0,-142.63333666666267
17,12,1,6450.0,-213.83333833332927
17,12,1,6600.0,-285.03333999999586
17,12,1,6750.0,-356.23334166666245
17,12,1,6900.0,-427.43334333332905
17,12,1,7050.0,-498.63334499999564
17,12,1,7200.0,-569.8166800000026
17,12,1,7350.0,-641.0000150000023
17,12,1,7500.0,-712.1833500000025
17,12,1,7650.0,-783.3666850000027
17,12,1,7800.0,-854.5500200000024
17,12,1,7950.0,-925.7000216666729
17,12,1,8100.0,-996.8500233333398
17,12,1,8250.0,-1068.0000250000062
17,12,1,8400.0,-1139.150026666673
17,12,1,8550.0,-1210.3000283333395
17,12,1,8700.0,-1281.1000300000105
17,12,1,8850.0,-1351.900031666678
17,12,1,9000.0,-1422.7000333333444
17,12,1,9150.0,-1493.500035000011
17,12,1,9300.0,-1564.3000366666774
17,12,1,9450.0,-1635.0500383333492
17,12,1,9600.0,-1705.8000400000165
17,12,1,9750.0,-1776.5500416666828
17,12,1,9900.0,-1847.300043333349
17,12,1,10050.0,-1918.0500450000163
17,12,1,10200.0,-1979.9333800000304
17,12,1,10350.0,-2041.81671500003
17,12,1,10500.0,-2103.7000500000304
17,12,1,10650.0,-2165.58338500003
17,12,1,10800.0,-2227.4667200000276
17,12,0,1200.0,2292.3500533333863
17,12,0,1350.0,2220.5000516667196
17,12,0,1500.0,2148.650050000053
17,12,0,1650.0,2076.8000483333863
17,12,0,1800.0,2004.95004666672
17,12,0,1950.0,1933.1000450000533
17,12,0,2100.0,1861.2500433333867
17,12,0,2250.0,1789.40004166672
17,12,0,2400.0,1717.5500400000533
17,12,0,2550.0,1645.7000383333866
17,12,0,2700.0,1574.000036666695
17,12,0,2850.0,1502.3000350000284
17,12,0,3000.0,1430.6000333333616
17,12,0,3150.0,1358.900031666695
17,12,0,3300.0,1287.2000300000338
17,12,0,3450.0,1215.516695000034
17,12,0,3600.0,1143.833360000034
17,12,0,3750.0,1072.150025000034
17,12,0,3900.0,1000.4666900000339
17,12,0,4050.0,928.7833550000339
17,12,0,4200.0,857.233353333361
17,12,0,4350.0,785.6833516666943
17,12,0,4500.0,714.1333500000278
17,12,0,4650.0,642.5833483333608
17,12,0,4800.0,571.0333466666943
17,12,0,4950.0,499.61667833333604
17,12,0,5100.0,428.20001000000275
17,12,0,5250.0,356.78334166666946
17,12,0,5400.0,285.3666733333357
17,12,0,5550.0,213.95000500000242
17,12,0,5700.0,142.63333666666495
17,12,0,5850.0,71.31666833333156
17,12,0,6000.0,-1.3642420526593924e-12
17,12,0,6150.0,-71.31666833333475
17,12,0,6300.0,-142.63333666666222
17,12,0,6450.0,-213.8333383333288
17,12,0,6600.0,-285.0333399999954
17,12,0,6750.0,-356.233341666662
17,12,0,6900.0,-427.4333433333286
17,12,0,7050.0,-498.6333449999952
17,12,0,7200.0,-569.8166800000026
17,12,0,7350.0,-641.0000150000023
17,12,0,7500.0,-712.1833500000025
17,12,0,7650.0,-783.3666850000027
17,12,0,7800.0,-854.5500200000024
17,12,0,7950.0,-925.7000216666729
17,12,0,8100.0,-996.8500233333398
17,12,0,8250.0,-1068.0000250000062
17,12,0,8400.0,-1139.150026666673
17,12,0,8550.0,-1210.3000283333395
17,12,0,8700.0,-1281.1000300000114
17,12,0,8850.0,-1351.900031666678
17,12,0,9000.0,-1422.7000333333444
17,12,0,9150.0,-1493.5000350000118
17,12,0,9300.0,-1564.3000366666784
17,12,0,9450.0,-1635.0500383333501
17,12,0,9600.0,-1705.8000400000174
17,12,0,9750.0,-1776.5500416666837
17,12,0,9900.0,-1847.300043333351
17,12,0,10050.0,-1918.0500450000154
17,12,0,10200.0,-1979.9333800000159
17,12,0,10350.0,-2041.8167150000154
17,12,0,10500.0,-2103.700050000016
17,12,0,10650.0,-2165.5833850000154
17,12,0,10800.0,-2227.466720000013
