date,strategy,strategy_name,planned_cost_yuan,emergency_cost_yuan,total_cost_yuan,planned_purchase_kwh,emergency_kwh,spill_kwh,charge_kwh,discharge_kwh,emergency_slot_count,emergency_event_count,emergency_day_count,optimization_objective_yuan,soc_min_kwh,soc_max_kwh,terminal_soc_kwh
2025-02-01,static,静态典型日,35126.9485892896,1328.0267945083,36454.9753837980,59482.6989983539,342.6648166667,21506.4613166667,20740.6661316872,16799.9395666667,8,2,1,35126.9485892896,1200.0000000000,10800.0000000000,6000.0000000000
2025-02-01,point,点预测,22633.5574029985,1100.5764645105,23734.1338675090,43729.3588273839,248.8270007143,5654.6631211905,20764.9830188125,16819.6362452381,16,8,1,22633.5574029985,1200.0000000000,10800.0000000000,6000.0000000000
2025-02-01,q80,加权Q80,24113.8794667486,329.9389835740,24443.8184503226,46358.7953981188,77.1689741534,8124.7544906085,20700.1786754233,16767.1447270929,6,4,1,24113.8794667486,1200.0000000000,10800.0000000000,6000.0000000000
2025-02-01,saa,两阶段SAA（主方案）,24452.6015580966,293.5551548472,24746.1567129438,46999.4115949497,70.0842056349,8766.6051086243,20656.3934664576,16731.6787078307,6,4,1,25791.2961645954,1200.0000000000,10800.0000000000,6000.0000000000
2025-02-01,oracle,完美信息Oracle,19758.9709074728,0.0000000000,19758.9709074728,38118.7501532922,0.0000000000,0.0000000000,19687.2327366255,15946.6585166667,0,0,0,19758.9709074728,1200.0000000000,10800.0000000000,6000.0000000000
2025-02-02,static,静态典型日,35126.9485892896,95594.3374821667,130721.2860714563,59482.6989983539,23187.9560666667,373.6505500000,20740.6661316872,16799.9395666667,121,7,1,35126.9485892896,1200.0000000000,10800.0000000000,6000.0000000000
2025-02-02,point,点预测,56557.9699973300,411.7867825667,56969.7567798967,89875.1892393416,89.6614650000,6917.4138452381,24690.3100479130,19999.1511388095,8,6,1,56557.9699973300,1200.0000000000,10800.0000000000,6000.0000000000
2025-02-02,q80,加权Q80,58263.3028865737,99.7203036481,58363.0231902218,92344.7721248596,19.3320370370,9304.2414037566,24755.7095165262,20052.1247083862,2,2,1,58263.3028865737,1200.0000000000,10800.0000000000,6000.0000000000
2025-02-02,saa,两阶段SAA（主方案）,58280.1945510921,99.7203036481,58379.9148547403,92361.4587957149,19.3320370370,9320.2195589154,24759.4385465086,20055.1452226720,2,2,1,60061.5052599398,1200.0000000000,10800.0000000000,6000.0000000000
2025-02-02,oracle,完美信息Oracle,51624.0016616149,0.0000000000,51624.0016616149,82850.7575602881,0.0000000000,0.0000000000,23655.1558436214,19160.6762333333,0,0,0,51624.0016616149,1200.0000000000,10800.0000000000,6000.0000000000
2025-02-03,static,静态典型日,35126.9485892896,101328.7120281250,136455.6606174146,59482.6989983539,24977.1184166667,302.1743500000,20740.6661316872,16799.9395666667,126,10,1,35126.9485892896,1200.0000000000,10800.0000000000,6000.0000000000
2025-02-03,point,点预测,55921.2363634600,1125.4230671559,57046.6594306160,89003.2667964374,319.9122835714,4437.8626926191,24570.5257231041,19902.1258357143,25,17,1,55921.2363634600,1200.0000000000,10800.0000000000,6000.0000000000
2025-02-03,q80,加权Q80,57408.9217594067,282.7958745926,57691.7176339993,91170.0183513139,74.0017081481,6351.0904860053,24610.5951234568,19934.5820500000,9,8,1,57408.9217594067,1200.0000000000,10800.0000000000,6000.0000000000
2025-02-03,saa,两阶段SAA（主方案）,57438.8770588251,282.7958745926,57721.6729334177,91205.7188614968,74.0017081481,6383.3174430952,24628.8769818407,19949.3903552910,9,8,1,59276.1963765353,1200.0000000000,10800.0000000000,6000.0000000000
2025-02-03,oracle,完美信息Oracle,52913.5196043267,0.0000000000,52913.5196043267,84738.3420979424,0.0000000000,0.0000000000,23796.9768312757,19275.5512333333,0,0,0,52913.5196043267,1200.0000000000,10800.0000000000,6000.0000000000
2025-02-04,static,静态典型日,35126.9485892896,107286.2582108500,142413.2068001396,59482.6989983539,26012.1046833333,359.2131666667,20740.6661316872,16799.9395666667,119,6,1,35126.9485892896,1200.0000000000,10800.0000000000,6000.0000000000
2025-02-04,point,点预测,55854.8339433467,3886.5693351276,59741.4032784743,88983.4519712787,989.7108164286,4128.3083383334,24473.6342072310,19823.6437078571,31,11,1,55854.8339433467,1200.0000000000,10800.0000000000,6000.0000000000
2025-02-04,q80,加权Q80,57237.2960199339,2897.4337202924,60134.7297402263,90998.4862336475,713.0830467989,5864.3990835450,24485.8223521131,19833.5161052116,24,7,1,57237.2960199339,1200.0000000000,10800.0000000000,6000.0000000000
2025-02-04,saa,两阶段SAA（主方案）,57300.3872188166,2727.2856765845,60027.6728954011,91071.4940276138,679.7089652910,5896.3526897619,24526.2439639101,19866.2576107672,23,8,1,59066.3563642053,1200.0000000000,10800.0000000000,6000.0000000000
2025-02-04,oracle,完美信息Oracle,53862.4724181063,0.0000000000,53862.4724181063,85886.5745849794,0.0000000000,0.0000000000,24693.2138683128,20001.5032333333,0,0,0,53862.4724181063,1200.0000000000,10800.0000000000,6000.0000000000
2025-02-05,static,静态典型日,35126.9485892896,103411.3257801750,138538.2743694646,59482.6989983539,25452.1880500000,245.7335000000,20740.6661316872,16799.9395666667,120,6,1,35126.9485892896,1200.0000000000,10800.0000000000,6000.0000000000
2025-02-05,point,点预测,55677.8476273379,2121.2528154166,57799.1004427546,88644.1895228425,589.2366109524,3848.5068466667,24402.5910726044,19766.0987688095,27,13,1,55677.8476273379,1200.0000000000,10800.0000000000,6000.0000000000
2025-02-05,q80,加权Q80,57105.9386557731,958.4155013039,58064.3541570770,90676.8995909161,274.3800664021,5543.4434448677,24523.2064690378,19863.7972399206,13,7,1,57105.9386557731,1200.0000000000,10800.0000000000,6000.0000000000
2025-02-05,saa,两阶段SAA（主方案）,57140.6793459126,958.4155013039,58099.0948472165,90711.7270957221,274.3800664021,5575.7333143651,24536.5624443465,19874.6155799206,13,7,1,58891.4356694122,1200.0000000000,10800.0000000000,6000.0000000000
2025-02-05,oracle,完美信息Oracle,53226.5100774639,0.0000000000,53226.5100774639,85326.5320364198,0.0000000000,0.0000000000,24095.2897530864,19517.1847000000,0,0,0,53226.5100774639,1200.0000000000,10800.0000000000,6000.0000000000
2025-02-06,static,静态典型日,35126.9485892896,102400.9725568083,137527.9211460980,59482.6989983539,25129.0210333333,399.9362500000,20740.6661316872,16799.9395666667,127,8,1,35126.9485892896,1200.0000000000,10800.0000000000,6000.0000000000
2025-02-06,point,点预测,56163.7487693760,1040.2154613324,57203.9642307084,89205.4534867960,254.7425940476,4533.8730733334,24501.3988991770,19846.1331083333,26,15,1,56163.7487693760,1200.0000000000,10800.0000000000,6000.0000000000
2025-02-06,q80,加权Q80,57353.3594139091,547.1436294946,57900.5030434038,90897.7098989255,122.8383438360,6086.5570299735,24541.7578743223,19878.8238782011,15,11,1,57353.3594139091,1200.0000000000,10800.0000000000,6000.0000000000
2025-02-06,saa,两阶段SAA（主方案）,57434.8665893361,514.7653784468,57949.6319677829,90992.6037676475,116.0678313757,6163.8519578836,24598.7496024887,19924.9871780159,14,10,1,59245.1958138831,1200.0000000000,10800.0000000000,6000.0000000000
2025-02-06,oracle,完美信息Oracle,52920.9265248700,0.0000000000,52920.9265248700,84904.1948666667,0.0000000000,0.0000000000,24384.9350000000,19751.7973500000,0,0,0,52920.9265248700,1200.0000000000,10800.0000000000,6000.0000000000
2025-02-07,static,静态典型日,35126.9485892896,602.2580780417,35729.2066673313,59482.6989983539,151.2359000000,23887.5286666667,20740.6661316872,16799.9395666667,7,2,1,35126.9485892896,1200.0000000000,10800.0000000000,6000.0000000000
2025-02-07,point,点预测,21893.7839601838,1506.8598227555,23400.6437829392,42560.6400916814,279.8581414286,7115.8616430953,20626.0890702528,16707.1321469048,22,7,1,21893.7839601838,1200.0000000000,10800.0000000000,6000.0000000000
2025-02-07,q80,加权Q80,22676.5085463412,1177.8939584323,23854.4025047735,44059.9370180345,219.8376079894,8532.7846207143,20743.7386244366,16802.4282857936,13,6,1,22676.5085463412,1200.0000000000,10800.0000000000,6000.0000000000
2025-02-07,saa,两阶段SAA（主方案）,23103.9156555788,466.9066193397,23570.8222749185,44761.4784333664,94.5266441005,9166.3600680688,20441.9228564815,16557.9575137500,10,7,1,24383.4291509237,1200.0000000000,10800.0000000000,6000.0000000000
2025-02-07,oracle,完美信息Oracle,19281.9864166822,0.0000000000,19281.9864166822,37301.7792565844,0.0000000000,1732.7365666667,19807.1738065844,16043.8107833333,0,0,0,19281.9864166822,1200.0000000000,10800.0000000000,6000.0000000000
2025-02-08,static,静态典型日,35126.9485892896,1045.1604168000,36172.1090060896,59482.6989983539,273.6969000000,24238.5066166667,20740.6661316872,16799.9395666667,4,1,1,35126.9485892896,1200.0000000000,10800.0000000000,6000.0000000000
2025-02-08,point,点预测,21021.7381279346,1958.3340739593,22980.0722018939,40708.1943964433,379.3617240476,5683.1757095238,20143.2510226338,16316.0333283333,21,9,1,21021.7381279346,1200.0000000000,10800.0000000000,6000.0000000000
2025-02-08,q80,加权Q80,21739.5326748243,1395.6782189159,23135.2108937402,42118.7219601447,258.6482194444,6940.2994842593,20315.3051508590,16455.3971721958,19,10,1,21739.5326748243,1200.0000000000,10800.0000000000,6000.0000000000
2025-02-08,saa,两阶段SAA（主方案）,22137.0281640035,752.3238505947,22889.3520145982,42909.9555683595,132.8988798942,7555.3315634921,20580.8429899732,16670.4828218783,14,10,1,23402.6130631378,1200.0000000000,10800.0000000000,6000.0000000000
2025-02-08,oracle,完美信息Oracle,18716.9625255021,0.0000000000,18716.9625255021,36149.9894255144,0.0000000000,988.8823666667,18862.8649588477,15278.9206166667,0,0,0,18716.9625255021,1200.0000000000,10800.0000000000,6000.0000000000
2025-02-09,static,静态典型日,35126.9485892896,98876.3303851167,134003.2789744063,59482.6989983539,24350.8035000000,337.3599666667,20740.6661316872,16799.9395666667,121,5,1,35126.9485892896,1200.0000000000,10800.0000000000,6000.0000000000
2025-02-09,point,点预测,54215.6927444249,3691.2652706315,57906.9580150564,86572.0194668519,1136.1407221429,3519.0036219048,24388.1084232804,19754.3678228571,36,11,1,54215.6927444249,1200.0000000000,10800.0000000000,6000.0000000000
2025-02-09,q80,加权Q80,55121.9373679953,2070.2702794541,57192.2076474494,87785.4467542566,690.2791783862,4260.9907650000,24522.7326367170,19863.4134357407,21,11,1,55121.9373679953,1200.0000000000,10800.0000000000,6000.0000000000
2025-02-09,saa,两阶段SAA（主方案）,55220.2136966880,2023.5912809816,57243.8049776696,87896.8847514975,680.8347774074,4354.6283421958,24566.7116844340,19899.0364643915,19,10,1,56918.4623831559,1200.0000000000,10800.0000000000,6000.0000000000
2025-02-09,oracle,完美信息Oracle,52321.8985807011,0.0000000000,52321.8985807011,84164.6525783950,0.0000000000,0.0000000000,24259.1400617284,19649.9034500000,0,0,0,52321.8985807011,1200.0000000000,10800.0000000000,6000.0000000000
2025-02-10,static,静态典型日,35126.9485892896,78613.3229310667,113740.2715203563,59482.6989983539,19058.4679500000,273.8028000000,20740.6661316872,16799.9395666667,124,7,1,35126.9485892896,1200.0000000000,10800.0000000000,6000.0000000000
2025-02-10,point,点预测,54517.7322681356,623.8983324519,55141.6306005875,87041.3881687361,135.5627304762,8194.6470254762,24503.5067915932,19847.8405011905,12,6,1,54517.7322681356,1200.0000000000,10800.0000000000,6000.0000000000
2025-02-10,q80,加权Q80,55352.8336229415,342.3343030019,55695.1679259434,88169.9156956016,89.9627227513,9258.2931701058,24604.9877100725,19930.0400451587,13,9,1,55352.8336229415,1200.0000000000,10800.0000000000,6000.0000000000
2025-02-10,saa,两阶段SAA（主方案）,55431.9630706563,342.3343030019,55774.2973736582,88263.3661534953,89.9627227513,9345.4464019577,24638.1310050297,19956.8861140741,13,9,1,57150.0478656722,1200.0000000000,10800.0000000000,6000.0000000000
2025-02-10,oracle,完美信息Oracle,48580.4780006058,0.0000000000,48580.4780006058,78754.4661520267,0.0000000000,0.0000000000,23304.3608878601,18876.5323191667,0,0,0,48580.4780006058,1200.0000000000,10800.0000000000,6000.0000000000
2025-02-11,static,静态典型日,35126.9485892896,83175.0937069000,118302.0422961896,59482.6989983539,20004.0448500000,325.4201500000,20740.6661316872,16799.9395666667,123,4,1,35126.9485892896,1200.0000000000,10800.0000000000,6000.0000000000
2025-02-11,point,点预测,53720.1222973404,710.7145573103,54430.8368546507,86032.0976768489,121.3861923810,6301.5680554762,24375.3614758965,19744.0427954762,13,6,1,53720.1222973404,1200.0000000000,10800.0000000000,6000.0000000000
2025-02-11,q80,加权Q80,54353.1526003093,392.9473037941,54746.0999041034,86889.8449404837,72.1853550000,7095.8444592063,24450.4668576001,19804.8781546561,11,9,1,54353.1526003093,1200.0000000000,10800.0000000000,6000.0000000000
2025-02-11,saa,两阶段SAA（主方案）,54435.8995289208,385.8383360996,54821.7378650204,86985.9089766040,71.1313938889,7185.4862163492,24478.7211621595,19827.7641413492,11,9,1,56173.9002268068,1200.0000000000,10800.0000000000,6000.0000000000
2025-02-11,oracle,完美信息Oracle,49400.7900388500,0.0000000000,49400.7900388500,79653.0546870000,0.0000000000,0.0000000000,23328.7239666667,18896.2664130000,0,0,0,49400.7900388500,1200.0000000000,10800.0000000000,6000.0000000000
2025-02-12,static,静态典型日,35126.9485892896,84141.3299807250,119268.2785700146,59482.6989983539,20068.9059166667,344.1422166667,20740.6661316872,16799.9395666667,118,8,1,35126.9485892896,1200.0000000000,10800.0000000000,6000.0000000000
2025-02-12,point,点预测,53112.6014803056,1477.9790023440,54590.5804826496,85177.8210279071,318.0576221429,5633.3528978572,24188.3664150500,19592.5767961905,23,14,1,53112.6014803056,1200.0000000000,10800.0000000000,6000.0000000000
2025-02-12,q80,加权Q80,53562.2998513570,1338.5545544056,54900.8544057626,85777.4694889758,295.5459999206,6196.2197141799,24263.4717967535,19653.4121553704,21,14,1,53562.2998513570,1200.0000000000,10800.0000000000,6000.0000000000
2025-02-12,saa,两阶段SAA（主方案）,53658.6788442637,1225.4735412100,54884.1523854737,85870.8079898801,277.1971458730,6268.9963215344,24275.1193730812,19662.8466921958,20,14,1,55433.2389115637,1200.0000000000,10800.0000000000,6000.0000000000
2025-02-12,oracle,完美信息Oracle,49579.9323838182,0.0000000000,49579.9323838182,79728.7909122922,0.0000000000,0.0000000000,23484.4988366255,19022.4440576667,0,0,0,49579.9323838182,1200.0000000000,10800.0000000000,6000.0000000000
2025-02-13,static,静态典型日,35126.9485892896,67319.1022678750,102446.0508571646,59482.6989983539,16242.0233333333,454.5167500000,20740.6661316872,16799.9395666667,129,7,1,35126.9485892896,1200.0000000000,10800.0000000000,6000.0000000000
2025-02-13,point,点预测,52841.4816909149,725.9040813205,53567.3857722353,84659.5923898442,145.0635776190,8903.7896576191,24059.9331219871,19488.5458288095,18,10,1,52841.4816909149,1200.0000000000,10800.0000000000,6000.0000000000
2025-02-13,q80,加权Q80,53170.0867353150,542.2410767160,53712.3278120309,85062.2602365987,156.1724062698,9290.7135422751,24201.2635996146,19603.0235156878,17,12,1,53170.0867353150,1200.0000000000,10800.0000000000,6000.0000000000
2025-02-13,saa,两阶段SAA（主方案）,53257.4843092144,532.7569829160,53790.2412921304,85162.4027809001,154.7645396032,9375.2669044444,24275.9021020641,19663.4807026720,17,12,1,55011.7103371862,1200.0000000000,10800.0000000000,6000.0000000000
2025-02-13,oracle,完美信息Oracle,46458.9508584128,0.0000000000,46458.9508584128,75732.7589358025,0.0000000000,0.0000000000,23175.1574691358,18771.8775500000,0,0,0,46458.9508584128,1200.0000000000,10800.0000000000,6000.0000000000
2025-02-14,static,静态典型日,35126.9485892896,197.4362024333,35324.3847917230,59482.6989983539,52.5305333333,25792.7011500000,20740.6661316872,16799.9395666667,5,3,1,35126.9485892896,1200.0000000000,10800.0000000000,6000.0000000000
2025-02-14,point,点预测,19507.9812572434,3246.8141281821,22754.7953854255,37752.1672542534,1005.0952095238,5280.4608223810,19342.1043406820,15667.1045159524,35,13,1,19507.9812572434,1200.0000000000,10800.0000000000,6000.0000000000
2025-02-14,q80,加权Q80,19357.8023353466,3020.3112881766,22378.1136235232,37357.6203397723,953.9398638624,4887.6752001058,19063.5957203279,15441.5125334656,30,12,1,19357.8023353466,1200.0000000000,10800.0000000000,6000.0000000000
2025-02-14,saa,两阶段SAA（主方案）,19588.6893625870,2222.2566395951,21810.9460021821,37801.0406047857,687.6391443915,4992.7465242857,19442.7968853942,15748.6654771693,26,11,1,20708.0196454783,1200.0000000000,10800.0000000000,6000.0000000000
2025-02-14,oracle,完美信息Oracle,18353.9222343504,0.0000000000,18353.9222343504,35461.0961567901,0.0000000000,2140.6336500000,18519.2667901235,15000.6061000000,0,0,0,18353.9222343504,1200.0000000000,10800.0000000000,6000.0000000000
2025-02-15,static,静态典型日,35126.9485892896,8.0703441000,35135.0189333896,59482.6989983539,2.1115500000,26263.9928833333,20740.6661316872,16799.9395666667,1,1,1,35126.9485892896,1200.0000000000,10800.0000000000,6000.0000000000
2025-02-15,point,点预测,19003.6789528543,2886.5362284514,21890.2151813057,36775.2841650911,850.5254757143,4772.6039804762,18805.8661069959,15232.7515466667,42,16,1,19003.6789528543,1200.0000000000,10800.0000000000,6000.0000000000
2025-02-15,q80,加权Q80,18822.0415253225,3138.8880021848,21960.9295275073,36360.1572810664,918.9691632804,4466.4960126984,18592.3122718336,15059.7729401852,48,21,1,18822.0415253225,1200.0000000000,10800.0000000000,6000.0000000000
2025-02-15,saa,两阶段SAA（主方案）,18995.3332522910,2295.7776587728,21291.1109110637,36652.7860850735,651.5572736243,4450.3109101852,18810.2176237507,15236.2762752381,38,19,1,20035.9842898695,1200.0000000000,10800.0000000000,6000.0000000000
2025-02-15,oracle,完美信息Oracle,18391.7990887781,0.0000000000,18391.7990887781,35408.1931967078,0.0000000000,2689.1358666667,18099.8222633745,14660.8560333333,0,0,0,18391.7990887781,1200.0000000000,10800.0000000000,6000.0000000000
2025-02-16,static,静态典型日,35126.9485892896,82304.8636352583,117431.8122245479,59482.6989983539,20160.6574666667,325.2508000000,20740.6661316872,16799.9395666667,122,10,1,35126.9485892896,1200.0000000000,10800.0000000000,6000.0000000000
2025-02-16,point,点预测,50253.9017004371,5357.9299307513,55611.8316311884,81108.9799264834,1426.4913428571,2751.4001376191,23193.1159564286,18786.4239247071,55,21,1,50253.9017004371,1200.0000000000,10800.0000000000,6000.0000000000
2025-02-16,q80,加权Q80,50336.8793268253,4436.0225518012,54772.9018786266,81255.5015903836,1099.3642453439,2575.5836977513,23167.9107261905,18766.0076882143,57,24,1,50336.8793268253,1200.0000000000,10800.0000000000,6000.0000000000
2025-02-16,saa,两阶段SAA（主方案）,50427.9838307723,4248.1996271079,54676.1834578802,81359.5140392328,1062.1857965344,2642.6540691005,23166.6666666667,18765.0000000000,56,24,1,52233.6252575289,1200.0000000000,10800.0000000000,6000.0000000000
2025-02-16,oracle,完美信息Oracle,49255.7729262542,0.0000000000,49255.7729262542,79784.8482083333,0.0000000000,0.0000000000,23197.2058333333,18789.7367250000,0,0,0,49255.7729262542,1200.0000000000,10800.0000000000,6000.0000000000
2025-02-17,static,静态典型日,35126.9485892896,64709.5890475750,99836.5376368646,59482.6989983539,15875.1983333333,233.3076000000,20740.6661316872,16799.9395666667,125,6,1,35126.9485892896,1200.0000000000,10800.0000000000,6000.0000000000
2025-02-17,point,点预测,49893.1423771631,1720.3633697126,51613.5057468757,80689.5047390333,424.2481585714,5512.7798269048,23247.9468633333,18830.8369593000,28,12,1,49893.1423771631,1200.0000000000,10800.0000000000,6000.0000000000
2025-02-17,q80,加权Q80,50115.4716740955,1243.4061531738,51358.8778272693,81015.3358560259,342.2472390476,5759.7214873545,23231.5707423810,18817.5723013286,30,13,1,50115.4716740955,1200.0000000000,10800.0000000000,6000.0000000000
2025-02-17,saa,两阶段SAA（主方案）,50207.4853541783,1243.4061531738,51450.8915073521,81118.5660177098,342.2472390476,5867.2883621693,23208.7459364286,18799.0842085071,30,13,1,51896.1325955522,1200.0000000000,10800.0000000000,6000.0000000000
2025-02-17,oracle,完美信息Oracle,46165.4732002026,0.0000000000,46165.4732002026,75551.9270783950,0.0000000000,0.0000000000,22989.8100617284,18621.7461500000,0,0,0,46165.4732002026,1200.0000000000,10800.0000000000,6000.0000000000
2025-02-18,static,静态典型日,35126.9485892896,69555.7950581667,104682.7436474563,59482.6989983539,16970.6497500000,421.2344000000,20740.6661316872,16799.9395666667,120,7,1,35126.9485892896,1200.0000000000,10800.0000000000,6000.0000000000
2025-02-18,point,点预测,49422.5915347426,2173.3242803078,51595.9158150505,80078.7481078310,490.0239661905,4062.9136809524,23234.0558407143,18819.5852309786,31,15,1,49422.5915347426,1200.0000000000,10800.0000000000,6000.0000000000
2025-02-18,q80,加权Q80,49584.0028233933,2101.9005300546,51685.9033534479,80302.2293736484,510.0729107143,4310.7008553175,23211.6507669048,18801.4371211929,32,19,1,49584.0028233933,1200.0000000000,10800.0000000000,6000.0000000000
2025-02-18,saa,两阶段SAA（主方案）,49644.7115028029,2068.8714118796,51713.5829146825,80367.8040207820,503.8467311905,4371.3532198677,23204.7881514286,18795.8784026571,31,19,1,51341.7787984353,1200.0000000000,10800.0000000000,6000.0000000000
2025-02-18,oracle,完美信息Oracle,46872.6026773572,0.0000000000,46872.6026773572,76516.3240223333,0.0000000000,0.0000000000,23289.1381000000,18864.2018610000,0,0,0,46872.6026773572,1200.0000000000,10800.0000000000,6000.0000000000
2025-02-19,static,静态典型日,35126.9485892896,74011.0077898917,109137.9563791813,59482.6989983539,17564.4355666667,227.0806166667,20740.6661316872,16799.9395666667,131,5,1,35126.9485892896,1200.0000000000,10800.0000000000,6000.0000000000
2025-02-19,point,点预测,49073.4047843017,3853.7266908373,52927.1314751390,79626.7258103048,996.4537495238,3321.7249611905,23274.3537647619,18852.2265494571,60,20,1,49073.4047843017,1200.0000000000,10800.0000000000,6000.0000000000
2025-02-19,q80,加权Q80,49177.0846269390,4474.4020514279,53651.4866783669,79746.2621081714,1219.0833233333,3662.7801373810,23280.1995304762,18856.9616196857,58,19,1,49177.0846269390,1200.0000000000,10800.0000000000,6000.0000000000
2025-02-19,saa,两阶段SAA（主方案）,49303.1108773477,4233.8841463021,53536.9950236498,79877.2043275619,1177.0942633333,3758.9882714286,23242.0154533333,18826.0325172000,55,19,1,50841.6008715360,1200.0000000000,10800.0000000000,6000.0000000000
2025-02-19,oracle,完美信息Oracle,47747.7480702614,0.0000000000,47747.7480702614,77312.7702611667,0.0000000000,0.0000000000,23333.9098833333,18900.4670055000,0,0,0,47747.7480702614,1200.0000000000,10800.0000000000,6000.0000000000
2025-02-20,static,静态典型日,35126.9485892896,65627.2171806250,100754.1657699146,59482.6989983539,15914.6553500000,463.4940500000,20740.6661316872,16799.9395666667,121,9,1,35126.9485892896,1200.0000000000,10800.0000000000,6000.0000000000
2025-02-20,point,点预测,48882.8658877473,2286.0590011796,51168.9248889270,79352.7734581953,528.9611035714,4469.1199147619,23260.4258614286,18840.9449477571,33,16,1,48882.8658877473,1200.0000000000,10800.0000000000,6000.0000000000
2025-02-20,q80,加权Q80,49162.9235051521,2183.7750273239,51346.6985324760,79696.9852901048,538.9656671429,4824.8392076190,23252.5158752381,18834.5378589429,35,16,1,49162.9235051521,1200.0000000000,10800.0000000000,6000.0000000000
2025-02-20,saa,两阶段SAA（主方案）,49293.2775609346,2079.2469816952,51372.5245426298,79837.2192042571,519.8481026190,4952.6628161905,23217.2145123810,18805.9437550286,34,16,1,50808.6348801942,1200.0000000000,10800.0000000000,6000.0000000000
2025-02-20,oracle,完美信息Oracle,46140.4170129688,0.0000000000,46140.4170129688,75284.1256189300,0.0000000000,0.0000000000,22584.1678189300,18293.1759333333,0,0,0,46140.4170129688,1200.0000000000,10800.0000000000,6000.0000000000
2025-02-21,static,静态典型日,35126.9485892896,49.3133451833,35176.2619344730,59482.6989983539,16.7778333333,29998.4882333333,20740.6661316872,16799.9395666667,2,2,1,35126.9485892896,1200.0000000000,10800.0000000000,6000.0000000000
2025-02-21,point,点预测,18389.4127345881,2260.6695246464,20650.0822592345,35688.5230920576,617.2005540476,7256.8228004762,18361.2569068195,14872.6180945238,31,17,1,18389.4127345881,1200.0000000000,10800.0000000000,6000.0000000000
2025-02-21,q80,加权Q80,18383.2797380124,2290.5588152039,20673.8385532163,35465.5028924544,662.0393645238,7123.2820214286,18126.3063274544,14682.3081252381,35,16,1,18383.2797380124,1200.0000000000,10800.0000000000,6000.0000000000
2025-02-21,saa,两阶段SAA（主方案）,18494.7189575786,2041.0594326023,20535.7783901809,35650.9888653527,612.2310095238,7231.1194189624,18272.8338030570,14800.9953804762,33,15,1,19163.3465847952,1200.0000000000,10800.0000000000,6000.0000000000
2025-02-21,oracle,完美信息Oracle,17456.7969326093,0.0000000000,17456.7969326093,34203.3562979424,0.0000000000,5245.3223333333,17883.0101646090,14485.2382333333,0,0,0,17456.7969326093,1200.0000000000,10800.0000000000,6000.0000000000
2025-02-22,static,静态典型日,35126.9485892896,20.3267143000,35147.2753035896,59482.6989983539,9.5073500000,27706.7169000000,20740.6661316872,16799.9395666667,1,1,1,35126.9485892896,1200.0000000000,10800.0000000000,6000.0000000000
2025-02-22,point,点预测,18018.7041925445,5378.9423741466,23397.6465666911,35024.3201328571,1403.9328540476,5161.8932576191,18008.4044523810,14586.8076064286,61,18,1,18018.7041925445,1200.0000000000,10800.0000000000,6000.0000000000
2025-02-22,q80,加权Q80,18021.6401981027,5572.7493353092,23594.3895334119,34814.3133690682,1470.2810207143,5069.2378328571,17739.9667031158,14369.3730295238,60,17,1,18021.6401981027,1200.0000000000,10800.0000000000,6000.0000000000
2025-02-22,saa,两阶段SAA（主方案）,18141.7566304847,2980.7756374454,21122.5322679301,35013.1176561434,815.7074790476,4586.1303657143,17883.8520323339,14485.9201461905,45,16,1,18820.9501354615,1200.0000000000,10800.0000000000,6000.0000000000
2025-02-22,oracle,完美信息Oracle,17670.6642670936,0.0000000000,17670.6642670936,34304.3917051440,0.0000000000,3123.2051500000,17560.1245884774,14223.7009166667,0,0,0,17670.6642670936,1200.0000000000,10800.0000000000,6000.0000000000
2025-02-23,static,静态典型日,35126.9485892896,66198.6184157000,101325.5670049896,59482.6989983539,16265.6822666667,275.8010166667,20740.6661316872,16799.9395666667,125,6,1,35126.9485892896,1200.0000000000,10800.0000000000,6000.0000000000
2025-02-23,point,点预测,47581.2008659460,5054.3240936554,52635.5249596014,77492.7280570165,1407.9109111905,2960.2327919048,23202.9078577307,18794.3553647619,52,19,1,47581.2008659460,1200.0000000000,10800.0000000000,6000.0000000000
2025-02-23,q80,加权Q80,48055.0225098481,4102.7904382152,52157.8129480634,78136.0411938357,1232.1137390476,3412.7510492857,23281.8431592857,18858.2929590214,50,19,1,48055.0225098481,1200.0000000000,10800.0000000000,6000.0000000000
2025-02-23,saa,两阶段SAA（主方案）,48190.3966457914,3918.6139365883,52109.0105823797,78281.1695867738,1197.5073319048,3526.1859347619,23266.5121083333,18845.8748077500,49,19,1,49700.3611476079,1200.0000000000,10800.0000000000,6000.0000000000
2025-02-23,oracle,完美信息Oracle,46347.1152631862,0.0000000000,46347.1152631862,75879.2323771605,0.0000000000,0.0000000000,22880.9404938272,18533.5618000000,0,0,0,46347.1152631862,1200.0000000000,10800.0000000000,6000.0000000000
2025-02-24,static,静态典型日,35126.9485892896,54163.0589562667,89290.0075455563,59482.6989983539,12955.4576166667,294.3964333333,20740.6661316872,16799.9395666667,120,7,1,35126.9485892896,1200.0000000000,10800.0000000000,6000.0000000000
2025-02-24,point,点预测,47098.9205163220,2156.0591767713,49254.9796930933,76904.3626219959,483.2265609524,4791.8759969048,23119.3661546149,18726.6865852381,31,14,1,47098.9205163220,1200.0000000000,10800.0000000000,6000.0000000000
2025-02-24,q80,加权Q80,47679.1557944316,2083.8489938004,49763.0047882320,77742.8690670694,492.3288323810,5618.4752202381,23229.9424344503,18816.2533719048,30,11,1,47679.1557944316,1200.0000000000,10800.0000000000,6000.0000000000
2025-02-24,saa,两阶段SAA（主方案）,47867.1198807246,2083.8489938004,49950.9688745249,77983.1734525309,492.3288323810,5846.7139540476,23293.4458641975,18867.6911500000,30,11,1,49380.7519295722,1200.0000000000,10800.0000000000,6000.0000000000
2025-02-24,oracle,完美信息Oracle,44260.5178896883,0.0000000000,44260.5178896883,72455.7649755144,0.0000000000,0.0000000000,22382.7966255144,18130.0652666667,0,0,0,44260.5178896883,1200.0000000000,10800.0000000000,6000.0000000000
2025-02-25,static,静态典型日,35126.9485892896,45155.4203002083,80282.3688894980,59482.6989983539,10652.9425833333,373.5917833333,20740.6661316872,16799.9395666667,122,9,1,35126.9485892896,1200.0000000000,10800.0000000000,6000.0000000000
2025-02-25,point,点预测,46889.3182645080,2142.0113912057,49031.3296557137,76547.5388018254,593.6306047619,6923.2047773810,23140.2178730159,18743.5764771429,39,15,1,46889.3182645080,1200.0000000000,10800.0000000000,6000.0000000000
2025-02-25,q80,加权Q80,47449.8014054930,1621.1809104579,49070.9823159508,77302.4743895973,473.5436421429,7538.0733640476,23245.3759703116,18828.7545359524,32,18,1,47449.8014054930,1200.0000000000,10800.0000000000,6000.0000000000
2025-02-25,saa,两阶段SAA（主方案）,47642.8507963960,1621.1809104579,49264.0317068539,77552.7390368724,473.5436421429,7774.2503095238,23319.5217692534,18888.8126330952,32,18,1,49211.4398164082,1200.0000000000,10800.0000000000,6000.0000000000
2025-02-25,oracle,完美信息Oracle,42744.7043622988,0.0000000000,42744.7043622988,69963.5945189300,0.0000000000,0.0000000000,21801.4278189300,17659.1565333333,0,0,0,42744.7043622988,1200.0000000000,10800.0000000000,6000.0000000000
2025-02-26,static,静态典型日,35126.9485892896,55696.6774916500,90823.6260809396,59482.6989983539,13635.5548666667,362.6792666667,20740.6661316872,16799.9395666667,122,9,1,35126.9485892896,1200.0000000000,10800.0000000000,6000.0000000000
2025-02-26,point,点预测,46406.2076702278,3493.6191033126,49899.8267735404,75818.2208136244,851.3736521429,3492.1517538095,22961.0246243386,18598.4299457143,45,21,1,46406.2076702278,1200.0000000000,10800.0000000000,6000.0000000000
2025-02-26,q80,加权Q80,46874.9549187365,3352.8343225561,50227.7892412926,76409.1107300911,854.3707895238,4082.9900257143,22977.0708450911,18611.4273845238,39,19,1,46874.9549187365,1200.0000000000,10800.0000000000,6000.0000000000
2025-02-26,saa,两阶段SAA（主方案）,47029.6730403145,3096.4269164577,50126.0999567722,76611.8752162316,798.1938471429,4217.1633830952,23042.4086681364,18664.3510211905,38,20,1,48660.7908925868,1200.0000000000,10800.0000000000,6000.0000000000
2025-02-26,oracle,完美信息Oracle,44493.9554006946,0.0000000000,44493.9554006946,73051.7041063786,0.0000000000,0.0000000000,22299.2424897119,18062.3864166667,0,0,0,44493.9554006946,1200.0000000000,10800.0000000000,6000.0000000000
2025-02-27,static,静态典型日,35126.9485892896,53793.5736007583,88920.5221900480,59482.6989983539,12087.6730333333,673.0612666667,20740.6661316872,16799.9395666667,118,6,1,35126.9485892896,1200.0000000000,10800.0000000000,6000.0000000000
2025-02-27,point,点预测,45881.8377799787,3533.7817086473,49415.6194886260,75129.7857365550,699.0976285714,4522.7416633334,22892.4079041740,18542.8504023810,33,14,1,45881.8377799787,1200.0000000000,10800.0000000000,6000.0000000000
2025-02-27,q80,加权Q80,46461.1038748830,3099.2852950927,49560.3891699757,75865.7599603645,638.6320016667,5184.8211552381,22963.0874041740,18600.1007973810,28,16,1,46461.1038748830,1200.0000000000,10800.0000000000,6000.0000000000
2025-02-27,saa,两阶段SAA（主方案）,46594.3480353574,2719.8502814531,49314.1983168105,76036.5568672839,569.1194188095,5273.0867835714,23031.6068553792,18655.6015528571,25,16,1,48211.5817754278,1200.0000000000,10800.0000000000,6000.0000000000
2025-02-27,oracle,完美信息Oracle,43958.9747637034,0.0000000000,43958.9747637034,71295.6913884774,0.0000000000,0.0000000000,22837.4062551440,18498.2990666667,0,0,0,43958.9747637034,1200.0000000000,10800.0000000000,6000.0000000000
2025-02-28,static,静态典型日,35126.9485892896,0.0000000000,35126.9485892896,59482.6989983539,0.0000000000,32249.3788833333,20740.6661316872,16799.9395666667,0,0,0,35126.9485892896,1200.0000000000,10800.0000000000,6000.0000000000
2025-02-28,point,点预测,17490.0567677593,4404.7335925199,21894.7903602792,34160.9197165608,1195.7495764286,8710.2503564286,17651.7125608466,14297.8871742857,49,22,1,17490.0567677593,1200.0000000000,10800.0000000000,6000.0000000000
2025-02-28,q80,加权Q80,17831.6604644102,3607.2641443437,21438.9246087539,34473.4556402234,1022.9482395238,8889.1358026190,17445.6554059377,14130.9808788095,42,22,1,17831.6604644102,1200.0000000000,10800.0000000000,6000.0000000000
2025-02-28,saa,两阶段SAA（主方案）,17918.5439830358,1721.9768212386,19640.5208042743,34649.4249859965,502.4228857143,8510.6302793122,17624.3370652557,14275.7130228571,36,21,1,18621.4712711114,1200.0000000000,10800.0000000000,6000.0000000000
2025-02-28,oracle,完美信息Oracle,16908.6562537553,0.0000000000,16908.6562537553,33066.9793051440,0.0000000000,6503.1903500000,17216.8179218107,13945.6225166667,0,0,0,16908.6562537553,1200.0000000000,10800.0000000000,6000.0000000000
2025-03-01,static,静态典型日,35126.9485892896,0.0000000000,35126.9485892896,59482.6989983539,0.0000000000,31883.2065000000,20740.6661316872,16799.9395666667,0,0,0,35126.9485892896,1200.0000000000,10800.0000000000,6000.0000000000
2025-03-01,point,点预测,17326.7556463546,3176.2738687530,20503.0295151076,33806.8670513639,763.5947807143,7613.3920404762,17359.4939908877,14061.1901326190,41,19,1,17326.7556463546,1200.0000000000,10800.0000000000,6000.0000000000
2025-03-01,q80,加权Q80,17713.1137224601,2392.1455577526,20105.2592802127,34204.8693943034,601.2395169048,7883.1758988095,17179.8267319224,13915.6596528571,29,15,1,17713.1137224601,1200.0000000000,10800.0000000000,6000.0000000000
2025-03-01,saa,两阶段SAA（主方案）,17821.6287566780,1494.8857482748,19316.5145049527,34392.2695519371,351.2702742857,7793.4709959524,17322.6468259847,14031.3439290476,23,12,1,18490.1750505656,1200.0000000000,10800.0000000000,6000.0000000000
2025-03-01,oracle,完美信息Oracle,16474.8280252742,0.0000000000,16474.8280252742,31761.1841288066,0.0000000000,4967.6522551440,16498.7681069959,13364.0021666667,0,0,0,16474.8280252742,1200.0000000000,10800.0000000000,6000.0000000000
2025-03-02,static,静态典型日,35126.9485892896,70727.3376416083,105854.2862308980,59482.6989983539,17223.7151000000,407.3804666667,20740.6661316872,16799.9395666667,117,6,1,35126.9485892896,1200.0000000000,10800.0000000000,6000.0000000000
2025-03-02,point,点预测,44904.0332808243,20991.6038389314,65895.6371197557,73685.3490747472,5540.4781692857,2520.1627440476,22880.8285964139,18533.4711630952,70,13,1,44904.0332808243,1200.0000000000,10800.0000000000,6000.0000000000
2025-03-02,q80,加权Q80,45852.4632581319,17544.2946288350,63396.7578869669,74966.9551746237,4670.1720583333,2914.3286830952,22971.0078062904,18606.5163230952,53,12,1,45852.4632581319,1200.0000000000,10800.0000000000,6000.0000000000
2025-03-02,saa,两阶段SAA（主方案）,46091.0606574658,16705.9378797561,62796.9985372219,75279.4527071282,4488.8652290476,3034.5699704762,23028.6363106996,18653.1954116667,51,13,1,47952.3882614302,1200.0000000000,10800.0000000000,6000.0000000000
2025-03-02,oracle,完美信息Oracle,47119.4258399616,0.0000000000,47119.4258399616,76899.6219611728,0.0000000000,0.0000000000,23901.6573395062,19360.3424450000,0,0,0,47119.4258399616,1200.0000000000,10800.0000000000,6000.0000000000
2025-03-03,static,静态典型日,35126.9485892896,71064.1415051417,106191.0900944313,59482.6989983539,16853.5889333333,378.4147333333,20740.6661316872,16799.9395666667,118,9,1,35126.9485892896,1200.0000000000,10800.0000000000,6000.0000000000
2025-03-03,point,点预测,45119.8018145625,17494.6604243197,62614.4622388822,74079.5202920841,4310.5276290476,1993.7246307143,23048.2981951793,18669.1215380952,81,14,1,45119.8018145625,1200.0000000000,10800.0000000000,6000.0000000000
2025-03-03,q80,加权Q80,46476.0110040017,12195.7723656577,58671.7833696594,75980.6957105232,2913.1232376190,2460.2825316667,23244.1567533804,18827.7669702381,63,17,1,46476.0110040017,1200.0000000000,10800.0000000000,6000.0000000000
2025-03-03,saa,两阶段SAA（主方案）,46680.7107465391,11213.0311331916,57893.7418797307,76248.0459915429,2716.4283316667,2525.2422121429,23274.1340933333,18852.0486156000,62,17,1,49213.4583171438,1200.0000000000,10800.0000000000,6000.0000000000
2025-03-03,oracle,完美信息Oracle,47074.3295002936,0.0000000000,47074.3295002936,76455.7664221667,0.0000000000,0.0000000000,23361.1567833333,18922.5369945000,0,0,0,47074.3295002936,1200.0000000000,10800.0000000000,6000.0000000000
2025-03-04,static,静态典型日,35126.9485892896,57359.5655977833,92486.5141870730,59482.6989983539,13921.7959833333,264.3104833333,20740.6661316872,16799.9395666667,124,9,1,35126.9485892896,1200.0000000000,10800.0000000000,6000.0000000000
2025-03-04,point,点预测,45944.4672118676,4245.2211541022,50189.6883659698,75232.9078651499,1321.4623442857,2935.8682759524,23258.1263165785,18839.0823164286,55,18,1,45944.4672118676,1200.0000000000,10800.0000000000,6000.0000000000
2025-03-04,q80,加权Q80,47875.0405380051,1241.9698802123,49117.0104182173,77861.7847650571,367.5730792857,4621.2419728571,23203.4628323810,18794.8048942286,24,15,1,47875.0405380051,1200.0000000000,10800.0000000000,6000.0000000000
2025-03-04,saa,两阶段SAA（主方案）,48038.7879392209,1146.7796808106,49185.5676200315,78050.6731126190,351.1904416667,4799.7372426190,23171.9388333333,18769.2704550000,24,15,1,50670.3986366249,1200.0000000000,10800.0000000000,6000.0000000000
2025-03-04,oracle,完美信息Oracle,44684.7633499574,0.0000000000,44684.7633499574,73594.1394757716,0.0000000000,0.0000000000,23129.9028549383,18735.2213125000,0,0,0,44684.7633499574,1200.0000000000,10800.0000000000,6000.0000000000
2025-03-05,static,静态典型日,35126.9485892896,46901.2007513333,82028.1493406230,59482.6989983539,10988.9668000000,400.4672166667,20740.6661316872,16799.9395666667,117,10,1,35126.9485892896,1200.0000000000,10800.0000000000,6000.0000000000
2025-03-05,point,点预测,46660.8238798714,2337.8171272965,48998.6410071679,76331.5632695855,522.6290809524,6284.0857564286,23366.4977760141,18926.8631985714,31,14,1,46660.8238798714,1200.0000000000,10800.0000000000,6000.0000000000
2025-03-05,q80,加权Q80,48472.4055809282,624.7165708311,49097.1221517592,78800.0225813643,147.1845395238,8407.1223540476,23208.4881588095,18798.8754086357,16,10,1,48472.4055809282,1200.0000000000,10800.0000000000,6000.0000000000
2025-03-05,saa,两阶段SAA（主方案）,48728.0053095360,578.7939384463,49306.7992479823,79090.7745180309,136.2713664286,8693.3839952381,23174.6835397619,18771.4936672071,15,10,1,51346.9373052758,1200.0000000000,10800.0000000000,6000.0000000000
2025-03-05,oracle,完美信息Oracle,42698.1976143236,0.0000000000,42698.1976143236,70403.0359234568,0.0000000000,0.0000000000,22487.1784567901,18214.6145500000,0,0,0,42698.1976143236,1200.0000000000,10800.0000000000,6000.0000000000
2025-03-06,static,静态典型日,35126.9485892896,45790.9278769667,80917.8764662563,59482.6989983539,10896.3926166667,497.7109166667,20740.6661316872,16799.9395666667,118,9,1,35126.9485892896,1200.0000000000,10800.0000000000,6000.0000000000
2025-03-06,point,点预测,46504.7190916266,2211.9608493624,48716.6799409889,75966.5194540405,577.1453133333,6174.1281338095,23309.9078959524,18881.0253957214,41,12,1,46504.7190916266,1200.0000000000,10800.0000000000,6000.0000000000
2025-03-06,q80,加权Q80,48279.1446870688,711.7883952987,48990.9330823675,78362.4536608190,204.3361569048,8223.1760914286,23173.4715419048,18770.5119489429,21,11,1,48279.1446870688,1200.0000000000,10800.0000000000,6000.0000000000
2025-03-06,saa,两阶段SAA（主方案）,48385.3531736477,711.7883952987,49097.1415689464,78478.1123503571,204.3361569048,8339.0882466667,23172.1375119048,18769.4313846429,21,11,1,51087.4182288818,1200.0000000000,10800.0000000000,6000.0000000000
2025-03-06,oracle,完美信息Oracle,42563.3582364038,0.0000000000,42563.3582364038,70201.8510946502,0.0000000000,0.0000000000,22427.3524279835,18166.1554666667,0,0,0,42563.3582364038,1200.0000000000,10800.0000000000,6000.0000000000
2025-03-07,static,静态典型日,35126.9485892896,0.0000000000,35126.9485892896,59482.6989983539,0.0000000000,34619.6869000000,20740.6661316872,16799.9395666667,0,0,0,35126.9485892896,1200.0000000000,10800.0000000000,6000.0000000000
2025-03-07,point,点预测,17052.1068417697,2802.4494133436,19854.5562551133,33370.6554660817,728.2308709524,9888.7744766667,17304.3490896531,14016.5227626190,39,13,1,17052.1068417697,1200.0000000000,10800.0000000000,6000.0000000000
2025-03-07,q80,加权Q80,17543.6906027422,761.5280253693,18305.2186281115,33854.2132901264,232.4201164286,9921.9258769048,17065.3789279835,13822.9569316667,19,11,1,17543.6906027422,1200.0000000000,10800.0000000000,6000.0000000000
2025-03-07,saa,两阶段SAA（主方案）,17690.9930840333,419.3655236540,18110.3586076873,34126.6258642122,146.3611400000,10053.2568492416,17354.9716928277,14057.5270711905,14,9,1,19249.0105561147,1200.0000000000,10800.0000000000,6000.0000000000
2025-03-07,oracle,完美信息Oracle,15759.9215155283,0.0000000000,15759.9215155283,30515.5573333333,0.0000000000,6553.2718000000,16000.0000000000,12960.0000000000,0,0,0,15759.9215155283,1200.0000000000,10800.0000000000,6000.0000000000
2025-03-08,static,静态典型日,35126.9485892896,0.0000000000,35126.9485892896,59482.6989983539,0.0000000000,36478.8329166667,20740.6661316872,16799.9395666667,0,0,0,35126.9485892896,1200.0000000000,10800.0000000000,6000.0000000000
2025-03-08,point,点预测,16752.0372496653,996.5631138231,17748.6003634884,32573.2575945826,295.5132133333,10629.9069545238,16714.3386143445,13538.6142776190,26,12,1,16752.0372496653,1200.0000000000,10800.0000000000,6000.0000000000
2025-03-08,q80,加权Q80,17281.2804195699,482.6839305623,17763.9643501322,33094.0004013110,159.7112204762,11062.1989640476,16465.1217951205,13336.7486540476,16,9,1,17281.2804195699,1200.0000000000,10800.0000000000,6000.0000000000
2025-03-08,saa,两阶段SAA（主方案）,17400.7904969695,482.6839305623,17883.4744275317,33347.6467980747,159.7112204762,11264.1579984509,16737.1605443857,13557.1000409524,16,9,1,18773.4860821882,1200.0000000000,10800.0000000000,6000.0000000000
2025-03-08,oracle,完美信息Oracle,15840.0402959483,0.0000000000,15840.0402959483,30849.2470000000,0.0000000000,8746.1074833333,16000.0000000000,12960.0000000000,0,0,0,15840.0402959483,1200.0000000000,10800.0000000000,6000.0000000000
2025-03-09,static,静态典型日,35126.9485892896,38071.2985347000,73198.2471239896,59482.6989983539,8658.0712166667,866.5186000000,20740.6661316872,16799.9395666667,115,9,1,35126.9485892896,1200.0000000000,10800.0000000000,6000.0000000000
2025-03-09,point,点预测,45473.3650733234,1632.8224595828,47106.1875329062,74602.8885008976,359.1863359524,7194.2504626191,23338.4174959524,18904.1181717214,26,11,1,45473.3650733234,1200.0000000000,10800.0000000000,6000.0000000000
2025-03-09,q80,加权Q80,46941.3369038310,842.8736798273,47784.2105836583,76563.2863447929,207.3672254762,9025.0111014286,23221.6706254762,18809.5532066357,12,7,1,46941.3369038310,1200.0000000000,10800.0000000000,6000.0000000000
2025-03-09,saa,两阶段SAA（主方案）,47119.1474179329,842.8736798273,47962.0210977602,76764.6585527667,207.3672254762,9234.6546123810,23178.1374519048,18774.2913360429,12,7,1,49700.2509402281,1200.0000000000,10800.0000000000,6000.0000000000
2025-03-09,oracle,完美信息Oracle,40918.9620478465,0.0000000000,40918.9620478465,67505.1124286008,0.0000000000,0.0000000000,21955.7230452675,17784.1356666667,0,0,0,40918.9620478465,1200.0000000000,10800.0000000000,6000.0000000000
2025-03-10,static,静态典型日,35126.9485892896,51058.6728923250,86185.6214816146,59482.6989983539,12786.8355333333,286.7365166667,20740.6661316872,16799.9395666667,124,13,1,35126.9485892896,1200.0000000000,10800.0000000000,6000.0000000000
2025-03-10,point,点预测,44462.4117063526,7074.9162601998,51537.3279665524,73107.6925902998,2339.0822930952,3015.2949940476,23102.1496807760,18712.7412414286,57,18,1,44462.4117063526,1200.0000000000,10800.0000000000,6000.0000000000
2025-03-10,q80,加权Q80,45721.7653093181,4542.0027989379,50263.7681082560,74907.8391985167,1547.3067566667,3959.2733321429,23441.0588054762,18987.2576324357,34,16,1,45721.7653093181,1200.0000000000,10800.0000000000,6000.0000000000
2025-03-10,saa,两阶段SAA（主方案）,45990.5149779660,4235.6676842633,50226.1826622293,75216.8703179857,1479.8085247619,4215.4168585714,23364.1607061905,18924.9701720143,31,14,1,48540.7051704515,1200.0000000000,10800.0000000000,6000.0000000000
2025-03-10,oracle,完美信息Oracle,43540.5601681521,0.0000000000,43540.5601681521,72193.8935547325,0.0000000000,0.0000000000,21851.6952880658,17699.8731833333,0,0,0,43540.5601681521,1200.0000000000,10800.0000000000,6000.0000000000
2025-03-11,static,静态典型日,35126.9485892896,37798.0393192583,72924.9879085479,59482.6989983539,9067.4604000000,670.5140333333,20740.6661316872,16799.9395666667,108,10,1,35126.9485892896,1200.0000000000,10800.0000000000,6000.0000000000
2025-03-11,point,点预测,44117.6622168171,3407.2138778276,47524.8760946447,72761.3327161200,850.3101673809,5346.0142578572,22772.1569770723,18445.4471514286,40,12,1,44117.6622168171,1200.0000000000,10800.0000000000,6000.0000000000
2025-03-11,q80,加权Q80,45545.4287677399,1507.2423128778,47052.6710806178,74912.7766012316,398.5929314286,6963.8800221429,23203.0037395650,18794.4330290476,27,14,1,45545.4287677399,1200.0000000000,10800.0000000000,6000.0000000000
2025-03-11,saa,两阶段SAA（主方案）,45723.6386309354,1507.2423128778,47230.8809438133,75145.9094745595,398.5929314286,7177.8774671429,23303.7165202381,18876.0103813929,27,14,1,48324.2338512224,1200.0000000000,10800.0000000000,6000.0000000000
2025-03-11,oracle,完美信息Oracle,41108.3398565625,0.0000000000,41108.3398565625,68151.6079442387,0.0000000000,0.0000000000,22172.0481275720,17959.3589833333,0,0,0,41108.3398565625,1200.0000000000,10800.0000000000,6000.0000000000
2025-03-12,static,静态典型日,35126.9485892896,31144.0709453333,66271.0195346230,59482.6989983539,7268.9540333333,375.3917833333,20740.6661316872,16799.9395666667,118,12,1,35126.9485892896,1200.0000000000,10800.0000000000,6000.0000000000
2025-03-12,point,点预测,43722.4553231318,2490.8384340014,46213.2937571332,72094.9619198472,704.6185785714,6106.9039561905,22406.0097836567,18148.8679247619,44,14,1,43722.4553231318,1200.0000000000,10800.0000000000,6000.0000000000
2025-03-12,q80,加权Q80,45139.4771150254,1299.4455462063,46438.9226612318,74193.3653828336,415.5836409524,7843.2721211905,22790.2222066431,18460.0799873810,29,15,1,45139.4771150254,1200.0000000000,10800.0000000000,6000.0000000000
2025-03-12,saa,两阶段SAA（主方案）,45247.9188239836,1299.4455462063,46547.3643701899,74351.6607627601,415.5836409524,7977.8403715214,22915.1018360935,18561.2324872357,29,15,1,47864.9014175183,1200.0000000000,10800.0000000000,6000.0000000000
2025-03-12,oracle,完美信息Oracle,40254.3320975369,0.0000000000,40254.3320975369,66583.0586205761,0.0000000000,0.0000000000,21829.0733539095,17681.5494166667,0,0,0,40254.3320975369,1200.0000000000,10800.0000000000,6000.0000000000
2025-03-13,static,静态典型日,35126.9485892896,50403.9085809833,85530.8571702730,59482.6989983539,12492.1827666667,488.5371833333,20740.6661316872,16799.9395666667,121,10,1,35126.9485892896,1200.0000000000,10800.0000000000,6000.0000000000
2025-03-13,point,点预测,43083.5445298968,14396.3864714538,57479.9310013506,71067.0025627220,3900.9392119048,3203.7752069048,22202.8871108172,17984.3385597619,64,12,1,43083.5445298968,1200.0000000000,10800.0000000000,6000.0000000000
2025-03-13,q80,加权Q80,44314.2393852681,10270.5281818260,54584.7675670941,72851.6690388095,2675.7941390476,3722.9426397619,22415.2764285714,18156.3739071429,51,12,1,44314.2393852681,1200.0000000000,10800.0000000000,6000.0000000000
2025-03-13,saa,两阶段SAA（主方案）,44518.2118522294,9361.6843987288,53879.8962509582,73136.1530644532,2481.7045866667,3803.4990033333,22467.0559532628,18198.3153221429,51,12,1,47106.6646981601,1200.0000000000,10800.0000000000,6000.0000000000
2025-03-13,oracle,完美信息Oracle,43369.9864554323,0.0000000000,43369.9864554323,71714.2313831276,0.0000000000,0.0000000000,21940.0703497942,17771.4569833333,0,0,0,43369.9864554323,1200.0000000000,10800.0000000000,6000.0000000000
2025-03-14,static,静态典型日,35126.9485892896,0.0000000000,35126.9485892896,59482.6989983539,0.0000000000,39512.5464500000,20740.6661316872,16799.9395666667,0,0,0,35126.9485892896,1200.0000000000,10800.0000000000,6000.0000000000
2025-03-14,point,点预测,15992.2306756060,3614.8470233639,19607.0776989699,31301.3900107995,841.2581880952,13041.6563714286,16166.1360217519,13094.5701776190,38,13,1,15992.2306756060,1200.0000000000,10800.0000000000,6000.0000000000
2025-03-14,q80,加权Q80,16520.8643814920,2091.4943997986,18612.3587812905,31794.5471147619,495.9003776190,13221.0215090476,16000.0000000000,12960.0000000000,26,14,1,16520.8643814920,1200.0000000000,10800.0000000000,6000.0000000000
2025-03-14,saa,两阶段SAA（主方案）,16655.9489869767,866.3891559486,17522.3381429253,32022.7871052381,243.9483371429,13197.3094590476,16000.0000000000,12960.0000000000,21,14,1,17474.2198137570,1200.0000000000,10800.0000000000,6000.0000000000
2025-03-14,oracle,完美信息Oracle,15290.5432380750,0.0000000000,15290.5432380750,29797.9694500000,0.0000000000,10728.5434666667,16000.0000000000,12960.0000000000,0,0,0,15290.5432380750,1200.0000000000,10800.0000000000,6000.0000000000
2025-03-15,static,静态典型日,35126.9485892896,5.3464609667,35132.2950502563,59482.6989983539,2.5006833333,34620.3479666667,20740.6661316872,16799.9395666667,1,1,1,35126.9485892896,1200.0000000000,10800.0000000000,6000.0000000000
2025-03-15,point,点预测,15850.4696267910,5487.5433861043,21338.0130128952,30918.2934111905,1683.2927335714,8637.4609947619,16000.0000000000,12960.0000000000,55,13,1,15850.4696267910,1200.0000000000,10800.0000000000,6000.0000000000
2025-03-15,q80,加权Q80,16392.3056247081,3033.3229512229,19425.6285759310,31428.1957335714,915.9469288095,8380.0175123810,16000.0000000000,12960.0000000000,42,14,1,16392.3056247081,1200.0000000000,10800.0000000000,6000.0000000000
2025-03-15,saa,两阶段SAA（主方案）,16506.5058565509,1868.5037965710,18375.0096531219,31634.7013404762,522.3617295238,8191.3447760167,16008.3849683333,12966.7918243500,34,13,1,17194.3337469143,1200.0000000000,10800.0000000000,6000.0000000000
2025-03-15,oracle,完美信息Oracle,15690.0360301800,0.0000000000,15690.0360301800,30580.9688000000,0.0000000000,6616.8436500000,16000.0000000000,12960.0000000000,0,0,0,15690.0360301800,1200.0000000000,10800.0000000000,6000.0000000000
2025-03-16,static,静态典型日,35126.9485892896,35842.1835772750,70969.1321665646,59482.6989983539,8377.9286666667,568.8541666667,20740.6661316872,16799.9395666667,110,13,1,35126.9485892896,1200.0000000000,10800.0000000000,6000.0000000000
2025-03-16,point,点预测,42133.9501289408,4679.0460081827,46812.9961371235,69817.1814043474,1276.0448597619,3563.6222378572,21992.4057522046,17813.8486592857,59,20,1,42133.9501289408,1200.0000000000,10800.0000000000,6000.0000000000
2025-03-16,q80,加权Q80,43993.2672750307,3432.4487844624,47425.7160594931,72584.6398416961,851.3857880952,5880.4127916667,22129.2942357437,17924.7283309524,34,13,1,43993.2672750307,1200.0000000000,10800.0000000000,6000.0000000000
2025-03-16,saa,两阶段SAA（主方案）,44344.0465526404,2967.1533642014,47311.1999168418,73014.7397938036,754.4391661905,6195.5612400000,22224.0567718989,18001.4859852381,34,13,1,46652.2368999625,1200.0000000000,10800.0000000000,6000.0000000000
2025-03-16,oracle,完美信息Oracle,40559.7144586702,0.0000000000,40559.7144586702,67534.6663863416,0.0000000000,0.0000000000,22019.0497526749,17835.4302996667,0,0,0,40559.7144586702,1200.0000000000,10800.0000000000,6000.0000000000
2025-03-17,static,静态典型日,35126.9485892896,18342.4167431417,53469.3653324313,59482.6989983539,4148.4002000000,1832.2412000000,20740.6661316872,16799.9395666667,83,16,1,35126.9485892896,1200.0000000000,10800.0000000000,6000.0000000000
2025-03-17,point,点预测,42018.6655648643,1531.8205346028,43550.4860994671,69765.0099561317,314.8879383333,8051.6613661905,21947.9215523222,17777.8164573810,27,14,1,42018.6655648643,1200.0000000000,10800.0000000000,6000.0000000000
2025-03-17,q80,加权Q80,44011.0073151306,804.6889257107,44815.6962408414,72740.1222552263,201.6731521429,10881.9710142857,22114.1734723692,17912.4805126190,14,10,1,44011.0073151306,1200.0000000000,10800.0000000000,6000.0000000000
2025-03-17,saa,两阶段SAA（主方案）,44191.7369796338,804.6889257107,44996.4259053445,72969.6970285244,201.6731521429,11105.7495683333,22144.6798894768,17937.1907104762,14,10,1,46543.8786824229,1200.0000000000,10800.0000000000,6000.0000000000
2025-03-17,oracle,完美信息Oracle,37256.2496167593,0.0000000000,37256.2496167593,61920.6085323045,0.0000000000,0.0000000000,21381.4584156379,17318.9813166667,0,0,0,37256.2496167593,1200.0000000000,10800.0000000000,6000.0000000000
2025-03-18,static,静态典型日,35126.9485892896,27370.1759348250,62497.1245241146,59482.6989983539,6027.1522166667,443.1662833333,20740.6661316872,16799.9395666667,109,12,1,35126.9485892896,1200.0000000000,10800.0000000000,6000.0000000000
2025-03-18,point,点预测,41032.0275540351,5058.2982591338,46090.3258131689,68323.9424749089,1105.4742890476,4161.8448188095,21797.9662025279,17656.3526240476,40,16,1,41032.0275540351,1200.0000000000,10800.0000000000,6000.0000000000
2025-03-18,q80,加权Q80,42922.2500111778,4049.3116409464,46971.5616521242,71178.1254930688,834.6819745238,6714.2970697619,21960.8001640212,17788.2481328571,32,18,1,42922.2500111778,1200.0000000000,10800.0000000000,6000.0000000000
2025-03-18,saa,两阶段SAA（主方案）,43053.8519428573,3706.7859720106,46760.6379148679,71350.8452761287,769.4945604762,6816.0332195238,21991.3065811287,17812.9583307143,31,19,1,45442.3592564304,1200.0000000000,10800.0000000000,6000.0000000000
2025-03-18,oracle,完美信息Oracle,39284.6704270441,0.0000000000,39284.6704270441,65242.8080002058,0.0000000000,0.0000000000,21667.6296502058,17550.7800166667,0,0,0,39284.6704270441,1200.0000000000,10800.0000000000,6000.0000000000
2025-03-19,static,静态典型日,35126.9485892896,22279.3906555750,57406.3392448646,59482.6989983539,4837.9979333333,914.4999166667,20740.6661316872,16799.9395666667,94,15,1,35126.9485892896,1200.0000000000,10800.0000000000,6000.0000000000
2025-03-19,point,点预测,41016.8229106871,2797.2773023597,43814.1002130469,68216.6391859877,603.6207585714,5226.2207959524,21729.3089400353,17600.7402414286,27,11,1,41016.8229106871,1200.0000000000,10800.0000000000,6000.0000000000
2025-03-19,q80,加权Q80,42606.4715090701,1938.2464904902,44544.7179995604,70671.9085600999,402.9002354762,7459.7293211905,21840.0474967666,17690.4384723810,24,10,1,42606.4715090701,1200.0000000000,10800.0000000000,6000.0000000000
2025-03-19,saa,两阶段SAA（主方案）,43107.2919656806,1190.5570005550,44297.8489662356,71297.4176042122,259.7537054762,7933.7065590476,21884.1805296884,17726.1862290476,22,10,1,45496.6379064744,1200.0000000000,10800.0000000000,6000.0000000000
2025-03-19,oracle,完美信息Oracle,38292.6997536188,0.0000000000,38292.6997536188,63589.1315522634,0.0000000000,0.0000000000,21703.4794855967,17579.8183833333,0,0,0,38292.6997536188,1200.0000000000,10800.0000000000,6000.0000000000
2025-03-20,static,静态典型日,35126.9485892896,31216.6305179583,66343.5791072480,59482.6989983539,7337.6307000000,670.6413166667,20740.6661316872,16799.9395666667,111,11,1,35126.9485892896,1200.0000000000,10800.0000000000,6000.0000000000
2025-03-20,point,点预测,40780.4608725519,4879.5360831713,45659.9969557232,67686.8156968225,1292.5691709524,2627.7111126191,21803.7470446796,17661.0351061905,54,18,1,40780.4608725519,1200.0000000000,10800.0000000000,6000.0000000000
2025-03-20,q80,加权Q80,42371.9508800979,2315.2096708208,44687.1605509187,70071.3052859583,613.9384221429,4323.4993933333,21856.7499900059,17703.9674919048,36,14,1,42371.9508800979,1200.0000000000,10800.0000000000,6000.0000000000
2025-03-20,saa,两阶段SAA（主方案）,42783.5406637567,2232.9374430949,45016.4781068515,70597.5616795032,601.4992823810,4826.4685478571,21913.8452492651,17750.2146519048,35,13,1,45148.4122476514,1200.0000000000,10800.0000000000,6000.0000000000
2025-03-20,oracle,完美信息Oracle,39945.1153837109,0.0000000000,39945.1153837109,66322.0449386831,0.0000000000,0.0000000000,21647.8059053498,17534.7227833333,0,0,0,39945.1153837109,1200.0000000000,10800.0000000000,6000.0000000000
2025-03-21,static,静态典型日,35126.9485892896,0.0000000000,35126.9485892896,59482.6989983539,0.0000000000,43508.5079166667,20740.6661316872,16799.9395666667,0,0,0,35126.9485892896,1200.0000000000,10800.0000000000,6000.0000000000
2025-03-21,point,点预测,15265.0173160077,2714.0068181859,17979.0241341936,29990.8258845238,692.4430142857,15609.8043821429,16000.0000000000,12960.0000000000,41,13,1,15265.0173160077,1200.0000000000,10800.0000000000,6000.0000000000
2025-03-21,q80,加权Q80,15794.0553959852,1637.9984291620,17432.0538251473,30555.8137919048,482.2361121429,15964.5853873810,16000.0000000000,12960.0000000000,32,13,1,15794.0553959852,1200.0000000000,10800.0000000000,6000.0000000000
2025-03-21,saa,两阶段SAA（主方案）,15925.4167304778,1300.4115604119,17225.8282908897,30774.9605595238,416.7392064286,16118.2352492857,16000.0000000000,12960.0000000000,30,13,1,16647.4626871925,1200.0000000000,10800.0000000000,6000.0000000000
2025-03-21,oracle,完美信息Oracle,14859.5755268667,0.0000000000,14859.5755268667,29342.2832833333,0.0000000000,14268.8187666667,16000.0000000000,12960.0000000000,0,0,0,14859.5755268667,1200.0000000000,10800.0000000000,6000.0000000000
2025-03-22,static,静态典型日,35126.9485892896,15.2133309667,35142.1619202563,59482.6989983539,7.1156833333,39667.8883833333,20740.6661316872,16799.9395666667,1,1,1,35126.9485892896,1200.0000000000,10800.0000000000,6000.0000000000
2025-03-22,point,点预测,15349.3347868006,4565.8029343459,19915.1377211466,30066.2888709524,1222.6416614286,12367.7307990476,16000.0000000000,12960.0000000000,46,16,1,15349.3347868006,1200.0000000000,10800.0000000000,6000.0000000000
2025-03-22,q80,加权Q80,15930.3853053189,2997.9209354277,18928.3062407466,30694.3522223809,801.8489207143,12575.0014097619,16000.0000000000,12960.0000000000,36,13,1,15930.3853053189,1200.0000000000,10800.0000000000,6000.0000000000
2025-03-22,saa,两阶段SAA（主方案）,16036.6762335501,667.8301157930,16704.5063493431,30902.7162630952,265.0764164286,12246.5929461905,16000.0000000000,12960.0000000000,18,7,1,16743.7776611735,1200.0000000000,10800.0000000000,6000.0000000000
2025-03-22,oracle,完美信息Oracle,14721.5085691200,0.0000000000,14721.5085691200,29118.4644333333,0.0000000000,10197.2647000000,16000.0000000000,12960.0000000000,0,0,0,14721.5085691200,1200.0000000000,10800.0000000000,6000.0000000000
2025-03-23,static,静态典型日,35126.9485892896,21219.0234802000,56345.9720694896,59482.6989983539,4898.8582666667,1671.1105833333,20740.6661316872,16799.9395666667,91,12,1,35126.9485892896,1200.0000000000,10800.0000000000,6000.0000000000
2025-03-23,point,点预测,39111.6799555500,6031.0808676446,45142.7608231947,65087.4862742064,1608.8490828571,3817.1188766667,21628.9282301587,17519.4318664286,58,18,1,39111.6799555500,1200.0000000000,10800.0000000000,6000.0000000000
2025-03-23,q80,加权Q80,40549.8009148535,3919.5005948624,44469.3015097159,67207.7468265226,1067.3691711905,5379.1018859524,21717.3368162845,17591.0428211905,45,19,1,40549.8009148535,1200.0000000000,10800.0000000000,6000.0000000000
2025-03-23,saa,两阶段SAA（主方案）,40903.4998847772,3199.7313743504,44103.2312591276,67782.3954516402,902.5563907143,5782.4824914286,21751.3117592593,17618.5625250000,41,18,1,43229.4386856306,1200.0000000000,10800.0000000000,6000.0000000000
2025-03-23,oracle,完美信息Oracle,37602.7797475401,0.0000000000,37602.7797475401,62823.9655829218,0.0000000000,0.0000000000,21338.1340329218,17283.8885666667,0,0,0,37602.7797475401,1200.0000000000,10800.0000000000,6000.0000000000
2025-03-24,static,静态典型日,35126.9485892896,17494.2822819417,52621.2308712313,59482.6989983539,3908.5422833333,1452.0176333333,20740.6661316872,16799.9395666667,86,16,1,35126.9485892896,1200.0000000000,10800.0000000000,6000.0000000000
2025-03-24,point,点预测,38671.3212215939,3854.8655563170,42526.1867779109,64371.6641323163,1079.2259038095,3366.5280111905,21504.5523242210,17418.6873826190,45,18,1,38671.3212215939,1200.0000000000,10800.0000000000,6000.0000000000
2025-03-24,q80,加权Q80,40083.8790686429,3277.5555491550,43361.4346177979,66442.8502960464,896.1007357143,5247.0927845238,21544.0061258083,17450.6449619048,39,15,1,40083.8790686429,1200.0000000000,10800.0000000000,6000.0000000000
2025-03-24,saa,两阶段SAA（主方案）,40469.4371642778,2776.2267424269,43245.6639067047,67080.4040724691,795.0030847619,5775.6342907143,21585.6620167548,17484.3862335714,38,15,1,42471.0814409188,1200.0000000000,10800.0000000000,6000.0000000000
2025-03-24,oracle,完美信息Oracle,37322.6574149389,0.0000000000,37322.6574149389,62125.4742407407,0.0000000000,0.0000000000,21720.9324074074,17593.9552500000,0,0,0,37322.6574149389,1200.0000000000,10800.0000000000,6000.0000000000
2025-03-25,static,静态典型日,35126.9485892896,26674.5479475583,61801.4965368480,59482.6989983539,6306.3630833333,898.2108000000,20740.6661316872,16799.9395666667,109,14,1,35126.9485892896,1200.0000000000,10800.0000000000,6000.0000000000
2025-03-25,point,点预测,38516.3695433146,10033.3953664882,48549.7649098028,64212.3645232510,2697.5446223809,1864.9790995238,21551.6069970605,17456.8016676190,79,21,1,38516.3695433146,1200.0000000000,10800.0000000000,6000.0000000000
2025-03-25,q80,加权Q80,39655.7060029405,7606.6948422516,47262.4008451921,65888.3021952499,2052.5436676190,2878.8761133333,21641.2896466784,17529.4446138095,55,19,1,39655.7060029405,1200.0000000000,10800.0000000000,6000.0000000000
2025-03-25,saa,两阶段SAA（主方案）,40161.7607361289,6438.4969866508,46600.2577227797,66722.4830112581,1797.5338707143,3451.8206966667,21674.0603612581,17555.9888926190,53,18,1,42111.8596598775,1200.0000000000,10800.0000000000,6000.0000000000
2025-03-25,oracle,完美信息Oracle,39028.2746422792,0.0000000000,39028.2746422792,65038.5428831276,0.0000000000,0.0000000000,21517.9903497942,17429.5721833333,0,0,0,39028.2746422792,1200.0000000000,10800.0000000000,6000.0000000000
2025-03-26,static,静态典型日,35126.9485892896,13247.6514891500,48374.6000784396,59482.6989983539,2889.9214666667,2839.3390333333,20740.6661316872,16799.9395666667,74,14,1,35126.9485892896,1200.0000000000,10800.0000000000,6000.0000000000
2025-03-26,point,点预测,38523.3049121010,2265.5688834780,40788.8737955789,64252.3962645855,638.6705607143,5202.9894438095,21555.3816569665,17459.8591421429,41,17,1,38523.3049121010,1200.0000000000,10800.0000000000,6000.0000000000
2025-03-26,q80,加权Q80,39938.1007896193,992.2031602515,40930.3039498709,66406.2587854879,291.3969771429,6995.2632900000,21630.7242419165,17520.8866359524,24,12,1,39938.1007896193,1200.0000000000,10800.0000000000,6000.0000000000
2025-03-26,saa,两阶段SAA（主方案）,40418.3931656062,715.0064003643,41133.3995659705,67233.6377564962,233.1696164286,7758.1884645238,21663.4949564962,17547.4309147619,22,12,1,42355.6692046063,1200.0000000000,10800.0000000000,6000.0000000000
2025-03-26,oracle,完美信息Oracle,35825.8910561167,0.0000000000,35825.8910561167,59645.8882000000,0.0000000000,0.0000000000,21333.3333333333,17280.0000000000,0,0,0,35825.8910561167,1200.0000000000,10800.0000000000,6000.0000000000
2025-03-27,static,静态典型日,35126.9485892896,20046.0156197667,55172.9642090563,59482.6989983539,4564.0598833333,1389.0429166667,20740.6661316872,16799.9395666667,103,14,1,35126.9485892896,1200.0000000000,10800.0000000000,6000.0000000000
2025-03-27,point,点预测,38274.2706094492,6729.1831432919,45003.4537527411,63693.5217564786,1749.7651176190,2634.0852530953,21537.9590579071,17445.7468369048,60,15,1,38274.2706094492,1200.0000000000,10800.0000000000,6000.0000000000
2025-03-27,q80,加权Q80,39636.8392696922,4039.2429218853,43676.0821915775,65794.6400998501,1045.1690904762,4015.8294495238,21615.7386358025,17508.7482950000,41,14,1,39636.8392696922,1200.0000000000,10800.0000000000,6000.0000000000
2025-03-27,saa,两阶段SAA（主方案）,40115.8401318219,2648.6738383007,42764.5139701226,66619.0209510964,741.5739109524,4530.3886854762,21648.5093503821,17535.2925738095,33,11,1,42027.4747804059,1200.0000000000,10800.0000000000,6000.0000000000
2025-03-27,oracle,完美信息Oracle,37579.5665149770,0.0000000000,37579.5665149770,62782.3638308642,0.0000000000,0.0000000000,21396.7075308642,17331.3331000000,0,0,0,37579.5665149770,1200.0000000000,10800.0000000000,6000.0000000000
2025-03-28,static,静态典型日,35126.9485892896,0.0000000000,35126.9485892896,59482.6989983539,0.0000000000,44720.0916666667,20740.6661316872,16799.9395666667,0,0,0,35126.9485892896,1200.0000000000,10800.0000000000,6000.0000000000
2025-03-28,point,点预测,14606.4454211148,2499.2401852951,17105.6856064099,28972.5859623810,711.3402747619,15822.0454704762,16000.0000000000,12960.0000000000,38,12,1,14606.4454211148,1200.0000000000,10800.0000000000,6000.0000000000
2025-03-28,q80,加权Q80,15236.6615643977,1770.4313535962,17007.0929179939,29873.9177292857,479.5964597619,16491.6334223809,16000.0000000000,12960.0000000000,23,11,1,15236.6615643977,1200.0000000000,10800.0000000000,6000.0000000000
2025-03-28,saa,两阶段SAA（主方案）,15379.8129622854,1438.0727069099,16817.8856691953,30100.8666235714,397.9269688095,16636.9128257143,16000.0000000000,12960.0000000000,21,10,1,16089.0350815665,1200.0000000000,10800.0000000000,6000.0000000000
2025-03-28,oracle,完美信息Oracle,14324.3348639133,0.0000000000,14324.3348639133,28590.5542500000,0.0000000000,14728.6734833333,16000.0000000000,12960.0000000000,0,0,0,14324.3348639133,1200.0000000000,10800.0000000000,6000.0000000000
2025-03-29,static,静态典型日,35126.9485892896,0.0000000000,35126.9485892896,59482.6989983539,0.0000000000,47834.7632500000,20740.6661316872,16799.9395666667,0,0,0,35126.9485892896,1200.0000000000,10800.0000000000,6000.0000000000
2025-03-29,point,点预测,14642.4171972389,2293.5473083678,16935.9645056068,29048.9084466667,577.0560307143,18878.7552940476,16000.0000000000,12960.0000000000,41,17,1,14642.4171972389,1200.0000000000,10800.0000000000,6000.0000000000
2025-03-29,q80,加权Q80,15318.2028839483,979.2122790099,16297.4151629582,30042.2987916667,265.0963740476,19560.1859823809,16000.0000000000,12960.0000000000,24,14,1,15318.2028839483,1200.0000000000,10800.0000000000,6000.0000000000
2025-03-29,saa,两阶段SAA（主方案）,15444.2961620892,837.8041008132,16282.1002629024,30290.5818111905,235.3557335714,19778.7283614286,16000.0000000000,12960.0000000000,22,14,1,16179.1588716078,1200.0000000000,10800.0000000000,6000.0000000000
2025-03-29,oracle,完美信息Oracle,14549.7438588567,0.0000000000,14549.7438588567,28764.3740666667,0.0000000000,18017.1648833333,16000.0000000000,12960.0000000000,0,0,0,14549.7438588567,1200.0000000000,10800.0000000000,6000.0000000000
2025-03-30,static,静态典型日,35126.9485892896,11723.0042833583,46849.9528726480,59482.6989983539,2643.1709000000,2839.5236333333,20740.6661316872,16799.9395666667,74,15,1,35126.9485892896,1200.0000000000,10800.0000000000,6000.0000000000
2025-03-30,point,点预测,36910.6424302388,5189.4347445012,42100.0771747399,61546.8917626602,1322.7610350000,3460.0774069048,21389.2404776602,17325.2847869048,49,18,1,36910.6424302388,1200.0000000000,10800.0000000000,6000.0000000000
2025-03-30,q80,加权Q80,38435.4242824226,3523.9665836399,41959.3908660625,63937.8385833568,892.6652654762,5419.1002723810,21398.8625076426,17333.0786311905,33,13,1,38435.4242824226,1200.0000000000,10800.0000000000,6000.0000000000
2025-03-30,saa,两阶段SAA（主方案）,38860.6599113444,2933.5034496668,41794.1633610112,64729.3692507290,773.1902997619,6085.0418028571,21431.0423559671,17359.1443083333,30,12,1,40676.0763960780,1200.0000000000,10800.0000000000,6000.0000000000
2025-03-30,oracle,完美信息Oracle,35453.3039804128,0.0000000000,35453.3039804128,59444.9587419753,0.0000000000,0.0000000000,21575.4686419753,17476.1296000000,0,0,0,35453.3039804128,1200.0000000000,10800.0000000000,6000.0000000000
2025-03-31,static,静态典型日,35126.9485892896,14380.2390649500,49507.1876542396,59482.6989983539,3369.7674000000,1960.3503500000,20740.6661316872,16799.9395666667,75,19,1,35126.9485892896,1200.0000000000,10800.0000000000,6000.0000000000
2025-03-31,point,点预测,36482.6801927154,11965.5284927015,48448.2086854169,60871.2523682951,3078.5166083333,2931.5637069048,21404.2936125808,17337.4778261905,61,15,1,36482.6801927154,1200.0000000000,10800.0000000000,6000.0000000000
2025-03-31,q80,加权Q80,37955.4766206033,8396.8900036226,46352.3666242259,63267.2513108760,2104.7458373810,4337.4075147619,21490.5271061141,17407.3269559524,45,15,1,37955.4766206033,1200.0000000000,10800.0000000000,6000.0000000000
2025-03-31,saa,两阶段SAA（主方案）,38426.2459082687,6738.0028064658,45164.2487147346,64095.6180567901,1728.1393735714,4782.4426123810,21525.9228139330,17435.9974792857,42,15,1,40310.1679163937,1200.0000000000,10800.0000000000,6000.0000000000
2025-03-31,oracle,完美信息Oracle,36378.7713916103,0.0000000000,36378.7713916103,60835.7019716049,0.0000000000,0.0000000000,20443.7499382716,16559.4374500000,0,0,0,36378.7713916103,1200.0000000000,10800.0000000000,6000.0000000000
2025-04-01,static,静态典型日,35126.9485892896,20504.7191412083,55631.6677304980,59482.6989983539,5790.2032500000,1123.3241666667,20740.6661316872,16799.9395666667,100,12,1,35126.9485892896,1200.0000000000,10800.0000000000,6000.0000000000
2025-04-01,point,点预测,36374.1706281004,17071.6945574260,53445.8651855265,60821.2947571870,5374.5652402381,1918.9578611905,21410.7927345679,17342.7421150000,87,20,1,36374.1706281004,1200.0000000000,10800.0000000000,6000.0000000000
2025-04-01,q80,加权Q80,37979.3331446430,10515.0969246307,48494.4300692737,63463.3191797060,3592.0926173810,2752.9945964286,21545.0825473251,17451.5168633333,63,20,1,37979.3331446430,1200.0000000000,10800.0000000000,6000.0000000000
2025-04-01,saa,两阶段SAA（主方案）,38488.5201325979,8878.6007313152,47367.1208639131,64380.3984629042,3230.6137980952,3303.7874104762,21570.3859676661,17472.0126338095,59,21,1,40429.5360401699,1200.0000000000,10800.0000000000,6000.0000000000
2025-04-01,oracle,完美信息Oracle,37969.6231816637,0.0000000000,37969.6231816637,64105.8706771605,0.0000000000,0.0000000000,20510.6271604938,16613.6080000000,0,0,0,37969.6231816637,1200.0000000000,10800.0000000000,6000.0000000000
2025-04-02,static,静态典型日,35126.9485892896,27214.8160001167,62341.7645894063,59482.6989983539,6573.1298833333,1679.7669166667,20740.6661316872,16799.9395666667,93,10,1,35126.9485892896,1200.0000000000,10800.0000000000,6000.0000000000
2025-04-02,point,点预测,36236.0002227800,21905.9739751526,58141.9741979325,60698.0337678718,5638.7148773809,1848.0192116667,21333.6528083480,17280.2587747619,86,15,1,36236.0002227800,1200.0000000000,10800.0000000000,6000.0000000000
2025-04-02,q80,加权Q80,38224.1893994686,15072.3403940227,53296.5297934914,64145.2586432687,3631.1936964286,3246.1613938095,21552.3976099353,17457.4420640476,63,12,1,38224.1893994686,1200.0000000000,10800.0000000000,6000.0000000000
2025-04-02,saa,两阶段SAA（主方案）,38596.2844034033,13373.5205624272,51969.8049658304,64796.3694790182,3290.1595088360,3576.1330569048,21447.6870049971,17372.6264740476,63,12,1,40728.4860130172,1200.0000000000,10800.0000000000,6000.0000000000
2025-04-02,oracle,完美信息Oracle,38224.9488573850,0.0000000000,38224.9488573850,64488.6687333333,0.0000000000,0.0000000000,21333.3333333333,17280.0000000000,0,0,0,38224.9488573850,1200.0000000000,10800.0000000000,6000.0000000000
2025-04-03,static,静态典型日,35126.9485892896,12974.8780477417,48101.8266370313,59482.6989983539,2891.0990333333,2569.5412000000,20740.6661316872,16799.9395666667,87,16,1,35126.9485892896,1200.0000000000,10800.0000000000,6000.0000000000
2025-04-03,point,点预测,36707.4401866009,6084.7938754698,42792.2340620707,61563.1170189183,1464.2865480952,3091.1947178572,21435.1504341564,17362.4718516667,67,21,1,36707.4401866009,1200.0000000000,10800.0000000000,6000.0000000000
2025-04-03,q80,加权Q80,39126.8317487009,2857.2794339335,41984.1111826344,65699.4993219871,666.3188807143,6390.7591311905,21639.6252886537,17528.0964838095,35,19,1,39126.8317487009,1200.0000000000,10800.0000000000,6000.0000000000
2025-04-03,saa,两阶段SAA（主方案）,39677.3344910822,2023.3491259087,41700.6836169909,66548.5036341652,502.9159428571,7075.7505535714,21642.8355620223,17530.6968052381,31,18,1,42009.4707830238,1200.0000000000,10800.0000000000,6000.0000000000
2025-04-03,oracle,完美信息Oracle,35928.4481860448,0.0000000000,35928.4481860448,59938.6467012346,0.0000000000,0.0000000000,21447.9812345679,17372.8648000000,0,0,0,35928.4481860448,1200.0000000000,10800.0000000000,6000.0000000000
2025-04-04,static,静态典型日,35126.9485892896,0.0000000000,35126.9485892896,59482.6989983539,0.0000000000,49111.1701833333,20740.6661316872,16799.9395666667,0,0,0,35126.9485892896,1200.0000000000,10800.0000000000,6000.0000000000
2025-04-04,point,点预测,14132.8637675784,2061.9391788914,16194.8029464698,28195.2396245238,604.5706357143,19329.0080102381,16000.0000000000,12960.0000000000,38,14,1,14132.8637675784,1200.0000000000,10800.0000000000,6000.0000000000
2025-04-04,q80,加权Q80,14950.7347297465,918.5108759225,15869.2456056690,29525.7648669048,228.0733357143,20283.0359526190,16000.0000000000,12960.0000000000,17,10,1,14950.7347297465,1200.0000000000,10800.0000000000,6000.0000000000
2025-04-04,saa,两阶段SAA（主方案）,15036.2550413501,664.8040466846,15701.0590880348,29680.6830102381,174.7584038095,20384.6391640476,16000.0000000000,12960.0000000000,17,10,1,15706.6956385117,1200.0000000000,10800.0000000000,6000.0000000000
2025-04-04,oracle,完美信息Oracle,13643.6163726317,0.0000000000,13643.6163726317,27599.0742666667,0.0000000000,18128.2720166667,16000.0000000000,12960.0000000000,0,0,0,13643.6163726317,1200.0000000000,10800.0000000000,6000.0000000000
2025-04-05,static,静态典型日,35126.9485892896,0.0000000000,35126.9485892896,59482.6989983539,0.0000000000,43497.8574500000,20740.6661316872,16799.9395666667,0,0,0,35126.9485892896,1200.0000000000,10800.0000000000,6000.0000000000
2025-04-05,point,点预测,14191.5043096245,8163.7514504882,22355.2557601127,28350.7223785714,2087.2664207143,15353.8738159524,16000.0000000000,12960.0000000000,60,15,1,14191.5043096245,1200.0000000000,10800.0000000000,6000.0000000000
2025-04-05,q80,加权Q80,15012.9507089165,4654.3318590896,19667.2825680062,29661.2186792857,1158.9998002381,15736.1034961905,16000.0000000000,12960.0000000000,38,12,1,15012.9507089165,1200.0000000000,10800.0000000000,6000.0000000000
2025-04-05,saa,两阶段SAA（主方案）,15105.4625799168,2069.1793455076,17174.6419254244,29829.7764795238,561.1878426190,15306.8493388095,16000.0000000000,12960.0000000000,28,12,1,15752.9105681575,1200.0000000000,10800.0000000000,6000.0000000000
2025-04-05,oracle,完美信息Oracle,13996.0479443783,0.0000000000,13996.0479443783,28008.2766500000,0.0000000000,12924.1616666667,16000.0000000000,12960.0000000000,0,0,0,13996.0479443783,1200.0000000000,10800.0000000000,6000.0000000000
2025-04-06,static,静态典型日,35126.9485892896,6982.5527284500,42109.5013177396,59482.6989983539,1624.2116833333,2756.1078500000,20740.6661316872,16799.9395666667,64,14,1,35126.9485892896,1200.0000000000,10800.0000000000,6000.0000000000
2025-04-06,point,点预测,36264.4944602104,3215.9852036849,39480.4796638952,61094.4756899559,815.2261426190,3438.4737997619,21374.4829797178,17313.3312135714,52,15,1,36264.4944602104,1200.0000000000,10800.0000000000,6000.0000000000
2025-04-06,q80,加权Q80,38608.8520955652,864.6541449276,39473.5062404929,65005.4506212111,211.0290592857,6697.4724500000,21625.9524412111,17517.0214773809,17,13,1,38608.8520955652,1200.0000000000,10800.0000000000,6000.0000000000
2025-04-06,saa,两阶段SAA（主方案）,39010.9343952377,669.5744527907,39680.5088480284,65620.4065487860,177.6396350000,7268.9459128571,21679.0737066432,17560.0497023809,16,12,1,41393.6640394142,1200.0000000000,10800.0000000000,6000.0000000000
2025-04-06,oracle,完美信息Oracle,34860.3783727997,0.0000000000,34860.3783727997,58379.0500652263,0.0000000000,0.0000000000,20889.3357818930,16920.3619833333,0,0,0,34860.3783727997,1200.0000000000,10800.0000000000,6000.0000000000
2025-04-07,static,静态典型日,35126.9485892896,6206.5437884417,41333.4923777313,59482.6989983539,1654.2284166667,3953.4815666667,20740.6661316872,16799.9395666667,73,15,1,35126.9485892896,1200.0000000000,10800.0000000000,6000.0000000000
2025-04-07,point,点预测,35939.1659551407,4820.2679558984,40759.4339110391,60535.0091191358,1435.5013876190,4710.2414373810,21144.9988738977,17127.4490878571,59,14,1,35939.1659551407,1200.0000000000,10800.0000000000,6000.0000000000
2025-04-07,q80,加权Q80,38155.5881016299,1084.5534573086,39240.1415589384,64359.8599400911,363.9857947619,7382.1264938095,21573.6839879483,17474.6840302381,23,12,1,38155.5881016299,1200.0000000000,10800.0000000000,6000.0000000000
2025-04-07,saa,两阶段SAA（主方案）,38495.4747720117,1023.2024916576,39518.6772636693,64924.5735020929,349.6220595238,7927.2589111905,21601.1440373310,17496.9266702381,23,12,1,40878.0004282578,1200.0000000000,10800.0000000000,6000.0000000000
2025-04-07,oracle,完美信息Oracle,33967.3022491765,0.0000000000,33967.3022491765,57177.7626160494,0.0000000000,0.0000000000,20710.7543827160,16775.7110500000,0,0,0,33967.3022491765,1200.0000000000,10800.0000000000,6000.0000000000
2025-04-08,static,静态典型日,35126.9485892896,10951.9622097417,46078.9107990313,59482.6989983539,2364.6988833333,3553.4777000000,20740.6661316872,16799.9395666667,73,15,1,35126.9485892896,1200.0000000000,10800.0000000000,6000.0000000000
2025-04-08,point,点预测,35906.8326293449,6343.2170775916,42250.0497069365,60427.8943745738,1458.0983226190,3513.8008850000,21152.6220817166,17133.6238861905,71,21,1,35906.8326293449,1200.0000000000,10800.0000000000,6000.0000000000
2025-04-08,q80,加权Q80,38140.4217248086,3236.7204243195,41377.1421491282,64343.7719212316,695.8007323810,6583.4066200000,21594.5916681364,17491.6192511905,39,14,1,38140.4217248086,1200.0000000000,10800.0000000000,6000.0000000000
2025-04-08,saa,两阶段SAA（主方案）,38510.6117878020,3050.8366777826,41561.4484655846,64979.7699772810,661.2861800000,7179.6727142857,21622.0517175191,17513.8618911905,37,13,1,40754.0275154275,1200.0000000000,10800.0000000000,6000.0000000000
2025-04-08,oracle,完美信息Oracle,35145.4395078192,0.0000000000,35145.4395078192,58406.6251049383,0.0000000000,0.0000000000,21333.8499382716,17280.4184500000,0,0,0,35145.4395078192,1200.0000000000,10800.0000000000,6000.0000000000
2025-04-09,static,静态典型日,35126.9485892896,16641.1948688083,51768.1434580980,59482.6989983539,4327.3445833333,735.0060000000,20740.6661316872,16799.9395666667,109,16,1,35126.9485892896,1200.0000000000,10800.0000000000,6000.0000000000
2025-04-09,point,点预测,35487.3339211759,17155.2595629722,52642.5934841481,59606.0380017696,4741.4562954762,1185.9105750000,21196.1721346267,17168.8994290476,90,16,1,35487.3339211759,1200.0000000000,10800.0000000000,6000.0000000000
2025-04-09,q80,加权Q80,37748.5618965225,8300.1583013098,46048.7201978323,63473.2268745003,2359.0327695238,2611.7391295238,21506.3657780717,17420.1562802381,52,16,1,37748.5618965225,1200.0000000000,10800.0000000000,6000.0000000000
2025-04-09,saa,两阶段SAA（主方案）,38116.5829494963,6844.7649701119,44961.3479196082,64115.2355317784,2056.5222647619,2943.7270328571,21545.8934053498,17452.1736583333,44,16,1,40354.8771156315,1200.0000000000,10800.0000000000,6000.0000000000
2025-04-09,oracle,完美信息Oracle,37247.0575665226,0.0000000000,37247.0575665226,63187.4875179012,0.0000000000,0.0000000000,21332.5079012346,17279.3314000000,0,0,0,37247.0575665226,1200.0000000000,10800.0000000000,6000.0000000000
2025-04-10,static,静态典型日,35126.9485892896,10828.5376673250,45955.4862566146,59482.6989983539,2450.0578500000,3531.3923833333,20740.6661316872,16799.9395666667,76,14,1,35126.9485892896,1200.0000000000,10800.0000000000,6000.0000000000
2025-04-10,point,点预测,35537.3009185339,8080.4807169056,43617.7816354394,59547.3479515109,1860.3448766667,2956.1603759524,21004.7081696061,17013.8136173810,70,20,1,35537.3009185339,1200.0000000000,10800.0000000000,6000.0000000000
2025-04-10,q80,加权Q80,38103.5897007483,4023.5745111138,42127.1642118622,64146.8380719136,881.0200192857,6457.5814871429,21629.6773897707,17520.0386857143,32,15,1,38103.5897007483,1200.0000000000,10800.0000000000,6000.0000000000
2025-04-10,saa,两阶段SAA（主方案）,38565.5181890609,3268.1908204592,41833.7090095201,64970.7074995062,725.0220452381,7112.1060202381,21699.9243395062,17576.9387150000,30,16,1,40651.3918761737,1200.0000000000,10800.0000000000,6000.0000000000
2025-04-10,oracle,完美信息Oracle,35110.7319438971,0.0000000000,35110.7319438971,58434.6660425926,0.0000000000,0.0000000000,20915.9375925926,16941.9094500000,0,0,0,35110.7319438971,1200.0000000000,10800.0000000000,6000.0000000000
2025-04-11,static,静态典型日,35126.9485892896,0.0000000000,35126.9485892896,59482.6989983539,0.0000000000,50225.3222666667,20740.6661316872,16799.9395666667,0,0,0,35126.9485892896,1200.0000000000,10800.0000000000,6000.0000000000
2025-04-11,point,点预测,13635.3635758913,3109.5485428465,16744.9121187378,27525.0587511905,882.8727076190,20051.2812921429,16000.0000000000,12960.0000000000,48,12,1,13635.3635758913,1200.0000000000,10800.0000000000,6000.0000000000
2025-04-11,q80,加权Q80,14495.3282301952,1683.8261680123,16179.1543982075,28944.9953954762,418.2376033333,21006.5828321429,16000.0000000000,12960.0000000000,28,11,1,14495.3282301952,1200.0000000000,10800.0000000000,6000.0000000000
2025-04-11,saa,两阶段SAA（主方案）,14608.7381628387,1465.5339866533,16074.2721494920,29119.5813904762,376.6620485714,21139.5932723809,16000.0000000000,12960.0000000000,27,11,1,15303.5849752119,1200.0000000000,10800.0000000000,6000.0000000000
2025-04-11,oracle,完美信息Oracle,13453.5100446550,0.0000000000,13453.5100446550,27351.0189000000,0.0000000000,18994.3687333333,16000.0000000000,12960.0000000000,0,0,0,13453.5100446550,1200.0000000000,10800.0000000000,6000.0000000000
2025-04-12,static,静态典型日,35126.9485892896,0.0000000000,35126.9485892896,59482.6989983539,0.0000000000,46516.8118833333,20740.6661316872,16799.9395666667,0,0,0,35126.9485892896,1200.0000000000,10800.0000000000,6000.0000000000
2025-04-12,point,点预测,13778.5363637041,4218.8294052192,17997.3657689232,27770.4107678571,1079.6445664286,16784.8947842857,16000.0000000000,12960.0000000000,40,15,1,13778.5363637041,1200.0000000000,10800.0000000000,6000.0000000000
2025-04-12,q80,加权Q80,14662.9128648503,1334.7972961421,15997.7101609924,29239.6027152381,389.0046969048,17563.4468621429,16000.0000000000,12960.0000000000,14,7,1,14662.9128648503,1200.0000000000,10800.0000000000,6000.0000000000
2025-04-12,saa,两阶段SAA（主方案）,14772.9145239132,687.4615994510,15460.3761233642,29409.5298221429,171.6410059524,17516.0102780952,16000.0000000000,12960.0000000000,9,5,1,15499.4468092705,1200.0000000000,10800.0000000000,6000.0000000000
2025-04-12,oracle,完美信息Oracle,13223.5686528350,0.0000000000,13223.5686528350,26760.8293000000,0.0000000000,14695.6687500000,16000.0000000000,12960.0000000000,0,0,0,13223.5686528350,1200.0000000000,10800.0000000000,6000.0000000000
2025-04-13,static,静态典型日,35126.9485892896,7357.7372865583,42484.6858758480,59482.6989983539,1712.4503666667,2978.0643166667,20740.6661316872,16799.9395666667,70,19,1,35126.9485892896,1200.0000000000,10800.0000000000,6000.0000000000
2025-04-13,point,点预测,34826.4066972055,7973.9799138294,42800.3866110349,58469.2080624398,1974.8394495238,2270.1663180952,20513.2774238683,16615.7547133333,73,21,1,34826.4066972055,1200.0000000000,10800.0000000000,6000.0000000000
2025-04-13,q80,加权Q80,37347.9447127531,1953.3673426373,39301.3120553904,63041.0225937096,426.3837088095,5181.4442790476,21103.1765270429,17093.5729869048,32,15,1,37347.9447127531,1200.0000000000,10800.0000000000,6000.0000000000
2025-04-13,saa,两阶段SAA（主方案）,37900.0957476201,1517.8280667439,39417.9238143640,64128.9736800823,333.7958588095,6084.9334904762,21586.7240267490,17485.2464616667,25,12,1,39900.2897678246,1200.0000000000,10800.0000000000,6000.0000000000
2025-04-13,oracle,完美信息Oracle,34633.1400757039,0.0000000000,34633.1400757039,58147.8809104938,0.0000000000,0.0000000000,20376.4338271605,16504.9114000000,0,0,0,34633.1400757039,1200.0000000000,10800.0000000000,6000.0000000000
2025-04-14,static,静态典型日,35126.9485892896,5147.5354572000,40274.4840464896,59482.6989983539,1363.3987000000,4377.3393333333,20740.6661316872,16799.9395666667,57,13,1,35126.9485892896,1200.0000000000,10800.0000000000,6000.0000000000
2025-04-14,point,点预测,34443.5147039991,5246.2686026513,39689.7833066503,57946.8996378366,1438.3174000000,3008.0299421429,20258.7120825985,16409.5567869048,66,22,1,34443.5147039991,1200.0000000000,10800.0000000000,6000.0000000000
2025-04-14,q80,加权Q80,36923.8045137295,1798.3424602721,38722.1469740017,62425.1015797825,451.8951492857,6383.7710235714,20869.4416078777,16904.2477023810,27,15,1,36923.8045137295,1200.0000000000,10800.0000000000,6000.0000000000
2025-04-14,saa,两阶段SAA（主方案）,37456.2515529433,1623.4309688634,39079.6825218067,63465.1095671811,412.7524242857,7309.8729926190,21262.9326255144,17222.9754266667,25,13,1,39448.7151248234,1200.0000000000,10800.0000000000,6000.0000000000
2025-04-14,oracle,完美信息Oracle,33325.5881396926,0.0000000000,33325.5881396926,56471.8242845000,0.0000000000,0.0000000000,20756.8025500000,16813.0100655000,0,0,0,33325.5881396926,1200.0000000000,10800.0000000000,6000.0000000000
2025-04-15,static,静态典型日,35126.9485892896,5479.4239285833,40606.3725178730,59482.6989983539,1209.9861500000,6612.5297500000,20740.6661316872,16799.9395666667,50,13,1,35126.9485892896,1200.0000000000,10800.0000000000,6000.0000000000
2025-04-15,point,点预测,34789.9978072833,6153.3763965285,40943.3742038119,58361.0440588272,1390.5940702381,5748.4901052381,20335.3641604938,16471.6449700000,45,15,1,34789.9978072833,1200.0000000000,10800.0000000000,6000.0000000000
2025-04-15,q80,加权Q80,37286.2188663639,1383.5284875713,38669.7473539352,62863.8230310905,307.4061602381,9047.0255609524,20972.4989318048,16987.7241347619,13,6,1,37286.2188663639,1200.0000000000,10800.0000000000,6000.0000000000
2025-04-15,saa,两阶段SAA（主方案）,37792.9051586051,695.5248093094,38488.4299679145,63848.3622363169,158.9917126190,9804.6050792857,21385.8949279835,17322.5748916667,8,4,1,39783.1341728054,1200.0000000000,10800.0000000000,6000.0000000000
2025-04-15,oracle,完美信息Oracle,32588.5507181109,0.0000000000,32588.5507181109,53870.7039528806,0.0000000000,0.0000000000,19638.2901028807,15907.0149833333,0,0,0,32588.5507181109,1200.0000000000,10800.0000000000,6000.0000000000
2025-04-16,static,静态典型日,35126.9485892896,8248.7148766000,43375.6634658896,59482.6989983539,2268.4375666667,2030.8180500000,20740.6661316872,16799.9395666667,80,17,1,35126.9485892896,1200.0000000000,10800.0000000000,6000.0000000000
2025-04-16,point,点预测,34383.8857525456,11152.6155010266,45536.5012535722,57730.6691320508,3142.1816919047,1276.3608026191,20088.9372175603,16272.0391462238,82,19,1,34383.8857525456,1200.0000000000,10800.0000000000,6000.0000000000
2025-04-16,q80,加权Q80,36720.9299181865,4222.4892053012,40943.4191234877,61858.9619362140,1151.6115240476,3372.0075309524,20310.3893647854,16451.4153854762,46,17,1,36720.9299181865,1200.0000000000,10800.0000000000,6000.0000000000
2025-04-16,saa,两阶段SAA（主方案）,37133.0251187245,3088.3145945020,40221.3397132265,62680.6735019577,919.5608400000,3878.1156009524,20750.1410052910,16807.6142142857,39,18,1,39221.6076401953,1200.0000000000,10800.0000000000,6000.0000000000
2025-04-16,oracle,完美信息Oracle,35111.2801321119,0.0000000000,35111.2801321119,59563.3672753086,0.0000000000,0.0000000000,19914.6069753086,16130.8316500000,0,0,0,35111.2801321119,1200.0000000000,10800.0000000000,6000.0000000000
2025-04-17,static,静态典型日,35126.9485892896,5633.6400869833,40760.5886762730,59482.6989983539,1309.5556333333,3983.1857166667,20740.6661316872,16799.9395666667,71,13,1,35126.9485892896,1200.0000000000,10800.0000000000,6000.0000000000
2025-04-17,point,点预测,34150.3186974341,6789.9062553357,40940.2249527698,57299.0289004499,1578.0162921428,2160.9576588095,20251.2904409641,16403.5452571809,62,18,1,34150.3186974341,1200.0000000000,10800.0000000000,6000.0000000000
2025-04-17,q80,加权Q80,36778.6379256826,1439.9374195120,38218.5753451946,61920.6870077807,327.8143221429,5516.5706961905,20334.6751775426,16471.0868938095,23,15,1,36778.6379256826,1200.0000000000,10800.0000000000,6000.0000000000
2025-04-17,saa,两阶段SAA（主方案）,37193.2190087219,823.6431740994,38016.8621828213,62745.9882955732,211.0832147619,6166.2468995238,20644.6434779541,16722.1612171429,18,14,1,39019.1071647416,1200.0000000000,10800.0000000000,6000.0000000000
2025-04-17,oracle,完美信息Oracle,33918.5795066705,0.0000000000,33918.5795066705,56711.9238508704,0.0000000000,0.0000000000,20229.3763203704,16385.7948195000,0,0,0,33918.5795066705,1200.0000000000,10800.0000000000,6000.0000000000
2025-04-18,static,静态典型日,35126.9485892896,0.0000000000,35126.9485892896,59482.6989983539,0.0000000000,49187.8552500000,20740.6661316872,16799.9395666667,0,0,0,35126.9485892896,1200.0000000000,10800.0000000000,6000.0000000000
2025-04-18,point,点预测,13249.7544962369,3376.6267880747,16626.3812843116,26997.2314638095,972.8580773809,18575.9723578571,16000.0000000000,12960.0000000000,46,12,1,13249.7544962369,1200.0000000000,10800.0000000000,6000.0000000000
2025-04-18,q80,加权Q80,14133.8174913126,1089.6777312036,15223.4952225162,28438.8253492857,327.4027069048,19372.1108728571,16000.0000000000,12960.0000000000,19,9,1,14133.8174913126,1200.0000000000,10800.0000000000,6000.0000000000
2025-04-18,saa,两阶段SAA（主方案）,14224.0479489310,600.9268828612,14824.9748317922,28562.7244135714,192.4248804762,19361.0321107143,16000.0000000000,12960.0000000000,15,9,1,14874.4733931598,1200.0000000000,10800.0000000000,6000.0000000000
2025-04-18,oracle,完美信息Oracle,12663.0630057417,0.0000000000,12663.0630057417,26183.0200833333,0.0000000000,16788.9029000000,16000.0000000000,12960.0000000000,0,0,0,12663.0630057417,1200.0000000000,10800.0000000000,6000.0000000000
2025-04-19,static,静态典型日,35126.9485892896,0.0000000000,35126.9485892896,59482.6989983539,0.0000000000,48757.2931833333,20740.6661316872,16799.9395666667,0,0,0,35126.9485892896,1200.0000000000,10800.0000000000,6000.0000000000
2025-04-19,point,点预测,13214.0507748975,1976.0964828018,15190.1472576992,26922.6723142857,602.0706397619,17700.0637040476,16000.0000000000,12960.0000000000,35,15,1,13214.0507748975,1200.0000000000,10800.0000000000,6000.0000000000
2025-04-19,q80,加权Q80,14049.2012294319,817.4566104970,14866.6578399289,28286.9470776190,249.4286488095,18711.6964764286,16000.0000000000,12960.0000000000,16,10,1,14049.2012294319,1200.0000000000,10800.0000000000,6000.0000000000
2025-04-19,saa,两阶段SAA（主方案）,14148.6870285523,722.8764682713,14871.5634968236,28408.2507904762,230.4339507143,18814.0054911905,16000.0000000000,12960.0000000000,14,8,1,14825.3990389794,1200.0000000000,10800.0000000000,6000.0000000000
2025-04-19,oracle,完美信息Oracle,12587.0522917833,0.0000000000,12587.0522917833,26129.8417166667,0.0000000000,16305.1624666667,16000.0000000000,12960.0000000000,0,0,0,12587.0522917833,1200.0000000000,10800.0000000000,6000.0000000000
2025-04-20,static,静态典型日,35126.9485892896,4383.6270906583,39510.5756799480,59482.6989983539,1090.9862500000,4675.2138000000,20740.6661316872,16799.9395666667,54,16,1,35126.9485892896,1200.0000000000,10800.0000000000,6000.0000000000
2025-04-20,point,点预测,33643.6547260248,7334.7866107495,40978.4413367743,56695.5786056037,1792.9025326190,2666.0502295238,20340.4527650823,16475.7667397167,58,21,1,33643.6547260248,1200.0000000000,10800.0000000000,6000.0000000000
2025-04-20,q80,加权Q80,36144.2960292890,2531.7064425229,38676.0024718119,61142.2763020429,573.2625659524,5880.4067171429,20407.3014079953,16529.9141404762,30,15,1,36144.2960292890,1200.0000000000,10800.0000000000,6000.0000000000
2025-04-20,saa,两阶段SAA（主方案）,36612.2605534382,1581.0316171637,38193.2921706019,62090.0327248471,385.3403338095,6552.9160628571,20866.9058550852,16902.1937426190,23,15,1,38421.0949830114,1200.0000000000,10800.0000000000,6000.0000000000
2025-04-20,oracle,完美信息Oracle,33029.3366478711,0.0000000000,33029.3366478711,55924.3123240741,0.0000000000,0.0000000000,20876.6707407407,16910.1033000000,0,0,0,33029.3366478711,1200.0000000000,10800.0000000000,6000.0000000000
2025-04-21,static,静态典型日,35126.9485892896,3529.1665908500,38656.1151801396,59482.6989983539,1069.6873000000,8094.7493500000,20740.6661316872,16799.9395666667,51,12,1,35126.9485892896,1200.0000000000,10800.0000000000,6000.0000000000
2025-04-21,point,点预测,33371.1868395696,3703.8951093594,37075.0819489290,56351.1559713727,1066.6456326190,5036.5242104762,20338.7737378013,16474.4067276190,55,18,1,33371.1868395696,1200.0000000000,10800.0000000000,6000.0000000000
2025-04-21,q80,加权Q80,35928.5375515832,1204.7579676914,37133.2955192746,60900.0181057437,349.5335971429,8851.7825404762,20425.5725214580,16544.7137423810,24,12,1,35928.5375515832,1200.0000000000,10800.0000000000,6000.0000000000
2025-04-21,saa,两阶段SAA（主方案）,36341.1970526668,1175.3152970164,37516.5123496832,61738.7107943386,343.9668971429,9604.1574464286,20850.5782195767,16888.9683578571,23,12,1,38110.0101090132,1200.0000000000,10800.0000000000,6000.0000000000
2025-04-21,oracle,完美信息Oracle,31292.7395119628,0.0000000000,31292.7395119628,52187.4572259259,0.0000000000,0.0000000000,19318.6675925926,15648.1207500000,0,0,0,31292.7395119628,1200.0000000000,10800.0000000000,6000.0000000000
2025-04-22,static,静态典型日,35126.9485892896,4082.3910754500,39209.3396647396,59482.6989983539,1141.4180333333,4530.4611500000,20740.6661316872,16799.9395666667,59,20,1,35126.9485892896,1200.0000000000,10800.0000000000,6000.0000000000
2025-04-22,point,点预测,33300.5246052732,8057.7303067558,41358.2549120290,55755.5759932951,2433.7327226190,2224.4333133333,20062.8741363904,16250.9280504762,73,19,1,33300.5246052732,1200.0000000000,10800.0000000000,6000.0000000000
2025-04-22,q80,加权Q80,35651.4826843985,2280.5272788102,37932.0099632087,59935.3789319694,692.6085502381,4659.6915292857,20080.8770329218,16265.5103966667,37,17,1,35651.4826843985,1200.0000000000,10800.0000000000,6000.0000000000
2025-04-22,saa,两阶段SAA（主方案）,36182.4108311521,1755.8531524099,37938.2639835620,61050.8030475338,569.6382628571,5564.6295990476,20541.4862877719,16638.6038930952,32,15,1,37901.5044482768,1200.0000000000,10800.0000000000,6000.0000000000
2025-04-22,oracle,完美信息Oracle,33002.2610011748,0.0000000000,33002.2610011748,55926.2912893004,0.0000000000,0.0000000000,19859.7998559671,16086.4378833333,0,0,0,33002.2610011748,1200.0000000000,10800.0000000000,6000.0000000000
2025-04-23,static,静态典型日,35126.9485892896,4285.0944300417,39412.0430193313,59482.6989983539,1389.7770500000,5531.8327666667,20740.6661316872,16799.9395666667,55,13,1,35126.9485892896,1200.0000000000,10800.0000000000,6000.0000000000
2025-04-23,point,点预测,33401.6468788492,7025.1324010285,40426.7792798778,56240.7791864521,2115.2874454762,3144.4198521429,20061.7371743092,16250.0071111905,62,16,1,33401.6468788492,1200.0000000000,10800.0000000000,6000.0000000000
2025-04-23,q80,加权Q80,35725.2300154867,1540.4291393689,37265.6591548556,60360.4118714873,461.7831040476,5596.0106602381,20138.2505191064,16311.9829204762,30,16,1,35725.2300154867,1200.0000000000,10800.0000000000,6000.0000000000
2025-04-23,saa,两阶段SAA（主方案）,36215.6729514864,1110.3414631915,37326.0144146779,61377.9607630100,357.7713845238,6408.1585335714,20671.8784068195,16744.2215095238,27,16,1,37857.4513338321,1200.0000000000,10800.0000000000,6000.0000000000
2025-04-23,oracle,完美信息Oracle,32439.2410117509,0.0000000000,32439.2410117509,55109.2135901235,0.0000000000,0.0000000000,19522.6151234568,15813.3182500000,0,0,0,32439.2410117509,1200.0000000000,10800.0000000000,6000.0000000000
2025-04-24,static,静态典型日,35126.9485892896,3470.5192115333,38597.4678008230,59482.6989983539,855.2428500000,9307.1085833333,20740.6661316872,16799.9395666667,43,13,1,35126.9485892896,1200.0000000000,10800.0000000000,6000.0000000000
2025-04-24,point,点预测,33010.0558415979,2669.2328255077,35679.2886671056,55433.8409526837,695.4477469048,5220.2111809524,20099.8464138742,16280.8755952381,49,22,1,33010.0558415979,1200.0000000000,10800.0000000000,6000.0000000000
2025-04-24,q80,加权Q80,35228.7092804937,871.5251464836,36100.2344269773,59409.0764645414,190.7864950000,8695.3460952381,20075.8429700176,16261.4328057143,18,11,1,35228.7092804937,1200.0000000000,10800.0000000000,6000.0000000000
2025-04-24,saa,两阶段SAA（主方案）,35648.0261964551,674.6924382321,36322.7186346873,60270.8062627249,146.5325142857,9435.7455414286,20481.5080820106,16590.0215464286,18,11,1,37161.4589867556,1200.0000000000,10800.0000000000,6000.0000000000
2025-04-24,oracle,完美信息Oracle,30787.8980702828,0.0000000000,30787.8980702828,51017.2820092593,0.0000000000,281.7927000000,19186.2242592593,15540.8416500000,0,0,0,30787.8980702828,1200.0000000000,10800.0000000000,6000.0000000000
2025-04-25,static,静态典型日,35126.9485892896,0.0000000000,35126.9485892896,59482.6989983539,0.0000000000,53541.6147833333,20740.6661316872,16799.9395666667,0,0,0,35126.9485892896,1200.0000000000,10800.0000000000,6000.0000000000
2025-04-25,point,点预测,12590.3436990158,2984.4017672000,15574.7454662158,26080.1578314286,766.5661635714,21806.3663450000,16000.0000000000,12960.0000000000,32,17,1,12590.3436990158,1200.0000000000,10800.0000000000,6000.0000000000
2025-04-25,q80,加权Q80,13392.0553394418,948.6731079096,14340.7284473514,27424.0908514286,239.7118066667,22623.4450080952,16000.0000000000,12960.0000000000,16,11,1,13392.0553394418,1200.0000000000,10800.0000000000,6000.0000000000
2025-04-25,saa,两阶段SAA（主方案）,13518.6550567652,495.9841776449,14014.6392344100,27607.4066038095,149.8434895238,22716.8924433333,16000.0000000000,12960.0000000000,13,9,1,14096.9073761528,1200.0000000000,10800.0000000000,6000.0000000000
2025-04-25,oracle,完美信息Oracle,12194.3579066771,0.0000000000,12194.3579066771,25359.8973291667,0.0000000000,20318.8077833333,16003.8520833333,12963.1201875000,0,0,0,12194.3579066771,1200.0000000000,10800.0000000000,6000.0000000000
2025-04-26,static,静态典型日,35126.9485892896,0.0000000000,35126.9485892896,59482.6989983539,0.0000000000,55471.7788000000,20740.6661316872,16799.9395666667,0,0,0,35126.9485892896,1200.0000000000,10800.0000000000,6000.0000000000
2025-04-26,point,点预测,12531.5004845672,7007.7930945451,19539.2935791123,25983.7585171429,1753.8147278571,24627.3796116667,16000.0000000000,12960.0000000000,68,16,1,12531.5004845672,1200.0000000000,10800.0000000000,6000.0000000000
2025-04-26,q80,加权Q80,13335.3057125764,2542.5005660460,15877.8062786224,27293.6296150000,648.7553709524,24832.1913526191,16000.0000000000,12960.0000000000,36,13,1,13335.3057125764,1200.0000000000,10800.0000000000,6000.0000000000
2025-04-26,saa,两阶段SAA（主方案）,13452.0828254795,1344.7254105981,14796.8082360776,27477.2663666667,357.7037128571,24724.7764461905,16000.0000000000,12960.0000000000,23,11,1,14018.0545637067,1200.0000000000,10800.0000000000,6000.0000000000
2025-04-26,oracle,完美信息Oracle,12572.8081125917,0.0000000000,12572.8081125917,25859.0662000000,0.0000000000,22748.8725666667,16000.0000000000,12960.0000000000,0,0,0,12572.8081125917,1200.0000000000,10800.0000000000,6000.0000000000
2025-04-27,static,静态典型日,35126.9485892896,2420.7067591583,37547.6553484480,59482.6989983539,667.7338333333,7636.2350833333,20740.6661316872,16799.9395666667,39,16,1,35126.9485892896,1200.0000000000,10800.0000000000,6000.0000000000
2025-04-27,point,点预测,31245.4005356211,9796.7465205922,41042.1470562134,52469.0425192505,2380.2815416667,2583.5785504762,19433.0227742504,15740.7484471429,69,21,1,31245.4005356211,1200.0000000000,10800.0000000000,6000.0000000000
2025-04-27,q80,加权Q80,33265.9533139506,5253.9401396025,38519.8934535531,56177.0888484450,1228.1024480952,5065.8689940476,19820.2690482069,16054.4179290476,41,13,1,33265.9533139506,1200.0000000000,10800.0000000000,6000.0000000000
2025-04-27,saa,两阶段SAA（主方案）,33737.1749889538,4632.1246580217,38369.2996469755,57191.8656819095,1101.5025507143,5895.2669259524,20129.6322280952,16305.0021047571,37,11,1,35108.4210968194,1200.0000000000,10800.0000000000,6000.0000000000
2025-04-27,oracle,完美信息Oracle,31786.2045498483,0.0000000000,31786.2045498483,52697.7805621399,0.0000000000,348.8980333333,19870.5860288066,16095.1746833333,0,0,0,31786.2045498483,1200.0000000000,10800.0000000000,6000.0000000000
2025-04-28,static,静态典型日,35126.9485892896,14098.4315485833,49225.3801378730,59482.6989983539,3911.2106166667,2831.2157333333,20740.6661316872,16799.9395666667,79,15,1,35126.9485892896,1200.0000000000,10800.0000000000,6000.0000000000
2025-04-28,point,点预测,31393.9263416740,33374.0663323060,64767.9926739800,52562.0472949412,8789.7935126190,1053.8001440476,19347.7544570841,15671.6811102381,91,18,1,31393.9263416740,1200.0000000000,10800.0000000000,6000.0000000000
2025-04-28,q80,加权Q80,33519.7528846626,23563.2055285692,57082.9584132317,56418.2736089683,6173.8644328571,2201.5334928571,19834.9328015873,16066.2955692857,69,14,1,33519.7528846626,1200.0000000000,10800.0000000000,6000.0000000000
2025-04-28,saa,两阶段SAA（主方案）,33965.7000061386,19860.9869913983,53826.6869975370,57403.3147925309,5402.1093092857,2359.6844723810,20125.1174356261,16301.3451228571,67,13,1,35476.5617949891,1200.0000000000,10800.0000000000,6000.0000000000
2025-04-28,oracle,完美信息Oracle,35286.5334671036,0.0000000000,35286.5334671036,60394.6000176955,0.0000000000,0.0000000000,19855.9615843621,16083.3288833333,0,0,0,35286.5334671036,1200.0000000000,10800.0000000000,6000.0000000000
2025-04-29,static,静态典型日,35126.9485892896,2076.2658859000,37203.2144751896,59482.6989983539,478.2212333333,8586.9799500000,20740.6661316872,16799.9395666667,42,10,1,35126.9485892896,1200.0000000000,10800.0000000000,6000.0000000000
2025-04-29,point,点预测,31962.0153880737,5855.8292631758,37817.8446512495,53549.2828734980,1500.9253509524,3953.6388695238,19280.8191487360,15617.4635104762,47,15,1,31962.0153880737,1200.0000000000,10800.0000000000,6000.0000000000
2025-04-29,q80,加权Q80,34530.4312736230,2334.8971096001,36865.3283832231,58228.5029925586,549.1482754762,7586.8926847619,19776.5519295062,16019.0070629000,16,8,1,34530.4312736230,1200.0000000000,10800.0000000000,6000.0000000000
2025-04-29,saa,两阶段SAA（主方案）,35195.1258205272,2334.8971096001,37530.0229301273,59533.8883577837,549.1482754762,8905.0290621429,19709.4413392122,15964.6474847619,16,8,1,37314.6526299521,1200.0000000000,10800.0000000000,6000.0000000000
2025-04-29,oracle,完美信息Oracle,31137.2411988770,0.0000000000,31137.2411988770,50974.5246942387,0.0000000000,140.6191333333,17898.3781275720,14497.6862833333,0,0,0,31137.2411988770,1200.0000000000,10800.0000000000,6000.0000000000
2025-04-30,static,静态典型日,35126.9485892896,4401.6752075167,39528.6237968063,59482.6989983539,1220.7178333333,8505.8358333333,20740.6661316872,16799.9395666667,48,14,1,35126.9485892896,1200.0000000000,10800.0000000000,6000.0000000000
2025-04-30,point,点预测,31830.4893870784,8772.8319037566,40603.3212908350,53251.1391839301,2647.8491030952,4025.4199576191,19035.3362951205,15418.6223990476,53,12,1,31830.4893870784,1200.0000000000,10800.0000000000,6000.0000000000
2025-04-30,q80,加权Q80,34355.5601358865,4113.9661967663,38469.5263326528,57800.1286316373,1161.6933788095,6999.7950385714,19500.9080975897,15795.7355590476,37,12,1,34355.5601358865,1200.0000000000,10800.0000000000,6000.0000000000
2025-04-30,saa,两阶段SAA（主方案）,35044.5155529007,2697.9930619617,37742.5086148623,59151.7043399500,858.3272607143,8080.7405680952,19328.6136801881,15656.1770809524,33,13,1,37147.7204887517,1200.0000000000,10800.0000000000,6000.0000000000
2025-04-30,oracle,完美信息Oracle,30734.1212459428,0.0000000000,30734.1212459428,51743.3058699588,0.0000000000,0.0000000000,18349.7444032922,14863.2929666667,0,0,0,30734.1212459428,1200.0000000000,10800.0000000000,6000.0000000000
2025-05-01,static,静态典型日,35126.9485892896,15240.3899656167,50367.3385549063,59482.6989983539,3236.7586833333,7767.3523166667,20740.6661316872,16799.9395666667,61,10,1,35126.9485892896,1200.0000000000,10800.0000000000,6000.0000000000
2025-05-01,point,点预测,31567.7498212804,20284.2215625305,51851.9713838109,52497.4283446590,4490.0770945238,2357.3482169048,19046.2022225162,15427.4238002381,92,10,1,31567.7498212804,1200.0000000000,10800.0000000000,6000.0000000000
2025-05-01,q80,加权Q80,34131.8767292030,13457.8346070409,47589.7113362439,57161.8558482510,2896.5717759524,5342.9388209524,19495.3158065844,15791.2058033333,71,12,1,34131.8767292030,1200.0000000000,10800.0000000000,6000.0000000000
2025-05-01,saa,两阶段SAA（主方案）,34801.4186875635,12462.0798447162,47263.4985322796,58480.3329134667,2696.9707723810,6511.4496847619,19234.0800057143,15579.6048046286,65,12,1,36778.0288258101,1200.0000000000,10800.0000000000,6000.0000000000
2025-05-01,oracle,完美信息Oracle,34406.9828589823,0.0000000000,34406.9828589823,55378.7076701646,0.0000000000,590.8684666667,19876.1073868313,16099.6469833333,0,0,0,34406.9828589823,1200.0000000000,10800.0000000000,6000.0000000000
2025-05-02,static,静态典型日,35126.9485892896,0.0000000000,35126.9485892896,59482.6989983539,0.0000000000,41251.6523500000,20740.6661316872,16799.9395666667,0,0,0,35126.9485892896,1200.0000000000,10800.0000000000,6000.0000000000
2025-05-02,point,点预测,12408.0809346664,30157.5382515097,42565.6191861761,25681.1188028571,6869.9800457143,15220.7787652381,16000.0000000000,12960.0000000000,96,9,1,12408.0809346664,1200.0000000000,10800.0000000000,6000.0000000000
2025-05-02,q80,加权Q80,13540.2634198795,20664.5565757572,34204.8199956367,27373.2083228571,4668.5928071429,14711.4810466667,16000.0000000000,12960.0000000000,81,11,1,13540.2634198795,1200.0000000000,10800.0000000000,6000.0000000000
2025-05-02,saa,两阶段SAA（主方案）,13656.7800524611,14232.2872175950,27889.0672700561,27564.1232202381,3239.1730623810,13472.9761992857,16000.0000000000,12960.0000000000,73,14,1,14834.5669117043,1200.0000000000,10800.0000000000,6000.0000000000
2025-05-02,oracle,完美信息Oracle,15326.6428855550,0.0000000000,15326.6428855550,29185.5694333333,0.0000000000,11855.2493500000,16000.0000000000,12960.0000000000,0,0,0,15326.6428855550,1200.0000000000,10800.0000000000,6000.0000000000
2025-05-03,static,静态典型日,35126.9485892896,46.8379143000,35173.7865035896,59482.6989983539,21.9073500000,46696.7081333333,20740.6661316872,16799.9395666667,1,1,1,35126.9485892896,1200.0000000000,10800.0000000000,6000.0000000000
2025-05-03,point,点预测,12538.6909007480,18142.7119358907,30681.4028366387,25889.6312780952,3935.3452923809,17917.8049204762,16000.0000000000,12960.0000000000,84,12,1,12538.6909007480,1200.0000000000,10800.0000000000,6000.0000000000
2025-05-03,q80,加权Q80,13982.6225994486,8101.4142509786,22084.0368504272,27973.4412704762,1615.6810307143,17681.9506511905,16000.0000000000,12960.0000000000,48,14,1,13982.6225994486,1200.0000000000,10800.0000000000,6000.0000000000
2025-05-03,saa,两阶段SAA（主方案）,14095.7238957413,7004.2211209860,21099.9450167273,28133.4665250000,1394.2677502381,17620.5626252381,16000.0000000000,12960.0000000000,40,12,1,15630.5477073623,1200.0000000000,10800.0000000000,6000.0000000000
2025-05-03,oracle,完美信息Oracle,14741.9492801650,0.0000000000,14741.9492801650,28327.7395833333,0.0000000000,16420.5679333333,16000.0000000000,12960.0000000000,0,0,0,14741.9492801650,1200.0000000000,10800.0000000000,6000.0000000000
2025-05-04,static,静态典型日,35126.9485892896,14585.6095839167,49712.5581732063,59482.6989983539,3375.7348833333,7183.0399833333,20740.6661316872,16799.9395666667,72,8,1,35126.9485892896,1200.0000000000,10800.0000000000,6000.0000000000
2025-05-04,point,点预测,32347.2979721656,17710.4169358782,50057.7149080437,54480.0970743945,4357.4112085714,3419.1753609524,19387.7136246326,15704.0480359524,84,9,1,32347.2979721656,1200.0000000000,10800.0000000000,6000.0000000000
2025-05-04,q80,加权Q80,36618.3805658653,6576.7358813994,43195.1164472647,61255.7400112228,1501.9651090476,7263.4992292857,19787.0450402704,16027.5064826190,53,15,1,36618.3805658653,1200.0000000000,10800.0000000000,6000.0000000000
2025-05-04,saa,两阶段SAA（主方案）,37305.1312194863,6125.7530988901,43430.8843183764,62673.1314330453,1399.3032819048,8508.0209157143,20156.5603468548,16326.8138809524,52,15,1,40074.3449806897,1200.0000000000,10800.0000000000,6000.0000000000
2025-05-04,oracle,完美信息Oracle,33879.3762898394,0.0000000000,33879.3762898394,55121.1156555556,0.0000000000,0.0000000000,17823.4122222222,14436.9639000000,0,0,0,33879.3762898394,1200.0000000000,10800.0000000000,6000.0000000000
2025-05-05,static,静态典型日,35126.9485892896,15760.1251834500,50887.0737727396,59482.6989983539,3426.0756000000,3892.0412333333,20740.6661316872,16799.9395666667,76,12,1,35126.9485892896,1200.0000000000,10800.0000000000,6000.0000000000
2025-05-05,point,点预测,32608.7589256786,26862.2694552627,59471.0283809412,55046.1484130776,5873.2424057143,2217.3058783333,19084.6217918871,15458.5436514286,95,12,1,32608.7589256786,1200.0000000000,10800.0000000000,6000.0000000000
2025-05-05,q80,加权Q80,37315.0534007738,10233.1518401167,47548.2052408905,62252.2952049677,2226.3705552381,5737.4534590476,19290.5552692534,15625.3497680952,61,20,1,37315.0534007738,1200.0000000000,10800.0000000000,6000.0000000000
2025-05-05,saa,两阶段SAA（主方案）,38079.7199807399,7347.3582112138,45427.0781919537,63845.9916691534,1643.4110871429,6663.1000809524,19738.3993439153,15988.1034685714,49,17,1,40571.2163304781,1200.0000000000,10800.0000000000,6000.0000000000
2025-05-05,oracle,完美信息Oracle,35634.8218551257,0.0000000000,35634.8218551257,58908.1659497942,0.0000000000,0.0000000000,20169.2586831276,16337.0995333333,0,0,0,35634.8218551257,1200.0000000000,10800.0000000000,6000.0000000000
2025-05-06,static,静态典型日,35126.9485892896,15916.1090009500,51043.0575902396,59482.6989983539,3583.9562333333,6255.8463000000,20740.6661316872,16799.9395666667,74,9,1,35126.9485892896,1200.0000000000,10800.0000000000,6000.0000000000
2025-05-06,point,点预测,32142.1003136109,23715.9541371749,55858.0544507858,53982.1514409936,5299.5688176190,2775.3524954762,19138.3441919459,15502.0587954762,97,11,1,32142.1003136109,1200.0000000000,10800.0000000000,6000.0000000000
2025-05-06,q80,加权Q80,37230.9189742287,7222.5374320080,44453.4564062367,61905.5747206819,1719.1347061905,7026.5458135714,19621.4802454439,15893.3989988095,51,17,1,37230.9189742287,1200.0000000000,10800.0000000000,6000.0000000000
2025-05-06,saa,两阶段SAA（主方案）,37828.6355714519,5591.5409047931,43420.1764762450,63098.2689150323,1413.0979692857,7864.0813433333,19880.0167069371,16102.8135326190,46,18,1,40401.6625046000,1200.0000000000,10800.0000000000,6000.0000000000
2025-05-06,oracle,完美信息Oracle,34535.0778060837,0.0000000000,34535.0778060837,56765.2399259259,0.0000000000,0.0000000000,20500.8292592593,16605.6717000000,0,0,0,34535.0778060837,1200.0000000000,10800.0000000000,6000.0000000000
2025-05-07,static,静态典型日,35126.9485892896,14912.7136943250,50039.6622836146,59482.6989983539,3191.4395333333,3665.5660166667,20740.6661316872,16799.9395666667,73,13,1,35126.9485892896,1200.0000000000,10800.0000000000,6000.0000000000
2025-05-07,point,点预测,32360.6448185592,23979.7269423499,56340.3717609092,54701.4550391005,5207.6808504762,1132.5426861905,19519.7223862434,15810.9751328571,102,14,1,32360.6448185592,1200.0000000000,10800.0000000000,6000.0000000000
2025-05-07,q80,加权Q80,37652.3769124384,5866.5952356332,43518.9721480716,62758.2642968724,1229.7548216667,5085.6278919048,20181.8172454439,16347.2719688095,44,18,1,37652.3769124384,1200.0000000000,10800.0000000000,6000.0000000000
2025-05-07,saa,两阶段SAA（主方案）,38256.4476768509,5102.0101607485,43358.4578375994,63997.9259189359,1080.5871159524,6119.7987390476,20478.2544517931,16587.3861059524,42,17,1,40875.2613750910,1200.0000000000,10800.0000000000,6000.0000000000
2025-05-07,oracle,完美信息Oracle,36069.7681559674,0.0000000000,36069.7681559674,58866.4112623457,0.0000000000,0.0000000000,19992.4490123457,16193.8837000000,0,0,0,36069.7681559674,1200.0000000000,10800.0000000000,6000.0000000000
2025-05-08,static,静态典型日,35126.9485892896,17089.0046636167,52215.9532529063,59482.6989983539,3940.3888166667,3655.8488500000,20740.6661316872,16799.9395666667,77,11,1,35126.9485892896,1200.0000000000,10800.0000000000,6000.0000000000
2025-05-08,point,点预测,33762.7517388357,20178.5003312952,53941.2520701309,56070.5898094944,5188.5785011905,1655.4207104762,19880.1852642563,16102.9500640476,91,13,1,33762.7517388357,1200.0000000000,10800.0000000000,6000.0000000000
2025-05-08,q80,加权Q80,39355.3142292738,4585.5129870300,43940.8272163038,64371.9656837037,1199.8810311905,5810.4429438095,20709.9545846561,16775.0632135714,28,12,1,39355.3142292738,1200.0000000000,10800.0000000000,6000.0000000000
2025-05-08,saa,两阶段SAA（主方案）,40002.7989129403,3602.7764482776,43605.5753612179,65657.6293063316,988.8236323810,6796.0172650000,21178.5435458554,17154.6202721429,27,12,1,42515.5409689726,1200.0000000000,10800.0000000000,6000.0000000000
2025-05-08,oracle,完美信息Oracle,35933.8191098552,0.0000000000,35933.8191098552,59525.9566035103,0.0000000000,0.0000000000,19470.7589658436,15771.3147623333,0,0,0,35933.8191098552,1200.0000000000,10800.0000000000,6000.0000000000
2025-05-09,static,静态典型日,35126.9485892896,0.0000000000,35126.9485892896,59482.6989983539,0.0000000000,47042.5865833333,20740.6661316872,16799.9395666667,0,0,0,35126.9485892896,1200.0000000000,10800.0000000000,6000.0000000000
2025-05-09,point,点预测,13253.3081526351,8905.0829477066,22158.3911003417,26759.8949616667,1900.4396592857,17120.9487709524,16000.0000000000,12960.0000000000,62,14,1,13253.3081526351,1200.0000000000,10800.0000000000,6000.0000000000
2025-05-09,q80,加权Q80,16419.8803087838,719.4669398844,17139.3472486682,30670.2897492857,217.0278761905,19347.9317754762,16000.0000000000,12960.0000000000,12,8,1,16419.8803087838,1200.0000000000,10800.0000000000,6000.0000000000
2025-05-09,saa,两阶段SAA（主方案）,16535.2952930324,518.1618614201,17053.4571544526,30853.3739273809,170.5506023810,19484.5386797619,16000.0000000000,12960.0000000000,10,6,1,17766.4855276631,1200.0000000000,10800.0000000000,6000.0000000000
2025-05-09,oracle,完美信息Oracle,14443.8940353667,0.0000000000,14443.8940353667,27923.8910666667,0.0000000000,16384.5052166667,16000.0000000000,12960.0000000000,0,0,0,14443.8940353667,1200.0000000000,10800.0000000000,6000.0000000000
2025-05-10,static,静态典型日,35126.9485892896,22.6001209667,35149.5487102563,59482.6989983539,10.5706833333,43431.4978333333,20740.6661316872,16799.9395666667,1,1,1,35126.9485892896,1200.0000000000,10800.0000000000,6000.0000000000
2025-05-10,point,点预测,13210.7214814111,16487.1062071262,29697.8276885372,26710.2312397619,3828.1282833333,15377.3142397619,16000.0000000000,12960.0000000000,77,14,1,13210.7214814111,1200.0000000000,10800.0000000000,6000.0000000000
2025-05-10,q80,加权Q80,16380.2807510330,3600.7734160971,19981.0541671301,30632.0098847619,910.0453123810,16381.0099138095,16000.0000000000,12960.0000000000,25,13,1,16380.2807510330,1200.0000000000,10800.0000000000,6000.0000000000
2025-05-10,saa,两阶段SAA（主方案）,16474.1758369577,1109.0130317543,17583.1888687120,30791.4399114286,337.0357627476,15967.3025042857,16000.6730871429,12960.5452005857,20,12,1,17673.1147058661,1200.0000000000,10800.0000000000,6000.0000000000
2025-05-10,oracle,完美信息Oracle,14445.4581294417,0.0000000000,14445.4581294417,28004.1305416667,0.0000000000,12841.9561833333,16005.9425000000,12964.8134250000,0,0,0,14445.4581294417,1200.0000000000,10800.0000000000,6000.0000000000
2025-05-11,static,静态典型日,35126.9485892896,17729.8283098417,52856.7768991313,59482.6989983539,3981.2402166667,4039.1335666667,20740.6661316872,16799.9395666667,86,12,1,35126.9485892896,1200.0000000000,10800.0000000000,6000.0000000000
2025-05-11,point,点预测,33557.4843820066,19407.3562046503,52964.8405866569,56388.5917562434,4627.1748619047,1744.2704195238,19933.7742910053,16146.3571757143,96,12,1,33557.4843820066,1200.0000000000,10800.0000000000,6000.0000000000
2025-05-11,q80,加权Q80,39631.0528354673,2635.0104757826,42266.0633112499,65594.8217100882,637.0691745238,6765.2586580952,20960.8060167548,16978.2528735714,33,15,1,39631.0528354673,1200.0000000000,10800.0000000000,6000.0000000000
2025-05-11,saa,两阶段SAA（主方案）,40106.4253043998,1938.2103280758,42044.6356324756,66467.7737688979,496.9449614286,7452.8229616667,21199.0351859289,17171.2185006024,30,15,1,42510.1072571103,1200.0000000000,10800.0000000000,6000.0000000000
2025-05-11,oracle,完美信息Oracle,35752.2434049492,0.0000000000,35752.2434049492,59113.4312713992,0.0000000000,0.0000000000,19101.8536213992,15472.5014333333,0,0,0,35752.2434049492,1200.0000000000,10800.0000000000,6000.0000000000
2025-05-12,static,静态典型日,35126.9485892896,14473.2809397000,49600.2295289896,59482.6989983539,3632.9176166667,7243.6948166667,20740.6661316872,16799.9395666667,77,9,1,35126.9485892896,1200.0000000000,10800.0000000000,6000.0000000000
2025-05-12,point,点预测,34016.7821955239,13123.3420101346,47140.1242056585,57319.4865080505,3550.5443133333,5192.5852045238,19717.1072817196,15970.8568981929,72,11,1,34016.7821955239,1200.0000000000,10800.0000000000,6000.0000000000
2025-05-12,q80,加权Q80,40189.8338120345,2401.1647083001,42590.9985203346,66667.1691799001,851.4491295238,11519.6738359524,21409.2065270429,17341.4572869048,21,9,1,40189.8338120345,1200.0000000000,10800.0000000000,6000.0000000000
2025-05-12,saa,两阶段SAA（主方案）,40650.9967023298,2301.9289911394,42952.9256934692,67428.4047564668,828.2301176190,12236.3413259524,21521.5700778954,17432.4717630952,20,8,1,43089.9791593829,1200.0000000000,10800.0000000000,6000.0000000000
2025-05-12,oracle,完美信息Oracle,33836.6967470345,0.0000000000,33836.6967470345,55169.0300123457,0.0000000000,0.0000000000,17041.2356790123,13803.4009000000,0,0,0,33836.6967470345,1200.0000000000,10800.0000000000,6000.0000000000
2025-05-13,static,静态典型日,35126.9485892896,12131.3606530667,47258.3092423563,59482.6989983539,2572.6319500000,4985.3916166667,20740.6661316872,16799.9395666667,61,14,1,35126.9485892896,1200.0000000000,10800.0000000000,6000.0000000000
2025-05-13,point,点预测,33715.4717436443,9482.7944133907,43198.2661570350,56710.4884998677,2101.0640564286,1977.2681123810,19500.3772486773,15795.3055714286,65,18,1,33715.4717436443,1200.0000000000,10800.0000000000,6000.0000000000
2025-05-13,q80,加权Q80,39824.1841521028,402.3033282804,40226.4874803831,65944.7206107378,109.0562919048,9007.1349059524,20618.0485790711,16700.6193490476,9,7,1,39824.1841521028,1200.0000000000,10800.0000000000,6000.0000000000
2025-05-13,saa,两阶段SAA（主方案）,40339.4994111209,401.5145316375,40741.0139427584,66963.8738859289,108.8829109524,9946.9924290476,21034.4821114051,17037.9305102381,9,7,1,42681.3225147885,1200.0000000000,10800.0000000000,6000.0000000000
2025-05-13,oracle,完美信息Oracle,34285.3202677276,0.0000000000,34285.3202677276,56756.2789967078,0.0000000000,0.0000000000,19089.8222633745,15462.7560333333,0,0,0,34285.3202677276,1200.0000000000,10800.0000000000,6000.0000000000
2025-05-14,static,静态典型日,35126.9485892896,12866.7559114417,47993.7045007313,59482.6989983539,2964.1805333333,5492.0041833333,20740.6661316872,16799.9395666667,71,8,1,35126.9485892896,1200.0000000000,10800.0000000000,6000.0000000000
2025-05-14,point,点预测,33943.5403374630,9920.6393609182,43864.1796983811,57147.7678977161,2316.7386335714,2768.7666795238,19376.7950970018,15695.2040285714,73,13,1,33943.5403374630,1200.0000000000,10800.0000000000,6000.0000000000
2025-05-14,q80,加权Q80,39772.0948320480,867.1159842763,40639.2108163243,65901.0812313610,268.1274200000,9292.1564919048,20331.0704006467,16468.1670245238,16,8,1,39772.0948320480,1200.0000000000,10800.0000000000,6000.0000000000
2025-05-14,saa,两阶段SAA（主方案）,40415.8672576598,661.1600081117,41077.0272657715,67163.6246600588,220.8234954762,10404.2347769048,20874.0241857731,16907.9595904762,16,8,1,42823.2714554606,1200.0000000000,10800.0000000000,6000.0000000000
2025-05-14,oracle,完美信息Oracle,34207.2170385566,0.0000000000,34207.2170385566,56580.9101471193,0.0000000000,0.0000000000,18772.4282304527,15205.6668666667,0,0,0,34207.2170385566,1200.0000000000,10800.0000000000,6000.0000000000
2025-05-15,static,静态典型日,35126.9485892896,9706.3285048333,44833.2770941230,59482.6989983539,2127.6365833333,4904.5507333333,20740.6661316872,16799.9395666667,56,11,1,35126.9485892896,1200.0000000000,10800.0000000000,6000.0000000000
2025-05-15,point,点预测,34398.5428851641,9056.3168007185,43454.8596858827,57270.2055452293,2309.4984492857,3166.6891504762,19199.7713721340,15551.8148114286,63,17,1,34398.5428851641,1200.0000000000,10800.0000000000,6000.0000000000
2025-05-15,q80,加权Q80,40114.9553567719,1737.1726582936,41852.1280150655,65815.8965708495,456.2200297619,9676.8213357143,20159.1420082305,16328.9050266667,19,9,1,40114.9553567719,1200.0000000000,10800.0000000000,6000.0000000000
2025-05-15,saa,两阶段SAA（主方案）,40765.5419006832,1580.4267449267,42345.9686456099,67099.7762516520,416.1056328571,10823.3202557143,20671.0702392710,16743.5668938095,18,9,1,43195.6406108827,1200.0000000000,10800.0000000000,6000.0000000000
2025-05-15,oracle,完美信息Oracle,34265.8988228292,0.0000000000,34265.8988228292,56389.6850462963,0.0000000000,0.0000000000,19076.9829629630,15452.3562000000,0,0,0,34265.8988228292,1200.0000000000,10800.0000000000,6000.0000000000
2025-05-16,static,静态典型日,35126.9485892896,0.0000000000,35126.9485892896,59482.6989983539,0.0000000000,52826.4659000000,20740.6661316872,16799.9395666667,0,0,0,35126.9485892896,1200.0000000000,10800.0000000000,6000.0000000000
2025-05-16,point,点预测,13388.1326714187,5718.9943549789,19107.1270263976,26697.0792666667,1483.9644709524,22425.5372042857,16000.0000000000,12960.0000000000,52,13,1,13388.1326714187,1200.0000000000,10800.0000000000,6000.0000000000
2025-05-16,q80,加权Q80,16506.1479221104,456.2126872517,16962.3606093621,30497.6528588095,157.1811969048,24899.3275223809,16000.0000000000,12960.0000000000,12,8,1,16506.1479221104,1200.0000000000,10800.0000000000,6000.0000000000
2025-05-16,saa,两阶段SAA（主方案）,16612.1716788666,439.4932504183,17051.6649292849,30691.3050902381,154.6857585714,25090.4843154762,16000.0000000000,12960.0000000000,11,7,1,17798.5281957786,1200.0000000000,10800.0000000000,6000.0000000000
2025-05-16,oracle,完美信息Oracle,13626.4977036508,0.0000000000,13626.4977036508,26936.6637083333,0.0000000000,21180.8672666667,16001.5258333333,12961.2359250000,0,0,0,13626.4977036508,1200.0000000000,10800.0000000000,6000.0000000000
2025-05-17,static,静态典型日,35126.9485892896,68.5065443000,35195.4551335896,59482.6989983539,32.0423500000,45125.2157000000,20740.6661316872,16799.9395666667,1,1,1,35126.9485892896,1200.0000000000,10800.0000000000,6000.0000000000
2025-05-17,point,点预测,13407.7151466291,15386.8299280107,28794.5450746398,26784.9976883333,3503.9749692857,16800.1735742857,16000.0000000000,12960.0000000000,77,12,1,13407.7151466291,1200.0000000000,10800.0000000000,6000.0000000000
2025-05-17,q80,加权Q80,16528.0902267740,3892.4670761317,20420.5573029057,30569.5429223809,961.6562000000,18042.4000390476,16000.0000000000,12960.0000000000,25,11,1,16528.0902267740,1200.0000000000,10800.0000000000,6000.0000000000
2025-05-17,saa,两阶段SAA（主方案）,16600.4890942545,1331.3760655806,17931.8651598351,30734.4981911905,379.2504992857,17624.9496071429,16000.0000000000,12960.0000000000,17,11,1,17775.7454220682,1200.0000000000,10800.0000000000,6000.0000000000
2025-05-17,oracle,完美信息Oracle,14479.4933451083,0.0000000000,14479.4933451083,27881.5320833333,0.0000000000,14392.7330000000,16000.0000000000,12960.0000000000,0,0,0,14479.4933451083,1200.0000000000,10800.0000000000,6000.0000000000
2025-05-18,static,静态典型日,35126.9485892896,14592.9565350667,49719.9051243563,59482.6989983539,3953.7541166667,5819.5584500000,20740.6661316872,16799.9395666667,82,10,1,35126.9485892896,1200.0000000000,10800.0000000000,6000.0000000000
2025-05-18,point,点预测,33567.2149729237,12635.2085663179,46202.4235392417,55628.5339585803,3582.2186519047,2084.9529683333,18155.9554850088,14706.3239428571,85,21,1,33567.2149729237,1200.0000000000,10800.0000000000,6000.0000000000
2025-05-18,q80,加权Q80,39263.1163485848,2933.4192472057,42196.5355957905,64263.0121249001,856.9789064286,7856.4908264286,18880.6952889477,15293.3631840476,30,11,1,39263.1163485848,1200.0000000000,10800.0000000000,6000.0000000000
2025-05-18,saa,两阶段SAA（主方案）,39875.8638186229,2066.8432197649,41942.7070383878,65522.6814391828,685.3984978571,8853.2001676190,19361.6403653733,15682.9286959524,27,11,1,42226.6805668322,1200.0000000000,10800.0000000000,6000.0000000000
2025-05-18,oracle,完美信息Oracle,34102.0071346052,0.0000000000,34102.0071346052,57331.5518127572,0.0000000000,0.0000000000,19238.8616460905,15583.4779333333,0,0,0,34102.0071346052,1200.0000000000,10800.0000000000,6000.0000000000
2025-05-19,static,静态典型日,35126.9485892896,10829.1588391917,45956.1074284813,59482.6989983539,2211.8490333333,10238.6049166667,20740.6661316872,16799.9395666667,54,8,1,35126.9485892896,1200.0000000000,10800.0000000000,6000.0000000000
2025-05-19,point,点预测,33310.0651611054,7674.0992453270,40984.1644064324,55498.8317462757,1556.3404095238,6063.9278859524,18294.8827360376,14818.8550161905,59,19,1,33310.0651611054,1200.0000000000,10800.0000000000,6000.0000000000
2025-05-19,q80,加权Q80,38939.2576327588,1072.9653204850,40012.2229532438,64126.8627410141,190.2942773810,13169.8480211905,19116.2760379189,15484.1835907143,12,9,1,38939.2576327588,1200.0000000000,10800.0000000000,6000.0000000000
2025-05-19,saa,两阶段SAA（主方案）,39558.1812170721,829.0357187811,40387.2169358531,65396.0757146561,140.3762919048,14302.5407969048,19572.0771560847,15853.3824964286,10,7,1,41922.8925576134,1200.0000000000,10800.0000000000,6000.0000000000
2025-05-19,oracle,完美信息Oracle,31747.7255784817,0.0000000000,31747.7255784817,51483.5901351852,0.0000000000,540.1619962963,18043.2188888889,14615.0073000000,0,0,0,31747.7255784817,1200.0000000000,10800.0000000000,6000.0000000000
2025-05-20,static,静态典型日,35126.9485892896,18058.1251606417,53185.0737499313,59482.6989983539,4188.8551000000,5203.4327166667,20740.6661316872,16799.9395666667,78,7,1,35126.9485892896,1200.0000000000,10800.0000000000,6000.0000000000
2025-05-20,point,点预测,33010.8901778208,17098.8499277714,50109.7401055922,54888.2545437449,4416.7375404762,1260.9847030952,18508.4871813639,14991.8746169048,86,15,1,33010.8901778208,1200.0000000000,10800.0000000000,6000.0000000000
2025-05-20,q80,加权Q80,38271.1955778198,3740.0235692980,42011.2191471177,62855.4123713874,937.4390804762,5638.3411821429,19090.0813318636,15462.9658788095,23,9,1,38271.1955778198,1200.0000000000,10800.0000000000,6000.0000000000
2025-05-20,saa,两阶段SAA（主方案）,38963.8769062227,1915.5194703077,40879.3963765304,64295.5714261287,531.5746014286,6566.2048807143,19650.2438430335,15916.6975128571,19,9,1,41241.8189159655,1200.0000000000,10800.0000000000,6000.0000000000
2025-05-20,oracle,完美信息Oracle,34946.3666442491,0.0000000000,34946.3666442491,58020.2221372428,0.0000000000,0.0000000000,18383.3016872428,14890.4743666667,0,0,0,34946.3666442491,1200.0000000000,10800.0000000000,6000.0000000000
2025-05-21,static,静态典型日,35126.9485892896,13167.1594168917,48294.1080061813,59482.6989983539,2860.3799500000,7039.7371000000,20740.6661316872,16799.9395666667,62,12,1,35126.9485892896,1200.0000000000,10800.0000000000,6000.0000000000
2025-05-21,point,点预测,33273.4029241670,13282.1995685970,46555.6024927639,55317.3645506908,3126.5015935714,3591.1089966667,18369.1677066432,14879.0258423810,73,14,1,33273.4029241670,1200.0000000000,10800.0000000000,6000.0000000000
2025-05-21,q80,加权Q80,38514.8506034076,3176.7054331796,41691.5560365872,63355.9805816990,822.5001552381,9232.6678502381,18858.9347545561,15275.7371511905,24,8,1,38514.8506034076,1200.0000000000,10800.0000000000,6000.0000000000
2025-05-21,saa,两阶段SAA（主方案）,39147.5614175645,1827.0131223002,40974.5745398647,64655.3362283275,538.8540423810,10141.9523369048,19419.0665814227,15729.4439309524,17,7,1,41459.2183484932,1200.0000000000,10800.0000000000,6000.0000000000
2025-05-21,oracle,完美信息Oracle,33694.3531754248,0.0000000000,33694.3531754248,54668.3815246914,0.0000000000,0.0000000000,17398.7696913580,14093.0034500000,0,0,0,33694.3531754248,1200.0000000000,10800.0000000000,6000.0000000000
2025-05-22,static,静态典型日,35126.9485892896,9518.5302591917,44645.4788484813,59482.6989983539,1941.0486166667,6666.3902333333,20740.6661316872,16799.9395666667,55,12,1,35126.9485892896,1200.0000000000,10800.0000000000,6000.0000000000
2025-05-22,point,点预测,33385.1689711121,6494.9139623995,39880.0829335116,54952.1493234833,1606.6882219048,2296.6506778572,18134.5055308642,14688.9494800000,65,22,1,33385.1689711121,1200.0000000000,10800.0000000000,6000.0000000000
2025-05-22,q80,加权Q80,38719.2055896245,671.8838143869,39391.0894040114,63157.4481291299,185.3185633333,8982.8630880952,18648.8041457966,15105.5313580952,13,8,1,38719.2055896245,1200.0000000000,10800.0000000000,6000.0000000000
2025-05-22,saa,两阶段SAA（主方案）,39253.9110739624,472.3293506674,39726.2404246297,64294.4893185714,144.7715738095,9969.5941211000,19226.5050242857,15573.4690696714,10,6,1,41520.9594047603,1200.0000000000,10800.0000000000,6000.0000000000
2025-05-22,oracle,完美信息Oracle,33154.2209818452,0.0000000000,33154.2209818452,54250.9810514403,0.0000000000,0.0000000000,18075.5275514403,14641.1773166667,0,0,0,33154.2209818452,1200.0000000000,10800.0000000000,6000.0000000000
2025-05-23,static,静态典型日,35126.9485892896,0.0000000000,35126.9485892896,59482.6989983539,0.0000000000,49121.0235500000,20740.6661316872,16799.9395666667,0,0,0,35126.9485892896,1200.0000000000,10800.0000000000,6000.0000000000
2025-05-23,point,点预测,13468.9901417036,8756.8390792420,22225.8292209456,26681.0787071429,2212.4236833333,19432.5535071429,16000.0000000000,12960.0000000000,69,20,1,13468.9901417036,1200.0000000000,10800.0000000000,6000.0000000000
2025-05-23,q80,加权Q80,16147.7321618240,1452.5390084074,17600.2711702314,29920.2511790476,412.4962723810,20871.7985680952,16000.0000000000,12960.0000000000,18,10,1,16147.7321618240,1200.0000000000,10800.0000000000,6000.0000000000
2025-05-23,saa,两阶段SAA（主方案）,16224.6913938371,317.8421449520,16542.5335387891,30049.5974409524,146.1079450000,20734.7565026190,16000.0000000000,12960.0000000000,8,4,1,17466.9216891574,1200.0000000000,10800.0000000000,6000.0000000000
2025-05-23,oracle,完美信息Oracle,13622.3274059950,0.0000000000,13622.3274059950,26848.3164166667,0.0000000000,17387.3675333333,16000.0000000000,12960.0000000000,0,0,0,13622.3274059950,1200.0000000000,10800.0000000000,6000.0000000000
2025-05-24,static,静态典型日,35126.9485892896,0.0000000000,35126.9485892896,59482.6989983539,0.0000000000,51787.4710500000,20740.6661316872,16799.9395666667,0,0,0,35126.9485892896,1200.0000000000,10800.0000000000,6000.0000000000
2025-05-24,point,点预测,13754.1713352773,4242.6999806751,17996.8713159524,27099.6447128572,1091.8592030952,21397.0025326191,16000.0000000000,12960.0000000000,45,14,1,13754.1713352773,1200.0000000000,10800.0000000000,6000.0000000000
2025-05-24,q80,加权Q80,16298.0058173191,693.8818668605,16991.8876841795,30160.6744907143,197.1099188095,23563.2830261905,16000.0000000000,12960.0000000000,16,8,1,16298.0058173191,1200.0000000000,10800.0000000000,6000.0000000000
2025-05-24,saa,两阶段SAA（主方案）,16376.0272013076,284.8274914250,16660.8546927326,30294.9876876190,120.3043123810,23620.7906166667,16000.0000000000,12960.0000000000,14,7,1,17590.0573961873,1200.0000000000,10800.0000000000,6000.0000000000
2025-05-24,oracle,完美信息Oracle,13428.7729981533,0.0000000000,13428.7729981533,26746.7959166667,0.0000000000,19952.2945333333,16000.0000000000,12960.0000000000,0,0,0,13428.7729981533,1200.0000000000,10800.0000000000,6000.0000000000
2025-05-25,static,静态典型日,35126.9485892896,10939.6397914500,46066.5883807396,59482.6989983539,2227.9535000000,9224.9157500000,20740.6661316872,16799.9395666667,53,10,1,35126.9485892896,1200.0000000000,10800.0000000000,6000.0000000000
2025-05-25,point,点预测,33275.2391869693,5394.3323224110,38669.5715093804,54802.2176807672,1206.4247054762,4023.0740661905,18108.2007195767,14667.6425828571,50,21,1,33275.2391869693,1200.0000000000,10800.0000000000,6000.0000000000
2025-05-25,q80,加权Q80,37764.0542533108,561.5909134548,38325.6451667656,61769.1358592181,129.3867909524,9707.3693240476,19190.2270673133,15544.0839245238,10,8,1,37764.0542533108,1200.0000000000,10800.0000000000,6000.0000000000
2025-05-25,saa,两阶段SAA（主方案）,38392.7440796485,483.0579177276,38875.8019973761,62995.1970217078,111.4165445238,10952.9809550000,18992.7496205173,15384.1271926190,9,8,1,40563.1305409174,1200.0000000000,10800.0000000000,6000.0000000000
2025-05-25,oracle,完美信息Oracle,32070.9899099475,0.0000000000,32070.9899099475,51860.1299800412,0.0000000000,0.0000000000,17447.9989300412,14132.8791333333,0,0,0,32070.9899099475,1200.0000000000,10800.0000000000,6000.0000000000
2025-05-26,static,静态典型日,35126.9485892896,16633.7073290833,51760.6559183730,59482.6989983539,4048.7052166667,5010.8447000000,20740.6661316872,16799.9395666667,66,9,1,35126.9485892896,1200.0000000000,10800.0000000000,6000.0000000000
2025-05-26,point,点预测,32764.9512817409,21001.9051767284,53766.8564584693,53771.7004687507,5640.5741390476,1446.5176230952,17820.6528142269,14434.7287795238,81,16,1,32764.9512817409,1200.0000000000,10800.0000000000,6000.0000000000
2025-05-26,q80,加权Q80,37022.3766095189,9959.0175374476,46981.3941469665,60285.2053568430,2834.1555430952,4962.1858040476,18828.1165573192,15250.7744114286,41,13,1,37022.3766095189,1200.0000000000,10800.0000000000,6000.0000000000
2025-05-26,saa,两阶段SAA（主方案）,37716.6710589896,7630.6091777899,45347.2802367795,61705.8979120508,2327.4903052381,5878.2571095238,18817.3587250794,15242.0605673143,35,11,1,39844.8632149388,1200.0000000000,10800.0000000000,6000.0000000000
2025-05-26,oracle,完美信息Oracle,34826.3954388623,0.0000000000,34826.3954388623,58135.6453236667,0.0000000000,0.0000000000,18714.8019666667,15158.9895930000,0,0,0,34826.3954388623,1200.0000000000,10800.0000000000,6000.0000000000
2025-05-27,static,静态典型日,35126.9485892896,12111.0821232500,47238.0307125396,59482.6989983539,2563.5128500000,8715.1179833333,20740.6661316872,16799.9395666667,56,8,1,35126.9485892896,1200.0000000000,10800.0000000000,6000.0000000000
2025-05-27,point,点预测,33450.6119658005,6970.5950704042,40421.2070362048,55068.4726208877,1717.1635407143,3961.6558609524,18071.6473718401,14638.0343711905,63,18,1,33450.6119658005,1200.0000000000,10800.0000000000,6000.0000000000
2025-05-27,q80,加权Q80,37852.2895676430,532.9851734385,38385.2747410815,62003.0799062599,184.6787576190,9197.6652935714,18945.9266858289,15346.2006155214,16,11,1,37852.2895676430,1200.0000000000,10800.0000000000,6000.0000000000
2025-05-27,saa,两阶段SAA（主方案）,38557.4402948542,305.6646564905,38863.1049513446,63432.2808141182,135.7114152381,10553.9605819048,19071.9176181658,15448.2532707143,12,8,1,40781.2688652457,1200.0000000000,10800.0000000000,6000.0000000000
2025-05-27,oracle,完美信息Oracle,32221.6261928561,0.0000000000,32221.6261928561,52742.1722537037,0.0000000000,0.0000000000,17641.0787037037,14289.2737500000,0,0,0,32221.6261928561,1200.0000000000,10800.0000000000,6000.0000000000
2025-05-28,static,静态典型日,35126.9485892896,14876.6387790417,50003.5873683313,59482.6989983539,3743.8187500000,7011.9670833333,20740.6661316872,16799.9395666667,74,8,1,35126.9485892896,1200.0000000000,10800.0000000000,6000.0000000000
2025-05-28,point,点预测,33157.7177852949,15173.1557643406,48330.8735496355,54460.2338587008,4264.7328773809,3054.2475147619,17878.3953753674,14481.5002540476,78,16,1,33157.7177852949,1200.0000000000,10800.0000000000,6000.0000000000
2025-05-28,q80,加权Q80,37133.9998704176,5950.9252625219,43084.9251329395,60884.8136372546,1747.1744376190,6787.1365802381,18794.8810243974,15223.8536297619,41,14,1,37133.9998704176,1200.0000000000,10800.0000000000,6000.0000000000
2025-05-28,saa,两阶段SAA（主方案）,37892.1697104415,3970.8092317338,41862.9789421753,62403.6423781158,1320.2444933333,7887.6914714286,18749.3226316872,15186.9513316667,36,15,1,40154.1161898924,1200.0000000000,10800.0000000000,6000.0000000000
2025-05-28,oracle,完美信息Oracle,33612.3395490878,0.0000000000,33612.3395490878,55860.2541895062,0.0000000000,0.0000000000,18875.9478395062,15289.5177500000,0,0,0,33612.3395490878,1200.0000000000,10800.0000000000,6000.0000000000
2025-05-29,static,静态典型日,35126.9485892896,15954.9424675083,51081.8910567980,59482.6989983539,3563.2618833333,4995.1108166667,20740.6661316872,16799.9395666667,70,12,1,35126.9485892896,1200.0000000000,10800.0000000000,6000.0000000000
2025-05-29,point,点预测,33005.6409709321,19052.2933050299,52057.9342759620,54301.4779406585,4605.6386797619,1346.3928378572,18161.0541187537,14710.4538361905,97,21,1,33005.6409709321,1200.0000000000,10800.0000000000,6000.0000000000
2025-05-29,q80,加权Q80,37042.4512309149,6003.8059952773,43046.2572261922,60996.6288491339,1396.9614140476,4710.4591452381,18805.3032523339,15232.2956343905,46,18,1,37042.4512309149,1200.0000000000,10800.0000000000,6000.0000000000
2025-05-29,saa,两阶段SAA（主方案）,37802.6449446292,3382.9951103454,41185.6400549746,62556.8790008054,825.0502150167,5628.8745311905,19173.3220243768,15530.3908397452,37,17,1,39890.1422586217,1200.0000000000,10800.0000000000,6000.0000000000
2025-05-29,oracle,完美信息Oracle,34933.8503436043,0.0000000000,34933.8503436043,57825.4537303333,0.0000000000,0.0000000000,19554.3696333333,15839.0394030000,0,0,0,34933.8503436043,1200.0000000000,10800.0000000000,6000.0000000000
2025-05-30,static,静态典型日,35126.9485892896,0.0000000000,35126.9485892896,59482.6989983539,0.0000000000,48945.7391666667,20740.6661316872,16799.9395666667,0,0,0,35126.9485892896,1200.0000000000,10800.0000000000,6000.0000000000
2025-05-30,point,点预测,13484.0223759421,11329.1274216416,24813.1497975837,26736.4171290476,2793.3787621429,19893.5626245238,16000.0000000000,12960.0000000000,58,12,1,13484.0223759421,1200.0000000000,10800.0000000000,6000.0000000000
2025-05-30,q80,加权Q80,15554.6526936901,4628.1170636988,20182.7697573889,29400.6582235714,1179.3645188095,20943.7894757143,16000.0000000000,12960.0000000000,31,9,1,15554.6526936901,1200.0000000000,10800.0000000000,6000.0000000000
2025-05-30,saa,两阶段SAA（主方案）,15646.7510960638,1762.1559702702,17408.9070663341,29560.0507980952,466.8313611905,20390.6488926190,16000.0000000000,12960.0000000000,17,8,1,16552.3560360750,1200.0000000000,10800.0000000000,6000.0000000000
2025-05-30,oracle,完美信息Oracle,13763.7289292900,0.0000000000,13763.7289292900,27002.0437000000,0.0000000000,17365.8104333333,16000.0000000000,12960.0000000000,0,0,0,13763.7289292900,1200.0000000000,10800.0000000000,6000.0000000000
2025-05-31,static,静态典型日,35126.9485892896,265.9615343000,35392.9101235896,59482.6989983539,124.3973500000,47277.1882333333,20740.6661316872,16799.9395666667,1,1,1,35126.9485892896,1200.0000000000,10800.0000000000,6000.0000000000
2025-05-31,point,点预测,13800.7634847003,12063.3035082965,25864.0669929968,27184.7918385714,2917.2536045238,18672.8638930952,16000.0000000000,12960.0000000000,64,15,1,13800.7634847003,1200.0000000000,10800.0000000000,6000.0000000000
2025-05-31,q80,加权Q80,15830.6841807079,4581.8899119643,20412.5740926722,29842.2581045238,1133.4477164286,19546.5242709524,16000.0000000000,12960.0000000000,30,12,1,15830.6841807079,1200.0000000000,10800.0000000000,6000.0000000000
2025-05-31,saa,两阶段SAA（主方案）,15938.4810739254,1413.6156856246,17352.0967595501,30004.7794530952,434.1357990476,19009.7337021429,16000.0000000000,12960.0000000000,21,12,1,16889.0688614738,1200.0000000000,10800.0000000000,6000.0000000000
2025-05-31,oracle,完美信息Oracle,13501.4462738096,0.0000000000,13501.4462738096,27003.0944208333,0.0000000000,15567.9912833333,16031.1662500000,12985.2446625000,0,0,0,13501.4462738096,1200.0000000000,10800.0000000000,6000.0000000000
2025-06-01,static,静态典型日,35126.9485892896,68587.3536539417,103714.3022432313,59482.6989983539,17392.8824666667,1710.0286000000,20740.6661316872,16799.9395666667,124,3,1,35126.9485892896,1200.0000000000,10800.0000000000,6000.0000000000
2025-06-01,point,点预测,33977.5492174627,73662.2027350042,107639.7519524669,56159.0422612052,18774.5774045238,150.6083202381,18727.2897131099,15169.1046676191,134,6,1,33977.5492174627,1200.0000000000,10800.0000000000,6000.0000000000
2025-06-01,q80,加权Q80,38229.7085689010,48162.8636726752,86392.5722415762,63194.0383572751,12423.2392538095,713.5267819048,19362.7606798942,15683.8361507143,118,6,1,38229.7085689010,1200.0000000000,10800.0000000000,6000.0000000000
2025-06-01,saa,两阶段SAA（主方案）,38769.6715740507,44772.2147172637,83541.8862913144,64311.7811300353,11705.4100676190,986.7006697619,20029.8117257496,16224.1474978571,115,6,1,40881.2619160341,1200.0000000000,10800.0000000000,6000.0000000000
2025-06-01,oracle,完美信息Oracle,46024.7381471636,0.0000000000,46024.7381471636,75357.9879183128,0.0000000000,0.0000000000,21753.4822016461,17620.3205833333,0,0,0,46024.7381471636,1200.0000000000,10800.0000000000,6000.0000000000
2025-06-02,static,静态典型日,35126.9485892896,60694.4323803750,95821.3809696646,59482.6989983539,14521.0404333333,1422.2054166667,20740.6661316872,16799.9395666667,121,8,1,35126.9485892896,1200.0000000000,10800.0000000000,6000.0000000000
2025-06-02,point,点预测,34664.0921884042,63612.9835886024,98277.0757770066,57696.7044001529,15461.5905857143,915.0977683333,18959.9461449148,15357.5563773810,129,6,1,34664.0921884042,1200.0000000000,10800.0000000000,6000.0000000000
2025-06-02,q80,加权Q80,39977.5579008347,37158.6193952365,77136.1772960712,66277.7806137566,9090.6902178571,2918.7765533333,20046.7727804233,16237.8859521429,117,8,1,39977.5579008347,1200.0000000000,10800.0000000000,6000.0000000000
2025-06-02,saa,两阶段SAA（主方案）,40615.1175239100,33593.9525523685,74209.0700762785,67473.0006239153,8360.5101880941,3212.5361171429,20948.2486571928,16968.0814123262,112,11,1,44671.2423825233,1200.0000000000,10800.0000000000,6000.0000000000
2025-06-02,oracle,完美信息Oracle,45130.1575457149,0.0000000000,45130.1575457149,72824.1264020576,0.0000000000,0.0000000000,22017.4681687243,17834.1492166667,0,0,0,45130.1575457149,1200.0000000000,10800.0000000000,6000.0000000000
2025-06-03,static,静态典型日,35126.9485892896,57537.1736972583,92664.1222865480,59482.6989983539,13638.7255500000,988.3311500000,20740.6661316872,16799.9395666667,129,5,1,35126.9485892896,1200.0000000000,10800.0000000000,6000.0000000000
2025-06-03,point,点预测,35424.6851636069,53428.8558895788,88853.5410531857,58825.4502472072,13021.4382250000,62.9667695238,18902.9203650000,15311.3654956500,140,5,1,35424.6851636069,1200.0000000000,10800.0000000000,6000.0000000000
2025-06-03,q80,加权Q80,41988.6654055730,18188.4478895229,60177.1132950959,69241.3376752567,4455.6544916667,1477.4566961905,21195.6244073663,17168.4557699667,98,19,1,41988.6654055730,1200.0000000000,10800.0000000000,6000.0000000000
2025-06-03,saa,两阶段SAA（主方案）,42469.6014646318,16193.9715736549,58663.5730382867,70052.7049240641,4059.5850392857,1821.1499557143,21572.4903910641,17473.7172167619,93,18,1,47617.0865703173,1200.0000000000,10800.0000000000,6000.0000000000
2025-06-03,oracle,完美信息Oracle,44492.6533759202,0.0000000000,44492.6533759202,72370.4135316872,0.0000000000,0.0000000000,21989.7194650206,17811.6727666667,0,0,0,44492.6533759202,1200.0000000000,10800.0000000000,6000.0000000000
2025-06-04,static,静态典型日,35126.9485892896,59362.5371235500,94489.4857128396,59482.6989983539,15256.0504166667,1152.7620333333,20740.6661316872,16799.9395666667,126,5,1,35126.9485892896,1200.0000000000,10800.0000000000,6000.0000000000
2025-06-04,point,点预测,36208.5989751391,49404.7818532917,85613.3808284308,60426.1301338918,13046.2434316666,156.1604226190,19320.8017172252,15649.8493909524,134,6,1,36208.5989751391,1200.0000000000,10800.0000000000,6000.0000000000
2025-06-04,q80,加权Q80,44668.9967361431,13452.3957553771,58121.3924915202,73362.6962720284,3712.7039802381,3272.6884902381,21881.3207650617,17723.8698197000,74,17,1,44668.9967361431,1200.0000000000,10800.0000000000,6000.0000000000
2025-06-04,saa,两阶段SAA（主方案）,44855.5733212784,13026.9831804236,57882.5565017020,73599.5574933189,3615.6083657143,3427.9079159524,21799.9848758642,17657.9877494500,74,17,1,49298.9430395682,1200.0000000000,10800.0000000000,6000.0000000000
2025-06-04,oracle,完美信息Oracle,44940.0008862194,0.0000000000,44940.0008862194,73729.0651888889,0.0000000000,0.0000000000,21493.7072222222,17409.9028500000,0,0,0,44940.0008862194,1200.0000000000,10800.0000000000,6000.0000000000
2025-06-05,static,静态典型日,35126.9485892896,65081.8431196083,100208.7917088980,59482.6989983539,16195.0410333333,587.6954500000,20740.6661316872,16799.9395666667,128,2,1,35126.9485892896,1200.0000000000,10800.0000000000,6000.0000000000
2025-06-05,point,点预测,36886.7231331219,51879.8584800449,88766.5816131668,61521.6708708907,13434.2502897619,61.3641459524,19711.7842001764,15966.5452021429,139,5,1,36886.7231331219,1200.0000000000,10800.0000000000,6000.0000000000
2025-06-05,q80,加权Q80,47091.8629187064,9161.4135197723,56253.2764384787,76427.0411884119,2453.0212457143,3484.8460973810,22346.8332635714,18100.9349434929,70,21,1,47091.8629187064,1200.0000000000,10800.0000000000,6000.0000000000
2025-06-05,saa,两阶段SAA（主方案）,47230.4701543762,9039.4744734188,56269.9446277950,76597.6566809524,2431.2649516667,3634.0052609524,22345.2545000000,18099.6561450000,69,20,1,50784.8716735089,1200.0000000000,10800.0000000000,6000.0000000000
2025-06-05,oracle,完美信息Oracle,46275.6960912053,0.0000000000,46275.6960912053,75449.3831528807,0.0000000000,0.0000000000,22631.9217695473,18331.8566333333,0,0,0,46275.6960912053,1200.0000000000,10800.0000000000,6000.0000000000
2025-06-06,static,静态典型日,35126.9485892896,115.4884999000,35242.4370891896,59482.6989983539,50.8160333333,24737.7930666667,20740.6661316872,16799.9395666667,2,1,1,35126.9485892896,1200.0000000000,10800.0000000000,6000.0000000000
2025-06-06,point,点预测,13976.2584099721,58358.9852086725,72335.2436186446,27398.7130150000,14455.9976750000,7959.7152900000,16000.0000000000,12960.0000000000,114,5,1,13976.2584099721,1200.0000000000,10800.0000000000,6000.0000000000
2025-06-06,q80,加权Q80,19363.1719620187,18577.4919744149,37940.6639364336,34656.0127519048,4582.7562121429,5343.7735640476,16000.0000000000,12960.0000000000,79,15,1,19363.1719620187,1200.0000000000,10800.0000000000,6000.0000000000
2025-06-06,saa,两阶段SAA（主方案）,19489.6102388770,11950.9600661800,31440.5703050571,34926.1903261905,2930.2585509524,3961.4534771429,16000.0000000000,12960.0000000000,69,16,1,21548.3706090531,1200.0000000000,10800.0000000000,6000.0000000000
2025-06-06,oracle,完美信息Oracle,20768.2707371600,0.0000000000,20768.2707371600,36061.4147333333,0.0000000000,2166.4193333333,16000.0000000000,12960.0000000000,0,0,0,20768.2707371600,1200.0000000000,10800.0000000000,6000.0000000000
2025-06-07,static,静态典型日,35126.9485892896,386.0998517250,35513.0484410146,59482.6989983539,177.6863000000,24593.1455666667,20740.6661316872,16799.9395666667,5,2,1,35126.9485892896,1200.0000000000,10800.0000000000,6000.0000000000
2025-06-07,point,点预测,14392.4325761552,44981.3823794733,59373.8149556285,28051.3997280952,11414.3892564286,5299.2758178571,16000.0000000000,12960.0000000000,117,5,1,14392.4325761552,1200.0000000000,10800.0000000000,6000.0000000000
2025-06-07,q80,加权Q80,20495.3864937962,8749.0742822658,29244.4607760620,36191.6025852381,2070.2325130952,4095.3219316667,16000.0000000000,12960.0000000000,55,19,1,20495.3864937962,1200.0000000000,10800.0000000000,6000.0000000000
2025-06-07,saa,两阶段SAA（主方案）,21238.5331151713,4456.2081156264,25694.7412307978,37679.1981475571,1146.9605530952,4917.9525857143,14640.4892014286,11858.7962531571,40,19,1,23324.7267951159,1200.0000000000,10800.0000000000,6000.0000000000
2025-06-07,oracle,完美信息Oracle,19763.3386989883,0.0000000000,19763.3386989883,34886.9915333333,0.0000000000,720.4783666667,16000.0000000000,12960.0000000000,0,0,0,19763.3386989883,1200.0000000000,10800.0000000000,6000.0000000000
2025-06-08,static,静态典型日,35126.9485892896,48274.2024396167,83401.1510289063,59482.6989983539,12082.3512166667,2439.4003833333,20740.6661316872,16799.9395666667,109,5,1,35126.9485892896,1200.0000000000,10800.0000000000,6000.0000000000
2025-06-08,point,点预测,42971.1612696362,14866.0228965966,57837.1841662328,71113.2021199176,3757.0464419048,5540.3999673810,21815.3964619724,17670.4711341976,82,13,1,42971.1612696362,1200.0000000000,10800.0000000000,6000.0000000000
2025-06-08,q80,加权Q80,55467.8883349598,170.4729460090,55638.3612809689,88048.1429915285,43.3049723810,18269.2711411905,24406.5976634333,19769.3441073810,4,4,1,55467.8883349598,1200.0000000000,10800.0000000000,6000.0000000000
2025-06-08,saa,两阶段SAA（主方案）,55794.6759639338,170.4729460090,55965.1489099428,88436.6040924398,43.3049723810,18646.9892488095,24463.1397333921,19815.1431840476,4,4,1,59232.1270222795,1200.0000000000,10800.0000000000,6000.0000000000
2025-06-08,oracle,完美信息Oracle,42668.2605882594,0.0000000000,42668.2605882594,68837.2136152263,0.0000000000,0.0000000000,19222.5807818930,15570.2904333333,0,0,0,42668.2605882594,1200.0000000000,10800.0000000000,6000.0000000000
2025-06-09,static,静态典型日,35126.9485892896,65646.7848619166,100773.7334512063,59482.6989983539,16094.9708166667,704.2305166667,20740.6661316872,16799.9395666667,123,5,1,35126.9485892896,1200.0000000000,10800.0000000000,6000.0000000000
2025-06-09,point,点预测,42080.4032847646,27103.1767006234,69183.5799853879,69683.6518056085,6714.8603457143,1391.7942811905,21442.1322989418,17368.1271621429,116,13,1,42080.4032847646,1200.0000000000,10800.0000000000,6000.0000000000
2025-06-09,q80,加权Q80,54208.3191002789,1079.8046821787,55288.1237824576,86195.8510855173,377.4169452381,11145.9552921429,23655.7895014697,19161.1894961905,15,10,1,54208.3191002789,1200.0000000000,10800.0000000000,6000.0000000000
2025-06-09,saa,两阶段SAA（主方案）,54598.5404781985,1079.8046821787,55678.3451603771,86753.8134020958,377.4169452381,11597.9047685714,24213.7518180482,19613.1389726190,15,10,1,58059.0302196480,1200.0000000000,10800.0000000000,6000.0000000000
2025-06-09,oracle,完美信息Oracle,46499.1155199839,0.0000000000,46499.1155199839,75145.9184106337,0.0000000000,0.0000000000,22174.7667226337,17961.5610453333,0,0,0,46499.1155199839,1200.0000000000,10800.0000000000,6000.0000000000
2025-06-10,static,静态典型日,35126.9485892896,68971.9859457833,104098.9345350730,59482.6989983539,17316.6106333333,1240.1388333333,20740.6661316872,16799.9395666667,127,3,1,35126.9485892896,1200.0000000000,10800.0000000000,6000.0000000000
2025-06-10,point,点预测,42490.4363474736,25811.0186055677,68301.4549530413,70294.7925129571,6713.1877014286,1264.4603221429,21710.9245205761,17585.8488616667,113,12,1,42490.4363474736,1200.0000000000,10800.0000000000,6000.0000000000
2025-06-10,q80,加权Q80,54660.8635517047,483.9204702648,55144.7840219695,86822.4265861317,174.5228230952,10822.7005333333,23977.9191713698,19422.1145288095,9,7,1,54660.8635517047,1200.0000000000,10800.0000000000,6000.0000000000
2025-06-10,saa,两阶段SAA（主方案）,54869.4427081445,483.9204702648,55353.3631784093,87119.9931034744,174.5228230952,11063.7294123810,24275.4856887125,19663.1434078571,9,7,1,58387.7727750918,1200.0000000000,10800.0000000000,6000.0000000000
2025-06-10,oracle,完美信息Oracle,46588.3416635905,0.0000000000,46588.3416635905,75864.9214841564,0.0000000000,0.0000000000,22349.8802674897,18103.4030166667,0,0,0,46588.3416635905,1200.0000000000,10800.0000000000,6000.0000000000
2025-06-11,static,静态典型日,35126.9485892896,87272.5086329250,122399.4572222147,59482.6989983539,21000.0155666667,457.5416833333,20740.6661316872,16799.9395666667,129,2,1,35126.9485892896,1200.0000000000,10800.0000000000,6000.0000000000
2025-06-11,point,点预测,42779.9075180641,41572.8048481890,84352.7123662531,71027.5989748913,9572.6590445238,391.0297119048,21709.3788991770,17584.5969083333,121,8,1,42779.9075180641,1200.0000000000,10800.0000000000,6000.0000000000
2025-06-11,q80,加权Q80,54914.5899737441,3828.9668528338,58743.5568265779,87506.3919476073,805.8103819048,7697.6882471429,23842.4619247501,19312.3941590476,18,6,1,54914.5899737441,1200.0000000000,10800.0000000000,6000.0000000000
2025-06-11,saa,两阶段SAA（主方案）,55037.5131706855,3665.5693657637,58703.0825364492,87684.5673309112,772.0472726190,7808.2471983333,24020.6373080541,19456.7162195238,17,6,1,58515.4876116314,1200.0000000000,10800.0000000000,6000.0000000000
2025-06-11,oracle,完美信息Oracle,50338.3669885246,0.0000000000,50338.3669885246,80551.3691362140,0.0000000000,0.0000000000,23510.1201028807,19043.1972833333,0,0,0,50338.3669885246,1200.0000000000,10800.0000000000,6000.0000000000
2025-06-12,static,静态典型日,35126.9485892896,73801.7097979750,108928.6583872646,59482.6989983539,18003.8363666667,1093.4173666667,20740.6661316872,16799.9395666667,126,3,1,35126.9485892896,1200.0000000000,10800.0000000000,6000.0000000000
2025-06-12,point,点预测,43650.9171427380,23787.4694678264,67438.3866105643,72018.8379509046,5798.6084880952,1123.8542983333,22322.1089859641,18080.9082786310,106,14,1,43650.9171427380,1200.0000000000,10800.0000000000,6000.0000000000
2025-06-12,q80,加权Q80,56090.6737730794,501.8651588619,56592.5389319413,88786.8681284039,167.1718371429,11811.1716464286,24686.7204514991,19996.2435657143,10,7,1,56090.6737730794,1200.0000000000,10800.0000000000,6000.0000000000
2025-06-12,saa,两阶段SAA（主方案）,56263.8008860894,501.8651588619,56765.6660449513,88988.1772212610,167.1718371429,12012.4807392857,24686.7204514991,19996.2435657143,10,7,1,59503.3002864059,1200.0000000000,10800.0000000000,6000.0000000000
2025-06-12,oracle,完美信息Oracle,47572.4554815360,0.0000000000,47572.4554815360,76814.7754709876,0.0000000000,0.0000000000,22959.9159876543,18597.5319500000,0,0,0,47572.4554815360,1200.0000000000,10800.0000000000,6000.0000000000
2025-06-13,static,静态典型日,35126.9485892896,0.0000000000,35126.9485892896,59482.6989983539,0.0000000000,27196.6587333333,20740.6661316872,16799.9395666667,0,0,0,35126.9485892896,1200.0000000000,10800.0000000000,6000.0000000000
2025-06-13,point,点预测,16711.0920585504,18509.4754950747,35220.5675536251,30945.0633569048,4519.7926871428,4079.5423440476,16000.0000000000,12960.0000000000,100,13,1,16711.0920585504,1200.0000000000,10800.0000000000,6000.0000000000
2025-06-13,q80,加权Q80,23616.8775268553,1876.2899555141,25493.1674823693,40853.2025176905,373.2755300000,10240.0473226190,13900.6159214286,11259.4988963571,16,7,1,23616.8775268553,1200.0000000000,10800.0000000000,6000.0000000000
2025-06-13,saa,两阶段SAA（主方案）,24355.3214650778,845.4751334677,25200.7965985455,42681.0008453263,174.4293528571,11850.7528140476,13996.6509691358,11337.2872850000,10,7,1,26913.2864715066,1200.0000000000,10800.0000000000,6000.0000000000
2025-06-13,oracle,完美信息Oracle,19625.0298027133,0.0000000000,19625.0298027133,34437.9784000000,0.0000000000,3049.4136318930,16017.1108847737,12973.8598166667,0,0,0,19625.0298027133,1200.0000000000,10800.0000000000,6000.0000000000
2025-06-14,static,静态典型日,35126.9485892896,388.4109564583,35515.3595457480,59482.6989983539,181.6763500000,29530.3060333333,20740.6661316872,16799.9395666667,6,3,1,35126.9485892896,1200.0000000000,10800.0000000000,6000.0000000000
2025-06-14,point,点预测,16838.2051808649,19928.2877841950,36766.4929650599,31210.8804100000,5493.1854288095,7470.7230888095,16000.0000000000,12960.0000000000,97,7,1,16838.2051808649,1200.0000000000,10800.0000000000,6000.0000000000
2025-06-14,q80,加权Q80,23370.4360715847,348.1124880168,23718.5485596015,40588.5908616500,124.9843433333,11826.3841519048,14178.1489635714,11484.3006604929,6,4,1,23370.4360715847,1200.0000000000,10800.0000000000,6000.0000000000
2025-06-14,saa,两阶段SAA（主方案）,24265.8507861089,316.0641422407,24581.9149283496,42652.8943833921,110.4532411905,13894.6130433333,14081.0096381540,11405.6178069048,5,3,1,26817.8376268029,1200.0000000000,10800.0000000000,6000.0000000000
2025-06-14,oracle,完美信息Oracle,19545.5995355583,0.0000000000,19545.5995355583,34545.1807500000,0.0000000000,5311.8380000000,16000.0000000000,12960.0000000000,0,0,0,19545.5995355583,1200.0000000000,10800.0000000000,6000.0000000000
2025-06-15,static,静态典型日,35126.9485892896,67256.4803884083,102383.4289776980,59482.6989983539,16566.2553166667,1481.2534166667,20740.6661316872,16799.9395666667,123,4,1,35126.9485892896,1200.0000000000,10800.0000000000,6000.0000000000
2025-06-15,point,点预测,45184.7374342856,12486.0497572047,57670.7871914904,74001.6847113022,3065.8246697619,2189.9776835714,22371.3545482069,18120.7971840476,73,14,1,45184.7374342856,1200.0000000000,10800.0000000000,6000.0000000000
2025-06-15,q80,加权Q80,56684.5293372568,0.0000000000,56684.5293372568,89557.1182321076,0.0000000000,14263.6358135714,24560.5688694885,19894.0607842857,0,0,0,56684.5293372568,1200.0000000000,10800.0000000000,6000.0000000000
2025-06-15,saa,两阶段SAA（主方案）,56898.4368180821,0.0000000000,56898.4368180821,89831.6881114462,0.0000000000,14510.7093216667,24705.2866128748,20011.2821564286,0,0,0,60605.5776101215,1200.0000000000,10800.0000000000,6000.0000000000
2025-06-15,oracle,完美信息Oracle,45832.6009689767,0.0000000000,45832.6009689767,74870.3076666667,0.0000000000,0.0000000000,22333.3333333333,18090.0000000000,0,0,0,45832.6009689767,1200.0000000000,10800.0000000000,6000.0000000000
2025-06-16,static,静态典型日,35126.9485892896,72874.2191677250,108001.1677570146,59482.6989983539,17751.7854666667,599.7050833333,20740.6661316872,16799.9395666667,129,5,1,35126.9485892896,1200.0000000000,10800.0000000000,6000.0000000000
2025-06-16,point,点预测,45596.7609614329,15530.1166506227,61126.8776120555,74573.7520393095,3909.2456466667,1538.6937042857,22369.7429738095,18119.4918087857,106,17,1,45596.7609614329,1200.0000000000,10800.0000000000,6000.0000000000
2025-06-16,q80,加权Q80,57024.9741729091,483.7880923392,57508.7622652483,89957.8281603439,163.3342283333,12743.0702188095,24652.8387010582,19968.7993478571,7,3,1,57024.9741729091,1200.0000000000,10800.0000000000,6000.0000000000
2025-06-16,saa,两阶段SAA（主方案）,57210.7000689040,448.3834500535,57659.0835189574,90174.9533979277,155.5521330952,12950.9305445238,24660.6429991182,19975.1208292857,7,3,1,60882.4870766460,1200.0000000000,10800.0000000000,6000.0000000000
2025-06-16,oracle,完美信息Oracle,47555.5701366985,0.0000000000,47555.5701366985,77041.0066910185,0.0000000000,0.0000000000,22878.7046018519,18531.7507275000,0,0,0,47555.5701366985,1200.0000000000,10800.0000000000,6000.0000000000
2025-06-17,static,静态典型日,35126.9485892896,80904.0090169917,116030.9576062813,59482.6989983539,20075.8930666667,980.8542833333,20740.6661316872,16799.9395666667,128,3,1,35126.9485892896,1200.0000000000,10800.0000000000,6000.0000000000
2025-06-17,point,点预测,45692.5903289007,22273.3536286182,67965.9439575189,74763.6681356976,5549.2846116667,1427.3482985714,22361.0170111905,18112.4237790643,100,19,1,45692.5903289007,1200.0000000000,10800.0000000000,6000.0000000000
2025-06-17,q80,加权Q80,56949.1443537507,1770.0245225095,58719.1688762602,89914.5361159524,428.4894747619,10987.6810407143,24833.3333333333,20115.0000000000,12,6,1,56949.1443537507,1200.0000000000,10800.0000000000,6000.0000000000
2025-06-17,saa,两阶段SAA（主方案）,57193.9580217302,1770.0245225095,58963.9825442397,90198.8594588095,428.4894747619,11272.0043835714,24833.3333333333,20115.0000000000,12,6,1,60759.6101116695,1200.0000000000,10800.0000000000,6000.0000000000
2025-06-17,oracle,完美信息Oracle,48968.1314541749,0.0000000000,48968.1314541749,79029.9506790123,0.0000000000,0.0000000000,23120.7340123457,18727.7945500000,0,0,0,48968.1314541749,1200.0000000000,10800.0000000000,6000.0000000000
2025-06-18,static,静态典型日,35126.9485892896,64132.1555749750,99259.1041642646,59482.6989983539,16208.8754500000,822.4569833333,20740.6661316872,16799.9395666667,124,3,1,35126.9485892896,1200.0000000000,10800.0000000000,6000.0000000000
2025-06-18,point,点预测,46241.2280252960,10102.7311626520,56343.9591879480,75661.4165177905,2525.7242883333,2985.6353354762,22490.0766876190,18216.9621169714,71,20,1,46241.2280252960,1200.0000000000,10800.0000000000,6000.0000000000
2025-06-18,q80,加权Q80,57365.4396554781,83.8161070189,57449.2557624970,90575.9358740476,29.2645983333,14958.4762390476,24833.3333333333,20115.0000000000,4,3,1,57365.4396554781,1200.0000000000,10800.0000000000,6000.0000000000
2025-06-18,saa,两阶段SAA（主方案）,57597.1837085899,83.8161070189,57680.9998156088,90839.4054900000,29.2645983333,15221.9458550000,24833.3333333333,20115.0000000000,4,3,1,61246.7712576543,1200.0000000000,10800.0000000000,6000.0000000000
2025-06-18,oracle,完美信息Oracle,46025.5156228759,0.0000000000,46025.5156228759,75093.5213944444,0.0000000000,0.0000000000,21921.7394444444,17756.6089500000,0,0,0,46025.5156228759,1200.0000000000,10800.0000000000,6000.0000000000
2025-06-19,static,静态典型日,35126.9485892896,57090.3767368250,92217.3253261146,59482.6989983539,13718.9562333333,1001.4244666667,20740.6661316872,16799.9395666667,125,4,1,35126.9485892896,1200.0000000000,10800.0000000000,6000.0000000000
2025-06-19,point,点预测,45869.2573946857,10120.6945064433,55989.9519011290,74928.8365022222,2369.9921435714,4768.9011347619,22475.9121633245,18205.4888522929,67,15,1,45869.2573946857,1200.0000000000,10800.0000000000,6000.0000000000
2025-06-19,q80,加权Q80,56604.9819700472,500.9384998255,57105.9204698727,89353.5931212434,125.8609540476,16536.2781504762,24650.9038148148,19967.2320900000,6,4,1,56604.9819700472,1200.0000000000,10800.0000000000,6000.0000000000
2025-06-19,saa,两阶段SAA（主方案）,56943.6111640300,499.0214387124,57442.6326027424,89777.2251564286,125.4379611905,16924.8255842857,24833.3333333333,20115.0000000000,6,4,1,60630.6187023049,1200.0000000000,10800.0000000000,6000.0000000000
2025-06-19,oracle,完美信息Oracle,44653.6123335695,0.0000000000,44653.6123335695,72443.9139318930,0.0000000000,0.0000000000,22023.2091152263,17838.7993833333,0,0,0,44653.6123335695,1200.0000000000,10800.0000000000,6000.0000000000
2025-06-20,static,静态典型日,35126.9485892896,0.0000000000,35126.9485892896,59482.6989983539,0.0000000000,33141.3915833333,20740.6661316872,16799.9395666667,0,0,0,35126.9485892896,1200.0000000000,10800.0000000000,6000.0000000000
2025-06-20,point,点预测,17852.5271966822,6294.6536017840,24147.1807984663,32257.7121004762,1754.8348654762,8571.9661159524,16000.0000000000,12960.0000000000,53,16,1,17852.5271966822,1200.0000000000,10800.0000000000,6000.0000000000
2025-06-20,q80,加权Q80,23852.2334031814,13.1934678333,23865.4268710147,40811.9673111000,6.0271666667,15690.4368907143,14352.5091423810,11625.5324053286,1,1,1,23852.2334031814,1200.0000000000,10800.0000000000,6000.0000000000
2025-06-20,saa,两阶段SAA（主方案）,24605.5972773422,13.1934678333,24618.7907451755,42648.0642484215,6.0271666667,17654.4647061905,13679.1887310406,11080.1428721429,1,1,1,27347.2404256604,1200.0000000000,10800.0000000000,6000.0000000000
2025-06-20,oracle,完美信息Oracle,18335.6599518217,0.0000000000,18335.6599518217,32745.0010333333,0.0000000000,7304.4201833333,16000.0000000000,12960.0000000000,0,0,0,18335.6599518217,1200.0000000000,10800.0000000000,6000.0000000000
2025-06-21,static,静态典型日,35126.9485892896,68.2072243000,35195.1558135896,59482.6989983539,31.9023500000,36239.1343833333,20740.6661316872,16799.9395666667,1,1,1,35126.9485892896,1200.0000000000,10800.0000000000,6000.0000000000
2025-06-21,point,点预测,17986.0245346589,5167.0026420161,23153.0271766749,32607.1423640476,1416.4696330952,11648.8715971429,16000.0000000000,12960.0000000000,52,13,1,17986.0245346589,1200.0000000000,10800.0000000000,6000.0000000000
2025-06-21,q80,加权Q80,23521.5955407598,106.0652788667,23627.6608196265,40145.9778137309,23.9819666667,17912.1807659524,15384.4137602381,12461.3751457929,2,2,1,23521.5955407598,1200.0000000000,10800.0000000000,6000.0000000000
2025-06-21,saa,两阶段SAA（主方案）,24459.6907984270,19.0838962629,24478.7746946898,42343.8786881070,5.4120728571,20428.7170547619,13609.6489800118,11023.8156738095,2,2,1,26996.6133443193,1200.0000000000,10800.0000000000,6000.0000000000
2025-06-21,oracle,完美信息Oracle,17813.6384241767,0.0000000000,17813.6384241767,32667.3597833333,0.0000000000,10292.6193833333,16000.0000000000,12960.0000000000,0,0,0,17813.6384241767,1200.0000000000,10800.0000000000,6000.0000000000
2025-06-22,static,静态典型日,35126.9485892896,55811.2027323250,90938.1513216146,59482.6989983539,14159.1682833333,2243.7996166667,20740.6661316872,16799.9395666667,110,7,1,35126.9485892896,1200.0000000000,10800.0000000000,6000.0000000000
2025-06-22,point,点预测,45451.2251707695,7114.8825455596,52566.1077163291,74150.5445612170,1942.4491111905,4419.9731866667,22187.7862407407,17972.1068550000,52,14,1,45451.2251707695,1200.0000000000,10800.0000000000,6000.0000000000
2025-06-22,q80,加权Q80,55160.6420048877,69.9526486875,55230.5946535752,87138.6462015667,32.2734250000,15221.3489609524,23643.3135032334,19151.0839376190,1,1,1,55160.6420048877,1200.0000000000,10800.0000000000,6000.0000000000
2025-06-22,saa,两阶段SAA（主方案）,55516.9447979950,69.9526486875,55586.8974466825,87622.6309094327,32.2734250000,15639.8943330952,23987.7310596708,19430.0621583333,1,1,1,59551.0682492034,1200.0000000000,10800.0000000000,6000.0000000000
2025-06-22,oracle,完美信息Oracle,43826.6240228528,0.0000000000,43826.6240228528,71419.9071641975,0.0000000000,0.0000000000,20855.6108641975,16893.0448000000,0,0,0,43826.6240228528,1200.0000000000,10800.0000000000,6000.0000000000
2025-06-23,static,静态典型日,35126.9485892896,56583.9016262083,91710.8502154980,59482.6989983539,13283.3791666667,1764.0656000000,20740.6661316872,16799.9395666667,120,5,1,35126.9485892896,1200.0000000000,10800.0000000000,6000.0000000000
2025-06-23,point,点预测,45191.8470871224,6875.5442541704,52067.3913412928,73702.7170884392,1585.2982416667,4070.3375790476,21875.7460582011,17719.3543071429,55,19,1,45191.8470871224,1200.0000000000,10800.0000000000,6000.0000000000
2025-06-23,q80,加权Q80,53753.8962927009,169.6358007619,53923.5320934628,85394.8991297177,53.4588214286,13952.1800507143,23341.5363180629,18906.6444176309,6,6,1,53753.8962927009,1200.0000000000,10800.0000000000,6000.0000000000
2025-06-23,saa,两阶段SAA（主方案）,54135.5426130536,169.6358007619,54305.1784138155,85868.1348639418,53.4588214286,14403.8775830952,23454.8952751323,18998.4651728571,6,6,1,58272.9267295250,1200.0000000000,10800.0000000000,6000.0000000000
2025-06-23,oracle,完美信息Oracle,44177.1584494234,0.0000000000,44177.1584494234,71213.1109430041,0.0000000000,0.0000000000,21851.7102263374,17699.8852833333,0,0,0,44177.1584494234,1200.0000000000,10800.0000000000,6000.0000000000
2025-06-24,static,静态典型日,35126.9485892896,87933.4067081500,123060.3552974396,59482.6989983539,21586.8456000000,860.0257833333,20740.6661316872,16799.9395666667,125,3,1,35126.9485892896,1200.0000000000,10800.0000000000,6000.0000000000
2025-06-24,point,点预测,44591.5079295005,34979.4788028512,79570.9867323518,72703.4772351705,8624.1082973809,943.4840897619,21659.5220673134,17544.2128745238,106,16,1,44591.5079295005,1200.0000000000,10800.0000000000,6000.0000000000
2025-06-24,q80,加权Q80,52384.7240788678,13873.7517705030,66258.4758493707,83541.0703719758,3218.3379402381,6085.1220333333,23186.8106783186,18781.3166494381,38,5,1,52384.7240788678,1200.0000000000,10800.0000000000,6000.0000000000
2025-06-24,saa,两阶段SAA（主方案）,52608.7984214507,12702.4336314737,65311.2320529244,83820.9744341093,2979.6708597619,6124.0447511905,23198.9910141093,18791.1827214286,38,5,1,56705.5238933035,1200.0000000000,10800.0000000000,6000.0000000000
2025-06-24,oracle,完美信息Oracle,50044.6551138663,0.0000000000,50044.6551138663,80710.8631203704,0.0000000000,0.0000000000,23379.3203703704,18937.2495000000,0,0,0,50044.6551138663,1200.0000000000,10800.0000000000,6000.0000000000
2025-06-25,static,静态典型日,35126.9485892896,64531.1570648333,99658.1056541230,59482.6989983539,16083.0011333333,1187.5522000000,20740.6661316872,16799.9395666667,124,3,1,35126.9485892896,1200.0000000000,10800.0000000000,6000.0000000000
2025-06-25,point,点预测,44759.2156851045,14148.3626516047,58907.5783367092,73168.1746388389,3750.0525180952,2328.0144014286,21856.7967833627,17704.0053945238,72,18,1,44759.2156851045,1200.0000000000,10800.0000000000,6000.0000000000
2025-06-25,q80,加权Q80,52603.1489928841,2865.6233292786,55468.7723221627,84040.4478686038,849.5644773810,10066.0013795238,23087.3136831276,18700.7240833333,14,6,1,52603.1489928841,1200.0000000000,10800.0000000000,6000.0000000000
2025-06-25,saa,两阶段SAA（主方案）,52986.2140483041,2569.5076656382,55555.7217139423,84519.4241416373,789.8637402381,10458.3647300000,23228.9567642563,18815.4549790476,13,6,1,57171.4160234685,1200.0000000000,10800.0000000000,6000.0000000000
2025-06-25,oracle,完美信息Oracle,45523.0293161861,0.0000000000,45523.0293161861,74689.1883756667,0.0000000000,0.0000000000,22377.7211000000,18125.9540910000,0,0,0,45523.0293161861,1200.0000000000,10800.0000000000,6000.0000000000
2025-06-26,static,静态典型日,35126.9485892896,56263.0809484750,91390.0295377646,59482.6989983539,13236.6848333333,1231.2734333333,20740.6661316872,16799.9395666667,117,5,1,35126.9485892896,1200.0000000000,10800.0000000000,6000.0000000000
2025-06-26,point,点预测,44991.4244462114,9925.8713617933,54917.2958080047,73298.5819205997,2355.2238600000,3895.1071416667,22164.8147663139,17953.4999607143,69,15,1,44991.4244462114,1200.0000000000,10800.0000000000,6000.0000000000
2025-06-26,q80,加权Q80,52500.7590778439,442.0953887795,52942.8544666234,83591.2930163404,104.8018573810,11742.1628833333,23192.3587213404,18785.8105642857,8,6,1,52500.7590778439,1200.0000000000,10800.0000000000,6000.0000000000
2025-06-26,saa,两阶段SAA（主方案）,52891.8360308794,413.2175390771,53305.0535699566,84130.6576064962,99.4297383333,12188.6221333333,23653.0598850676,19158.9785069048,7,5,1,56984.4932084203,1200.0000000000,10800.0000000000,6000.0000000000
2025-06-26,oracle,完美信息Oracle,43982.5616130030,0.0000000000,43982.5616130030,71646.0886250885,0.0000000000,0.0000000000,21572.1304829218,17473.4256911667,0,0,0,43982.5616130030,1200.0000000000,10800.0000000000,6000.0000000000
2025-06-27,static,静态典型日,35126.9485892896,0.0000000000,35126.9485892896,59482.6989983539,0.0000000000,35770.3265666667,20740.6661316872,16799.9395666667,0,0,0,35126.9485892896,1200.0000000000,10800.0000000000,6000.0000000000
2025-06-27,point,点预测,18047.5722001915,3422.2566053340,21469.8288055255,32422.0841683333,907.7779888095,10518.2162904762,16000.0000000000,12960.0000000000,48,20,1,18047.5722001915,1200.0000000000,10800.0000000000,6000.0000000000
2025-06-27,q80,加权Q80,21498.0695253458,34.5568137292,21532.6263390749,36977.2695969048,15.9419669048,14181.5656971429,16000.0000000000,12960.0000000000,4,3,1,21498.0695253458,1200.0000000000,10800.0000000000,6000.0000000000
2025-06-27,saa,两阶段SAA（主方案）,22130.4447650649,34.5568137292,22165.0015787941,38356.8167321286,15.9419669048,15834.9830021429,14558.5780538095,11792.4482235857,4,3,1,24536.8473695107,1200.0000000000,10800.0000000000,6000.0000000000
2025-06-27,oracle,完美信息Oracle,17719.8221751417,0.0000000000,17719.8221751417,32044.6552333333,0.0000000000,9233.0093666667,16000.0000000000,12960.0000000000,0,0,0,17719.8221751417,1200.0000000000,10800.0000000000,6000.0000000000
2025-06-28,static,静态典型日,35126.9485892896,251.9897043000,35378.9382935896,59482.6989983539,117.8623500000,33882.9086666667,20740.6661316872,16799.9395666667,1,1,1,35126.9485892896,1200.0000000000,10800.0000000000,6000.0000000000
2025-06-28,point,点预测,18142.8282861098,5963.1326720931,24105.9609582028,32888.9533842857,1586.2819369048,9658.3092045238,16000.0000000000,12960.0000000000,47,20,1,18142.8282861098,1200.0000000000,10800.0000000000,6000.0000000000
2025-06-28,q80,加权Q80,21397.4886103354,695.9663953774,22093.4550057127,37203.3665752381,220.9694654762,12607.4099240476,16000.0000000000,12960.0000000000,12,6,1,21397.4886103354,1200.0000000000,10800.0000000000,6000.0000000000
2025-06-28,saa,两阶段SAA（主方案）,21633.0557198700,599.8764148281,22232.9321346981,37697.5310770881,187.2289376190,13137.3803271429,15633.9661626190,12663.5125917214,9,5,1,23654.0311194886,1200.0000000000,10800.0000000000,6000.0000000000
2025-06-28,oracle,完美信息Oracle,17831.9588266300,0.0000000000,17831.9588266300,32577.2606833333,0.0000000000,7760.3345666667,16000.0000000000,12960.0000000000,0,0,0,17831.9588266300,1200.0000000000,10800.0000000000,6000.0000000000
2025-06-29,static,静态典型日,35126.9485892896,58106.9472308500,93233.8958201396,59482.6989983539,14782.9548333333,1057.1587333333,20740.6661316872,16799.9395666667,124,4,1,35126.9485892896,1200.0000000000,10800.0000000000,6000.0000000000
2025-06-29,point,点预测,45314.9252063020,9952.2772802516,55267.2024865537,73970.9703539688,2971.9222376190,3400.9827188095,22495.4807339212,18221.3393944762,67,18,1,45314.9252063020,1200.0000000000,10800.0000000000,6000.0000000000
2025-06-29,q80,加权Q80,51063.5752753922,3076.8538255121,54140.4291009043,81591.8833813169,1073.8803509524,9048.2393145238,22893.4520232216,18543.6961388095,28,10,1,51063.5752753922,1200.0000000000,10800.0000000000,6000.0000000000
2025-06-29,saa,两阶段SAA（主方案）,51253.3643667683,3056.7852419883,54310.1496087566,81823.7204285391,1070.1807319048,9267.1826909524,22941.8417692534,18582.8918330952,28,10,1,54675.3179005345,1200.0000000000,10800.0000000000,6000.0000000000
2025-06-29,oracle,完美信息Oracle,44675.4889794199,0.0000000000,44675.4889794199,73432.0475267490,0.0000000000,0.0000000000,21917.2578600823,17752.9788666667,0,0,0,44675.4889794199,1200.0000000000,10800.0000000000,6000.0000000000
2025-06-30,static,静态典型日,35126.9485892896,59949.4803464417,95076.4289357313,59482.6989983539,14880.1493666667,544.4378166667,20740.6661316872,16799.9395666667,127,6,1,35126.9485892896,1200.0000000000,10800.0000000000,6000.0000000000
2025-06-30,point,点预测,45668.6354512630,10796.4048422003,56465.0402934633,74341.4266223717,2925.7938633333,3124.7993776191,22445.9848671193,18181.2477423667,69,21,1,45668.6354512630,1200.0000000000,10800.0000000000,6000.0000000000
2025-06-30,q80,加权Q80,51466.7732739045,2997.8488615875,54464.6221354920,82159.1970582922,804.0136928571,8744.4268357143,22847.8943794827,18506.7944473810,21,9,1,51466.7732739045,1200.0000000000,10800.0000000000,6000.0000000000
2025-06-30,saa,两阶段SAA（主方案）,51647.1182133173,2736.0958170168,54383.2140303341,82419.0753991858,749.9028502381,8901.4019666667,23104.6963127572,18714.8040133333,17,9,1,54939.2040974751,1200.0000000000,10800.0000000000,6000.0000000000
2025-06-30,oracle,完美信息Oracle,45221.6092232984,0.0000000000,45221.6092232984,73965.5016668354,0.0000000000,0.0000000000,21514.8299131687,17427.0122296667,0,0,0,45221.6092232984,1200.0000000000,10800.0000000000,6000.0000000000
2025-07-01,static,静态典型日,35126.9485892896,92897.9644173000,128024.9130065896,59482.6989983539,23791.9686666667,467.3970666667,20740.6661316872,16799.9395666667,133,4,1,35126.9485892896,1200.0000000000,10800.0000000000,6000.0000000000
2025-07-01,point,点预测,45859.5470105723,33103.7874002337,78963.3344108061,74680.3942482457,9339.4143969047,983.5408826191,21945.9143642005,17776.1906350024,118,12,1,45859.5470105723,1200.0000000000,10800.0000000000,6000.0000000000
2025-07-01,q80,加权Q80,51478.5628179291,16331.5827534143,67810.1455713434,82353.6000550558,4971.2497557143,4110.2723242857,22884.3865955320,18536.3531423810,86,13,1,51478.5628179291,1200.0000000000,10800.0000000000,6000.0000000000
2025-07-01,saa,两阶段SAA（主方案）,51662.2414835238,16331.5827534143,67993.8242369381,82616.1670875073,4971.2497557143,4323.1720902381,23145.7932613169,18748.0925416667,86,13,1,54907.1924009967,1200.0000000000,10800.0000000000,6000.0000000000
2025-07-01,oracle,完美信息Oracle,51727.0126205626,0.0000000000,51727.0126205626,83048.9483277366,0.0000000000,0.0000000000,22012.6541810700,17830.2498866667,0,0,0,51727.0126205626,1200.0000000000,10800.0000000000,6000.0000000000
2025-07-02,static,静态典型日,35126.9485892896,71477.0725250916,106604.0211143813,59482.6989983539,18568.1489500000,1205.3550166667,20740.6661316872,16799.9395666667,123,6,1,35126.9485892896,1200.0000000000,10800.0000000000,6000.0000000000
2025-07-02,point,点预测,44476.9938784862,30874.6318401745,75351.6257186607,72758.1359080421,8625.5149369047,4309.4856926191,21944.2041350588,17774.8053493976,92,4,1,44476.9938784862,1200.0000000000,10800.0000000000,6000.0000000000
2025-07-02,q80,加权Q80,50310.2884176998,15984.7255036682,66295.0139213680,80709.3282263000,4799.4465945238,8355.8490469048,22358.7337223810,18110.5743151286,82,5,1,50310.2884176998,1200.0000000000,10800.0000000000,6000.0000000000
2025-07-02,saa,两阶段SAA（主方案）,50441.8292192564,15984.7255036682,66426.5547229246,80865.1453330952,4799.4465945238,8516.4922276190,22333.3333333333,18090.0000000000,82,5,1,54243.6104921106,1200.0000000000,10800.0000000000,6000.0000000000
2025-07-02,oracle,完美信息Oracle,47979.9262040300,0.0000000000,47979.9262040300,76674.8056888889,0.0000000000,0.0000000000,19842.3122222222,16072.2729000000,0,0,0,47979.9262040300,1200.0000000000,10800.0000000000,6000.0000000000
2025-07-03,static,静态典型日,35126.9485892896,98890.4453158333,134017.3939051230,59482.6989983539,24967.8478666667,749.4013666667,20740.6661316872,16799.9395666667,136,2,1,35126.9485892896,1200.0000000000,10800.0000000000,6000.0000000000
2025-07-03,point,点预测,43624.3668658081,49074.7636058505,92699.1304716586,71058.9852591946,13222.1458752381,451.4951052381,21416.9320834803,17347.7149876191,131,4,1,43624.3668658081,1200.0000000000,10800.0000000000,6000.0000000000
2025-07-03,q80,加权Q80,49459.5690075455,23072.7230094468,72532.2920169923,79307.9081101852,6400.1058280952,1743.4405683333,22127.1286137566,17922.9741771429,104,11,1,49459.5690075455,1200.0000000000,10800.0000000000,6000.0000000000
2025-07-03,saa,两阶段SAA（主方案）,49701.8344435187,22419.7193843916,72121.5538279104,79664.9201566214,6271.3981945238,1917.3914223810,22413.1999759524,18154.6919805214,104,11,1,53829.5480539723,1200.0000000000,10800.0000000000,6000.0000000000
2025-07-03,oracle,完美信息Oracle,52622.2912124778,0.0000000000,52622.2912124778,84073.4787965082,0.0000000000,0.0000000000,22700.3150693416,18387.2552061667,0,0,0,52622.2912124778,1200.0000000000,10800.0000000000,6000.0000000000
2025-07-04,static,静态典型日,35126.9485892896,4995.8486817667,40122.7972710563,59482.6989983539,1736.9451500000,28398.0501166667,20740.6661316872,16799.9395666667,41,6,1,35126.9485892896,1200.0000000000,10800.0000000000,6000.0000000000
2025-07-04,point,点预测,17861.1364640868,40320.5671689182,58181.7036330050,32259.2256819048,10778.7149259524,11117.0731411905,16000.0000000000,12960.0000000000,109,3,1,17861.1364640868,1200.0000000000,10800.0000000000,6000.0000000000
2025-07-04,q80,加权Q80,22622.9785131241,12746.2070197831,35369.1855329072,39235.6751850000,3314.2738714286,10629.0815897619,16000.0000000000,12960.0000000000,79,12,1,22622.9785131241,1200.0000000000,10800.0000000000,6000.0000000000
2025-07-04,saa,两阶段SAA（主方案）,22694.7853466430,10844.1001313017,33538.8854779446,39399.1325797619,2901.2318659524,10379.4969790476,16000.0000000000,12960.0000000000,73,11,1,24611.9686991608,1200.0000000000,10800.0000000000,6000.0000000000
2025-07-04,oracle,完美信息Oracle,24369.3959244967,0.0000000000,24369.3959244967,41681.8570000000,0.0000000000,9760.9895333333,16000.0000000000,12960.0000000000,0,0,0,24369.3959244967,1200.0000000000,10800.0000000000,6000.0000000000
2025-07-05,static,静态典型日,35126.9485892896,4060.1780156000,39187.1266048896,59482.6989983539,1651.8153500000,28403.7078166667,20740.6661316872,16799.9395666667,34,6,1,35126.9485892896,1200.0000000000,10800.0000000000,6000.0000000000
2025-07-05,point,点预测,17795.5110551013,40601.6640739653,58397.1751290666,32537.9885757143,10821.2384145238,11529.1470235714,16000.0000000000,12960.0000000000,108,5,1,17795.5110551013,1200.0000000000,10800.0000000000,6000.0000000000
2025-07-05,q80,加权Q80,23569.6359042416,9914.4345524442,33484.0704566858,40938.5924569047,2502.3398188095,11610.8523090476,16000.0000000000,12960.0000000000,63,16,1,23569.6359042416,1200.0000000000,10800.0000000000,6000.0000000000
2025-07-05,saa,两阶段SAA（主方案）,23675.5644461370,8520.9539618305,32196.5184079675,41158.3286797619,2096.9907954762,11425.2395085714,16000.0000000000,12960.0000000000,57,16,1,25102.7165283112,1200.0000000000,10800.0000000000,6000.0000000000
2025-07-05,oracle,完美信息Oracle,24715.5592194967,0.0000000000,24715.5592194967,42193.7699333333,0.0000000000,10363.6899666667,16000.0000000000,12960.0000000000,0,0,0,24715.5592194967,1200.0000000000,10800.0000000000,6000.0000000000
2025-07-06,static,静态典型日,35126.9485892896,100096.0544250750,135223.0030143646,59482.6989983539,24925.5194000000,673.5102833333,20740.6661316872,16799.9395666667,135,2,1,35126.9485892896,1200.0000000000,10800.0000000000,6000.0000000000
2025-07-06,point,点预测,41587.5610252303,63266.0144450626,104853.5754702930,67782.5579262287,15978.7124614285,149.1147438095,20095.6531255144,16277.4790316667,134,5,1,41587.5610252303,1200.0000000000,10800.0000000000,6000.0000000000
2025-07-06,q80,加权Q80,50062.3007064466,23950.4170039758,74012.7177104225,80537.3075669430,5586.0423195238,2178.5024873810,21846.6623636096,17695.7965145238,93,21,1,50062.3007064466,1200.0000000000,10800.0000000000,6000.0000000000
2025-07-06,saa,两阶段SAA（主方案）,50372.1238157267,22596.7142568037,72968.8380725303,81046.5301810159,5298.6903488095,2346.0114611905,22132.7764138683,17927.5488952333,90,20,1,53522.4157794530,1200.0000000000,10800.0000000000,6000.0000000000
2025-07-06,oracle,完美信息Oracle,53087.5198806177,0.0000000000,53087.5198806177,84210.7686395062,0.0000000000,0.0000000000,23246.2478395062,18829.4607500000,0,0,0,53087.5198806177,1200.0000000000,10800.0000000000,6000.0000000000
2025-07-07,static,静态典型日,35126.9485892896,74024.6951680750,109151.6437573646,59482.6989983539,19286.4044166667,1418.8940833333,20740.6661316872,16799.9395666667,126,4,1,35126.9485892896,1200.0000000000,10800.0000000000,6000.0000000000
2025-07-07,point,点预测,41271.9074797797,39270.7298162690,80542.6372960487,67034.6213364962,11007.7178826190,854.1416902381,19887.9724326867,16109.2576704762,119,8,1,41271.9074797797,1200.0000000000,10800.0000000000,6000.0000000000
2025-07-07,q80,加权Q80,50612.0333890207,4912.7686792406,55524.8020682613,81048.7825372017,1523.3096554762,4974.8332109524,22040.9274476778,17853.1512326190,51,19,1,50612.0333890207,1200.0000000000,10800.0000000000,6000.0000000000
2025-07-07,saa,两阶段SAA（主方案）,51069.0431605862,4607.1155880650,55676.1587486512,81795.4086487277,1457.1328642857,5561.4365154762,22534.8538466872,18253.2316158167,49,19,1,54524.6552234499,1200.0000000000,10800.0000000000,6000.0000000000
2025-07-07,oracle,完美信息Oracle,48177.5796226483,0.0000000000,48177.5796226483,77134.5571462963,0.0000000000,0.0000000000,19605.6546296296,15880.5802500000,0,0,0,48177.5796226483,1200.0000000000,10800.0000000000,6000.0000000000
2025-07-08,static,静态典型日,35126.9485892896,84379.9589210000,119506.9075102896,59482.6989983539,20757.6699333333,728.2553500000,20740.6661316872,16799.9395666667,129,5,1,35126.9485892896,1200.0000000000,10800.0000000000,6000.0000000000
2025-07-08,point,点预测,44447.1154273451,37104.9343829586,81552.0498103037,71564.2063664374,9162.4971340476,1359.9646783333,19975.5358183422,16180.1840128571,123,5,1,44447.1154273451,1200.0000000000,10800.0000000000,6000.0000000000
2025-07-08,q80,加权Q80,53918.8123102000,5658.1032116004,59576.9155218004,85727.9039282775,1299.5462985714,7256.3117692857,22103.9549520870,17904.2035111905,40,12,1,53918.8123102000,1200.0000000000,10800.0000000000,6000.0000000000
2025-07-08,saa,两阶段SAA（主方案）,54377.8817199036,4800.9032981727,59178.7850180764,86439.7234968840,1126.4942214286,7734.8714883333,22420.8379648031,18160.8787514905,36,13,1,57832.4112137061,1200.0000000000,10800.0000000000,6000.0000000000
2025-07-08,oracle,完美信息Oracle,50474.0887628000,0.0000000000,50474.0887628000,79827.8914666667,0.0000000000,0.0000000000,22402.6550000000,18146.1505500000,0,0,0,50474.0887628000,1200.0000000000,10800.0000000000,6000.0000000000
2025-07-09,static,静态典型日,35126.9485892896,76112.5262656500,111239.4748549396,59482.6989983539,19406.4620833333,889.7095000000,20740.6661316872,16799.9395666667,126,4,1,35126.9485892896,1200.0000000000,10800.0000000000,6000.0000000000
2025-07-09,point,点预测,44064.2111589147,30729.7341998554,74793.9453587701,70735.9290869107,8248.8411550000,1147.2841509524,19888.2161804821,16109.4551061905,124,4,1,44064.2111589147,1200.0000000000,10800.0000000000,6000.0000000000
2025-07-09,q80,加权Q80,53648.4186382231,3212.1328485103,56860.5514867334,85137.4507315226,850.7717471429,7723.5074059524,22136.7897686655,17930.7997126190,31,13,1,53648.4186382231,1200.0000000000,10800.0000000000,6000.0000000000
2025-07-09,saa,两阶段SAA（主方案）,53985.1710780864,2594.5599365437,56579.7310146301,85695.4706727543,730.3149495238,8077.2547297825,22577.9256622575,18288.1197864286,29,13,1,57346.2959821419,1200.0000000000,10800.0000000000,6000.0000000000
2025-07-09,oracle,完美信息Oracle,48920.4741022735,0.0000000000,48920.4741022735,78126.3594310700,0.0000000000,0.0000000000,21408.6021810700,17340.9677666667,0,0,0,48920.4741022735,1200.0000000000,10800.0000000000,6000.0000000000
2025-07-10,static,静态典型日,35126.9485892896,74200.3587897083,109327.3073789980,59482.6989983539,18362.3773500000,1050.7264000000,20740.6661316872,16799.9395666667,125,4,1,35126.9485892896,1200.0000000000,10800.0000000000,6000.0000000000
2025-07-10,point,点预测,44631.6025537688,24357.2981659534,68988.9007197222,71373.0821920047,6524.8019528571,1179.4226921429,20341.2529967666,16476.4149273810,112,13,1,44631.6025537688,1200.0000000000,10800.0000000000,6000.0000000000
2025-07-10,q80,加权Q80,54367.1675307359,1428.6167521669,55795.7842829028,85985.0951199588,393.1509704762,9199.3233242857,22764.7335937684,18439.4342109524,17,11,1,54367.1675307359,1200.0000000000,10800.0000000000,6000.0000000000
2025-07-10,saa,两阶段SAA（主方案）,54580.9783681093,1198.9516496154,55779.9300177246,86310.5066689098,347.3258457143,9467.4824202381,22824.8774265932,18488.1507155405,15,11,1,57929.3850260962,1200.0000000000,10800.0000000000,6000.0000000000
2025-07-10,oracle,完美信息Oracle,48585.8584394589,0.0000000000,48585.8584394589,76855.5119179012,0.0000000000,0.0000000000,21062.5712345679,17060.6827000000,0,0,0,48585.8584394589,1200.0000000000,10800.0000000000,6000.0000000000
2025-07-11,static,静态典型日,35126.9485892896,3882.4113974500,39009.3599867396,59482.6989983539,1416.2222000000,24439.4174833333,20740.6661316872,16799.9395666667,40,6,1,35126.9485892896,1200.0000000000,10800.0000000000,6000.0000000000
2025-07-11,point,点预测,20412.1104073540,28427.5672044019,48839.6776117559,35856.2774483333,8123.1582776190,8420.6585759524,16000.0000000000,12960.0000000000,111,5,1,20412.1104073540,1200.0000000000,10800.0000000000,6000.0000000000
2025-07-11,q80,加权Q80,27381.0356983542,6375.2690609762,33756.3047593304,45830.1103723809,2116.2679395238,12387.6011619048,16000.0000000000,12960.0000000000,25,4,1,27381.0356983542,1200.0000000000,10800.0000000000,6000.0000000000
2025-07-11,saa,两阶段SAA（主方案）,27495.1584383331,2261.2607400327,29756.4191783659,46089.7753097619,776.4526680952,11299.6807019018,16040.8953997648,12993.1252738095,23,8,1,29010.4482395778,1200.0000000000,10800.0000000000,6000.0000000000
2025-07-11,oracle,完美信息Oracle,24330.9688279600,0.0000000000,24330.9688279600,41840.4156166667,0.0000000000,6281.6384666667,16000.0000000000,12960.0000000000,0,0,0,24330.9688279600,1200.0000000000,10800.0000000000,6000.0000000000
2025-07-12,static,静态典型日,35126.9485892896,3650.0096965750,38776.9582858646,59482.6989983539,1589.6026333333,26047.3317333333,20740.6661316872,16799.9395666667,32,8,1,35126.9485892896,1200.0000000000,10800.0000000000,6000.0000000000
2025-07-12,point,点预测,20489.8596174439,27326.5263615379,47816.3859789818,36213.6035473810,7172.4920830952,9261.8522971429,16000.0000000000,12960.0000000000,111,5,1,20489.8596174439,1200.0000000000,10800.0000000000,6000.0000000000
2025-07-12,q80,加权Q80,27406.7265189007,993.0589535682,28399.7854724689,46172.5454014286,285.1029333333,12333.4050014286,16000.0000000000,12960.0000000000,11,9,1,27406.7265189007,1200.0000000000,10800.0000000000,6000.0000000000
2025-07-12,saa,两阶段SAA（主方案）,27511.6062835500,495.1245110038,28006.7307945539,46410.9570354762,145.9506292857,12430.4927688183,16011.4292768959,12969.2577142857,9,7,1,29041.7922978606,1200.0000000000,10800.0000000000,6000.0000000000
2025-07-12,oracle,完美信息Oracle,24696.8645518883,0.0000000000,24696.8645518883,42140.4908333333,0.0000000000,8016.2475000000,16000.0000000000,12960.0000000000,0,0,0,24696.8645518883,1200.0000000000,10800.0000000000,6000.0000000000
2025-07-13,static,静态典型日,35126.9485892896,64763.7904284083,99890.7390176980,59482.6989983539,16091.3312666667,2365.5833000000,20740.6661316872,16799.9395666667,107,6,1,35126.9485892896,1200.0000000000,10800.0000000000,6000.0000000000
2025-07-13,point,点预测,44295.5541774639,20220.2868665212,64515.8410439851,71163.6550270194,5181.8100819047,3250.9026633333,20141.2739241623,16314.4318785714,100,10,1,44295.5541774639,1200.0000000000,10800.0000000000,6000.0000000000
2025-07-13,q80,加权Q80,54560.0800361252,466.3967537351,55026.4767898603,86626.5562808960,83.1201933333,13215.9804700000,22241.9768643651,18016.0012601357,6,5,1,54560.0800361252,1200.0000000000,10800.0000000000,6000.0000000000
2025-07-13,saa,两阶段SAA（主方案）,54959.8757264878,432.3257262589,55392.2014527467,87135.0486356775,75.1966985714,13744.0457861905,22097.2586739918,17898.7795259333,6,5,1,58208.0212364706,1200.0000000000,10800.0000000000,6000.0000000000
2025-07-13,oracle,完美信息Oracle,46587.9151967126,0.0000000000,46587.9151967126,73134.2513277778,0.0000000000,0.0000000000,20350.1627777778,16483.6318500000,0,0,0,46587.9151967126,1200.0000000000,10800.0000000000,6000.0000000000
2025-07-14,static,静态典型日,35126.9485892896,70990.5448887917,106117.4934780813,59482.6989983539,17625.0364500000,1359.3296666667,20740.6661316872,16799.9395666667,119,7,1,35126.9485892896,1200.0000000000,10800.0000000000,6000.0000000000
2025-07-14,point,点预测,43464.2433275615,27571.9963221075,71036.2396496691,69841.3336927102,6885.3867090476,1128.1369623810,19952.1274879483,16161.2232652381,118,11,1,43464.2433275615,1200.0000000000,10800.0000000000,6000.0000000000
2025-07-14,q80,加权Q80,53319.1412899026,1576.2209203571,54895.3622102598,84853.6388099999,319.6725578571,9148.4107416667,22195.9021553880,17978.6807458643,11,5,1,53319.1412899026,1200.0000000000,10800.0000000000,6000.0000000000
2025-07-14,saa,两阶段SAA（主方案）,53634.2472349671,1321.6726184414,54955.9198534085,85261.6021305063,263.3479309524,9521.7315159524,22081.7859412610,17886.2466124214,10,4,1,57117.4021063894,1200.0000000000,10800.0000000000,6000.0000000000
2025-07-14,oracle,完美信息Oracle,47724.1338792604,0.0000000000,47724.1338792604,75491.7467915638,0.0000000000,0.0000000000,19389.8293415638,15705.7617666667,0,0,0,47724.1338792604,1200.0000000000,10800.0000000000,6000.0000000000
2025-07-15,static,静态典型日,35126.9485892896,73796.5608244250,108923.5094137146,59482.6989983539,19152.8577500000,1945.7796000000,20740.6661316872,16799.9395666667,116,4,1,35126.9485892896,1200.0000000000,10800.0000000000,6000.0000000000
2025-07-15,point,点预测,46614.2252434000,18006.0089937686,64620.2342371686,74458.6195186743,5305.2375809524,3089.1392738095,20661.4065393886,16735.7392969048,80,17,1,46614.2252434000,1200.0000000000,10800.0000000000,6000.0000000000
2025-07-15,q80,加权Q80,56647.1814742177,3408.7271466095,60055.9086208272,89247.7794700413,1226.3954728571,13512.8244500000,22169.9995240270,17957.6996144619,17,3,1,56647.1814742177,1200.0000000000,10800.0000000000,6000.0000000000
2025-07-15,saa,两阶段SAA（主方案）,56872.3864357586,2938.7212433518,59811.1076791103,89538.2473717872,1118.2018057143,13703.9397538095,22123.4675808348,17920.0087404762,15,3,1,60356.2965040859,1200.0000000000,10800.0000000000,6000.0000000000
2025-07-15,oracle,完美信息Oracle,48003.2113950418,0.0000000000,48003.2113950418,76481.4904967078,0.0000000000,0.0000000000,19644.4205967078,15911.9806833333,0,0,0,48003.2113950418,1200.0000000000,10800.0000000000,6000.0000000000
2025-07-16,static,静态典型日,35126.9485892896,71959.7698220417,107086.7184113313,59482.6989983539,18609.5986333333,2017.0076833333,20740.6661316872,16799.9395666667,116,6,1,35126.9485892896,1200.0000000000,10800.0000000000,6000.0000000000
2025-07-16,point,点预测,46012.2749281989,17015.7746616923,63028.0495898912,73598.8514660171,4754.3700004762,2415.1270400000,20018.5844376837,16215.0533945238,94,18,1,46012.2749281989,1200.0000000000,10800.0000000000,6000.0000000000
2025-07-16,q80,加权Q80,55821.5382059648,1535.8975163049,57357.4357222697,88405.4052919147,420.3115450000,12519.6448640476,21955.3083659671,17783.7997764333,9,4,1,55821.5382059648,1200.0000000000,10800.0000000000,6000.0000000000
2025-07-16,saa,两阶段SAA（主方案）,56159.5497313892,1503.0906719892,57662.6404033783,88848.5776423922,413.1337202381,12959.7203411905,21933.8296742446,17766.4020361381,9,4,1,59369.2624771163,1200.0000000000,10800.0000000000,6000.0000000000
2025-07-16,oracle,完美信息Oracle,47808.4909822532,0.0000000000,47808.4909822532,75858.8371201646,0.0000000000,0.0000000000,19601.4407201646,15877.1669833333,0,0,0,47808.4909822532,1200.0000000000,10800.0000000000,6000.0000000000
2025-07-17,static,静态典型日,35126.9485892896,75182.6238549917,110309.5724442813,59482.6989983539,18464.8438333333,1286.4002000000,20740.6661316872,16799.9395666667,124,6,1,35126.9485892896,1200.0000000000,10800.0000000000,6000.0000000000
2025-07-17,point,点预测,46177.3585327399,19047.7460251417,65225.1045578816,73512.8186903469,4677.1763350000,1690.0113359524,19892.4611722516,16112.8935495238,99,18,1,46177.3585327399,1200.0000000000,10800.0000000000,6000.0000000000
2025-07-17,q80,加权Q80,55774.1606500909,3082.2377243684,58856.3983744593,88150.3431720022,633.6372321429,11888.9060716667,21971.8856095356,17797.2273437238,14,4,1,55774.1606500909,1200.0000000000,10800.0000000000,6000.0000000000
2025-07-17,saa,两阶段SAA（主方案）,56177.0808231154,2408.2190789360,58585.2999020513,88691.2905918535,501.0480540476,12301.5055030952,21949.5635586273,17779.1464824881,12,3,1,59354.2200021432,1200.0000000000,10800.0000000000,6000.0000000000
2025-07-17,oracle,完美信息Oracle,48528.0945695188,0.0000000000,48528.0945695188,76776.8308794239,0.0000000000,0.0000000000,21349.5516460905,17293.1368333333,0,0,0,48528.0945695188,1200.0000000000,10800.0000000000,6000.0000000000
2025-07-18,static,静态典型日,35126.9485892896,2903.4209196417,38030.3695089313,59482.6989983539,1215.7828166667,25483.5071500000,20740.6661316872,16799.9395666667,28,5,1,35126.9485892896,1200.0000000000,10800.0000000000,6000.0000000000
2025-07-18,point,点预测,22363.9600549016,16148.0801079272,38512.0401628288,38737.2900214286,4244.3680942857,8667.4100157143,16000.0000000000,12960.0000000000,96,12,1,22363.9600549016,1200.0000000000,10800.0000000000,6000.0000000000
2025-07-18,q80,加权Q80,28766.1354259878,2600.9731385868,31367.1085645746,47875.8954800000,829.8131685714,14391.4605485714,16000.0000000000,12960.0000000000,16,4,1,28766.1354259878,1200.0000000000,10800.0000000000,6000.0000000000
2025-07-18,saa,两阶段SAA（主方案）,28895.7692887135,243.0833048547,29138.8525935681,48152.0268128571,57.7581667049,13893.3297659524,16011.6163874192,12969.4092738095,4,3,1,30615.5578688316,1200.0000000000,10800.0000000000,6000.0000000000
2025-07-18,oracle,完美信息Oracle,23621.9126151250,0.0000000000,23621.9126151250,40565.7832666667,0.0000000000,6251.5351666667,16000.0000000000,12960.0000000000,0,0,0,23621.9126151250,1200.0000000000,10800.0000000000,6000.0000000000
2025-07-19,static,静态典型日,35126.9485892896,3637.6851703583,38764.6337596480,59482.6989983539,1439.4670333333,29798.6204166667,20740.6661316872,16799.9395666667,32,9,1,35126.9485892896,1200.0000000000,10800.0000000000,6000.0000000000
2025-07-19,point,点预测,22336.0080782147,13174.3409025802,35510.3489807949,38786.0221078571,3368.5776216667,11931.7806795238,16000.0000000000,12960.0000000000,88,13,1,22336.0080782147,1200.0000000000,10800.0000000000,6000.0000000000
2025-07-19,q80,加权Q80,28748.0375408976,0.0000000000,28748.0375408976,47938.8298085714,0.0000000000,17716.0107585714,16000.0000000000,12960.0000000000,0,0,0,28748.0375408976,1200.0000000000,10800.0000000000,6000.0000000000
2025-07-19,saa,两阶段SAA（主方案）,28877.1816342684,0.0000000000,28877.1816342684,48195.0438016667,0.0000000000,17972.2247516667,16000.0000000000,12960.0000000000,0,0,0,30588.7269786603,1200.0000000000,10800.0000000000,6000.0000000000
2025-07-19,oracle,完美信息Oracle,24325.2217529417,0.0000000000,24325.2217529417,41227.0314000000,0.0000000000,11004.2123500000,16000.0000000000,12960.0000000000,0,0,0,24325.2217529417,1200.0000000000,10800.0000000000,6000.0000000000
2025-07-20,static,静态典型日,35126.9485892896,68540.0802406667,103667.0288299563,59482.6989983539,17570.0059833333,1022.0002000000,20740.6661316872,16799.9395666667,123,6,1,35126.9485892896,1200.0000000000,10800.0000000000,6000.0000000000
2025-07-20,point,点预测,45669.4312496235,15866.5728623170,61536.0041119404,72637.0711184803,4357.9178288095,1163.6413807143,19691.4176310994,15950.0482811905,105,23,1,45669.4312496235,1200.0000000000,10800.0000000000,6000.0000000000
2025-07-20,q80,加权Q80,55298.1653914238,753.5155105507,56051.6809019745,87472.6241930593,227.1765745238,11407.7458452381,22116.1931877807,17914.1164821024,6,4,1,55298.1653914238,1200.0000000000,10800.0000000000,6000.0000000000
2025-07-20,saa,两阶段SAA（主方案）,55684.0793969399,647.2042404339,56331.2836373738,87973.3473763580,202.5189680952,11887.6352452381,22096.0678028865,17897.8149203381,6,4,1,58829.4739561772,1200.0000000000,10800.0000000000,6000.0000000000
2025-07-20,oracle,完美信息Oracle,47513.6949844438,0.0000000000,47513.6949844438,75926.3621063786,0.0000000000,0.0000000000,20191.4941563786,16355.1102666667,0,0,0,47513.6949844438,1200.0000000000,10800.0000000000,6000.0000000000
2025-07-21,static,静态典型日,35126.9485892896,75417.1555929833,110544.1041822730,59482.6989983539,19261.1250500000,813.3481333333,20740.6661316872,16799.9395666667,128,8,1,35126.9485892896,1200.0000000000,10800.0000000000,6000.0000000000
2025-07-21,point,点预测,46176.1233664753,19517.6138821781,65693.7372486535,73687.4079508584,5205.6019347619,1148.5072771429,19761.8592551440,16007.1059966667,100,20,1,46176.1233664753,1200.0000000000,10800.0000000000,6000.0000000000
2025-07-21,q80,加权Q80,55709.4713630280,1643.9302802734,57353.4016433014,88207.6175425440,410.5332423810,10437.8939792857,22055.3023981011,17864.7949424619,15,9,1,55709.4713630280,1200.0000000000,10800.0000000000,6000.0000000000
2025-07-21,saa,两阶段SAA（主方案）,56161.4406181271,1064.0099346011,57225.4505527282,88788.5949149743,292.9516321429,10917.4943388095,21970.0150437243,17795.7121854167,12,8,1,59317.2413567468,1200.0000000000,10800.0000000000,6000.0000000000
2025-07-21,oracle,完美信息Oracle,48949.7399924898,0.0000000000,48949.7399924898,77969.6633641975,0.0000000000,0.0000000000,20946.9158641975,16967.0018500000,0,0,0,48949.7399924898,1200.0000000000,10800.0000000000,6000.0000000000
2025-07-22,static,静态典型日,35126.9485892896,77186.7881050667,112313.7366943563,59482.6989983539,19375.7681833333,1122.5960000000,20740.6661316872,16799.9395666667,125,3,1,35126.9485892896,1200.0000000000,10800.0000000000,6000.0000000000
2025-07-22,point,点预测,48330.7529297899,12930.5603756898,61261.3133054797,77004.7560259201,3349.5505764286,2665.1628771429,20494.7321502058,16600.7330416667,83,17,1,48330.7529297899,1200.0000000000,10800.0000000000,6000.0000000000
2025-07-22,q80,加权Q80,57842.8320766049,1697.0724461511,59539.9045227560,91218.3076556387,393.5839188095,13575.6084273810,22321.7817389506,18080.6432085500,5,2,1,57842.8320766049,1200.0000000000,10800.0000000000,6000.0000000000
2025-07-22,saa,两阶段SAA（主方案）,58265.3225306781,1541.4718206511,59806.7943513291,91782.0671201119,359.7259426190,14086.9089695238,22419.6814554762,18159.9419789357,5,2,1,61497.3534537000,1200.0000000000,10800.0000000000,6000.0000000000
2025-07-22,oracle,完美信息Oracle,48694.1869339536,0.0000000000,48694.1869339536,77787.6813942387,0.0000000000,0.0000000000,21013.3514609053,17020.8146833333,0,0,0,48694.1869339536,1200.0000000000,10800.0000000000,6000.0000000000
2025-07-23,static,静态典型日,35126.9485892896,76768.5908785750,111895.5394678646,59482.6989983539,19247.4537000000,572.8790166667,20740.6661316872,16799.9395666667,129,7,1,35126.9485892896,1200.0000000000,10800.0000000000,6000.0000000000
2025-07-23,point,点预测,48385.9295983928,12642.8488268585,61028.7784252513,77136.8573790418,3110.5932500000,2128.3764252381,20539.6162480894,16637.0891609524,84,20,1,48385.9295983928,1200.0000000000,10800.0000000000,6000.0000000000
2025-07-23,q80,加权Q80,57646.0795171490,1119.8607904707,58765.9403076197,90877.5454532486,252.9680726190,12666.6113914286,22354.5000935391,18107.1450757667,12,5,1,57646.0795171490,1200.0000000000,10800.0000000000,6000.0000000000
2025-07-23,saa,两阶段SAA（主方案）,57892.5050063441,795.7600570486,58688.2650633927,91209.4312152381,195.2961061905,12933.2640190476,22394.2957142857,18139.3795285714,10,6,1,61409.8876676729,1200.0000000000,10800.0000000000,6000.0000000000
2025-07-23,oracle,完美信息Oracle,49306.7152072527,0.0000000000,49306.7152072527,78376.8193189300,0.0000000000,0.0000000000,21896.1694855967,17735.8972833333,0,0,0,49306.7152072527,1200.0000000000,10800.0000000000,6000.0000000000
2025-07-24,static,静态典型日,35126.9485892896,78851.7272357333,113978.6758250230,59482.6989983539,19930.7977666667,1856.2982000000,20740.6661316872,16799.9395666667,120,2,1,35126.9485892896,1200.0000000000,10800.0000000000,6000.0000000000
2025-07-24,point,点预测,48675.2161432251,13625.2511972644,62300.4673404894,77411.5076028513,3527.8965500000,3329.4170016667,21018.5007957084,17024.9856445238,76,18,1,48675.2161432251,1200.0000000000,10800.0000000000,6000.0000000000
2025-07-24,q80,加权Q80,57601.1573989200,2447.4349435318,60048.5923424518,90585.9106705174,582.0042850000,13245.9653938095,22660.4082195150,18354.9306578071,10,3,1,57601.1573989200,1200.0000000000,10800.0000000000,6000.0000000000
2025-07-24,saa,两阶段SAA（主方案）,57864.0137842717,2254.4748683023,60118.4886525739,90904.4577052238,538.4031116667,13535.0975642857,22585.7434347619,18294.4521821571,10,3,1,61445.7234328625,1200.0000000000,10800.0000000000,6000.0000000000
2025-07-24,oracle,完美信息Oracle,48805.8689846880,0.0000000000,48805.8689846880,77481.0829699588,0.0000000000,0.0000000000,20340.0577366255,16475.4467666667,0,0,0,48805.8689846880,1200.0000000000,10800.0000000000,6000.0000000000
2025-07-25,static,静态典型日,35126.9485892896,1853.2906551250,36980.2392444146,59482.6989983539,837.7366000000,29874.3894666667,20740.6661316872,16799.9395666667,26,6,1,35126.9485892896,1200.0000000000,10800.0000000000,6000.0000000000
2025-07-25,point,点预测,23656.7456684171,4137.6051778002,27794.3508462174,40544.7762604762,1049.5612323809,12049.0179261905,16000.0000000000,12960.0000000000,43,17,1,23656.7456684171,1200.0000000000,10800.0000000000,6000.0000000000
2025-07-25,q80,加权Q80,28867.4717395704,310.8425286675,29178.3142682379,47897.6718159524,79.7788650000,18432.1311142857,16000.0000000000,12960.0000000000,2,1,1,28867.4717395704,1200.0000000000,10800.0000000000,6000.0000000000
2025-07-25,saa,两阶段SAA（主方案）,28998.5741846041,182.2461404650,29180.8203250691,48180.5641340476,46.8299350000,18681.1394400452,16004.9213807143,12963.9863183786,2,1,1,30969.9233822335,1200.0000000000,10800.0000000000,6000.0000000000
2025-07-25,oracle,完美信息Oracle,23332.8652088241,0.0000000000,23332.8652088241,40051.6488131667,0.0000000000,10495.5345833333,16056.8140166667,13006.0193535000,0,0,0,23332.8652088241,1200.0000000000,10800.0000000000,6000.0000000000
2025-07-26,static,静态典型日,35126.9485892896,2368.2566475083,37495.2052367980,59482.6989983539,1014.5182000000,28087.3990666667,20740.6661316872,16799.9395666667,25,8,1,35126.9485892896,1200.0000000000,10800.0000000000,6000.0000000000
2025-07-26,point,点预测,23920.0666177831,6770.2054417999,30690.2720595829,40907.5693452381,2042.5552907143,11441.0330692857,16000.0000000000,12960.0000000000,55,17,1,23920.0666177831,1200.0000000000,10800.0000000000,6000.0000000000
2025-07-26,q80,加权Q80,28760.9087954035,648.5694537585,29409.4782491620,47794.2766516667,270.8637661905,16556.0488511905,16000.0000000000,12960.0000000000,7,4,1,28760.9087954035,1200.0000000000,10800.0000000000,6000.0000000000
2025-07-26,saa,两阶段SAA（主方案）,28901.6526556121,79.0321866667,28980.6848422787,48063.0457271429,26.8949404762,16579.6197802786,16006.4701088095,12965.2407881357,2,2,1,30850.9120856339,1200.0000000000,10800.0000000000,6000.0000000000
2025-07-26,oracle,完美信息Oracle,23636.8375548817,0.0000000000,23636.8375548817,40547.7110166667,0.0000000000,9038.6194500000,16000.0000000000,12960.0000000000,0,0,0,23636.8375548817,1200.0000000000,10800.0000000000,6000.0000000000
2025-07-27,static,静态典型日,35126.9485892896,75428.4984388167,110555.4470281063,59482.6989983539,18627.0719000000,483.8545333333,20740.6661316872,16799.9395666667,130,5,1,35126.9485892896,1200.0000000000,10800.0000000000,6000.0000000000
2025-07-27,point,点预测,48260.9709082910,13375.2012776799,61636.1721859710,76844.6510122311,3244.6951885714,2497.8843942857,20559.3263500882,16653.0543435714,75,22,1,48260.9709082910,1200.0000000000,10800.0000000000,6000.0000000000
2025-07-27,q80,加权Q80,55942.7612440155,3127.8410482887,59070.6022923042,88383.6964340429,653.1381330952,11100.2670942857,22375.6719623810,18124.2942895286,17,5,1,55942.7612440155,1200.0000000000,10800.0000000000,6000.0000000000
2025-07-27,saa,两阶段SAA（主方案）,56292.1317768621,2325.2486767588,58617.3804536209,88812.3257418524,498.5327000000,11377.8264654762,22357.0640861905,18109.2219098143,15,6,1,59685.7641809691,1200.0000000000,10800.0000000000,6000.0000000000
2025-07-27,oracle,完美信息Oracle,48706.8271841659,0.0000000000,48706.8271841659,77932.9008427983,0.0000000000,0.0000000000,22356.3739094650,18108.6628666667,0,0,0,48706.8271841659,1200.0000000000,10800.0000000000,6000.0000000000
2025-07-28,static,静态典型日,35126.9485892896,90520.6879848916,125647.6365741813,59482.6989983539,22952.7681833333,539.8633833333,20740.6661316872,16799.9395666667,136,2,1,35126.9485892896,1200.0000000000,10800.0000000000,6000.0000000000
2025-07-28,point,点预测,48585.2109248092,22183.5964804462,70768.8074052554,77477.6457525074,5754.7688676190,1291.6801016667,20978.1962375074,16992.3389523810,90,17,1,48585.2109248092,1200.0000000000,10800.0000000000,6000.0000000000
2025-07-28,q80,加权Q80,55974.2276345062,4019.7478873173,59993.9755218235,88440.8986336905,1128.5460909524,7343.3184147619,22480.2582976190,18209.0092210714,26,8,1,55974.2276345062,1200.0000000000,10800.0000000000,6000.0000000000
2025-07-28,saa,两阶段SAA（主方案）,56252.6217825644,3002.4274841908,59255.0492667553,88772.7787637762,923.1747009524,7494.3561573810,22351.1582842857,18104.4382102714,22,9,1,59318.0046052740,1200.0000000000,10800.0000000000,6000.0000000000
2025-07-28,oracle,完美信息Oracle,51287.2415733589,0.0000000000,51287.2415733589,82114.4110864486,0.0000000000,0.0000000000,21892.2834374486,17732.7495843333,0,0,0,51287.2415733589,1200.0000000000,10800.0000000000,6000.0000000000
2025-07-29,static,静态典型日,35126.9485892896,83676.4117217750,118803.3603110646,59482.6989983539,21295.6581666667,768.3846500000,20740.6661316872,16799.9395666667,132,2,1,35126.9485892896,1200.0000000000,10800.0000000000,6000.0000000000
2025-07-29,point,点预测,49956.8813656132,12838.7755172422,62795.6568828554,79692.9499012228,3545.9716878571,3057.0639402381,21645.3247307466,17532.7130319048,56,17,1,49956.8813656132,1200.0000000000,10800.0000000000,6000.0000000000
2025-07-29,q80,加权Q80,57274.2326776595,2167.9790607732,59442.2117384327,90251.4397917507,605.9781152381,10542.4147192857,22346.0907247531,18100.3334870500,13,4,1,57274.2326776595,1200.0000000000,10800.0000000000,6000.0000000000
2025-07-29,saa,两阶段SAA（主方案）,57554.1808166177,1948.2795304831,59502.4603471008,90599.8564289771,561.7527240476,10825.3814154762,22457.7988818342,18190.8170942857,12,4,1,60472.9310940395,1200.0000000000,10800.0000000000,6000.0000000000
2025-07-29,oracle,完美信息Oracle,49862.0978603903,0.0000000000,49862.0978603903,80192.2342997942,0.0000000000,0.0000000000,21699.9386831276,17576.9503333333,0,0,0,49862.0978603903,1200.0000000000,10800.0000000000,6000.0000000000
2025-07-30,static,静态典型日,35126.9485892896,76101.7128226167,111228.6614119063,59482.6989983539,19170.2817833333,609.0001666667,20740.6661316872,16799.9395666667,128,6,1,35126.9485892896,1200.0000000000,10800.0000000000,6000.0000000000
2025-07-30,point,点预测,50240.0883054229,7934.7535804576,58174.8418858804,80219.7056626190,1865.8445214286,3885.6221638095,21561.4419486214,17464.7679783833,57,18,1,50240.0883054229,1200.0000000000,10800.0000000000,6000.0000000000
2025-07-30,q80,加权Q80,57237.2810178030,174.1346721592,57411.4156899622,90369.2647992452,45.4876057143,12061.6164745238,22367.7993707143,18117.9174902786,6,5,1,57237.2810178030,1200.0000000000,10800.0000000000,6000.0000000000
2025-07-30,saa,两阶段SAA（主方案）,57503.7126425738,171.7239334034,57675.4365759772,90683.9200033024,45.0124428571,12379.8736526190,22346.3407554762,18100.5360119357,5,4,1,60494.7712994771,1200.0000000000,10800.0000000000,6000.0000000000
2025-07-30,oracle,完美信息Oracle,48951.9507771156,0.0000000000,48951.9507771156,78223.5063685185,0.0000000000,0.0000000000,21685.5385185185,17565.2862000000,0,0,0,48951.9507771156,1200.0000000000,10800.0000000000,6000.0000000000
2025-07-31,static,静态典型日,35126.9485892896,81831.9037796250,116958.8523689146,59482.6989983539,20080.6310666667,927.6072333333,20740.6661316872,16799.9395666667,134,2,1,35126.9485892896,1200.0000000000,10800.0000000000,6000.0000000000
2025-07-31,point,点预测,49999.5130051956,8436.2149504949,58435.7279556906,79889.8558779774,1960.5413276190,3072.2134183333,21490.4606347178,17407.2731141214,62,18,1,49999.5130051956,1200.0000000000,10800.0000000000,6000.0000000000
2025-07-31,q80,加权Q80,56622.0675459661,818.1942229413,57440.2617689074,89463.3082613976,176.9587573810,10701.5272597619,22335.4920650000,18091.7485726500,8,6,1,56622.0675459661,1200.0000000000,10800.0000000000,6000.0000000000
2025-07-31,saa,两阶段SAA（主方案）,56838.6655051792,546.7343929682,57385.3998981475,89719.8801154762,129.9508061905,10911.5013216667,22333.3333333333,18090.0000000000,8,6,1,59904.1625898161,1200.0000000000,10800.0000000000,6000.0000000000
2025-07-31,oracle,完美信息Oracle,49476.0891402538,0.0000000000,49476.0891402538,78850.2997252531,0.0000000000,0.0000000000,21870.0182030864,17714.7147445000,0,0,0,49476.0891402538,1200.0000000000,10800.0000000000,6000.0000000000
2025-08-01,static,静态典型日,35126.9485892896,1509.4880920083,36636.4366812980,59482.6989983539,647.6299166667,34938.2426833333,20740.6661316872,16799.9395666667,23,7,1,35126.9485892896,1200.0000000000,10800.0000000000,6000.0000000000
2025-08-01,point,点预测,24150.2446972091,2566.7556963315,26717.0003935407,41286.8933659524,783.2076652381,17778.7413645238,16000.0000000000,12960.0000000000,34,13,1,24150.2446972091,1200.0000000000,10800.0000000000,6000.0000000000
2025-08-01,q80,加权Q80,27189.7103511788,148.3215870517,27338.0319382305,45702.4445059524,61.6004757143,21472.6853150000,16000.0000000000,12960.0000000000,4,3,1,27189.7103511788,1200.0000000000,10800.0000000000,6000.0000000000
2025-08-01,saa,两阶段SAA（主方案）,27321.4041194597,148.3215870517,27469.7257065113,45976.7962723809,61.6004757143,21747.0370814286,16000.0000000000,12960.0000000000,4,3,1,28952.4525046505,1200.0000000000,10800.0000000000,6000.0000000000
2025-08-01,oracle,完美信息Oracle,22915.3141903467,0.0000000000,22915.3141903467,39404.0438000000,0.0000000000,15112.6841333333,16000.0000000000,12960.0000000000,0,0,0,22915.3141903467,1200.0000000000,10800.0000000000,6000.0000000000
2025-08-02,static,静态典型日,35126.9485892896,1538.8407371250,36665.7893264146,59482.6989983539,694.6746000000,35309.6221000000,20740.6661316872,16799.9395666667,19,7,1,35126.9485892896,1200.0000000000,10800.0000000000,6000.0000000000
2025-08-02,point,点预测,24364.4511798817,1663.3924748746,26027.8436547564,41531.3296930952,407.9125573809,17972.2173171429,16000.0000000000,12960.0000000000,22,14,1,24364.4511798817,1200.0000000000,10800.0000000000,6000.0000000000
2025-08-02,q80,加权Q80,27099.6047636110,48.5979826131,27148.2027462241,45501.5784445238,12.6568928571,21547.2104040476,16000.0000000000,12960.0000000000,2,2,1,27099.6047636110,1200.0000000000,10800.0000000000,6000.0000000000
2025-08-02,saa,两阶段SAA（主方案）,27204.2242384443,48.5979826131,27252.8222210574,45733.5468352381,12.6568928571,21778.0088789771,16006.1574514991,12964.9875357143,2,2,1,28773.0028944791,1200.0000000000,10800.0000000000,6000.0000000000
2025-08-02,oracle,完美信息Oracle,22781.8460141583,0.0000000000,22781.8460141583,39090.9460000000,0.0000000000,15123.9210666667,16000.0000000000,12960.0000000000,0,0,0,22781.8460141583,1200.0000000000,10800.0000000000,6000.0000000000
2025-08-03,static,静态典型日,35126.9485892896,54737.9604101833,89864.9089994730,59482.6989983539,13639.3052166667,6341.7976666667,20740.6661316872,16799.9395666667,85,5,1,35126.9485892896,1200.0000000000,10800.0000000000,6000.0000000000
2025-08-03,point,点预测,48809.7806287165,3325.4183715587,52135.1990002752,77879.0150130071,841.4742590476,11817.6025521429,21386.3512451499,17322.9445085714,35,12,1,48809.7806287165,1200.0000000000,10800.0000000000,6000.0000000000
2025-08-03,q80,加权Q80,53852.8293823765,677.5690294721,54530.3984118486,85479.7668600617,170.1555621429,18601.9598030952,22149.9086093474,17941.4259735714,11,7,1,53852.8293823765,1200.0000000000,10800.0000000000,6000.0000000000
2025-08-03,saa,两阶段SAA（主方案）,54133.8277429784,677.5690294721,54811.3967724506,85897.8559218812,170.1555621429,18975.9275350000,22382.1261352146,18129.5221695238,11,7,1,57079.5819109500,1200.0000000000,10800.0000000000,6000.0000000000
2025-08-03,oracle,完美信息Oracle,42832.0281554491,0.0000000000,42832.0281554491,66470.8973580247,0.0000000000,0.0000000000,19112.7230246913,15481.3056500000,0,0,0,42832.0281554491,1200.0000000000,10800.0000000000,6000.0000000000
2025-08-04,static,静态典型日,35126.9485892896,54714.5093008000,89841.4578900896,59482.6989983539,13803.4584833333,3929.7758333333,20740.6661316872,16799.9395666667,93,5,1,35126.9485892896,1200.0000000000,10800.0000000000,6000.0000000000
2025-08-04,point,点预测,47984.7730266927,1852.6819344883,49837.4549611810,76395.4773604997,543.5748357143,7615.0551621429,20570.2207933569,16661.8788426191,29,13,1,47984.7730266927,1200.0000000000,10800.0000000000,6000.0000000000
2025-08-04,q80,加权Q80,52425.0101255267,172.8025659552,52597.8126914819,83540.8199385260,62.5895200000,14002.7630492857,22026.2701363521,17841.2788104452,6,5,1,52425.0101255267,1200.0000000000,10800.0000000000,6000.0000000000
2025-08-04,saa,两阶段SAA（主方案）,52817.7193994788,172.8025659552,52990.5219654340,84047.4912692079,62.5895200000,14550.3816011905,21810.7584457055,17666.7143410214,6,5,1,55748.1790719755,1200.0000000000,10800.0000000000,6000.0000000000
2025-08-04,oracle,完美信息Oracle,43957.4677727726,0.0000000000,43957.4677727726,69055.6679329218,0.0000000000,0.0000000000,19157.9623662551,15517.9495166667,0,0,0,43957.4677727726,1200.0000000000,10800.0000000000,6000.0000000000
2025-08-05,static,静态典型日,35126.9485892896,52578.4689960083,87705.4175852980,59482.6989983539,13378.3394166667,3768.0021166667,20740.6661316872,16799.9395666667,98,5,1,35126.9485892896,1200.0000000000,10800.0000000000,6000.0000000000
2025-08-05,point,点预测,46981.3383370980,2928.8774183587,49910.2157554566,74517.1368950118,780.2281897619,6343.3052742857,20009.2109323927,16207.4608552381,37,19,1,46981.3383370980,1200.0000000000,10800.0000000000,6000.0000000000
2025-08-05,q80,加权Q80,50925.5015445050,127.3196173674,51052.8211618724,81141.3026741946,35.5291838095,11886.8903264286,21777.0094644327,17639.3776661905,4,4,1,50925.5015445050,1200.0000000000,10800.0000000000,6000.0000000000
2025-08-05,saa,两阶段SAA（主方案）,51396.2108822530,127.3196173674,51523.5304996204,81927.7155190388,35.5291838095,12638.2266961905,21961.6224911817,17788.9142178571,4,4,1,54113.2010684370,1200.0000000000,10800.0000000000,6000.0000000000
2025-08-05,oracle,完美信息Oracle,43497.4258560591,0.0000000000,43497.4258560591,68876.0422946502,0.0000000000,0.0000000000,19598.5924279835,15874.8598666667,0,0,0,43497.4258560591,1200.0000000000,10800.0000000000,6000.0000000000
2025-08-06,static,静态典型日,35126.9485892896,64362.2538292000,99489.2024184896,59482.6989983539,16103.2573333333,3530.8305000000,20740.6661316872,16799.9395666667,106,4,1,35126.9485892896,1200.0000000000,10800.0000000000,6000.0000000000
2025-08-06,point,点预测,46356.1536149701,11614.3274045387,57970.4810195087,73294.5964077572,2899.0739457143,4324.6459588095,19761.1848841858,16006.5597561905,57,16,1,46356.1536149701,1200.0000000000,10800.0000000000,6000.0000000000
2025-08-06,q80,加权Q80,49951.0335867406,5451.0088054749,55402.0423922155,79400.7462215873,1348.2670564286,8606.1024966667,21202.6921825397,17174.1806678571,27,9,1,49951.0335867406,1200.0000000000,10800.0000000000,6000.0000000000
2025-08-06,saa,两阶段SAA（主方案）,50469.9376895318,4906.8490811530,55376.7867706848,80431.9721475573,1226.8329166667,9395.5400823810,21836.1353430335,17687.2696278571,27,9,1,53035.7877016295,1200.0000000000,10800.0000000000,6000.0000000000
2025-08-06,oracle,完美信息Oracle,45636.6897553652,0.0000000000,45636.6897553652,71881.9768222222,0.0000000000,0.0000000000,19829.3555555556,16061.7780000000,0,0,0,45636.6897553652,1200.0000000000,10800.0000000000,6000.0000000000
2025-08-07,static,静态典型日,35126.9485892896,52468.7886684917,87595.7372577813,59482.6989983539,13229.5092500000,5383.4964333333,20740.6661316872,16799.9395666667,90,5,1,35126.9485892896,1200.0000000000,10800.0000000000,6000.0000000000
2025-08-07,point,点预测,45645.5236008248,3484.8207370882,49130.3443379130,71986.5458645370,976.5881580952,5780.3604052381,19972.5703547060,16177.7819873119,39,19,1,45645.5236008248,1200.0000000000,10800.0000000000,6000.0000000000
2025-08-07,q80,加权Q80,49037.7010886520,1048.9049160883,50086.6060047403,77653.6478963933,308.2848773810,10658.5766804762,20607.2149647266,16691.8441214286,18,10,1,49037.7010886520,1200.0000000000,10800.0000000000,6000.0000000000
2025-08-07,saa,两阶段SAA（主方案）,49709.8322266326,884.9368059802,50594.7690326129,79001.4809257466,272.0107957143,11844.5104502381,21268.4001116990,17227.4040904762,15,10,1,52257.8233728464,1200.0000000000,10800.0000000000,6000.0000000000
2025-08-07,oracle,完美信息Oracle,42954.2431847561,0.0000000000,42954.2431847561,67157.2401419753,0.0000000000,0.0000000000,19838.1836419753,16068.9287500000,0,0,0,42954.2431847561,1200.0000000000,10800.0000000000,6000.0000000000
2025-08-08,static,静态典型日,35126.9485892896,1144.8805164750,36271.8291057646,59482.6989983539,514.9982500000,40281.7994333333,20740.6661316872,16799.9395666667,15,5,1,35126.9485892896,1200.0000000000,10800.0000000000,6000.0000000000
2025-08-08,point,点预测,23325.0611432175,2692.5094392549,26017.5705824724,40140.2436709524,642.9835778571,21968.0559988095,16000.0000000000,12960.0000000000,32,12,1,23325.0611432175,1200.0000000000,10800.0000000000,6000.0000000000
2025-08-08,q80,加权Q80,24853.8561328100,672.7850848706,25526.6412176806,42413.9518628571,167.6796497619,23766.4602626190,16000.0000000000,12960.0000000000,9,4,1,24853.8561328100,1200.0000000000,10800.0000000000,6000.0000000000
2025-08-08,saa,两阶段SAA（主方案）,24943.0759967842,493.6706070026,25436.7466037869,42599.9254026190,124.3049769048,23909.0591295238,16000.0000000000,12960.0000000000,6,4,1,26202.5295075504,1200.0000000000,10800.0000000000,6000.0000000000
2025-08-08,oracle,完美信息Oracle,22370.8516989883,0.0000000000,22370.8516989883,38713.9646666667,0.0000000000,19898.7934166667,16000.0000000000,12960.0000000000,0,0,0,22370.8516989883,1200.0000000000,10800.0000000000,6000.0000000000
2025-08-09,static,静态典型日,35126.9485892896,1665.6061451833,36792.5547344730,59482.6989983539,756.2823333333,37376.3257666667,20740.6661316872,16799.9395666667,18,5,1,35126.9485892896,1200.0000000000,10800.0000000000,6000.0000000000
2025-08-09,point,点预测,23370.8177269094,5696.2554752569,29067.0732021663,40123.5084235714,1519.5918745238,19681.1712980952,16000.0000000000,12960.0000000000,39,16,1,23370.8177269094,1200.0000000000,10800.0000000000,6000.0000000000
2025-08-09,q80,加权Q80,24697.6463749380,2838.3661326452,27536.0125075833,42108.1436309524,795.3062692857,20941.5209002381,16000.0000000000,12960.0000000000,22,13,1,24697.6463749380,1200.0000000000,10800.0000000000,6000.0000000000
2025-08-09,saa,两阶段SAA（主方案）,24817.8753437531,996.7088248369,25814.5841685900,42329.9956345238,256.8603019048,20624.9269364286,16000.0000000000,12960.0000000000,14,11,1,26087.5244954251,1200.0000000000,10800.0000000000,6000.0000000000
2025-08-09,oracle,完美信息Oracle,22589.4840414650,0.0000000000,22589.4840414650,39082.7537166667,0.0000000000,17120.8247166667,16000.0000000000,12960.0000000000,0,0,0,22589.4840414650,1200.0000000000,10800.0000000000,6000.0000000000
2025-08-10,static,静态典型日,35126.9485892896,56281.3599999917,91408.3085892813,59482.6989983539,14101.2808333333,4338.6342166667,20740.6661316872,16799.9395666667,99,4,1,35126.9485892896,1200.0000000000,10800.0000000000,6000.0000000000
2025-08-10,point,点预测,44478.4857578950,10326.9515404013,54805.4372982963,69591.0844987302,2870.5183795238,3420.5326547619,19665.5324920635,15929.0813185714,49,16,1,44478.4857578950,1200.0000000000,10800.0000000000,6000.0000000000
2025-08-10,q80,加权Q80,47005.0808148884,5259.5203094063,52264.6011242947,74018.1053797745,1468.2588516667,6336.8919685714,20236.0695414197,16391.2163285500,28,12,1,47005.0808148884,1200.0000000000,10800.0000000000,6000.0000000000
2025-08-10,saa,两阶段SAA（主方案）,47655.8540782643,3107.4093191048,50763.2633973691,75354.3458495738,953.0944659524,7091.7772519048,20584.4421769547,16673.3981633333,26,13,1,50038.2062580205,1200.0000000000,10800.0000000000,6000.0000000000
2025-08-10,oracle,完美信息Oracle,43813.8882176249,0.0000000000,43813.8882176249,68885.3397020576,0.0000000000,0.0000000000,18845.8981687243,15265.1775166667,0,0,0,43813.8882176249,1200.0000000000,10800.0000000000,6000.0000000000
2025-08-11,static,静态典型日,35126.9485892896,52846.8737108500,87973.8223001396,59482.6989983539,13208.6527666667,4189.3718666667,20740.6661316872,16799.9395666667,90,7,1,35126.9485892896,1200.0000000000,10800.0000000000,6000.0000000000
2025-08-11,point,点预测,44778.2620328983,9190.7134990471,53968.9755319454,70363.1908092505,2167.7367007143,4222.2790626191,19723.1321790124,15975.7370650000,55,19,1,44778.2620328983,1200.0000000000,10800.0000000000,6000.0000000000
2025-08-11,q80,加权Q80,47386.1875971102,4793.3248785315,52179.5124756417,74907.2821342152,1060.0128769048,7614.2698357143,19956.6939056437,16164.9220635714,33,12,1,47386.1875971102,1200.0000000000,10800.0000000000,6000.0000000000
2025-08-11,saa,两阶段SAA（主方案）,48046.3761437877,3168.1420793571,51214.5182231448,76279.9704340564,735.5171964286,8560.7139295238,20492.2124611993,16598.6920935714,29,12,1,50239.1013418453,1200.0000000000,10800.0000000000,6000.0000000000
2025-08-11,oracle,完美信息Oracle,43517.4561460338,0.0000000000,43517.4561460338,68394.4987436214,0.0000000000,0.0000000000,20174.9758436214,16341.7304333333,0,0,0,43517.4561460338,1200.0000000000,10800.0000000000,6000.0000000000
2025-08-12,static,静态典型日,35126.9485892896,61692.2095187750,96819.1581080646,59482.6989983539,15183.9679666667,2965.3967500000,20740.6661316872,16799.9395666667,112,5,1,35126.9485892896,1200.0000000000,10800.0000000000,6000.0000000000
2025-08-12,point,点预测,44446.0690060601,16136.1021879263,60582.1711939864,69856.3929632275,3850.5720323809,2200.7061797619,19714.2903465608,15968.5751807143,73,13,1,44446.0690060601,1200.0000000000,10800.0000000000,6000.0000000000
2025-08-12,q80,加权Q80,46853.5128687528,9251.0580929292,56104.5709616819,74172.5079699794,2204.8482354762,4816.5476526191,20001.3942254556,16201.1293226191,43,15,1,46853.5128687528,1200.0000000000,10800.0000000000,6000.0000000000
2025-08-12,saa,两阶段SAA（主方案）,47498.7897521773,7408.2601968199,54907.0499489972,75519.7688429806,1820.5613807143,5668.2700357143,20586.9291472663,16675.4126092857,40,14,1,49758.1077343898,1200.0000000000,10800.0000000000,6000.0000000000
2025-08-12,oracle,完美信息Oracle,45494.7940887377,0.0000000000,45494.7940887377,71382.0714660494,0.0000000000,0.0000000000,19060.6727160494,15439.1449000000,0,0,0,45494.7940887377,1200.0000000000,10800.0000000000,6000.0000000000
2025-08-13,static,静态典型日,35126.9485892896,55077.7728947417,90204.7214840313,59482.6989983539,13665.2094833333,3086.2024666667,20740.6661316872,16799.9395666667,100,8,1,35126.9485892896,1200.0000000000,10800.0000000000,6000.0000000000
2025-08-13,point,点预测,44800.6034164252,11634.0034442152,56434.6068606404,70393.4021852528,2951.4118590476,3493.0966607143,19635.4628083480,15904.7248747619,54,19,1,44800.6034164252,1200.0000000000,10800.0000000000,6000.0000000000
2025-08-13,q80,加权Q80,47418.0169664680,6394.4358232892,53812.4527897571,74899.8393600706,1614.9995147619,6593.5259342857,20001.7552134039,16201.4217228571,36,12,1,47418.0169664680,1200.0000000000,10800.0000000000,6000.0000000000
2025-08-13,saa,两阶段SAA（主方案）,48167.7399650541,4109.5261470823,52277.2661121363,76447.5837880659,1108.8187500000,7514.0631978571,20638.7362642563,16717.3763740476,29,12,1,50383.4547544357,1200.0000000000,10800.0000000000,6000.0000000000
2025-08-13,oracle,完美信息Oracle,43982.8430212359,0.0000000000,43982.8430212359,69737.2301694177,0.0000000000,0.0000000000,19032.8985232510,15416.6478038333,0,0,0,43982.8430212359,1200.0000000000,10800.0000000000,6000.0000000000
2025-08-14,static,静态典型日,35126.9485892896,57039.8244597167,92166.7730490063,59482.6989983539,13712.8423500000,3328.5238000000,20740.6661316872,16799.9395666667,98,9,1,35126.9485892896,1200.0000000000,10800.0000000000,6000.0000000000
2025-08-14,point,点预测,44334.1735792482,12064.3483270599,56398.5219063081,69702.4248491211,2747.6903200000,2787.6798890476,19663.9173512640,15927.7730545238,75,18,1,44334.1735792482,1200.0000000000,10800.0000000000,6000.0000000000
2025-08-14,q80,加权Q80,47087.3725079911,5495.7626704754,52583.1351784664,74537.9760191593,1163.8087542857,6015.6672723810,19788.5606196355,16028.7341019048,38,20,1,47087.3725079911,1200.0000000000,10800.0000000000,6000.0000000000
2025-08-14,saa,两阶段SAA（主方案）,47618.1088286422,4715.5520276060,52333.6608562481,75635.4926897237,1009.8136219048,6865.9370426191,20279.3593982951,16426.2811126190,36,20,1,49901.5855068865,1200.0000000000,10800.0000000000,6000.0000000000
2025-08-14,oracle,完美信息Oracle,44487.5520684767,0.0000000000,44487.5520684767,69940.6078244856,0.0000000000,0.0000000000,21127.9833744856,17113.6665333333,0,0,0,44487.5520684767,1200.0000000000,10800.0000000000,6000.0000000000
2025-08-15,static,静态典型日,35126.9485892896,1028.1676923417,36155.1162816313,59482.6989983539,483.4776833333,38865.7232333333,20740.6661316872,16799.9395666667,20,6,1,35126.9485892896,1200.0000000000,10800.0000000000,6000.0000000000
2025-08-15,point,点预测,23167.9890138184,4406.7108863227,27574.6999001411,39788.2857383333,1219.0055395238,20807.5643945238,16000.0000000000,12960.0000000000,46,17,1,23167.9890138184,1200.0000000000,10800.0000000000,6000.0000000000
2025-08-15,q80,加权Q80,24285.3941700569,1817.1058696252,26102.5000396821,41410.8321588095,511.8881257143,21722.9934011905,16000.0000000000,12960.0000000000,23,14,1,24285.3941700569,1200.0000000000,10800.0000000000,6000.0000000000
2025-08-15,saa,两阶段SAA（主方案）,24385.7573387587,1318.2706649148,25704.0280036735,41610.8150588095,382.4196000000,21793.5077754762,16000.0000000000,12960.0000000000,19,12,1,25464.3049690651,1200.0000000000,10800.0000000000,6000.0000000000
2025-08-15,oracle,完美信息Oracle,22597.7699684550,0.0000000000,22597.7699684550,39256.3091833333,0.0000000000,19056.5823000000,16000.0000000000,12960.0000000000,0,0,0,22597.7699684550,1200.0000000000,10800.0000000000,6000.0000000000
2025-08-16,static,静态典型日,35126.9485892896,1680.4278408250,36807.3764301146,59482.6989983539,655.8456666667,39268.5377333333,20740.6661316872,16799.9395666667,22,6,1,35126.9485892896,1200.0000000000,10800.0000000000,6000.0000000000
2025-08-16,point,点预测,23200.5828371261,4877.9436932713,28078.5265303974,39803.9540176190,1128.7163092857,20963.3899602381,16000.0000000000,12960.0000000000,46,19,1,23200.5828371261,1200.0000000000,10800.0000000000,6000.0000000000
2025-08-16,q80,加权Q80,24292.1469037939,1932.6447253243,26224.7916291182,41417.3635771429,445.0212776190,21893.1044880952,16000.0000000000,12960.0000000000,23,16,1,24292.1469037939,1200.0000000000,10800.0000000000,6000.0000000000
2025-08-16,saa,两阶段SAA（主方案）,24405.7671678735,1164.2098832802,25569.9770511537,41626.9418123809,289.1614776190,21946.8229233333,16000.0000000000,12960.0000000000,16,12,1,25428.2159297000,1200.0000000000,10800.0000000000,6000.0000000000
2025-08-16,oracle,完美信息Oracle,22697.0328715483,0.0000000000,22697.0328715483,39106.4268000000,0.0000000000,19137.1464333333,16000.0000000000,12960.0000000000,0,0,0,22697.0328715483,1200.0000000000,10800.0000000000,6000.0000000000
2025-08-17,static,静态典型日,35126.9485892896,53494.0361808250,88620.9847701146,59482.6989983539,13097.1975833333,5473.7764000000,20740.6661316872,16799.9395666667,87,4,1,35126.9485892896,1200.0000000000,10800.0000000000,6000.0000000000
2025-08-17,point,点预测,44622.4058558425,5541.8795193358,50164.2853751783,70039.9292065315,1326.0326261905,4480.9056054762,19577.1716346267,15857.5090240476,53,22,1,44622.4058558425,1200.0000000000,10800.0000000000,6000.0000000000
2025-08-17,q80,加权Q80,47016.0621887533,2347.3062757194,49363.3684644727,74107.3708285273,555.1521669048,7722.0134338095,19869.0312892416,16093.9153442857,27,15,1,47016.0621887533,1200.0000000000,10800.0000000000,6000.0000000000
2025-08-17,saa,两阶段SAA（主方案）,47742.8323370442,1892.5801771620,49635.4125142062,75611.6828585891,451.5051019048,8999.1720628571,20519.0646366843,16620.4423557143,24,13,1,50003.1585012538,1200.0000000000,10800.0000000000,6000.0000000000
2025-08-17,oracle,完美信息Oracle,43032.4143894301,0.0000000000,43032.4143894301,66922.6446135802,0.0000000000,0.0000000000,19775.0052469136,16017.7542500000,0,0,0,43032.4143894301,1200.0000000000,10800.0000000000,6000.0000000000
2025-08-18,static,静态典型日,35126.9485892896,55474.7777059583,90601.7262952480,59482.6989983539,13550.2241333333,4698.0809500000,20740.6661316872,16799.9395666667,97,6,1,35126.9485892896,1200.0000000000,10800.0000000000,6000.0000000000
2025-08-18,point,点预测,44468.0435403660,9774.3418758217,54242.3854161878,69975.9979197472,2149.6437345238,3959.4116904762,19853.2334059377,16081.1190588095,59,20,1,44468.0435403660,1200.0000000000,10800.0000000000,6000.0000000000
2025-08-18,q80,加权Q80,46801.9092881386,4595.3380093189,51397.2472974575,73893.5583785714,1001.1305811905,6692.8089342857,20040.8653095238,16233.1009007143,33,19,1,46801.9092881386,1200.0000000000,10800.0000000000,6000.0000000000
2025-08-18,saa,两阶段SAA（主方案）,47495.2529330590,3145.7052173950,50640.9581504540,75336.2974076602,709.5271352381,7736.2484321429,20607.6868109935,16692.2263169048,27,17,1,49706.9769524977,1200.0000000000,10800.0000000000,6000.0000000000
2025-08-18,oracle,完美信息Oracle,43606.9624308116,0.0000000000,43606.9624308116,68265.9993018518,0.0000000000,0.0000000000,20378.3351851852,16506.4515000000,0,0,0,43606.9624308116,1200.0000000000,10800.0000000000,6000.0000000000
2025-08-19,static,静态典型日,35126.9485892896,53869.0291164583,88995.9777057480,59482.6989983539,13355.1429166667,4579.4553000000,20740.6661316872,16799.9395666667,94,6,1,35126.9485892896,1200.0000000000,10800.0000000000,6000.0000000000
2025-08-19,point,点预测,44375.1734200755,7122.9276473125,51498.1010673880,69696.7631844885,1811.3116083333,3429.7888973810,19792.7676075838,16032.1417621429,53,18,1,44375.1734200755,1200.0000000000,10800.0000000000,6000.0000000000
2025-08-19,q80,加权Q80,46472.9987818573,3915.0529722652,50388.0517541225,73140.9074084979,1067.7499183333,6090.4714009524,20002.7677677837,16202.2418919048,35,16,1,46472.9987818573,1200.0000000000,10800.0000000000,6000.0000000000
2025-08-19,saa,两阶段SAA（主方案）,47150.8512852319,3644.2100633109,50795.0613485428,74542.0291187096,1015.2088285714,7346.9180678571,20487.6833127572,16595.0234833333,34,16,1,49457.0412876285,1200.0000000000,10800.0000000000,6000.0000000000
2025-08-19,oracle,完美信息Oracle,43502.2322226044,0.0000000000,43502.2322226044,67943.7174386831,0.0000000000,0.0000000000,19084.5125720165,15458.4551833333,0,0,0,43502.2322226044,1200.0000000000,10800.0000000000,6000.0000000000
2025-08-20,static,静态典型日,35126.9485892896,64692.2215836750,99819.1701729646,59482.6989983539,15767.8313666667,659.1127333333,20740.6661316872,16799.9395666667,127,6,1,35126.9485892896,1200.0000000000,10800.0000000000,6000.0000000000
2025-08-20,point,点预测,44193.8092638261,27848.7334370113,72042.5427008373,69441.6871318430,6811.9750107143,1844.3328661905,19782.3063668430,16023.6681571429,93,15,1,44193.8092638261,1200.0000000000,10800.0000000000,6000.0000000000
2025-08-20,q80,加权Q80,46384.7760132557,17523.8663160160,63908.6423292716,73056.1725211661,4405.0885885714,2996.0489442857,20076.4268357113,16261.9057369262,72,15,1,46384.7760132557,1200.0000000000,10800.0000000000,6000.0000000000
2025-08-20,saa,两阶段SAA（主方案）,47025.2094462325,13675.3148390624,60700.5242852949,74375.5383395356,3597.0986309524,3434.1954526190,20461.8444800118,16574.0940288095,64,15,1,49230.1423035416,1200.0000000000,10800.0000000000,6000.0000000000
2025-08-20,oracle,完美信息Oracle,46850.6879511058,0.0000000000,46850.6879511058,74779.0752835391,0.0000000000,0.0000000000,21728.3379835391,17599.9537666667,0,0,0,46850.6879511058,1200.0000000000,10800.0000000000,6000.0000000000
2025-08-21,static,静态典型日,35126.9485892896,55740.0260793083,90866.9746685980,59482.6989983539,13729.9694166667,3427.5233666667,20740.6661316872,16799.9395666667,104,7,1,35126.9485892896,1200.0000000000,10800.0000000000,6000.0000000000
2025-08-21,point,点预测,44528.4612424509,10365.8904325332,54894.3516749841,69967.0614436332,2735.2522790476,2975.8935392857,20431.5878950617,16549.5861950000,58,24,1,44528.4612424509,1200.0000000000,10800.0000000000,6000.0000000000
2025-08-21,q80,加权Q80,47172.7440974822,4690.1149486744,51862.8590461566,74401.5928367254,1273.4916059524,5846.4951647619,20969.3199714874,16985.1491769048,27,10,1,47172.7440974822,1200.0000000000,10800.0000000000,6000.0000000000
2025-08-21,saa,两阶段SAA（主方案）,47899.8368915162,3496.7885535682,51396.6254450844,75865.5835452205,1006.0279692857,6911.3882892857,21662.1302204586,17546.3254785714,26,10,1,50299.3415834795,1200.0000000000,10800.0000000000,6000.0000000000
2025-08-21,oracle,完美信息Oracle,44030.0814250418,0.0000000000,44030.0814250418,69488.4218059671,0.0000000000,0.0000000000,19178.9648559671,15534.9615333333,0,0,0,44030.0814250418,1200.0000000000,10800.0000000000,6000.0000000000
2025-08-22,static,静态典型日,35126.9485892896,1461.6683437667,36588.6169330563,59482.6989983539,508.3682500000,34819.7712833333,20740.6661316872,16799.9395666667,18,9,1,35126.9485892896,1200.0000000000,10800.0000000000,6000.0000000000
2025-08-22,point,点预测,23128.4978996686,12436.8393244206,35565.3372240891,39814.0079192857,3050.1381559524,18593.5766752381,16000.0000000000,12960.0000000000,66,13,1,23128.4978996686,1200.0000000000,10800.0000000000,6000.0000000000
2025-08-22,q80,加权Q80,24341.7366536077,6234.7047181260,30576.4413717337,41577.3950723809,1593.1372419048,18899.9629142857,16000.0000000000,12960.0000000000,45,14,1,24341.7366536077,1200.0000000000,10800.0000000000,6000.0000000000
2025-08-22,saa,两阶段SAA（主方案）,24442.9492948519,3618.6371676563,28061.5864625082,41801.4766566667,910.7360071429,18441.6432638095,16000.0000000000,12960.0000000000,36,14,1,25506.1227382591,1200.0000000000,10800.0000000000,6000.0000000000
2025-08-22,oracle,完美信息Oracle,23548.4392632133,0.0000000000,23548.4392632133,40082.1770833333,0.0000000000,15811.6076833333,16000.0000000000,12960.0000000000,0,0,0,23548.4392632133,1200.0000000000,10800.0000000000,6000.0000000000
2025-08-23,static,静态典型日,35126.9485892896,1229.7723708333,36356.7209601230,59482.6989983539,563.1624166667,33575.1287000000,20740.6661316872,16799.9395666667,15,5,1,35126.9485892896,1200.0000000000,10800.0000000000,6000.0000000000
2025-08-23,point,点预测,23187.2088554952,4956.7639062100,28143.9727617052,39818.1492230952,1313.9597219048,15562.1027950000,16000.0000000000,12960.0000000000,50,17,1,23187.2088554952,1200.0000000000,10800.0000000000,6000.0000000000
2025-08-23,q80,加权Q80,24503.1564435468,1638.1086076569,26141.2650512037,41671.7423628571,521.5835826190,16623.3197954762,16000.0000000000,12960.0000000000,25,15,1,24503.1564435468,1200.0000000000,10800.0000000000,6000.0000000000
2025-08-23,saa,两阶段SAA（主方案）,24672.8105680442,1130.5654459681,25803.3760140123,41947.9553809524,368.6021295238,16746.5513604762,16000.0000000000,12960.0000000000,21,13,1,25703.5887448608,1200.0000000000,10800.0000000000,6000.0000000000
2025-08-23,oracle,完美信息Oracle,22982.8363999600,0.0000000000,22982.8363999600,39422.7423166667,0.0000000000,13852.7361666667,16000.0000000000,12960.0000000000,0,0,0,22982.8363999600,1200.0000000000,10800.0000000000,6000.0000000000
2025-08-24,static,静态典型日,35126.9485892896,57731.6825672833,92858.6311565730,59482.6989983539,14028.7042666667,5837.0872166667,20740.6661316872,16799.9395666667,99,3,1,35126.9485892896,1200.0000000000,10800.0000000000,6000.0000000000
2025-08-24,point,点预测,45174.2541233940,7448.2536876899,52622.5078110840,71146.3219534745,1782.3786559524,5357.7790578572,20196.4845696649,16359.1525014286,65,16,1,45174.2541233940,1200.0000000000,10800.0000000000,6000.0000000000
2025-08-24,q80,加权Q80,48522.7837923579,2026.8938350567,50549.6776274145,76737.7580670488,528.4642195238,9555.5714290476,20931.9019694297,16954.8405952381,28,16,1,48522.7837923579,1200.0000000000,10800.0000000000,6000.0000000000
2025-08-24,saa,两阶段SAA（主方案）,49259.3974875104,1842.9827596767,51102.3802471871,78195.2229851058,481.6633633333,10796.2165912976,21826.7382832011,17679.6580093929,27,16,1,51458.1674998748,1200.0000000000,10800.0000000000,6000.0000000000
2025-08-24,oracle,完美信息Oracle,43846.5300627392,0.0000000000,43846.5300627392,67926.4050199588,0.0000000000,263.5393333333,20680.4010699588,16751.1248666667,0,0,0,43846.5300627392,1200.0000000000,10800.0000000000,6000.0000000000
2025-08-25,static,静态典型日,35126.9485892896,68298.8294567833,103425.7780460729,59482.6989983539,16722.7648333333,1491.6502500000,20740.6661316872,16799.9395666667,119,3,1,35126.9485892896,1200.0000000000,10800.0000000000,6000.0000000000
2025-08-25,point,点预测,45319.0534644577,18774.5764275883,64093.6298920460,71466.0549321968,4986.0697585714,1810.4232097619,20361.1287596825,16492.5142953429,78,12,1,45319.0534644577,1200.0000000000,10800.0000000000,6000.0000000000
2025-08-25,q80,加权Q80,48727.1858410053,7216.0148196229,55943.2006606281,77192.0471264991,1972.8153414286,4300.1034521429,21535.1157848324,17443.4437857143,44,14,1,48727.1858410053,1200.0000000000,10800.0000000000,6000.0000000000
2025-08-25,saa,两阶段SAA（主方案）,49338.6714452928,6228.0454167392,55566.7168620320,78392.8934626073,1743.4134902381,5150.9339087742,22169.9264600235,17957.6404326190,39,11,1,51608.1203382743,1200.0000000000,10800.0000000000,6000.0000000000
2025-08-25,oracle,完美信息Oracle,47191.6989325484,0.0000000000,47191.6989325484,74660.1750374486,0.0000000000,0.0000000000,20458.3580041152,16571.2699833333,0,0,0,47191.6989325484,1200.0000000000,10800.0000000000,6000.0000000000
2025-08-26,static,静态典型日,35126.9485892896,55548.9409205417,90675.8895098313,59482.6989983539,13374.8206500000,3387.9747000000,20740.6661316872,16799.9395666667,104,6,1,35126.9485892896,1200.0000000000,10800.0000000000,6000.0000000000
2025-08-26,point,点预测,45694.1011930189,6028.3332014563,51722.4343944751,72047.9644070817,1446.3702173809,4161.6728823810,20020.2282039389,16216.3848451905,52,19,1,45694.1011930189,1200.0000000000,10800.0000000000,6000.0000000000
2025-08-26,q80,加权Q80,49368.9841871959,1667.0063357983,51035.9905229942,78321.7966591975,417.1484195238,9113.4041419048,21561.6976499118,17464.9750964286,19,10,1,49368.9841871959,1200.0000000000,10800.0000000000,6000.0000000000
2025-08-26,saa,两阶段SAA（主方案）,49869.6586306975,1584.6574328393,51454.3160635368,79256.0723068983,399.5859264286,9964.5834195238,21906.6127919459,17744.3563614762,17,8,1,52265.9456216403,1200.0000000000,10800.0000000000,6000.0000000000
2025-08-26,oracle,完美信息Oracle,44341.0020980947,0.0000000000,44341.0020980947,69437.1288841564,0.0000000000,0.0000000000,20570.0552674897,16661.7447666667,0,0,0,44341.0020980947,1200.0000000000,10800.0000000000,6000.0000000000
2025-08-27,static,静态典型日,35126.9485892896,62643.2275931667,97770.1761824563,59482.6989983539,14874.2012666667,2502.0248333333,20740.6661316872,16799.9395666667,111,6,1,35126.9485892896,1200.0000000000,10800.0000000000,6000.0000000000
2025-08-27,point,点预测,45893.8541915355,10630.3944065752,56524.2485981107,72276.9372493727,2344.0152733333,2898.2555602381,20044.9899779012,16236.4418821000,69,18,1,45893.8541915355,1200.0000000000,10800.0000000000,6000.0000000000
2025-08-27,q80,加权Q80,49401.5543997208,2645.7797041319,52047.3341038526,78185.9390797825,530.8546350000,6694.4159388095,21622.2574174015,17514.0285080952,23,14,1,49401.5543997208,1200.0000000000,10800.0000000000,6000.0000000000
2025-08-27,saa,两阶段SAA（主方案）,49949.6960815511,1773.2340101192,51722.9300916703,79186.0523900647,365.5708417976,7468.0519554762,21944.3284722075,17774.9060624881,17,13,1,52470.4026844877,1200.0000000000,10800.0000000000,6000.0000000000
2025-08-27,oracle,完美信息Oracle,45827.2089358618,0.0000000000,45827.2089358618,71917.1886526749,0.0000000000,0.0000000000,21068.6304526749,17065.5906666667,0,0,0,45827.2089358618,1200.0000000000,10800.0000000000,6000.0000000000
2025-08-28,static,静态典型日,35126.9485892896,66683.3931019417,101810.3416912313,59482.6989983539,16210.1778833333,984.3553333333,20740.6661316872,16799.9395666667,120,6,1,35126.9485892896,1200.0000000000,10800.0000000000,6000.0000000000
2025-08-28,point,点预测,45786.6171677785,21599.9010018786,67386.5181696571,71845.5084473454,5665.5626145238,2867.9190757143,20396.6158043239,16521.2588015024,73,18,1,45786.6171677785,1200.0000000000,10800.0000000000,6000.0000000000
2025-08-28,q80,加权Q80,49296.3053277730,11866.9968498717,61163.3021776447,77697.2197366138,3076.9958014286,5882.8339623810,21703.0873280423,17579.5007357143,45,16,1,49296.3053277730,1200.0000000000,10800.0000000000,6000.0000000000
2025-08-28,saa,两阶段SAA（主方案）,49826.8397116183,9818.8999389119,59645.7396505302,78703.9880991502,2649.3653604762,6360.0434142857,22239.5529579336,18014.0378959262,44,16,1,52197.9087674630,1200.0000000000,10800.0000000000,6000.0000000000
2025-08-28,oracle,完美信息Oracle,46943.5460457017,0.0000000000,46943.5460457017,74776.0422002057,0.0000000000,0.0000000000,21096.0379835391,17087.7907666667,0,0,0,46943.5460457017,1200.0000000000,10800.0000000000,6000.0000000000
2025-08-29,static,静态典型日,35126.9485892896,740.2234574750,35867.1720467646,59482.6989983539,320.8544166667,33307.6065000000,20740.6661316872,16799.9395666667,14,4,1,35126.9485892896,1200.0000000000,10800.0000000000,6000.0000000000
2025-08-29,point,点预测,23865.1305104514,5058.8314092006,28923.9619196520,40632.9985647619,1202.0850221429,16239.8632369048,16000.0000000000,12960.0000000000,44,18,1,23865.1305104514,1200.0000000000,10800.0000000000,6000.0000000000
2025-08-29,q80,加权Q80,25318.0219356268,2131.9597183323,27449.9816539591,42676.1109138095,494.9190680952,17575.8096319048,16000.0000000000,12960.0000000000,20,11,1,25318.0219356268,1200.0000000000,10800.0000000000,6000.0000000000
2025-08-29,saa,两阶段SAA（主方案）,25426.4049833186,1279.3163776992,26705.7213610178,42903.5480228571,289.2927616667,17593.9635349059,16019.2468400941,12975.5899404762,17,11,1,26595.3792168986,1200.0000000000,10800.0000000000,6000.0000000000
2025-08-29,oracle,完美信息Oracle,23317.2212282117,0.0000000000,23317.2212282117,39969.7371500000,0.0000000000,14374.5168000000,16000.0000000000,12960.0000000000,0,0,0,23317.2212282117,1200.0000000000,10800.0000000000,6000.0000000000
2025-08-30,static,静态典型日,35126.9485892896,1446.2939140417,36573.2425033313,59482.6989983539,663.9070333333,37693.1596333333,20740.6661316872,16799.9395666667,18,6,1,35126.9485892896,1200.0000000000,10800.0000000000,6000.0000000000
2025-08-30,point,点预测,23793.9528857315,5224.8197937063,29018.7726794378,40575.1164880952,1437.9245023809,20460.3211571429,16000.0000000000,12960.0000000000,51,17,1,23793.9528857315,1200.0000000000,10800.0000000000,6000.0000000000
2025-08-30,q80,加权Q80,25206.1987641506,1864.9659959885,27071.1647601391,42591.4249952381,589.0995307143,21627.8046926190,16000.0000000000,12960.0000000000,32,14,1,25206.1987641506,1200.0000000000,10800.0000000000,6000.0000000000
2025-08-30,saa,两阶段SAA（主方案）,25366.0706904722,1547.0977104686,26913.1684009407,42872.9520585714,503.5129195238,21816.6851340329,16037.1579512052,12990.0979404762,27,11,1,26511.7624787933,1200.0000000000,10800.0000000000,6000.0000000000
2025-08-30,oracle,完美信息Oracle,23390.1340577467,0.0000000000,23390.1340577467,39855.5234666667,0.0000000000,18302.8036333333,16000.0000000000,12960.0000000000,0,0,0,23390.1340577467,1200.0000000000,10800.0000000000,6000.0000000000
2025-08-31,static,静态典型日,35126.9485892896,55770.3887671917,90897.3373564813,59482.6989983539,13204.6669000000,2100.0162500000,20740.6661316872,16799.9395666667,106,9,1,35126.9485892896,1200.0000000000,10800.0000000000,6000.0000000000
2025-08-31,point,点预测,46264.1466063054,6895.9291066837,53160.0757129890,72522.0957221897,1836.9377571428,3820.3458897619,20484.5500328277,16592.4855265905,52,14,1,46264.1466063054,1200.0000000000,10800.0000000000,6000.0000000000
2025-08-31,q80,加权Q80,49948.4780105549,781.9129797344,50730.3909902894,78746.7262027454,207.2068285714,8107.5323188095,22104.0927851264,17904.3151559524,14,11,1,49948.4780105549,1200.0000000000,10800.0000000000,6000.0000000000
2025-08-31,saa,两阶段SAA（主方案）,50533.4642777632,576.5585688485,51110.0228466117,79728.5648131452,164.2156814286,9037.9465214286,22148.4783674309,17940.2674776190,14,11,1,53113.2641543464,1200.0000000000,10800.0000000000,6000.0000000000
2025-08-31,oracle,完美信息Oracle,44986.8839588524,0.0000000000,44986.8839588524,70549.4184307778,0.0000000000,0.0000000000,20541.0281444444,16638.2327970000,0,0,0,44986.8839588524,1200.0000000000,10800.0000000000,6000.0000000000
2025-09-01,static,静态典型日,35126.9485892896,17894.3498152167,53021.2984045063,59482.6989983539,3900.9955000000,5868.8334000000,20740.6661316872,16799.9395666667,80,7,1,35126.9485892896,1200.0000000000,10800.0000000000,6000.0000000000
2025-09-01,point,点预测,46408.6259991543,1690.0268389802,48098.6528381346,73081.0172552851,459.8903816667,16057.2394759524,20576.4927771899,16666.9591495238,9,3,1,46408.6259991543,1200.0000000000,10800.0000000000,6000.0000000000
2025-09-01,q80,加权Q80,50074.5885209958,251.0095291167,50325.5980501125,79159.1394716020,50.6118619048,21447.7632876190,22041.3342766020,17853.4807640476,1,1,1,50074.5885209958,1200.0000000000,10800.0000000000,6000.0000000000
2025-09-01,saa,两阶段SAA（主方案）,50634.9911716468,0.0000000000,50634.9911716468,80069.8856997296,0.0000000000,22299.1294492857,22087.4827216343,17890.8610045238,0,0,0,53147.7813531078,1200.0000000000,10800.0000000000,6000.0000000000
2025-09-01,oracle,完美信息Oracle,35447.4230413340,0.0000000000,35447.4230413340,57152.1411409465,0.0000000000,0.0000000000,18831.6137242798,15253.6071166667,0,0,0,35447.4230413340,1200.0000000000,10800.0000000000,6000.0000000000
2025-09-02,static,静态典型日,35126.9485892896,19453.2217343833,54580.1703236730,59482.6989983539,4096.2240500000,5580.4406333333,20740.6661316872,16799.9395666667,70,10,1,35126.9485892896,1200.0000000000,10800.0000000000,6000.0000000000
2025-09-02,point,点预测,45890.0978536508,1298.7044328734,47188.8022865242,72118.7038449648,279.3271790476,14525.5705785715,20077.3926075838,16262.6880121429,18,6,1,45890.0978536508,1200.0000000000,10800.0000000000,6000.0000000000
2025-09-02,q80,加权Q80,49302.1146216332,0.0000000000,49302.1146216332,77956.1733557055,0.0000000000,19754.8150564286,21808.4339435626,17664.8314942857,0,0,0,49302.1146216332,1200.0000000000,10800.0000000000,6000.0000000000
2025-09-02,saa,两阶段SAA（主方案）,49839.1288996146,0.0000000000,49839.1288996146,78920.8056108848,0.0000000000,20692.1339330952,21952.1885673133,17781.2727395238,0,0,0,52367.8769499498,1200.0000000000,10800.0000000000,6000.0000000000
2025-09-02,oracle,完美信息Oracle,35862.3962089319,0.0000000000,35862.3962089319,58013.3887946502,0.0000000000,0.0000000000,20819.1207613169,16863.4878166667,0,0,0,35862.3962089319,1200.0000000000,10800.0000000000,6000.0000000000
2025-09-03,static,静态典型日,35126.9485892896,22950.6125363583,58077.5611256480,59482.6989983539,5053.6891166667,5047.9443000000,20740.6661316872,16799.9395666667,81,6,1,35126.9485892896,1200.0000000000,10800.0000000000,6000.0000000000
2025-09-03,point,点预测,45816.4307612135,149.3915659475,45965.8223271610,71994.8521156786,38.3189869048,12670.2896721429,20079.8114760023,16264.6472955619,3,3,1,45816.4307612135,1200.0000000000,10800.0000000000,6000.0000000000
2025-09-03,q80,加权Q80,48781.6417141764,0.0000000000,48781.6417141764,77073.2794055850,0.0000000000,17423.7553652381,21588.4567912992,17486.6500009524,0,0,0,48781.6417141764,1200.0000000000,10800.0000000000,6000.0000000000
2025-09-03,saa,两阶段SAA（主方案）,49456.2321284504,0.0000000000,49456.2321284504,78339.5996296796,0.0000000000,18606.1934635714,22029.9416637272,17844.2527476190,0,0,0,52058.7115602624,1200.0000000000,10800.0000000000,6000.0000000000
2025-09-03,oracle,完美信息Oracle,37092.2095102033,0.0000000000,37092.2095102033,59124.9661485597,0.0000000000,0.0000000000,18827.6257818930,15250.3768833333,0,0,0,37092.2095102033,1200.0000000000,10800.0000000000,6000.0000000000
2025-09-04,static,静态典型日,35126.9485892896,22990.9096465833,58117.8582358730,59482.6989983539,4732.6286666667,6349.0355500000,20740.6661316872,16799.9395666667,77,10,1,35126.9485892896,1200.0000000000,10800.0000000000,6000.0000000000
2025-09-04,point,点预测,45978.8285007149,640.9804188512,46619.8089195660,72142.1903052264,129.7376297619,14552.5548250000,19967.4082104644,16173.6006504762,7,4,1,45978.8285007149,1200.0000000000,10800.0000000000,6000.0000000000
2025-09-04,q80,加权Q80,48597.8300138821,98.6306810595,48696.4606949416,76722.8023105820,16.9804047619,18727.0011797619,21511.6630820106,17424.4470964286,1,1,1,48597.8300138821,1200.0000000000,10800.0000000000,6000.0000000000
2025-09-04,saa,两阶段SAA（主方案）,49152.0257319802,33.1161255179,49185.1418574980,77815.3467586214,5.7013214286,19719.1752233333,21980.5647721928,17804.2574654762,1,1,1,52011.3669223944,1200.0000000000,10800.0000000000,6000.0000000000
2025-09-04,oracle,完美信息Oracle,36640.8077088522,0.0000000000,36640.8077088522,57962.4413026749,0.0000000000,203.9081333333,20173.5137860082,16340.5461666667,0,0,0,36640.8077088522,1200.0000000000,10800.0000000000,6000.0000000000
2025-09-05,static,静态典型日,35126.9485892896,0.0000000000,35126.9485892896,59482.6989983539,0.0000000000,48717.7107666667,20740.6661316872,16799.9395666667,0,0,0,35126.9485892896,1200.0000000000,10800.0000000000,6000.0000000000
2025-09-05,point,点预测,23809.3885051506,669.1331992384,24478.5217043891,40511.6044000000,237.6626833333,30885.0054166667,16000.0000000000,12960.0000000000,5,2,1,23809.3885051506,1200.0000000000,10800.0000000000,6000.0000000000
2025-09-05,q80,加权Q80,24718.4475496209,357.9849791064,25076.4325287273,41846.8792700000,132.4989376190,32115.1165409524,16000.0000000000,12960.0000000000,3,2,1,24718.4475496209,1200.0000000000,10800.0000000000,6000.0000000000
2025-09-05,saa,两阶段SAA（主方案）,24878.1545345715,0.0000000000,24878.1545345715,42137.3461640476,0.0000000000,32273.0844973809,16000.0000000000,12960.0000000000,0,0,0,26102.7488306894,1200.0000000000,10800.0000000000,6000.0000000000
2025-09-05,oracle,完美信息Oracle,16408.2659885067,0.0000000000,16408.2659885067,30380.2977833333,0.0000000000,20516.0361166667,16000.0000000000,12960.0000000000,0,0,0,16408.2659885067,1200.0000000000,10800.0000000000,6000.0000000000
2025-09-06,static,静态典型日,35126.9485892896,69.6111776333,35196.5597669230,59482.6989983539,32.5590166667,47853.4477500000,20740.6661316872,16799.9395666667,1,1,1,35126.9485892896,1200.0000000000,10800.0000000000,6000.0000000000
2025-09-06,point,点预测,23918.2307764721,430.8630078559,24349.0937843281,40675.2277247619,106.1404485714,30020.2844733333,16000.0000000000,12960.0000000000,8,3,1,23918.2307764721,1200.0000000000,10800.0000000000,6000.0000000000
2025-09-06,q80,加权Q80,24696.8330269246,29.4640723996,24726.2970993243,41803.5445373809,7.3645945238,31049.8254319048,16000.0000000000,12960.0000000000,2,2,1,24696.8330269246,1200.0000000000,10800.0000000000,6000.0000000000
2025-09-06,saa,两阶段SAA（主方案）,24808.4213472696,8.9474855750,24817.3688328446,42013.9340064286,2.5938500000,31255.4441564286,16000.0000000000,12960.0000000000,1,1,1,26067.5980441489,1200.0000000000,10800.0000000000,6000.0000000000
2025-09-06,oracle,完美信息Oracle,16544.1201753650,0.0000000000,16544.1201753650,30788.8011333333,0.0000000000,20027.7174333333,16000.0000000000,12960.0000000000,0,0,0,16544.1201753650,1200.0000000000,10800.0000000000,6000.0000000000
2025-09-07,static,静态典型日,35126.9485892896,19381.2394927250,54508.1880820146,59482.6989983539,3992.0075500000,4572.9963666667,20740.6661316872,16799.9395666667,81,9,1,35126.9485892896,1200.0000000000,10800.0000000000,6000.0000000000
2025-09-07,point,点预测,45473.2678956511,3689.1729975469,49162.4408931980,71175.4830176416,840.2800221429,13141.9572876191,20593.8007131511,16680.9785776524,22,7,1,45473.2678956511,1200.0000000000,10800.0000000000,6000.0000000000
2025-09-07,q80,加权Q80,47574.7419513031,1276.1960957119,48850.9380470150,74885.1696863198,300.2297369048,16144.0286095238,21475.7220896531,17395.3348926190,11,3,1,47574.7419513031,1200.0000000000,10800.0000000000,6000.0000000000
2025-09-07,saa,两阶段SAA（主方案）,48248.6769244966,764.3013727849,49012.9782972815,76132.2117233569,190.3254207143,17214.6446542857,21825.8361743092,17678.9273011905,9,4,1,50983.1114969595,1200.0000000000,10800.0000000000,6000.0000000000
2025-09-07,oracle,完美信息Oracle,36274.9916629416,0.0000000000,36274.9916629416,58857.3686541152,0.0000000000,0.0000000000,20507.2896707819,16610.9046333333,0,0,0,36274.9916629416,1200.0000000000,10800.0000000000,6000.0000000000
2025-09-08,static,静态典型日,35126.9485892896,28227.9976316750,63354.9462209646,59482.6989983539,6229.2892000000,2375.6921000000,20740.6661316872,16799.9395666667,100,9,1,35126.9485892896,1200.0000000000,10800.0000000000,6000.0000000000
2025-09-08,point,点预测,41820.5834821376,12005.7836625872,53826.3671447248,66336.6830248060,2828.1644792857,5872.9031630953,20507.2358298060,16610.8610221429,49,9,1,41820.5834821376,1200.0000000000,10800.0000000000,6000.0000000000
2025-09-08,q80,加权Q80,43615.8989617655,6339.1048050420,49955.0037668075,69605.1623597090,1471.0759335714,7675.6344726190,21079.1278280423,17074.0935407143,30,9,1,43615.8989617655,1200.0000000000,10800.0000000000,6000.0000000000
2025-09-08,saa,两阶段SAA（主方案）,44371.4433709517,3398.1844470607,47769.6278180124,71053.7847684098,833.2808135714,8391.6178564286,21578.3062748383,17478.4280826190,24,9,1,47085.0256337404,1200.0000000000,10800.0000000000,6000.0000000000
2025-09-08,oracle,完美信息Oracle,39068.1201251165,0.0000000000,39068.1201251165,63194.6505329671,0.0000000000,0.0000000000,19995.1631559671,16196.0821563333,0,0,0,39068.1201251165,1200.0000000000,10800.0000000000,6000.0000000000
2025-09-09,static,静态典型日,35126.9485892896,23044.7528209333,58171.7014102230,59482.6989983539,4846.7185833333,7285.8567500000,20740.6661316872,16799.9395666667,89,8,1,35126.9485892896,1200.0000000000,10800.0000000000,6000.0000000000
2025-09-09,point,点预测,42415.2720574852,1229.8274473858,43645.0995048710,67193.6433345048,295.4422321429,10462.2641188095,20652.5641114286,16728.5769302571,14,6,1,42415.2720574852,1200.0000000000,10800.0000000000,6000.0000000000
2025-09-09,q80,加权Q80,44388.7560317405,41.5652851442,44430.3213168847,70817.7452218195,9.7582545238,13672.6817047619,21326.2500258671,17274.2625209524,1,1,1,44388.7560317405,1200.0000000000,10800.0000000000,6000.0000000000
2025-09-09,saa,两阶段SAA（主方案）,44962.3423073235,41.5652851442,45003.9075924676,71868.0927171605,9.7582545238,14629.9283557143,21816.2544700176,17671.1661207143,1,1,1,47691.5149721037,1200.0000000000,10800.0000000000,6000.0000000000
2025-09-09,oracle,完美信息Oracle,36779.2155140957,0.0000000000,36779.2155140957,58211.1269781893,0.0000000000,1296.1437166667,20063.9420781893,16251.7930833333,0,0,0,36779.2155140957,1200.0000000000,10800.0000000000,6000.0000000000
2025-09-10,static,静态典型日,35126.9485892896,31483.9441790333,66610.8927683230,59482.6989983539,6750.0584833333,976.0322666667,20740.6661316872,16799.9395666667,115,12,1,35126.9485892896,1200.0000000000,10800.0000000000,6000.0000000000
2025-09-10,point,点预测,42345.0450739218,21370.2410638655,63715.2861377873,66782.7311498031,4787.1065404762,6382.6530383333,20374.6631681364,16503.4771661905,50,4,1,42345.0450739218,1200.0000000000,10800.0000000000,6000.0000000000
2025-09-10,q80,加权Q80,43933.3766191514,11349.2420661090,55282.6186852604,69737.2598032246,2539.8420388095,7008.7243602381,20801.9938515579,16849.6150197619,40,7,1,43933.3766191514,1200.0000000000,10800.0000000000,6000.0000000000
2025-09-10,saa,两阶段SAA（主方案）,44657.5291437549,6109.6987062583,50767.2278500132,71206.3616516285,1453.0049107143,7217.7390961905,21713.8358744856,17588.2070583333,33,10,1,47316.7968633833,1200.0000000000,10800.0000000000,6000.0000000000
2025-09-10,oracle,完美信息Oracle,40003.9990618985,0.0000000000,40003.9990618985,65451.5868380658,0.0000000000,0.0000000000,21766.2536213992,17630.6654333333,0,0,0,40003.9990618985,1200.0000000000,10800.0000000000,6000.0000000000
2025-09-11,static,静态典型日,35126.9485892896,22595.3855051333,57722.3340944230,59482.6989983539,4642.9081666667,6688.7948166667,20740.6661316872,16799.9395666667,80,10,1,35126.9485892896,1200.0000000000,10800.0000000000,6000.0000000000
2025-09-11,point,点预测,42802.5854103538,2297.9701602314,45100.5555705852,67653.8464738206,427.4506828571,10690.8220852381,20496.7857268754,16602.3964387690,8,2,1,42802.5854103538,1200.0000000000,10800.0000000000,6000.0000000000
2025-09-11,q80,加权Q80,44487.4683372586,719.3916938870,45206.8600311457,70924.5846165491,139.9120361905,13424.4741750000,21810.1931284539,17666.2564340476,5,3,1,44487.4683372586,1200.0000000000,10800.0000000000,6000.0000000000
2025-09-11,saa,两阶段SAA（主方案）,45024.6546543724,622.1317442287,45646.7863986011,71841.2645543563,121.8133950000,14306.5133542857,21897.2569038801,17736.7780921429,5,3,1,47834.0727345695,1200.0000000000,10800.0000000000,6000.0000000000
2025-09-11,oracle,完美信息Oracle,36573.8745530243,0.0000000000,36573.8745530243,58376.8957862140,0.0000000000,868.5736500000,21117.0334362140,17104.7970833333,0,0,0,36573.8745530243,1200.0000000000,10800.0000000000,6000.0000000000
2025-09-12,static,静态典型日,35126.9485892896,0.0000000000,35126.9485892896,59482.6989983539,0.0000000000,43990.3162333333,20740.6661316872,16799.9395666667,0,0,0,35126.9485892896,1200.0000000000,10800.0000000000,6000.0000000000
2025-09-12,point,点预测,21132.5622386998,1453.1673125570,22585.7295512568,36837.8089850000,399.8894990476,22646.0422840476,16000.0000000000,12960.0000000000,10,4,1,21132.5622386998,1200.0000000000,10800.0000000000,6000.0000000000
2025-09-12,q80,加权Q80,20645.9248110199,679.6239341655,21325.5487451854,36186.9800919048,207.1367673810,21802.4606592857,16000.0000000000,12960.0000000000,15,6,1,20645.9248110199,1200.0000000000,10800.0000000000,6000.0000000000
2025-09-12,saa,两阶段SAA（主方案）,20793.5659770046,449.7959268656,21243.3619038702,36480.4961240476,128.7709807143,22017.6109047619,16000.0000000000,12960.0000000000,9,6,1,22349.2626218759,1200.0000000000,10800.0000000000,6000.0000000000
2025-09-12,oracle,完美信息Oracle,17121.2149037083,0.0000000000,17121.2149037083,31663.9845000000,0.0000000000,17072.3283000000,16000.0000000000,12960.0000000000,0,0,0,17121.2149037083,1200.0000000000,10800.0000000000,6000.0000000000
2025-09-13,static,静态典型日,35126.9485892896,2.4494709667,35129.3980602563,59482.6989983539,1.1456833333,47536.0166333333,20740.6661316872,16799.9395666667,1,1,1,35126.9485892896,1200.0000000000,10800.0000000000,6000.0000000000
2025-09-13,point,点预测,21389.9936575730,1038.3705030920,22428.3641606650,37294.6955721429,235.8594219048,26483.4535107143,16000.0000000000,12960.0000000000,11,4,1,21389.9936575730,1200.0000000000,10800.0000000000,6000.0000000000
2025-09-13,q80,加权Q80,20601.5666459183,595.6657050510,21197.2323509692,36230.1706597619,131.2270407143,25314.2962171428,16000.0000000000,12960.0000000000,9,4,1,20601.5666459183,1200.0000000000,10800.0000000000,6000.0000000000
2025-09-13,saa,两阶段SAA（主方案）,20714.5086369257,495.1894470052,21209.6980839310,36458.9723576190,108.0202730952,25519.8911473809,16000.0000000000,12960.0000000000,8,4,1,22347.2764422907,1200.0000000000,10800.0000000000,6000.0000000000
2025-09-13,oracle,完美信息Oracle,17194.7683219817,0.0000000000,17194.7683219817,31601.9305833333,0.0000000000,20554.8291000000,16000.0000000000,12960.0000000000,0,0,0,17194.7683219817,1200.0000000000,10800.0000000000,6000.0000000000
2025-09-14,static,静态典型日,35126.9485892896,27990.8320580000,63117.7806472896,59482.6989983539,5984.6566000000,1427.3042833333,20740.6661316872,16799.9395666667,106,13,1,35126.9485892896,1200.0000000000,10800.0000000000,6000.0000000000
2025-09-14,point,点预测,42986.2668801638,9322.6581827025,52308.9250628663,67949.8623606908,2429.9233923809,6316.5669095238,20862.6004923574,16898.7063988095,42,6,1,42986.2668801638,1200.0000000000,10800.0000000000,6000.0000000000
2025-09-14,q80,加权Q80,42963.3876575529,4250.6755257869,47214.0631833398,68540.2700460994,1245.5698440476,5559.7136450000,21720.0078691946,17593.2063740476,33,11,1,42963.3876575529,1200.0000000000,10800.0000000000,6000.0000000000
2025-09-14,saa,两阶段SAA（主方案）,43607.2060825067,2585.8512274085,46193.0573099152,69671.2229586214,892.3412238095,6320.1558135714,21810.9664150500,17666.8827961905,28,10,1,47037.0719003068,1200.0000000000,10800.0000000000,6000.0000000000
2025-09-14,oracle,完美信息Oracle,39410.4510527144,0.0000000000,39410.4510527144,64105.0718522634,0.0000000000,0.0000000000,21082.8794855967,17077.1323833333,0,0,0,39410.4510527144,1200.0000000000,10800.0000000000,6000.0000000000
2025-09-15,static,静态典型日,35126.9485892896,24892.2210238417,60019.1696131313,59482.6989983539,5238.7242833333,5713.6660833333,20740.6661316872,16799.9395666667,91,13,1,35126.9485892896,1200.0000000000,10800.0000000000,6000.0000000000
2025-09-15,point,点预测,40767.7788613685,3690.0952443408,44457.8741057093,65168.5756121885,848.7415438095,6976.6124450000,20914.0740929718,16940.4000153071,26,7,1,40767.7788613685,1200.0000000000,10800.0000000000,6000.0000000000
2025-09-15,q80,加权Q80,40463.7706981613,3514.4163048429,43978.1870030042,65508.7934319371,912.2996930952,7258.0797647619,21557.8038259847,17461.8210990476,44,20,1,40463.7706981613,1200.0000000000,10800.0000000000,6000.0000000000
2025-09-15,saa,两阶段SAA（主方案）,41086.7345717199,3415.2487418419,44501.9833135618,66614.4184939800,892.6850595238,8324.0255185714,21663.4073768372,17547.3599752381,43,19,1,44517.1316477161,1200.0000000000,10800.0000000000,6000.0000000000
2025-09-15,oracle,完美信息Oracle,37480.0460418278,0.0000000000,37480.0460418278,59907.2595870370,0.0000000000,759.2106500000,21479.0437037037,17398.0254000000,0,0,0,37480.0460418278,1200.0000000000,10800.0000000000,6000.0000000000
2025-09-16,static,静态典型日,35126.9485892896,26670.0979099000,61797.0464991896,59482.6989983539,5960.7303166667,2010.9327666667,20740.6661316872,16799.9395666667,98,11,1,35126.9485892896,1200.0000000000,10800.0000000000,6000.0000000000
2025-09-16,point,点预测,40617.8076618183,6502.2486588283,47120.0563206466,64641.5286962316,2240.7330523809,3307.3304176191,21490.3228824221,17407.1615347619,50,19,1,40617.8076618183,1200.0000000000,10800.0000000000,6000.0000000000
2025-09-16,q80,加权Q80,40269.4310023327,7306.7679279648,47576.1989302974,64758.0655966196,2384.6778023810,3558.9246221429,21537.0989132863,17445.0501197619,64,21,1,40269.4310023327,1200.0000000000,10800.0000000000,6000.0000000000
2025-09-16,saa,两阶段SAA（主方案）,40776.2557502876,6984.3712585927,47760.6270088803,65729.6333524221,2310.2046866667,4452.8693621429,21553.6773348031,17458.4786411905,60,19,1,43942.4843226692,1200.0000000000,10800.0000000000,6000.0000000000
2025-09-16,oracle,完美信息Oracle,39248.0229860392,0.0000000000,39248.0229860392,63433.8683757202,0.0000000000,0.0000000000,20747.8862757202,16805.7878833333,0,0,0,39248.0229860392,1200.0000000000,10800.0000000000,6000.0000000000
2025-09-17,static,静态典型日,35126.9485892896,29320.2087614500,64447.1573507396,59482.6989983539,6208.5568500000,1790.4108833333,20740.6661316872,16799.9395666667,104,14,1,35126.9485892896,1200.0000000000,10800.0000000000,6000.0000000000
2025-09-17,point,点预测,40896.8623272731,11646.2754512026,52543.1377784757,65280.0162490474,2764.6028745238,4066.3547845238,21148.1365213022,17129.9905822548,46,9,1,40896.8623272731,1200.0000000000,10800.0000000000,6000.0000000000
2025-09-17,q80,加权Q80,40631.8661228892,6581.3640918927,47213.2302147820,65669.6987261082,1750.3937883333,3369.2093702381,21530.3407589653,17439.5760147619,53,21,1,40631.8661228892,1200.0000000000,10800.0000000000,6000.0000000000
2025-09-17,saa,两阶段SAA（主方案）,41203.1187329575,4454.3621704571,45657.4809034146,66669.5754849001,1308.8317888095,3924.8830740476,21544.2410508524,17450.8352511905,46,22,1,44345.6944545518,1200.0000000000,10800.0000000000,6000.0000000000
2025-09-17,oracle,完美信息Oracle,39396.5941953811,0.0000000000,39396.5941953811,64015.4132040411,0.0000000000,0.0000000000,21343.6568633745,17288.3620593333,0,0,0,39396.5941953811,1200.0000000000,10800.0000000000,6000.0000000000
2025-09-18,static,静态典型日,35126.9485892896,28040.9230179333,63167.8716072230,59482.6989983539,5679.9679666667,2265.8892833333,20740.6661316872,16799.9395666667,97,12,1,35126.9485892896,1200.0000000000,10800.0000000000,6000.0000000000
2025-09-18,point,点预测,40787.1582656539,7446.8703982459,48234.0286638999,64982.3993288301,1701.8850140476,3684.5004411905,21282.8041316872,17239.0713466667,34,12,1,40787.1582656539,1200.0000000000,10800.0000000000,6000.0000000000
2025-09-18,q80,加权Q80,40656.9622597569,4617.7871150557,45274.7493748127,65647.0190354497,1032.0259207143,3643.0280528571,21473.5041402116,17393.5383535714,47,24,1,40656.9622597569,1200.0000000000,10800.0000000000,6000.0000000000
2025-09-18,saa,两阶段SAA（主方案）,41170.2019459710,3618.6943034717,44788.8962494427,66559.8291705467,809.2801969048,4331.6847900000,21480.9129514991,17399.5394907143,44,23,1,44070.6171702094,1200.0000000000,10800.0000000000,6000.0000000000
2025-09-18,oracle,完美信息Oracle,39138.1353204136,0.0000000000,39138.1353204136,63024.8103427984,0.0000000000,0.0000000000,21414.5222427984,17345.7630166667,0,0,0,39138.1353204136,1200.0000000000,10800.0000000000,6000.0000000000
2025-09-19,static,静态典型日,35126.9485892896,0.0000000000,35126.9485892896,59482.6989983539,0.0000000000,39440.6201166667,20740.6661316872,16799.9395666667,0,0,0,35126.9485892896,1200.0000000000,10800.0000000000,6000.0000000000
2025-09-19,point,点预测,19503.8141420005,2691.0700783089,22194.8842203094,34735.3415976191,793.8579959524,16387.8472769048,16000.0000000000,12960.0000000000,33,15,1,19503.8141420005,1200.0000000000,10800.0000000000,6000.0000000000
2025-09-19,q80,加权Q80,17974.8583160477,4036.1640924037,22011.0224084514,32854.0547421428,1151.4877123810,14864.1901378571,16000.0000000000,12960.0000000000,45,15,1,17974.8583160477,1200.0000000000,10800.0000000000,6000.0000000000
2025-09-19,saa,两阶段SAA（主方案）,18118.4820934691,3347.4749008693,21465.9569943384,33075.8511678571,1018.3364728571,14952.8353240476,16000.0000000000,12960.0000000000,40,14,1,19381.6296587743,1200.0000000000,10800.0000000000,6000.0000000000
2025-09-19,oracle,完美信息Oracle,17448.3025037017,0.0000000000,17448.3025037017,32066.1071333333,0.0000000000,12924.7548166667,16000.0000000000,12960.0000000000,0,0,0,17448.3025037017,1200.0000000000,10800.0000000000,6000.0000000000
2025-09-20,static,静态典型日,35126.9485892896,51.5628943000,35178.5114835896,59482.6989983539,24.1173500000,39920.6560500000,20740.6661316872,16799.9395666667,1,1,1,35126.9485892896,1200.0000000000,10800.0000000000,6000.0000000000
2025-09-20,point,点预测,19608.6153176202,4038.7924643342,23647.4077819544,34904.3765757143,996.2864940476,17215.2293364286,16000.0000000000,12960.0000000000,29,8,1,19608.6153176202,1200.0000000000,10800.0000000000,6000.0000000000
2025-09-20,q80,加权Q80,18062.0723016461,5107.0972540356,23169.1695556817,32994.7102900000,1238.2627547619,15547.5393114286,16000.0000000000,12960.0000000000,56,19,1,18062.0723016461,1200.0000000000,10800.0000000000,6000.0000000000
2025-09-20,saa,两阶段SAA（主方案）,18275.3700094525,2867.5731774388,21142.9431868913,33281.8904790476,736.4879771429,15332.9447228571,16000.0000000000,12960.0000000000,43,19,1,19458.9495753701,1200.0000000000,10800.0000000000,6000.0000000000
2025-09-20,oracle,完美信息Oracle,17543.0213986050,0.0000000000,17543.0213986050,32235.9944333333,0.0000000000,13550.5607000000,16000.0000000000,12960.0000000000,0,0,0,17543.0213986050,1200.0000000000,10800.0000000000,6000.0000000000
2025-09-21,static,静态典型日,35126.9485892896,26768.2548326833,61895.2034219730,59482.6989983539,5625.7525500000,2880.2375000000,20740.6661316872,16799.9395666667,89,12,1,35126.9485892896,1200.0000000000,10800.0000000000,6000.0000000000
2025-09-21,point,点预测,42121.7497258896,3060.5263912106,45182.2761171002,67450.9243307143,1063.3001033333,6132.6773390476,21547.6821666667,17453.6225550000,29,7,1,42121.7497258896,1200.0000000000,10800.0000000000,6000.0000000000
2025-09-21,q80,加权Q80,42477.5617225931,2992.4192499649,45469.9809725580,68563.8372511875,838.5142673810,7017.0467790476,21567.4592430923,17469.6419869048,43,18,1,42477.5617225931,1200.0000000000,10800.0000000000,6000.0000000000
2025-09-21,saa,两阶段SAA（主方案）,42896.4593595182,2819.4657021435,45715.9250616617,69246.5144329659,806.0927985714,7655.6291542857,21628.8978627278,17519.4072688095,42,17,1,45231.2436806805,1200.0000000000,10800.0000000000,6000.0000000000
2025-09-21,oracle,完美信息Oracle,38604.4236649039,0.0000000000,38604.4236649039,62151.6766024691,0.0000000000,0.0000000000,20337.8374691358,16473.6483500000,0,0,0,38604.4236649039,1200.0000000000,10800.0000000000,6000.0000000000
2025-09-22,static,静态典型日,35126.9485892896,29638.5450361750,64765.4936254646,59482.6989983539,6417.8521166667,1345.8046666667,20740.6661316872,16799.9395666667,98,12,1,35126.9485892896,1200.0000000000,10800.0000000000,6000.0000000000
2025-09-22,point,点预测,40145.9507200453,7037.0497606173,47183.0004806626,64745.5104329365,1958.5645985714,2015.0207507143,21447.5494603175,17372.5150628571,70,23,1,40145.9507200453,1200.0000000000,10800.0000000000,6000.0000000000
2025-09-22,q80,加权Q80,40481.1210852661,9527.1670272180,50008.2881124841,65881.3541258546,2549.1247845238,3738.4017319048,21463.4594481070,17385.4021529667,69,17,1,40481.1210852661,1200.0000000000,10800.0000000000,6000.0000000000
2025-09-22,saa,两阶段SAA（主方案）,40894.7481315014,9081.5959348904,49976.3440663918,66533.8232331086,2470.1967352381,4305.1760761905,21499.0737306467,17414.2497218238,67,15,1,43105.8584582256,1200.0000000000,10800.0000000000,6000.0000000000
2025-09-22,oracle,完美信息Oracle,40018.4314783189,0.0000000000,40018.4314783189,64684.9099125514,0.0000000000,0.0000000000,21425.7369958848,17354.8469666667,0,0,0,40018.4314783189,1200.0000000000,10800.0000000000,6000.0000000000
2025-09-23,static,静态典型日,35126.9485892896,37347.8095513167,72474.7581406063,59482.6989983539,7764.3473666667,1189.7042166667,20740.6661316872,16799.9395666667,111,10,1,35126.9485892896,1200.0000000000,10800.0000000000,6000.0000000000
2025-09-23,point,点预测,40873.8635505811,12070.7575402378,52944.6210908189,65855.9340996737,2752.7228854762,2410.9800823810,21479.2701022928,17398.2087828571,72,17,1,40873.8635505811,1200.0000000000,10800.0000000000,6000.0000000000
2025-09-23,q80,加权Q80,41501.6702859954,10529.5636141736,52031.2339001689,67406.9092344268,2421.8461800000,3627.6580609524,21497.2724744268,17412.7907042857,71,22,1,41501.6702859954,1200.0000000000,10800.0000000000,6000.0000000000
2025-09-23,saa,两阶段SAA（主方案）,41796.3562262188,9947.3088129338,51743.6650391526,67909.0204559406,2303.6677888095,4007.6249085714,21518.1460676073,17429.6983147619,68,21,1,44330.4389889996,1200.0000000000,10800.0000000000,6000.0000000000
2025-09-23,oracle,完美信息Oracle,41320.2325574709,0.0000000000,41320.2325574709,66265.4213090535,0.0000000000,0.0000000000,21835.8196090535,17687.0138833333,0,0,0,41320.2325574709,1200.0000000000,10800.0000000000,6000.0000000000
2025-09-24,static,静态典型日,35126.9485892896,31658.0447340333,66784.9933233230,59482.6989983539,6841.1724500000,1319.9197833333,20740.6661316872,16799.9395666667,113,11,1,35126.9485892896,1200.0000000000,10800.0000000000,6000.0000000000
2025-09-24,point,点预测,40848.2203666264,8011.6351604802,48859.8555271065,65934.3800479512,2175.1702250000,2968.6964523810,21461.2037924750,17383.5750719048,65,15,1,40848.2203666264,1200.0000000000,10800.0000000000,6000.0000000000
2025-09-24,q80,加权Q80,42152.9340920096,4526.5931250035,46679.5272170131,68219.6195975044,1289.6738838095,4352.9531276191,21542.7118615520,17449.5966078571,57,20,1,42152.9340920096,1200.0000000000,10800.0000000000,6000.0000000000
2025-09-24,saa,两阶段SAA（主方案）,42430.8634295199,4515.7684306820,46946.6318602020,68688.5479548706,1287.2022171429,4818.6687864286,21546.6120293945,17452.7557438095,56,20,1,44867.1564338673,1200.0000000000,10800.0000000000,6000.0000000000
2025-09-24,oracle,完美信息Oracle,40245.8674081133,0.0000000000,40245.8674081133,65116.5584333333,0.0000000000,0.0000000000,21333.3333333333,17280.0000000000,0,0,0,40245.8674081133,1200.0000000000,10800.0000000000,6000.0000000000
2025-09-25,static,静态典型日,35126.9485892896,30886.3687793167,66013.3173686063,59482.6989983539,6605.6223333333,1812.1458666667,20740.6661316872,16799.9395666667,99,10,1,35126.9485892896,1200.0000000000,10800.0000000000,6000.0000000000
2025-09-25,point,点预测,41011.1261173659,6214.0186679077,47225.1447852736,65867.9774115550,1678.7565904762,3139.2347602381,21431.8439041740,17359.7935623809,62,16,1,41011.1261173659,1200.0000000000,10800.0000000000,6000.0000000000
2025-09-25,q80,加权Q80,42464.3922234877,5382.5317651842,47846.9239886719,68450.2106147413,1495.3461195238,5529.4680516667,21477.0514873604,17396.4117047619,45,15,1,42464.3922234877,1200.0000000000,10800.0000000000,6000.0000000000
2025-09-25,saa,两阶段SAA（主方案）,42805.8620332304,5337.9144061637,48143.7764393941,69026.7447177954,1486.4106614286,6093.5016680952,21495.8147954145,17411.6099842857,43,14,1,45159.1780605983,1200.0000000000,10800.0000000000,6000.0000000000
2025-09-25,oracle,完美信息Oracle,39999.3557582519,0.0000000000,39999.3557582519,64412.8043594650,0.0000000000,0.0000000000,21459.7655761317,17382.4101166667,0,0,0,39999.3557582519,1200.0000000000,10800.0000000000,6000.0000000000
2025-09-26,static,静态典型日,35126.9485892896,0.0000000000,35126.9485892896,59482.6989983539,0.0000000000,37847.7289333333,20740.6661316872,16799.9395666667,0,0,0,35126.9485892896,1200.0000000000,10800.0000000000,6000.0000000000
2025-09-26,point,点预测,18476.2672739305,3560.3847003189,22036.6519742494,33408.7002833333,960.7558245238,13635.2126078571,16000.0000000000,12960.0000000000,43,16,1,18476.2672739305,1200.0000000000,10800.0000000000,6000.0000000000
2025-09-26,q80,加权Q80,18305.0889161558,2570.9404645692,20876.0293807250,33402.0553950000,631.4069259524,13299.2188209524,16000.0000000000,12960.0000000000,34,18,1,18305.0889161558,1200.0000000000,10800.0000000000,6000.0000000000
2025-09-26,saa,两阶段SAA（主方案）,18396.6802289577,1493.4226714364,19890.1029003942,33548.4214804762,398.5492969048,13212.7272773809,16000.0000000000,12960.0000000000,26,15,1,19550.1406945905,1200.0000000000,10800.0000000000,6000.0000000000
2025-09-26,oracle,完美信息Oracle,17116.9684214083,0.0000000000,17116.9684214083,31723.5167666667,0.0000000000,10989.2732666667,16000.0000000000,12960.0000000000,0,0,0,17116.9684214083,1200.0000000000,10800.0000000000,6000.0000000000
2025-09-27,static,静态典型日,35126.9485892896,42.0701743000,35169.0187635896,59482.6989983539,19.6773500000,37760.3475333333,20740.6661316872,16799.9395666667,1,1,1,35126.9485892896,1200.0000000000,10800.0000000000,6000.0000000000
2025-09-27,point,点预测,18553.4436235318,13467.2948697435,32020.7384932753,33499.2167797619,3441.3516290476,16099.2661588095,16000.0000000000,12960.0000000000,70,15,1,18553.4436235318,1200.0000000000,10800.0000000000,6000.0000000000
2025-09-27,q80,加权Q80,18378.7031725201,10886.0749208280,29264.7780933481,33517.6257902381,2693.2958633333,15369.6194035714,16000.0000000000,12960.0000000000,66,17,1,18378.7031725201,1200.0000000000,10800.0000000000,6000.0000000000
2025-09-27,saa,两阶段SAA（主方案）,18475.7284863017,5010.3269650730,23486.0554513747,33674.4269595238,1279.2129550000,14112.3376645238,16000.0000000000,12960.0000000000,49,18,1,19659.6603498932,1200.0000000000,10800.0000000000,6000.0000000000
2025-09-27,oracle,完美信息Oracle,18506.4702947850,0.0000000000,18506.4702947850,33541.6980000000,0.0000000000,12700.3957500000,16000.0000000000,12960.0000000000,0,0,0,18506.4702947850,1200.0000000000,10800.0000000000,6000.0000000000
2025-09-28,static,静态典型日,35126.9485892896,38438.2802009417,73565.2287902313,59482.6989983539,8338.2223166667,392.5655833333,20740.6661316872,16799.9395666667,127,6,1,35126.9485892896,1200.0000000000,10800.0000000000,6000.0000000000
2025-09-28,point,点预测,41463.5687249776,13077.2751716697,54540.8438966474,66731.1374684862,3010.9561352381,2153.5824542857,21583.5893830100,17482.7074002381,69,15,1,41463.5687249776,1200.0000000000,10800.0000000000,6000.0000000000
2025-09-28,q80,加权Q80,43888.7378682320,3845.9878047469,47734.7256729789,70725.4957994356,1004.4042333333,4112.6796516667,21734.6906022928,17605.0993878571,45,21,1,43888.7378682320,1200.0000000000,10800.0000000000,6000.0000000000
2025-09-28,saa,两阶段SAA（主方案）,44326.5104478935,2842.2735501146,47168.7839980081,71423.9509878689,785.9503150000,4563.8514850000,21886.4244800118,17728.0038288095,39,22,1,46457.7926291089,1200.0000000000,10800.0000000000,6000.0000000000
2025-09-28,oracle,完美信息Oracle,41599.2584105470,0.0000000000,41599.2584105470,67597.9895808642,0.0000000000,0.0000000000,21633.4758641975,17523.1154500000,0,0,0,41599.2584105470,1200.0000000000,10800.0000000000,6000.0000000000
2025-09-29,static,静态典型日,35126.9485892896,37327.8886589583,72454.8372482480,59482.6989983539,7965.7997666667,747.8806000000,20740.6661316872,16799.9395666667,120,10,1,35126.9485892896,1200.0000000000,10800.0000000000,6000.0000000000
2025-09-29,point,点预测,41133.9227151057,9443.4850327286,50577.4077478343,66448.4687657231,2281.5514597619,1875.0624600000,21552.9798183421,17457.9136528571,77,23,1,41133.9227151057,1200.0000000000,10800.0000000000,6000.0000000000
2025-09-29,q80,加权Q80,43573.2346732037,4398.3607077106,47971.5953809143,70463.2864795062,1063.0014783333,4641.7675319048,21708.5727680776,17583.9439421429,49,17,1,43573.2346732037,1200.0000000000,10800.0000000000,6000.0000000000
2025-09-29,saa,两阶段SAA（主方案）,43958.8357752889,4398.3607077106,48357.1964829995,71055.8972257349,1063.0014783333,5210.4288673810,21834.6222983539,17686.0440616667,49,17,1,46222.9317565027,1200.0000000000,10800.0000000000,6000.0000000000
2025-09-29,oracle,完美信息Oracle,41516.1445119269,0.0000000000,41516.1445119269,66851.2731487654,0.0000000000,0.0000000000,21533.5870987654,17442.2055500000,0,0,0,41516.1445119269,1200.0000000000,10800.0000000000,6000.0000000000
2025-09-30,static,静态典型日,35126.9485892896,49016.6350449083,84143.5836341980,59482.6989983539,10555.2238833333,675.0215500000,20740.6661316872,16799.9395666667,131,4,1,35126.9485892896,1200.0000000000,10800.0000000000,6000.0000000000
2025-09-30,point,点预测,41701.8331358306,17314.0216846896,59015.8548205202,67053.8107137948,4005.5376971428,1532.4942854762,21603.5755726043,17498.8962138095,92,18,1,41701.8331358306,1200.0000000000,10800.0000000000,6000.0000000000
2025-09-30,q80,加权Q80,44311.3269056644,6832.3073044390,51143.6342101034,71219.9820255614,1604.2757990476,3269.4065890476,21750.9287836567,17618.2523147619,56,20,1,44311.3269056644,1200.0000000000,10800.0000000000,6000.0000000000
2025-09-30,saa,两阶段SAA（主方案）,44584.6643683974,6118.2876639762,50702.9520323736,71635.1397108466,1456.9485923810,3532.0762757143,21778.0908465608,17640.2535857143,51,21,1,46885.1296026560,1200.0000000000,10800.0000000000,6000.0000000000
2025-09-30,oracle,完美信息Oracle,43364.0581955733,0.0000000000,43364.0581955733,69623.0767807840,0.0000000000,0.0000000000,22110.0106006173,17909.1085865000,0,0,0,43364.0581955733,1200.0000000000,10800.0000000000,6000.0000000000
2025-10-01,static,静态典型日,35126.9485892896,11165.4353931500,46292.3839824396,59482.6989983539,2572.8528333333,8453.3037333333,20740.6661316872,16799.9395666667,67,13,1,35126.9485892896,1200.0000000000,10800.0000000000,6000.0000000000
2025-10-01,point,点预测,41599.1279719544,440.7450764786,42039.8730484330,67238.9340506379,196.4190614286,13680.0227061905,21546.3624870664,17452.5536145238,16,9,1,41599.1279719544,1200.0000000000,10800.0000000000,6000.0000000000
2025-10-01,q80,加权Q80,44522.9403296077,297.4396245725,44820.3799541802,71807.4886922986,136.6929330952,18141.6547245238,21794.7650922987,17653.7597247619,8,4,1,44522.9403296077,1200.0000000000,10800.0000000000,6000.0000000000
2025-10-01,saa,两阶段SAA（主方案）,44836.6916420043,297.4396245725,45134.1312665768,72277.9917489183,136.6929330952,18585.0738947619,21937.3118627278,17769.2226088095,8,4,1,47088.4744106150,1200.0000000000,10800.0000000000,6000.0000000000
2025-10-01,oracle,完美信息Oracle,34295.8153486950,0.0000000000,34295.8153486950,56393.5896777778,0.0000000000,2663.9374000000,21411.2144444444,17343.0837000000,0,0,0,34295.8153486950,1200.0000000000,10800.0000000000,6000.0000000000
2025-10-02,static,静态典型日,35126.9485892896,12596.1256919000,47723.0742811896,59482.6989983539,2834.5728333333,6645.7621500000,20740.6661316872,16799.9395666667,67,12,1,35126.9485892896,1200.0000000000,10800.0000000000,6000.0000000000
2025-10-02,point,点预测,40933.5855666503,879.4994193314,41813.0849859817,65781.8913731305,334.0315330952,10295.6087216667,21523.8477257496,17434.3166578571,21,8,1,40933.5855666503,1200.0000000000,10800.0000000000,6000.0000000000
2025-10-02,q80,加权Q80,43459.6512792482,629.3553015235,44089.0065807716,69932.8972849265,247.3051416667,14328.1808259524,21690.7288630218,17569.4903790476,18,8,1,43459.6512792482,1200.0000000000,10800.0000000000,6000.0000000000
2025-10-02,saa,两阶段SAA（主方案）,43767.5421021585,629.3553015235,44396.8974036820,70396.2665291152,247.3051416667,14771.5846126190,21795.8102184009,17654.6062769048,18,8,1,46059.8595320870,1200.0000000000,10800.0000000000,6000.0000000000
2025-10-02,oracle,完美信息Oracle,34234.1769606233,0.0000000000,34234.1769606233,56407.5503333333,0.0000000000,623.4338833333,21333.3333333333,17280.0000000000,0,0,0,34234.1769606233,1200.0000000000,10800.0000000000,6000.0000000000
2025-10-03,static,静态典型日,35126.9485892896,0.0000000000,35126.9485892896,59482.6989983539,0.0000000000,47724.8187333333,20740.6661316872,16799.9395666667,0,0,0,35126.9485892896,1200.0000000000,10800.0000000000,6000.0000000000
2025-10-03,point,点预测,17711.6025526875,761.2868107377,18472.8893634253,32480.5453316667,256.3225088095,21879.7141404762,16000.0000000000,12960.0000000000,20,8,1,17711.6025526875,1200.0000000000,10800.0000000000,6000.0000000000
2025-10-03,q80,加权Q80,18151.2715553103,174.1941237251,18325.4656790354,33386.5331297619,77.1418945238,22606.5213242857,16000.0000000000,12960.0000000000,10,6,1,18151.2715553103,1200.0000000000,10800.0000000000,6000.0000000000
2025-10-03,saa,两阶段SAA（主方案）,18281.7880756282,142.9619346527,18424.7500102809,33572.0465947619,66.1985907143,22781.0914854762,16000.0000000000,12960.0000000000,10,6,1,19383.4899266381,1200.0000000000,10800.0000000000,6000.0000000000
2025-10-03,oracle,完美信息Oracle,14643.0637358333,0.0000000000,14643.0637358333,28890.3441833333,0.0000000000,18033.1904833333,16000.0000000000,12960.0000000000,0,0,0,14643.0637358333,1200.0000000000,10800.0000000000,6000.0000000000
2025-10-04,static,静态典型日,35126.9485892896,0.0000000000,35126.9485892896,59482.6989983539,0.0000000000,42445.9900000000,20740.6661316872,16799.9395666667,0,0,0,35126.9485892896,1200.0000000000,10800.0000000000,6000.0000000000
2025-10-04,point,点预测,18095.8416770074,3534.2549144113,21630.0965914187,32956.2499407143,961.6283016667,17781.8958090476,16000.0000000000,12960.0000000000,35,7,1,18095.8416770074,1200.0000000000,10800.0000000000,6000.0000000000
2025-10-04,q80,加权Q80,18410.4804878621,1006.3674970501,19416.8479849122,33700.1783335714,279.7632859524,17843.9591861905,16000.0000000000,12960.0000000000,20,7,1,18410.4804878621,1200.0000000000,10800.0000000000,6000.0000000000
2025-10-04,saa,两阶段SAA（主方案）,18486.7777065383,566.4979354645,19053.2756420028,33853.0930954762,170.7693233333,17887.8799854762,16000.0000000000,12960.0000000000,16,6,1,19697.7177024231,1200.0000000000,10800.0000000000,6000.0000000000
2025-10-04,oracle,完美信息Oracle,15517.9077993317,0.0000000000,15517.9077993317,30374.4490500000,0.0000000000,14238.4666166667,16000.0000000000,12960.0000000000,0,0,0,15517.9077993317,1200.0000000000,10800.0000000000,6000.0000000000
2025-10-05,static,静态典型日,35126.9485892896,14808.3392760667,49935.2878653563,59482.6989983539,3391.2325166667,4197.2438833333,20740.6661316872,16799.9395666667,75,12,1,35126.9485892896,1200.0000000000,10800.0000000000,6000.0000000000
2025-10-05,point,点预测,39747.4894769286,2020.0627355959,41767.5522125245,63843.7892504615,619.5816935714,5650.3471633334,21458.2248106996,17381.1620966667,35,12,1,39747.4894769286,1200.0000000000,10800.0000000000,6000.0000000000
2025-10-05,q80,加权Q80,41983.6284765037,608.5713894032,42592.1998659069,67646.0526079277,282.2648376190,9090.6754647619,21587.7942848325,17486.1133707143,15,6,1,41983.6284765037,1200.0000000000,10800.0000000000,6000.0000000000
2025-10-05,saa,两阶段SAA（主方案）,42255.0760023821,608.5713894032,42863.6473917854,68105.6667905144,282.2648376190,9543.9694950000,21621.0582445620,17513.0571780952,15,6,1,44555.1734092098,1200.0000000000,10800.0000000000,6000.0000000000
2025-10-05,oracle,完美信息Oracle,35675.4187906533,0.0000000000,35675.4187906533,58789.2944000000,0.0000000000,0.0000000000,21333.3333333333,17280.0000000000,0,0,0,35675.4187906533,1200.0000000000,10800.0000000000,6000.0000000000
2025-10-06,static,静态典型日,35126.9485892896,18171.4831640917,53298.4317533813,59482.6989983539,4025.2709166667,1834.1341000000,20740.6661316872,16799.9395666667,89,12,1,35126.9485892896,1200.0000000000,10800.0000000000,6000.0000000000
2025-10-06,point,点预测,39596.3550529949,5817.3199027893,45413.6749557841,63345.2424447237,1841.6201623809,3384.7555700000,21415.7778268665,17346.7800397619,54,16,1,39596.3550529949,1200.0000000000,10800.0000000000,6000.0000000000
2025-10-06,q80,加权Q80,41565.9863007309,1392.3287527183,42958.3150534492,66797.7514345561,534.3962638095,5518.5093035714,21476.4691831276,17395.9400383333,18,9,1,41565.9863007309,1200.0000000000,10800.0000000000,6000.0000000000
2025-10-06,saa,两阶段SAA（主方案）,41933.4539607065,965.4273045626,42898.8812652691,67470.1493021752,423.6638069048,6065.4322614286,21554.0610402704,17458.7894426191,15,9,1,44247.5167060809,1200.0000000000,10800.0000000000,6000.0000000000
2025-10-06,oracle,完美信息Oracle,37528.7120690200,0.0000000000,37528.7120690200,61798.9939833333,0.0000000000,0.0000000000,21399.3933333333,17333.5086000000,0,0,0,37528.7120690200,1200.0000000000,10800.0000000000,6000.0000000000
2025-10-07,static,静态典型日,35126.9485892896,19815.1830874500,54942.1316767396,59482.6989983539,4379.4727500000,2149.8821833333,20740.6661316872,16799.9395666667,88,10,1,35126.9485892896,1200.0000000000,10800.0000000000,6000.0000000000
2025-10-07,point,点预测,39621.2689670164,10335.3670526052,49956.6360196216,63177.8266105350,2690.5228292857,4032.5360647619,21390.7914476778,17326.5410726190,61,8,1,39621.2689670164,1200.0000000000,10800.0000000000,6000.0000000000
2025-10-07,q80,加权Q80,41502.9367653205,1542.5127252798,43045.4494906002,66664.8599406055,388.3764845238,5205.8916923810,21451.4828039389,17375.7010711905,24,9,1,41502.9367653205,1200.0000000000,10800.0000000000,6000.0000000000
2025-10-07,saa,两阶段SAA（主方案）,41836.3901161358,1175.0814397700,43011.4715559058,67257.9853956702,318.8149950000,5720.5982814286,21498.1005749559,17413.4614657143,22,8,1,44155.6392075179,1200.0000000000,10800.0000000000,6000.0000000000
2025-10-07,oracle,完美信息Oracle,37539.1888044160,0.0000000000,37539.1888044160,61835.5481711934,0.0000000000,0.0000000000,21389.3956378601,17325.4104666667,0,0,0,37539.1888044160,1200.0000000000,10800.0000000000,6000.0000000000
2025-10-08,static,静态典型日,35126.9485892896,18149.0933536167,53276.0419429063,59482.6989983539,4074.4793333333,3137.9561000000,20740.6661316872,16799.9395666667,77,10,1,35126.9485892896,1200.0000000000,10800.0000000000,6000.0000000000
2025-10-08,point,点预测,37595.7210025713,8918.7601705695,46514.4811731408,60891.6097659083,2681.9266521428,3038.4470264286,21350.4932892416,17293.8995642857,54,11,1,37595.7210025713,1200.0000000000,10800.0000000000,6000.0000000000
2025-10-08,q80,加权Q80,39325.6293014063,3216.0223846071,42541.6516860134,64193.7569945473,988.6520147619,4645.9713000000,21357.5896981188,17299.6476554762,31,8,1,39325.6293014063,1200.0000000000,10800.0000000000,6000.0000000000
2025-10-08,saa,两阶段SAA（主方案）,39709.1651756264,2951.4575764948,42660.6227521211,64891.7193827249,929.3932478571,5273.1182385714,21418.4143439153,17348.9156185714,31,8,1,41980.5792866218,1200.0000000000,10800.0000000000,6000.0000000000
2025-10-08,oracle,完美信息Oracle,36758.2940932583,0.0000000000,36758.2940932583,60531.8290000000,0.0000000000,0.0000000000,21333.3333333333,17280.0000000000,0,0,0,36758.2940932583,1200.0000000000,10800.0000000000,6000.0000000000
2025-10-09,static,静态典型日,35126.9485892896,20499.3946011083,55626.3431903980,59482.6989983539,4488.8846666667,4270.8754166667,20740.6661316872,16799.9395666667,82,16,1,35126.9485892896,1200.0000000000,10800.0000000000,6000.0000000000
2025-10-09,point,点预测,38119.2239350422,5790.1533332584,43909.3772683006,61625.9299264080,1491.0185507143,3303.2595292857,21335.3013921223,17281.5941276190,53,15,1,38119.2239350422,1200.0000000000,10800.0000000000,6000.0000000000
2025-10-09,q80,加权Q80,39912.3152105137,1211.0734111865,41123.3886217002,65009.6175974280,306.2226740476,5500.8030059524,21342.3978009994,17287.3422188095,22,14,1,39912.3152105137,1200.0000000000,10800.0000000000,6000.0000000000
2025-10-09,saa,两阶段SAA（主方案）,40287.5235490516,1018.3606851532,41305.8842342048,65664.8258743327,267.9038733333,6117.6924821429,21342.3978009994,17287.3422188095,20,14,1,42544.0969343208,1200.0000000000,10800.0000000000,6000.0000000000
2025-10-09,oracle,完美信息Oracle,36777.7497717025,0.0000000000,36777.7497717025,59819.7571386831,0.0000000000,0.0000000000,21367.2392386831,17307.4637833333,0,0,0,36777.7497717025,1200.0000000000,10800.0000000000,6000.0000000000
2025-10-10,static,静态典型日,35126.9485892896,0.0000000000,35126.9485892896,59482.6989983539,0.0000000000,46198.3615166667,20740.6661316872,16799.9395666667,0,0,0,35126.9485892896,1200.0000000000,10800.0000000000,6000.0000000000
2025-10-10,point,点预测,16621.0928018751,3357.6238493095,19978.7166511846,31336.8792076191,982.3840497619,19935.6523407143,16000.0000000000,12960.0000000000,47,16,1,16621.0928018751,1200.0000000000,10800.0000000000,6000.0000000000
2025-10-10,q80,加权Q80,16646.7200809108,1871.5132486876,18518.2333295984,31865.7903130952,580.9502178571,20063.1296142857,16000.0000000000,12960.0000000000,35,19,1,16646.7200809108,1200.0000000000,10800.0000000000,6000.0000000000
2025-10-10,saa,两阶段SAA（主方案）,16825.5980478179,1618.9602535608,18444.5583013787,32177.4472821840,519.5410240476,20287.1947876190,16137.8031681364,13071.6205661905,33,18,1,17995.4528771393,1200.0000000000,10800.0000000000,6000.0000000000
2025-10-10,oracle,完美信息Oracle,15821.3871321833,0.0000000000,15821.3871321833,30707.3422666667,0.0000000000,18323.7313500000,16000.0000000000,12960.0000000000,0,0,0,15821.3871321833,1200.0000000000,10800.0000000000,6000.0000000000
2025-10-11,static,静态典型日,35126.9485892896,0.0000000000,35126.9485892896,59482.6989983539,0.0000000000,41435.6588500000,20740.6661316872,16799.9395666667,0,0,0,35126.9485892896,1200.0000000000,10800.0000000000,6000.0000000000
2025-10-11,point,点预测,17227.1532371042,3258.2929205163,20485.4461576205,32227.8120861905,920.9724738095,16002.4709766667,16000.0000000000,12960.0000000000,41,17,1,17227.1532371042,1200.0000000000,10800.0000000000,6000.0000000000
2025-10-11,q80,加权Q80,17320.1783903960,659.4332457640,17979.6116361601,32945.8524009671,191.0661147619,15954.4491450000,16190.2936178718,13114.1378304762,17,14,1,17320.1783903960,1200.0000000000,10800.0000000000,6000.0000000000
2025-10-11,saa,两阶段SAA（主方案）,17462.8256886216,176.5889594780,17639.4146480995,33234.8968764197,59.7020283333,16065.0952209524,16437.8426340388,13314.6525335714,8,8,1,18623.2338765844,1200.0000000000,10800.0000000000,6000.0000000000
2025-10-11,oracle,完美信息Oracle,15897.8507358100,0.0000000000,15897.8507358100,30732.2721666667,0.0000000000,13585.9585833333,16000.0000000000,12960.0000000000,0,0,0,15897.8507358100,1200.0000000000,10800.0000000000,6000.0000000000
2025-10-12,static,静态典型日,35126.9485892896,21627.4179345833,56754.3665238730,59482.6989983539,4728.7796166667,1755.7960666667,20740.6661316872,16799.9395666667,88,15,1,35126.9485892896,1200.0000000000,10800.0000000000,6000.0000000000
2025-10-12,point,点预测,38812.5246625284,9199.9498101559,48012.4744726843,62669.8173127425,2538.5702747619,2633.4593397619,21368.2750758377,17308.3028114286,57,15,1,38812.5246625284,1200.0000000000,10800.0000000000,6000.0000000000
2025-10-12,q80,加权Q80,40629.2376496623,3804.0365659471,44433.2742156095,66113.1408681570,960.1694671429,4491.3480097619,21405.2965379189,17338.2901957143,37,16,1,40629.2376496623,1200.0000000000,10800.0000000000,6000.0000000000
2025-10-12,saa,两阶段SAA（主方案）,40894.0237326443,2866.3588029246,43760.3825355689,66595.8610533951,751.9030230952,4765.8017509524,21405.2965379189,17338.2901957143,36,17,1,43016.2275942366,1200.0000000000,10800.0000000000,6000.0000000000
2025-10-12,oracle,完美信息Oracle,38029.4043530530,0.0000000000,38029.4043530530,62580.9697798354,0.0000000000,0.0000000000,21400.0726131687,17334.0588166667,0,0,0,38029.4043530530,1200.0000000000,10800.0000000000,6000.0000000000
2025-10-13,static,静态典型日,35126.9485892896,21961.0506265583,57087.9992158480,59482.6989983539,4724.3352666667,3238.9124000000,20740.6661316872,16799.9395666667,78,11,1,35126.9485892896,1200.0000000000,10800.0000000000,6000.0000000000
2025-10-13,point,点预测,39439.8331049965,4396.7767854189,43836.6098904154,63553.0593416520,1183.1033790476,3647.0246192857,21377.5936916520,17315.8508902381,45,14,1,39439.8331049965,1200.0000000000,10800.0000000000,6000.0000000000
2025-10-13,q80,加权Q80,41244.7772429803,817.2989128855,42062.0761558658,67037.6835276073,212.1902771429,6151.7726442857,21424.7676866549,17354.0618261905,17,9,1,41244.7772429803,1200.0000000000,10800.0000000000,6000.0000000000
2025-10-13,saa,两阶段SAA（主方案）,41582.0084035073,737.9600345621,42319.9684380695,67655.2461340476,196.3729233333,6752.6229373810,21429.4780000000,17357.8771800000,16,8,1,43690.3538360009,1200.0000000000,10800.0000000000,6000.0000000000
2025-10-13,oracle,完美信息Oracle,37515.7707250101,0.0000000000,37515.7707250101,61114.1985329218,0.0000000000,0.0000000000,21509.4906995885,17422.6874666667,0,0,0,37515.7707250101,1200.0000000000,10800.0000000000,6000.0000000000
2025-10-14,static,静态典型日,35126.9485892896,30378.0316344917,65504.9802237813,59482.6989983539,6744.7169833333,1512.8601333333,20740.6661316872,16799.9395666667,99,15,1,35126.9485892896,1200.0000000000,10800.0000000000,6000.0000000000
2025-10-14,point,点预测,39321.9899029927,14358.6863795889,53680.6762825816,63306.8493985626,3444.0588876190,1919.0370957143,21358.1153007055,17300.0733935714,79,13,1,39321.9899029927,1200.0000000000,10800.0000000000,6000.0000000000
2025-10-14,q80,加权Q80,40899.3342384628,4657.8338391986,45557.1680776614,66501.3817361552,1119.4511404762,2775.3710183333,21429.6451313933,17358.0125564286,51,16,1,40899.3342384628,1200.0000000000,10800.0000000000,6000.0000000000
2025-10-14,saa,两阶段SAA（主方案）,41272.2211343209,2957.2920000527,44229.5131343736,67166.8738435097,763.0874528571,3078.2197395238,21462.6961763668,17384.7839028571,48,16,1,43375.4432680704,1200.0000000000,10800.0000000000,6000.0000000000
2025-10-14,oracle,完美信息Oracle,39751.1863064426,0.0000000000,39751.1863064426,64842.4458100823,0.0000000000,0.0000000000,21413.7711934156,17345.1546666667,0,0,0,39751.1863064426,1200.0000000000,10800.0000000000,6000.0000000000
2025-10-15,static,静态典型日,35126.9485892896,30654.2345883750,65781.1831776646,59482.6989983539,6925.9968000000,547.9455833333,20740.6661316872,16799.9395666667,113,11,1,35126.9485892896,1200.0000000000,10800.0000000000,6000.0000000000
2025-10-15,point,点预测,38382.5466134126,18438.7019347713,56821.2485481839,62418.3654942799,4707.4867380952,1147.4095216667,21360.1003195179,17301.6812588095,85,18,1,38382.5466134126,1200.0000000000,10800.0000000000,6000.0000000000
2025-10-15,q80,加权Q80,40128.0239894196,8974.4260161142,49102.4500055338,65918.9207323956,2141.0994045238,2069.4825485714,21423.7575702528,17353.2436319048,64,24,1,40128.0239894196,1200.0000000000,10800.0000000000,6000.0000000000
2025-10-15,saa,两阶段SAA（主方案）,40399.0461471602,7586.7387670779,47985.7849142381,66384.8952707290,1846.1687492857,2240.5264316667,21423.7575702528,17353.2436319048,60,23,1,42323.1433243780,1200.0000000000,10800.0000000000,6000.0000000000
2025-10-15,oracle,完美信息Oracle,40066.3256825120,0.0000000000,40066.3256825120,66053.3191753086,0.0000000000,0.0000000000,21754.1869753086,17620.8914500000,0,0,0,40066.3256825120,1200.0000000000,10800.0000000000,6000.0000000000
2025-10-16,static,静态典型日,35126.9485892896,39044.5417922917,74171.4903815813,59482.6989983539,8713.6099833333,1289.1094666667,20740.6661316872,16799.9395666667,106,6,1,35126.9485892896,1200.0000000000,10800.0000000000,6000.0000000000
2025-10-16,point,点预测,38945.1665789844,20403.5173814773,59348.6839604618,63128.9957664403,5050.2001273809,1143.0853342857,21419.1453133451,17349.5077038095,90,14,1,38945.1665789844,1200.0000000000,10800.0000000000,6000.0000000000
2025-10-16,q80,加权Q80,41027.6205740821,10033.5815460542,51061.2021201362,67140.6605889976,2363.6874828571,2435.4903047619,21591.4990373310,17489.1142202381,60,20,1,41027.6205740821,1200.0000000000,10800.0000000000,6000.0000000000
2025-10-16,saa,两阶段SAA（主方案）,41362.1619320441,8574.4041065088,49936.5660385529,67749.5497591476,2053.3304769048,2733.6888909524,21593.2547110523,17490.5363159524,54,20,1,43227.2042471428,1200.0000000000,10800.0000000000,6000.0000000000
2025-10-16,oracle,完美信息Oracle,41356.9115043918,0.0000000000,41356.9115043918,67173.2707102881,0.0000000000,0.0000000000,22141.0408436214,17934.2430833333,0,0,0,41356.9115043918,1200.0000000000,10800.0000000000,6000.0000000000
2025-10-17,static,静态典型日,35126.9485892896,0.0000000000,35126.9485892896,59482.6989983539,0.0000000000,39537.7731166667,20740.6661316872,16799.9395666667,0,0,0,35126.9485892896,1200.0000000000,10800.0000000000,6000.0000000000
2025-10-17,point,点预测,16515.3553784650,6474.8105147851,22990.1658932501,31472.0362178571,1614.5100888095,14042.3469900000,16000.0000000000,12960.0000000000,53,17,1,16515.3553784650,1200.0000000000,10800.0000000000,6000.0000000000
2025-10-17,q80,加权Q80,16640.5132554056,2161.6938635217,18802.2071189273,32248.6610128219,476.4605580952,13597.9705228571,16436.5880599647,13313.6363285714,36,13,1,16640.5132554056,1200.0000000000,10800.0000000000,6000.0000000000
2025-10-17,saa,两阶段SAA（主方案）,16778.2529260928,1621.1428737295,18399.3957998224,32509.9750253351,375.5143121429,13717.4797231524,16651.6331455732,13487.8228479143,31,11,1,17687.7146384225,1200.0000000000,10800.0000000000,6000.0000000000
2025-10-17,oracle,完美信息Oracle,16029.2948951267,0.0000000000,16029.2948951267,30916.3247000000,0.0000000000,11872.1253833333,16000.0000000000,12960.0000000000,0,0,0,16029.2948951267,1200.0000000000,10800.0000000000,6000.0000000000
2025-10-18,static,静态典型日,35126.9485892896,0.0000000000,35126.9485892896,59482.6989983539,0.0000000000,39465.3791666667,20740.6661316872,16799.9395666667,0,0,0,35126.9485892896,1200.0000000000,10800.0000000000,6000.0000000000
2025-10-18,point,点预测,16930.7249463373,6537.5282606472,23468.2532069845,32052.1419533333,1770.8527104762,14706.4013971429,16000.0000000000,12960.0000000000,49,15,1,16930.7249463373,1200.0000000000,10800.0000000000,6000.0000000000
2025-10-18,q80,加权Q80,17132.9483707392,1945.9660048798,19078.9143756189,32946.2808710905,556.1840314286,14271.5003073810,16601.9543603762,13447.5830319048,32,13,1,17132.9483707392,1200.0000000000,10800.0000000000,6000.0000000000
2025-10-18,saa,两阶段SAA（主方案）,17263.5797139329,1108.4680541526,18372.0477680856,33192.9324633451,358.2775990476,14282.2196924667,16802.0900171546,13609.6929138952,24,11,1,18135.5497360943,1200.0000000000,10800.0000000000,6000.0000000000
2025-10-18,oracle,完美信息Oracle,16132.2565368067,0.0000000000,16132.2565368067,31177.9225000000,0.0000000000,12061.3292333333,16000.0000000000,12960.0000000000,0,0,0,16132.2565368067,1200.0000000000,10800.0000000000,6000.0000000000
2025-10-19,static,静态典型日,35126.9485892896,41684.3672395917,76811.3158288813,59482.6989983539,9302.9099166667,959.1598166667,20740.6661316872,16799.9395666667,107,14,1,35126.9485892896,1200.0000000000,10800.0000000000,6000.0000000000
2025-10-19,point,点预测,40353.8796074829,14945.6832267802,55299.5628342631,65680.6621887743,3586.1814895238,1256.6156097619,21707.9238694885,17583.4183342857,83,20,1,40353.8796074829,1200.0000000000,10800.0000000000,6000.0000000000
2025-10-19,q80,加权Q80,42755.9380558514,5782.9458894230,48538.8839452744,70065.6451969665,1355.2996850000,3290.8084780952,22339.0203712522,18094.6065007143,62,20,1,42755.9380558514,1200.0000000000,10800.0000000000,6000.0000000000
2025-10-19,saa,两阶段SAA（主方案）,43028.7722554268,5336.8299332002,48365.6021886271,70488.1533420841,1268.0658297619,3624.5025035714,22347.3375523222,18101.3434173810,56,18,1,44924.2438491717,1200.0000000000,10800.0000000000,6000.0000000000
2025-10-19,oracle,完美信息Oracle,41932.9881050426,0.0000000000,41932.9881050426,68133.7087399177,0.0000000000,0.0000000000,22357.8221399177,18109.8359333333,0,0,0,41932.9881050426,1200.0000000000,10800.0000000000,6000.0000000000
2025-10-20,static,静态典型日,35126.9485892896,43097.5263301417,78224.4749194313,59482.6989983539,9437.1648666667,538.3549333333,20740.6661316872,16799.9395666667,115,13,1,35126.9485892896,1200.0000000000,10800.0000000000,6000.0000000000
2025-10-20,point,点预测,41121.4470229994,14791.8721851488,55913.3192081482,66678.0933787331,3427.6898711905,1524.8476992857,21790.2799156379,17650.1267316667,65,16,1,41121.4470229994,1200.0000000000,10800.0000000000,6000.0000000000
2025-10-20,q80,加权Q80,43936.5022321463,6394.7773161980,50331.2795483443,71538.2886255996,1379.8322261905,4190.9484728571,22559.9474329806,18273.5574207143,43,17,1,43936.5022321463,1200.0000000000,10800.0000000000,6000.0000000000
2025-10-20,saa,两阶段SAA（主方案）,44109.1328875834,5694.4106826625,49803.5435702459,71812.4181225720,1237.3107830952,4322.0741114286,22562.4864609053,18275.6140333333,43,17,1,45903.8450839065,1200.0000000000,10800.0000000000,6000.0000000000
2025-10-20,oracle,完美信息Oracle,42150.5585677113,0.0000000000,42150.5585677113,68615.4640438271,0.0000000000,0.0000000000,21972.0088271605,17797.3271500000,0,0,0,42150.5585677113,1200.0000000000,10800.0000000000,6000.0000000000
2025-10-21,static,静态典型日,35126.9485892896,48289.1489499667,83416.0975392563,59482.6989983539,11248.6742166667,328.0653000000,20740.6661316872,16799.9395666667,120,8,1,35126.9485892896,1200.0000000000,10800.0000000000,6000.0000000000
2025-10-21,point,点预测,41660.9544448204,16587.0960037878,58248.0504486082,67639.3696306291,4401.9061980952,1441.6316961905,21774.0146449148,17636.9518623810,78,13,1,41660.9544448204,1200.0000000000,10800.0000000000,6000.0000000000
2025-10-21,q80,加权Q80,44521.9282716296,3990.6076781181,48512.5359497477,72540.0468173457,1174.2478080952,2953.8539614286,22620.3121790123,18322.4528650000,44,14,1,44521.9282716296,1200.0000000000,10800.0000000000,6000.0000000000
2025-10-21,saa,两阶段SAA（主方案）,44758.8964245654,3511.8602238089,48270.7566483743,72901.6817615050,1075.6170730952,3189.2016302381,22765.8729176955,18440.3570633333,44,14,1,46653.7801221917,1200.0000000000,10800.0000000000,6000.0000000000
2025-10-21,oracle,完美信息Oracle,43068.2699370075,0.0000000000,43068.2699370075,70677.7267485597,0.0000000000,0.0000000000,22184.9757818930,17969.8303833333,0,0,0,43068.2699370075,1200.0000000000,10800.0000000000,6000.0000000000
2025-10-22,static,静态典型日,35126.9485892896,46999.7651820917,82126.7137713813,59482.6989983539,10487.3912666667,474.4670000000,20740.6661316872,16799.9395666667,118,11,1,35126.9485892896,1200.0000000000,10800.0000000000,6000.0000000000
2025-10-22,point,点预测,41254.7141975508,16741.4928449899,57996.2070425407,67489.9341819930,3847.1533778571,1618.1535935714,21915.9856119929,17751.9483457143,85,20,1,41254.7141975508,1200.0000000000,10800.0000000000,6000.0000000000
2025-10-22,q80,加权Q80,44101.9930114488,8595.1087542237,52697.1017656725,72406.5291600882,1738.8273342857,4274.2680988095,22716.7983977072,18400.6067021429,49,13,1,44101.9930114488,1200.0000000000,10800.0000000000,6000.0000000000
2025-10-22,saa,两阶段SAA（主方案）,44475.0510206027,7922.6794760600,52397.7304966627,72939.3236765256,1604.4810157143,4610.7128576190,23043.1322874780,18664.9371528571,48,13,1,46298.4992104261,1200.0000000000,10800.0000000000,6000.0000000000
2025-10-22,oracle,完美信息Oracle,42977.3486773420,0.0000000000,42977.3486773420,69794.2349197531,0.0000000000,0.0000000000,22312.3064197531,18072.9682000000,0,0,0,42977.3486773420,1200.0000000000,10800.0000000000,6000.0000000000
2025-10-23,static,静态典型日,35126.9485892896,40982.7101667500,76109.6587560396,59482.6989983539,9118.8291166667,1281.3045166667,20740.6661316872,16799.9395666667,103,11,1,35126.9485892896,1200.0000000000,10800.0000000000,6000.0000000000
2025-10-23,point,点预测,41828.2419761538,6649.7229038821,48477.9648800360,68085.0084107849,1694.3489297619,2237.7069666667,21906.0702134039,17743.9168728571,69,19,1,41828.2419761538,1200.0000000000,10800.0000000000,6000.0000000000
2025-10-23,q80,加权Q80,45029.8711746298,2541.7337966321,47571.6049712619,73494.9872281834,568.4667452381,6236.4258988095,23408.0581119929,18960.5270707143,32,15,1,45029.8711746298,1200.0000000000,10800.0000000000,6000.0000000000
2025-10-23,saa,两阶段SAA（主方案）,45240.4189999827,2456.7043130036,47697.1233129863,73768.0589004556,555.8182538095,6480.3066221429,23495.1236778366,19031.0501790476,32,15,1,47321.1873944975,1200.0000000000,10800.0000000000,6000.0000000000
2025-10-23,oracle,完美信息Oracle,41500.5187084612,0.0000000000,41500.5187084612,67540.7290639918,0.0000000000,0.0000000000,21901.2212139918,17739.9891833333,0,0,0,41500.5187084612,1200.0000000000,10800.0000000000,6000.0000000000
2025-10-24,static,静态典型日,35126.9485892896,0.0000000000,35126.9485892896,59482.6989983539,0.0000000000,37121.9217166667,20740.6661316872,16799.9395666667,0,0,0,35126.9485892896,1200.0000000000,10800.0000000000,6000.0000000000
2025-10-24,point,点预测,16529.5548816960,6730.0517733561,23259.6066550520,31675.9937600735,1630.9371628571,11813.4620980952,16175.8847798354,13102.4666716667,64,19,1,16529.5548816960,1200.0000000000,10800.0000000000,6000.0000000000
2025-10-24,q80,加权Q80,16970.1468930352,4264.7517687512,21234.8986617864,32853.1847581893,893.6554511905,12123.7123059524,16858.3009829512,13655.2237961905,44,17,1,16970.1468930352,1200.0000000000,10800.0000000000,6000.0000000000
2025-10-24,saa,两阶段SAA（主方案）,17099.0103241597,3838.4019162021,20937.4122403618,33078.3450268724,813.1371178571,12236.8140150000,17024.3021740153,13789.6847609524,41,16,1,17998.4606290686,1200.0000000000,10800.0000000000,6000.0000000000
2025-10-24,oracle,完美信息Oracle,17050.6605616615,0.0000000000,17050.6605616615,32522.0251411523,0.0000000000,10930.7005666667,16690.9150411523,13519.6411833333,0,0,0,17050.6605616615,1200.0000000000,10800.0000000000,6000.0000000000
2025-10-25,static,静态典型日,35126.9485892896,0.0000000000,35126.9485892896,59482.6989983539,0.0000000000,36143.5397000000,20740.6661316872,16799.9395666667,0,0,0,35126.9485892896,1200.0000000000,10800.0000000000,6000.0000000000
2025-10-25,point,点预测,16792.8962521000,5654.3150315480,22447.2112836480,32161.7340467696,1500.4589947619,11157.6354421429,16348.0256108172,13241.9007447619,65,21,1,16792.8962521000,1200.0000000000,10800.0000000000,6000.0000000000
2025-10-25,q80,加权Q80,17442.8763178238,2356.4473768087,19799.3236946325,33597.0217996032,553.1909726190,11505.8216388095,17083.9915793651,13838.0331792857,32,16,1,17442.8763178238,1200.0000000000,10800.0000000000,6000.0000000000
2025-10-25,saa,两阶段SAA（主方案）,17571.1160171930,2241.6951014763,19812.8111186693,33813.7979667402,533.4870128571,11672.2981261905,17245.0216845973,13968.4675645238,30,15,1,18476.1116736552,1200.0000000000,10800.0000000000,6000.0000000000
2025-10-25,oracle,完美信息Oracle,16786.7231583057,0.0000000000,16786.7231583057,32002.8698417695,0.0000000000,9530.8430833333,16176.8106584362,13103.2166333333,0,0,0,16786.7231583057,1200.0000000000,10800.0000000000,6000.0000000000
2025-10-26,static,静态典型日,35126.9485892896,42072.0142144083,77198.9628036980,59482.6989983539,9472.4145000000,470.0749166667,20740.6661316872,16799.9395666667,113,10,1,35126.9485892896,1200.0000000000,10800.0000000000,6000.0000000000
2025-10-26,point,点预测,42625.6131516679,4746.2608609022,47371.8740125701,69227.5962714874,1356.1751797619,1850.2007716667,22048.7298048207,17859.4711419048,60,24,1,42625.6131516679,1200.0000000000,10800.0000000000,6000.0000000000
2025-10-26,q80,加权Q80,46019.3992494335,1104.7314913782,47124.1307408118,74682.2321903175,312.4491897619,5976.2904064286,23547.7839841270,19073.7050271429,25,15,1,46019.3992494335,1200.0000000000,10800.0000000000,6000.0000000000
2025-10-26,saa,两阶段SAA（主方案）,46240.1032326266,1104.7314913782,47344.8347240048,74944.7947308172,312.4491897619,6236.3559066667,23560.9263012934,19084.3503040476,25,15,1,48408.9717556233,1200.0000000000,10800.0000000000,6000.0000000000
2025-10-26,oracle,完美信息Oracle,41984.0046384227,0.0000000000,41984.0046384227,68705.4176934156,0.0000000000,0.0000000000,21900.5561934156,17739.4505166667,0,0,0,41984.0046384227,1200.0000000000,10800.0000000000,6000.0000000000
2025-10-27,static,静态典型日,35126.9485892896,44853.8868366833,79980.8354259730,59482.6989983539,10002.2467833333,1991.6375500000,20740.6661316872,16799.9395666667,101,10,1,35126.9485892896,1200.0000000000,10800.0000000000,6000.0000000000
2025-10-27,point,点预测,42792.5328108066,7622.8181413829,50415.3509521896,69464.4955031041,1947.4206045238,3694.3945902381,21920.7360564374,17755.7962057143,67,15,1,42792.5328108066,1200.0000000000,10800.0000000000,6000.0000000000
2025-10-27,q80,加权Q80,46197.0435286518,3009.9710601596,49207.0145888115,74860.7927444974,784.5384035714,7651.3533447619,23375.7691402116,18934.3730035714,38,14,1,46197.0435286518,1200.0000000000,10800.0000000000,6000.0000000000
2025-10-27,saa,两阶段SAA（主方案）,46371.0016369538,2993.1891817851,49364.1908187389,75089.6864768665,780.7060495238,7863.1203469048,23445.7395411523,18991.0490283333,38,14,1,48549.0535603464,1200.0000000000,10800.0000000000,6000.0000000000
2025-10-27,oracle,完美信息Oracle,41975.3921992608,0.0000000000,41975.3921992608,67760.3266668724,0.0000000000,0.0000000000,22146.0263168724,17938.2813166667,0,0,0,41975.3921992608,1200.0000000000,10800.0000000000,6000.0000000000
2025-10-28,static,静态典型日,35126.9485892896,48987.3028067667,84114.2513960563,59482.6989983539,11012.9366000000,582.4873333333,20740.6661316872,16799.9395666667,112,12,1,35126.9485892896,1200.0000000000,10800.0000000000,6000.0000000000
2025-10-28,point,点预测,42601.8416580610,9148.4527784458,51750.2944365068,69299.3511446444,2317.4982547619,1471.9214197619,21960.5593665491,17788.0530869048,73,17,1,42601.8416580610,1200.0000000000,10800.0000000000,6000.0000000000
2025-10-28,q80,加权Q80,46174.9143612830,1868.7477588085,48043.6621200914,74911.6826416079,442.6025540476,4930.5917457143,23427.7460523222,18976.4743023810,27,15,1,46174.9143612830,1200.0000000000,10800.0000000000,6000.0000000000
2025-10-28,saa,两阶段SAA（主方案）,46353.7525019534,1624.6195641964,47978.3720661499,75139.3488900882,395.3269426190,5099.4807169048,23488.2811358025,19025.5077200000,25,16,1,48408.2425643061,1200.0000000000,10800.0000000000,6000.0000000000
2025-10-28,oracle,完美信息Oracle,43153.1516702447,0.0000000000,43153.1516702447,70170.6473248971,0.0000000000,0.0000000000,22095.9243415638,17897.6987166667,0,0,0,43153.1516702447,1200.0000000000,10800.0000000000,6000.0000000000
2025-10-29,static,静态典型日,35126.9485892896,62092.1201184000,97219.0687076896,59482.6989983539,14256.6160166667,486.3316500000,20740.6661316872,16799.9395666667,115,7,1,35126.9485892896,1200.0000000000,10800.0000000000,6000.0000000000
2025-10-29,point,点预测,42214.4595299882,21426.7510867123,63641.2106167005,68638.4913476632,5463.8818776190,627.9120792857,21906.3386631393,17744.1343171429,103,18,1,42214.4595299882,1200.0000000000,10800.0000000000,6000.0000000000
2025-10-29,q80,加权Q80,45632.9789731436,7296.6843958940,52929.6633690376,74070.5089413845,1989.2011816667,2314.0445002381,23333.7306463845,18900.3218235714,59,15,1,45632.9789731436,1200.0000000000,10800.0000000000,6000.0000000000
2025-10-29,saa,两阶段SAA（主方案）,45909.6059690750,6523.9965535811,52433.6025226561,74444.7960159142,1830.9817733333,2513.1281497619,23423.1202078189,18972.7273683333,57,14,1,47963.1128047777,1200.0000000000,10800.0000000000,6000.0000000000
2025-10-29,oracle,完美信息Oracle,45473.3531762789,0.0000000000,45473.3531762789,73726.5569497942,0.0000000000,0.0000000000,23233.1586831276,18818.8585333333,0,0,0,45473.3531762789,1200.0000000000,10800.0000000000,6000.0000000000
2025-10-30,static,静态典型日,35126.9485892896,45158.4384411083,80285.3870303980,59482.6989983539,10048.6599500000,802.8147333333,20740.6661316872,16799.9395666667,102,15,1,35126.9485892896,1200.0000000000,10800.0000000000,6000.0000000000
2025-10-30,point,点预测,42566.1321709737,6932.0128858205,49498.1450567942,69146.3514577895,1776.6036419048,1937.7102569048,22091.7220673133,17894.2948745238,75,24,1,42566.1321709737,1200.0000000000,10800.0000000000,6000.0000000000
2025-10-30,q80,加权Q80,46289.6293758200,1852.3345216238,48141.9638974438,74934.4498864168,448.7702269048,6111.3072921429,23600.5009009406,19116.4057297619,33,17,1,46289.6293758200,1200.0000000000,10800.0000000000,6000.0000000000
2025-10-30,saa,两阶段SAA（主方案）,46528.1694748722,1773.0370348309,48301.2065097031,75226.9857141643,434.2945995238,6400.1764257143,23543.6117788095,19070.3255408357,33,17,1,48607.5391750168,1200.0000000000,10800.0000000000,6000.0000000000
2025-10-30,oracle,完美信息Oracle,42591.6384775063,0.0000000000,42591.6384775063,68977.7609520576,0.0000000000,0.0000000000,22052.3331687243,17862.3898666667,0,0,0,42591.6384775063,1200.0000000000,10800.0000000000,6000.0000000000
2025-10-31,static,静态典型日,35126.9485892896,0.0000000000,35126.9485892896,59482.6989983539,0.0000000000,31637.6803666667,20740.6661316872,16799.9395666667,0,0,0,35126.9485892896,1200.0000000000,10800.0000000000,6000.0000000000
2025-10-31,point,点预测,16993.2829230859,10793.8337193846,27787.1166424705,32482.9460844121,2973.1939011905,8383.0313888095,16677.9817375073,13509.1652073810,80,19,1,16993.2829230859,1200.0000000000,10800.0000000000,6000.0000000000
2025-10-31,q80,加权Q80,18058.0855173068,3401.0238261274,21459.1093434342,34349.9632050206,1007.3682595238,8157.0682152381,17347.2167507349,14051.2455680952,41,19,1,18058.0855173068,1200.0000000000,10800.0000000000,6000.0000000000
2025-10-31,saa,两阶段SAA（主方案）,18165.3464911605,1653.4562049914,19818.8026961520,34533.2126342152,406.3558016667,7713.1065457143,17485.1043342152,14162.9345107143,26,15,1,19015.0104261405,1200.0000000000,10800.0000000000,6000.0000000000
2025-10-31,oracle,完美信息Oracle,17370.4088366760,0.0000000000,17370.4088366760,32991.9801164609,0.0000000000,5879.5668000000,16884.8486831276,13676.7274333333,0,0,0,17370.4088366760,1200.0000000000,10800.0000000000,6000.0000000000
2025-11-01,static,静态典型日,35126.9485892896,0.0000000000,35126.9485892896,59482.6989983539,0.0000000000,32997.9340000000,20740.6661316872,16799.9395666667,0,0,0,35126.9485892896,1200.0000000000,10800.0000000000,6000.0000000000
2025-11-01,point,点预测,17041.4098398479,8070.6180828156,25112.0279226635,32600.4212018166,2200.8205980952,9093.8068066667,16649.4555784832,13486.0590185714,74,14,1,17041.4098398479,1200.0000000000,10800.0000000000,6000.0000000000
2025-11-01,q80,加权Q80,18153.6741265142,1008.2795357689,19161.9536622831,34500.3797177190,327.1215064286,8999.8659538095,17282.0886158142,13998.4917788095,25,12,1,18153.6741265142,1200.0000000000,10800.0000000000,6000.0000000000
2025-11-01,saa,两阶段SAA（主方案）,18270.6176843851,947.5425475964,19218.1602319815,34695.1084594003,315.6442926190,9153.0374626249,17440.4045055849,14126.7276495238,24,11,1,19115.1965159099,1200.0000000000,10800.0000000000,6000.0000000000
2025-11-01,oracle,完美信息Oracle,17104.7949177864,0.0000000000,17104.7949177864,32813.7643104938,0.0000000000,7082.8244333333,16773.1654938272,13586.2640500000,0,0,0,17104.7949177864,1200.0000000000,10800.0000000000,6000.0000000000
2025-11-02,static,静态典型日,35126.9485892896,60304.2993086084,95431.2478978980,59482.6989983539,13624.8860833333,370.4745833333,20740.6661316872,16799.9395666667,121,7,1,35126.9485892896,1200.0000000000,10800.0000000000,6000.0000000000
2025-11-02,point,点预测,43711.3866126995,12255.4327187755,55966.8193314750,70999.9324000294,2949.4502633333,897.3805354762,22397.9904976484,18142.3723030952,93,14,1,43711.3866126995,1200.0000000000,10800.0000000000,6000.0000000000
2025-11-02,q80,加权Q80,47603.5760487304,2593.3475337179,50196.9235824482,76890.5784460238,563.2486490476,4190.5920428571,23509.7427309524,19042.8916120714,34,13,1,47603.5760487304,1200.0000000000,10800.0000000000,6000.0000000000
2025-11-02,saa,两阶段SAA（主方案）,47856.9638380723,2259.3686279634,50116.3324660358,77183.5005432167,491.6538028571,4429.4493380952,23417.4793402381,18968.1582655929,33,12,1,49820.4282394500,1200.0000000000,10800.0000000000,6000.0000000000
2025-11-02,oracle,完美信息Oracle,45226.5925136874,0.0000000000,45226.5925136874,73226.1961991769,0.0000000000,0.0000000000,23314.8013991770,18884.9891333333,0,0,0,45226.5925136874,1200.0000000000,10800.0000000000,6000.0000000000
2025-11-03,static,静态典型日,35126.9485892896,59922.3473093000,95049.2958985896,59482.6989983539,14304.4225000000,341.4646500000,20740.6661316872,16799.9395666667,116,10,1,35126.9485892896,1200.0000000000,10800.0000000000,6000.0000000000
2025-11-03,point,点预测,44233.3046231179,10726.5175579454,54959.8221810634,71742.7014496120,3291.7622533333,1222.2124169048,22670.1105405644,18362.7895378571,82,16,1,44233.3046231179,1200.0000000000,10800.0000000000,6000.0000000000
2025-11-03,q80,加权Q80,48289.6874198924,2015.4889223355,50305.1763422279,77695.0279956381,662.6838578571,4396.7295988095,23452.9051123809,18996.8531410286,33,14,1,48289.6874198924,1200.0000000000,10800.0000000000,6000.0000000000
2025-11-03,saa,两阶段SAA（主方案）,48440.4375440512,1955.0853557904,50395.5228998415,77864.9078197381,650.4054623810,4559.4023700000,23426.2138357143,18975.2332069286,33,14,1,50409.6938151521,1200.0000000000,10800.0000000000,6000.0000000000
2025-11-03,oracle,完美信息Oracle,45209.6664782096,0.0000000000,45209.6664782096,73796.8977446502,0.0000000000,0.0000000000,22589.3024279835,18297.3349666667,0,0,0,45209.6664782096,1200.0000000000,10800.0000000000,6000.0000000000
2025-11-04,static,静态典型日,35126.9485892896,56291.2770079583,91418.2255972479,59482.6989983539,12690.5407166667,652.4411166667,20740.6661316872,16799.9395666667,112,11,1,35126.9485892896,1200.0000000000,10800.0000000000,6000.0000000000
2025-11-04,point,点预测,44517.2616161307,7191.2767908603,51708.5384069910,72480.3629449001,1706.3822564286,2285.0952690476,22745.1468365667,18423.5689376190,72,17,1,44517.2616161307,1200.0000000000,10800.0000000000,6000.0000000000
2025-11-04,q80,加权Q80,48665.3454907110,2170.6237302101,50835.9692209211,78512.6330995714,462.5298254762,6972.4316869048,23277.1537095238,18854.4945047143,35,11,1,48665.3454907110,1200.0000000000,10800.0000000000,6000.0000000000
2025-11-04,saa,两阶段SAA（主方案）,48771.9312591977,2138.0035368345,50909.9347960322,78632.0497791690,457.6774352381,7088.3930485714,23269.8006973810,18848.5385648786,35,11,1,50763.7472952663,1200.0000000000,10800.0000000000,6000.0000000000
2025-11-04,oracle,完美信息Oracle,44485.2295132591,0.0000000000,44485.2295132591,71880.3512362140,0.0000000000,0.0000000000,22633.0484362140,18332.7692333333,0,0,0,44485.2295132591,1200.0000000000,10800.0000000000,6000.0000000000
2025-11-05,static,静态典型日,35126.9485892896,62353.0033713333,97479.9519606230,59482.6989983539,14532.8360666667,396.7884333333,20740.6661316872,16799.9395666667,115,11,1,35126.9485892896,1200.0000000000,10800.0000000000,6000.0000000000
2025-11-05,point,点预测,44748.9370513125,9238.3495611154,53987.2866124280,72639.4843151705,2486.4416071428,1123.4293407143,22760.4027101705,18435.9261952381,90,19,1,44748.9370513125,1200.0000000000,10800.0000000000,6000.0000000000
2025-11-05,q80,加权Q80,48786.8515353573,1319.7514861185,50106.6030214758,78484.8808069286,428.3997540476,4804.5917847619,23319.3089976190,18888.6402880714,29,15,1,48786.8515353573,1200.0000000000,10800.0000000000,6000.0000000000
2025-11-05,saa,两阶段SAA（主方案）,48976.8748579914,1294.7337925768,50271.6086505681,78699.9751040429,424.0926707143,5019.1031545238,23299.7081766667,18872.7636231000,29,15,1,50984.6733468019,1200.0000000000,10800.0000000000,6000.0000000000
2025-11-05,oracle,完美信息Oracle,45655.3233106264,0.0000000000,45655.3233106264,74078.5666598765,0.0000000000,0.0000000000,23160.7715432099,18760.2249500000,0,0,0,45655.3233106264,1200.0000000000,10800.0000000000,6000.0000000000
2025-11-06,static,静态典型日,35126.9485892896,70770.6517783917,105897.6003676813,59482.6989983539,16397.0086166667,569.3965000000,20740.6661316872,16799.9395666667,121,9,1,35126.9485892896,1200.0000000000,10800.0000000000,6000.0000000000
2025-11-06,point,点预测,44539.5690462228,18669.7106074973,63209.2796537201,72283.0830266696,4545.0101611905,1158.7149733333,22630.4929711934,18330.6993066667,94,13,1,44539.5690462228,1200.0000000000,10800.0000000000,6000.0000000000
2025-11-06,q80,加权Q80,48456.1694870795,5833.0168584674,54289.1863455469,78028.5897984643,1304.4770971429,3529.2814295238,23337.8995583333,18903.6986422500,55,14,1,48456.1694870795,1200.0000000000,10800.0000000000,6000.0000000000
2025-11-06,saa,两阶段SAA（主方案）,48666.2508988177,4971.2655509510,53637.5164497686,78269.2752250667,1131.0083095238,3604.2229633333,23297.2422171429,18870.7661958857,52,16,1,50587.9894181792,1200.0000000000,10800.0000000000,6000.0000000000
2025-11-06,oracle,完美信息Oracle,46947.8434313973,0.0000000000,46947.8434313973,75697.7082216049,0.0000000000,0.0000000000,22779.5982716049,18451.4746000000,0,0,0,46947.8434313973,1200.0000000000,10800.0000000000,6000.0000000000
2025-11-07,static,静态典型日,35126.9485892896,44.6682079083,35171.6167971980,59482.6989983539,12.9491833333,32236.4598333333,20740.6661316872,16799.9395666667,1,1,1,35126.9485892896,1200.0000000000,10800.0000000000,6000.0000000000
2025-11-07,point,点预测,17457.2292167687,6049.6221381634,23506.8513549321,33208.7096821958,1441.9575085714,8090.1895214286,17063.2415052910,13821.2256192857,59,12,1,17457.2292167687,1200.0000000000,10800.0000000000,6000.0000000000
2025-11-07,q80,加权Q80,18866.4716582933,2472.7643552020,21339.2360134953,35527.3666256437,541.5151176190,9371.9227861905,17781.5640723104,14403.0668985714,34,12,1,18866.4716582933,1200.0000000000,10800.0000000000,6000.0000000000
2025-11-07,saa,两阶段SAA（主方案）,19010.3041832460,1743.2136490685,20753.5178323144,35827.0089941035,406.5886390476,9484.4095306173,18056.4543115814,14625.7279923810,30,13,1,19813.6437862215,1200.0000000000,10800.0000000000,6000.0000000000
2025-11-07,oracle,完美信息Oracle,17690.6700002937,0.0000000000,17690.6700002937,33954.6102676955,0.0000000000,7227.3357586420,17941.1196090535,14532.3068833333,0,0,0,17690.6700002937,1200.0000000000,10800.0000000000,6000.0000000000
2025-11-08,static,静态典型日,35126.9485892896,0.0000000000,35126.9485892896,59482.6989983539,0.0000000000,31750.7653333333,20740.6661316872,16799.9395666667,0,0,0,35126.9485892896,1200.0000000000,10800.0000000000,6000.0000000000
2025-11-08,point,点预测,17328.3087556844,5058.4763084834,22386.7850641679,33160.9442992681,1260.9025795238,7394.0459995238,17034.7041014109,13798.1103221429,62,18,1,17328.3087556844,1200.0000000000,10800.0000000000,6000.0000000000
2025-11-08,q80,加权Q80,18799.5753647215,951.5618304369,19751.1371951584,35642.9201949324,253.0673950000,8704.4410980952,17896.5231149324,14496.1837230952,20,12,1,18799.5753647215,1200.0000000000,10800.0000000000,6000.0000000000
2025-11-08,saa,两阶段SAA（主方案）,18980.7567883437,750.5057827521,19731.2625710958,36020.8877223133,212.7927914286,8976.3533845238,18242.7369958848,14776.6169666667,17,11,1,19755.5775521173,1200.0000000000,10800.0000000000,6000.0000000000
2025-11-08,oracle,完美信息Oracle,17347.6641943977,0.0000000000,17347.6641943977,33157.8989063786,0.0000000000,6103.9150666667,17172.5091563786,13909.7324166667,0,0,0,17347.6641943977,1200.0000000000,10800.0000000000,6000.0000000000
2025-11-09,static,静态典型日,35126.9485892896,70043.0012576999,105169.9498469896,59482.6989983539,16274.7364000000,469.8916500000,20740.6661316872,16799.9395666667,118,10,1,35126.9485892896,1200.0000000000,10800.0000000000,6000.0000000000
2025-11-09,point,点预测,45490.6809425626,11730.6335538889,57221.3144964515,73693.7463552940,3063.6688797619,1059.3446278572,22901.3338098178,18550.0803859524,88,17,1,45490.6809425626,1200.0000000000,10800.0000000000,6000.0000000000
2025-11-09,q80,加权Q80,49679.4476740009,3628.1515257663,53307.5991997672,79554.5440326867,857.0979895238,4648.1157900000,23245.8370993533,18829.1280504762,31,14,1,49679.4476740009,1200.0000000000,10800.0000000000,6000.0000000000
2025-11-09,saa,两阶段SAA（主方案）,49786.5862177040,3414.1267461687,53200.7129638727,79682.4309595238,813.8593407143,4722.2509734509,23301.1691760729,18873.9470326190,30,14,1,51559.5299012277,1200.0000000000,10800.0000000000,6000.0000000000
2025-11-09,oracle,完美信息Oracle,46977.3785045716,0.0000000000,46977.3785045716,75862.5434028807,0.0000000000,0.0000000000,23766.9801028807,19251.2538833333,0,0,0,46977.3785045716,1200.0000000000,10800.0000000000,6000.0000000000
2025-11-10,static,静态典型日,35126.9485892896,79656.6805565667,114783.6291458563,59482.6989983539,18774.6691000000,458.1984333333,20740.6661316872,16799.9395666667,119,9,1,35126.9485892896,1200.0000000000,10800.0000000000,6000.0000000000
2025-11-10,point,点预测,45747.9179155274,18853.6481753666,64601.5660908940,74140.5975795738,4811.8842933333,731.3513054762,22961.5129864785,18598.8255190476,103,18,1,45747.9179155274,1200.0000000000,10800.0000000000,6000.0000000000
2025-11-10,q80,加权Q80,49825.7580771703,4564.6496015217,54390.4076786920,79906.1256405286,1122.3529769048,2740.5621590476,23313.0176757143,18883.5443173286,54,20,1,49825.7580771703,1200.0000000000,10800.0000000000,6000.0000000000
2025-11-10,saa,两阶段SAA（主方案）,50051.1338957500,3969.0144373324,54020.1483330824,80158.6757010262,1009.8994688095,2884.2282500000,23294.2306307143,18868.3268108786,51,20,1,51849.0012586390,1200.0000000000,10800.0000000000,6000.0000000000
2025-11-10,oracle,完美信息Oracle,48710.0207285284,0.0000000000,48710.0207285284,78298.8276341667,0.0000000000,0.0000000000,23370.4449166667,18930.0603825000,0,0,0,48710.0207285284,1200.0000000000,10800.0000000000,6000.0000000000
2025-11-11,static,静态典型日,35126.9485892896,71542.7683057083,106669.7168949980,59482.6989983539,16443.3913000000,426.3440666667,20740.6661316872,16799.9395666667,117,13,1,35126.9485892896,1200.0000000000,10800.0000000000,6000.0000000000
2025-11-11,point,点预测,46019.3143920028,9901.7875722368,55921.1019642396,74461.8164068577,2400.9049071428,921.5192483333,23064.1178894768,18681.9354904762,86,19,1,46019.3143920028,1200.0000000000,10800.0000000000,6000.0000000000
2025-11-11,q80,加权Q80,50281.0714748461,805.0051425008,51086.0766173469,80426.6152910619,214.5998514286,4650.1777733333,23326.4089604762,18894.3912579857,29,19,1,50281.0714748461,1200.0000000000,10800.0000000000,6000.0000000000
2025-11-11,saa,两阶段SAA（主方案）,50457.6758919130,782.2794252032,51239.9553171162,80622.5042547381,209.3258395238,4842.2482347619,23318.7483833333,18888.1861905000,29,19,1,52203.7444626282,1200.0000000000,10800.0000000000,6000.0000000000
2025-11-11,oracle,完美信息Oracle,47210.9066043143,0.0000000000,47210.9066043143,75982.7720037037,0.0000000000,0.0000000000,23282.9070370370,18859.1547000000,0,0,0,47210.9066043143,1200.0000000000,10800.0000000000,6000.0000000000
2025-11-12,static,静态典型日,35126.9485892896,70931.2331291833,106058.1817184730,59482.6989983539,15867.9895833333,453.9742666667,20740.6661316872,16799.9395666667,115,8,1,35126.9485892896,1200.0000000000,10800.0000000000,6000.0000000000
2025-11-12,point,点预测,46468.1531856222,8630.6288816278,55098.7820672500,75071.1705290976,1865.4775709524,1591.9777250000,23098.3296055262,18709.6469804762,72,23,1,46468.1531856222,1200.0000000000,10800.0000000000,6000.0000000000
2025-11-12,q80,加权Q80,50619.8588072235,1546.6556381079,52166.5144453314,80839.5194886643,323.1156426190,5788.4467797619,23253.6873764286,18835.4867749071,22,11,1,50619.8588072235,1200.0000000000,10800.0000000000,6000.0000000000
2025-11-12,saa,两阶段SAA（主方案）,50753.6307077490,1412.6324559163,52166.2631636653,80989.6252635524,297.8550904762,5914.1210409524,23249.3240161905,18831.9524531143,22,11,1,52525.6893786166,1200.0000000000,10800.0000000000,6000.0000000000
2025-11-12,oracle,完美信息Oracle,46995.1048466734,0.0000000000,46995.1048466734,75409.3615676667,0.0000000000,0.0000000000,23438.8095666667,18985.4357490000,0,0,0,46995.1048466734,1200.0000000000,10800.0000000000,6000.0000000000
2025-11-13,static,静态典型日,35126.9485892896,73913.2203240000,109040.1689132896,59482.6989983539,17437.3322166667,583.4333333333,20740.6661316872,16799.9395666667,120,8,1,35126.9485892896,1200.0000000000,10800.0000000000,6000.0000000000
2025-11-13,point,点预测,46473.2786608195,12230.2425910824,58703.5212519019,74988.7564356526,3269.7466616667,1473.4973764286,23100.7073906526,18711.5729864286,96,16,1,46473.2786608195,1200.0000000000,10800.0000000000,6000.0000000000
2025-11-13,q80,加权Q80,50462.5221976674,3072.9646294955,53535.4868271629,80496.7119475000,815.6743585714,4507.3095909524,23206.3442023810,18797.1388039286,41,14,1,50462.5221976674,1200.0000000000,10800.0000000000,6000.0000000000
2025-11-13,saa,两阶段SAA（主方案）,50610.5258513698,2894.3101100723,53504.8359614420,80659.7713495238,783.0489750000,4638.0124933333,23204.9290238095,18795.9925092857,40,15,1,52410.5924114631,1200.0000000000,10800.0000000000,6000.0000000000
2025-11-13,oracle,完美信息Oracle,47669.9920229443,0.0000000000,47669.9920229443,76857.1709348004,0.0000000000,0.0000000000,23480.5243059671,19019.2246878333,0,0,0,47669.9920229443,1200.0000000000,10800.0000000000,6000.0000000000
2025-11-14,static,静态典型日,35126.9485892896,0.0000000000,35126.9485892896,59482.6989983539,0.0000000000,27943.5171333333,20740.6661316872,16799.9395666667,0,0,0,35126.9485892896,1200.0000000000,10800.0000000000,6000.0000000000
2025-11-14,point,点预测,17902.3178215225,9368.9082305576,27271.2260520801,34023.5518357231,2652.1839461905,5729.1810492857,17621.5759611993,14273.4765285714,75,16,1,17902.3178215225,1200.0000000000,10800.0000000000,6000.0000000000
2025-11-14,q80,加权Q80,19560.0004070482,921.8040901073,20481.8044971554,36731.3908652469,274.1024590476,5883.2690385714,18546.1525564374,15022.3835707143,25,13,1,19560.0004070482,1200.0000000000,10800.0000000000,6000.0000000000
2025-11-14,saa,两阶段SAA（主方案）,19746.9842141955,418.2436428258,20165.2278570213,37112.9211028513,127.4521688095,6052.7347497619,18890.4380099941,15301.2547880952,14,9,1,20494.4245045727,1200.0000000000,10800.0000000000,6000.0000000000
2025-11-14,oracle,完美信息Oracle,18059.0281041010,0.0000000000,18059.0281041010,34106.4291775720,0.0000000000,3180.6119000000,17512.4314609053,14185.0694833333,0,0,0,18059.0281041010,1200.0000000000,10800.0000000000,6000.0000000000
2025-11-15,static,静态典型日,35126.9485892896,182.6917351917,35309.6403244813,59482.6989983539,46.6549833333,27376.7405000000,20740.6661316872,16799.9395666667,3,2,1,35126.9485892896,1200.0000000000,10800.0000000000,6000.0000000000
2025-11-15,point,点预测,17775.8887996805,8285.5309097257,26061.4197094062,33881.1909275309,2060.8321645238,4411.9937264286,17463.9076261023,14145.7651771429,83,19,1,17775.8887996805,1200.0000000000,10800.0000000000,6000.0000000000
2025-11-15,q80,加权Q80,19342.5519374278,1465.7742580001,20808.3261954279,36420.9758591799,358.3591800000,5097.3818578571,18263.5066560847,14793.4403914286,24,13,1,19342.5519374278,1200.0000000000,10800.0000000000,6000.0000000000
2025-11-15,saa,两阶段SAA（主方案）,19602.0846923268,988.5684506952,20590.6531430220,36942.7230078307,253.3462309524,5432.0285238095,18695.5463068783,15143.3925085714,20,11,1,20471.1894338758,1200.0000000000,10800.0000000000,6000.0000000000
2025-11-15,oracle,完美信息Oracle,18160.6805035222,0.0000000000,18160.6805035222,34595.1116635802,0.0000000000,2972.6799366255,17950.2358436214,14539.6910333333,0,0,0,18160.6805035222,1200.0000000000,10800.0000000000,6000.0000000000
2025-11-16,static,静态典型日,35126.9485892896,83079.3709027083,118206.3194919980,59482.6989983539,19318.7055333333,426.1335833333,20740.6661316872,16799.9395666667,112,11,1,35126.9485892896,1200.0000000000,10800.0000000000,6000.0000000000
2025-11-16,point,点预测,47714.2402154500,12911.3174426201,60625.5576580701,76842.4768553786,3257.5185930952,1220.4853273810,23394.5565145238,18949.5907767643,90,22,1,47714.2402154500,1200.0000000000,10800.0000000000,6000.0000000000
2025-11-16,q80,加权Q80,51798.1803506173,3238.5753398277,55036.7556904450,82455.6990532055,833.5322990476,4373.3339126190,23586.0687173721,19104.7156610714,35,16,1,51798.1803506173,1200.0000000000,10800.0000000000,6000.0000000000
2025-11-16,saa,两阶段SAA（主方案）,51963.4495042537,3114.5609155073,55078.0104197609,82652.6011773427,809.5417611905,4534.7619414286,23646.5084935332,19153.6718797619,35,16,1,53703.1183341006,1200.0000000000,10800.0000000000,6000.0000000000
2025-11-16,oracle,完美信息Oracle,49375.1567896597,0.0000000000,49375.1567896597,78887.5491766667,0.0000000000,0.0000000000,23436.8673333333,18983.8625400000,0,0,0,49375.1567896597,1200.0000000000,10800.0000000000,6000.0000000000
2025-11-17,static,静态典型日,35126.9485892896,76719.3759052667,111846.3244945563,59482.6989983539,17718.6154166667,564.8335166667,20740.6661316872,16799.9395666667,115,9,1,35126.9485892896,1200.0000000000,10800.0000000000,6000.0000000000
2025-11-17,point,点预测,48176.6722156640,6323.7437100242,54500.4159256883,77468.7902815214,1598.2716890476,1943.7172673810,23303.1072097619,18875.5168399071,70,20,1,48176.6722156640,1200.0000000000,10800.0000000000,6000.0000000000
2025-11-17,q80,加权Q80,52391.6206901465,880.9535438579,53272.5742340044,83267.7472246502,247.2379078571,6334.7833945238,23602.3547613169,19117.9073566667,19,12,1,52391.6206901465,1200.0000000000,10800.0000000000,6000.0000000000
2025-11-17,saa,两阶段SAA（主方案）,52542.2976394355,736.3863318155,53278.6839712510,83472.8095543739,222.7800935714,6478.8963619048,23794.4155405644,19273.4765878571,18,12,1,54281.3752804250,1200.0000000000,10800.0000000000,6000.0000000000
2025-11-17,oracle,完美信息Oracle,48023.6288190441,0.0000000000,48023.6288190441,77127.0083446667,0.0000000000,0.0000000000,23322.3895333333,18891.1355220000,0,0,0,48023.6288190441,1200.0000000000,10800.0000000000,6000.0000000000
2025-11-18,static,静态典型日,35126.9485892896,82847.0439488500,117973.9925381396,59482.6989983539,19747.8153166667,399.2359166667,20740.6661316872,16799.9395666667,117,12,1,35126.9485892896,1200.0000000000,10800.0000000000,6000.0000000000
2025-11-18,point,点预测,47956.6607734888,11220.2044505409,59176.8652240297,77100.0045022476,3301.9726059524,1076.7477333333,23340.4081133333,18905.7305718000,82,20,1,47956.6607734888,1200.0000000000,10800.0000000000,6000.0000000000
2025-11-18,q80,加权Q80,52142.2181759886,1918.4377610129,54060.6559370015,82855.1343754762,622.4739611905,4107.1299721429,23578.5606904762,19098.6341592857,34,18,1,52142.2181759886,1200.0000000000,10800.0000000000,6000.0000000000
2025-11-18,saa,两阶段SAA（主方案）,52272.8016158234,1876.9800496545,54149.7816654779,83013.3013839241,614.8712266667,4238.8081790476,23677.9610432099,19179.1484450000,33,18,1,53970.6378058702,1200.0000000000,10800.0000000000,6000.0000000000
2025-11-18,oracle,完美信息Oracle,49324.5793367735,0.0000000000,49324.5793367735,79375.9207794238,0.0000000000,0.0000000000,23607.2049794239,19121.8360333333,0,0,0,49324.5793367735,1200.0000000000,10800.0000000000,6000.0000000000
2025-11-19,static,静态典型日,35126.9485892896,86333.2842751333,121460.2328644230,59482.6989983539,20080.0657500000,253.7265833333,20740.6661316872,16799.9395666667,121,11,1,35126.9485892896,1200.0000000000,10800.0000000000,6000.0000000000
2025-11-19,point,点预测,48240.0311597932,12048.7854262488,60288.8165860420,77510.9672118262,3002.5018726190,722.8187095238,23275.4672364286,18853.1284615071,97,18,1,48240.0311597932,1200.0000000000,10800.0000000000,6000.0000000000
2025-11-19,q80,加权Q80,52544.4517896708,1809.0224700875,54353.4742597583,83503.5417328189,479.7565592857,4087.1945523810,23830.4849459142,19302.6928061905,29,19,1,52544.4517896708,1200.0000000000,10800.0000000000,6000.0000000000
2025-11-19,saa,两阶段SAA（主方案）,52615.3788572038,1792.5651614101,54407.9440186139,83600.2980120664,476.6543333333,4162.8332592857,23925.3025584950,19379.4950723809,29,19,1,54246.4798997269,1200.0000000000,10800.0000000000,6000.0000000000
2025-11-19,oracle,完美信息Oracle,49989.4802904008,0.0000000000,49989.4802904008,79793.4336037202,0.0000000000,0.0000000000,23290.1158090535,18864.9938053333,0,0,0,49989.4802904008,1200.0000000000,10800.0000000000,6000.0000000000
2025-11-20,static,静态典型日,35126.9485892896,84183.2110032583,119310.1595925480,59482.6989983539,19821.0954333333,569.9918333333,20740.6661316872,16799.9395666667,121,11,1,35126.9485892896,1200.0000000000,10800.0000000000,6000.0000000000
2025-11-20,point,点预测,48578.3231992761,9429.9003724292,58008.2235717054,77952.0162617381,2410.2517685714,1149.9953707143,23258.9296119048,18839.7329856429,81,22,1,48578.3231992761,1200.0000000000,10800.0000000000,6000.0000000000
2025-11-20,q80,加权Q80,52741.2042567598,1640.1871702085,54381.3914269683,83758.4577831364,421.0084640476,4864.5133426190,23799.3519538507,19277.4750826191,33,18,1,52741.2042567598,1200.0000000000,10800.0000000000,6000.0000000000
2025-11-20,saa,两阶段SAA（主方案）,52831.2836390739,1586.8528177801,54418.1364568540,83870.3418789242,412.3961054762,4949.6577509524,23894.7589479718,19354.7547478571,31,17,1,54467.2891444968,1200.0000000000,10800.0000000000,6000.0000000000
2025-11-20,oracle,完美信息Oracle,49517.2154153991,0.0000000000,49517.2154153991,79302.9120624506,0.0000000000,0.0000000000,23735.9791006173,19226.1430715000,0,0,0,49517.2154153991,1200.0000000000,10800.0000000000,6000.0000000000
2025-11-21,static,静态典型日,35126.9485892896,486.3405397250,35613.2891290146,59482.6989983539,129.7555833333,26807.3439500000,20740.6661316872,16799.9395666667,4,1,1,35126.9485892896,1200.0000000000,10800.0000000000,6000.0000000000
2025-11-21,point,点预测,18275.9676292947,5934.3908064622,24210.3584357570,34579.3607713698,1878.0102454762,4196.8521337419,17874.3937707231,14478.2589542857,76,21,1,18275.9676292947,1200.0000000000,10800.0000000000,6000.0000000000
2025-11-21,q80,加权Q80,20033.4869575928,922.7287233426,20956.2156809355,37512.7821963080,323.9228690476,5410.8098780952,18744.7953715461,15183.2842509524,28,14,1,20033.4869575928,1200.0000000000,10800.0000000000,6000.0000000000
2025-11-21,saa,两阶段SAA（主方案）,20462.7583369847,848.0726347570,21310.8309717417,38451.4533663845,305.7616659524,6262.7014466667,19105.9448368607,15475.8153178571,26,13,1,21564.4547897221,1200.0000000000,10800.0000000000,6000.0000000000
2025-11-21,oracle,完美信息Oracle,18427.6166905931,0.0000000000,18427.6166905931,35052.2739337449,0.0000000000,2743.9835002058,18125.8229835391,14681.9166166667,0,0,0,18427.6166905931,1200.0000000000,10800.0000000000,6000.0000000000
2025-11-22,static,静态典型日,35126.9485892896,444.4301079000,35571.3786971896,59482.6989983539,116.8515666667,25438.9945166667,20740.6661316872,16799.9395666667,3,2,1,35126.9485892896,1200.0000000000,10800.0000000000,6000.0000000000
2025-11-22,point,点预测,18226.7920485051,6405.6299747909,24632.4220232960,34651.8731028601,1754.1329055585,2778.4721538095,17935.2861646090,14527.5817933333,85,21,1,18226.7920485051,1200.0000000000,10800.0000000000,6000.0000000000
2025-11-22,q80,加权Q80,20058.4052710716,868.8083716876,20927.2136427592,37788.9676005879,245.4348057143,4240.6714209524,18810.0079053498,15236.1064033333,26,16,1,20058.4052710716,1200.0000000000,10800.0000000000,6000.0000000000
2025-11-22,saa,两阶段SAA（主方案）,20515.0927156052,567.6813924885,21082.7741080937,38789.9430432393,186.0364976190,5120.2875392857,19136.1185170488,15500.2559988095,22,15,1,21595.4344223710,1200.0000000000,10800.0000000000,6000.0000000000
2025-11-22,oracle,完美信息Oracle,18769.6199431159,0.0000000000,18769.6199431159,35630.7503553498,0.0000000000,1914.7645833333,18400.8225720165,14904.6662833333,0,0,0,18769.6199431159,1200.0000000000,10800.0000000000,6000.0000000000
2025-11-23,static,静态典型日,35126.9485892896,86390.8745615250,121517.8231508146,59482.6989983539,20135.6149000000,445.4910500000,20740.6661316872,16799.9395666667,115,10,1,35126.9485892896,1200.0000000000,10800.0000000000,6000.0000000000
2025-11-23,point,点预测,49494.6518176253,10557.0296775710,60051.6814951963,79197.0396906748,2555.5097804762,2095.6384150000,23288.4988043034,18863.6840314857,68,18,1,49494.6518176253,1200.0000000000,10800.0000000000,6000.0000000000
2025-11-23,q80,加权Q80,53485.6509110568,2576.2037462907,56061.8546573475,84839.4481100323,610.1218485714,5610.3820002381,24247.8509212228,19640.7592461905,31,15,1,53485.6509110568,1200.0000000000,10800.0000000000,6000.0000000000
2025-11-23,saa,两阶段SAA（主方案）,53599.5233377320,2402.1323119160,56001.6556496480,84991.9250753322,578.8303014286,5703.4294335714,24395.9455781893,19760.7159183333,31,15,1,55213.8682076717,1200.0000000000,10800.0000000000,6000.0000000000
2025-11-23,oracle,完美信息Oracle,49932.4650885994,0.0000000000,49932.4650885994,79702.6990197531,0.0000000000,0.0000000000,23529.4880864198,19058.8853500000,0,0,0,49932.4650885994,1200.0000000000,10800.0000000000,6000.0000000000
2025-11-24,static,静态典型日,35126.9485892896,81046.5160681916,116173.4646574813,59482.6989983539,18909.6638333333,289.6925666667,20740.6661316872,16799.9395666667,122,10,1,35126.9485892896,1200.0000000000,10800.0000000000,6000.0000000000
2025-11-24,point,点预测,49394.1888212592,6487.6855790616,55881.8744003208,79149.6158831875,1601.2875538095,2164.4795916667,23286.7376070018,18862.2574616714,73,19,1,49394.1888212592,1200.0000000000,10800.0000000000,6000.0000000000
2025-11-24,q80,加权Q80,53504.1099198408,1263.3163682962,54767.4262881370,84949.4298952381,342.3169180952,6478.3056683333,24481.5655000000,19830.0680550000,28,14,1,53504.1099198408,1200.0000000000,10800.0000000000,6000.0000000000
2025-11-24,saa,两阶段SAA（主方案）,53604.3780753437,1263.0288229170,54867.4068982607,85068.5985364903,342.2743597619,6588.7544621429,24527.2354426808,19867.0607085714,28,14,1,55113.8360261109,1200.0000000000,10800.0000000000,6000.0000000000
2025-11-24,oracle,完美信息Oracle,49050.7707390819,0.0000000000,49050.7707390819,78643.1056700391,0.0000000000,0.0000000000,23585.0630002058,19103.9010301667,0,0,0,49050.7707390819,1200.0000000000,10800.0000000000,6000.0000000000
2025-11-25,static,静态典型日,35126.9485892896,88626.0074526917,123752.9560419813,59482.6989983539,20954.9366166667,328.2485833333,20740.6661316872,16799.9395666667,119,6,1,35126.9485892896,1200.0000000000,10800.0000000000,6000.0000000000
2025-11-25,point,点预测,49469.3154621385,9232.5230273520,58701.8384894905,79251.8804469995,2402.6607047619,1024.5546521429,23480.6633313257,19019.3372983738,84,20,1,49469.3154621385,1200.0000000000,10800.0000000000,6000.0000000000
2025-11-25,q80,加权Q80,53370.1827085690,1434.5737342704,54804.7564428394,84666.8054661817,401.2562928571,4271.0116264286,24359.9456102293,19731.5559442857,31,13,1,53370.1827085690,1200.0000000000,10800.0000000000,6000.0000000000
2025-11-25,saa,两阶段SAA（主方案）,53562.6120727616,1360.5291400735,54923.1412128351,84928.3619822810,387.1878357143,4469.2416538095,24619.1984079953,19941.5507104762,29,13,1,55127.5324190669,1200.0000000000,10800.0000000000,6000.0000000000
2025-11-25,oracle,完美信息Oracle,50384.3119203616,0.0000000000,50384.3119203616,80589.3283841667,0.0000000000,0.0000000000,23266.6732500000,18846.0053325000,0,0,0,50384.3119203616,1200.0000000000,10800.0000000000,6000.0000000000
2025-11-26,static,静态典型日,35126.9485892896,92209.0249983833,127335.9735876730,59482.6989983539,21854.1696166667,638.4751666667,20740.6661316872,16799.9395666667,106,9,1,35126.9485892896,1200.0000000000,10800.0000000000,6000.0000000000
2025-11-26,point,点预测,49693.9072092705,10738.8074268917,60432.7146361622,79517.9804410277,2837.6241440476,1157.9354376191,23368.4329690682,18928.4307049452,86,16,1,49693.9072092705,1200.0000000000,10800.0000000000,6000.0000000000
2025-11-26,q80,加权Q80,53590.0683869075,1386.2780376057,54976.3464245132,84974.4160668313,390.5532242857,3946.7330995238,24529.3121487360,19868.7428404762,25,15,1,53590.0683869075,1200.0000000000,10800.0000000000,6000.0000000000
2025-11-26,saa,两阶段SAA（主方案）,53728.0828302752,1206.3967735379,54934.4796038131,85135.3863045561,354.4457990476,4063.9807100000,24569.3921593180,19901.2076490476,23,14,1,55333.9987716012,1200.0000000000,10800.0000000000,6000.0000000000
2025-11-26,oracle,完美信息Oracle,50882.7849233977,0.0000000000,50882.7849233977,81234.7024450617,0.0000000000,0.0000000000,23563.3450617284,19086.3095000000,0,0,0,50882.7849233977,1200.0000000000,10800.0000000000,6000.0000000000
2025-11-27,static,静态典型日,35126.9485892896,88600.6285295750,123727.5771188646,59482.6989983539,20918.0932833333,679.1729833333,20740.6661316872,16799.9395666667,113,11,1,35126.9485892896,1200.0000000000,10800.0000000000,6000.0000000000
2025-11-27,point,点预测,49874.3133556985,7361.7154178644,57236.0287735629,79678.2779108878,1853.7957026190,1304.7301378572,23402.3723279806,18955.9215856643,74,24,1,49874.3133556985,1200.0000000000,10800.0000000000,6000.0000000000
2025-11-27,q80,加权Q80,53801.0674579933,1096.4903110315,54897.5577690249,85208.0905901117,275.7121952381,5032.9877640476,24578.5383577307,19908.6160697619,15,10,1,53801.0674579933,1200.0000000000,10800.0000000000,6000.0000000000
2025-11-27,saa,两阶段SAA（主方案）,53853.1384312750,1096.4903110315,54949.6287423066,85262.5597868489,275.7121952381,5084.9807000000,24591.5713092299,19919.1727604762,15,10,1,55468.6552315164,1200.0000000000,10800.0000000000,6000.0000000000
2025-11-27,oracle,完美信息Oracle,50313.4869218880,0.0000000000,50313.4869218880,80281.1820974732,0.0000000000,0.0000000000,23685.7334954733,19185.4441313333,0,0,0,50313.4869218880,1200.0000000000,10800.0000000000,6000.0000000000
2025-11-28,static,静态典型日,35126.9485892896,550.2997276167,35677.2483169063,59482.6989983539,148.3471833333,24769.0810666667,20740.6661316872,16799.9395666667,5,1,1,35126.9485892896,1200.0000000000,10800.0000000000,6000.0000000000
2025-11-28,point,点预测,18588.2875565450,7392.8586388797,25981.1461954248,35207.7595980600,1923.1448204762,2741.7641790476,18252.1141552028,14784.2124657143,73,19,1,18588.2875565450,1200.0000000000,10800.0000000000,6000.0000000000
2025-11-28,q80,加权Q80,20442.7999554222,1557.5713216577,22000.3712770799,38442.6251639918,367.4689276190,4240.6184397619,19201.2479044680,15553.0108026190,29,14,1,20442.7999554222,1200.0000000000,10800.0000000000,6000.0000000000
2025-11-28,saa,两阶段SAA（主方案）,20895.3302448503,1086.2514604795,21981.5817053299,39425.9404271928,279.8739535714,5077.0612738095,19513.2345102881,15805.7199533333,21,11,1,21900.8501504771,1200.0000000000,10800.0000000000,6000.0000000000
2025-11-28,oracle,完美信息Oracle,18905.0786651739,0.0000000000,18905.0786651739,35697.4203574074,0.0000000000,1225.4578666667,18688.0207407407,15137.2968000000,0,0,0,18905.0786651739,1200.0000000000,10800.0000000000,6000.0000000000
2025-11-29,static,静态典型日,35126.9485892896,1115.7251985167,36242.6737878063,59482.6989983539,357.4639333333,20969.9862666667,20740.6661316872,16799.9395666667,9,4,1,35126.9485892896,1200.0000000000,10800.0000000000,6000.0000000000
2025-11-29,point,点预测,18714.8818614907,17714.4444562237,36429.3263177144,35512.0167957025,5121.1474057143,2207.6845028571,18400.1557818930,14904.1261833333,79,18,1,18714.8818614907,1200.0000000000,10800.0000000000,6000.0000000000
2025-11-29,q80,加权Q80,20754.0197249016,7318.4278732500,28072.4475981516,39135.9200969694,2246.6574992857,2782.3305480952,19319.9839376837,15649.1869895238,50,15,1,20754.0197249016,1200.0000000000,10800.0000000000,6000.0000000000
2025-11-29,saa,两阶段SAA（主方案）,21154.3520510164,5556.9739345853,26711.3259856017,40026.2714355438,1859.8411085714,3233.7953273810,19594.0374564962,15871.1703397619,45,15,1,22157.7563450616,1200.0000000000,10800.0000000000,6000.0000000000
2025-11-29,oracle,完美信息Oracle,19983.5622806301,0.0000000000,19983.5622806301,38494.7663769547,0.0000000000,0.0000000000,18764.8225102881,15199.5062333333,0,0,0,19983.5622806301,1200.0000000000,10800.0000000000,6000.0000000000
2025-11-30,static,静态典型日,35126.9485892896,104344.9205145750,139471.8691038646,59482.6989983539,24998.1749333333,295.3192500000,20740.6661316872,16799.9395666667,113,11,1,35126.9485892896,1200.0000000000,10800.0000000000,6000.0000000000
2025-11-30,point,点预测,50918.4391755736,16505.3418177764,67423.7809933499,81186.5840124840,4356.4264095238,839.9534697619,23464.3622925220,19006.1334569429,100,17,1,50918.4391755736,1200.0000000000,10800.0000000000,6000.0000000000
2025-11-30,q80,加权Q80,54928.4860004224,2919.4665078270,57847.9525082494,86893.1878674662,767.1667183333,2710.2798702381,24764.4557836567,20059.2091847619,46,24,1,54928.4860004224,1200.0000000000,10800.0000000000,6000.0000000000
2025-11-30,saa,两阶段SAA（主方案）,54980.8743244238,2850.9662840527,57831.8406084765,86948.0310203645,755.7297511905,2751.6894407143,24774.9642851264,20067.7210709524,46,24,1,56642.1661342039,1200.0000000000,10800.0000000000,6000.0000000000
2025-11-30,oracle,完美信息Oracle,53394.0250900381,0.0000000000,53394.0250900381,84940.2971823045,0.0000000000,0.0000000000,24712.9950823045,20017.5260166667,0,0,0,53394.0250900381,1200.0000000000,10800.0000000000,6000.0000000000
2025-12-01,static,静态典型日,35126.9485892896,126885.6328437750,162012.5814330647,59482.6989983539,30903.0473666667,146.0920666667,20740.6661316872,16799.9395666667,136,6,1,35126.9485892896,1200.0000000000,10800.0000000000,6000.0000000000
2025-12-01,point,点预测,51223.0097378345,35740.0316871466,86963.0414249811,81743.1042243416,9319.1625357143,287.4732569048,23557.1882621987,19081.3224923810,123,12,1,51223.0097378345,1200.0000000000,10800.0000000000,6000.0000000000
2025-12-01,q80,加权Q80,55354.4622575337,18545.9439128448,73900.4061703784,87643.2517521429,4970.1889414286,1596.1796269048,24833.3333333333,20115.0000000000,86,10,1,55354.4622575337,1200.0000000000,10800.0000000000,6000.0000000000
2025-12-01,saa,两阶段SAA（主方案）,55452.2014908227,18140.6234779609,73592.8249687837,87747.7532214286,4892.6922857143,1623.1844404762,24833.3333333333,20115.0000000000,85,10,1,56985.4956816164,1200.0000000000,10800.0000000000,6000.0000000000
2025-12-01,oracle,完美信息Oracle,57813.3870901467,0.0000000000,57813.3870901467,91017.2610666667,0.0000000000,0.0000000000,24833.3333333333,20115.0000000000,0,0,0,57813.3870901467,1200.0000000000,10800.0000000000,6000.0000000000
2025-12-02,static,静态典型日,35126.9485892896,135846.5160229583,170973.4646122479,59482.6989983539,33212.8967666667,117.0592500000,20740.6661316872,16799.9395666667,134,5,1,35126.9485892896,1200.0000000000,10800.0000000000,6000.0000000000
2025-12-02,point,点预测,51673.5963927064,41933.1596684293,93606.7560611357,82368.7329715285,10942.9672630952,164.3471059524,23734.4377824809,19224.8946038095,133,6,1,51673.5963927064,1200.0000000000,10800.0000000000,6000.0000000000
2025-12-02,q80,加权Q80,56208.5021430964,20472.3943478867,76680.8964909830,88721.8137730952,5321.6940988095,687.3645885714,24833.3333333333,20115.0000000000,114,13,1,56208.5021430964,1200.0000000000,10800.0000000000,6000.0000000000
2025-12-02,saa,两阶段SAA（主方案）,56298.9187883868,19963.1640397676,76262.0828281544,88821.1439983333,5222.4592552381,687.4599702381,24833.3333333333,20115.0000000000,114,13,1,58534.9357115617,1200.0000000000,10800.0000000000,6000.0000000000
2025-12-02,oracle,完美信息Oracle,59596.6045344513,0.0000000000,59596.6045344513,93375.2143300412,0.0000000000,0.0000000000,24933.7072633745,20196.3028833333,0,0,0,59596.6045344513,1200.0000000000,10800.0000000000,6000.0000000000
2025-12-03,static,静态典型日,35126.9485892896,128333.3038430250,163460.2524323146,59482.6989983539,31825.9135000000,205.1373666667,20740.6661316872,16799.9395666667,129,5,1,35126.9485892896,1200.0000000000,10800.0000000000,6000.0000000000
2025-12-03,point,点预测,52268.6830570794,31418.4003638901,83687.0834209694,83183.8597563786,8872.7403880952,296.8554266667,24194.7165849500,19597.7204338095,127,9,1,52268.6830570794,1200.0000000000,10800.0000000000,6000.0000000000
2025-12-03,q80,加权Q80,57492.6757050404,10566.0239039749,68058.6996090152,90447.9643602645,3202.8308530952,1732.4414019048,25029.5012883598,20273.8960435714,88,15,1,57492.6757050404,1200.0000000000,10800.0000000000,6000.0000000000
2025-12-03,saa,两阶段SAA（主方案）,57567.6307540190,10318.1315507521,67885.7623047711,90525.0614274691,3155.7605578571,1760.9095288095,25037.7046834215,20280.5407935714,87,16,1,60409.2220550360,1200.0000000000,10800.0000000000,6000.0000000000
2025-12-03,oracle,完美信息Oracle,58021.4328021550,0.0000000000,58021.4328021550,91922.4186831276,0.0000000000,0.0000000000,25050.8953497942,20291.2252333333,0,0,0,58021.4328021550,1200.0000000000,10800.0000000000,6000.0000000000
2025-12-04,static,静态典型日,35126.9485892896,129630.2915662834,164757.2401555730,59482.6989983539,31596.1503333333,366.9140166667,20740.6661316872,16799.9395666667,133,6,1,35126.9485892896,1200.0000000000,10800.0000000000,6000.0000000000
2025-12-04,point,点预测,52560.3386474008,30771.6927244659,83332.0313718667,83465.9038055791,8200.2014366666,283.6248309524,24269.8508489124,19658.5791876191,123,11,1,52560.3386474008,1200.0000000000,10800.0000000000,6000.0000000000
2025-12-04,q80,加权Q80,58990.2204979578,8150.1599998276,67140.3804977854,92458.9148702528,2112.0388945238,3029.5479064286,25106.3005702528,20336.1034619048,73,16,1,58990.2204979578,1200.0000000000,10800.0000000000,6000.0000000000
2025-12-04,saa,两阶段SAA（主方案）,58997.8661980116,8150.1599998276,67148.0261978393,92468.1484898354,2112.0388945238,3037.2719995238,25114.2454465021,20342.5388116667,73,16,1,61174.6331805637,1200.0000000000,10800.0000000000,6000.0000000000
2025-12-04,oracle,完美信息Oracle,58265.2645335317,0.0000000000,58265.2645335317,91489.5420833333,0.0000000000,0.0000000000,24833.3333333333,20115.0000000000,0,0,0,58265.2645335317,1200.0000000000,10800.0000000000,6000.0000000000
2025-12-05,static,静态典型日,35126.9485892896,4944.6863605667,40071.6349498563,59482.6989983539,1202.3257000000,15432.6704500000,20740.6661316872,16799.9395666667,19,5,1,35126.9485892896,1200.0000000000,10800.0000000000,6000.0000000000
2025-12-05,point,点预测,19675.1213432825,30013.9966478867,49689.1179911693,37340.7859063845,7809.7215802381,263.8375769048,18816.0117178131,15240.9694914286,126,9,1,19675.1213432825,1200.0000000000,10800.0000000000,6000.0000000000
2025-12-05,q80,加权Q80,24735.7790097366,4898.5465323152,29634.3255420518,47345.9144696355,1235.5901711905,3244.3067226190,21187.2117624926,17161.6415276190,56,23,1,24735.7790097366,1200.0000000000,10800.0000000000,6000.0000000000
2025-12-05,saa,两阶段SAA（主方案）,25245.7532810799,3725.7957266896,28971.5490077695,48314.2045554644,998.6742657143,3929.6486764286,21429.4866390359,17357.8841776190,50,22,1,26688.4122174776,1200.0000000000,10800.0000000000,6000.0000000000
2025-12-05,oracle,完美信息Oracle,23470.1166390155,0.0000000000,23470.1166390155,45335.6539076132,0.0000000000,0.0000000000,21179.0853909465,17155.0591666667,0,0,0,23470.1166390155,1200.0000000000,10800.0000000000,6000.0000000000
2025-12-06,static,静态典型日,35126.9485892896,9292.8572482833,44419.8058375730,59482.6989983539,2501.9759500000,14379.3175666667,20740.6661316872,16799.9395666667,32,4,1,35126.9485892896,1200.0000000000,10800.0000000000,6000.0000000000
2025-12-06,point,点预测,19985.9278762174,33934.7801515058,53920.7080277232,38165.8585450823,9403.5680092857,302.1719714286,18961.1777172252,15358.5539509524,128,10,1,19985.9278762174,1200.0000000000,10800.0000000000,6000.0000000000
2025-12-06,q80,加权Q80,25200.3117351052,6735.6588438563,31935.9705789615,48359.2983138242,2005.7300833333,2627.2365440476,21437.6896654909,17364.5286290476,64,23,1,25200.3117351052,1200.0000000000,10800.0000000000,6000.0000000000
2025-12-06,saa,两阶段SAA（主方案）,25782.3941523772,5355.3132699400,31137.7074223172,49336.9115431158,1734.2301711905,3327.3233164286,21469.4083221634,17390.2207409524,53,20,1,27208.4971278126,1200.0000000000,10800.0000000000,6000.0000000000
2025-12-06,oracle,完美信息Oracle,24633.8117967972,0.0000000000,24633.8117967972,47688.5420518518,0.0000000000,0.0000000000,21178.4801851852,17154.5689500000,0,0,0,24633.8117967972,1200.0000000000,10800.0000000000,6000.0000000000
2025-12-07,static,静态典型日,35126.9485892896,131408.3202903417,166535.2688796313,59482.6989983539,32219.0902166667,108.3814000000,20740.6661316872,16799.9395666667,134,6,1,35126.9485892896,1200.0000000000,10800.0000000000,6000.0000000000
2025-12-07,point,点预测,53746.2601848775,26784.4308360671,80530.6910209446,85153.7481934568,7449.1438290476,236.4618804762,24809.2046948854,20095.4558028571,129,10,1,53746.2601848775,1200.0000000000,10800.0000000000,6000.0000000000
2025-12-07,q80,加权Q80,61143.4287652372,2705.7171572469,63849.1459224841,95426.5669283245,725.8258326190,3699.2400845238,25265.6390864197,20465.1676600000,47,23,1,61143.4287652372,1200.0000000000,10800.0000000000,6000.0000000000
2025-12-07,saa,两阶段SAA（主方案）,61181.0776141081,2694.4515617212,63875.5291758293,95473.0044943886,723.5731640476,3737.0879842857,25298.9917060553,20492.1832819048,46,22,1,63321.4517584792,1200.0000000000,10800.0000000000,6000.0000000000
2025-12-07,oracle,完美信息Oracle,58749.6281810304,0.0000000000,58749.6281810304,92423.8346537037,0.0000000000,0.0000000000,25111.3337037037,20340.1803000000,0,0,0,58749.6281810304,1200.0000000000,10800.0000000000,6000.0000000000
2025-12-08,static,静态典型日,35126.9485892896,131634.0023548750,166760.9509441646,59482.6989983539,32495.3903833333,190.1517000000,20740.6661316872,16799.9395666667,127,7,1,35126.9485892896,1200.0000000000,10800.0000000000,6000.0000000000
2025-12-08,point,点预测,55662.6537575790,17718.4800094759,73381.1337670549,88015.2747788095,5050.5563085714,500.2866373810,24833.3333333333,20115.0000000000,111,12,1,55662.6537575790,1200.0000000000,10800.0000000000,6000.0000000000
2025-12-08,q80,加权Q80,63063.3347427520,1040.4657134288,64103.8004561808,98247.2268220664,253.5749757143,5824.5111183333,25416.2082251617,20587.1286623810,15,11,1,63063.3347427520,1200.0000000000,10800.0000000000,6000.0000000000
2025-12-08,saa,两阶段SAA（主方案）,63122.5520317749,1040.4657134288,64163.0177452037,98307.6590570488,253.5749757143,5880.7166754762,25438.4538980012,20605.1476573810,15,11,1,65301.2184250585,1200.0000000000,10800.0000000000,6000.0000000000
2025-12-08,oracle,完美信息Oracle,58744.5330731849,0.0000000000,58744.5330731849,92623.6491162551,0.0000000000,0.0000000000,25139.1473662551,20362.7093666667,0,0,0,58744.5330731849,1200.0000000000,10800.0000000000,6000.0000000000
2025-12-09,static,静态典型日,35126.9485892896,132507.5758588500,167634.5244481397,59482.6989983539,32004.3281000000,157.8462666667,20740.6661316872,16799.9395666667,133,6,1,35126.9485892896,1200.0000000000,10800.0000000000,6000.0000000000
2025-12-09,point,点预测,55928.6978162258,17873.3280879243,73802.0259041501,88374.5963928572,4380.5302490476,648.3390419048,24833.3333333333,20115.0000000000,105,19,1,55928.6978162258,1200.0000000000,10800.0000000000,6000.0000000000
2025-12-09,q80,加权Q80,63313.8293668668,1172.6414727012,64486.4708395680,98609.9427719606,257.7953516667,6619.7366742857,25576.5641193416,20717.0169366667,21,12,1,63313.8293668668,1200.0000000000,10800.0000000000,6000.0000000000
2025-12-09,saa,两阶段SAA（主方案）,63325.0845992324,1172.6414727012,64497.7260719336,98620.8544231482,257.7953516667,6630.4323035714,25577.7010767196,20717.9378721429,21,12,1,65513.0046002475,1200.0000000000,10800.0000000000,6000.0000000000
2025-12-09,oracle,完美信息Oracle,58902.3099719371,0.0000000000,58902.3099719371,92205.6128707819,0.0000000000,0.0000000000,25353.4663374486,20536.3077333333,0,0,0,58902.3099719371,1200.0000000000,10800.0000000000,6000.0000000000
2025-12-10,static,静态典型日,35126.9485892896,133007.6743095833,168134.6228988729,59482.6989983539,32974.6204000000,128.9743666667,20740.6661316872,16799.9395666667,135,6,1,35126.9485892896,1200.0000000000,10800.0000000000,6000.0000000000
2025-12-10,point,点预测,55628.7454568650,18932.5171563160,74561.2626131810,88012.1899171429,5448.2888042857,354.5269214286,24833.3333333333,20115.0000000000,122,16,1,55628.7454568650,1200.0000000000,10800.0000000000,6000.0000000000
2025-12-10,q80,加权Q80,63022.3880622064,992.1861634086,64014.5742256149,98264.9400126396,286.1744190476,5289.2132078571,25654.1197745444,20779.8370173810,32,17,1,63022.3880622064,1200.0000000000,10800.0000000000,6000.0000000000
2025-12-10,saa,两阶段SAA（主方案）,63027.0739553230,987.6562114086,64014.7301667316,98268.5778459730,285.5024190476,5292.1790411905,25654.1197745444,20779.8370173810,31,16,1,65160.1846687913,1200.0000000000,10800.0000000000,6000.0000000000
2025-12-10,oracle,完美信息Oracle,58997.8544941699,0.0000000000,58997.8544941699,93163.1285820988,0.0000000000,0.0000000000,25134.2637654321,20358.7536500000,0,0,0,58997.8544941699,1200.0000000000,10800.0000000000,6000.0000000000
2025-12-11,static,静态典型日,35126.9485892896,125845.0954176500,160972.0440069396,59482.6989983539,30805.5163500000,386.2340833333,20740.6661316872,16799.9395666667,130,8,1,35126.9485892896,1200.0000000000,10800.0000000000,6000.0000000000
2025-12-11,point,点预测,56037.1228866729,12168.0758564851,68205.1987431580,88330.5821983333,3446.8828340476,1097.8769990476,24833.3333333333,20115.0000000000,96,18,1,56037.1228866729,1200.0000000000,10800.0000000000,6000.0000000000
2025-12-11,q80,加权Q80,63523.9046433467,728.3420222386,64252.2466655853,98709.3639241593,235.3981433333,8111.1625719048,25643.9199767784,20771.5751811905,11,7,1,63523.9046433467,1200.0000000000,10800.0000000000,6000.0000000000
2025-12-11,saa,两阶段SAA（主方案）,63528.3124005240,728.3420222386,64256.6544227626,98715.2144115197,235.3981433333,8115.9014666667,25649.7704641387,20776.3140759524,11,7,1,65511.1841728572,1200.0000000000,10800.0000000000,6000.0000000000
2025-12-11,oracle,完美信息Oracle,57491.3378333133,0.0000000000,57491.3378333133,90679.5880333333,0.0000000000,0.0000000000,24833.3333333333,20115.0000000000,0,0,0,57491.3378333133,1200.0000000000,10800.0000000000,6000.0000000000
2025-12-12,static,静态典型日,35126.9485892896,10165.2318445917,45292.1804338813,59482.6989983539,2975.8063833333,14803.3653333333,20740.6661316872,16799.9395666667,36,2,1,35126.9485892896,1200.0000000000,10800.0000000000,6000.0000000000
2025-12-12,point,点预测,21731.7054079255,22956.6110384927,44688.3164464182,41659.5997427219,6506.1941052381,660.8436916667,19950.1930155791,16159.6563426191,111,13,1,21731.7054079255,1200.0000000000,10800.0000000000,6000.0000000000
2025-12-12,q80,加权Q80,27425.4999610013,2152.2166514612,29577.7166124625,52125.1079799823,704.0602438095,5013.9600619048,21583.1298871252,17482.3352085714,29,9,1,27425.4999610013,1200.0000000000,10800.0000000000,6000.0000000000
2025-12-12,saa,两阶段SAA（主方案）,27701.0386477193,1947.7302896466,29648.7689373659,52537.1091783539,659.8980814286,5376.5370738095,21610.8247507349,17504.7680480952,29,9,1,29359.9367273841,1200.0000000000,10800.0000000000,6000.0000000000
2025-12-12,oracle,完美信息Oracle,24594.1565013438,0.0000000000,24594.1565013438,47708.3849485597,0.0000000000,0.0000000000,21020.9024485597,17026.9309833333,0,0,0,24594.1565013438,1200.0000000000,10800.0000000000,6000.0000000000
2025-12-13,static,静态典型日,35126.9485892896,10394.9085116083,45521.8571008980,59482.6989983539,2564.2960166667,14307.7350666667,20740.6661316872,16799.9395666667,41,4,1,35126.9485892896,1200.0000000000,10800.0000000000,6000.0000000000
2025-12-13,point,点预测,22031.5427162880,22767.9355113604,44799.4782276484,42433.9914775573,5709.0024942857,551.5769371429,19962.5455335097,16169.6618821429,108,14,1,22031.5427162880,1200.0000000000,10800.0000000000,6000.0000000000
2025-12-13,q80,加权Q80,27774.3751800164,1237.5392102515,29011.9143902680,52925.3530536243,257.3788759524,5285.8967040476,21570.0096957672,17471.7078535714,20,12,1,27774.3751800164,1200.0000000000,10800.0000000000,6000.0000000000
2025-12-13,saa,两阶段SAA（主方案）,28134.2817441251,839.6131144469,28973.8948585720,53461.1694066637,176.1737207143,5734.7119700000,21600.5146002352,17496.4168261905,14,10,1,29743.3934496641,1200.0000000000,10800.0000000000,6000.0000000000
2025-12-13,oracle,完美信息Oracle,24662.6394803642,0.0000000000,24662.6394803642,47858.4384374486,0.0000000000,0.0000000000,21367.9213374486,17308.0162833333,0,0,0,24662.6394803642,1200.0000000000,10800.0000000000,6000.0000000000
2025-12-14,static,静态典型日,35126.9485892896,135846.7037107833,170973.6523000730,59482.6989983539,33341.0723500000,104.3229833333,20740.6661316872,16799.9395666667,134,6,1,35126.9485892896,1200.0000000000,10800.0000000000,6000.0000000000
2025-12-14,point,点预测,56477.9629516956,17893.3277221041,74371.2906737997,89098.9977242857,4759.5387964286,361.4813873810,24833.3333333333,20115.0000000000,119,14,1,56477.9629516956,1200.0000000000,10800.0000000000,6000.0000000000
2025-12-14,q80,加权Q80,63800.6983383215,993.5773868718,64794.2757251933,99329.3678396090,232.6528380952,5912.7030823810,25634.7147122281,20764.1189169048,10,6,1,63800.6983383215,1200.0000000000,10800.0000000000,6000.0000000000
2025-12-14,saa,两阶段SAA（主方案）,63854.4817124533,993.5773868718,64848.0590993251,99384.2625356055,232.6528380952,5964.5741145238,25650.6287325103,20777.0092733333,10,6,1,65874.2045129538,1200.0000000000,10800.0000000000,6000.0000000000
2025-12-14,oracle,完美信息Oracle,59599.0935682883,0.0000000000,59599.0935682883,93556.9920993827,0.0000000000,0.0000000000,25148.7910493827,20370.5207500000,0,0,0,59599.0935682883,1200.0000000000,10800.0000000000,6000.0000000000
2025-12-15,static,静态典型日,35126.9485892896,137533.7262288000,172660.6748180896,59482.6989983539,34092.6572166667,165.0716833333,20740.6661316872,16799.9395666667,134,4,1,35126.9485892896,1200.0000000000,10800.0000000000,6000.0000000000
2025-12-15,point,点预测,57832.0238757293,12856.6208941702,70688.6447698995,91212.3101703674,3576.2651335714,577.5408061905,24955.1396372722,20213.6631061905,99,16,1,57832.0238757293,1200.0000000000,10800.0000000000,6000.0000000000
2025-12-15,q80,加权Q80,65106.7457459744,500.2064566346,65606.9522026091,101292.8820849441,154.5620073810,7106.2735450000,25640.0662139918,20768.4536333333,10,5,1,65106.7457459744,1200.0000000000,10800.0000000000,6000.0000000000
2025-12-15,saa,两阶段SAA（主方案）,65121.4027696962,500.2064566346,65621.6092263309,101309.4376363845,154.5620073810,7120.4596283333,25652.5370987654,20778.5550500000,10,5,1,67204.8396043395,1200.0000000000,10800.0000000000,6000.0000000000
2025-12-15,oracle,完美信息Oracle,59903.3600478308,0.0000000000,59903.3600478308,94215.9631744856,0.0000000000,0.0000000000,24981.0800411523,20234.6748333333,0,0,0,59903.3600478308,1200.0000000000,10800.0000000000,6000.0000000000
2025-12-16,static,静态典型日,35126.9485892896,137786.4972636917,172913.4458529813,59482.6989983539,34003.3974333333,127.2785333333,20740.6661316872,16799.9395666667,134,6,1,35126.9485892896,1200.0000000000,10800.0000000000,6000.0000000000
2025-12-16,point,点预测,58246.8589073546,12333.0928693364,70579.9517766910,91617.2118788125,3371.9761683333,810.7395750000,25054.5112569077,20294.1541180952,101,23,1,58246.8589073546,1200.0000000000,10800.0000000000,6000.0000000000
2025-12-16,q80,加权Q80,65414.7890494958,105.9715406886,65520.7605901844,101539.1496950000,46.2527764286,7290.6444714286,25666.6666666667,20790.0000000000,7,6,1,65414.7890494958,1200.0000000000,10800.0000000000,6000.0000000000
2025-12-16,saa,两阶段SAA（主方案）,65443.3728873629,105.9715406886,65549.3444280515,101563.9714042857,46.2527764286,7315.4661807143,25666.6666666667,20790.0000000000,7,6,1,67537.3256491875,1200.0000000000,10800.0000000000,6000.0000000000
2025-12-16,oracle,完美信息Oracle,59971.1478051900,0.0000000000,59971.1478051900,94136.4246666667,0.0000000000,0.0000000000,24833.3333333333,20115.0000000000,0,0,0,59971.1478051900,1200.0000000000,10800.0000000000,6000.0000000000
2025-12-17,static,静态典型日,35126.9485892896,132508.5845748667,167635.5331641563,59482.6989983539,32822.8598500000,172.9852166667,20740.6661316872,16799.9395666667,126,6,1,35126.9485892896,1200.0000000000,10800.0000000000,6000.0000000000
2025-12-17,point,点预测,58018.3990263256,8072.9358179190,66091.3348442446,91572.9784489095,2227.5517988095,870.0633176191,24940.1045443857,20201.4846809524,89,21,1,58018.3990263256,1200.0000000000,10800.0000000000,6000.0000000000
2025-12-17,q80,加权Q80,65101.3225806351,682.1245994330,65783.4471800681,101415.3769247707,127.9872033333,8485.0291997619,25613.0940088183,20746.6061471429,10,8,1,65101.3225806351,1200.0000000000,10800.0000000000,6000.0000000000
2025-12-17,saa,两阶段SAA（主方案）,65162.1230644550,682.1245994330,65844.2476638879,101480.3712375338,127.9872033333,8547.7554611905,25625.0311211052,20756.2752080952,10,8,1,67202.7564065043,1200.0000000000,10800.0000000000,6000.0000000000
2025-12-17,oracle,完美信息Oracle,58886.5082559638,0.0000000000,58886.5082559638,92921.9699547325,0.0000000000,0.0000000000,24895.3836213992,20165.2607333333,0,0,0,58886.5082559638,1200.0000000000,10800.0000000000,6000.0000000000
2025-12-18,static,静态典型日,35126.9485892896,132306.9722707834,167433.9208600730,59482.6989983539,32164.2743666667,339.9798333333,20740.6661316872,16799.9395666667,131,7,1,35126.9485892896,1200.0000000000,10800.0000000000,6000.0000000000
2025-12-18,point,点预测,58092.1657846971,9427.3537597996,67519.5195444967,91363.0526058642,2561.0830607143,1835.2921857143,24855.6658641975,20133.0893500000,87,17,1,58092.1657846971,1200.0000000000,10800.0000000000,6000.0000000000
2025-12-18,q80,加权Q80,64977.7734119161,359.5957179350,65337.3691298511,100964.8155353116,125.8751883333,8876.8355645238,25513.6220655497,20666.0338730952,13,8,1,64977.7734119161,1200.0000000000,10800.0000000000,6000.0000000000
2025-12-18,saa,两阶段SAA（主方案）,65039.2267396926,304.1550667767,65343.3818064693,101029.1153290829,117.6556700000,8928.3198723810,25537.8113686067,20685.6272085714,13,8,1,67221.4761341300,1200.0000000000,10800.0000000000,6000.0000000000
2025-12-18,oracle,完美信息Oracle,58784.7914652944,0.0000000000,58784.7914652944,92109.2257777778,0.0000000000,0.0000000000,24962.9411111111,20219.9823000000,0,0,0,58784.7914652944,1200.0000000000,10800.0000000000,6000.0000000000
2025-12-19,static,静态典型日,35126.9485892896,6925.6131094750,42052.5616987646,59482.6989983539,1909.4414166667,14543.0225500000,20740.6661316872,16799.9395666667,30,7,1,35126.9485892896,1200.0000000000,10800.0000000000,6000.0000000000
2025-12-19,point,点预测,23366.5830516086,11407.4089319086,34773.9919835172,45078.9557137331,2915.0891961905,1205.0801088095,20424.0710584950,16543.4975573810,97,21,1,23366.5830516086,1200.0000000000,10800.0000000000,6000.0000000000
2025-12-19,q80,加权Q80,28888.8201642560,845.8148593652,29734.6350236212,54668.9238537507,173.4982226190,7836.9006145238,21563.8429570841,17466.7127952381,17,13,1,28888.8201642560,1200.0000000000,10800.0000000000,6000.0000000000
2025-12-19,saa,两阶段SAA（主方案）,29232.5222119778,724.6495641705,29957.1717761483,55119.1305886625,154.6990850000,8264.2954330952,21584.9628450911,17483.8199045238,13,10,1,31041.7519725232,1200.0000000000,10800.0000000000,6000.0000000000
2025-12-19,oracle,完美信息Oracle,24409.0519677334,0.0000000000,24409.0519677334,46936.1307106996,0.0000000000,0.0000000000,21198.6284773663,17170.8890666667,0,0,0,24409.0519677334,1200.0000000000,10800.0000000000,6000.0000000000
2025-12-20,static,静态典型日,35126.9485892896,6778.0631509833,41905.0117402730,59482.6989983539,1623.0810500000,14308.7012333333,20740.6661316872,16799.9395666667,29,6,1,35126.9485892896,1200.0000000000,10800.0000000000,6000.0000000000
2025-12-20,point,点预测,23422.9882424712,10259.7098926078,33682.6981350790,45282.4348011493,2578.7720183333,1106.1398661905,20519.5510699588,16620.8363666667,99,15,1,23422.9882424712,1200.0000000000,10800.0000000000,6000.0000000000
2025-12-20,q80,加权Q80,28912.9908680860,281.0710484580,29194.0619165440,54774.1765757319,60.8516995238,7874.8167350000,21599.2594223986,17495.4001321429,9,6,1,28912.9908680860,1200.0000000000,10800.0000000000,6000.0000000000
2025-12-20,saa,两阶段SAA（主方案）,29271.0692054270,227.5590558213,29498.6282612483,55257.4287909906,52.9159195238,8341.8589483333,21642.8079588477,17530.6744466667,9,6,1,31053.1467850273,1200.0000000000,10800.0000000000,6000.0000000000
2025-12-20,oracle,完美信息Oracle,24287.3153723091,0.0000000000,24287.3153723091,46925.2906117284,0.0000000000,0.0000000000,21415.4650617284,17346.5267000000,0,0,0,24287.3153723091,1200.0000000000,10800.0000000000,6000.0000000000
2025-12-21,static,静态典型日,35126.9485892896,136776.7758355000,171903.7244247896,59482.6989983539,33779.8509666667,284.0415333333,20740.6661316872,16799.9395666667,130,6,1,35126.9485892896,1200.0000000000,10800.0000000000,6000.0000000000
2025-12-21,point,点预测,58334.3292890533,10861.1327883518,69195.4620774051,91666.7695266461,3158.6374597619,1040.2669861905,24986.0954397413,20238.7373061905,89,24,1,58334.3292890533,1200.0000000000,10800.0000000000,6000.0000000000
2025-12-21,q80,加权Q80,64876.1273514890,1009.8201593002,65885.9475107893,100761.4826977307,295.2195523810,7154.3621316667,25602.9381672546,20738.3799154762,14,6,1,64876.1273514890,1200.0000000000,10800.0000000000,6000.0000000000
2025-12-21,saa,两阶段SAA（主方案）,64919.9476733637,1009.8201593002,65929.7678326639,100803.8663121811,295.2195523810,7195.7516830952,25608.1700778954,20742.6177630952,14,6,1,67089.7716805171,1200.0000000000,10800.0000000000,6000.0000000000
2025-12-21,oracle,完美信息Oracle,59672.5467803706,0.0000000000,59672.5467803706,93770.2149397119,0.0000000000,0.0000000000,24907.5424897119,20175.1094166667,0,0,0,59672.5467803706,1200.0000000000,10800.0000000000,6000.0000000000
2025-12-22,static,静态典型日,35126.9485892896,136409.7557355333,171536.7043248229,59482.6989983539,33556.4758166667,161.0211666667,20740.6661316872,16799.9395666667,134,3,1,35126.9485892896,1200.0000000000,10800.0000000000,6000.0000000000
2025-12-22,point,点预测,59067.0773937718,7232.4916200695,66299.5690138412,92907.8031908289,1814.3896092857,1045.9945004762,24940.9011384480,20202.1299221429,87,25,1,59067.0773937718,1200.0000000000,10800.0000000000,6000.0000000000
2025-12-22,q80,加权Q80,65432.2990615244,523.5779370943,65955.8769986187,101749.1739142710,101.0956723810,8062.8322890476,25526.3695487948,20676.3593345238,13,7,1,65432.2990615244,1200.0000000000,10800.0000000000,6000.0000000000
2025-12-22,saa,两阶段SAA（主方案）,65444.4980455193,523.5779370943,65968.0759826136,101762.3211347208,101.0956723810,8075.4937026191,25528.9264271017,20678.4304059524,13,7,1,67742.2820783585,1200.0000000000,10800.0000000000,6000.0000000000
2025-12-22,oracle,完美信息Oracle,59690.5456802451,0.0000000000,59690.5456802451,93717.1575014403,0.0000000000,0.0000000000,25156.4758847737,20376.7454666667,0,0,0,59690.5456802451,1200.0000000000,10800.0000000000,6000.0000000000
2025-12-23,static,静态典型日,35126.9485892896,130035.9443913916,165162.8929806813,59482.6989983539,31856.6437833333,140.5236833333,20740.6661316872,16799.9395666667,130,6,1,35126.9485892896,1200.0000000000,10800.0000000000,6000.0000000000
2025-12-23,point,点预测,59266.8743737220,3137.2898920809,62404.1642658029,93010.9803725191,915.6694723809,1906.0597352381,25065.7767175191,20303.2791411905,59,22,1,59266.8743737220,1200.0000000000,10800.0000000000,6000.0000000000
2025-12-23,q80,加权Q80,65238.1601698559,171.9054536699,65410.0656235258,101326.5726809641,34.9582595238,9237.1591845238,25611.9959085832,20745.7166859524,8,5,1,65238.1601698559,1200.0000000000,10800.0000000000,6000.0000000000
2025-12-23,saa,两阶段SAA（主方案）,65249.1741633666,171.5972633782,65420.7714267448,101335.1232542975,34.9125678571,9245.6640661905,25611.9959085832,20745.7166859524,7,4,1,67596.0577459078,1200.0000000000,10800.0000000000,6000.0000000000
2025-12-23,oracle,完美信息Oracle,58408.9996596894,0.0000000000,58408.9996596894,92029.1718604938,0.0000000000,0.0000000000,25110.9438271605,20339.8645000000,0,0,0,58408.9996596894,1200.0000000000,10800.0000000000,6000.0000000000
2025-12-24,static,静态典型日,35126.9485892896,133328.9048122833,168455.8534015730,59482.6989983539,32456.6238166667,144.0369333333,20740.6661316872,16799.9395666667,135,6,1,35126.9485892896,1200.0000000000,10800.0000000000,6000.0000000000
2025-12-24,point,点预测,58715.6813526123,7412.7810653600,66128.4624179723,92484.1157739536,1753.4624388095,1615.3628442857,25092.9265884774,20325.2705366667,81,19,1,58715.6813526123,1200.0000000000,10800.0000000000,6000.0000000000
2025-12-24,q80,加权Q80,64182.6253298712,726.9389329698,64909.5642628410,100103.6307410376,145.5393976190,7530.0514623810,25602.9439979424,20738.3846383333,16,10,1,64182.6253298712,1200.0000000000,10800.0000000000,6000.0000000000
2025-12-24,saa,两阶段SAA（主方案）,64189.3311744636,719.4068993781,64908.7380738416,100109.3753550852,144.4246142857,7534.6812930952,25602.9439979424,20738.3846383333,15,10,1,66519.0394789920,1200.0000000000,10800.0000000000,6000.0000000000
2025-12-24,oracle,完美信息Oracle,59107.3642505773,0.0000000000,59107.3642505773,92625.1634561728,0.0000000000,0.0000000000,25108.4428395062,20337.8387000000,0,0,0,59107.3642505773,1200.0000000000,10800.0000000000,6000.0000000000
2025-12-25,static,静态典型日,35126.9485892896,132421.1480547750,167548.0966440646,59482.6989983539,32726.5539500000,456.0778500000,20740.6661316872,16799.9395666667,129,5,1,35126.9485892896,1200.0000000000,10800.0000000000,6000.0000000000
2025-12-25,point,点预测,58831.7942779484,6311.8235206892,65143.6177986376,92367.2505427719,1925.6436092857,1710.7065228572,25103.8899782481,20334.1508823810,68,25,1,58831.7942779484,1200.0000000000,10800.0000000000,6000.0000000000
2025-12-25,q80,加权Q80,64022.7424940741,972.3743503386,64995.1168444126,99560.4416452498,307.7216164286,7197.7650152381,25568.1563847737,20710.2066716667,18,9,1,64022.7424940741,1200.0000000000,10800.0000000000,6000.0000000000
2025-12-25,saa,两阶段SAA（主方案）,64047.3764144416,956.2123635552,65003.5887779969,99591.3226520458,305.3254730952,7220.9140283333,25596.2398077601,20732.9542442857,18,9,1,66288.1014987401,1200.0000000000,10800.0000000000,6000.0000000000
2025-12-25,oracle,完美信息Oracle,58812.1150470054,0.0000000000,58812.1150470054,92538.8611045267,0.0000000000,0.0000000000,24875.8556378601,20149.4430666667,0,0,0,58812.1150470054,1200.0000000000,10800.0000000000,6000.0000000000
2025-12-26,static,静态典型日,35126.9485892896,8896.4159736833,44023.3645629730,59482.6989983539,2329.9308166667,14864.2808166667,20740.6661316872,16799.9395666667,36,3,1,35126.9485892896,1200.0000000000,10800.0000000000,6000.0000000000
2025-12-26,point,点预测,23923.8266348697,8320.5435760036,32244.3702108733,46093.4736580688,2217.1614661905,1329.6721990476,20912.3183783069,16938.9778864286,88,21,1,23923.8266348697,1200.0000000000,10800.0000000000,6000.0000000000
2025-12-26,q80,加权Q80,27949.6988258358,704.6158750423,28654.3147008781,53043.5148797207,183.8343859524,6128.0194480952,21535.3020223398,17443.5946380952,14,8,1,27949.6988258358,1200.0000000000,10800.0000000000,6000.0000000000
2025-12-26,saa,两阶段SAA（主方案）,28240.8057428486,566.8909655126,28807.6967083612,53499.0984066578,157.5605283333,6549.1973676190,21578.1007054674,17478.2615714286,14,8,1,30014.3276173346,1200.0000000000,10800.0000000000,6000.0000000000
2025-12-26,oracle,完美信息Oracle,24312.4217994707,0.0000000000,24312.4217994707,47107.0017506173,0.0000000000,0.0000000000,21575.6806172839,17476.3013000000,0,0,0,24312.4217994707,1200.0000000000,10800.0000000000,6000.0000000000
2025-12-27,static,静态典型日,35126.9485892896,9841.7812870667,44968.7298763563,59482.6989983539,2523.8775666667,14727.0409333333,20740.6661316872,16799.9395666667,38,3,1,35126.9485892896,1200.0000000000,10800.0000000000,6000.0000000000
2025-12-27,point,点预测,23970.1781477538,9169.2760263331,33139.4541740868,46361.1210103616,2319.0424980952,1356.5697780952,20972.5508615520,16987.7661978571,79,19,1,23970.1781477538,1200.0000000000,10800.0000000000,6000.0000000000
2025-12-27,q80,加权Q80,27840.5245723031,888.6253481496,28729.1499204527,53035.4216289153,195.6390869048,5792.3181900000,21578.5971534392,17478.6636942857,14,9,1,27840.5245723031,1200.0000000000,10800.0000000000,6000.0000000000
2025-12-27,saa,两阶段SAA（主方案）,28136.6927247084,674.4885898535,28811.1813145618,53464.2827074985,152.8694011905,6168.7752069048,21629.3043953557,17519.7365602381,13,8,1,29779.3598151054,1200.0000000000,10800.0000000000,6000.0000000000
2025-12-27,oracle,完美信息Oracle,24497.3430804481,0.0000000000,24497.3430804481,47342.3987072016,0.0000000000,0.0000000000,21071.5244238683,17067.9347833333,0,0,0,24497.3430804481,1200.0000000000,10800.0000000000,6000.0000000000
2025-12-28,static,静态典型日,35126.9485892896,128194.7194733833,163321.6680626730,59482.6989983539,31568.3039833333,301.0216666667,20740.6661316872,16799.9395666667,125,6,1,35126.9485892896,1200.0000000000,10800.0000000000,6000.0000000000
2025-12-28,point,点预测,59224.5002253506,4992.9547593807,64217.4549847313,92947.2951797825,1397.1603423809,2762.7010059524,25118.4198221634,20345.9200559524,62,18,1,59224.5002253506,1200.0000000000,10800.0000000000,6000.0000000000
2025-12-28,q80,加权Q80,63626.8835439080,697.6003674111,64324.4839113191,99032.0173771223,146.5261066667,7520.2569271429,25521.2200349794,20672.1882283333,13,8,1,63626.8835439080,1200.0000000000,10800.0000000000,6000.0000000000
2025-12-28,saa,两阶段SAA（主方案）,63664.9732105391,697.6003674111,64362.5735779502,99068.7774125544,146.5261066667,7555.1173735714,25531.2178718401,20680.2864761905,13,8,1,65567.5124774502,1200.0000000000,10800.0000000000,6000.0000000000
2025-12-28,oracle,完美信息Oracle,58026.6971331452,0.0000000000,58026.6971331452,91472.0119065843,0.0000000000,0.0000000000,24540.8271399177,19878.0699833333,0,0,0,58026.6971331452,1200.0000000000,10800.0000000000,6000.0000000000
2025-12-29,static,静态典型日,35126.9485892896,129214.5202544583,164341.4688437479,59482.6989983539,32078.8196000000,97.0257666667,20740.6661316872,16799.9395666667,136,7,1,35126.9485892896,1200.0000000000,10800.0000000000,6000.0000000000
2025-12-29,point,点预测,59456.3355315035,4323.9928808173,63780.3284123209,93413.5132375485,1263.7335311905,2388.4285028572,25079.2210485009,20314.1690492857,60,25,1,59456.3355315035,1200.0000000000,10800.0000000000,6000.0000000000
2025-12-29,q80,加权Q80,63633.8538529191,576.3416530213,64210.1955059404,99166.8112005556,143.3966983333,6947.6009376190,25467.5826031746,20628.7419085714,12,10,1,63633.8538529191,1200.0000000000,10800.0000000000,6000.0000000000
2025-12-29,saa,两阶段SAA（主方案）,63643.3237872707,576.3416530213,64219.6654402920,99176.5169618577,143.3966983333,6956.6301269048,25471.1435085244,20631.6262419048,12,10,1,65496.1645885540,1200.0000000000,10800.0000000000,6000.0000000000
2025-12-29,oracle,完美信息Oracle,58330.9671383657,0.0000000000,58330.9671383657,92277.4292399177,0.0000000000,0.0000000000,25019.2788065844,20265.6158333333,0,0,0,58330.9671383657,1200.0000000000,10800.0000000000,6000.0000000000
2025-12-30,static,静态典型日,35126.9485892896,126152.8359906666,161279.7845799563,59482.6989983539,30844.0045166667,161.5743500000,20740.6661316872,16799.9395666667,133,6,1,35126.9485892896,1200.0000000000,10800.0000000000,6000.0000000000
2025-12-30,point,点预测,59369.4398749794,3395.9075087303,62765.3473837097,93232.5722753968,887.5390873809,3123.9658247619,25114.4365158730,20342.6935778571,54,20,1,59369.4398749794,1200.0000000000,10800.0000000000,6000.0000000000
2025-12-30,q80,加权Q80,63404.4002719395,150.3081018419,63554.7083737814,98763.3219188977,34.3430709524,7740.2084964286,25437.1257548501,20604.0718614286,7,6,1,63404.4002719395,1200.0000000000,10800.0000000000,6000.0000000000
2025-12-30,saa,两阶段SAA（主方案）,63411.4286999551,150.3081018419,63561.7368017970,98769.8889367872,34.3430709524,7746.2671842857,25439.8011760729,20606.2389526190,7,6,1,65224.1291695305,1200.0000000000,10800.0000000000,6000.0000000000
2025-12-30,oracle,完美信息Oracle,57687.3626157548,0.0000000000,57687.3626157548,90890.8610582304,0.0000000000,0.0000000000,24560.3076748971,19893.8492166667,0,0,0,57687.3626157548,1200.0000000000,10800.0000000000,6000.0000000000
2025-12-31,static,静态典型日,35126.9485892896,135526.3419704917,170653.2905597813,59482.6989983539,33253.3472000000,148.8967000000,20740.6661316872,16799.9395666667,133,5,1,35126.9485892896,1200.0000000000,10800.0000000000,6000.0000000000
2025-12-31,point,点预测,59052.8224393886,8133.6149351246,67186.4373745132,92919.3423090535,2047.3419121428,1579.5451919048,24951.1373471487,20210.4212511905,78,23,1,59052.8224393886,1200.0000000000,10800.0000000000,6000.0000000000
2025-12-31,q80,加权Q80,62903.4595261146,1244.1134930323,64147.5730191469,98195.0969464609,320.7744461905,5068.1449230952,25270.0186116990,20468.7150754762,21,15,1,62903.4595261146,1200.0000000000,10800.0000000000,6000.0000000000
2025-12-31,saa,两阶段SAA（主方案）,62911.7171706396,1213.1284354489,64124.8456060885,98201.9673003322,316.1782795238,5070.2379652381,25270.9720067607,20469.4873254762,21,15,1,64675.5993487392,1200.0000000000,10800.0000000000,6000.0000000000
2025-12-31,oracle,完美信息Oracle,59536.7622801753,0.0000000000,59536.7622801753,93406.1183362140,0.0000000000,0.0000000000,25051.0284362140,20291.3330333333,0,0,0,59536.7622801753,1200.0000000000,10800.0000000000,6000.0000000000
