date,event_no,start_slot,end_slot,time_period,emergency_kwh,emergency_cost_yuan
2025-02-01,1,21,21,3:30-3:40,0.9438231481,2.0542310819
2025-02-01,2,86,86,14:20-14:30,14.8799629630,76.4160497963
2025-02-01,3,91,93,15:10-15:40,38.5400726190,141.4271885467
2025-02-01,4,127,127,21:10-21:20,15.7203469048,73.6576854223
2025-02-02,1,17,17,2:50-3:00,5.2613333333,11.4618146667
2025-02-02,2,110,110,18:20-18:30,14.0707037037,88.2584889815
2025-02-03,1,19,19,3:10-3:20,15.8261740741,34.5881034389
2025-02-03,2,63,63,10:30-10:40,17.1080154762,84.1628821351
2025-02-03,3,68,68,11:20-11:30,4.3290357143,10.4481276964
2025-02-03,4,75,75,12:30-12:40,9.7920580688,20.1373674185
2025-02-03,5,80,80,13:20-13:30,11.7105449735,50.4607382910
2025-02-03,6,99,100,16:30-16:50,4.4245881746,20.0964308025
2025-02-03,7,103,103,17:10-17:20,3.5045324074,17.0705773565
2025-02-03,8,110,110,18:20-18:30,7.3067592593,45.8316474537
2025-02-04,1,45,45,7:30-7:40,2.1186048413,7.3081274000
2025-02-04,2,56,57,9:20-9:40,68.5781052381,329.3952074790
2025-02-04,3,66,67,11:00-11:20,9.4184593122,22.7365224227
2025-02-04,4,78,83,13:00-14:00,223.9342592593,968.2874629700
2025-02-04,5,85,91,14:10-15:20,276.5710198413,1113.4525614854
2025-02-04,6,96,97,16:00-16:20,25.9468994444,108.5577243769
2025-02-04,7,119,119,19:50-20:00,4.5369047619,30.5832750000
2025-02-04,8,133,134,22:10-22:30,68.6047125926,146.9647954504
2025-02-05,1,0,1,0:00-0:20,31.7936150000,67.4883420814
2025-02-05,2,43,43,7:10-7:20,14.9360119048,59.5349434524
2025-02-05,3,56,58,9:20-9:50,49.5656124339,235.8437840561
2025-02-05,4,61,62,10:10-10:30,23.6637388095,113.3982558529
2025-02-05,5,65,65,10:50-11:00,13.9213214286,34.9773200893
2025-02-05,6,69,70,11:30-11:50,110.9118677778,262.0190515733
2025-02-05,7,108,109,18:00-18:20,29.5878990476,185.1538041986
2025-02-06,1,1,1,0:10-0:20,20.3648050000,43.2242986125
2025-02-06,2,22,22,3:40-3:50,2.8804433333,6.2793664667
2025-02-06,3,47,48,7:50-8:10,17.5137554762,102.2567930427
2025-02-06,4,73,73,12:10-12:20,4.5235333333,10.2933001000
2025-02-06,5,81,82,13:30-13:50,28.4927240741,123.5005364499
2025-02-06,6,88,88,14:40-14:50,9.6876228571,45.4155759543
2025-02-06,7,90,90,15:00-15:10,2.5798824603,8.5136121190
2025-02-06,8,113,114,18:50-19:10,18.2763307143,123.4269156246
2025-02-06,9,126,127,21:00-21:20,10.5058507937,49.2150958770
2025-02-06,10,138,138,23:00-23:10,1.2428833333,2.6398842000
2025-02-07,1,21,21,3:30-3:40,7.5547072222,16.4428202692
2025-02-07,2,50,50,8:20-8:30,17.5007195767,94.9326533439
2025-02-07,3,53,53,8:50-9:00,10.0661904762,52.1428666667
2025-02-07,4,111,112,18:30-18:50,10.8004154762,67.8207270714
2025-02-07,5,118,118,19:40-19:50,5.3927800000,36.3284624700
2025-02-07,6,123,125,20:30-21:00,30.0198128307,171.4039304444
2025-02-07,7,140,140,23:20-23:30,13.1920185185,27.8351590741
2025-02-08,1,2,2,0:20-0:30,2.5341666667,5.4091787500
2025-02-08,2,43,43,7:10-7:20,5.7549926190,22.9394005795
2025-02-08,3,83,83,13:50-14:00,7.7912023810,37.9976940119
2025-02-08,4,86,87,14:20-14:40,17.1799533333,90.3369807945
2025-02-08,5,96,97,16:00-16:20,12.3887292857,52.0581585477
2025-02-08,6,100,101,16:40-17:00,11.0731098148,50.7917700571
2025-02-08,7,104,104,17:20-17:30,4.5136481481,22.2567990185
2025-02-08,8,114,115,19:00-19:20,44.0984380159,297.3745756650
2025-02-08,9,123,123,20:30-20:40,23.7735700000,165.8444243200
2025-02-08,10,132,132,22:00-22:10,3.7910696296,7.3148688504
2025-02-09,1,9,9,1:30-1:40,1.6366620370,3.5286433519
2025-02-09,2,24,24,4:00-4:10,16.9648100000,37.3310644050
2025-02-09,3,28,28,4:40-4:50,11.2051988360,24.7746946263
2025-02-09,4,64,67,10:40-11:20,374.9291000794,1042.6636049920
2025-02-09,5,69,72,11:30-12:10,139.2584120635,318.9850552245
2025-02-09,6,76,79,12:40-13:20,106.8433901323,442.5854964281
2025-02-09,7,115,115,19:10-19:20,6.9186066667,46.5103333167
2025-02-09,8,125,125,20:50-21:00,14.3440925926,66.9295360370
2025-02-09,9,128,128,21:20-21:30,8.4840000000,39.7517820000
2025-02-09,10,141,141,23:30-23:40,0.2505050000,0.5310706000
2025-02-10,1,7,7,1:10-1:20,9.3582651852,20.1296284133
2025-02-10,2,28,28,4:40-4:50,11.4089957407,25.2252895828
2025-02-10,3,30,30,5:00-5:10,0.1145852381,0.2482489183
2025-02-10,4,35,35,5:50-6:00,0.8628333333,3.9254602500
2025-02-10,5,112,113,18:40-19:00,24.5616188095,164.5011096927
2025-02-10,6,124,124,20:40-20:50,8.9954666667,54.9892877333
2025-02-10,7,131,131,21:50-22:00,3.0011666667,6.3159552500
2025-02-10,8,137,137,22:50-23:00,4.2480000000,8.9993880000
2025-02-10,9,140,143,23:20-24:00,27.4117911111,57.9999351614
2025-02-11,1,3,3,0:30-0:40,1.5642316667,3.3411988400
2025-02-11,2,12,12,2:00-2:10,0.1848133333,0.3967018200
2025-02-11,3,28,29,4:40-5:00,3.5938016667,7.9170392350
2025-02-11,4,117,117,19:30-19:40,14.3550642593,96.8249084287
2025-02-11,5,121,122,20:10-20:30,21.2646566667,142.6255759074
2025-02-11,6,125,125,20:50-21:00,5.5449629630,25.8727971852
2025-02-11,7,128,128,21:20-21:30,22.0858333333,103.4831720833
2025-02-11,8,137,137,22:50-23:00,2.4540000000,5.1987990000
2025-02-11,9,141,141,23:30-23:40,0.0840300000,0.1781436000
2025-02-12,1,16,16,2:40-2:50,1.7182538889,3.7243153042
2025-02-12,2,27,28,4:30-4:50,8.1835651058,18.0919339233
2025-02-12,3,37,37,6:10-6:20,7.4853221429,32.7782256636
2025-02-12,4,41,41,6:50-7:00,24.7571904762,103.1632127143
2025-02-12,5,80,81,13:20-13:40,24.1817007143,104.2153580463
2025-02-12,6,85,85,14:10-14:20,12.5461904762,62.5929442857
2025-02-12,7,87,87,14:30-14:40,3.8469826984,20.9775966544
2025-02-12,8,93,94,15:30-15:50,87.3706952116,336.4180850741
2025-02-12,9,96,97,16:00-16:20,23.6825919048,100.2682879098
2025-02-12,10,109,110,18:10-18:30,35.4897188095,221.7567648444
2025-02-12,11,119,119,19:50-20:00,24.9847777778,168.4223870000
2025-02-12,12,124,124,20:40-20:50,0.1981766667,1.2114539633
2025-02-12,13,129,129,21:30-21:40,1.2921866667,6.3775872933
2025-02-12,14,139,140,23:10-23:30,21.4597933333,45.4753885333
2025-02-13,1,0,1,0:00-0:20,15.3977164815,32.6965573544
2025-02-13,2,3,3,0:30-0:40,5.3407616667,11.4078669200
2025-02-13,3,7,7,1:10-1:20,3.1867883333,6.8547817050
2025-02-13,4,12,12,2:00-2:10,4.4098333333,9.4657072500
2025-02-13,5,15,15,2:30-2:40,6.1500850000,13.3702847900
2025-02-13,6,19,19,3:10-3:20,21.3789809259,46.7237628136
2025-02-13,7,21,22,3:30-3:50,14.4098279630,31.4049845518
2025-02-13,8,29,30,4:50-5:10,36.2314397619,79.0410452442
2025-02-13,9,33,34,5:30-5:50,4.1577214286,10.7843275446
2025-02-13,10,115,115,19:10-19:20,13.3499028571,89.7447219571
2025-02-13,11,117,118,19:30-19:50,28.0169750000,188.8646887189
2025-02-13,12,126,126,21:00-21:10,2.7345068519,12.3982540663
2025-02-14,1,0,0,0:00-0:10,7.3993003704,15.7161139867
2025-02-14,2,4,4,0:40-0:50,2.1976650000,4.6931136075
2025-02-14,3,12,12,2:00-2:10,1.5367666667,3.2986696500
2025-02-14,4,15,15,2:30-2:40,0.0397600000,0.0864382400
2025-02-14,5,33,35,5:30-6:00,61.1376807143,179.2422649044
2025-02-14,6,63,70,10:30-11:50,444.4752012169,1249.4014074603
2025-02-14,7,74,75,12:20-12:40,16.3216871429,35.9723246093
2025-02-14,8,95,96,15:50-16:10,23.7320992857,97.5580898818
2025-02-14,9,102,103,17:00-17:20,48.1687188095,230.8149148879
2025-02-14,10,105,108,17:30-18:10,70.8467831481,380.4923204488
2025-02-14,11,139,139,23:10-23:20,11.7834820370,24.9809819185
2025-02-15,1,5,6,0:50-1:10,2.4307166667,5.2114467750
2025-02-15,2,12,13,2:00-2:20,24.0958116667,51.9444329758
2025-02-15,3,15,16,2:30-2:50,33.1965950000,72.0584390633
2025-02-15,4,22,22,3:40-3:50,3.9408766667,8.5911111333
2025-02-15,5,29,29,4:50-5:00,10.3036666667,22.6423075000
2025-02-15,6,31,32,5:10-5:30,37.4897957143,81.0077545879
2025-02-15,7,35,36,5:50-6:10,40.5253394709,187.0901831650
2025-02-15,8,67,68,11:10-11:30,69.9092395238,170.4474397193
2025-02-15,9,72,72,12:00-12:10,20.2848426190,44.7382203963
2025-02-15,10,90,90,15:00-15:10,13.0700590476,43.1311948571
2025-02-15,11,92,96,15:20-16:10,133.3809243915,520.9999622284
2025-02-15,12,100,102,16:40-17:10,21.9378145238,101.2472683840
2025-02-15,13,104,106,17:20-17:50,16.8961364286,85.6162039993
2025-02-15,14,108,108,18:00-18:10,8.7298919048,54.8280861079
2025-02-15,15,117,118,19:30-19:50,51.3263033333,345.9094596650
2025-02-15,16,126,127,21:00-21:20,51.9482966667,239.8946192217
2025-02-15,17,129,130,21:30-21:50,9.5590866667,44.7273777433
2025-02-15,18,134,135,22:20-22:40,74.7753900000,156.7882952700
2025-02-15,19,138,139,23:00-23:20,27.7564866667,58.9038559800
2025-02-16,1,0,0,0:00-0:10,0.8982516667,1.9078865400
2025-02-16,2,3,4,0:30-0:50,28.0599366667,59.9271691525
2025-02-16,3,9,10,1:30-1:50,18.7569470370,40.4430853744
2025-02-16,4,15,16,2:30-2:50,29.1157366667,63.1995393508
2025-02-16,5,21,21,3:30-3:40,3.4069333333,7.4151904000
2025-02-16,6,25,26,4:10-4:30,50.0418900000,109.4156130217
2025-02-16,7,29,29,4:50-5:00,14.6993333333,32.3017850000
2025-02-16,8,32,32,5:20-5:30,23.6323333333,50.8213328333
2025-02-16,9,35,36,5:50-6:10,14.5931752381,66.6467759819
2025-02-16,10,39,41,6:30-7:00,19.7569952381,83.8606194593
2025-02-16,11,49,50,8:10-8:30,38.0915721429,207.7050613533
2025-02-16,12,57,66,9:30-11:10,399.1533739683,1743.3561850103
2025-02-16,13,68,71,11:20-12:00,55.9574222487,128.0072823161
2025-02-16,14,75,76,12:30-12:50,48.9421709524,119.7371682286
2025-02-16,15,78,78,13:00-13:10,2.2988363228,9.9263752416
2025-02-16,16,82,82,13:40-13:50,9.0211769048,40.7125713712
2025-02-16,17,98,102,16:20-17:10,82.8378824339,380.4035408346
2025-02-16,18,105,106,17:30-17:50,41.9186269048,220.2192028271
2025-02-16,19,113,115,18:50-19:20,49.3423938095,332.7583783195
2025-02-16,20,119,120,19:50-20:10,35.3429900000,238.4688668517
2025-02-16,21,126,127,21:00-21:20,12.3946550000,58.0750322775
2025-02-16,22,129,130,21:30-21:50,33.6994766667,146.4415093258
2025-02-16,23,136,137,22:40-23:00,25.3892733333,53.8004997700
2025-02-16,24,141,141,23:30-23:40,24.8344133333,52.6489562667
2025-02-17,1,1,1,0:10-0:20,6.5900616667,13.9874058875
2025-02-17,2,4,6,0:40-1:10,23.1175300000,49.5332481483
2025-02-17,3,9,10,1:30-1:50,17.1947650000,37.1915480475
2025-02-17,4,12,13,2:00-2:20,41.4386333333,89.3835544142
2025-02-17,5,18,20,3:00-3:30,3.3288816667,7.2574326675
2025-02-17,6,40,40,6:40-6:50,4.7383942857,20.0007622800
2025-02-17,7,73,74,12:10-12:30,63.9181923810,144.2472108105
2025-02-17,8,101,102,16:50-17:10,22.7788845238,107.0929071464
2025-02-17,9,111,115,18:30-19:20,59.3496461905,389.4897446302
2025-02-17,10,120,121,20:00-20:20,36.3393450000,244.4457808217
2025-02-17,11,129,129,21:30-21:40,2.0026866667,9.8842600433
2025-02-17,12,133,134,22:10-22:30,13.4089533333,29.1492249133
2025-02-17,13,137,140,22:50-23:30,48.0412650000,101.7430733633
2025-02-18,1,5,5,0:50-1:00,6.7343333333,14.4283091667
2025-02-18,2,8,8,1:20-1:30,5.4528333333,11.6663369167
2025-02-18,3,11,11,1:50-2:00,4.7538333333,10.2468877500
2025-02-18,4,19,19,3:10-3:20,0.6892200000,1.5062903100
2025-02-18,5,22,24,3:40-4:10,72.2828766667,158.2821737442
2025-02-18,6,29,29,4:50-5:00,11.5991666667,25.4891687500
2025-02-18,7,34,35,5:40-6:00,6.7330390476,30.0576856086
2025-02-18,8,50,51,8:20-8:40,69.0270950000,368.5842615821
2025-02-18,9,76,77,12:40-13:00,97.8508402381,356.9811264498
2025-02-18,10,80,80,13:20-13:30,15.6741785714,67.5400354643
2025-02-18,11,82,84,13:40-14:10,69.0136880952,329.1437915795
2025-02-18,12,89,89,14:50-15:00,35.7638928571,119.7017493929
2025-02-18,13,92,92,15:20-15:30,9.6668690476,35.3227395000
2025-02-18,14,99,99,16:30-16:40,1.9009488095,8.5770810286
2025-02-18,15,104,105,17:20-17:40,15.2464466667,74.8658502333
2025-02-18,16,111,112,18:30-18:50,5.6030095238,35.2398044381
2025-02-18,17,120,123,20:00-20:40,56.6189883333,383.9961151342
2025-02-18,18,132,132,22:00-22:10,18.5309716667,35.7555098308
2025-02-18,19,140,140,23:20-23:30,0.7045000000,1.4864950000
2025-02-19,1,5,8,0:50-1:30,54.6773533333,117.1799640908
2025-02-19,2,11,12,1:50-2:10,69.6591433333,150.0411391650
2025-02-19,3,14,18,2:20-3:10,80.3466833333,174.8391726558
2025-02-19,4,20,20,3:20-3:30,13.5008333333,29.4048150000
2025-02-19,5,28,31,4:40-5:20,48.8875454762,107.0657854345
2025-02-19,6,37,38,6:10-6:30,60.5069683333,264.9874584567
2025-02-19,7,41,42,6:50-7:10,24.8996704762,102.8049445086
2025-02-19,8,51,55,8:30-9:20,146.5752935714,758.2145358098
2025-02-19,9,58,59,9:40-10:00,72.1513880952,355.3686359131
2025-02-19,10,79,79,13:10-13:20,5.8970376190,24.8147343010
2025-02-19,11,85,93,14:10-15:40,305.1378254762,1152.8839161958
2025-02-19,12,96,96,16:00-16:10,9.1828092857,37.9755078011
2025-02-19,13,104,104,17:20-17:30,0.9363333333,4.6170596667
2025-02-19,14,118,120,19:40-20:10,52.2445650000,352.4115787558
2025-02-19,15,124,127,20:40-21:20,36.4027683333,179.0735775500
2025-02-19,16,130,131,21:40-22:00,22.4105200000,53.9414711400
2025-02-19,17,133,135,22:10-22:40,57.3477616667,120.5242565183
2025-02-19,18,137,137,22:50-23:00,6.6083333333,13.9997541667
2025-02-19,19,141,143,23:30-24:00,109.7214300000,233.7358391725
2025-02-20,1,2,2,0:20-0:30,9.8936666667,21.1180315000
2025-02-20,2,6,6,1:00-1:10,16.3090150000,35.1540818325
2025-02-20,3,22,25,3:40-4:20,27.8763333333,61.1909807467
2025-02-20,4,27,28,4:30-4:50,19.2254409524,42.3502640111
2025-02-20,5,32,33,5:20-5:40,30.2897521429,60.8770958532
2025-02-20,6,36,36,6:00-6:10,17.5676685714,82.2869595886
2025-02-20,7,43,48,7:10-8:10,89.5365178571,394.0597131371
2025-02-20,8,50,51,8:20-8:40,21.0480809524,112.4129550179
2025-02-20,9,61,62,10:10-10:30,71.7370214286,343.0151796393
2025-02-20,10,71,71,11:50-12:00,19.6246904762,43.4883140952
2025-02-20,11,102,103,17:00-17:20,26.2099776190,126.4513704490
2025-02-20,12,109,111,18:10-18:40,38.9469609524,244.1627372996
2025-02-20,13,120,121,20:00-20:20,31.1633616667,209.2070321150
2025-02-20,14,125,126,20:50-21:10,36.5433933333,167.5284193733
2025-02-20,15,133,133,22:10-22:20,7.4036883333,16.1696553200
2025-02-20,16,137,138,22:50-23:10,56.4725333333,119.7741917167
2025-02-21,1,3,5,0:30-1:00,51.0501716667,109.0868843033
2025-02-21,2,7,8,1:10-1:30,26.0885100000,55.9072345100
2025-02-21,3,11,12,1:50-2:10,59.3419716667,127.7491386825
2025-02-21,4,23,23,3:50-4:00,23.7878333333,52.0715671667
2025-02-21,5,26,26,4:20-4:30,21.4975000000,46.9075450000
2025-02-21,6,32,34,5:20-5:50,35.7142516667,71.4753187567
2025-02-21,7,43,46,7:10-7:50,67.8401566667,249.1208944312
2025-02-21,8,100,100,16:40-16:50,6.0394083333,27.6695492792
2025-02-21,9,105,106,17:30-17:50,70.9133930952,368.0480436012
2025-02-21,10,109,110,18:10-18:30,30.7221264286,191.6621874949
2025-02-21,11,116,116,19:20-19:30,42.0440000000,283.4396260000
2025-02-21,12,125,126,20:50-21:10,27.8604583333,128.5329360833
2025-02-21,13,130,132,21:40-22:10,57.2378866667,133.4184623733
2025-02-21,14,135,138,22:30-23:10,40.0234266667,84.7185943542
2025-02-21,15,142,143,23:40-24:00,52.0699150000,111.2514505658
2025-02-22,1,5,8,0:50-1:30,16.9312116667,36.4658172375
2025-02-22,2,11,12,1:50-2:10,67.0582183333,144.3923406525
2025-02-22,3,15,24,2:30-4:10,133.1456850000,290.3533907983
2025-02-22,4,30,31,5:00-5:20,49.0760957143,107.6810564467
2025-02-22,5,38,38,6:20-6:30,10.1173928571,44.3091220179
2025-02-22,6,48,49,8:00-8:20,29.8702195238,171.6585612689
2025-02-22,7,72,72,12:00-12:10,8.3970447619,18.5196822224
2025-02-22,8,82,85,13:40-14:20,93.8500102381,462.5303120740
2025-02-22,9,93,95,15:30-16:00,110.6749007143,440.7890380904
2025-02-22,10,99,99,16:30-16:40,14.7283619048,66.4543689143
2025-02-22,11,102,103,17:00-17:20,53.1947666667,256.3924162000
2025-02-22,12,105,107,17:30-18:00,111.9046783333,622.9946302667
2025-02-22,13,116,116,19:20-19:30,0.9066666667,6.1122933333
2025-02-22,14,124,124,20:40-20:50,5.2502466667,32.0947578733
2025-02-22,15,128,132,21:20-22:10,47.8985033333,146.1239677625
2025-02-22,16,141,143,23:30-24:00,62.7034766667,133.9038822867
2025-02-23,1,0,2,0:00-0:30,44.4232850000,94.4370254650
2025-02-23,2,7,9,1:10-1:40,36.9080500000,79.2735102583
2025-02-23,3,18,19,3:00-3:20,55.7388900000,121.8572747750
2025-02-23,4,26,27,4:20-4:40,83.3984230952,182.9100812454
2025-02-23,5,30,32,5:00-5:30,117.6880916667,258.1374774275
2025-02-23,6,36,36,6:00-6:10,18.1192404762,84.8705223905
2025-02-23,7,40,40,6:40-6:50,8.2802623810,34.9509875100
2025-02-23,8,45,49,7:30-8:20,102.2235780952,502.3500484873
2025-02-23,9,58,61,9:40-10:20,124.9691697619,616.2744335843
2025-02-23,10,72,76,12:00-12:50,342.7442790476,762.4647699820
2025-02-23,11,82,83,13:40-14:00,27.6637540476,134.8487046836
2025-02-23,12,92,93,15:20-15:40,48.5360983333,180.5291497312
2025-02-23,13,107,108,17:50-18:10,8.5742583333,53.7034621292
2025-02-23,14,116,117,19:20-19:40,29.2930216667,197.5108676417
2025-02-23,15,121,123,20:10-20:40,38.2598616667,259.8337358933
2025-02-23,16,126,127,21:00-21:20,37.1301733333,172.7005764208
2025-02-23,17,130,131,21:40-22:00,15.9361716667,60.0464284100
2025-02-23,18,133,134,22:10-22:30,26.8950716667,56.9900606867
2025-02-23,19,139,141,23:10-23:40,30.7256516667,64.9248198667
2025-02-24,1,3,4,0:30-0:50,47.1840183333,100.7785244458
2025-02-24,2,7,7,1:10-1:20,15.8803033333,34.1585324700
2025-02-24,3,18,18,3:00-3:10,4.8723933333,10.6559242200
2025-02-24,4,36,37,6:00-6:20,42.3770676190,193.9318673538
2025-02-24,5,39,40,6:30-6:50,27.6283419048,117.3217306964
2025-02-24,6,93,101,15:30-17:00,195.7534828571,804.3718000800
2025-02-24,7,103,105,17:10-17:40,28.8502150000,141.6759768443
2025-02-24,8,121,125,20:10-21:00,87.0780400000,533.1392740167
2025-02-24,9,129,130,21:30-21:50,24.6484466667,111.8798141825
2025-02-24,10,132,133,22:00-22:20,12.2796900000,23.7464311575
2025-02-24,11,140,140,23:20-23:30,5.7768333333,12.1891183333
2025-02-25,1,0,1,0:00-0:20,18.0644900000,38.3614934450
2025-02-25,2,6,7,1:00-1:20,46.2481683333,99.6374385225
2025-02-25,3,12,13,2:00-2:20,37.1508233333,80.3076278633
2025-02-25,4,17,20,2:50-3:30,51.2994133333,111.8947334942
2025-02-25,5,25,25,4:10-4:20,3.4591383333,7.5910790725
2025-02-25,6,30,30,5:00-5:10,3.0613833333,6.6324869917
2025-02-25,7,34,35,5:40-6:00,72.4746666667,256.8774688333
2025-02-25,8,38,38,6:20-6:30,26.5956309524,116.4755657560
2025-02-25,9,41,42,6:50-7:10,47.2360164286,194.4005657319
2025-02-25,10,95,95,15:50-16:00,2.5290833333,10.1858831250
2025-02-25,11,98,98,16:20-16:30,0.0140714286,0.0618509643
2025-02-25,12,108,109,18:00-18:20,5.1314469048,31.9617902889
2025-02-25,13,113,114,18:50-19:10,63.3328597619,426.7302112801
2025-02-25,14,124,124,20:40-20:50,1.6045500000,9.8086141500
2025-02-25,15,127,128,21:10-21:30,13.0135400000,60.9749416700
2025-02-25,16,131,132,21:50-22:10,31.4985283333,61.7865395858
2025-02-25,17,135,135,22:30-22:40,2.1873500000,4.5781235500
2025-02-25,18,139,141,23:10-23:40,48.6424816667,102.9144961333
2025-02-26,1,8,9,1:20-1:40,48.6416950000,104.7458909200
2025-02-26,2,13,15,2:10-2:40,23.0939550000,50.1491426767
2025-02-26,3,18,20,3:00-3:30,41.7923800000,91.3531943525
2025-02-26,4,25,26,4:10-4:30,20.5307516667,44.8642366158
2025-02-26,5,31,31,5:10-5:20,17.9141769048,39.7605156401
2025-02-26,6,39,39,6:30-6:40,6.6286304762,28.5064253629
2025-02-26,7,52,53,8:40-9:00,26.6476416667,138.2806708750
2025-02-26,8,65,65,10:50-11:00,7.0278571429,17.6574910714
2025-02-26,9,76,77,12:40-13:00,65.8787607143,270.4387698143
2025-02-26,10,82,82,13:40-13:50,3.0463371429,13.7481195257
2025-02-26,11,84,84,14:00-14:10,31.4387769048,157.2253233007
2025-02-26,12,87,93,14:30-15:40,249.5607328571,1017.1077712900
2025-02-26,13,95,98,15:50-16:30,181.2496797619,753.5976298535
2025-02-26,14,101,102,16:50-17:10,8.2293742857,38.3211470314
2025-02-26,15,106,106,17:40-17:50,1.5964159524,8.5743500802
2025-02-26,16,110,110,18:20-18:30,23.1725000000,145.3495062500
2025-02-26,17,113,113,18:50-19:00,2.5716666667,17.3150316667
2025-02-26,18,118,118,19:40-19:50,16.6421816667,112.1100567975
2025-02-26,19,134,134,22:20-22:30,19.7600000000,41.4762400000
2025-02-26,20,140,140,23:20-23:30,2.7703333333,5.8454033333
2025-02-27,1,6,6,1:00-1:10,3.6611450000,7.8915980475
2025-02-27,2,14,14,2:20-2:30,10.2388333333,22.3564925833
2025-02-27,3,20,20,3:20-3:30,13.3590000000,29.0959020000
2025-02-27,4,25,25,4:10-4:20,13.1957750000,28.9581282375
2025-02-27,5,39,39,6:30-6:40,8.6232480952,37.0842784336
2025-02-27,6,45,46,7:30-7:50,22.1723514286,86.6956662554
2025-02-27,7,49,49,8:10-8:20,19.8631154762,108.8101465786
2025-02-27,8,52,59,8:40-10:00,380.5905030952,1927.5222768800
2025-02-27,9,86,86,14:20-14:30,9.6633452381,49.6261094702
2025-02-27,10,92,92,15:20-15:30,33.6067619048,122.7991080000
2025-02-27,11,98,98,16:20-16:30,1.0961547619,4.8181482560
2025-02-27,12,108,109,18:00-18:20,17.6987359524,110.3392516725
2025-02-27,13,111,111,18:30-18:40,2.9592478571,18.5278508336
2025-02-27,14,119,119,19:50-20:00,3.9268333333,26.4707835000
2025-02-27,15,124,124,20:40-20:50,3.8422016667,23.4873787883
2025-02-27,16,128,128,21:20-21:30,24.6221666667,115.3671619167
2025-02-28,1,2,2,0:20-0:30,24.9373333333,53.2287380000
2025-02-28,2,6,7,1:00-1:20,36.3288750000,78.2742621975
2025-02-28,3,9,10,1:30-1:50,24.1573400000,52.1621237375
2025-02-28,4,14,14,2:20-2:30,3.0268333333,6.6090905833
2025-02-28,5,23,24,3:50-4:10,15.4178116667,33.8535667392
2025-02-28,6,27,31,4:30-5:20,82.9235783333,182.5099060542
2025-02-28,7,37,37,6:10-6:20,2.1824154762,9.5567973702
2025-02-28,8,44,45,7:20-7:40,49.8915671429,178.9157907105
2025-02-28,9,68,69,11:20-11:40,45.1304116667,108.5428831625
2025-02-28,10,76,77,12:40-13:00,21.0164100000,78.8666173100
2025-02-28,11,79,80,13:10-13:30,62.7275642857,266.6067363476
2025-02-28,12,99,100,16:30-16:50,30.9499588095,140.6866971427
2025-02-28,13,107,107,17:50-18:00,3.4395000000,21.1752817500
2025-02-28,14,116,116,19:20-19:30,10.6616666667,71.8756258333
2025-02-28,15,119,119,19:50-20:00,7.1095000000,47.9251395000
2025-02-28,16,122,122,20:20-20:30,27.2541666667,183.8157270833
2025-02-28,17,125,126,20:50-21:10,6.5024900000,29.9414516600
2025-02-28,18,129,130,21:30-21:50,35.0083733333,148.6656841175
2025-02-28,19,132,132,22:00-22:10,2.5525150000,4.9250776925
2025-02-28,20,138,139,23:00-23:20,7.3894083333,15.6827979133
2025-02-28,21,143,143,23:50-24:00,3.8151666667,8.1568263333
2025-03-01,1,0,1,0:00-0:20,46.2312833333,98.1712174925
2025-03-01,2,9,9,1:30-1:40,7.9178866667,17.0709636533
2025-03-01,3,46,47,7:40-8:00,36.8843016667,197.9178322917
2025-03-01,4,53,53,8:50-9:00,16.4433333333,85.1764666667
2025-03-01,5,65,67,10:50-11:20,27.2805035714,67.7845377143
2025-03-01,6,94,98,15:40-16:30,100.2547854762,418.5979175930
2025-03-01,7,101,102,16:50-17:10,35.6384180952,167.5175251514
2025-03-01,8,109,110,18:10-18:30,51.9023371429,324.3792943752
2025-03-01,9,115,115,19:10-19:20,4.7418966667,31.8774003417
2025-03-01,10,125,126,20:50-21:10,14.4508766667,66.3678028067
2025-03-01,11,131,131,21:50-22:00,7.7995000000,16.4140477500
2025-03-01,12,135,135,22:30-22:40,1.7251516667,3.6107424383
2025-03-02,1,2,2,0:20-0:30,4.0905000000,8.7311722500
2025-03-02,2,15,15,2:30-2:40,5.7849016667,12.5763762233
2025-03-02,3,54,54,9:00-9:10,13.1993654762,66.9669807435
2025-03-02,4,62,63,10:20-10:40,40.8991428571,197.6355271548
2025-03-02,5,65,67,10:50-11:20,235.6044269048,570.7644070007
2025-03-02,6,69,95,11:30-16:00,3929.4209285714,14664.5594881519
2025-03-02,7,99,100,16:30-16:50,38.8221221429,175.8249319332
2025-03-02,8,103,103,17:10-17:20,13.0796878571,63.7111595521
2025-03-02,9,105,108,17:30-18:10,77.7996385714,461.4717794824
2025-03-02,10,124,125,20:40-21:00,23.4397000000,114.6572676000
2025-03-02,11,127,129,21:10-21:40,53.8997233333,256.6831778450
2025-03-02,12,138,139,23:00-23:20,20.1476266667,42.7432089733
2025-03-02,13,141,142,23:30-23:50,32.6774650000,69.6124028458
2025-03-03,1,1,1,0:10-0:20,3.0258450000,6.4223560125
2025-03-03,2,3,3,0:30-0:40,14.6080366667,31.2027663200
2025-03-03,3,9,11,1:30-2:00,56.2432400000,121.5632028925
2025-03-03,4,20,20,3:20-3:30,4.0916666667,8.9116500000
2025-03-03,5,43,44,7:10-7:30,37.0780242857,145.7673431838
2025-03-03,6,47,53,7:50-9:00,94.8446021429,507.8783489076
2025-03-03,7,55,62,9:10-10:30,794.2366650000,3850.5348333782
2025-03-03,8,65,65,10:50-11:00,6.2581547619,15.7236138393
2025-03-03,9,68,72,11:20-12:10,259.9392633333,601.8986587050
2025-03-03,10,74,76,12:20-12:50,110.5915128571,248.2107175951
2025-03-03,11,78,78,13:00-13:10,21.3851169048,92.3409347948
2025-03-03,12,81,82,13:30-13:50,47.7854890476,213.0829906680
2025-03-03,13,84,99,14:00-16:40,1103.4693838095,4612.3589471529
2025-03-03,14,113,114,18:50-19:10,11.4820661905,77.6159502969
2025-03-03,15,123,125,20:30-21:00,78.3691316667,450.5752219800
2025-03-03,16,127,128,21:10-21:30,29.0200283333,135.9733427558
2025-03-03,17,133,136,22:10-22:50,44.0001050000,92.9702547092
2025-03-04,1,2,3,0:20-0:40,22.1206900000,47.2219528400
2025-03-04,2,6,6,1:00-1:10,14.2823133333,30.7855263900
2025-03-04,3,10,11,1:40-2:00,67.4591783333,145.8084958592
2025-03-04,4,24,24,4:00-4:10,4.4573550000,9.8084096775
2025-03-04,5,47,49,7:50-8:20,86.8833123810,495.6426536818
2025-03-04,6,67,67,11:10-11:20,11.6896150000,29.2649511525
2025-03-04,7,73,73,12:10-12:20,22.3566157143,50.8724790579
2025-03-04,8,93,94,15:30-15:50,8.6584911905,33.1472172780
2025-03-04,9,96,96,16:00-16:10,5.2035500000,21.5192810250
2025-03-04,10,103,103,17:10-17:20,0.3791954762,1.8470611645
2025-03-04,11,117,118,19:30-19:50,9.3666935714,63.1621048943
2025-03-04,12,122,122,20:20-20:30,1.8488333333,12.4694564167
2025-03-04,13,134,134,22:20-22:30,10.4820000000,22.0017180000
2025-03-04,14,138,139,23:00-23:20,23.7417866667,50.4081902400
2025-03-04,15,141,143,23:30-24:00,62.2608116667,132.8201831333
2025-03-05,1,4,5,0:40-1:00,6.7739350000,14.4926648592
2025-03-05,2,34,34,5:40-5:50,0.8118597619,2.3170477605
2025-03-05,3,80,82,13:20-13:50,57.5088007143,248.5351691746
2025-03-05,4,111,112,18:30-18:50,9.2248809524,58.7048518304
2025-03-05,5,118,118,19:40-19:50,1.7868750000,12.0372834375
2025-03-05,6,121,121,20:10-20:20,4.4974950000,30.1332165000
2025-03-05,7,123,123,20:30-20:40,19.5453516667,136.3483732267
2025-03-05,8,132,132,22:00-22:10,2.4153433333,4.6604049617
2025-03-05,9,135,136,22:30-22:50,16.2308250000,34.2012386958
2025-03-05,10,143,143,23:50-24:00,17.4760000000,37.3636880000
2025-03-06,1,2,2,0:20-0:30,20.8151666667,44.4299732500
2025-03-06,2,12,12,2:00-2:10,8.3635200000,17.9522956800
2025-03-06,3,15,16,2:30-2:50,24.2292183333,52.5639928200
2025-03-06,4,90,90,15:00-15:10,3.5914359524,11.8517386429
2025-03-06,5,96,97,16:00-16:20,32.2002004762,134.6905692702
2025-03-06,6,100,100,16:40-16:50,0.7761838095,3.5560861233
2025-03-06,7,104,107,17:20-18:00,43.8047983333,239.8226486148
2025-03-06,8,112,112,18:40-18:50,4.9238950000,31.7123457475
2025-03-06,9,124,125,20:40-21:00,10.2435883333,57.7127608150
2025-03-06,10,135,139,22:30-23:20,42.1219833333,89.1329200017
2025-03-06,11,143,143,23:50-24:00,13.2661666667,28.3630643333
2025-03-07,1,0,1,0:00-0:20,28.9835883333,61.5502891000
2025-03-07,2,6,7,1:00-1:20,14.1581833333,30.5010276450
2025-03-07,3,91,91,15:10-15:20,5.6319273810,20.3228099542
2025-03-07,4,95,95,15:50-16:00,0.7811547619,3.1461008036
2025-03-07,5,102,102,17:00-17:10,9.7127411905,45.9509785721
2025-03-07,6,112,112,18:40-18:50,6.6818083333,43.0341865708
2025-03-07,7,129,131,21:30-22:00,29.9022833333,107.6653462617
2025-03-07,8,133,134,22:10-22:30,45.0582866667,95.6928230800
2025-03-07,9,140,140,23:20-23:30,5.4511666667,11.5019616667
2025-03-08,1,1,1,0:10-0:20,7.6311150000,16.1970415875
2025-03-08,2,11,12,1:50-2:10,13.3695183333,28.7878001025
2025-03-08,3,15,17,2:30-3:00,15.4840283333,33.6231931858
2025-03-08,4,27,28,4:30-4:50,22.5882652381,49.6377273750
2025-03-08,5,99,100,16:30-16:50,22.3071952381,100.8121463773
2025-03-08,6,107,107,17:50-18:00,12.1583333333,74.8527791667
2025-03-08,7,129,129,21:30-21:40,14.2722250000,70.4405664875
2025-03-08,8,132,133,22:00-22:20,18.4294450000,37.7554906033
2025-03-08,9,135,136,22:30-22:50,33.4710950000,70.5771856767
2025-03-09,1,12,13,2:00-2:20,40.5685233333,87.4430077450
2025-03-09,2,17,17,2:50-3:00,26.6033333333,57.9553616667
2025-03-09,3,22,23,3:40-4:00,30.4658616667,66.5492434333
2025-03-09,4,111,112,18:30-18:50,68.0253454762,431.4809776573
2025-03-09,5,121,121,20:10-20:20,16.9293200000,113.4264440000
2025-03-09,6,125,125,20:50-21:00,12.5920000000,58.7542720000
2025-03-09,7,130,132,21:40-22:10,12.1828416667,27.2643733250
2025-03-10,1,0,1,0:00-0:20,12.9692783333,27.5365589275
2025-03-10,2,5,6,0:50-1:10,55.1932533333,118.4526542267
2025-03-10,3,13,14,2:10-2:30,36.2426483333,78.7007597800
2025-03-10,4,27,27,4:30-4:40,10.9075878571,23.9585167282
2025-03-10,5,44,44,7:20-7:30,44.9077261905,171.6373295000
2025-03-10,6,64,66,10:40-11:10,170.5080571429,449.8188075467
2025-03-10,7,70,78,11:40-13:10,943.8228966667,2239.6992171318
2025-03-10,8,101,101,16:50-17:00,23.2792023810,107.8292654286
2025-03-10,9,107,107,17:50-18:00,5.8878333333,36.2484459167
2025-03-10,10,116,119,19:20-20:00,123.2491228571,830.7810800264
2025-03-10,11,127,127,21:10-21:20,15.5146916667,72.6940878042
2025-03-10,12,131,131,21:50-22:00,0.9278333333,1.9526252500
2025-03-10,13,134,135,22:20-22:40,34.1478933333,71.5906517467
2025-03-10,14,137,137,22:50-23:00,2.2505000000,4.7676842500
2025-03-11,1,2,3,0:20-0:40,32.7190633333,69.8632082800
2025-03-11,2,7,9,1:10-1:40,20.4448583333,43.9742998083
2025-03-11,3,25,25,4:10-4:20,10.2307357143,22.4513495250
2025-03-11,4,32,32,5:20-5:30,9.2506666667,19.8935586667
2025-03-11,5,61,61,10:10-10:20,6.2167019048,29.8028689314
2025-03-11,6,88,89,14:40-15:00,49.4630830952,205.0011836933
2025-03-11,7,91,93,15:10-15:40,65.4119354762,240.1549193437
2025-03-11,8,95,98,15:50-16:30,94.5531509524,398.9293246798
2025-03-11,9,101,101,16:50-17:00,17.2458571429,79.8828102857
2025-03-11,10,108,109,18:00-18:20,12.3679421429,77.0388046639
2025-03-11,11,116,116,19:20-19:30,23.3903333333,157.6859321667
2025-03-11,12,127,128,21:10-21:30,16.4745533333,77.1915196433
2025-03-11,13,132,133,22:00-22:20,5.6207900000,11.3161579683
2025-03-11,14,135,136,22:30-22:50,35.2032600000,74.0563752217
2025-03-12,1,2,3,0:20-0:40,31.8932933333,68.1019035600
2025-03-12,2,9,10,1:30-1:50,48.2925050000,104.4223076400
2025-03-12,3,12,13,2:00-2:20,2.8019616667,6.0200163183
2025-03-12,4,17,18,2:50-3:10,39.3883716667,85.8708915850
2025-03-12,5,21,22,3:30-3:50,43.7993650000,95.4543685767
2025-03-12,6,33,34,5:30-5:50,33.5946309524,76.9173672006
2025-03-12,7,39,39,6:30-6:40,12.0612850000,51.8695561425
2025-03-12,8,95,95,15:50-16:00,1.3863452381,5.5835054464
2025-03-12,9,98,101,16:20-17:00,83.3829947619,377.1155326646
2025-03-12,10,104,104,17:20-17:30,15.9899880952,78.8466312976
2025-03-12,11,107,108,17:50-18:10,18.9543369048,117.1691349304
2025-03-12,12,120,121,20:00-20:20,12.0808616667,81.2243861667
2025-03-12,13,132,133,22:00-22:20,17.1942716667,34.7997759583
2025-03-12,14,135,137,22:30-23:00,53.1362633333,112.6168470525
2025-03-12,15,140,140,23:20-23:30,1.6271666667,3.4333216667
2025-03-13,1,0,2,0:00-0:30,38.3015250000,81.3270955975
2025-03-13,2,11,11,1:50-2:00,8.8128333333,18.9960622500
2025-03-13,3,15,17,2:30-3:00,40.3625966667,87.7571499133
2025-03-13,4,35,35,5:50-6:00,19.2053333333,87.3746640000
2025-03-13,5,56,81,9:20-13:40,2076.4856416667,7472.0772356175
2025-03-13,6,100,103,16:40-17:20,66.2441404762,312.9280960706
2025-03-13,7,108,108,18:00-18:10,2.2140166667,13.9051316750
2025-03-13,8,114,115,19:00-19:20,46.1253178571,310.9186404432
2025-03-13,9,117,120,19:30-20:10,120.3711550000,811.5305784992
2025-03-13,10,124,124,20:40-20:50,8.0256216667,49.0606252483
2025-03-13,11,132,133,22:00-22:20,28.1394750000,57.7190828142
2025-03-13,12,139,141,23:10-23:40,27.4169300000,58.0900366000
2025-03-14,1,5,5,0:50-1:00,10.2916666667,22.0498958333
2025-03-14,2,10,11,1:40-2:00,20.5640150000,44.5407991642
2025-03-14,3,17,18,2:50-3:10,38.5164850000,84.0540068617
2025-03-14,4,24,24,4:00-4:10,13.4941383333,29.6938514025
2025-03-14,5,27,28,4:30-4:50,20.2550752381,44.7024460267
2025-03-14,6,35,35,5:50-6:00,4.6695000000,21.2438902500
2025-03-14,7,89,89,14:50-15:00,24.8867738095,83.2960319405
2025-03-14,8,93,94,15:30-15:50,12.0961623810,46.0439012376
2025-03-14,9,98,98,16:20-16:30,23.7849523810,104.5467581905
2025-03-14,10,104,104,17:20-17:30,27.9086666667,137.6176353333
2025-03-14,11,118,120,19:40-20:10,31.2798100000,210.8866975817
2025-03-14,12,123,123,20:30-20:40,0.7078266667,4.9377988267
2025-03-14,13,137,137,22:50-23:00,1.6623333333,3.5216531667
2025-03-14,14,140,141,23:20-23:40,13.8309316667,29.2537901333
2025-03-15,1,1,4,0:10-0:50,38.6360833333,82.2674149792
2025-03-15,2,7,7,1:10-1:20,4.0321616667,8.6731797450
2025-03-15,3,14,16,2:20-2:50,59.3544850000,129.0854088142
2025-03-15,4,26,27,4:20-4:40,33.3796000000,73.0058236500
2025-03-15,5,30,31,5:00-5:20,55.8963311905,123.0287893208
2025-03-15,6,38,38,6:20-6:30,9.3967142857,41.1529102143
2025-03-15,7,41,46,6:50-7:50,93.3447373810,364.0559206167
2025-03-15,8,108,111,18:00-18:40,41.4181733333,259.2025747650
2025-03-15,9,120,120,20:00-20:10,0.5906583333,3.9907830292
2025-03-15,10,123,125,20:30-21:00,82.5234250000,523.3792109000
2025-03-15,11,128,129,21:20-21:40,14.6827583333,70.9145454208
2025-03-15,12,136,137,22:40-23:00,12.8322116667,27.2094778392
2025-03-15,13,141,143,23:30-24:00,76.2743900000,162.5377572767
2025-03-16,1,4,7,0:40-1:20,33.9827300000,72.9852075542
2025-03-16,2,18,19,3:00-3:20,30.3169200000,66.2817866450
2025-03-16,3,22,22,3:40-3:50,22.6763050000,49.4343449000
2025-03-16,4,33,37,5:30-6:20,78.3732152381,317.0804506586
2025-03-16,5,39,47,6:30-8:00,331.9734240476,1344.0152168398
2025-03-16,6,50,50,8:20-8:30,3.5516904762,19.2661449881
2025-03-16,7,75,75,12:30-12:40,10.0034023810,20.5719969964
2025-03-16,8,78,83,13:00-14:00,203.1410580952,892.7315307145
2025-03-16,9,86,86,14:20-14:30,15.0598452381,77.3398352202
2025-03-16,10,100,100,16:40-16:50,16.0054259524,73.3288590008
2025-03-16,11,108,108,18:00-18:10,3.4537414286,21.6912230421
2025-03-16,12,135,135,22:30-22:40,4.2320750000,8.8577329750
2025-03-16,13,143,143,23:50-24:00,1.6693333333,3.5690346667
2025-03-17,1,2,2,0:20-0:30,0.8186666667,1.7474440000
2025-03-17,2,15,15,2:30-2:40,3.7569166667,8.1675368333
2025-03-17,3,22,24,3:40-4:10,60.4350800000,132.4352410525
2025-03-17,4,27,28,4:30-4:50,26.5400911905,58.5150297942
2025-03-17,5,32,33,5:20-5:40,27.6969366667,56.8424869217
2025-03-17,6,39,39,6:30-6:40,0.6720530952,2.8901643361
2025-03-17,7,98,98,16:20-16:30,1.9097619048,8.3943584524
2025-03-17,8,108,108,18:00-18:10,5.7263126190,35.9641064039
2025-03-17,9,119,119,19:50-20:00,43.3705000000,292.3605405000
2025-03-17,10,122,122,20:20-20:30,30.7468333333,207.3720174167
2025-03-18,1,2,2,0:20-0:30,5.9961666667,12.7988177500
2025-03-18,2,9,9,1:30-1:40,2.5514216667,5.5008651133
2025-03-18,3,13,13,2:10-2:20,1.3920016667,3.0095076033
2025-03-18,4,19,19,3:10-3:20,2.9046300000,6.3480688650
2025-03-18,5,23,23,3:50-4:00,16.7493333333,36.6642906667
2025-03-18,6,26,27,4:20-4:40,24.5696540476,53.8625236989
2025-03-18,7,31,31,5:10-5:20,1.6215183333,3.5989599408
2025-03-18,8,36,36,6:00-6:10,3.9256154762,18.3875828905
2025-03-18,9,41,42,6:50-7:10,11.0533423810,45.1219385829
2025-03-18,10,46,46,7:40-7:50,15.8388645238,68.1071174524
2025-03-18,11,48,56,8:00-9:30,595.0279669048,3132.1576816549
2025-03-18,12,99,99,16:30-16:40,5.0523447619,22.7961795657
2025-03-18,13,103,103,17:10-17:20,0.4928002381,2.4004299598
2025-03-18,14,110,111,18:20-18:40,2.3086833333,14.4582466833
2025-03-18,15,114,115,19:00-19:20,20.0595754762,135.1687024873
2025-03-18,16,130,130,21:40-21:50,10.8667666667,42.1847882000
2025-03-18,17,134,134,22:20-22:30,0.8956666667,1.8800043333
2025-03-18,18,137,137,22:50-23:00,33.2736666667,70.4902628333
2025-03-18,19,142,142,23:40-23:50,14.9145416667,31.8500037292
2025-03-19,1,0,0,0:00-0:10,1.0565833333,2.2441830000
2025-03-19,2,4,4,0:40-0:50,3.1525350000,6.7322384925
2025-03-19,3,11,12,1:50-2:10,39.6171416667,85.2111490875
2025-03-19,4,21,22,3:30-3:50,15.8647783333,34.5411925533
2025-03-19,5,25,25,4:10-4:20,0.7121533333,1.5628204900
2025-03-19,6,34,34,5:40-5:50,0.4268914286,1.2183481371
2025-03-19,7,36,37,6:00-6:20,7.7651066667,35.5842733731
2025-03-19,8,49,56,8:10-9:30,154.2771892857,797.8034537649
2025-03-19,9,112,113,18:40-19:00,29.6280180952,195.8731630424
2025-03-19,10,129,130,21:30-21:50,7.2533083333,29.7861786142
2025-03-20,1,2,2,0:20-0:30,17.2646666667,36.8514310000
2025-03-20,2,7,9,1:10-1:40,60.1057333333,128.8823538667
2025-03-20,3,18,23,3:00-4:00,96.4511316667,210.6042227400
2025-03-20,4,29,31,4:50-5:20,42.1021071429,92.1357524933
2025-03-20,5,35,35,5:50-6:00,8.2610000000,37.5834195000
2025-03-20,6,67,67,11:10-11:20,0.3324776190,0.8323577193
2025-03-20,7,91,97,15:10-16:20,208.4549430952,844.6811197809
2025-03-20,8,99,100,16:30-16:50,18.7130961905,85.1617676539
2025-03-20,9,102,103,17:00-17:20,8.7433661905,41.7283389805
2025-03-20,10,112,114,18:40-19:10,66.1010454762,442.2935329794
2025-03-20,11,120,121,20:00-20:20,28.2434800000,190.5202594458
2025-03-20,12,128,129,21:20-21:40,8.6754566667,40.7596330450
2025-03-20,13,141,142,23:30-23:50,38.0507783333,80.9032538900
2025-03-21,1,3,3,0:30-0:40,5.2007683333,11.1088411600
2025-03-21,2,8,9,1:20-1:40,26.0672833333,55.7928253667
2025-03-21,3,13,17,2:10-3:00,89.2440383333,193.9588880483
2025-03-21,4,20,22,3:20-3:50,49.6792183333,108.1912592033
2025-03-21,5,26,26,4:20-4:30,7.5455000000,16.4642810000
2025-03-21,6,30,34,5:00-5:50,50.2524557143,110.2292897402
2025-03-21,7,38,40,6:20-6:50,65.6244742857,279.7058395926
2025-03-21,8,113,113,18:50-19:00,16.4376666667,110.6748096667
2025-03-21,9,117,119,19:30-20:00,18.5676980952,125.1084814440
2025-03-21,10,122,123,20:20-20:40,21.5380716667,146.8068742800
2025-03-21,11,133,134,22:10-22:30,48.8040316667,104.7928759933
2025-03-21,12,137,137,22:50-23:00,7.7311666667,16.3784765833
2025-03-21,13,140,140,23:20-23:30,10.0468333333,21.1988183333
2025-03-22,1,9,10,1:30-1:50,35.8946500000,77.5729202150
2025-03-22,2,19,19,3:10-3:20,4.6070316667,10.0686677075
2025-03-22,3,24,25,4:00-4:20,24.7958050000,54.4915789182
2025-03-22,4,27,34,4:30-5:50,123.7609447619,274.5843737060
2025-03-22,5,95,96,15:50-16:10,46.2781950000,188.2741772796
2025-03-22,6,134,134,22:20-22:30,0.9935000000,2.0853565000
2025-03-22,7,139,140,23:10-23:30,28.7462900000,60.7530414667
2025-03-23,1,4,4,0:40-0:50,13.8058216667,29.4823321692
2025-03-23,2,8,8,1:20-1:30,0.9365000000,2.0036417500
2025-03-23,3,14,16,2:20-2:50,37.9506233333,82.5817264308
2025-03-23,4,20,21,3:20-3:40,43.8438100000,95.4710599650
2025-03-23,5,24,25,4:00-4:20,58.1477226190,127.7340923532
2025-03-23,6,28,32,4:40-5:30,49.5669457143,108.4845425424
2025-03-23,7,36,41,6:00-7:00,179.9296714286,794.3017361954
2025-03-23,8,45,47,7:30-8:00,30.0038940476,135.2614199206
2025-03-23,9,55,57,9:10-9:40,120.6269776190,577.1081812895
2025-03-23,10,64,68,10:40-11:30,248.5943935714,665.7882666956
2025-03-23,11,74,74,12:20-12:30,19.8619761905,44.3219998690
2025-03-23,12,77,77,12:50-13:00,12.2930119048,50.8869227798
2025-03-23,13,104,104,17:20-17:30,8.5432500000,42.1267657500
2025-03-23,14,115,116,19:10-19:30,31.5121009524,212.2110451524
2025-03-23,15,119,119,19:50-20:00,2.6168333333,17.6400735000
2025-03-23,16,122,122,20:20-20:30,22.8733333333,154.2691966667
2025-03-23,17,125,125,20:50-21:00,6.0413333333,28.1888613333
2025-03-23,18,131,132,21:50-22:10,15.4081916667,31.8695099875
2025-03-24,1,0,0,0:00-0:10,9.9553900000,21.1452483600
2025-03-24,2,14,14,2:20-2:30,6.9918333333,15.2666680833
2025-03-24,3,18,19,3:00-3:20,13.0976683333,28.6301874250
2025-03-24,4,21,21,3:30-3:40,9.3612000000,20.3746518000
2025-03-24,5,25,26,4:10-4:30,16.4383159524,36.0382760242
2025-03-24,6,30,34,5:00-5:50,102.5831161905,231.7617346883
2025-03-24,7,36,40,6:00-6:50,49.1695966667,214.6615416398
2025-03-24,8,42,43,7:00-7:20,32.4137816667,130.1888897948
2025-03-24,9,46,47,7:40-8:00,20.7977026190,97.6722420119
2025-03-24,10,70,70,11:40-11:50,3.9942285714,9.3105468000
2025-03-24,11,84,92,14:00-15:30,365.6710728571,1468.4992404830
2025-03-24,12,104,104,17:20-17:30,3.3701666667,16.6182918333
2025-03-24,13,108,109,18:00-18:20,34.7510402381,217.3672447425
2025-03-24,14,137,138,22:50-23:10,61.9476500000,131.4274872667
2025-03-24,15,141,142,23:30-23:50,64.4603216667,137.2644914742
2025-03-25,1,4,5,0:40-1:00,39.3615233333,84.2932637450
2025-03-25,2,8,9,1:20-1:40,7.6684383333,16.4496135467
2025-03-25,3,12,12,2:00-2:10,24.6067916667,52.8184783125
2025-03-25,4,15,16,2:30-2:50,16.8861050000,36.6278758858
2025-03-25,5,18,19,3:00-3:20,47.8166366667,104.5427374725
2025-03-25,6,22,24,3:40-4:10,91.1043461905,199.1783150921
2025-03-25,7,32,34,5:20-5:50,25.9877976190,61.7465838798
2025-03-25,8,37,41,6:10-7:00,156.7030314286,670.0889307974
2025-03-25,9,58,66,9:40-11:10,787.9369211905,3375.4178338312
2025-03-25,10,68,73,11:20-12:20,358.8314692857,831.4665746811
2025-03-25,11,89,91,14:50-15:20,20.4924459524,68.8198286262
2025-03-25,12,96,97,16:00-16:20,2.4493271429,10.4168142964
2025-03-25,13,99,100,16:30-16:50,108.0118747619,491.0867183638
2025-03-25,14,115,116,19:10-19:30,18.3601771429,123.7148501762
2025-03-25,15,120,122,20:00-20:30,15.3345333333,103.0599806825
2025-03-25,16,126,127,21:00-21:20,19.3365216667,89.0409245317
2025-03-25,17,135,136,22:30-22:50,22.5474850000,47.5896659967
2025-03-25,18,139,140,23:10-23:30,34.0984450000,72.1379967333
2025-03-26,1,6,6,1:00-1:10,3.4492283333,7.4348116725
2025-03-26,2,9,10,1:30-1:50,16.3813350000,35.4768225525
2025-03-26,3,22,23,3:40-4:00,19.8449100000,43.3336143000
2025-03-26,4,25,26,4:10-4:30,20.2073616667,44.1364864275
2025-03-26,5,32,34,5:20-5:50,29.2911204762,57.1668275140
2025-03-26,6,45,48,7:30-8:10,88.9271557143,373.9507077070
2025-03-26,7,81,82,13:30-13:50,3.2068350000,14.0802896457
2025-03-26,8,107,107,17:50-18:00,0.2868452381,1.7659627083
2025-03-26,9,113,113,18:50-19:00,4.9880000000,33.5842040000
2025-03-26,10,117,117,19:30-19:40,1.0053933333,6.7813780333
2025-03-26,11,132,133,22:00-22:20,42.4597516667,90.6773342033
2025-03-26,12,141,141,23:30-23:40,3.1216800000,6.6179616000
2025-03-27,1,7,8,1:10-1:30,33.6103900000,71.9969814733
2025-03-27,2,12,15,2:00-2:40,115.4776583333,250.4391092433
2025-03-27,3,23,23,3:50-4:00,19.0481666667,41.6964368333
2025-03-27,4,26,29,4:20-5:00,64.8857661905,142.6185496974
2025-03-27,5,48,48,8:00-8:10,8.7545435714,51.1396662725
2025-03-27,6,64,64,10:40-10:50,25.1482847619,100.4673976238
2025-03-27,7,78,82,13:00-13:50,160.9706533333,702.7194335433
2025-03-27,8,94,102,15:40-17:10,219.1878130952,950.0090335037
2025-03-27,9,114,114,19:00-19:10,1.3210883333,8.9325387658
2025-03-27,10,129,130,21:30-21:50,60.6678950000,259.6858157675
2025-03-27,11,137,139,22:50-23:20,32.5016516667,68.9688755767
2025-03-28,1,4,4,0:40-0:50,4.6403750000,9.9095208125
2025-03-28,2,6,7,1:00-1:20,26.8658016667,57.8627135475
2025-03-28,3,10,11,1:40-2:00,7.3533133333,15.9188936700
2025-03-28,4,13,14,2:10-2:30,14.9906466667,32.6091762600
2025-03-28,5,18,19,3:00-3:20,33.0446616667,72.2297261900
2025-03-28,6,32,32,5:20-5:30,12.5160000000,26.9156580000
2025-03-28,7,42,46,7:00-7:50,198.0305040476,773.6203950680
2025-03-28,8,115,115,19:10-19:20,10.0633714286,67.6510144286
2025-03-28,9,126,128,21:00-21:30,75.0746100000,348.5455005325
2025-03-28,10,142,143,23:40-24:00,15.3476850000,32.8101084008
2025-03-29,1,0,0,0:00-0:10,5.2149983333,11.0766564600
2025-03-29,2,5,5,0:50-1:00,17.7703333333,38.0729391667
2025-03-29,3,8,8,1:20-1:30,21.9398333333,46.9402734167
2025-03-29,4,17,17,2:50-3:00,2.6395000000,5.7501507500
2025-03-29,5,20,21,3:20-3:40,14.2804200000,31.0918106300
2025-03-29,6,24,25,4:00-4:20,16.0122052381,35.1530996364
2025-03-29,7,28,29,4:40-5:00,33.7082064286,74.2315564136
2025-03-29,8,41,41,6:50-7:00,6.5433690476,27.2662188214
2025-03-29,9,96,99,16:00-16:40,84.5410516667,364.9548526967
2025-03-29,10,102,103,17:00-17:20,6.3677366667,30.9726870700
2025-03-29,11,108,108,18:00-18:10,0.3610561905,2.2676134043
2025-03-29,12,119,120,19:50-20:10,24.4998650000,165.3662814558
2025-03-29,13,124,124,20:40-20:50,0.3884916667,2.3748495583
2025-03-29,14,134,134,22:20-22:30,1.0886666667,2.2851113333
2025-03-30,1,0,1,0:00-0:20,32.3450350000,68.6759186600
2025-03-30,2,10,12,1:40-2:10,66.3314200000,143.3175266300
2025-03-30,3,17,17,2:50-3:00,1.5118333333,3.2935289167
2025-03-30,4,21,25,3:30-4:20,87.2438971429,190.7702428499
2025-03-30,5,29,33,4:50-5:40,88.8916938095,191.1787754781
2025-03-30,6,70,72,11:40-12:10,74.8409157143,170.3861777287
2025-03-30,7,84,88,14:00-14:50,350.5188595238,1782.5435943012
2025-03-30,8,109,109,18:10-18:20,26.7486471429,166.4702054936
2025-03-30,9,114,115,19:00-19:20,21.6803564286,146.2550731054
2025-03-30,10,123,123,20:30-20:40,2.2162916667,15.4608506667
2025-03-30,11,127,127,21:10-21:20,3.8338466667,17.9634885567
2025-03-30,12,133,133,22:10-22:20,17.0275033333,37.1880672800
2025-03-31,1,0,1,0:00-0:20,7.5037050000,15.9283933000
2025-03-31,2,4,5,0:40-1:00,19.8844783333,42.5290159808
2025-03-31,3,28,29,4:40-5:00,40.3681047619,89.0252953786
2025-03-31,4,33,35,5:30-6:00,38.7068802381,95.8178820555
2025-03-31,5,67,67,11:10-11:20,8.0644400000,20.1893255400
2025-03-31,6,69,69,11:30-11:40,26.0295761905,62.2757610357
2025-03-31,7,71,79,11:50-13:20,607.2892161905,1919.8540202476
2025-03-31,8,81,91,13:30-15:20,768.3394778571,3542.5694462757
2025-03-31,9,93,94,15:30-15:50,66.0887942857,255.3111143777
2025-03-31,10,99,102,16:30-17:10,87.5626566667,400.6186526551
2025-03-31,11,105,105,17:30-17:40,2.6738607143,13.0484402857
2025-03-31,12,121,121,20:10-20:20,10.4903500000,70.2853450000
2025-03-31,13,125,125,20:50-21:00,24.6771666667,115.1436596667
2025-03-31,14,128,128,21:20-21:30,20.2816666667,95.0297491667
2025-03-31,15,131,131,21:50-22:00,0.1790000000,0.3767055000
2025-04-01,1,0,0,0:00-0:10,3.9407166667,8.3700822000
2025-04-01,2,4,4,0:40-0:50,20.0494233333,42.8155435283
2025-04-01,3,7,8,1:10-1:30,1.8993333333,4.0655556667
2025-04-01,4,11,11,1:50-2:00,3.4128333333,7.3563622500
2025-04-01,5,13,17,2:10-3:00,110.9891500000,241.1979262400
2025-04-01,6,20,21,3:20-3:40,31.2533783333,68.0463351925
2025-04-01,7,27,34,4:30-5:50,115.5034288095,250.4208359861
2025-04-01,8,56,57,9:20-9:40,26.4132192857,127.6906937455
2025-04-01,9,59,59,9:50-10:00,57.2766666667,285.7246516667
2025-04-01,10,64,78,10:40-13:10,2530.0321995238,6149.7027955006
2025-04-01,11,80,82,13:20-13:50,30.7386692857,133.6215680860
2025-04-01,12,87,88,14:30-14:50,30.3315685714,151.9089259200
2025-04-01,13,90,92,15:00-15:30,40.8435102381,147.4070851163
2025-04-01,14,95,95,15:50-16:00,9.2850238095,37.3954333929
2025-04-01,15,102,102,17:00-17:10,16.4131416667,77.6505732250
2025-04-01,16,105,107,17:30-18:00,62.5120395238,347.3890703267
2025-04-01,17,114,114,19:00-19:10,6.5242040476,44.1134056680
2025-04-01,18,117,117,19:30-19:40,3.0234566667,20.3932152167
2025-04-01,19,120,121,20:00-20:20,48.6359733333,326.8878252133
2025-04-01,20,123,124,20:30-20:50,26.5892766667,165.1623889017
2025-04-01,21,129,130,21:30-21:50,54.9465850000,241.2804582725
2025-04-02,1,0,1,0:00-0:20,27.4676000000,58.3231160325
2025-04-02,2,13,13,2:10-2:20,0.7115933333,1.5384647867
2025-04-02,3,16,16,2:40-2:50,4.9660766667,10.7639711750
2025-04-02,4,19,19,3:10-3:20,18.1887700000,39.7515568350
2025-04-02,5,23,32,3:50-5:30,134.8742128571,295.0276659204
2025-04-02,6,36,38,6:00-6:30,12.4812754762,56.1596722995
2025-04-02,7,42,76,7:00-12:50,2942.8274107407,12057.6185896281
2025-04-02,8,108,109,18:00-18:20,7.6428000000,47.9482243950
2025-04-02,9,111,111,18:30-18:40,4.6667047619,29.2182385143
2025-04-02,10,116,118,19:20-19:50,43.2003683333,291.2689008140
2025-04-02,11,122,123,20:20-20:40,61.5333416667,418.7988876333
2025-04-02,12,138,139,23:00-23:20,31.5993550000,67.1032743933
2025-04-03,1,1,1,0:10-0:20,10.1632850000,21.5715724125
2025-04-03,2,12,13,2:00-2:20,35.5160333333,76.5661861850
2025-04-03,3,18,19,3:00-3:20,9.2853733333,20.2973224100
2025-04-03,4,25,26,4:10-4:30,14.7803066667,32.3194329800
2025-04-03,5,31,32,5:10-5:30,34.9405452381,75.8792681560
2025-04-03,6,40,44,6:40-7:30,144.4911876190,586.7230611650
2025-04-03,7,46,48,7:40-8:10,86.9701947619,494.3052430250
2025-04-03,8,54,55,9:00-9:20,38.5779004762,193.1155861285
2025-04-03,9,83,83,13:50-14:00,38.4056190476,187.3042040952
2025-04-03,10,91,91,15:10-15:20,0.9718833333,3.5070410083
2025-04-03,11,93,93,15:30-15:40,2.7001526190,10.1714749160
2025-04-03,12,97,97,16:10-16:20,8.7145559524,37.1196510792
2025-04-03,13,110,110,18:20-18:30,10.0328333333,62.9309470833
2025-04-03,14,113,114,18:50-19:10,6.0273438095,40.6426401681
2025-04-03,15,122,122,20:20-20:30,6.2768333333,42.3341024167
2025-04-03,16,126,126,21:00-21:10,9.0159750000,40.8784306500
2025-04-03,17,136,136,22:40-22:50,1.6440866667,3.4862857767
2025-04-03,18,141,142,23:30-23:50,44.4018333333,94.1966762533
2025-04-04,1,9,9,1:30-1:40,5.1331933333,11.0671648267
2025-04-04,2,14,14,2:20-2:30,2.1146666667,4.6173746667
2025-04-04,3,21,23,3:30-4:00,42.2847038095,92.1628774456
2025-04-04,4,27,27,4:30-4:40,13.3415535714,29.3047224196
2025-04-04,5,39,41,6:30-7:00,41.7783628571,177.2700216689
2025-04-04,6,110,111,18:20-18:40,25.9211478571,162.4437770669
2025-04-04,7,119,120,19:50-20:10,10.8422023810,73.1277521369
2025-04-04,8,124,125,20:40-21:00,14.9162400000,75.8551452867
2025-04-04,9,131,131,21:50-22:00,5.7840000000,12.1724280000
2025-04-04,10,137,137,22:50-23:00,12.6423333333,26.7827831667
2025-04-05,1,2,3,0:20-0:40,18.6791000000,39.8821341000
2025-04-05,2,6,9,1:00-1:40,46.8218733333,100.7228208417
2025-04-05,3,13,14,2:10-2:30,19.9764816667,43.3155160300
2025-04-05,4,22,24,3:40-4:10,46.1770052381,100.9756651813
2025-04-05,5,86,86,14:20-14:30,6.6255000000,34.0252552500
2025-04-05,6,89,89,14:50-15:00,2.1455119048,7.1810283452
2025-04-05,7,91,94,15:10-15:50,257.6087745238,956.2325658954
2025-04-05,8,103,106,17:10-17:50,83.1070266667,416.6626597662
2025-04-05,9,117,118,19:30-19:50,33.1452726190,223.4592064820
2025-04-05,10,124,124,20:40-20:50,11.9796633333,73.2316819567
2025-04-05,11,131,132,21:50-22:10,8.6744483333,17.8095730592
2025-04-05,12,138,139,23:00-23:20,26.2471850000,55.6812386000
2025-04-06,1,11,11,1:50-2:00,5.0075000000,10.7936662500
2025-04-06,2,26,26,4:20-4:30,41.1960000000,89.8896720000
2025-04-06,3,29,29,4:50-5:00,22.4406666667,49.3133650000
2025-04-06,4,40,41,6:40-7:00,13.2161835714,55.1161075693
2025-04-06,5,44,45,7:20-7:40,24.0794421429,87.1708924873
2025-04-06,6,89,90,14:50-15:10,14.8347947619,49.3869340000
2025-04-06,7,92,92,15:20-15:30,0.4763095238,1.7404350000
2025-04-06,8,104,104,17:20-17:30,4.0720000000,20.0790320000
2025-04-06,9,113,113,18:50-19:00,27.1586666667,182.8593026667
2025-04-06,10,121,121,20:10-20:20,0.4487200000,3.0064240000
2025-04-06,11,125,125,20:50-21:00,5.6500000000,26.3629000000
2025-04-06,12,128,129,21:20-21:40,19.0593516667,93.8557218175
2025-04-07,1,6,7,1:00-1:20,46.4935400000,100.1310186300
2025-04-07,2,16,18,2:40-3:10,25.2416983333,54.9698218042
2025-04-07,3,21,21,3:30-3:40,1.9750166667,4.2986237750
2025-04-07,4,24,26,4:00-4:30,48.3664852381,106.1282373760
2025-04-07,5,75,76,12:30-12:50,60.8848250000,159.4622005000
2025-04-07,6,78,79,13:00-13:20,53.3925890476,228.4723778481
2025-04-07,7,89,89,14:50-15:00,15.6543452381,52.3950935119
2025-04-07,8,110,110,18:20-18:30,0.6943333333,4.3552058333
2025-04-07,9,126,126,21:00-21:10,28.1848700000,127.7902005800
2025-04-07,10,130,130,21:40-21:50,21.7796150000,84.5484654300
2025-04-07,11,133,133,22:10-22:20,17.6178283333,38.4773370800
2025-04-07,12,136,140,22:40-23:30,29.3369133333,62.1739092892
2025-04-08,1,0,0,0:00-0:10,1.2024200000,2.5539400800
2025-04-08,2,26,27,4:20-4:40,4.5928469048,10.0365126430
2025-04-08,3,37,40,6:10-6:50,167.5378878571,728.5065929805
2025-04-08,4,42,45,7:00-7:40,82.0121121429,313.0694205637
2025-04-08,5,49,51,8:10-8:40,63.9485004762,346.5768018621
2025-04-08,6,99,105,16:30-17:40,204.0598892857,967.7387043454
2025-04-08,7,107,112,17:50-18:50,47.1920438095,297.3412223158
2025-04-08,8,118,119,19:40-20:00,22.2780195238,150.1738540221
2025-04-08,9,123,123,20:30-20:40,3.7516350000,26.1714057600
2025-04-08,10,126,127,21:00-21:20,28.1073500000,130.7766951100
2025-04-08,11,133,134,22:10-22:30,15.0563366667,32.0015751133
2025-04-08,12,137,138,22:50-23:10,9.5294716667,20.1961816533
2025-04-08,13,143,143,23:50-24:00,12.0176666667,25.6937713333
2025-04-09,1,2,2,0:20-0:30,10.2463333333,21.8707985000
2025-04-09,2,8,8,1:20-1:30,5.0616666667,10.8294358333
2025-04-09,3,23,24,3:50-4:10,13.6434016667,29.9025079508
2025-04-09,4,38,38,6:20-6:30,1.6210595238,7.0994301845
2025-04-09,5,40,43,6:40-7:20,67.4506145238,277.6454903562
2025-04-09,6,55,55,9:10-9:20,4.0599335714,20.1413304479
2025-04-09,7,62,62,10:20-10:30,85.2715952381,407.1292314643
2025-04-09,8,66,79,11:00-13:20,1221.2819897619,3557.0510759055
2025-04-09,9,83,85,13:50-14:20,138.9112283333,692.1787540826
2025-04-09,10,87,95,14:30-16:00,349.2798295238,1312.0322215407
2025-04-09,11,98,98,16:20-16:30,0.6882619048,3.0252552024
2025-04-09,12,109,109,18:10-18:20,20.6755840476,128.6744973204
2025-04-09,13,124,124,20:40-20:50,21.6256366667,132.1975169433
2025-04-09,14,131,131,21:50-22:00,33.1235000000,69.7084057500
2025-04-09,15,134,135,22:20-22:40,79.3567766667,166.3223295633
2025-04-09,16,141,141,23:30-23:40,4.2248533333,8.9566890667
2025-04-10,1,3,5,0:30-1:00,35.3423066667,75.5367958550
2025-04-10,2,9,10,1:30-1:50,10.5116750000,22.6677948000
2025-04-10,3,19,19,3:10-3:20,5.4774700000,11.9710106850
2025-04-10,4,21,21,3:30-3:40,10.2090233333,22.2199392850
2025-04-10,5,36,36,6:00-6:10,9.4452945238,44.2417595495
2025-04-10,6,39,39,6:30-6:40,0.4747780952,2.0417831986
2025-04-10,7,43,43,7:10-7:20,15.8401297619,63.1387572310
2025-04-10,8,55,58,9:10-9:50,233.5885383333,1119.1899456046
2025-04-10,9,60,61,10:00-10:20,16.7091250000,81.8608452527
2025-04-10,10,95,98,15:50-16:30,222.9536221429,935.5494614527
2025-04-10,11,101,103,16:50-17:20,50.5112802381,237.7096525326
2025-04-10,12,107,108,17:50-18:10,30.1480695238,187.8212593110
2025-04-10,13,111,111,18:30-18:40,6.9646780952,43.6058495543
2025-04-10,14,115,115,19:10-19:20,28.0876061905,188.8189326155
2025-04-10,15,124,124,20:40-20:50,15.2678733333,93.3325096867
2025-04-10,16,129,130,21:30-21:50,33.4905750000,138.4845238450
2025-04-11,1,6,8,1:00-1:30,45.5315783333,97.7508240375
2025-04-11,2,19,20,3:10-3:30,21.4313633333,46.6971995650
2025-04-11,3,23,24,3:50-4:10,7.4053773810,16.2423070935
2025-04-11,4,30,31,5:00-5:20,24.6096347619,53.6341002331
2025-04-11,5,35,37,5:50-6:20,69.6114947619,316.7780378410
2025-04-11,6,104,104,17:20-17:30,5.8609166667,28.9001800833
2025-04-11,7,111,114,18:30-19:10,75.9163726190,497.4043216655
2025-04-11,8,116,117,19:20-19:40,29.4973840476,198.8859167345
2025-04-11,9,127,127,21:10-21:20,2.4486366667,11.4730871017
2025-04-11,10,131,135,21:50-22:40,65.6341550000,136.8451689317
2025-04-11,11,138,139,23:00-23:20,28.7151350000,60.9228433667
2025-04-12,1,3,4,0:30-0:50,34.4974250000,73.6792258100
2025-04-12,2,21,22,3:30-3:50,26.3585809524,57.4162664370
2025-04-12,3,99,100,16:30-16:50,27.6689588095,125.8424704642
2025-04-12,4,106,107,17:40-18:00,70.1810645238,403.0950187181
2025-04-12,5,136,136,22:40-22:50,12.9349766667,27.4286180217
2025-04-13,1,14,15,2:20-2:40,31.3393300000,68.3493911700
2025-04-13,2,30,30,5:00-5:10,2.7251790476,5.9041004067
2025-04-13,3,35,36,5:50-6:10,9.2091983333,42.1044869546
2025-04-13,4,40,42,6:40-7:10,45.7436159524,191.5507855600
2025-04-13,5,53,53,8:50-9:00,8.8944880952,46.0734483333
2025-04-13,6,97,97,16:10-16:20,1.2740857143,5.4269681000
2025-04-13,7,99,103,16:30-17:20,127.1963590476,592.3041617029
2025-04-13,8,105,106,17:30-17:50,18.2306176190,94.8028477481
2025-04-13,9,115,115,19:10-19:20,16.4870250000,110.8340255625
2025-04-13,10,123,127,20:30-21:20,64.6992933333,343.5638768725
2025-04-13,11,131,131,21:50-22:00,1.9260000000,4.0532670000
2025-04-13,12,137,137,22:50-23:00,6.0706666667,12.8607073333
2025-04-14,1,3,4,0:30-0:50,64.8244500000,138.4552249992
2025-04-14,2,6,7,1:00-1:20,18.8601283333,40.6120101075
2025-04-14,3,13,13,2:10-2:20,11.2622516667,24.3489881033
2025-04-14,4,16,17,2:40-3:00,30.5169066667,66.2671395333
2025-04-14,5,28,29,4:40-5:00,24.6734866667,54.3582875200
2025-04-14,6,34,36,5:40-6:10,15.9644952381,66.2396030845
2025-04-14,7,40,42,6:40-7:10,21.2418833333,87.6666831393
2025-04-14,8,72,73,12:00-12:20,71.5759342857,161.9378407171
2025-04-14,9,111,112,18:30-18:50,74.3503738095,471.8295370779
2025-04-14,10,114,114,19:00-19:10,6.0195702381,40.7013241649
2025-04-14,11,117,118,19:30-19:50,34.1432907143,230.0733103823
2025-04-14,12,123,123,20:30-20:40,24.2282066667,169.0159697067
2025-04-14,13,129,130,21:30-21:50,15.0914466667,71.9250503275
2025-04-15,1,81,83,13:30-14:00,50.6178854762,227.8576563711
2025-04-15,2,92,94,15:20-15:50,60.3489704762,225.2132652208
2025-04-15,3,118,118,19:40-19:50,19.6256416667,132.2081350875
2025-04-15,4,130,130,21:40-21:50,28.3992150000,110.2457526300
2025-04-16,1,4,5,0:40-1:00,33.1027533333,70.8749620767
2025-04-16,2,9,11,1:30-2:00,51.0205516667,110.2269125608
2025-04-16,3,14,14,2:20-2:30,1.4828333333,3.2377665833
2025-04-16,4,23,23,3:50-4:00,17.8115000000,38.9893735000
2025-04-16,5,42,42,7:00-7:10,22.2609966667,90.0679925133
2025-04-16,6,45,45,7:30-7:40,7.0829419048,24.4326081005
2025-04-16,7,51,52,8:30-8:50,35.5990302381,186.0507348988
2025-04-16,8,57,58,9:30-9:50,24.7764019048,117.5733791008
2025-04-16,9,60,62,10:00-10:30,164.5080054762,795.3721708244
2025-04-16,10,66,67,11:00-11:20,106.9084040476,260.6044877314
2025-04-16,11,70,72,11:40-12:10,206.2825042857,467.6826912004
2025-04-16,12,74,75,12:20-12:40,55.4388452381,119.1889664821
2025-04-16,13,89,92,14:50-15:30,73.6592719048,254.6448352170
2025-04-16,14,96,97,16:00-16:20,14.9224830952,61.7674604394
2025-04-16,15,111,113,18:30-19:00,44.0344952381,283.2622019255
2025-04-16,16,126,127,21:00-21:20,30.2885033333,139.8222931008
2025-04-16,17,136,137,22:40-23:00,19.6554050000,41.6546016358
2025-04-16,18,141,143,23:30-24:00,10.7259133333,22.8611566108
2025-04-17,1,5,6,0:50-1:10,9.7548866667,21.0080682100
2025-04-17,2,17,17,2:50-3:00,10.7053333333,23.3215686667
2025-04-17,3,20,20,3:20-3:30,2.6643333333,5.8029180000
2025-04-17,4,33,33,5:30-5:40,2.7203754762,5.0503770715
2025-04-17,5,43,43,7:10-7:20,3.8175204762,15.2166366181
2025-04-17,6,48,49,8:00-8:20,41.8212202381,235.8737291171
2025-04-17,7,65,65,10:50-11:00,79.7461785714,200.3622736607
2025-04-17,8,79,79,13:10-13:20,2.3646861905,9.9505994895
2025-04-17,9,97,98,16:10-16:30,9.2888138095,40.7945725169
2025-04-17,10,103,103,17:10-17:20,15.5350357143,75.6711589643
2025-04-17,11,107,108,17:50-18:10,8.0479976190,50.5369092845
2025-04-17,12,119,119,19:50-20:00,5.5681666667,37.5350115000
2025-04-17,13,122,122,20:20-20:30,6.4433333333,43.4570616667
2025-04-17,14,128,128,21:20-21:30,12.6053333333,59.0622893333
2025-04-18,1,0,1,0:00-0:20,7.8298166667,16.6219515975
2025-04-18,2,11,11,1:50-2:00,12.2631666667,26.4332557500
2025-04-18,3,14,17,2:20-3:00,77.5218600000,168.3987482883
2025-04-18,4,20,20,3:20-3:30,8.1325000000,17.7125850000
2025-04-18,5,25,25,4:10-4:20,4.1290211905,9.0611370025
2025-04-18,6,90,91,15:00-15:20,25.8732447619,87.3354875743
2025-04-18,7,110,111,18:20-18:40,30.0652195238,188.5215326886
2025-04-18,8,130,130,21:40-21:50,17.2482566667,66.9577323800
2025-04-18,9,138,138,23:00-23:10,9.3617950000,19.8844525800
2025-04-19,1,0,1,0:00-0:20,24.7968383333,52.6520376425
2025-04-19,2,12,13,2:00-2:20,71.8666000000,154.7704427467
2025-04-19,3,24,24,4:00-4:10,1.5045783333,3.3108246225
2025-04-19,4,33,33,5:30-5:40,1.8139857143,3.3676644786
2025-04-19,5,44,44,7:20-7:30,24.9106071429,95.2083405000
2025-04-19,6,113,115,18:50-19:20,41.5546161905,280.6204962719
2025-04-19,7,132,134,22:00-22:30,60.8400316667,126.2268983958
2025-04-19,8,142,142,23:40-23:50,3.1466933333,6.7197636133
2025-04-20,1,3,3,0:30-0:40,14.5656000000,31.1121216000
2025-04-20,2,7,7,1:10-1:20,1.5652650000,3.3668850150
2025-04-20,3,28,29,4:40-5:00,28.6796302381,63.1772564564
2025-04-20,4,32,32,5:20-5:30,16.0088333333,34.4269960833
2025-04-20,5,38,38,6:20-6:30,10.5958690476,46.4046084940
2025-04-20,6,45,46,7:30-7:50,37.9461421429,155.1195297068
2025-04-20,7,50,52,8:20-8:50,117.9649526190,628.1056712690
2025-04-20,8,85,86,14:10-14:30,22.3296557143,113.5091932990
2025-04-20,9,98,99,16:20-16:40,54.1194540476,239.5754351152
2025-04-20,10,102,103,17:00-17:20,15.1296438095,72.1711882629
2025-04-20,11,106,107,17:40-18:00,15.2605378571,82.9235845986
2025-04-20,12,128,128,21:20-21:30,0.9646666667,4.5199456667
2025-04-20,13,132,132,22:00-22:10,2.2902733333,4.4190823967
2025-04-20,14,139,139,23:10-23:20,14.0241433333,29.7311838667
2025-04-20,15,143,143,23:50-24:00,33.8956666667,72.4689353333
2025-04-21,1,2,2,0:20-0:30,1.1446666667,2.4432910000
2025-04-21,2,5,5,0:50-1:00,1.8085000000,3.8747112500
2025-04-21,3,8,8,1:20-1:30,15.2710000000,32.6723045000
2025-04-21,4,18,21,3:00-3:40,57.8567647619,126.3542955268
2025-04-21,5,25,25,4:10-4:20,15.9647366667,35.0346146150
2025-04-21,6,31,33,5:10-5:40,35.1350442857,75.4644808107
2025-04-21,7,37,38,6:10-6:30,40.7087052381,178.2719510471
2025-04-21,8,107,108,17:50-18:10,19.9277676190,125.1360779124
2025-04-21,9,121,123,20:10-20:40,39.2011402381,268.0636150286
2025-04-21,10,127,128,21:10-21:30,31.7384433333,148.7104762383
2025-04-21,11,132,132,22:00-22:10,1.3094766667,2.5266352283
2025-04-21,12,135,136,22:30-22:50,83.9006516667,176.7628438592
2025-04-22,1,3,4,0:30-0:50,17.1566366667,36.6457962300
2025-04-22,2,10,10,1:40-1:50,3.2013950000,6.9358222675
2025-04-22,3,12,12,2:00-2:10,3.9227583333,8.4202007625
2025-04-22,4,21,22,3:30-3:50,44.4649388095,96.8350159556
2025-04-22,5,25,26,4:10-4:30,15.3464404762,33.5806532083
2025-04-22,6,29,30,4:50-5:10,26.2904845238,57.5794662208
2025-04-22,7,42,42,7:00-7:10,7.2141109524,29.1882929133
2025-04-22,8,71,76,11:50-12:50,205.0861440476,486.8790461792
2025-04-22,9,86,89,14:20-15:00,49.7301352381,253.8235695093
2025-04-22,10,91,92,15:10-15:30,68.7743988095,250.6551483542
2025-04-22,11,110,110,18:20-18:30,24.0826666667,151.0585266667
2025-04-22,12,128,129,21:20-21:40,46.1046366667,220.0005176017
2025-04-22,13,133,135,22:10-22:40,9.1300716667,19.3856111183
2025-04-22,14,139,139,23:10-23:20,9.9460833333,21.0856966667
2025-04-22,15,142,143,23:40-24:00,39.1873616667,83.7797887558
2025-04-23,1,0,2,0:00-0:30,53.3223116667,113.4920567200
2025-04-23,2,5,6,0:50-1:10,40.0533200000,86.0121997600
2025-04-23,3,10,10,1:40-1:50,3.7383433333,8.0991208317
2025-04-23,4,12,12,2:00-2:10,1.0015883333,2.1499093575
2025-04-23,5,21,21,3:30-3:40,4.6639914286,10.1511773443
2025-04-23,6,25,25,4:10-4:20,1.1004333333,2.4149009500
2025-04-23,7,30,30,5:00-5:10,2.9634992857,6.4204212025
2025-04-23,8,33,34,5:30-5:50,46.0335578571,110.8908533743
2025-04-23,9,43,44,7:10-7:30,28.2245397619,109.2853042529
2025-04-23,10,67,70,11:10-11:50,92.4105516667,225.8127472968
2025-04-23,11,77,78,12:50-13:10,8.7163592857,36.1419831457
2025-04-23,12,80,80,13:20-13:30,18.7790119048,80.9187622976
2025-04-23,13,110,110,18:20-18:30,5.9855000000,37.5440487500
2025-04-23,14,119,120,19:50-20:10,28.2397783333,190.5161467258
2025-04-23,15,129,130,21:30-21:50,20.2839316667,85.6713538492
2025-04-23,16,143,143,23:50-24:00,2.2546666667,4.8204773333
2025-04-24,1,0,0,0:00-0:10,9.3774283333,19.9176577800
2025-04-24,2,7,7,1:10-1:20,3.0251266667,6.5070474600
2025-04-24,3,11,11,1:50-2:00,3.7203333333,8.0191785000
2025-04-24,4,33,34,5:30-5:50,12.4720642857,27.3617763214
2025-04-24,5,36,38,6:00-6:30,8.8297409524,39.7586053852
2025-04-24,6,105,106,17:30-17:50,39.3009638095,201.0413990679
2025-04-24,7,109,110,18:10-18:30,21.6600911905,135.3255053573
2025-04-24,8,117,117,19:30-19:40,9.2663307143,62.5014006679
2025-04-24,9,122,122,20:20-20:30,11.6596666667,78.6386218333
2025-04-24,10,127,129,21:10-21:40,14.1517683333,67.6797238592
2025-04-24,11,143,143,23:50-24:00,13.0690000000,27.9415220000
2025-04-25,1,3,4,0:30-0:50,17.8995783333,38.2277365675
2025-04-25,2,25,25,4:10-4:20,13.3723516667,29.3456257325
2025-04-25,3,112,112,18:40-18:50,10.3037176190,66.3610933255
2025-04-25,4,116,116,19:20-19:30,1.8960000000,12.7818840000
2025-04-25,5,121,122,20:10-20:30,25.1247835714,168.9390026786
2025-04-25,6,125,125,20:50-21:00,3.7681666667,17.5822656667
2025-04-25,7,132,132,22:00-22:10,8.4066550000,16.2206408225
2025-04-25,8,136,137,22:40-23:00,26.8958483333,57.0275327242
2025-04-25,9,141,142,23:30-23:50,42.1763883333,89.4983961275
2025-04-26,1,5,6,0:50-1:10,19.9895900000,43.0220152450
2025-04-26,2,15,16,2:30-2:50,21.9507816667,47.6343947950
2025-04-26,3,26,26,4:20-4:30,34.8003333333,75.9343273333
2025-04-26,4,30,30,5:00-5:10,16.6612338095,36.0965630483
2025-04-26,5,34,35,5:40-6:00,15.4059492857,56.3260695352
2025-04-26,6,98,103,16:20-17:20,112.7496223810,531.0462494120
2025-04-26,7,105,105,17:30-17:40,15.8419907143,77.3089146857
2025-04-26,8,111,113,18:30-19:00,42.0954616667,266.2778283068
2025-04-26,9,125,125,20:50-21:00,18.2315000000,85.0681790000
2025-04-26,10,134,135,22:20-22:40,48.0000900000,100.6366433700
2025-04-26,11,140,141,23:20-23:40,11.9771600000,25.3742258667
2025-04-27,1,1,3,0:10-0:40,78.9689683333,168.5430213700
2025-04-27,2,21,23,3:30-4:00,57.3806869048,125.0310717157
2025-04-27,3,38,38,6:20-6:30,8.0198571429,35.1229643571
2025-04-27,4,42,45,7:00-7:40,63.1166792857,242.8336070588
2025-04-27,5,48,49,8:00-8:20,104.5627040476,588.1189822885
2025-04-27,6,53,53,8:50-9:00,0.4237500000,2.1950250000
2025-04-27,7,89,104,14:50-17:30,660.2995357143,2849.8662796526
2025-04-27,8,107,108,17:50-18:10,52.2462842857,325.6133461231
2025-04-27,9,117,118,19:30-19:50,28.6450533333,193.0227966625
2025-04-27,10,138,139,23:00-23:20,31.2091983333,66.2229801267
2025-04-27,11,143,143,23:50-24:00,16.6298333333,35.5545836667
2025-04-28,1,0,0,0:00-0:10,1.7973200000,3.8175076800
2025-04-28,2,6,6,1:00-1:10,10.3352833333,22.2777032250
2025-04-28,3,10,11,1:40-2:00,73.4906333333,158.8293111167
2025-04-28,4,17,17,2:50-3:00,2.7981666667,6.0958060833
2025-04-28,5,20,20,3:20-3:30,1.1365000000,2.4752970000
2025-04-28,6,26,26,4:20-4:30,14.7733333333,32.2354133333
2025-04-28,7,50,97,8:20-16:20,5157.2104535714,18971.0117967164
2025-04-28,8,100,101,16:40-17:00,22.4940226190,103.7092280280
2025-04-28,9,104,107,17:20-18:00,49.6059680952,262.4861277881
2025-04-28,10,114,114,19:00-19:10,0.3080350000,2.0827786525
2025-04-28,11,124,125,20:40-21:00,49.4839633333,257.5125788567
2025-04-28,12,131,132,21:50-22:10,15.1342966667,30.9812295850
2025-04-28,13,140,140,23:20-23:30,3.5413333333,7.4722133333
2025-04-29,1,23,23,3:50-4:00,2.3763333333,5.2017936667
2025-04-29,2,27,27,4:30-4:40,3.7478923810,8.2322456148
2025-04-29,3,89,89,14:50-15:00,34.6215119048,115.8782003452
2025-04-29,4,92,99,15:20-16:40,462.2851535714,1904.5021942644
2025-04-29,5,108,108,18:00-18:10,4.0154383333,25.2189604525
2025-04-29,6,115,115,19:10-19:20,2.9174426190,19.6125080065
2025-04-29,7,121,122,20:10-20:30,37.6176700000,252.9624240833
2025-04-29,8,134,134,22:20-22:30,1.5668333333,3.2887831667
2025-04-30,1,7,7,1:10-1:20,1.8735350000,4.0299737850
2025-04-30,2,13,16,2:10-2:50,69.1983733333,150.5355427783
2025-04-30,3,36,36,6:00-6:10,8.2736723810,38.7538814324
2025-04-30,4,40,40,6:40-6:50,22.5109642857,95.0187802500
2025-04-30,5,42,42,7:00-7:10,1.6852297619,6.8184396167
2025-04-30,6,62,67,10:20-11:20,259.2767073810,902.6773318325
2025-04-30,7,69,70,11:30-11:50,67.0090411905,158.6580264300
2025-04-30,8,72,77,12:00-13:00,275.5666514286,691.0467734002
2025-04-30,9,115,116,19:10-19:30,25.9821388095,175.0054081470
2025-04-30,10,118,120,19:40-20:10,11.5154454762,77.6088972670
2025-04-30,11,124,126,20:40-21:10,58.7002133333,276.1511092567
2025-04-30,12,133,133,22:10-22:20,9.1838133333,20.0574483200
2025-04-30,13,142,143,23:40-24:00,47.5514750000,101.6314494458
2025-05-01,1,0,2,0:00-0:30,18.3322783333,39.0557916525
2025-05-01,2,13,13,2:10-2:20,4.4254583333,9.5678409167
2025-05-01,3,18,19,3:00-3:20,27.9753850000,61.1414065025
2025-05-01,4,22,23,3:40-4:00,33.2050145238,72.5638071619
2025-05-01,5,26,27,4:20-4:40,53.7445945238,117.8383598715
2025-05-01,6,31,31,5:10-5:20,15.1833242857,33.6993882521
2025-05-01,7,39,43,6:30-7:20,151.2538100000,630.3674122276
2025-05-01,8,45,47,7:30-8:00,135.0843773810,665.8134812306
2025-05-01,9,54,54,9:00-9:10,6.3621733333,32.2784864067
2025-05-01,10,89,89,14:50-15:00,5.7480000000,19.2385560000
2025-05-01,11,95,95,15:50-16:00,8.6632142857,34.8910955357
2025-05-01,12,100,142,16:40-23:50,2236.9931423810,10745.6242189583
2025-05-02,1,1,1,0:10-0:20,0.9456250000,2.0070890625
2025-05-02,2,8,10,1:20-1:50,31.7836033333,68.5875712642
2025-05-02,3,17,17,2:50-3:00,10.9051666667,23.7569055833
2025-05-02,4,26,28,4:20-4:50,27.4364492857,60.1387792974
2025-05-02,5,31,31,5:10-5:20,11.7071480952,25.9840151974
2025-05-02,6,36,38,6:00-6:30,48.8715180952,218.4587369176
2025-05-02,7,41,44,6:50-7:30,94.5677314286,385.5953751576
2025-05-02,8,74,81,12:20-13:40,524.6518485714,1741.6214266014
2025-05-02,9,85,92,14:10-15:30,428.4558592857,1793.1691689306
2025-05-02,10,97,111,16:10-18:40,944.0500319048,4774.9901441861
2025-05-02,11,114,127,19:00-21:20,641.3060707143,3896.7688422519
2025-05-02,12,129,135,21:30-22:40,347.5794516667,971.1619924108
2025-05-02,13,137,138,22:50-23:10,41.4993900000,88.0346979433
2025-05-02,14,141,143,23:30-24:00,85.4131683333,182.0124727908
2025-05-03,1,7,10,1:10-1:50,136.5435183333,293.2273912508
2025-05-03,2,23,23,3:50-4:00,9.9801666667,21.8465848333
2025-05-03,3,34,34,5:40-5:50,1.1403721429,3.2546220957
2025-05-03,4,43,43,7:10-7:20,2.6050859524,10.3838726062
2025-05-03,5,96,97,16:00-16:20,27.4103035714,116.5755395206
2025-05-03,6,102,102,17:00-17:10,1.1022278571,5.2146399921
2025-05-03,7,104,105,17:20-17:40,7.8189614286,38.2162023786
2025-05-03,8,109,111,18:10-18:40,103.9716661905,649.9977013489
2025-05-03,9,113,123,18:50-20:40,545.2580447619,3675.3925535755
2025-05-03,10,125,131,20:50-22:00,433.5954600000,1925.6635349658
2025-05-03,11,133,135,22:10-22:40,33.8435733333,72.0131765250
2025-05-03,12,138,141,23:00-23:40,90.9983700000,192.4353018933
2025-05-04,1,0,3,0:00-0:40,79.3410150000,168.9306492125
2025-05-04,2,5,8,0:50-1:30,33.5826350000,72.2413208308
2025-05-04,3,11,11,1:50-2:00,6.8001666667,14.6577592500
2025-05-04,4,17,19,2:50-3:20,60.8232933333,132.9222429875
2025-05-04,5,24,25,4:00-4:20,29.4002045238,64.6169258346
2025-05-04,6,31,31,5:10-5:20,8.2161188095,18.2356756977
2025-05-04,7,33,34,5:30-5:50,8.8782388095,17.1061574124
2025-05-04,8,68,68,11:20-11:30,7.7532023810,18.7123539464
2025-05-04,9,76,78,12:40-13:10,55.2158078571,228.3417603688
2025-05-04,10,105,108,17:30-18:10,103.7917497619,614.2146200676
2025-05-04,11,111,117,18:30-19:40,281.3429628571,1837.2626953775
2025-05-04,12,119,121,19:50-20:20,86.3711285714,581.9359767542
2025-05-04,13,123,133,20:30-22:20,500.6205900000,2066.8364167508
2025-05-04,14,135,136,22:30-22:50,57.0169200000,120.0775488725
2025-05-04,15,138,141,23:00-23:40,80.1492483333,169.6609955267
2025-05-05,1,0,2,0:00-0:30,99.2274750000,210.8103908850
2025-05-05,2,5,5,0:50-1:00,6.0468333333,12.9553404167
2025-05-05,3,12,13,2:00-2:20,79.5401383333,171.3956198950
2025-05-05,4,22,22,3:40-3:50,3.0513050000,6.6518449000
2025-05-05,5,29,29,4:50-5:00,15.4128333333,33.8697012500
2025-05-05,6,32,33,5:20-5:40,11.5768647619,24.3375609305
2025-05-05,7,39,40,6:30-6:50,70.2636333333,300.2036756643
2025-05-05,8,42,49,7:00-8:20,454.3502973810,1938.0331093081
2025-05-05,9,55,56,9:10-9:30,74.6385450000,364.5540156021
2025-05-05,10,99,106,16:30-17:50,335.6527166667,1616.1062188456
2025-05-05,11,109,113,18:10-19:00,202.0769221429,1298.5204071869
2025-05-05,12,116,116,19:20-19:30,30.6283333333,206.4809091667
2025-05-05,13,120,121,20:00-20:20,108.9589878571,733.4697505730
2025-05-05,14,126,128,21:00-21:30,43.1013250000,201.4953377225
2025-05-05,15,132,133,22:00-22:20,19.3395800000,38.9070720558
2025-05-05,16,135,136,22:30-22:50,0.6938666667,1.4703918042
2025-05-05,17,139,142,23:10-23:50,88.8514300000,188.0968650075
2025-05-06,1,3,5,0:30-1:00,85.4592866667,182.6143931183
2025-05-06,2,13,15,2:10-2:40,34.7472333333,75.7201869767
2025-05-06,3,18,19,3:00-3:20,44.2772933333,96.7859634175
2025-05-06,4,24,28,4:00-4:50,132.0350950000,289.6139484648
2025-05-06,5,36,36,6:00-6:10,4.1352159524,19.3693515210
2025-05-06,6,39,39,6:30-6:40,24.9456985714,107.2789767064
2025-05-06,7,44,44,7:20-7:30,17.4919642857,66.8542875000
2025-05-06,8,46,50,7:40-8:30,152.3775269048,834.9879986357
2025-05-06,9,55,58,9:10-9:50,220.6724304762,1050.1776775575
2025-05-06,10,100,100,16:40-16:50,9.2818247619,42.5246801467
2025-05-06,11,105,107,17:30-18:00,50.8301059524,266.6087189986
2025-05-06,12,111,112,18:30-18:50,86.9803321429,554.0589379561
2025-05-06,13,115,116,19:10-19:30,72.9638052381,491.3396583798
2025-05-06,14,119,119,19:50-20:00,29.4866666667,198.7696200000
2025-05-06,15,122,122,20:20-20:30,0.5058333333,3.4115929167
2025-05-06,16,124,125,20:40-21:00,56.4820516667,334.7189168383
2025-05-06,17,128,128,21:20-21:30,59.1151666667,276.9841134167
2025-05-06,18,130,137,21:40-23:00,331.3104383333,699.7218822425
2025-05-07,1,3,4,0:30-0:50,62.0684016667,132.5631755167
2025-05-07,2,17,18,2:50-3:10,13.7096816667,29.9428064717
2025-05-07,3,30,32,5:00-5:30,23.9065428571,52.4807879662
2025-05-07,4,39,40,6:30-6:50,8.0180461905,34.1760911296
2025-05-07,5,53,54,8:50-9:10,38.0669000000,195.4246141143
2025-05-07,6,65,66,10:50-11:10,35.8427119048,89.5039399857
2025-05-07,7,87,90,14:30-15:10,107.2856290476,419.0028659881
2025-05-07,8,93,94,15:30-15:50,13.6831583333,51.9725938081
2025-05-07,9,98,100,16:20-16:50,110.1532733333,493.2746430412
2025-05-07,10,102,109,17:00-18:20,350.7075723810,1921.3494113894
2025-05-07,11,113,114,18:50-19:10,13.8983492857,93.6012934454
2025-05-07,12,116,117,19:20-19:40,58.8149559524,396.5585630655
2025-05-07,13,121,123,20:10-20:40,141.7711100000,960.7587957400
2025-05-07,14,127,127,21:10-21:20,5.4875466667,25.7118999067
2025-05-07,15,131,131,21:50-22:00,16.7008333333,35.1469037500
2025-05-07,16,134,134,22:20-22:30,7.0436666667,14.7846563333
2025-05-07,17,137,138,22:50-23:10,73.4287366667,155.7571190967
2025-05-08,1,1,2,0:10-0:30,50.6003350000,107.8420670375
2025-05-08,2,15,16,2:30-2:50,9.3099033333,20.2395694808
2025-05-08,3,29,31,4:50-5:20,83.5852540476,182.5445272165
2025-05-08,4,64,68,10:40-11:30,252.8945514286,706.9984391414
2025-05-08,5,71,73,11:50-12:20,147.7989492857,329.7454216163
2025-05-08,6,75,76,12:30-12:50,38.4219378571,80.1927146129
2025-05-08,7,86,88,14:20-14:50,145.1862916667,742.6160581310
2025-05-08,8,106,106,17:40-17:50,4.5306247619,24.3339855962
2025-05-08,9,120,121,20:00-20:20,168.8231516667,1135.7916265342
2025-05-08,10,129,130,21:30-21:50,43.5124466667,178.6564302092
2025-05-08,11,135,135,22:30-22:40,11.4934100000,24.0557071300
2025-05-08,12,142,142,23:40-23:50,32.6667766667,69.7599015717
2025-05-09,1,4,6,0:40-1:10,84.0430766667,180.1120855217
2025-05-09,2,10,10,1:40-1:50,8.0764683333,17.4976686442
2025-05-09,3,15,16,2:30-2:50,20.1733133333,43.7785676250
2025-05-09,4,18,18,3:00-3:10,5.9674233333,13.0507548300
2025-05-09,5,101,102,16:50-17:10,42.5261540476,197.9025372993
2025-05-09,6,119,119,19:50-20:00,9.7641666667,65.8202475000
2025-05-10,1,14,14,2:20-2:30,11.5936666667,25.3147711667
2025-05-10,2,18,18,3:00-3:10,13.3223666667,29.1360159000
2025-05-10,3,24,24,4:00-4:10,24.5338535714,53.9867447839
2025-05-10,4,28,28,4:40-4:50,5.7193214286,12.6454196786
2025-05-10,5,32,33,5:20-5:40,27.1903657143,57.8766154486
2025-05-10,6,45,46,7:30-7:50,26.0220198905,98.3416954640
2025-05-10,7,80,82,13:20-13:50,74.3159961905,322.6074890127
2025-05-10,8,96,97,16:00-16:20,49.7230069048,209.9454555880
2025-05-10,9,100,100,16:40-16:50,5.5447054762,25.4030681392
2025-05-10,10,117,117,19:30-19:40,1.6699935714,11.2641066393
2025-05-10,11,125,125,20:50-21:00,22.0060000000,102.6799960000
2025-05-10,12,137,140,22:50-23:30,75.3944666667,159.8116539333
2025-05-11,1,5,5,0:50-1:00,10.6475000000,22.8122687500
2025-05-11,2,8,9,1:20-1:40,59.2334050000,127.1190951800
2025-05-11,3,11,13,1:50-2:20,53.1655866667,114.3624463933
2025-05-11,4,15,16,2:30-2:50,21.3973016667,46.4588322317
2025-05-11,5,23,23,3:50-4:00,6.1210000000,13.3988690000
2025-05-11,6,26,28,4:20-4:50,35.8449135714,78.8828444282
2025-05-11,7,60,60,10:00-10:10,16.5678278571,82.1681422575
2025-05-11,8,66,68,11:00-11:30,61.7423090476,151.5557381043
2025-05-11,9,84,86,14:00-14:30,37.0183976190,187.9281344195
2025-05-11,10,110,112,18:20-18:50,46.0788033333,290.9931905821
2025-05-11,11,115,116,19:10-19:30,107.2462100000,722.3276067250
2025-05-11,12,122,122,20:20-20:30,2.4421666667,16.4711930833
2025-05-11,13,134,134,22:20-22:30,0.1531666667,0.3214968333
2025-05-11,14,138,138,23:00-23:10,2.4243766667,5.1493760400
2025-05-11,15,140,142,23:20-23:50,36.8619966667,78.2610940475
2025-05-12,1,9,10,1:30-1:50,54.7443466667,118.2486326933
2025-05-12,2,14,14,2:20-2:30,9.4885000000,20.7181397500
2025-05-12,3,17,18,2:50-3:10,36.4979250000,79.6946179750
2025-05-12,4,69,70,11:30-11:50,131.1296026190,308.5661230696
2025-05-12,5,72,77,12:00-13:00,500.9929766667,1209.1361543820
2025-05-12,6,101,103,16:50-17:20,35.8124226190,169.0787669560
2025-05-12,7,110,110,18:20-18:30,10.0826309524,63.2433026488
2025-05-12,8,114,116,19:00-19:30,49.4817130952,333.2432536646
2025-05-13,1,5,5,0:50-1:00,1.0668333333,2.2856904167
2025-05-13,2,25,25,4:10-4:20,7.3385152381,16.1043716900
2025-05-13,3,34,35,5:40-6:00,37.0807459524,152.6946727517
2025-05-13,4,70,71,11:40-12:00,42.3798516667,94.9113797707
2025-05-13,5,114,114,19:00-19:10,10.2561797619,69.3471594601
2025-05-13,6,118,118,19:40-19:50,7.8918766667,53.1636271650
2025-05-13,7,126,126,21:00-21:10,2.8689083333,13.0076303833
2025-05-14,1,20,24,3:20-4:10,76.1966935714,166.3178386940
2025-05-14,2,28,29,4:40-5:00,45.2344121429,99.8060489979
2025-05-14,3,35,35,5:50-6:00,5.9399880952,27.0239758393
2025-05-14,4,38,39,6:20-6:40,54.6870626190,238.1342334004
2025-05-14,5,102,103,17:00-17:20,13.6557923810,66.2736542876
2025-05-14,6,105,105,17:30-17:40,3.7748616667,18.4213249333
2025-05-14,7,135,136,22:30-22:50,15.6145216667,32.9675231608
2025-05-14,8,142,142,23:40-23:50,5.7201633333,12.2154087983
2025-05-15,1,11,12,1:50-2:10,39.4780233333,85.0471655850
2025-05-15,2,16,17,2:40-3:00,22.9971000000,49.8914150833
2025-05-15,3,26,28,4:20-4:50,31.7789290476,69.8784716411
2025-05-15,4,35,35,5:50-6:00,9.9587261905,45.3072248036
2025-05-15,5,41,41,6:50-7:00,43.4843690476,181.1993658214
2025-05-15,6,44,45,7:20-7:40,47.1629278571,171.3187105063
2025-05-15,7,91,91,15:10-15:20,0.0528885714,0.1908484100
2025-05-15,8,95,99,15:50-16:40,201.7093354762,881.5212264093
2025-05-15,9,104,104,17:20-17:30,19.4833333333,96.0723166667
2025-05-16,1,1,2,0:10-0:30,29.3990116667,62.6931082625
2025-05-16,2,8,8,1:20-1:30,7.2683333333,15.5505991667
2025-05-16,3,12,12,2:00-2:10,5.8527900000,12.5630137350
2025-05-16,4,29,30,4:50-5:10,5.9472052381,13.0400231483
2025-05-16,5,127,127,21:10-21:20,42.8863633333,200.9440553983
2025-05-16,6,137,138,22:50-23:10,9.9758950000,21.1442583133
2025-05-16,7,141,142,23:30-23:50,53.3561600000,113.5581923942
2025-05-17,1,0,1,0:00-0:20,18.9014833333,40.1216323425
2025-05-17,2,9,9,1:30-1:40,8.5596600000,18.4546269600
2025-05-17,3,12,13,2:00-2:20,17.1879800000,37.0675706533
2025-05-17,4,20,22,3:20-3:50,95.4951361905,207.9552395361
2025-05-17,5,30,30,5:00-5:10,3.0256121429,6.5549887075
2025-05-17,6,84,84,14:00-14:10,39.9338038095,199.7089528514
2025-05-17,7,88,89,14:40-15:00,64.6518947619,260.1396681081
2025-05-17,8,100,101,16:40-17:00,89.3041716667,412.2430653896
2025-05-17,9,117,117,19:30-19:40,8.7468457143,58.9974743429
2025-05-17,10,122,122,20:20-20:30,4.1555000000,28.0267697500
2025-05-17,11,136,136,22:40-22:50,29.2884116667,62.1060769392
2025-05-18,1,8,10,1:20-1:50,44.0069250000,94.9018957800
2025-05-18,2,12,14,2:00-2:30,42.8394933333,93.1598220250
2025-05-18,3,17,17,2:50-3:00,15.7063333333,34.2162471667
2025-05-18,4,21,23,3:30-4:00,24.4767223810,53.3254252763
2025-05-18,5,26,26,4:20-4:30,3.9288333333,8.5727143333
2025-05-18,6,29,29,4:50-5:00,2.0051666667,4.4063537500
2025-05-18,7,32,34,5:20-5:50,34.1178638095,79.5436412999
2025-05-18,8,41,41,6:50-7:00,13.9688571429,58.2082277143
2025-05-18,9,45,47,7:30-8:00,98.4286150000,443.6916677983
2025-05-18,10,50,51,8:20-8:40,90.8471700000,488.7822032548
2025-05-18,11,71,76,11:50-12:50,315.0725178571,708.0350213663
2025-05-19,1,11,11,1:50-2:00,4.7958333333,10.3374187500
2025-05-19,2,33,33,5:30-5:40,0.0295497619,0.0548591330
2025-05-19,3,37,38,6:10-6:30,17.7166238095,77.5866209357
2025-05-19,4,107,107,17:50-18:00,3.4584285714,21.2918155000
2025-05-19,5,121,123,20:10-20:40,95.7445230952,649.1124079624
2025-05-19,6,128,128,21:20-21:30,12.0976666667,56.6836171667
2025-05-19,7,143,143,23:50-24:00,6.5336666667,13.9689793333
2025-05-20,1,0,1,0:00-0:20,8.6092433333,18.2746655575
2025-05-20,2,72,76,12:00-12:50,167.4518216667,378.6412257146
2025-05-20,3,79,81,13:10-13:40,78.5024690476,338.0785765839
2025-05-20,4,83,84,13:50-14:10,65.7181280952,325.3772966995
2025-05-20,5,92,94,15:20-15:50,185.1491314286,703.8949554470
2025-05-20,6,108,108,18:00-18:10,8.8778695238,55.7574595443
2025-05-20,7,113,113,18:50-19:00,8.5893333333,57.8319813333
2025-05-20,8,129,129,21:30-21:40,6.9600133333,34.3511458067
2025-05-20,9,132,132,22:00-22:10,1.7165916667,3.3121636208
2025-05-21,1,4,4,0:40-0:50,8.2620650000,17.6436398075
2025-05-21,2,16,17,2:40-3:00,68.7469433333,149.4570241750
2025-05-21,3,28,28,4:40-4:50,5.6374145238,12.4643235121
2025-05-21,4,57,58,9:30-9:50,25.0111085714,119.1863359825
2025-05-21,5,89,96,14:50-16:10,364.4848542857,1359.5625735648
2025-05-21,6,110,110,18:20-18:30,6.6409166667,41.6551497917
2025-05-21,7,140,141,23:20-23:40,60.0707400000,127.0440754667
2025-05-22,1,6,7,1:00-1:20,27.2166666667,58.5644431725
2025-05-22,2,24,25,4:00-4:20,22.1500523810,48.7360200443
2025-05-22,3,33,34,5:30-5:50,47.1268180952,111.1555221063
2025-05-22,4,40,40,6:40-6:50,5.2469204762,22.1472513300
2025-05-22,5,97,98,16:10-16:30,19.2917254762,83.9840159039
2025-05-22,6,109,109,18:10-18:20,23.7393907143,147.7420981104
2025-05-23,1,6,7,1:00-1:20,24.6494500000,53.0947626525
2025-05-23,2,11,11,1:50-2:00,7.0376666667,15.1696905000
2025-05-23,3,14,14,2:20-2:30,12.9506666667,28.2777806667
2025-05-23,4,18,21,3:00-3:40,101.4701616667,221.2999111329
2025-05-24,1,5,6,0:50-1:10,18.8351050000,40.4275923275
2025-05-24,2,10,10,1:40-1:50,2.1985733333,4.7632091267
2025-05-24,3,12,16,2:00-2:50,53.3354283333,115.7002508542
2025-05-24,4,22,23,3:40-4:00,11.5537914286,25.2880248143
2025-05-24,5,27,28,4:30-4:50,25.7533857143,56.7647156467
2025-05-24,6,36,36,6:00-6:10,7.9069038095,37.0359374438
2025-05-24,7,115,115,19:10-19:20,0.7211247619,4.8477612119
2025-05-25,1,1,1,0:10-0:20,2.3595716667,5.0081908625
2025-05-25,2,7,7,1:10-1:20,10.5021283333,22.5900780450
2025-05-25,3,24,24,4:00-4:10,0.9817716667,2.1603885525
2025-05-25,4,34,34,5:40-5:50,5.2247278571,14.9113733043
2025-05-25,5,36,36,6:00-6:10,24.0788983333,112.7855597933
2025-05-25,6,40,40,6:40-6:50,26.8429183333,113.3039582850
2025-05-25,7,124,125,20:40-21:00,39.1816150000,207.5380301617
2025-05-25,8,136,136,22:40-22:50,2.2449133333,4.7603387233
2025-05-26,1,8,8,1:20-1:30,37.5028333333,80.2373119167
2025-05-26,2,12,12,2:00-2:10,3.4603000000,7.4275339500
2025-05-26,3,26,27,4:20-4:40,3.6011226190,7.8774365827
2025-05-26,4,29,31,4:50-5:20,41.0397933333,89.7435378019
2025-05-26,5,39,45,6:30-7:40,348.4503809524,1383.5006147117
2025-05-26,6,48,50,8:00-8:30,106.6029192857,584.6456345609
2025-05-26,7,60,70,10:00-11:50,1438.0426523810,4701.3828274664
2025-05-26,8,73,75,12:10-12:40,312.6056007143,684.2253686013
2025-05-26,9,77,77,12:50-13:00,4.2597142857,17.6330872857
2025-05-26,10,130,130,21:40-21:50,3.5553900000,13.8020239800
2025-05-26,11,136,137,22:40-23:00,28.3695983333,60.1338009325
2025-05-27,1,0,1,0:00-0:20,11.8205433333,25.1046244000
2025-05-27,2,9,9,1:30-1:40,7.3332200000,15.8104223200
2025-05-27,3,16,17,2:40-3:00,25.5190350000,55.5669053625
2025-05-27,4,20,20,3:20-3:30,21.8968333333,47.6913030000
2025-05-27,5,22,23,3:40-4:00,36.6501195238,80.1210305619
2025-05-27,6,27,28,4:30-4:50,14.8457328571,32.6438884912
2025-05-27,7,96,96,16:00-16:10,5.7390978571,23.7340391882
2025-05-27,8,134,134,22:20-22:30,11.9068333333,24.9924431667
2025-05-28,1,1,3,0:10-0:40,45.9508266667,97.9960175900
2025-05-28,2,5,8,0:50-1:30,24.5478366667,52.7109048283
2025-05-28,3,18,18,3:00-3:10,7.1175300000,15.5660381100
2025-05-28,4,21,21,3:30-3:40,14.6597057143,31.9068494871
2025-05-28,5,32,32,5:20-5:30,0.9312142857,2.0025763214
2025-05-28,6,35,35,5:50-6:00,15.5970595238,70.9588223036
2025-05-28,7,38,38,6:20-6:30,0.8221190476,3.6004703690
2025-05-28,8,41,44,6:50-7:30,172.7700592857,694.5448443533
2025-05-28,9,46,47,7:40-8:00,25.0583990476,131.1855736131
2025-05-28,10,57,60,9:30-10:10,114.7148714286,556.9600578419
2025-05-28,11,65,72,10:50-12:10,802.6385671429,1899.0722379144
2025-05-28,12,74,74,12:20-12:30,16.4600119048,36.7305165655
2025-05-28,13,100,101,16:40-17:00,56.2808547619,260.6505198179
2025-05-28,14,104,105,17:20-17:40,19.9254614286,98.2084568786
2025-05-28,15,120,120,20:00-20:10,2.7699764286,18.7153457396
2025-05-29,1,0,4,0:00-0:50,30.7159666667,65.4394758267
2025-05-29,2,8,8,1:20-1:30,8.4700000000,18.1215650000
2025-05-29,3,16,17,2:40-3:00,17.5468383333,38.1435310875
2025-05-29,4,25,26,4:10-4:30,36.1839883333,79.0592936475
2025-05-29,5,29,29,4:50-5:00,22.4733333333,49.3851500000
2025-05-29,6,32,34,5:20-5:50,16.2337100000,33.3761739525
2025-05-29,7,37,38,6:10-6:30,46.4866440476,203.5743848202
2025-05-29,8,42,43,7:00-7:20,22.7055093024,91.2240347232
2025-05-29,9,46,50,7:40-8:30,259.9531797619,1380.1240723174
2025-05-29,10,55,55,9:10-9:20,1.7158385714,8.5122751529
2025-05-29,11,65,65,10:50-11:00,14.2146904762,35.7144098214
2025-05-29,12,68,70,11:20-11:50,179.5265964286,429.1307377182
2025-05-29,13,99,100,16:30-16:50,28.3463454762,128.2763294740
2025-05-29,14,103,105,17:10-17:40,60.3512997619,295.3266533174
2025-05-29,15,110,111,18:20-18:40,25.2739823810,158.4408021395
2025-05-29,16,115,115,19:10-19:20,33.1394588095,222.7800118470
2025-05-29,17,119,119,19:50-20:00,21.7128333333,146.3662095000
2025-05-30,1,12,12,2:00-2:10,2.1457150000,4.6057772475
2025-05-30,2,20,22,3:20-3:50,114.8868407143,250.1926730730
2025-05-30,3,34,36,5:40-6:10,15.7069104762,57.8977676598
2025-05-30,4,90,90,15:00-15:10,29.4391688095,97.1492570714
2025-05-30,5,97,101,16:10-17:00,181.1041469048,811.4948508745
2025-05-30,6,104,105,17:20-17:40,100.2244876190,491.9097494024
2025-05-30,7,131,131,21:50-22:00,7.7018333333,16.2085082500
2025-05-30,8,135,135,22:30-22:40,15.6222583333,32.6973866917
2025-05-31,1,4,5,0:40-1:00,60.2888950000,128.8093764392
2025-05-31,2,15,16,2:30-2:50,47.7623783333,103.6552251558
2025-05-31,3,19,19,3:10-3:20,14.0681785714,30.7460042679
2025-05-31,4,24,25,4:00-4:20,11.9514807143,26.2809730889
2025-05-31,5,30,31,5:00-5:20,31.3766457143,68.6974628017
2025-05-31,6,37,39,6:10-6:40,43.6830842857,191.0108536898
2025-05-31,7,79,79,13:10-13:20,11.1013666667,46.7145509333
2025-05-31,8,86,87,14:20-14:40,73.9401483333,401.1964749926
2025-05-31,9,107,107,17:50-18:00,12.7322500000,78.3860971250
2025-05-31,10,113,113,18:50-19:00,10.3865000000,69.9323045000
2025-05-31,11,119,120,19:50-20:10,3.9898114286,26.9253936671
2025-05-31,12,142,143,23:40-24:00,112.8550600000,241.2609689633
2025-06-01,1,0,19,0:00-3:20,1073.7532611905,2306.8064879923
2025-06-01,2,26,26,4:20-4:30,3.1306666667,6.8311146667
2025-06-01,3,32,32,5:20-5:30,9.0046666667,19.3645356667
2025-06-01,4,36,36,6:00-6:10,10.6209757143,49.7486502457
2025-06-01,5,51,73,8:30-12:20,3894.5860578571,13405.7298174751
2025-06-01,6,75,143,12:30-24:00,6714.3144395238,28983.7341112172
2025-06-02,1,0,16,0:00-2:50,959.6842666667,2059.7981930025
2025-06-02,2,18,21,3:00-3:40,56.1656147619,122.6129714586
2025-06-02,3,25,28,4:10-4:50,88.3668816667,194.1020076715
2025-06-02,4,31,32,5:10-5:30,37.8170047619,82.4436666405
2025-06-02,5,34,37,5:40-6:20,90.5950840476,410.5786693683
2025-06-02,6,39,41,6:30-7:00,43.7618452381,186.4314873111
2025-06-02,7,46,52,7:40-8:50,395.3645611905,2112.3914709002
2025-06-02,8,54,55,9:00-9:20,69.0046107143,345.5317458607
2025-06-02,9,73,87,12:10-14:40,1662.5066247608,7034.8506310744
2025-06-02,10,89,112,14:50-18:50,3262.7178197619,14397.2758450392
2025-06-02,11,114,143,19:00-24:00,1694.5258745238,6647.9358640414
2025-06-03,1,0,15,0:00-2:40,749.1035850000,1606.6359970133
2025-06-03,2,17,19,2:50-3:20,57.0290300000,124.4993758650
2025-06-03,3,21,21,3:30-3:40,2.5091597619,5.4611862218
2025-06-03,4,24,25,4:00-4:20,18.3364202381,40.3441805839
2025-06-03,5,28,28,4:40-4:50,7.5829200000,16.7658361200
2025-06-03,6,31,36,5:10-6:10,194.4766014286,597.8675208110
2025-06-03,7,39,41,6:30-7:00,50.1355771429,211.3599747343
2025-06-03,8,45,46,7:30-7:50,20.9710500000,73.3235468100
2025-06-03,9,49,53,8:10-9:00,207.7860040476,1094.9026479983
2025-06-03,10,56,61,9:20-10:20,290.5782821429,1398.2667417983
2025-06-03,11,66,68,11:00-11:30,69.9645764286,170.2892794479
2025-06-03,12,85,85,14:10-14:20,37.9288007143,189.2267867636
2025-06-03,13,91,96,15:10-16:10,302.2782776190,1190.5177242608
2025-06-03,14,98,114,16:20-19:10,1027.6231178571,5689.3894990893
2025-06-03,15,116,118,19:20-19:50,148.3980292857,1000.2806081205
2025-06-03,16,122,133,20:20-22:20,532.6657759524,2057.9956028619
2025-06-03,17,137,140,22:50-23:30,259.2618016667,549.6035180900
2025-06-03,18,142,143,23:40-24:00,82.9560300000,177.2415470650
2025-06-04,1,0,4,0:00-0:50,124.4996050000,265.6786915008
2025-06-04,2,6,14,1:00-2:30,476.6558216667,1027.1138609608
2025-06-04,3,18,21,3:00-3:40,45.3178828571,98.9369043661
2025-06-04,4,24,26,4:00-4:30,109.8671252381,240.9551006464
2025-06-04,5,28,32,4:40-5:30,160.5749159524,350.5112530920
2025-06-04,6,43,44,7:10-7:30,20.1596978571,78.6356411824
2025-06-04,7,70,83,11:40-14:00,1398.1890283333,4914.0407438355
2025-06-04,8,86,87,14:20-14:40,121.8492092857,629.2642355267
2025-06-04,9,89,89,14:50-15:00,30.3436309524,101.5601327976
2025-06-04,10,91,92,15:10-15:30,86.8919561905,315.5274303717
2025-06-04,11,101,101,16:50-17:00,6.3592142857,29.4558805714
2025-06-04,12,105,106,17:30-17:50,66.3310790476,334.8757000964
2025-06-04,13,108,109,18:00-18:20,112.9435073810,706.7077517746
2025-06-04,14,112,115,18:40-19:20,196.3923257143,1313.4573878357
2025-06-04,15,117,124,19:30-20:50,232.2923192857,1556.7775841720
2025-06-04,16,127,129,21:10-21:40,61.2066333333,291.1998904833
2025-06-04,17,134,140,22:20-23:30,365.7344133333,772.2849912100
2025-06-05,1,2,3,0:20-0:40,22.8536583333,48.7970044500
2025-06-05,2,7,10,1:10-1:50,135.9474133333,292.4260338900
2025-06-05,3,12,15,2:00-2:40,54.5410500000,118.3591531558
2025-06-05,4,17,19,2:50-3:20,130.6983269048,285.4986286699
2025-06-05,5,22,25,3:40-4:20,51.2224195238,112.3357248880
2025-06-05,6,29,34,4:50-5:50,127.6388700000,282.3010938886
2025-06-05,7,37,44,6:10-7:30,273.9748235714,1150.8861223460
2025-06-05,8,52,52,8:40-8:50,7.9048480952,41.2237828167
2025-06-05,9,54,54,9:00-9:10,41.0629450000,208.3328514575
2025-06-05,10,66,67,11:00-11:20,29.2600271429,70.5724179843
2025-06-05,11,74,74,12:20-12:30,0.5119642857,1.1424483036
2025-06-05,12,85,86,14:10-14:30,47.9431171429,239.1933895031
2025-06-05,13,88,94,14:40-15:50,635.9489747619,2267.7675156914
2025-06-05,14,99,99,16:30-16:40,1.0701400000,4.8284716800
2025-06-05,15,112,114,18:40-19:10,155.4005528571,1043.1190890714
2025-06-05,16,116,121,19:20-20:20,171.1343942857,1153.0931119789
2025-06-05,17,123,124,20:30-20:50,104.6053614286,674.6435065712
2025-06-05,18,128,131,21:20-22:00,68.6967566667,259.5855454233
2025-06-05,19,134,137,22:20-23:00,186.5828083333,393.7032240250
2025-06-05,20,140,143,23:20-24:00,184.2665000000,391.6653576242
2025-06-06,1,1,6,0:10-1:10,167.1865200000,358.4640185225
2025-06-06,2,10,12,1:40-2:10,49.1375283333,106.0474339342
2025-06-06,3,17,18,2:50-3:10,11.1954602381,24.4359563740
2025-06-06,4,24,25,4:00-4:20,23.3344076190,51.2632727557
2025-06-06,5,32,34,5:20-5:50,54.4781638095,112.2078879999
2025-06-06,6,37,39,6:10-6:40,45.9133730952,199.1390952087
2025-06-06,7,70,76,11:40-12:50,242.0149114286,549.2535234138
2025-06-06,8,81,83,13:30-14:00,79.0289685714,353.5601997850
2025-06-06,9,85,89,14:10-15:00,209.2382092857,1037.9153314233
2025-06-06,10,91,113,15:10-19:00,1745.7093788095,7909.0670013672
2025-06-06,11,115,117,19:10-19:40,71.4179995238,481.4303698280
2025-06-06,12,121,122,20:10-20:30,34.2845535714,230.2427042619
2025-06-06,13,126,127,21:00-21:20,48.2464850000,221.1073617825
2025-06-06,14,133,134,22:10-22:30,35.0468350000,75.6006576400
2025-06-06,15,137,137,22:50-23:00,33.6415000000,71.2695177500
2025-06-06,16,140,141,23:20-23:40,80.3842566667,169.9557341333
2025-06-07,1,1,2,0:10-0:30,45.6484083333,97.2933826875
2025-06-07,2,5,5,0:50-1:00,27.6458333333,59.2311979167
2025-06-07,3,11,12,1:50-2:10,13.0585216667,28.1099227575
2025-06-07,4,21,22,3:30-3:50,41.7584042857,90.9612608487
2025-06-07,5,33,34,5:30-5:50,105.3887902381,247.4964692770
2025-06-07,6,44,45,7:20-7:40,57.1034319048,208.2351319269
2025-06-07,7,53,56,8:50-9:30,99.1078278571,498.3792766243
2025-06-07,8,58,60,9:40-10:10,170.6075226190,844.5859397149
2025-06-07,9,72,74,12:00-12:30,144.1744471429,323.1282417521
2025-06-07,10,96,97,16:00-16:20,159.0514216667,668.1346330235
2025-06-07,11,101,103,16:50-17:20,72.7844521429,347.6225574283
2025-06-07,12,106,106,17:40-17:50,3.5270404762,18.9437343976
2025-06-07,13,111,112,18:30-18:50,74.2320361905,471.4448713731
2025-06-07,14,117,118,19:30-19:50,12.3187190476,83.0103188285
2025-06-07,15,120,121,20:00-20:20,15.2834366667,102.6108921917
2025-06-07,16,123,124,20:30-20:50,27.8533995238,187.7206470640
2025-06-07,17,130,132,21:40-22:10,53.1660033333,128.0462635025
2025-06-07,18,136,136,22:40-22:50,8.0063566667,16.9774793117
2025-06-07,19,140,140,23:20-23:30,16.2445000000,34.2758950000
2025-06-08,1,25,25,4:10-4:20,8.5682700000,18.8030685150
2025-06-08,2,38,38,6:20-6:30,28.9905357143,126.9640511607
2025-06-08,3,116,116,19:20-19:30,2.7236666667,18.3615988333
2025-06-08,4,134,134,22:20-22:30,3.0225000000,6.3442275000
2025-06-09,1,4,4,0:40-0:50,11.8169083333,25.2350077458
2025-06-09,2,20,20,3:20-3:30,23.3208333333,50.7927750000
2025-06-09,3,22,24,3:40-4:10,163.0761507143,356.8844773310
2025-06-09,4,27,27,4:30-4:40,21.8358947619,47.9625428445
2025-06-09,5,33,33,5:30-5:40,3.8347528571,7.1192186793
2025-06-09,6,37,37,6:10-6:20,6.9326350000,30.3580086650
2025-06-09,7,39,39,6:30-6:40,23.4076183333,100.6644626425
2025-06-09,8,98,99,16:20-16:40,56.8795683333,251.9831794807
2025-06-09,9,104,105,17:20-17:40,24.4400602381,119.5919098190
2025-06-09,10,141,142,23:30-23:50,41.8725233333,89.2130999708
2025-06-10,1,10,10,1:40-1:50,2.8305916667,6.1324768458
2025-06-10,2,14,15,2:20-2:40,27.9260100000,60.7926414900
2025-06-10,3,22,22,3:40-3:50,11.6219166667,25.3357783333
2025-06-10,4,28,29,4:40-5:00,63.5942516667,140.0600504350
2025-06-10,5,68,68,11:20-11:30,29.7980357143,71.9175591964
2025-06-10,6,100,100,16:40-16:50,13.4313507143,61.5357332975
2025-06-10,7,125,125,20:50-21:00,25.3206666667,118.1462306667
2025-06-11,1,8,8,1:20-1:30,13.5803333333,29.0551231667
2025-06-11,2,36,39,6:00-6:40,32.2863276190,141.3101523752
2025-06-11,3,55,62,9:10-10:30,636.9383511905,3098.7363134561
2025-06-11,4,99,99,16:30-16:40,7.1940719048,32.4596524343
2025-06-11,5,102,103,17:00-17:20,70.3230219048,339.3969994981
2025-06-11,6,134,134,22:20-22:30,11.7251666667,24.6111248333
2025-06-12,1,3,3,0:30-0:40,29.0886366667,62.1333279200
2025-06-12,2,14,14,2:20-2:30,1.1711666667,2.5572424167
2025-06-12,3,20,22,3:20-3:50,69.3345490476,150.9800786388
2025-06-12,4,35,35,5:50-6:00,10.7490833333,48.9029546250
2025-06-12,5,87,88,14:30-14:50,38.4273973810,193.6155435183
2025-06-12,6,124,124,20:40-20:50,1.2586707143,7.6942540764
2025-06-12,7,134,134,22:20-22:30,17.1423333333,35.9817576667
2025-06-13,1,9,9,1:30-1:40,6.8420866667,14.7515388533
2025-06-13,2,18,18,3:00-3:10,11.1182728571,24.3156627386
2025-06-13,3,26,26,4:20-4:30,8.4428333333,18.4222623333
2025-06-13,4,48,49,8:00-8:20,30.9541747619,174.6050127040
2025-06-13,5,53,54,8:50-9:10,56.5947511905,290.4078202720
2025-06-13,6,124,125,20:40-21:00,54.2644007143,309.8637582331
2025-06-13,7,140,140,23:20-23:30,6.2128333333,13.1090783333
2025-06-14,1,13,13,2:10-2:20,16.3105066667,35.2633154133
2025-06-14,2,124,125,20:40-21:00,22.8030195238,130.3250623490
2025-06-14,3,135,136,22:30-22:50,71.3397150000,150.4757644783
2025-06-16,1,25,25,4:10-4:20,3.1874316667,6.9948187925
2025-06-16,2,33,37,5:30-6:20,119.1710630952,347.0855047560
2025-06-16,3,76,76,12:40-12:50,33.1936383333,94.3031265050
2025-06-17,1,5,5,0:50-1:00,8.1083333333,17.3721041667
2025-06-17,2,30,31,5:00-5:20,40.9268316667,88.8646889682
2025-06-17,3,37,37,6:10-6:20,5.0586119048,22.1516615310
2025-06-17,4,77,82,12:50-13:50,360.4538078571,1548.9590035820
2025-06-17,5,116,116,19:20-19:30,13.3036666667,89.6866688333
2025-06-17,6,127,127,21:10-21:20,0.6382233333,2.9903954283
2025-06-18,1,15,16,2:30-2:50,20.0484666667,43.5527669425
2025-06-18,2,37,37,6:10-6:20,8.0173992857,35.1081914721
2025-06-18,3,39,39,6:30-6:40,1.1987323810,5.1551486043
2025-06-19,1,28,29,4:40-5:00,42.4962159524,93.5128599529
2025-06-19,2,36,37,6:00-6:20,52.9439119048,237.5052078429
2025-06-19,3,116,116,19:20-19:30,22.5628333333,152.1073409167
2025-06-19,4,143,143,23:50-24:00,7.4350000000,15.8960300000
2025-06-20,1,23,23,3:50-4:00,6.0271666667,13.1934678333
2025-06-21,1,20,20,3:20-3:30,2.5005000000,5.4460890000
2025-06-21,2,36,36,6:00-6:10,2.9115728571,13.6378072629
2025-06-22,1,16,16,2:40-2:50,32.2734250000,69.9526486875
2025-06-23,1,14,14,2:20-2:30,0.6535000000,1.4269172500
2025-06-23,2,20,20,3:20-3:30,0.5335000000,1.1619630000
2025-06-23,3,23,23,3:50-4:00,8.8273333333,19.3230326667
2025-06-23,4,26,26,4:20-4:30,7.6595000000,16.7130290000
2025-06-23,5,29,29,4:50-5:00,16.2390476190,35.6853071429
2025-06-23,6,83,83,13:50-14:00,19.5459404762,95.3255517024
2025-06-24,1,11,11,1:50-2:00,7.5820000000,16.3430010000
2025-06-24,2,34,35,5:40-6:00,5.1662795238,20.7995757669
2025-06-24,3,40,68,6:40-11:30,2620.4348864286,11814.7511775480
2025-06-24,4,70,74,11:40-12:30,309.5768426190,695.2190153493
2025-06-24,5,79,79,13:10-13:20,36.9108511905,155.3208618095
2025-06-25,1,16,16,2:40-2:50,2.2879516667,4.9591352375
2025-06-25,2,26,26,4:20-4:30,1.1416666667,2.4911166667
2025-06-25,3,39,40,6:30-6:50,53.7393347619,228.7504404979
2025-06-25,4,61,61,10:10-10:20,0.7473161905,3.5826338171
2025-06-25,5,63,68,10:30-11:30,633.7460395238,1814.9886074390
2025-06-25,6,87,88,14:30-14:50,98.2014314286,514.7357319800
2025-06-26,1,25,25,4:10-4:20,3.6340083333,7.9748312875
2025-06-26,2,32,32,5:20-5:30,1.7738809524,3.8147309881
2025-06-26,3,41,43,6:50-7:20,84.9701916667,347.1566971405
2025-06-26,4,50,50,8:20-8:30,5.1106785714,27.7228759107
2025-06-26,5,118,118,19:40-19:50,3.9409788095,26.5484037504
2025-06-27,1,1,1,0:10-0:20,6.6439183333,14.1017166625
2025-06-27,2,27,28,4:30-4:50,9.0636683333,19.9473122808
2025-06-27,3,30,30,5:00-5:10,0.2343802381,0.5077847858
2025-06-28,1,27,29,4:30-5:00,85.6897285714,188.9293038971
2025-06-28,2,45,46,7:30-7:50,62.6390552381,238.4384906138
2025-06-28,3,94,94,15:40-15:50,1.7181585714,6.7205772521
2025-06-28,4,98,99,16:20-16:40,23.9487502381,105.7885102350
2025-06-28,5,126,126,21:00-21:10,13.2332450000,59.9995328300
2025-06-29,1,11,11,1:50-2:00,51.7241666667,111.4914412500
2025-06-29,2,14,14,2:20-2:30,0.5660000000,1.2358610000
2025-06-29,3,26,28,4:20-4:50,60.7987845238,133.2901538790
2025-06-29,4,31,31,5:10-5:20,2.2357735714,4.9622994418
2025-06-29,5,41,45,6:50-7:40,140.3882245238,542.9363835120
2025-06-29,6,49,50,8:10-8:30,32.5571773810,176.9307415619
2025-06-29,7,56,57,9:20-9:40,42.1578864286,203.0253212031
2025-06-29,8,69,77,11:30-13:00,717.3796238095,1754.6094358284
2025-06-29,9,97,98,16:10-16:30,6.2732009524,27.5225214567
2025-06-29,10,109,110,18:10-18:30,16.0998940476,100.7810828554
2025-06-30,1,27,28,4:30-4:50,31.3223923810,68.9655669923
2025-06-30,2,31,31,5:10-5:20,3.4664590476,7.6938058562
2025-06-30,3,36,37,6:00-6:20,26.7622683333,122.0689179483
2025-06-30,4,40,44,6:40-7:30,415.5393442857,1670.4252307193
2025-06-30,5,62,62,10:20-10:30,50.9265357143,243.1487447679
2025-06-30,6,74,74,12:20-12:30,34.7923214286,77.6390652679
2025-06-30,7,93,94,15:30-15:50,75.3314790476,289.9786424825
2025-06-30,8,117,117,19:30-19:40,3.7447850000,25.2585748250
2025-06-30,9,142,143,23:40-24:00,108.0172650000,230.9172681575
2025-07-01,1,0,3,0:00-0:40,310.9494200000,661.8475504350
2025-07-01,2,5,34,0:50-5:50,2216.8321492857,4836.8013473011
2025-07-01,3,36,36,6:00-6:10,9.5953188095,44.9444733038
2025-07-01,4,40,41,6:40-7:00,29.2442978571,122.8930635407
2025-07-01,5,44,44,7:20-7:30,12.2764047619,46.9204190000
2025-07-01,6,66,66,11:00-11:10,7.3917411905,17.2301487150
2025-07-01,7,70,70,11:40-11:50,32.1404033333,74.9192801700
2025-07-01,8,83,83,13:50-14:00,23.2337380952,113.3109406905
2025-07-01,9,89,92,14:50-15:30,173.5873090476,596.3911326499
2025-07-01,10,99,100,16:30-16:50,33.7914273810,154.4477415969
2025-07-01,11,102,103,17:00-17:20,39.5691702381,190.2843440964
2025-07-01,12,105,107,17:30-18:00,108.2811314286,575.8689939705
2025-07-01,13,110,143,18:20-24:00,1974.3572442857,8895.7233179445
2025-07-02,1,0,35,0:00-6:00,2590.2777778571,5733.6245248300
2025-07-02,2,95,97,15:50-16:20,154.1035738095,634.4271218940
2025-07-02,3,99,105,16:30-17:40,156.2147569048,732.8623369040
2025-07-02,4,107,127,17:50-21:20,1124.1271409524,7144.0702537251
2025-07-02,5,129,143,21:30-24:00,774.7233450000,1739.7412663150
2025-07-03,1,0,10,0:00-1:50,700.4119583333,1500.2969699033
2025-07-03,2,12,35,2:00-6:00,1667.6101633333,3765.6416257939
2025-07-03,3,43,48,7:10-8:10,384.0696590476,1922.9083398006
2025-07-03,4,55,56,9:10-9:30,19.0273552381,92.5287015505
2025-07-03,5,64,71,10:40-12:00,668.5104202381,1626.3900238796
2025-07-03,6,81,88,13:30-14:50,371.8756619048,1818.5015154098
2025-07-03,7,90,92,15:00-15:30,85.7163342857,304.6046848581
2025-07-03,8,96,102,16:00-17:10,231.0328790476,1037.8670081382
2025-07-03,9,104,113,17:20-19:00,779.0699802381,4701.7123877576
2025-07-03,10,117,124,19:30-20:50,402.8001611905,2712.8003917908
2025-07-03,11,126,142,21:00-23:50,961.2736216667,2936.4677355092
2025-07-04,1,3,7,0:30-1:20,427.0873083333,915.6821140675
2025-07-04,2,10,22,1:40-3:50,467.1433890476,1015.4747332663
2025-07-04,3,26,28,4:20-4:50,69.1106819048,151.6480766296
2025-07-04,4,31,32,5:10-5:30,100.4679033333,218.3607340198
2025-07-04,5,35,40,5:50-6:50,164.7930673810,736.9613714294
2025-07-04,6,42,42,7:00-7:10,0.4012602381,1.6234989233
2025-07-04,7,88,88,14:40-14:50,27.8906214286,130.7512332571
2025-07-04,8,92,95,15:20-16:00,102.2042171429,398.0725615164
2025-07-04,9,103,109,17:10-18:20,210.0914676190,1177.6894485626
2025-07-04,10,111,114,18:30-19:10,314.2590157143,2039.5484267974
2025-07-04,11,117,143,19:30-24:00,1017.7829338095,4058.2879328321
2025-07-05,1,0,8,0:00-1:30,190.4463800000,406.7932462758
2025-07-05,2,14,14,2:20-2:30,12.3446666667,26.9545796667
2025-07-05,3,17,18,2:50-3:10,101.5815319048,221.6094836090
2025-07-05,4,25,27,4:10-4:40,83.9665954762,183.7656951368
2025-07-05,5,29,32,4:50-5:30,196.5520421429,430.0037679415
2025-07-05,6,36,39,6:00-6:40,148.2032100000,655.5560081018
2025-07-05,7,43,43,7:10-7:20,4.8291292857,19.2489093329
2025-07-05,8,89,89,14:50-15:00,2.2792857143,7.6287692857
2025-07-05,9,91,91,15:10-15:20,0.1048138095,0.3782206317
2025-07-05,10,95,95,15:50-16:00,25.0421666667,100.8573262500
2025-07-05,11,98,110,16:20-18:30,852.6166735714,4488.2018065816
2025-07-05,12,116,120,19:20-20:10,119.9171097619,808.4673654402
2025-07-05,13,123,124,20:30-20:50,12.5109171429,79.2230831460
2025-07-05,14,127,130,21:10-21:50,145.2066366667,664.8339890633
2025-07-05,15,134,134,22:20-22:30,10.0080000000,21.0067920000
2025-07-05,16,138,142,23:00-23:50,191.3816366667,406.4249193675
2025-07-06,1,4,7,0:40-1:20,49.2343766667,105.8391320225
2025-07-06,2,12,13,2:00-2:20,35.4996483333,76.2066539475
2025-07-06,3,15,17,2:30-3:00,44.8080233333,97.2374706308
2025-07-06,4,19,20,3:10-3:30,9.7421816667,21.2465067825
2025-07-06,5,22,24,3:40-4:10,97.1999735714,212.6839858756
2025-07-06,6,26,28,4:20-4:50,101.9357535714,224.1334220546
2025-07-06,7,30,31,5:00-5:20,73.6823707143,161.5172387342
2025-07-06,8,33,38,5:30-6:30,193.3853885714,771.9545151954
2025-07-06,9,48,49,8:00-8:20,61.7651028571,353.9120106319
2025-07-06,10,55,56,9:10-9:30,34.8635414286,171.1160897414
2025-07-06,11,59,60,9:50-10:10,172.2366159524,856.9997963396
2025-07-06,12,66,67,11:00-11:20,108.9722680952,259.7535781443
2025-07-06,13,74,103,12:20-17:20,3263.2968728571,14133.5900948602
2025-07-06,14,105,110,17:30-18:30,297.5587019048,1702.2165460139
2025-07-06,15,112,117,18:40-19:40,189.2439414286,1276.0765809881
2025-07-06,16,120,125,20:00-21:00,228.5860295238,1426.3252768594
2025-07-06,17,128,128,21:20-21:30,19.4508333333,91.1368795833
2025-07-06,18,131,136,21:50-22:50,264.4638916667,542.8518413983
2025-07-06,19,140,140,23:20-23:30,31.9491666667,67.4127416667
2025-07-06,20,143,143,23:50-24:00,20.8156666667,44.5038953333
2025-07-07,1,2,7,0:20-1:20,241.4144700000,517.0860877467
2025-07-07,2,9,13,1:30-2:20,182.2896266667,392.9308157392
2025-07-07,3,15,21,2:30-3:40,206.7578840476,450.2206885338
2025-07-07,4,25,25,4:10-4:20,27.7267833333,60.8464260250
2025-07-07,5,28,30,4:40-5:10,57.3817545238,126.3048559583
2025-07-07,6,33,33,5:30-5:40,8.2873823810,15.3855253902
2025-07-07,7,64,65,10:40-11:00,75.1354457143,261.8031530988
2025-07-07,8,69,69,11:30-11:40,16.7367785714,40.0427427321
2025-07-07,9,76,78,12:40-13:10,127.6904664286,480.9806029552
2025-07-07,10,98,99,16:20-16:40,17.4789821429,77.1609388571
2025-07-07,11,101,103,16:50-17:20,59.7025511905,283.1113294988
2025-07-07,12,110,111,18:20-18:40,54.9063416667,344.2265861036
2025-07-07,13,114,115,19:00-19:20,79.2346416667,534.3676540842
2025-07-07,14,117,118,19:30-19:50,44.9468961905,302.8732841813
2025-07-07,15,121,121,20:10-20:20,4.2968714286,28.7890385714
2025-07-07,16,129,131,21:30-22:00,84.3787333333,334.4606749125
2025-07-07,17,133,135,22:10-22:40,134.3923816667,283.5314331350
2025-07-07,18,139,139,23:10-23:20,26.6962233333,56.5959934667
2025-07-07,19,142,142,23:40-23:50,7.6786500000,16.3977570750
2025-07-08,1,17,17,2:50-3:00,36.3098333333,79.1009719167
2025-07-08,2,29,29,4:50-5:00,12.2922023810,27.0121147321
2025-07-08,3,32,34,5:20-5:50,38.9081588095,88.6384221049
2025-07-08,4,37,46,6:10-7:50,327.2686233333,1320.9123232581
2025-07-08,5,49,52,8:10-8:50,107.1407207143,576.7409906550
2025-07-08,6,58,62,9:40-10:30,109.9050042857,537.5365562375
2025-07-08,7,68,68,11:20-11:30,48.2107380952,116.3566163929
2025-07-08,8,86,86,14:20-14:30,52.7998214286,271.1534829464
2025-07-08,9,94,97,15:40-16:20,252.8496147619,1021.4412874240
2025-07-08,10,102,103,17:00-17:20,42.7200095238,204.6857864238
2025-07-08,11,105,106,17:30-17:50,58.0503645238,296.1957853183
2025-07-08,12,109,109,18:10-18:20,16.5937254762,103.2710505011
2025-07-08,13,113,113,18:50-19:00,23.4454047619,157.8579102619
2025-07-09,1,17,17,2:50-3:00,6.9193333333,15.0737676667
2025-07-09,2,38,42,6:20-7:10,109.5067266667,460.3458251286
2025-07-09,3,46,47,7:40-8:00,36.6784976190,204.3866507619
2025-07-09,4,64,66,10:40-11:10,98.5380147619,276.7014296193
2025-07-09,5,69,72,11:30-12:10,148.7444383333,342.5477818774
2025-07-09,6,75,76,12:30-12:50,142.6965595238,344.7069457689
2025-07-09,7,79,81,13:10-13:40,57.4139354762,244.4589993695
2025-07-09,8,84,85,14:00-14:20,36.3897619048,181.5526170486
2025-07-09,9,105,106,17:30-17:50,51.1929457143,251.2840289902
2025-07-09,10,108,109,18:00-18:20,15.1293195238,94.4611927293
2025-07-09,11,116,116,19:20-19:30,25.4695000000,171.7026342500
2025-07-09,12,125,125,20:50-21:00,1.5200000000,7.0923200000
2025-07-09,13,139,139,23:10-23:20,0.1159166667,0.2457433333
2025-07-10,1,20,20,3:20-3:30,4.1428333333,9.0230910000
2025-07-10,2,27,27,4:30-4:40,15.2048919048,33.3975450688
2025-07-10,3,53,54,8:50-9:10,39.8384040476,206.2261198463
2025-07-10,4,58,58,9:40-9:50,15.2546128571,72.9856952150
2025-07-10,5,74,75,12:20-12:40,48.4341242857,105.7381849269
2025-07-10,6,93,94,15:30-15:50,105.4370269048,409.5651977440
2025-07-10,7,103,103,17:10-17:20,8.0631657143,39.2756801943
2025-07-10,8,122,122,20:20-20:30,4.6088333333,31.0842764167
2025-07-10,9,125,125,20:50-21:00,27.9430000000,130.3820380000
2025-07-10,10,131,132,21:50-22:10,58.6820733333,119.4641771633
2025-07-10,11,136,136,22:40-22:50,19.7168800000,41.8096440400
2025-07-11,1,19,20,3:10-3:30,40.9058250000,89.1021505375
2025-07-11,2,30,31,5:00-5:20,49.3302071429,108.2648469498
2025-07-11,3,38,40,6:20-6:50,69.1252185714,297.1174815964
2025-07-11,4,42,42,7:00-7:10,16.3549766667,66.1722355933
2025-07-11,5,44,45,7:20-7:40,13.8132150000,50.6902718092
2025-07-11,6,62,63,10:20-10:40,76.7990747619,370.3611754936
2025-07-11,7,67,72,11:10-12:10,319.5508376190,734.3342868394
2025-07-11,8,74,78,12:20-13:10,190.5733133333,545.2182912136
2025-07-12,1,11,11,1:50-2:00,1.4603333333,3.1477485000
2025-07-12,2,15,15,2:30-2:40,7.1041333333,15.4443858667
2025-07-12,3,41,41,6:50-7:00,1.6386547619,6.8282743929
2025-07-12,4,45,45,7:30-7:40,1.6720176190,5.7676247769
2025-07-12,5,93,94,15:30-15:50,41.6704104762,156.9793713349
2025-07-12,6,96,97,16:00-16:20,53.1160797619,224.2734056325
2025-07-12,7,131,131,21:50-22:00,39.2890000000,82.6837005000
2025-07-13,1,46,46,7:40-7:50,0.4946895238,2.1271649524
2025-07-13,2,91,91,15:10-15:20,5.2763304762,19.0396385233
2025-07-13,3,109,109,18:10-18:20,0.8706445238,5.4184561939
2025-07-13,4,115,116,19:10-19:30,56.5428490476,380.2746343893
2025-07-13,5,141,141,23:30-23:40,12.0121850000,25.4658322000
2025-07-14,1,21,22,3:30-3:50,9.3683404762,20.3920055273
2025-07-14,2,79,83,13:10-14:00,150.8683933333,661.2873314299
2025-07-14,3,107,108,17:50-18:10,97.9374869048,606.6720006958
2025-07-14,4,112,112,18:40-18:50,5.1737102381,33.3212807885
2025-07-15,1,14,14,2:20-2:30,14.3306666667,31.2910106667
2025-07-15,2,69,76,11:30-12:50,910.4275092857,2059.6170946598
2025-07-15,3,78,83,13:00-14:00,193.4436297619,847.8131380254
2025-07-16,1,35,36,5:50-6:10,101.4445673810,465.8109819457
2025-07-16,2,72,72,12:00-12:10,27.4454197619,60.5308732849
2025-07-16,3,89,93,14:50-15:40,274.0415664286,955.3344689252
2025-07-16,4,134,134,22:20-22:30,10.2021666667,21.4143478333
2025-07-17,1,51,56,8:30-9:30,313.7500185714,1607.4007744079
2025-07-17,2,97,100,16:10-16:50,174.8812571429,774.4644421139
2025-07-17,3,141,142,23:30-23:50,12.4167783333,26.3538624142
2025-07-18,1,46,46,7:40-7:50,5.1672374192,22.2191209024
2025-07-18,2,58,58,9:40-9:50,13.2047750000,63.1782459875
2025-07-18,3,94,95,15:40-16:00,39.3861542857,157.6859379648
2025-07-20,1,38,39,6:20-6:40,45.4431490476,197.2002973721
2025-07-20,2,43,44,7:10-7:30,29.9760597619,117.1465921633
2025-07-20,3,68,68,11:20-11:30,113.3473452381,273.5638177321
2025-07-20,4,81,81,13:30-13:40,13.7524140476,59.2935331663
2025-07-21,1,38,38,6:20-6:30,28.1640714286,123.3445508214
2025-07-21,2,46,47,7:40-8:00,49.1183423810,230.7357043631
2025-07-21,3,56,56,9:20-9:30,7.4466190476,36.1161023810
2025-07-21,4,72,73,12:00-12:20,41.6489066667,92.6593375033
2025-07-21,5,75,76,12:30-12:50,76.0723290476,185.5703110743
2025-07-21,6,79,79,13:10-13:20,6.3799723810,26.8469237790
2025-07-21,7,95,96,15:50-16:10,53.8147840476,219.2951248575
2025-07-21,8,104,104,17:20-17:30,30.3066071429,149.4418798214
2025-07-22,1,65,65,10:50-11:00,21.6243690476,54.3312272321
2025-07-22,2,80,83,13:20-14:00,338.1015735714,1487.1405934189
2025-07-23,1,41,43,6:50-7:20,135.3042640476,547.5199485938
2025-07-23,2,47,48,7:50-8:10,8.8160807143,51.3197514211
2025-07-23,3,50,50,8:20-8:30,9.5286309524,51.6880586012
2025-07-23,4,66,66,11:00-11:10,23.2912526190,54.2919098550
2025-07-23,5,87,88,14:30-14:50,17.7163285714,88.4387915464
2025-07-23,6,94,94,15:40-15:50,0.6395492857,2.5015970311
2025-07-24,1,74,74,12:20-12:30,19.9540833333,44.5275369583
2025-07-24,2,76,83,12:40-14:00,479.8900640476,2054.6511026832
2025-07-24,3,95,95,15:50-16:00,38.5589642857,155.2962286607
2025-07-25,1,45,46,7:30-7:50,46.8299350000,182.2461404650
2025-07-26,1,23,23,3:50-4:00,20.1550000000,44.1192950000
2025-07-26,2,53,53,8:50-9:00,6.7399404762,34.9128916667
2025-07-27,1,8,9,1:20-1:40,55.0342583333,117.8662554667
2025-07-27,2,32,33,5:20-5:40,5.4430902381,10.3798435270
2025-07-27,3,37,38,6:10-6:30,35.7994257143,156.7694201374
2025-07-27,4,43,45,7:10-7:40,35.3357447619,131.7086188135
2025-07-27,5,49,52,8:10-8:50,200.8716635714,1071.5001170159
2025-07-27,6,54,55,9:00-9:20,166.0485173810,837.0244217983
2025-07-28,1,0,0,0:00-0:10,9.4184616667,20.0048125800
2025-07-28,2,49,50,8:10-8:30,87.8787195238,478.2658273848
2025-07-28,3,56,57,9:20-9:40,86.6947261905,417.0729040714
2025-07-28,4,59,62,9:50-10:30,74.1263571429,364.0937201702
2025-07-28,5,71,76,11:50-12:50,507.7511992857,1138.7825726315
2025-07-28,6,97,99,16:10-16:40,61.0301369048,266.4334280893
2025-07-28,7,102,102,17:00-17:10,34.8950516667,165.0884894350
2025-07-28,8,105,105,17:30-17:40,8.3028285714,40.5178034286
2025-07-28,9,139,140,23:10-23:30,53.0772200000,112.1679264000
2025-07-29,1,58,60,9:40-10:10,176.1797278571,862.2892103789
2025-07-29,2,64,68,10:40-11:30,281.8688214286,752.1503659261
2025-07-29,3,70,71,11:40-12:00,60.7451419048,136.6747053633
2025-07-29,4,100,101,16:40-17:00,42.9590328571,197.1652488148
2025-07-30,1,18,18,3:00-3:10,1.0231150000,2.2375525050
2025-07-30,2,39,40,6:30-6:50,9.7320626190,41.6356850368
2025-07-30,3,44,44,7:20-7:30,19.8283571429,75.7839810000
2025-07-30,4,91,91,15:10-15:20,14.4289080952,52.0667148617
2025-07-31,1,13,14,2:10-2:30,21.8328683333,47.3664949200
2025-07-31,2,26,26,4:20-4:30,14.9158333333,32.5463483333
2025-07-31,3,48,49,8:00-8:20,39.2596497619,219.9745620637
2025-07-31,4,58,58,9:40-9:50,20.7012376190,99.0450713883
2025-07-31,5,93,93,15:30-15:40,13.8406576190,52.1377572510
2025-07-31,6,104,104,17:20-17:30,19.4005595238,95.6641590119
2025-08-01,1,23,23,3:50-4:00,16.5288333333,36.1816161667
2025-08-01,2,29,30,4:50-5:10,41.9959757143,91.3961370517
2025-08-01,3,122,122,20:20-20:30,3.0756666667,20.7438338333
2025-08-02,1,110,110,18:20-18:30,5.2092261905,32.6748712798
2025-08-02,2,143,143,23:50-24:00,7.4476666667,15.9231113333
2025-08-03,1,20,20,3:20-3:30,13.1455000000,28.6308990000
2025-08-03,2,33,34,5:30-5:50,26.3098850000,69.0329056400
2025-08-03,3,40,40,6:40-6:50,0.0647897619,0.2734775850
2025-08-03,4,117,119,19:30-20:00,57.5140557143,387.5889799130
2025-08-03,5,129,129,21:30-21:40,13.8236450000,68.2265998975
2025-08-03,6,132,133,22:00-22:20,57.5271416667,120.1104167517
2025-08-03,7,135,135,22:30-22:40,1.7705450000,3.7057506850
2025-08-04,1,25,26,4:10-4:30,37.4408430952,81.7529655892
2025-08-04,2,103,103,17:10-17:20,2.4572038095,11.9690397562
2025-08-04,3,112,112,18:40-18:50,6.9883664286,45.0085739832
2025-08-04,4,133,133,22:10-22:20,10.8422733333,23.6795249600
2025-08-04,5,143,143,23:50-24:00,4.8608333333,10.3924616667
2025-08-05,1,27,27,4:30-4:40,7.4407500000,16.3436073750
2025-08-05,2,34,34,5:40-5:50,2.5803621429,7.3643535557
2025-08-05,3,126,126,21:00-21:10,20.3838416667,92.4203381167
2025-08-05,4,133,133,22:10-22:20,5.1242300000,11.1913183200
2025-08-06,1,3,3,0:30-0:40,5.0858183333,10.8633079600
2025-08-06,2,20,21,3:20-3:40,23.9818888095,52.2226697439
2025-08-06,3,34,34,5:40-5:50,5.2942152381,15.1096902895
2025-08-06,4,78,79,13:00-13:20,118.1132233333,504.3789999629
2025-08-06,5,81,97,13:30-16:20,1014.8542509524,4186.9750330083
2025-08-06,6,127,127,21:10-21:20,4.0636166667,19.0400758917
2025-08-06,7,130,130,21:40-21:50,0.0624150000,0.2422950300
2025-08-06,8,139,139,23:10-23:20,21.1144883333,44.7627152667
2025-08-06,9,143,143,23:50-24:00,34.2630000000,73.2542940000
2025-08-07,1,0,0,0:00-0:10,27.1236450000,57.6106219800
2025-08-07,2,4,4,0:40-0:50,6.4213066667,13.7127003867
2025-08-07,3,9,9,1:30-1:40,4.2176100000,9.0931671600
2025-08-07,4,12,12,2:00-2:10,5.4967216667,11.7987130575
2025-08-07,5,24,25,4:00-4:20,7.5406238095,16.5489578000
2025-08-07,6,30,31,5:00-5:20,27.5676809524,60.0296588057
2025-08-07,7,41,41,6:50-7:00,36.1357261905,150.5775710357
2025-08-07,8,44,45,7:20-7:40,66.2593633333,251.3320977171
2025-08-07,9,120,121,20:00-20:20,27.4802614286,185.4703594325
2025-08-07,10,131,132,21:50-22:10,63.7678566667,128.7629586050
2025-08-08,1,39,40,6:30-6:50,60.5092085714,257.3561862393
2025-08-08,2,102,102,17:00-17:10,10.5229900000,49.7842656900
2025-08-08,3,125,125,20:50-21:00,20.0758333333,93.6738383333
2025-08-08,4,130,131,21:40-22:00,33.1969450000,92.8563167400
2025-08-09,1,3,4,0:30-0:50,4.6123266667,9.8512752833
2025-08-09,2,11,11,1:50-2:00,16.5930000000,35.7662115000
2025-08-09,3,32,32,5:20-5:30,19.1667023810,41.2179934702
2025-08-09,4,36,36,6:00-6:10,17.8987866667,83.8379167467
2025-08-09,5,42,43,7:00-7:20,121.5229623810,489.0033266505
2025-08-09,6,100,100,16:40-16:50,28.0494135714,128.5083882775
2025-08-09,7,103,103,17:10-17:20,8.5852423810,41.8187156376
2025-08-09,8,114,114,19:00-19:10,13.9696928571,94.4560782536
2025-08-09,9,126,127,21:00-21:20,6.6736750000,30.6420725175
2025-08-09,10,134,134,22:20-22:30,16.1585000000,33.9166915000
2025-08-09,11,137,137,22:50-23:00,3.6300000000,7.6901550000
2025-08-10,1,1,1,0:10-0:20,2.6491233333,5.6227642750
2025-08-10,2,16,16,2:40-2:50,16.5491200000,35.8702176000
2025-08-10,3,23,23,3:50-4:00,12.6295000000,27.6459755000
2025-08-10,4,57,58,9:30-9:50,93.2389750000,444.0972303775
2025-08-10,5,70,70,11:40-11:50,15.5491442857,36.2450553300
2025-08-10,6,72,77,12:00-13:00,472.5506345238,1114.1122677867
2025-08-10,7,80,84,13:20-14:10,137.6645773810,614.0582673682
2025-08-10,8,95,95,15:50-16:00,45.0579761905,181.4709991071
2025-08-10,9,99,100,16:30-16:50,48.2861252381,219.0726081798
2025-08-10,10,103,105,17:10-17:40,64.9951780952,319.3937269062
2025-08-10,11,123,123,20:30-20:40,3.3526502381,23.3880880610
2025-08-10,12,133,133,22:10-22:20,7.3507950000,16.0541362800
2025-08-10,13,137,137,22:50-23:00,33.2206666667,70.3779823333
2025-08-11,1,2,3,0:20-0:40,55.0308200000,117.4761082700
2025-08-11,2,5,7,0:50-1:20,52.6555600000,113.3925606592
2025-08-11,3,43,46,7:10-7:50,112.4977278571,417.3224528617
2025-08-11,4,52,57,8:40-9:40,276.0980854762,1377.3234291649
2025-08-11,5,91,91,15:10-15:20,6.4635380952,23.3236772167
2025-08-11,6,109,110,18:10-18:30,38.2333895238,239.2703488681
2025-08-11,7,113,113,18:50-19:00,1.0453333333,7.0382293333
2025-08-11,8,115,117,19:10-19:40,71.2792269048,480.3794772280
2025-08-11,9,120,121,20:00-20:20,30.1123485714,203.1957571187
2025-08-11,10,132,133,22:00-22:20,56.9950883333,115.0075031008
2025-08-11,11,136,137,22:40-23:00,33.8722716667,71.7968654025
2025-08-11,12,141,141,23:30-23:40,1.2338066667,2.6156701333
2025-08-12,1,0,1,0:00-0:20,42.2929716667,89.7817646450
2025-08-12,2,17,18,2:50-3:10,48.0894466667,104.8151213600
2025-08-12,3,29,30,4:50-5:10,49.5609257143,108.4982447267
2025-08-12,4,32,32,5:20-5:30,10.0412857143,21.5937849286
2025-08-12,5,57,57,9:30-9:40,32.3198100000,152.2586249100
2025-08-12,6,60,66,10:00-11:10,642.3224116667,2442.6034209784
2025-08-12,7,69,69,11:30-11:40,23.7203038095,56.7508268643
2025-08-12,8,84,88,14:00-14:50,219.0092730952,1129.3078733717
2025-08-12,9,90,99,15:00-16:40,512.6293780952,1998.0485301683
2025-08-12,10,104,106,17:20-17:50,153.0464380952,770.0055499048
2025-08-12,11,110,111,18:20-18:40,26.0762328571,163.4848902936
2025-08-12,12,114,115,19:00-19:20,36.8531583333,248.1484468094
2025-08-12,13,118,118,19:40-19:50,3.9510783333,26.6164391925
2025-08-12,14,125,125,20:50-21:00,20.6486666667,96.3466786667
2025-08-13,1,5,5,0:50-1:00,48.9695000000,104.9171537500
2025-08-13,2,8,9,1:20-1:40,30.8461566667,66.1361190233
2025-08-13,3,15,17,2:30-3:00,60.8113383333,132.0877182392
2025-08-13,4,26,28,4:20-4:50,32.9274100000,72.2981748671
2025-08-13,5,32,32,5:20-5:30,1.9186904762,4.1261438690
2025-08-13,6,35,35,5:50-6:00,30.5230238095,138.8644968214
2025-08-13,7,62,70,10:20-11:50,536.4812778571,1646.3795994054
2025-08-13,8,84,85,14:00-14:20,187.0174326190,934.5636627221
2025-08-13,9,105,106,17:30-17:50,77.4976173810,394.0183314774
2025-08-13,10,115,116,19:10-19:30,41.9644733333,282.5867453167
2025-08-13,11,123,124,20:30-20:50,46.1205378571,304.4095926114
2025-08-13,12,136,136,22:40-22:50,13.7412916667,29.1384089792
2025-08-14,1,3,3,0:30-0:40,2.0857516667,4.4551655600
2025-08-14,2,10,10,1:40-1:50,27.3984000000,59.3586336000
2025-08-14,3,15,15,2:30-2:40,1.6190683333,3.5198545567
2025-08-14,4,21,22,3:30-3:50,72.0377904762,156.9201693573
2025-08-14,5,35,35,5:50-6:00,7.1906547619,32.7138838393
2025-08-14,6,38,42,6:20-7:10,72.2326680952,303.5483475125
2025-08-14,7,45,46,7:30-7:50,56.2220145238,224.1118260574
2025-08-14,8,48,49,8:00-8:20,216.0708833333,1229.0677539815
2025-08-14,9,51,52,8:30-8:50,172.7811052381,907.7686574095
2025-08-14,10,59,59,9:50-10:00,3.6217976190,18.0673374226
2025-08-14,11,68,68,11:20-11:30,0.5122023810,1.2362004464
2025-08-14,12,71,73,11:50-12:20,64.1467352381,143.5996844176
2025-08-14,13,97,97,16:10-16:20,27.9980226190,119.2575773458
2025-08-14,14,101,102,16:50-17:10,33.8579297619,157.6913568821
2025-08-14,15,106,107,17:40-18:00,45.8256857143,268.7816890310
2025-08-14,16,113,114,18:50-19:10,43.3379657143,292.4840036771
2025-08-14,17,123,126,20:30-21:10,120.3528447619,702.5744761124
2025-08-14,18,136,136,22:40-22:50,22.2454516667,47.1714802592
2025-08-14,19,138,138,23:00-23:10,6.6831250000,14.1949575000
2025-08-14,20,142,142,23:40-23:50,13.5935250000,29.0289726375
2025-08-15,1,3,4,0:30-0:50,32.8000883333,70.0514983150
2025-08-15,2,14,14,2:20-2:30,34.5286666667,75.3933436667
2025-08-15,3,24,24,4:00-4:10,39.4758771429,86.8666676529
2025-08-15,4,32,33,5:20-5:40,21.0026545238,39.0609101235
2025-08-15,5,39,40,6:30-6:50,45.7244111905,194.7243980896
2025-08-15,6,42,43,7:00-7:20,35.2531619048,141.8840172524
2025-08-15,7,97,98,16:10-16:30,24.7349969048,108.3221285539
2025-08-15,8,119,119,19:50-20:00,36.1160000000,243.4579560000
2025-08-15,9,123,123,20:30-20:40,9.9627250000,69.4999696000
2025-08-15,10,129,129,21:30-21:40,25.1056250000,123.9088121875
2025-08-15,11,138,140,23:00-23:30,50.1168933333,106.0953704733
2025-08-15,12,143,143,23:50-24:00,27.5985000000,59.0055930000
2025-08-16,1,0,0,0:00-0:10,18.8444150000,40.0255374600
2025-08-16,2,6,7,1:00-1:20,41.6626300000,89.7887158875
2025-08-16,3,10,10,1:40-1:50,28.7784916667,62.3486021958
2025-08-16,4,18,18,3:00-3:10,4.9219650000,10.7643374550
2025-08-16,5,22,22,3:40-3:50,17.2757278571,37.6610867286
2025-08-16,6,28,29,4:40-5:00,45.6351107143,100.5134200393
2025-08-16,7,96,96,16:00-16:10,6.8142621429,28.1803810918
2025-08-16,8,100,100,16:40-16:50,11.5920969048,53.1091919692
2025-08-16,9,111,112,18:30-18:50,32.4785150000,206.5547962431
2025-08-16,10,116,116,19:20-19:30,4.0780000000,27.4918370000
2025-08-16,11,121,122,20:10-20:30,73.1754416667,492.6134595000
2025-08-16,12,130,130,21:40-21:50,3.9048216667,15.1585177100
2025-08-17,1,2,2,0:20-0:30,15.4041666667,32.8801937500
2025-08-17,2,13,14,2:10-2:30,68.4964033333,148.9712650900
2025-08-17,3,18,19,3:00-3:20,39.2373304762,85.7855777632
2025-08-17,4,21,21,3:30-3:40,5.7100400000,12.4279020600
2025-08-17,5,30,30,5:00-5:10,1.8003273810,3.9004092708
2025-08-17,6,36,36,6:00-6:10,0.5707283333,2.6732915133
2025-08-17,7,41,44,6:50-7:30,133.2320976190,534.0490830000
2025-08-17,8,74,74,12:20-12:30,0.8467380952,1.8894960595
2025-08-17,9,96,97,16:00-16:20,45.0319940476,189.0219709620
2025-08-17,10,109,111,18:10-18:40,66.9254107143,419.1200615804
2025-08-17,11,115,117,19:10-19:40,65.4621302381,440.7173472702
2025-08-17,12,122,122,20:20-20:30,0.5146666667,3.4711693333
2025-08-17,13,142,143,23:40-24:00,8.2730683333,17.6724095092
2025-08-18,1,0,0,0:00-0:10,17.1499200000,36.4264300800
2025-08-18,2,8,9,1:20-1:40,88.9256100000,191.2244709100
2025-08-18,3,12,13,2:00-2:20,70.9876433333,152.9755048242
2025-08-18,4,17,17,2:50-3:00,5.5198333333,12.0249569167
2025-08-18,5,23,23,3:50-4:00,24.4693333333,53.5633706667
2025-08-18,6,27,27,4:30-4:40,5.7754630952,12.6858046887
2025-08-18,7,33,37,5:30-6:20,73.9690535714,325.1610501536
2025-08-18,8,50,51,8:20-8:40,92.2240176190,495.0176401595
2025-08-18,9,54,54,9:00-9:10,17.4414942857,88.4894212586
2025-08-18,10,98,98,16:20-16:30,3.7401904762,16.4400072381
2025-08-18,11,101,101,16:50-17:00,6.1164285714,28.3312971429
2025-08-18,12,104,105,17:20-17:40,103.4593090476,509.4258578310
2025-08-18,13,114,115,19:00-19:20,56.9759519048,384.2578281219
2025-08-18,14,119,119,19:50-20:00,37.7238333333,254.2963605000
2025-08-18,15,122,123,20:20-20:40,70.1254533333,477.1322376200
2025-08-18,16,130,130,21:40-21:50,19.4314333333,75.4328242000
2025-08-18,17,137,137,22:50-23:00,15.4921666667,32.8201550833
2025-08-19,1,4,5,0:40-1:00,20.1915266667,43.1922170300
2025-08-19,2,10,11,1:40-2:00,92.0834483333,198.5767964808
2025-08-19,3,14,17,2:20-3:00,69.7250533333,151.8748273267
2025-08-19,4,26,28,4:20-4:50,33.0886388095,72.6331212398
2025-08-19,5,50,50,8:20-8:30,0.3201547619,1.7366795060
2025-08-19,6,65,65,10:50-11:00,41.0069047619,103.0298482143
2025-08-19,7,67,70,11:10-11:50,242.5171838095,584.2835041775
2025-08-19,8,73,73,12:10-12:20,23.8544230952,54.2807397532
2025-08-19,9,84,84,14:00-14:10,42.6022328571,213.0537665186
2025-08-19,10,88,90,14:40-15:10,132.6572992857,505.0145276267
2025-08-19,11,94,95,15:40-16:00,66.5687807143,267.7297522877
2025-08-19,12,109,110,18:10-18:30,10.3251833333,64.6277712250
2025-08-19,13,116,118,19:20-19:50,89.3347102381,602.3702068344
2025-08-19,14,120,120,20:00-20:10,29.1480635714,196.9388915204
2025-08-19,15,128,130,21:20-21:50,121.4521500000,584.1611280325
2025-08-19,16,136,136,22:40-22:50,0.3330750000,0.7062855375
2025-08-20,1,1,3,0:10-0:40,39.7875716667,84.8903935975
2025-08-20,2,11,12,1:50-2:10,42.1371400000,90.6824900100
2025-08-20,3,18,18,3:00-3:10,7.2313000000,15.8148531000
2025-08-20,4,32,33,5:20-5:40,20.1010785714,38.6639028679
2025-08-20,5,36,57,6:00-9:40,1401.9480104762,6940.2036795426
2025-08-20,6,64,75,10:40-12:40,1431.6869054762,3520.3676719544
2025-08-20,7,80,81,13:20-13:40,82.6377961905,356.1882779776
2025-08-20,8,85,89,14:10-15:00,208.6737885714,936.2372873810
2025-08-20,9,92,93,15:20-15:40,21.5972228571,79.3924272171
2025-08-20,10,98,99,16:20-16:40,39.3798402381,176.1991256245
2025-08-20,11,102,103,17:00-17:20,54.0033988095,260.5216357679
2025-08-20,12,107,107,17:50-18:00,61.0473452381,375.8379809583
2025-08-20,13,118,120,19:40-20:10,71.4727261905,482.1629672702
2025-08-20,14,125,125,20:50-21:00,28.9150000000,134.9173900000
2025-08-20,15,138,141,23:00-23:40,86.4795066667,183.2347557933
2025-08-21,1,0,1,0:00-0:20,17.8362850000,37.8630957500
2025-08-21,2,16,18,2:40-3:10,79.8031433333,173.8107504742
2025-08-21,3,23,23,3:50-4:00,5.7196666667,12.5203503333
2025-08-21,4,28,29,4:40-5:00,42.6065442857,93.6438656657
2025-08-21,5,68,70,11:20-11:50,164.4953657143,390.1290721168
2025-08-21,6,73,75,12:10-12:40,224.4622869048,501.3787147527
2025-08-21,7,79,85,13:10-14:20,181.2824416667,807.1361264376
2025-08-21,8,91,92,15:10-15:30,128.9401571429,468.2371270083
2025-08-21,9,108,109,18:00-18:20,150.7252452381,943.5666886129
2025-08-21,10,122,122,20:20-20:30,10.1568333333,68.5027624167
2025-08-22,1,9,10,1:30-1:50,86.4539500000,186.7418015925
2025-08-22,2,15,19,2:30-3:20,61.3142928571,133.2146295218
2025-08-22,3,22,24,3:40-4:10,107.2339752381,234.5783691671
2025-08-22,4,27,27,4:30-4:40,0.8763842857,1.9249780836
2025-08-22,5,32,33,5:20-5:40,28.6172126190,56.0174517273
2025-08-22,6,91,91,15:10-15:20,20.5421721429,74.1264281775
2025-08-22,7,93,93,15:30-15:40,10.5146078571,39.6085277979
2025-08-22,8,95,100,15:50-16:50,208.9286645238,913.4660602505
2025-08-22,9,102,103,17:00-17:20,31.4042264286,151.7981413669
2025-08-22,10,108,109,18:00-18:20,69.4716519048,434.4445216893
2025-08-22,11,113,114,18:50-19:10,76.4391576190,515.1608952412
2025-08-22,12,122,123,20:20-20:40,66.3368416667,452.0237444667
2025-08-22,13,126,128,21:00-21:30,49.9486733333,230.7100936508
2025-08-22,14,132,135,22:00-22:40,92.6541966667,194.8215249233
2025-08-23,1,1,2,0:10-0:30,23.1115933333,49.2061828500
2025-08-23,2,10,10,1:40-1:50,1.5710700000,3.4037231550
2025-08-23,3,14,14,2:20-2:30,3.2051666667,6.9984814167
2025-08-23,4,18,19,3:00-3:20,44.8687383333,98.1010778050
2025-08-23,5,24,25,4:00-4:20,52.0470909524,114.2685658779
2025-08-23,6,29,30,4:50-5:10,55.6024911905,121.2872369975
2025-08-23,7,33,33,5:30-5:40,2.0804228571,3.8623050343
2025-08-23,8,95,95,15:50-16:00,6.2600119048,25.2121979464
2025-08-23,9,98,98,16:20-16:30,8.7885476190,38.6300610595
2025-08-23,10,117,117,19:30-19:40,3.5050700000,23.6416971500
2025-08-23,11,129,130,21:30-21:50,125.4443200000,556.6776462408
2025-08-23,12,135,137,22:30-23:00,21.2200866667,44.9423877600
2025-08-23,13,141,142,23:30-23:50,20.8975200000,44.3338826750
2025-08-24,1,1,1,0:10-0:20,9.1045016667,19.3243047875
2025-08-24,2,6,7,1:00-1:20,15.0424000000,32.4149112675
2025-08-24,3,11,14,1:50-2:30,62.2477016667,134.2279734242
2025-08-24,4,20,21,3:20-3:40,23.2731709524,50.6796580779
2025-08-24,5,36,37,6:00-6:20,37.0698647619,165.6659778674
2025-08-24,6,45,45,7:30-7:40,11.8970316667,41.0388107342
2025-08-24,7,90,91,15:00-15:20,33.7522480952,114.1759839794
2025-08-24,8,93,93,15:30-15:40,10.6943721429,40.2856998621
2025-08-24,9,97,98,16:10-16:30,31.0807628571,135.5865105329
2025-08-24,10,101,101,16:50-17:00,0.7519047619,3.4828228571
2025-08-24,11,104,104,17:20-17:30,11.1110476190,54.7885758095
2025-08-24,12,107,109,17:50-18:20,101.8130209524,635.4253673381
2025-08-24,13,112,112,18:40-18:50,8.1776711905,52.6682913023
2025-08-24,14,124,124,20:40-20:50,5.5837966667,34.1337490233
2025-08-24,15,128,128,21:20-21:30,29.0123333333,135.9372878333
2025-08-24,16,138,139,23:00-23:20,91.0515350000,193.1468349800
2025-08-25,1,23,25,3:50-4:20,81.3083790476,178.5648818348
2025-08-25,2,29,29,4:50-5:00,0.8938333333,1.9641987500
2025-08-25,3,37,40,6:10-6:50,98.9716840476,431.4578574950
2025-08-25,4,43,43,7:10-7:20,29.0932519048,115.9657020924
2025-08-25,5,69,72,11:30-12:10,175.7223771429,399.5242626510
2025-08-25,6,74,80,12:20-13:30,591.6092145238,2114.2019959826
2025-08-25,7,88,102,14:40-17:10,739.9490169048,2915.3496816451
2025-08-25,8,106,106,17:40-17:50,3.8870483333,20.8773365983
2025-08-25,9,116,116,19:20-19:30,0.7870000000,5.3055605000
2025-08-25,10,131,131,21:50-22:00,9.0871666667,19.1239422500
2025-08-25,11,138,138,23:00-23:10,12.1045183333,25.7099969400
2025-08-26,1,6,7,1:00-1:20,31.9666433333,68.7827868300
2025-08-26,2,14,17,2:20-3:00,27.4831366667,59.6957095225
2025-08-26,3,21,21,3:30-3:40,2.0642245238,4.4927846761
2025-08-26,4,25,26,4:10-4:30,43.9773283333,96.2297282775
2025-08-26,5,50,50,8:20-8:30,14.6137738095,79.2724160298
2025-08-26,6,96,97,16:00-16:20,86.9962219048,364.4920871729
2025-08-26,7,100,103,16:40-17:20,185.1046611905,866.5783674873
2025-08-26,8,124,124,20:40-20:50,7.3799366667,45.1135528433
2025-08-27,1,7,7,1:10-1:20,19.1456700000,41.1823361700
2025-08-27,2,13,13,2:10-2:20,27.3795466667,59.1945798933
2025-08-27,3,21,21,3:30-3:40,2.1813457143,4.7476989471
2025-08-27,4,31,31,5:10-5:20,21.3539292857,47.3950460496
2025-08-27,5,47,48,7:50-8:10,61.6844378571,359.1784917782
2025-08-27,6,52,53,8:40-9:00,140.6651232262,730.5535151246
2025-08-27,7,86,86,14:20-14:30,24.4466190476,125.5456121190
2025-08-27,8,99,99,16:30-16:40,9.5314252381,43.0057906743
2025-08-27,9,103,104,17:10-17:30,1.6541704762,8.1195872467
2025-08-27,10,110,110,18:20-18:30,22.6582976190,142.1241718155
2025-08-27,11,113,113,18:50-19:00,22.2688333333,149.9360548333
2025-08-27,12,118,118,19:40-19:50,2.9889766667,20.1352413150
2025-08-27,13,129,130,21:30-21:50,9.6124666667,42.1158841525
2025-08-28,1,6,7,1:00-1:20,26.9216250000,57.9961376250
2025-08-28,2,9,9,1:30-1:40,3.4992783333,7.5444440867
2025-08-28,3,12,13,2:00-2:20,9.2405683333,19.8659315942
2025-08-28,4,18,20,3:00-3:30,17.8124066667,38.9112931575
2025-08-28,5,26,27,4:20-4:40,27.1780188095,59.5350124818
2025-08-28,6,35,36,5:50-6:10,17.0761811905,79.3629719462
2025-08-28,7,46,46,7:40-7:50,16.4397652381,70.6909905238
2025-08-28,8,54,68,9:00-11:30,1962.5131530952,7417.2876731496
2025-08-28,9,70,73,11:40-12:20,228.9338200000,514.1609019631
2025-08-28,10,75,75,12:30-12:40,0.9609088095,1.9761089668
2025-08-28,11,102,103,17:00-17:20,120.7786230952,581.9993566636
2025-08-28,12,113,113,18:50-19:00,27.1763333333,182.9782523333
2025-08-28,13,119,120,19:50-20:10,40.9714885714,276.3687876995
2025-08-28,14,128,130,21:20-21:50,77.0623950000,356.0798069742
2025-08-28,15,137,138,22:50-23:10,61.4546283333,130.2018580800
2025-08-28,16,140,140,23:20-23:30,11.3461666667,23.9404116667
2025-08-29,1,4,4,0:40-0:50,10.0236516667,21.4055081342
2025-08-29,2,36,37,6:00-6:20,25.3004847619,113.7143487129
2025-08-29,3,41,41,6:50-7:00,23.3235119048,97.1890741071
2025-08-29,4,43,45,7:10-7:40,89.0554740476,336.0088720955
2025-08-29,5,101,101,16:50-17:00,19.2690476190,89.2542285714
2025-08-29,6,111,111,18:30-18:40,0.9628857143,6.0286274571
2025-08-29,7,120,121,20:00-20:20,67.3470992857,453.4368122118
2025-08-29,8,124,124,20:40-20:50,12.3645866667,75.5847182933
2025-08-29,9,131,132,21:50-22:10,19.3554983333,39.4483590342
2025-08-29,10,136,136,22:40-22:50,10.3296300000,21.9039804150
2025-08-29,11,140,141,23:20-23:40,11.9608916667,25.3418486667
2025-08-30,1,0,1,0:00-0:20,13.9643183333,29.6539218500
2025-08-30,2,4,5,0:40-1:00,65.3662483333,139.8376578158
2025-08-30,3,8,12,1:20-2:10,71.7870116667,154.3941056042
2025-08-30,4,24,27,4:00-4:40,46.1467176190,101.3716830788
2025-08-30,5,31,32,5:10-5:30,39.9284116667,87.5656257299
2025-08-30,6,105,106,17:30-17:50,33.9420109524,170.4881548226
2025-08-30,7,108,109,18:00-18:20,46.8290742857,292.8197845814
2025-08-30,8,123,124,20:30-20:50,36.3067250000,225.3124438383
2025-08-30,9,130,130,21:40-21:50,17.3847333333,67.4875348000
2025-08-30,10,135,136,22:30-22:50,39.1304450000,82.1926832142
2025-08-30,11,139,141,23:10-23:40,92.7272233333,195.9741151333
2025-08-31,1,10,11,1:40-2:00,16.5184616667,35.6250558675
2025-08-31,2,26,26,4:20-4:30,18.2681666667,39.8611396667
2025-08-31,3,34,35,5:40-6:00,26.3693435714,86.1282194517
2025-08-31,4,45,46,7:30-7:50,26.4727502381,92.3891751938
2025-08-31,5,58,58,9:40-9:50,12.2637371429,58.6758503600
2025-08-31,6,71,71,11:50-12:00,3.6403690476,8.0670578095
2025-08-31,7,76,76,12:40-12:50,36.7491438095,104.4043175629
2025-08-31,8,108,108,18:00-18:10,4.8998292857,30.7733778289
2025-08-31,9,120,120,20:00-20:10,15.9420383333,107.7123819992
2025-08-31,10,124,124,20:40-20:50,1.5951750000,9.7513047750
2025-08-31,11,137,137,22:50-23:00,1.4966666667,3.1706883333
2025-09-04,1,47,47,7:50-8:00,5.7013214286,33.1161255179
2025-09-06,1,45,45,7:30-7:40,2.5938500000,8.9474855750
2025-09-07,1,31,31,5:10-5:20,2.3593342857,5.2365424471
2025-09-07,2,47,49,7:50-8:20,69.5147614286,391.6056500367
2025-09-07,3,74,76,12:20-12:50,66.9272161905,149.6391147996
2025-09-07,4,78,79,13:00-13:20,51.5241088095,217.8200655014
2025-09-08,1,27,28,4:30-4:50,9.4858814286,20.9587784390
2025-09-08,2,30,31,5:00-5:20,25.0328321429,54.6331002418
2025-09-08,3,59,60,9:50-10:10,42.9061740476,213.7667719987
2025-09-08,4,64,64,10:40-10:50,7.1386750000,28.5190066250
2025-09-08,5,66,66,11:00-11:10,9.8761459524,23.0212962150
2025-09-08,6,71,71,11:50-12:00,3.5444880952,7.8545856190
2025-09-08,7,81,93,13:30-15:40,722.0697290476,3000.3949704546
2025-09-08,8,100,100,16:40-16:50,8.4947211905,38.9185651342
2025-09-08,9,143,143,23:50-24:00,4.7321666667,10.1173723333
2025-09-09,1,97,97,16:10-16:20,9.7582545238,41.5652851442
2025-09-10,1,5,5,0:50-1:00,0.2310000000,0.4949175000
2025-09-10,2,21,21,3:30-3:40,4.1616080952,9.0577400193
2025-09-10,3,35,35,5:50-6:00,5.6306309524,25.6165555179
2025-09-10,4,37,44,6:10-7:30,230.9220333333,948.6970188283
2025-09-10,5,46,46,7:40-7:50,12.1333602381,52.1734490238
2025-09-10,6,48,52,8:00-8:50,225.3454990476,1208.3493983214
2025-09-10,7,57,57,9:30-9:40,3.5966619048,16.9438742333
2025-09-10,8,60,62,10:00-10:30,110.6253557143,532.2007034187
2025-09-10,9,65,65,10:50-11:00,39.9974642857,100.4936290179
2025-09-10,10,75,85,12:30-14:20,820.3612971429,3215.6714203777
2025-09-11,1,11,11,1:50-2:00,4.4748333333,9.6455032500
2025-09-11,2,33,33,5:30-5:40,4.9436607143,9.1779061161
2025-09-11,3,49,51,8:10-8:40,112.3949009524,603.3083348626
2025-09-12,1,15,15,2:30-2:40,3.6757616667,7.9911058633
2025-09-12,2,29,30,4:50-5:10,28.3176652381,61.5605825717
2025-09-12,3,40,40,6:40-6:50,3.1135857143,13.1424453000
2025-09-12,4,44,45,7:20-7:40,70.6205502381,256.4301023023
2025-09-12,5,107,107,17:50-18:00,3.1007261905,19.0896207917
2025-09-12,6,126,127,21:00-21:20,19.9426916667,91.5820700367
2025-09-13,1,39,40,6:30-6:50,21.3132157143,91.4715338686
2025-09-13,2,96,96,16:00-16:10,6.2907361905,26.0153395157
2025-09-13,3,100,103,16:40-17:20,73.6963211905,346.3470536210
2025-09-13,4,125,125,20:50-21:00,6.7200000000,31.3555200000
2025-09-14,1,17,17,2:50-3:00,8.6781666667,18.9053860833
2025-09-14,2,24,24,4:00-4:10,14.6999950000,32.3473389975
2025-09-14,3,27,28,4:30-4:50,64.4483630952,142.2284789212
2025-09-14,4,32,32,5:20-5:30,13.9951666667,30.0966059167
2025-09-14,5,53,55,8:50-9:20,66.8584690476,336.1798711127
2025-09-14,6,58,61,9:40-10:20,89.3985819048,433.9944094398
2025-09-14,7,65,65,10:50-11:00,13.6183452381,34.2160924107
2025-09-14,8,67,78,11:10-13:10,585.9296895238,1421.4609478399
2025-09-14,9,125,125,20:50-21:00,24.5080000000,114.3543280000
2025-09-14,10,133,134,22:10-22:30,10.2064466667,22.0677686867
2025-09-15,1,0,1,0:00-0:20,26.9845466667,57.3135202650
2025-09-15,2,3,4,0:30-0:50,101.6348950000,217.0611017942
2025-09-15,3,9,13,1:30-2:20,142.7242233333,307.9724263908
2025-09-15,4,20,22,3:20-3:50,42.0888645238,91.6467943319
2025-09-15,5,26,26,4:20-4:30,2.2656666667,4.9436846667
2025-09-15,6,29,29,4:50-5:00,0.4413333333,0.9698300000
2025-09-15,7,33,35,5:30-6:00,56.7139442857,176.8573161623
2025-09-15,8,39,40,6:30-6:50,34.0586852381,145.8860598161
2025-09-15,9,42,44,7:00-7:30,50.6446904762,201.8112421524
2025-09-15,10,46,47,7:40-8:00,16.5202616667,87.8725598333
2025-09-15,11,89,90,14:50-15:10,34.1734245238,112.8129329881
2025-09-15,12,104,104,17:20-17:30,13.1286666667,64.7374553333
2025-09-15,13,106,108,17:40-18:10,90.7495454762,553.6667285119
2025-09-15,14,111,114,18:30-19:10,107.8762150000,708.5125477958
2025-09-15,15,117,118,19:30-19:50,62.3304545238,420.0829633680
2025-09-15,16,121,121,20:10-20:20,4.5734854762,30.6423526905
2025-09-15,17,124,124,20:40-20:50,2.4452816667,14.9480068283
2025-09-15,18,134,136,22:20-22:50,85.3508183333,179.5174837800
2025-09-15,19,140,141,23:20-23:40,17.9800566667,37.9937351333
2025-09-16,1,0,2,0:00-0:30,164.0124850000,348.9796496775
2025-09-16,2,6,7,1:00-1:20,46.5913783333,100.3082633775
2025-09-16,3,11,11,1:50-2:00,24.1475000000,52.0499362500
2025-09-16,4,14,19,2:20-3:20,188.6853983333,411.5276241217
2025-09-16,5,22,26,3:40-4:30,109.6675459524,240.2263221298
2025-09-16,6,28,28,4:40-4:50,13.5186816667,29.8898051650
2025-09-16,7,33,33,5:30-5:40,5.3473309524,9.9273199131
2025-09-16,8,41,41,6:50-7:00,6.9242857143,28.8534985714
2025-09-16,9,63,75,10:30-12:40,1123.7638716667,2838.5320010604
2025-09-16,10,87,87,14:30-14:40,12.5418561905,68.3907418067
2025-09-16,11,91,93,15:10-15:40,39.2284009524,142.2766723675
2025-09-16,12,104,107,17:20-18:00,42.7960647619,214.5017780567
2025-09-16,13,111,112,18:30-18:50,56.9411571429,357.8027750848
2025-09-16,14,115,116,19:10-19:30,98.3588666667,661.9860565000
2025-09-16,15,122,124,20:20-20:50,108.5231333333,734.2118567633
2025-09-16,16,126,126,21:00-21:10,23.5995766667,107.0004806067
2025-09-16,17,129,131,21:30-22:00,93.3157716667,314.0561208025
2025-09-16,18,134,134,22:20-22:30,12.5966666667,26.4404033333
2025-09-16,19,137,143,22:50-24:00,139.6447150000,297.4099530050
2025-09-17,1,5,5,0:50-1:00,9.9280000000,21.2707400000
2025-09-17,2,7,7,1:10-1:20,0.2704016667,0.5816339850
2025-09-17,3,15,17,2:30-3:00,51.0250266667,110.7467586608
2025-09-17,4,19,21,3:10-3:40,74.3536550000,162.0943289625
2025-09-17,5,23,23,3:50-4:00,4.2006666667,9.1952593333
2025-09-17,6,26,26,4:20-4:30,10.4161666667,22.7280756667
2025-09-17,7,29,29,4:50-5:00,19.5951666667,43.0603787500
2025-09-17,8,32,32,5:20-5:30,10.9286666667,23.5020976667
2025-09-17,9,35,35,5:50-6:00,2.5475357143,11.5900137321
2025-09-17,10,53,53,8:50-9:00,13.8805119048,71.9010516667
2025-09-17,11,55,57,9:10-9:40,88.2839697619,426.9011939888
2025-09-17,12,59,62,9:50-10:30,243.7287230952,1186.2384859889
2025-09-17,13,64,70,10:40-11:50,390.2706188095,955.8975123669
2025-09-17,14,80,81,13:20-13:40,29.1811214286,125.7896043548
2025-09-17,15,95,96,15:50-16:10,36.6879471429,148.7116118379
2025-09-17,16,105,105,17:30-17:40,33.2724271429,162.3694444571
2025-09-17,17,109,109,18:10-18:20,8.6493316667,53.8291156275
2025-09-17,18,113,115,18:50-19:20,34.1927542857,230.1996775721
2025-09-17,19,120,120,20:00-20:10,3.0020428571,20.2833025643
2025-09-17,20,127,129,21:10-21:40,58.2299366667,272.9674099183
2025-09-17,21,135,136,22:30-22:50,117.8465983333,248.7597363867
2025-09-17,22,141,143,23:30-24:00,68.3405200000,145.7447369700
2025-09-18,1,0,0,0:00-0:10,0.9348050000,1.9855258200
2025-09-18,2,3,4,0:30-0:50,33.8311716667,72.2517877200
2025-09-18,3,8,8,1:20-1:30,0.1715000000,0.3669242500
2025-09-18,4,12,13,2:00-2:20,19.8898316667,42.9834663883
2025-09-18,5,17,17,2:50-3:00,0.7161666667,1.5601690833
2025-09-18,6,20,23,3:20-4:00,52.2732423810,114.0443262271
2025-09-18,7,29,29,4:50-5:00,13.6056666667,29.8984525000
2025-09-18,8,31,32,5:10-5:30,34.5185559524,74.5255924363
2025-09-18,9,36,36,6:00-6:10,12.5369195238,58.7229310495
2025-09-18,10,53,53,8:50-9:00,2.7388095238,14.1870333333
2025-09-18,11,56,56,9:20-9:30,22.4898690476,109.0758648810
2025-09-18,12,59,59,9:50-10:00,16.2047023810,80.8371578274
2025-09-18,13,72,72,12:00-12:10,0.6202114286,1.3678763057
2025-09-18,14,76,78,12:40-13:10,91.9550430952,337.2129146169
2025-09-18,15,97,97,16:10-16:20,13.8178035714,58.8569343125
2025-09-18,16,101,101,16:50-17:00,21.5065833333,99.6184940000
2025-09-18,17,109,110,18:10-18:30,36.7089700000,229.8795932950
2025-09-18,18,113,114,18:50-19:10,74.7251614286,503.9999414993
2025-09-18,19,116,118,19:20-19:50,67.8277135714,457.3447928901
2025-09-18,20,121,126,20:10-21:10,94.3691383333,573.2681631717
2025-09-18,21,128,130,21:20-21:50,135.5778616667,622.7703926683
2025-09-18,22,133,134,22:10-22:30,41.3024916667,89.4244126333
2025-09-18,23,141,142,23:30-23:50,20.9579783333,44.5115565625
2025-09-19,1,1,2,0:10-0:30,14.9981683333,31.9725402875
2025-09-19,2,5,11,0:50-2:00,250.8671200000,540.9856696700
2025-09-19,3,14,19,2:20-3:20,109.3313133333,238.5498459175
2025-09-19,4,26,29,4:20-5:00,90.3324354762,198.3196250558
2025-09-19,5,33,33,5:30-5:40,5.6204088095,10.4342889549
2025-09-19,6,46,46,7:40-7:50,13.8778285714,59.6746628571
2025-09-19,7,72,72,12:00-12:10,42.4380480952,93.5971150740
2025-09-19,8,95,98,15:50-16:30,192.3301664286,801.3250323187
2025-09-19,9,100,102,16:40-17:10,86.8084202381,404.4849587174
2025-09-19,10,105,106,17:30-17:50,42.3528978571,212.2131014102
2025-09-19,11,108,109,18:00-18:20,28.8477147619,180.2842210636
2025-09-19,12,111,112,18:30-18:50,52.0817709524,331.5034182567
2025-09-19,13,128,128,21:20-21:30,22.4995000000,105.4214072500
2025-09-19,14,134,137,22:20-23:00,65.9506800000,138.7090140358
2025-09-20,1,0,1,0:00-0:20,27.1945750000,57.7311206375
2025-09-20,2,5,8,0:50-1:30,43.8025716667,94.1238313033
2025-09-20,3,10,10,1:40-1:50,4.1803916667,9.0568185458
2025-09-20,4,12,13,2:00-2:20,10.1140583333,21.8205721367
2025-09-20,5,15,15,2:30-2:40,16.1223050000,35.0498910700
2025-09-20,6,18,24,3:00-4:10,150.4722409524,328.6600177754
2025-09-20,7,29,29,4:50-5:00,0.2331666667,0.5123837500
2025-09-20,8,41,42,6:50-7:10,45.0075904762,185.8057469119
2025-09-20,9,45,45,7:30-7:40,2.7975585714,9.6501782921
2025-09-20,10,93,94,15:30-15:50,61.8970111905,235.0422652795
2025-09-20,11,98,100,16:20-16:50,66.2167511905,298.3534597488
2025-09-20,12,102,103,17:00-17:20,33.3587909524,160.3326138957
2025-09-20,13,106,108,17:40-18:10,27.4082502381,169.4895929652
2025-09-20,14,113,114,18:50-19:10,55.4917740476,374.7476639730
2025-09-20,15,118,119,19:40-20:00,48.7999578571,328.8703068546
2025-09-20,16,122,122,20:20-20:30,25.8676666667,174.4644778333
2025-09-20,17,124,125,20:40-21:00,47.7791333333,240.1012195667
2025-09-20,18,131,134,21:50-22:30,69.2737083333,142.7563175367
2025-09-20,19,142,142,23:40-23:50,0.4704750000,1.0046993625
2025-09-21,1,3,4,0:30-0:50,45.0934100000,96.3067554600
2025-09-21,2,8,8,1:20-1:30,22.2265000000,47.5535967500
2025-09-21,3,13,15,2:10-2:40,48.0016816667,104.5062581433
2025-09-21,4,17,19,2:50-3:20,79.1246183333,172.8238771975
2025-09-21,5,23,23,3:50-4:00,0.6903333333,1.5111396667
2025-09-21,6,26,28,4:20-4:50,32.9964240476,72.2865054913
2025-09-21,7,33,34,5:30-5:50,33.3375333333,74.0957217333
2025-09-21,8,36,37,6:00-6:20,14.3890519048,64.6419078374
2025-09-21,9,65,70,10:50-11:50,164.1289859524,397.3902036336
2025-09-21,10,100,104,16:40-17:30,128.0468828571,610.8594199227
2025-09-21,11,109,109,18:10-18:20,0.1861664286,1.1586067682
2025-09-21,12,111,112,18:30-18:50,41.9210890476,266.0867874252
2025-09-21,13,116,117,19:20-19:40,48.7693800000,328.8369635167
2025-09-21,14,123,123,20:30-20:40,17.5614933333,122.5089774933
2025-09-21,15,126,127,21:00-21:20,49.7352300000,228.9806649750
2025-09-21,16,129,132,21:30-22:10,51.4073666667,169.5704876033
2025-09-21,17,136,137,22:40-23:00,28.4766516667,60.3478285258
2025-09-22,1,0,4,0:00-0:50,246.4605333333,525.1385357225
2025-09-22,2,7,18,1:10-3:10,358.4343183333,775.4144935725
2025-09-22,3,20,22,3:20-3:50,71.6778288095,156.1088344614
2025-09-22,4,24,25,4:00-4:20,47.0773821429,103.4272305682
2025-09-22,5,30,32,5:00-5:30,50.1180821429,109.7865503782
2025-09-22,6,41,41,6:50-7:00,4.2719047619,17.8010271429
2025-09-22,7,73,75,12:10-12:40,79.2837200000,176.5011788717
2025-09-22,8,92,99,15:20-16:40,412.7455573810,1745.0158527480
2025-09-22,9,101,107,16:50-18:00,217.2645854762,1050.1211807424
2025-09-22,10,109,110,18:10-18:30,62.3510502381,390.4353866568
2025-09-22,11,113,113,18:50-19:00,3.1225000000,21.0237925000
2025-09-22,12,116,121,19:20-20:20,284.6125009524,1918.8915232250
2025-09-22,13,123,124,20:30-20:50,12.0031483333,80.1992787433
2025-09-22,14,126,131,21:00-22:00,332.7508716667,1401.8664524417
2025-09-22,15,136,141,22:40-23:40,288.0227516667,609.8646171158
2025-09-23,1,3,7,0:30-1:20,138.6701550000,297.3607244092
2025-09-23,2,10,10,1:40-1:50,10.4537183333,22.6479807692
2025-09-23,3,12,14,2:00-2:30,94.1755900000,203.3205788675
2025-09-23,4,22,23,3:40-4:00,27.2410933333,59.4568169667
2025-09-23,5,26,26,4:20-4:30,5.0203333333,10.9543673333
2025-09-23,6,29,31,4:50-5:20,66.4720580952,144.6636667621
2025-09-23,7,34,34,5:40-5:50,6.4526128571,18.4157570943
2025-09-23,8,37,38,6:10-6:30,26.4737652381,115.9335870550
2025-09-23,9,41,42,6:50-7:10,35.7841157143,147.0759575371
2025-09-23,10,57,58,9:30-9:50,21.8018883333,103.5038006333
2025-09-23,11,60,61,10:00-10:20,19.2267552381,93.8022384152
2025-09-23,12,64,65,10:40-11:00,43.6850735714,135.7448400190
2025-09-23,13,85,91,14:10-15:20,529.2954954762,2269.0854002358
2025-09-23,14,95,100,15:50-16:50,317.6813097619,1351.2008693369
2025-09-23,15,102,106,17:00-17:50,112.3664511905,547.7721898617
2025-09-23,16,109,112,18:10-18:50,166.4087397619,1045.2937740002
2025-09-23,17,114,116,19:00-19:30,56.2424652381,378.7190268971
2025-09-23,18,119,122,19:50-20:30,220.4791716667,1485.0099069267
2025-09-23,19,124,131,20:40-22:00,283.2379816667,1258.6023587933
2025-09-23,20,133,134,22:10-22:30,60.7178133333,127.8898784867
2025-09-23,21,139,141,23:10-23:40,61.7812016667,130.8550925333
2025-09-24,1,1,2,0:10-0:30,37.6365766667,79.8879399750
2025-09-24,2,8,9,1:20-1:40,57.7139516667,123.8103737933
2025-09-24,3,12,22,2:00-3:50,284.4854283333,618.5857101517
2025-09-24,4,24,33,4:00-5:40,154.0170345238,337.7779281021
2025-09-24,5,37,37,6:10-6:20,14.6766297619,64.2689617274
2025-09-24,6,39,41,6:30-7:00,82.9023947619,350.9302456746
2025-09-24,7,43,44,7:10-7:30,6.4035280952,25.4876293686
2025-09-24,8,47,47,7:50-8:00,8.1044761905,47.0748499524
2025-09-24,9,73,76,12:10-12:50,163.3096302381,385.9055376148
2025-09-24,10,101,102,16:50-17:10,6.7817900000,31.9516125257
2025-09-24,11,106,106,17:40-17:50,14.8769788095,79.9042531860
2025-09-24,12,109,111,18:10-18:40,118.7749852381,743.1111783644
2025-09-24,13,114,114,19:00-19:10,32.4647159524,219.5101769120
2025-09-24,14,117,119,19:30-20:00,124.2077335714,836.9340622865
2025-09-24,15,122,123,20:20-20:40,37.2979216667,255.1628160467
2025-09-24,16,127,127,21:10-21:20,5.0279633333,23.5585221983
2025-09-24,17,132,132,22:00-22:10,14.3183500000,27.6272563250
2025-09-24,18,135,135,22:30-22:40,7.5284383333,15.7570214317
2025-09-24,19,138,139,23:00-23:20,43.3646816667,92.0164641800
2025-09-24,20,141,143,23:30-24:00,73.3090083333,156.5058908658
2025-09-25,1,1,8,0:10-1:30,305.6174833333,653.5762311167
2025-09-25,2,12,13,2:00-2:20,70.9678183333,152.9994907733
2025-09-25,3,17,19,2:50-3:20,55.0456916667,120.2562006150
2025-09-25,4,27,28,4:30-4:50,23.6093642857,52.0330429137
2025-09-25,5,30,30,5:00-5:10,8.1175119048,17.5865895417
2025-09-25,6,43,43,7:10-7:20,5.1504052381,20.5295152790
2025-09-25,7,93,95,15:30-16:00,93.2583261905,364.0849336113
2025-09-25,8,98,99,16:20-16:40,109.8554609524,487.6579266981
2025-09-25,9,106,107,17:40-18:00,70.3084178571,397.1453737571
2025-09-25,10,111,114,18:30-19:10,230.6272416667,1498.8488514986
2025-09-25,11,121,121,20:10-20:20,7.8011516667,52.2677161667
2025-09-25,12,125,128,20:50-21:30,179.0700766667,828.6987518242
2025-09-25,13,131,131,21:50-22:00,25.5518333333,53.7738332500
2025-09-25,14,135,143,22:30-24:00,301.4298783333,638.4559491183
2025-09-26,1,2,2,0:20-0:30,25.8306666667,55.1355580000
2025-09-26,2,11,12,1:50-2:10,34.2740350000,73.8115261275
2025-09-26,3,14,16,2:20-2:50,15.9270983333,34.6490999008
2025-09-26,4,20,20,3:20-3:30,6.1770000000,13.4535060000
2025-09-26,5,24,25,4:00-4:20,24.8789335714,54.6905300311
2025-09-26,6,29,29,4:50-5:00,2.3126666667,5.0820850000
2025-09-26,7,31,31,5:10-5:20,9.6500052381,21.4181866260
2025-09-26,8,33,33,5:30-5:40,15.0907542857,28.0159853314
2025-09-26,9,100,100,16:40-16:50,5.0979750000,23.3563724625
2025-09-26,10,104,104,17:20-17:30,14.3506785714,70.7631960357
2025-09-26,11,115,116,19:10-19:30,56.3455157143,379.4823062226
2025-09-26,12,118,119,19:40-20:00,35.5639211905,239.6961225996
2025-09-26,13,129,133,21:30-22:20,87.5471816667,354.5254124158
2025-09-26,14,137,137,22:50-23:00,8.4498333333,17.9009719167
2025-09-26,15,141,142,23:30-23:50,57.0530316667,121.4418127667
2025-09-27,1,2,3,0:20-0:40,54.8684750000,117.1758228500
2025-09-27,2,6,7,1:00-1:20,107.1000100000,230.5641567975
2025-09-27,3,14,14,2:20-2:30,6.0683333333,13.2502058333
2025-09-27,4,18,19,3:00-3:20,26.5351116667,58.0241185675
2025-09-27,5,22,23,3:40-4:00,30.1526533333,65.9718167667
2025-09-27,6,26,27,4:20-4:40,59.7027409524,130.6059693352
2025-09-27,7,33,34,5:30-5:50,44.7873692857,102.3083887164
2025-09-27,8,36,37,6:00-6:20,13.6486335714,63.2305086617
2025-09-27,9,39,41,6:30-7:00,51.1905557143,216.6181753900
2025-09-27,10,85,85,14:10-14:20,2.5175876190,12.5602446314
2025-09-27,11,89,90,14:50-15:10,31.9039207143,106.1748321786
2025-09-27,12,94,100,15:40-16:50,282.8093278571,1200.4874962261
2025-09-27,13,105,106,17:30-17:50,63.9924954762,328.0876223276
2025-09-27,14,109,117,18:10-19:40,243.7974071429,1591.6963143018
2025-09-27,15,126,127,21:00-21:20,74.7642433333,345.5451091683
2025-09-27,16,129,129,21:30-21:40,12.3940016667,61.1705952258
2025-09-27,17,135,136,22:30-22:50,10.8223050000,22.8658134400
2025-09-27,18,138,142,23:00-23:50,162.1577833333,343.9897746550
2025-09-28,1,0,2,0:00-0:30,35.7423633333,76.0192937500
2025-09-28,2,5,5,0:50-1:00,16.0520000000,34.3914100000
2025-09-28,3,10,10,1:40-1:50,4.0160683333,8.7008120442
2025-09-28,4,12,16,2:00-2:50,101.3679383333,219.4190812475
2025-09-28,5,20,21,3:20-3:40,8.4507283333,18.3988849675
2025-09-28,6,23,23,3:50-4:00,5.7461666667,12.5783588333
2025-09-28,7,26,26,4:20-4:30,0.2135000000,0.4658570000
2025-09-28,8,29,29,4:50-5:00,13.8178333333,30.3646887500
2025-09-28,9,35,35,5:50-6:00,3.0185119048,13.7327199107
2025-09-28,10,38,38,6:20-6:30,6.8406309524,29.9585432560
2025-09-28,11,42,43,7:00-7:20,33.0348728571,133.0104477943
2025-09-28,12,52,52,8:40-8:50,4.0876473810,21.3170810917
2025-09-28,13,57,57,9:30-9:40,6.2643750000,29.5114706250
2025-09-28,14,62,62,10:20-10:30,61.9460595238,295.7614611964
2025-09-28,15,76,78,12:40-13:10,71.6046990476,283.3387817593
2025-09-28,16,81,81,13:30-13:40,0.1945430952,0.8387725551
2025-09-28,17,85,85,14:10-14:20,9.1396142857,45.5975356714
2025-09-28,18,104,106,17:20-17:50,134.5439859524,676.0627296031
2025-09-28,19,116,117,19:20-19:40,74.0500450000,499.3239765250
2025-09-28,20,132,134,22:00-22:30,97.9280783333,204.7040972383
2025-09-28,21,138,139,23:00-23:20,28.1321183333,59.6978868867
2025-09-28,22,142,143,23:40-24:00,69.7585350000,149.0796594092
2025-09-29,1,2,3,0:20-0:40,80.1658050000,171.1475569800
2025-09-29,2,7,8,1:10-1:30,42.5991950000,91.2866696117
2025-09-29,3,13,19,2:10-3:20,143.6737633333,313.5388262242
2025-09-29,4,23,25,3:50-4:20,46.1384561905,101.2999558405
2025-09-29,5,28,28,4:40-4:50,2.4533802381,5.4244237064
2025-09-29,6,35,37,5:50-6:20,58.0158847619,267.1470401390
2025-09-29,7,57,57,9:30-9:40,2.3135097619,10.8989444883
2025-09-29,8,80,80,13:20-13:30,6.1790119048,26.6253622976
2025-09-29,9,92,92,15:20-15:30,1.8002380952,6.5780700000
2025-09-29,10,95,96,15:50-16:10,21.5718926190,88.0542702118
2025-09-29,11,101,103,16:50-17:20,36.2860447619,173.7410633614
2025-09-29,12,108,113,18:00-19:00,163.6900202381,1050.5971461205
2025-09-29,13,115,117,19:10-19:40,68.9242014286,464.2578219583
2025-09-29,14,120,124,20:00-20:50,164.9917550000,1099.6120517283
2025-09-29,15,129,129,21:30-21:40,18.1761766667,89.7085199383
2025-09-29,16,133,137,22:10-23:00,116.5439933333,247.2590264200
2025-09-29,17,141,143,23:30-24:00,89.4781500000,191.1839586842
2025-09-30,1,0,1,0:00-0:20,40.4749916667,85.9662271275
2025-09-30,2,4,8,0:40-1:30,95.4003366667,204.9382494875
2025-09-30,3,14,14,2:20-2:30,10.5705000000,23.0806867500
2025-09-30,4,17,17,2:50-3:00,13.3941666667,29.1791920833
2025-09-30,5,20,22,3:20-3:50,66.3255500000,144.4212809808
2025-09-30,6,27,29,4:30-5:00,74.0821733333,163.2692564658
2025-09-30,7,40,42,6:40-7:10,74.1402590476,305.7472548686
2025-09-30,8,46,46,7:40-7:50,20.1322890476,86.5688429048
2025-09-30,9,54,55,9:00-9:20,54.0001954762,268.9409364449
2025-09-30,10,60,60,10:00-10:10,1.9230521429,9.5373771025
2025-09-30,11,80,87,13:20-14:40,395.8314730952,1949.6878703315
2025-09-30,12,89,94,14:50-15:50,232.1325695238,823.3075665156
2025-09-30,13,100,100,16:40-16:50,1.2286404762,5.6290163417
2025-09-30,14,107,107,17:50-18:00,19.9133452381,122.5965099583
2025-09-30,15,110,110,18:20-18:30,0.7013333333,4.3991133333
2025-09-30,16,113,113,18:50-19:00,15.1128333333,101.7547068333
2025-09-30,17,120,121,20:00-20:20,117.3648666667,790.6997304383
2025-09-30,18,123,124,20:30-20:50,111.4175850000,720.8036935217
2025-09-30,19,127,127,21:10-21:20,17.5395683333,82.1816474258
2025-09-30,20,132,132,22:00-22:10,33.5356983333,64.7071299342
2025-09-30,21,137,141,22:50-23:40,61.7271650000,130.8713751267
2025-10-01,1,10,11,1:40-2:00,38.0767733333,82.1989547600
2025-10-01,2,16,16,2:40-2:50,5.3061216667,11.5010187125
2025-10-01,3,23,26,3:50-4:30,82.9014788095,181.1895074075
2025-10-01,4,30,30,5:00-5:10,10.4085592857,22.5501436925
2025-10-02,1,0,1,0:00-0:20,17.8027866667,37.8079928425
2025-10-02,2,5,5,0:50-1:00,1.9103333333,4.0928891667
2025-10-02,3,8,10,1:20-1:50,62.0131916667,133.3782113308
2025-10-02,4,12,15,2:00-2:40,64.1336183333,139.3653238158
2025-10-02,5,21,22,3:30-3:50,13.3392988095,29.0738592873
2025-10-02,6,26,27,4:20-4:40,13.1446104762,28.7352714110
2025-10-02,7,33,35,5:30-6:00,72.2325373810,251.6366016019
2025-10-02,8,132,132,22:00-22:10,2.7287650000,5.2651520675
2025-10-03,1,4,4,0:40-0:50,9.1516166667,19.5432773917
2025-10-03,2,7,8,1:10-1:30,28.9896466667,62.0450703967
2025-10-03,3,15,16,2:30-2:50,13.4805416667,29.2950270392
2025-10-03,4,21,23,3:30-4:00,10.3082016667,22.4592529533
2025-10-03,5,26,26,4:20-4:30,3.8143333333,8.3228753333
2025-10-03,6,34,34,5:40-5:50,0.4542507143,1.2964315386
2025-10-04,1,9,9,1:30-1:40,1.4078750000,3.0353785000
2025-10-04,2,15,16,2:30-2:50,24.2252066667,52.5697349642
2025-10-04,3,25,32,4:10-5:30,54.6588359524,120.0822519839
2025-10-04,4,35,36,5:50-6:10,52.3532245238,241.5965710088
2025-10-04,5,43,44,7:10-7:30,37.6344295238,148.1443813676
2025-10-04,6,133,133,22:10-22:20,0.4897516667,1.0696176400
2025-10-05,1,0,2,0:00-0:30,28.3630483333,60.3431041675
2025-10-05,2,5,8,0:50-1:30,125.7918983333,270.4475260917
2025-10-05,3,15,17,2:30-3:00,86.5978933333,188.0359694167
2025-10-05,4,20,20,3:20-3:30,7.8406666667,17.0769720000
2025-10-05,5,28,30,4:40-5:10,20.7117542857,45.5434237640
2025-10-05,6,135,135,22:30-22:40,12.9595766667,27.1243939633
2025-10-06,1,2,2,0:20-0:30,4.2641666667,9.1018637500
2025-10-06,2,11,11,1:50-2:00,5.2911666667,11.4051097500
2025-10-06,3,14,14,2:20-2:30,16.7401666667,36.5521539167
2025-10-06,4,30,31,5:00-5:20,19.9497180952,43.6622008317
2025-10-06,5,38,38,6:20-6:30,9.9437619048,43.5487052619
2025-10-06,6,68,68,11:20-11:30,3.9683214286,9.5775437679
2025-10-06,7,70,73,11:40-12:20,290.6171714286,649.2193607294
2025-10-06,8,75,76,12:30-12:50,47.7614707143,112.1737269793
2025-10-06,9,132,133,22:00-22:20,25.1278633333,50.1866395758
2025-10-07,1,7,9,1:10-1:40,42.1791866667,90.4056544450
2025-10-07,2,16,17,2:40-3:00,30.1136050000,65.2822516708
2025-10-07,3,31,34,5:10-5:50,19.2620690476,42.2680005548
2025-10-07,4,44,44,7:20-7:30,10.9750238095,41.9465410000
2025-10-07,5,48,54,8:00-9:10,144.2012554762,764.1201107301
2025-10-07,6,65,67,10:50-11:20,55.4022514286,133.5753113246
2025-10-07,7,69,69,11:30-11:40,7.1446035714,17.0934640446
2025-10-07,8,143,143,23:50-24:00,9.5370000000,20.3901060000
2025-10-08,1,0,0,0:00-0:10,1.9664683333,4.1767787400
2025-10-08,2,5,5,0:50-1:00,24.2071666667,51.8638545833
2025-10-08,3,15,16,2:30-2:50,23.5552000000,51.1126878433
2025-10-08,4,23,23,3:50-4:00,0.2816666667,0.6165683333
2025-10-08,5,38,49,6:20-8:20,284.4469757143,1268.2519657637
2025-10-08,6,69,78,11:30-13:10,517.0615959524,1238.7246928367
2025-10-08,7,107,108,17:50-18:10,41.9833411905,260.2375517277
2025-10-08,8,133,134,22:10-22:30,35.8908333333,76.4734766667
2025-10-09,1,12,12,2:00-2:10,7.6809933333,16.4872521900
2025-10-09,2,21,21,3:30-3:40,8.1535000000,17.7460927500
2025-10-09,3,29,29,4:50-5:00,1.8388333333,4.0408362500
2025-10-09,4,32,33,5:20-5:40,43.9538104762,83.3924241490
2025-10-09,5,37,37,6:10-6:20,7.3084661905,32.0037734481
2025-10-09,6,45,48,7:30-8:10,78.4219535714,320.6425359656
2025-10-09,7,64,64,10:40-10:50,0.5541673810,2.2138986869
2025-10-09,8,66,66,11:00-11:10,14.3446121429,33.4372909050
2025-10-09,9,88,88,14:40-14:50,20.1215645238,94.3298944876
2025-10-09,10,90,91,15:00-15:20,37.7931100000,127.5936570629
2025-10-09,11,98,98,16:20-16:30,0.7810119048,3.4329378274
2025-10-09,12,104,104,17:20-17:30,7.8768452381,38.8407238690
2025-10-09,13,107,107,17:50-18:00,22.4936785714,138.4823321250
2025-10-09,14,123,124,20:30-20:50,16.5813266667,105.7170354367
2025-10-10,1,0,1,0:00-0:20,86.6802400000,184.0535297950
2025-10-10,2,4,6,0:40-1:10,54.4009633333,116.7291582317
2025-10-10,3,10,10,1:40-1:50,0.9808083333,2.1249212542
2025-10-10,4,13,13,2:10-2:20,0.3809033333,0.8235130067
2025-10-10,5,19,19,3:10-3:20,2.9124166667,6.3650866250
2025-10-10,6,21,22,3:30-3:50,37.8768100000,82.4772941900
2025-10-10,7,30,31,5:00-5:20,14.3626085714,31.3991781445
2025-10-10,8,38,38,6:20-6:30,0.5461309524,2.3917805060
2025-10-10,9,42,43,7:00-7:20,41.7213676190,167.7830179010
2025-10-10,10,95,96,15:50-16:10,38.0973554762,154.2682271432
2025-10-10,11,98,100,16:20-16:50,41.4367385714,186.5364503279
2025-10-10,12,102,106,17:00-17:50,70.4789078571,347.0582886350
2025-10-10,13,125,125,20:50-21:00,22.0166666667,102.7297666667
2025-10-10,14,128,128,21:20-21:30,1.6675000000,7.8130712500
2025-10-10,15,132,134,22:00-22:30,53.5764400000,114.5371630508
2025-10-10,16,137,137,22:50-23:00,7.4516666667,15.7863558333
2025-10-10,17,140,140,23:20-23:30,0.9690000000,2.0445900000
2025-10-10,18,143,143,23:50-24:00,43.9845000000,94.0388610000
2025-10-11,1,0,0,0:00-0:10,5.9035933333,12.5392322400
2025-10-11,2,9,9,1:30-1:40,9.7374233333,20.9938847067
2025-10-11,3,21,21,3:30-3:40,13.5039883333,29.3914306075
2025-10-11,4,24,24,4:00-4:10,0.0364857143,0.0802868143
2025-10-11,5,104,104,17:20-17:30,17.4604642857,86.0975493929
2025-10-11,6,134,134,22:20-22:30,9.3843333333,19.6977156667
2025-10-11,7,137,137,22:50-23:00,2.4725000000,5.2379912500
2025-10-11,8,141,141,23:30-23:40,1.2032400000,2.5508688000
2025-10-12,1,10,11,1:40-2:00,58.4194733333,126.3021281433
2025-10-12,2,15,15,2:30-2:40,8.8581733333,19.2576688267
2025-10-12,3,22,22,3:40-3:50,1.1867166667,2.5870423333
2025-10-12,4,30,31,5:00-5:20,12.4172252381,27.1597023643
2025-10-12,5,36,37,6:00-6:20,36.0939790476,167.0673650376
2025-10-12,6,66,67,11:00-11:20,50.1582995238,120.0802213739
2025-10-12,7,70,71,11:40-12:00,20.4185735714,46.8447313045
2025-10-12,8,75,80,12:30-13:30,301.3714678571,1194.5815844887
2025-10-12,9,82,85,13:40-14:20,123.4382354762,598.5345105364
2025-10-12,10,87,87,14:30-14:40,14.2731714286,77.8316038000
2025-10-12,11,101,101,16:50-17:00,0.6787500000,3.1439700000
2025-10-12,12,108,109,18:00-18:20,38.9706002381,243.9776959904
2025-10-12,13,113,114,18:50-19:10,5.4221640476,36.6318377080
2025-10-12,14,119,120,19:50-20:10,7.6433450000,51.5700408258
2025-10-12,15,132,132,22:00-22:10,13.7310883333,26.4941349392
2025-10-12,16,135,136,22:30-22:50,43.9276633333,92.7634369858
2025-10-12,17,139,141,23:10-23:40,14.8940966667,31.5311282667
2025-10-13,1,8,8,1:20-1:30,4.8920000000,10.4664340000
2025-10-13,2,11,12,1:50-2:10,33.0123466667,71.0404201200
2025-10-13,3,26,29,4:20-5:00,44.6274757143,98.2940449485
2025-10-13,4,34,34,5:40-5:50,7.7562426190,22.1363164348
2025-10-13,5,87,88,14:30-14:50,64.8102866667,322.6117940969
2025-10-13,6,99,100,16:30-16:50,12.8484388095,58.8312703789
2025-10-13,7,116,118,19:20-19:50,20.4284661905,137.7486650831
2025-10-13,8,131,131,21:50-22:00,7.9976666667,16.8310895000
2025-10-14,1,9,10,1:30-1:50,17.1857716667,37.1095607458
2025-10-14,2,12,13,2:00-2:20,40.1371016667,86.4579906900
2025-10-14,3,19,20,3:10-3:30,23.9947666667,52.4125925500
2025-10-14,4,32,33,5:20-5:40,24.2848871429,46.9465009807
2025-10-14,5,38,38,6:20-6:30,7.1204642857,31.1840733393
2025-10-14,6,43,47,7:10-8:00,107.7347592857,419.9934718176
2025-10-14,7,50,51,8:20-8:40,20.1331404762,108.1725764881
2025-10-14,8,56,57,9:20-9:40,9.7039954762,46.9199758907
2025-10-14,9,62,63,10:20-10:40,33.1146030952,160.5234018913
2025-10-14,10,78,84,13:00-14:10,187.9834473810,830.2895879339
2025-10-14,11,90,101,15:00-17:00,173.0872895238,697.4742419743
2025-10-14,12,107,108,17:50-18:10,9.0854878571,56.8946678201
2025-10-14,13,114,114,19:00-19:10,15.2067300000,102.8203048950
2025-10-14,14,129,130,21:30-21:50,28.9588650000,142.2714329775
2025-10-14,15,132,133,22:00-22:20,48.0992316667,101.3645723250
2025-10-14,16,140,141,23:20-23:40,17.2569116667,36.4570477333
2025-10-15,1,0,0,0:00-0:10,10.6942133333,22.7145091200
2025-10-15,2,3,4,0:30-0:50,47.5465816667,101.5443795533
2025-10-15,3,7,7,1:10-1:20,13.3617833333,28.7411959500
2025-10-15,4,11,11,1:50-2:00,17.1043333333,36.8683905000
2025-10-15,5,14,15,2:20-2:40,4.1504083333,9.0476164667
2025-10-15,6,18,18,3:00-3:10,6.8526383333,14.9867200350
2025-10-15,7,24,25,4:00-4:20,32.7487188095,71.9991252575
2025-10-15,8,28,28,4:40-4:50,7.3599452381,16.2728389214
2025-10-15,9,33,33,5:30-5:40,3.4000897619,6.3122666430
2025-10-15,10,40,40,6:40-6:50,1.8862690476,7.9619416500
2025-10-15,11,60,61,10:00-10:20,56.7496604762,274.6661560269
2025-10-15,12,64,67,10:40-11:20,87.0218130952,217.2068007007
2025-10-15,13,70,71,11:40-12:00,19.6127773810,44.6428350274
2025-10-15,14,74,89,12:20-15:00,1186.2831738095,5032.5749136146
2025-10-15,15,98,99,16:20-16:40,28.4957154762,126.6268671988
2025-10-15,16,102,103,17:00-17:20,7.8975747619,37.7723230652
2025-10-15,17,105,106,17:30-17:50,30.0095726190,150.9436637874
2025-10-15,18,108,108,18:00-18:10,14.7363354762,92.5515549582
2025-10-15,19,111,113,18:30-19:00,70.5172866667,456.2406974467
2025-10-15,20,116,117,19:20-19:40,13.9164800000,93.8465856833
2025-10-15,21,124,127,20:40-21:20,110.5444483333,514.2978833958
2025-10-15,22,129,133,21:30-22:20,51.1439250000,177.7130567892
2025-10-15,23,138,139,23:00-23:20,24.1350050000,51.2064452867
2025-10-16,1,1,2,0:10-0:30,13.0967183333,27.8541306625
2025-10-16,2,5,6,0:50-1:10,37.5610500000,80.6918084417
2025-10-16,3,10,10,1:40-1:50,7.2162383333,15.6339803492
2025-10-16,4,14,15,2:20-2:40,35.4426533333,77.1691514300
2025-10-16,5,30,31,5:00-5:20,55.9078645238,122.6684914373
2025-10-16,6,41,41,6:50-7:00,1.6873809524,7.0313164286
2025-10-16,7,44,44,7:20-7:30,7.1017857143,27.1430250000
2025-10-16,8,49,50,8:10-8:30,19.2956985714,105.2079438814
2025-10-16,9,53,53,8:50-9:00,17.0602857143,88.3722800000
2025-10-16,10,72,73,12:00-12:20,25.7504926190,57.6605190213
2025-10-16,11,76,78,12:40-13:10,31.7562854762,120.5867419095
2025-10-16,12,84,101,14:00-17:00,1527.1376107143,6314.1120933651
2025-10-16,13,104,104,17:20-17:30,16.9298095238,83.4808907619
2025-10-16,14,108,112,18:00-18:50,87.8099800000,554.5244406371
2025-10-16,15,115,115,19:10-19:20,4.1718183333,28.0450487458
2025-10-16,16,117,120,19:30-20:10,95.5881680952,644.5808794832
2025-10-16,17,124,124,20:40-20:50,5.3499000000,32.7039387000
2025-10-16,18,129,130,21:30-21:50,23.8673133333,100.6518233217
2025-10-16,19,135,136,22:30-22:50,12.3785900000,25.9494612658
2025-10-16,20,143,143,23:50-24:00,28.2208333333,60.3361416667
2025-10-17,1,0,0,0:00-0:10,2.6034933333,5.5298198400
2025-10-17,2,9,10,1:30-1:50,6.1520316667,13.2962998408
2025-10-17,3,14,14,2:20-2:30,17.1601666667,37.4692239167
2025-10-17,4,19,20,3:10-3:30,21.2499483333,46.2966170825
2025-10-17,5,39,39,6:30-6:40,2.8856609524,12.4097849257
2025-10-17,6,96,96,16:00-16:10,4.7948804762,19.8292282093
2025-10-17,7,111,112,18:30-18:50,41.7736026190,264.3644545437
2025-10-17,8,114,115,19:00-19:20,30.8184445238,207.3665774277
2025-10-17,9,118,120,19:40-20:10,44.2122952381,298.1460537381
2025-10-17,10,122,131,20:20-22:00,103.0859766667,502.6845265300
2025-10-17,11,136,141,22:40-23:40,100.7778116667,213.7502876750
2025-10-18,1,2,5,0:20-1:00,74.1841116667,158.4582191883
2025-10-18,2,11,11,1:50-2:00,1.0840000000,2.3365620000
2025-10-18,3,17,17,2:50-3:00,38.9498333333,84.8522119167
2025-10-18,4,20,20,3:20-3:30,16.7776666667,36.5417580000
2025-10-18,5,28,29,4:40-5:00,11.7538876190,25.8626577757
2025-10-18,6,32,32,5:20-5:30,12.6128333333,27.1238980833
2025-10-18,7,94,94,15:40-15:50,9.9726500000,39.0080204750
2025-10-18,8,98,101,16:20-17:00,93.2812564286,417.6639959119
2025-10-18,9,125,125,20:50-21:00,17.7426666667,82.7872826667
2025-10-18,10,129,135,21:30-22:40,66.5028600000,201.3060398017
2025-10-18,11,140,140,23:20-23:30,15.4158333333,32.5274083333
2025-10-19,1,2,2,0:20-0:30,8.0246666667,17.1286510000
2025-10-19,2,6,8,1:00-1:30,44.2566266667,95.2231750025
2025-10-19,3,18,19,3:00-3:20,11.2393666667,24.5787733425
2025-10-19,4,22,23,3:40-4:00,10.2771683333,22.4057749667
2025-10-19,5,26,26,4:20-4:30,23.7825000000,51.8934150000
2025-10-19,6,34,35,5:40-6:00,27.4480402381,97.6298013395
2025-10-19,7,38,39,6:20-6:40,17.9893692857,78.6147827442
2025-10-19,8,45,45,7:30-7:40,17.2433550000,59.4809530725
2025-10-19,9,48,49,8:00-8:20,12.4812364286,72.6750568195
2025-10-19,10,56,56,9:20-9:30,0.5049642857,2.4490767857
2025-10-19,11,85,85,14:10-14:20,6.6524011905,33.1888295393
2025-10-19,12,87,103,14:30-17:20,792.5701559524,3086.3606315575
2025-10-19,13,108,112,18:00-18:50,110.0832942857,690.0716594752
2025-10-19,14,114,115,19:00-19:20,45.3253114286,305.7186512443
2025-10-19,15,118,125,19:40-21:00,70.6065233333,449.0613726758
2025-10-19,16,127,128,21:10-21:30,40.0685966667,187.7414096817
2025-10-19,17,138,140,23:00-23:30,27.9029200000,59.1671642867
2025-10-19,18,143,143,23:50-24:00,1.6093333333,3.4407546667
2025-10-20,1,6,7,1:00-1:20,24.8777600000,53.5915833525
2025-10-20,2,15,16,2:30-2:50,18.2250716667,39.6089902208
2025-10-20,3,20,21,3:20-3:40,2.8767200000,6.2636700800
2025-10-20,4,33,33,5:30-5:40,20.7072430952,38.4429968063
2025-10-20,5,44,44,7:20-7:30,8.9985357143,34.3924035000
2025-10-20,6,47,47,7:50-8:00,21.2237023810,123.2778752798
2025-10-20,7,50,65,8:20-11:00,903.1958061905,4446.1439456714
2025-10-20,8,71,71,11:50-12:00,6.5537023810,14.5230044762
2025-10-20,9,80,80,13:20-13:30,30.2284047619,130.2541961190
2025-10-20,10,104,104,17:20-17:30,2.0918095238,10.3147127619
2025-10-20,11,111,111,18:30-18:40,0.1707457143,1.0690389171
2025-10-20,12,113,115,18:50-19:20,33.4032716667,225.3433640599
2025-10-20,13,121,121,20:10-20:20,16.5382416667,110.8062191667
2025-10-20,14,126,128,21:00-21:30,58.5968550000,272.0488413150
2025-10-20,15,131,132,21:50-22:10,41.1341583333,85.0171835042
2025-10-20,16,135,137,22:30-23:00,15.4752516667,32.7627810633
2025-10-20,17,142,143,23:40-24:00,33.0135033333,70.5498763683
2025-10-21,1,10,10,1:40-1:50,5.6746400000,12.2941075600
2025-10-21,2,17,17,2:50-3:00,3.0433333333,6.6299016667
2025-10-21,3,21,22,3:30-3:50,11.8464700000,25.7840501058
2025-10-21,4,32,35,5:20-6:00,111.8980973810,320.9278838961
2025-10-21,5,38,38,6:20-6:30,19.7706904762,86.5857389405
2025-10-21,6,41,42,6:50-7:10,36.0262178571,149.6694613071
2025-10-21,7,55,75,9:10-12:40,752.2742683333,2440.0693679595
2025-10-21,8,86,86,14:20-14:30,15.9502023810,81.9122643274
2025-10-21,9,104,105,17:20-17:40,18.3616295238,90.1654825048
2025-10-21,10,107,107,17:50-18:00,9.7025000000,59.7334412500
2025-10-21,11,116,117,19:20-19:40,9.7561804762,65.7875493952
2025-10-21,12,136,136,22:40-22:50,20.0756983333,42.5705183158
2025-10-21,13,138,141,23:00-23:40,59.6624783333,126.3638192467
2025-10-21,14,143,143,23:50-24:00,1.5746666667,3.3666373333
2025-10-22,1,8,10,1:20-1:50,59.3867066667,128.0452912508
2025-10-22,2,21,21,3:30-3:40,5.4274483333,11.8128412975
2025-10-22,3,36,36,6:00-6:10,2.4462007143,11.4580041457
2025-10-22,4,43,44,7:10-7:30,61.9351926190,240.9438282557
2025-10-22,5,48,49,8:00-8:20,9.1143673810,52.2580763965
2025-10-22,6,51,62,8:30-10:30,848.5171950000,4192.5992843404
2025-10-22,7,70,71,11:40-12:00,23.3619880952,52.2539884167
2025-10-22,8,99,101,16:30-17:00,20.1802545238,92.0249246349
2025-10-22,9,107,113,17:50-19:00,256.7942716667,1611.3278345108
2025-10-22,10,115,117,19:10-19:40,75.2610773810,507.0115475935
2025-10-22,11,122,126,20:20-21:10,96.8115700000,585.7123171800
2025-10-22,12,128,131,21:20-22:00,73.6371666667,285.3153196075
2025-10-22,13,137,139,22:50-23:20,71.6075766667,151.9162184300
2025-10-23,1,0,1,0:00-0:20,8.3987116667,17.8279778550
2025-10-23,2,10,10,1:40-1:50,5.9170116667,12.8192057758
2025-10-23,3,12,12,2:00-2:10,7.3925400000,15.8680871100
2025-10-23,4,20,21,3:20-3:40,13.4233333333,29.2179932500
2025-10-23,5,24,25,4:00-4:20,11.6653547619,25.6029374250
2025-10-23,6,39,40,6:30-6:50,20.8696159524,88.4536092893
2025-10-23,7,72,73,12:00-12:20,76.1877904762,170.5551816119
2025-10-23,8,101,103,16:50-17:20,53.3735388095,255.2034188960
2025-10-23,9,105,107,17:30-18:00,42.7100638095,231.7339924160
2025-10-23,10,114,115,19:00-19:20,27.9291947619,188.7792413262
2025-10-23,11,117,122,19:30-20:30,163.2947535714,1099.1908327885
2025-10-23,12,126,126,21:00-21:10,25.1524350000,114.0411402900
2025-10-23,13,132,133,22:00-22:20,65.2951800000,134.4416526383
2025-10-23,14,138,138,23:00-23:10,11.1990000000,23.7866760000
2025-10-23,15,142,143,23:40-24:00,23.0097300000,49.1823663317
2025-10-24,1,3,3,0:30-0:40,1.5171300000,3.2405896800
2025-10-24,2,11,11,1:50-2:00,3.1203333333,6.7258785000
2025-10-24,3,16,18,2:40-3:10,24.9441050000,54.4948193975
2025-10-24,4,22,22,3:40-3:50,1.7123583333,3.7329411667
2025-10-24,5,33,35,5:30-6:00,64.2492890476,175.1811434169
2025-10-24,6,45,46,7:30-7:50,49.6079050000,199.0281519100
2025-10-24,7,93,94,15:30-15:50,5.8664214286,22.7965201336
2025-10-24,8,97,103,16:10-17:20,148.8435002381,679.3922389788
2025-10-24,9,107,107,17:50-18:00,3.1230000000,19.2267495000
2025-10-24,10,109,111,18:10-18:40,88.2604730952,552.7865964392
2025-10-24,11,113,115,18:50-19:20,22.5537357143,152.1707485679
2025-10-24,12,117,118,19:30-19:50,66.1261366667,445.6972727075
2025-10-24,13,120,122,20:00-20:30,99.4286166667,668.5033063167
2025-10-24,14,125,127,20:50-21:20,145.0110016667,668.4409948967
2025-10-24,15,131,134,21:50-22:30,35.8003700000,74.7556660408
2025-10-24,16,137,138,22:50-23:10,52.9727416667,112.2282985500
2025-10-25,1,2,3,0:20-0:40,10.4252316667,22.2561305900
2025-10-25,2,7,10,1:10-1:50,82.8341633333,178.1110999025
2025-10-25,3,14,14,2:20-2:30,6.6921666667,14.6123459167
2025-10-25,4,33,34,5:30-5:50,34.1694247619,83.9170435455
2025-10-25,5,97,97,16:10-16:20,8.5783745238,36.5395862842
2025-10-25,6,102,103,17:00-17:20,56.1564652381,269.7774968081
2025-10-25,7,106,106,17:40-17:50,17.9456178571,96.3859135107
2025-10-25,8,110,110,18:20-18:30,1.8741666667,11.7557104167
2025-10-25,9,113,113,18:50-19:00,13.9776666667,94.1116296667
2025-10-25,10,115,116,19:10-19:30,22.6993488095,152.8146887054
2025-10-25,11,121,124,20:10-20:50,81.4517183333,547.8407164833
2025-10-25,12,126,127,21:00-21:20,104.8603150000,482.3474856450
2025-10-25,13,129,130,21:30-21:50,27.8673966667,116.7487558883
2025-10-25,14,132,133,22:00-22:20,13.0228366667,26.4801417733
2025-10-25,15,137,139,22:50-23:20,50.9321200000,107.9963563400
2025-10-26,1,0,1,0:00-0:20,40.1868450000,85.3280849475
2025-10-26,2,4,4,0:40-0:50,6.6830766667,14.2717102217
2025-10-26,3,8,9,1:20-1:40,37.3622683333,80.2219807767
2025-10-26,4,14,14,2:20-2:30,4.8476666667,10.5848801667
2025-10-26,5,20,20,3:20-3:30,3.5948333333,7.8295470000
2025-10-26,6,26,26,4:20-4:30,0.1178333333,0.2571123333
2025-10-26,7,32,32,5:20-5:30,27.0738333333,58.2222785833
2025-10-26,8,73,74,12:10-12:30,59.7693711905,135.2459406677
2025-10-26,9,101,101,16:50-17:00,3.4674761905,16.0613497143
2025-10-26,10,103,107,17:10-18:00,81.4474857143,459.0198377062
2025-10-26,11,110,110,18:20-18:30,12.3308333333,77.3451520833
2025-10-26,12,120,121,20:00-20:20,17.4979816667,117.5640314908
2025-10-26,13,124,125,20:40-21:00,1.2580466667,7.0315719400
2025-10-26,14,136,136,22:40-22:50,6.2927600000,13.3437975800
2025-10-26,15,141,142,23:30-23:50,10.5188783333,22.4042161667
2025-10-27,1,1,2,0:10-0:30,27.1926866667,57.9302694500
2025-10-27,2,11,11,1:50-2:00,8.5915000000,18.5189782500
2025-10-27,3,18,19,3:00-3:20,12.0503783333,26.3430093250
2025-10-27,4,22,22,3:40-3:50,9.2451416667,20.1544088333
2025-10-27,5,24,25,4:00-4:20,20.8251430952,45.7715869725
2025-10-27,6,35,37,5:50-6:20,38.5729054762,179.5724534743
2025-10-27,7,89,99,14:50-16:40,503.0601397619,1882.2880429404
2025-10-27,8,101,103,16:50-17:20,46.6637316667,219.0111319483
2025-10-27,9,105,105,17:30-17:40,1.1293264286,5.5111129714
2025-10-27,10,112,113,18:40-19:00,23.0291164286,151.1201506082
2025-10-27,11,118,119,19:40-20:00,36.7116416667,247.3194700875
2025-10-27,12,126,127,21:00-21:20,10.3027016667,47.6638395617
2025-10-27,13,133,136,22:10-22:50,27.3059116667,57.9540874025
2025-10-27,14,138,139,23:00-23:20,16.0257250000,34.0306399600
2025-10-28,1,0,1,0:00-0:20,34.5813616667,73.4107110575
2025-10-28,2,7,8,1:10-1:30,9.4546200000,20.2695953700
2025-10-28,3,16,17,2:40-3:00,13.5158233333,29.4217189083
2025-10-28,4,23,23,3:50-4:00,0.6191666667,1.3553558333
2025-10-28,5,26,26,4:20-4:30,9.2006666667,20.0758546667
2025-10-28,6,41,41,6:50-7:00,1.4683095238,6.1184457857
2025-10-28,7,47,48,7:50-8:10,70.9640297619,413.4255963185
2025-10-28,8,76,76,12:40-12:50,35.0936514286,99.7010637086
2025-10-28,9,78,79,13:00-13:20,104.2237635714,444.5014751871
2025-10-28,10,96,97,16:00-16:20,20.3527045238,86.4423944582
2025-10-28,11,101,101,16:50-17:00,6.6089880952,30.6128328571
2025-10-28,12,112,112,18:40-18:50,6.6312890476,42.7088171112
2025-10-28,13,116,116,19:20-19:30,9.8661666667,66.5127625833
2025-10-28,14,123,124,20:30-20:50,30.1401600000,200.2088820383
2025-10-28,15,134,136,22:20-22:50,34.1925750000,71.8656389792
2025-10-28,16,143,143,23:50-24:00,8.4136666667,17.9884193333
2025-10-29,1,15,15,2:30-2:40,13.1056516667,28.4916867233
2025-10-29,2,25,27,4:10-4:40,80.7944533333,176.7956183048
2025-10-29,3,31,32,5:10-5:30,24.5226700000,54.1720185650
2025-10-29,4,37,37,6:10-6:20,5.9999766667,26.2738978233
2025-10-29,5,54,72,9:00-12:10,1344.8125516667,4407.0570499111
2025-10-29,6,80,82,13:20-13:50,66.8650416667,290.8886508637
2025-10-29,7,88,90,14:40-15:10,23.1753802381,89.0252455405
2025-10-29,8,99,99,16:30-16:40,5.7736702381,26.0508001143
2025-10-29,9,103,105,17:10-17:40,9.5461000000,46.7541504807
2025-10-29,10,107,108,17:50-18:10,23.1298350000,144.0283547175
2025-10-29,11,111,113,18:30-19:00,59.1662795238,387.1074201511
2025-10-29,12,119,128,19:50-21:30,128.9934566667,755.9200621267
2025-10-29,13,131,135,21:50-22:40,38.5787233333,77.5124448508
2025-10-29,14,142,142,23:40-23:50,6.5179833333,13.9191534083
2025-10-30,1,4,5,0:40-1:00,31.0666433333,66.4873680050
2025-10-30,2,17,20,2:50-3:30,27.1687416667,59.3627497442
2025-10-30,3,23,24,3:50-4:10,52.5653700000,115.3855866850
2025-10-30,4,28,28,4:40-4:50,1.1789066667,2.6065626400
2025-10-30,5,36,36,6:00-6:10,14.1641042857,66.3446644743
2025-10-30,6,39,40,6:30-6:50,11.1917990476,47.7072578846
2025-10-30,7,49,49,8:10-8:20,13.5925564286,74.4600241157
2025-10-30,8,98,98,16:20-16:30,5.3561904762,23.5431352381
2025-10-30,9,100,101,16:40-17:00,7.5987083333,35.0677076458
2025-10-30,10,105,107,17:30-18:00,24.0184504762,129.1823531843
2025-10-30,11,110,111,18:20-18:40,69.3188271429,434.5237634914
2025-10-30,12,120,121,20:00-20:20,21.6268166667,146.0031204333
2025-10-30,13,124,125,20:40-21:00,35.2946050000,175.3168525317
2025-10-30,14,128,129,21:20-21:40,55.0444200000,260.6242349100
2025-10-30,15,131,132,21:50-22:10,20.5516200000,42.1236591233
2025-10-30,16,136,136,22:40-22:50,5.0511816667,10.7110307242
2025-10-30,17,139,141,23:10-23:40,39.5056583333,83.5869640000
2025-10-31,1,1,3,0:10-0:40,7.7512183333,16.5426829150
2025-10-31,2,5,5,0:50-1:00,9.2758333333,19.8734729167
2025-10-31,3,23,23,3:50-4:00,10.2663333333,22.4730036667
2025-10-31,4,27,27,4:30-4:40,9.0135161905,19.7981883124
2025-10-31,5,31,32,5:10-5:30,32.0216445238,69.6160710206
2025-10-31,6,72,73,12:00-12:20,67.2314771429,151.0085646552
2025-10-31,7,92,93,15:20-15:40,21.0562123810,77.8254032295
2025-10-31,8,97,98,16:10-16:30,70.9535485714,308.7774897590
2025-10-31,9,104,104,17:20-17:30,6.0721428571,29.9417364286
2025-10-31,10,107,109,17:50-18:20,68.2098650000,426.4558023677
2025-10-31,11,116,117,19:20-19:40,57.5706383333,388.2391547250
2025-10-31,12,127,128,21:10-21:30,11.1278300000,52.1394474650
2025-10-31,13,132,133,22:00-22:20,35.1182483333,69.3168708208
2025-10-31,14,135,135,22:30-22:40,0.4564283333,0.9553045017
2025-10-31,15,142,142,23:40-23:50,0.2308650000,0.4930122075
2025-11-01,1,11,12,1:50-2:10,29.5170633333,63.4448139450
2025-11-01,2,15,21,2:30-3:40,140.4629616667,306.0298551083
2025-11-01,3,31,31,5:10-5:20,3.3075247619,7.3410512090
2025-11-01,4,45,45,7:30-7:40,11.7145326190,40.4092802694
2025-11-01,5,96,97,16:00-16:20,7.1059726190,30.0023184785
2025-11-01,6,101,104,16:50-17:30,44.3548926190,210.3278674712
2025-11-01,7,117,117,19:30-19:40,1.6221583333,10.9414579583
2025-11-01,8,123,124,20:30-20:50,29.4628400000,181.3234931067
2025-11-01,9,129,129,21:30-21:40,0.4204150000,2.0749582325
2025-11-01,10,131,132,21:50-22:10,39.8884316667,79.1496330675
2025-11-01,11,137,137,22:50-23:00,7.7875000000,16.4978187500
2025-11-02,1,3,4,0:30-0:50,11.0858350000,23.6744349142
2025-11-02,2,12,13,2:00-2:20,33.4216366667,71.9730980350
2025-11-02,3,16,18,2:40-3:10,23.5031850000,51.2060691967
2025-11-02,4,28,30,4:40-5:10,63.4642145238,138.2049142225
2025-11-02,5,42,44,7:00-7:30,29.6183245238,117.3862611233
2025-11-02,6,57,58,9:30-9:50,21.8755619048,103.3725159733
2025-11-02,7,80,82,13:20-13:50,82.3288600000,359.2627483698
2025-11-02,8,111,113,18:30-19:00,29.4391302381,189.1189297729
2025-11-02,9,115,118,19:10-19:50,119.5186550000,805.5538108275
2025-11-02,10,121,125,20:10-21:00,50.1022733333,329.5751147250
2025-11-02,11,130,131,21:40-22:00,19.8794600000,54.3285224700
2025-11-02,12,137,137,22:50-23:00,7.4166666667,15.7122083333
2025-11-03,1,1,2,0:10-0:30,5.2208800000,11.1091018000
2025-11-03,2,5,5,0:50-1:00,9.3263333333,19.9816691667
2025-11-03,3,9,10,1:30-1:50,11.5429800000,24.8966346825
2025-11-03,4,14,14,2:20-2:30,16.3685000000,35.7406197500
2025-11-03,5,17,17,2:50-3:00,9.4200000000,20.5214700000
2025-11-03,6,23,24,3:50-4:10,27.1400183333,59.5575417592
2025-11-03,7,30,31,5:00-5:20,74.4190185714,162.9241142050
2025-11-03,8,40,40,6:40-6:50,14.7191128571,62.1293753700
2025-11-03,9,63,67,10:30-11:20,163.7488397619,588.7884808027
2025-11-03,10,70,76,11:40-12:50,182.6392283333,417.5253960449
2025-11-03,11,106,109,17:40-18:20,64.9467895238,397.9700826552
2025-11-03,12,124,124,20:40-20:50,0.7710166667,4.7132248833
2025-11-03,13,137,137,22:50-23:00,1.2986666667,2.7512253333
2025-11-03,14,141,143,23:30-24:00,68.8440783333,146.4764193375
2025-11-04,1,0,0,0:00-0:10,18.6204400000,39.5498145600
2025-11-04,2,3,4,0:30-0:50,48.8646966667,104.3640025642
2025-11-04,3,13,13,2:10-2:20,3.8300816667,8.2806365633
2025-11-04,4,20,23,3:20-4:00,27.4583850000,59.8364440717
2025-11-04,5,35,37,5:50-6:20,62.7605778571,287.9615549055
2025-11-04,6,103,105,17:10-17:40,71.9790007143,351.9740137829
2025-11-04,7,107,117,17:50-19:40,98.6440016667,650.2313936304
2025-11-04,8,119,122,19:50-20:30,53.0587400000,357.4457706858
2025-11-04,9,126,127,21:00-21:20,50.4822150000,231.0314881750
2025-11-04,10,132,133,22:00-22:20,11.1126316667,24.1883473533
2025-11-04,11,141,142,23:30-23:50,10.8666650000,23.1400705425
2025-11-05,1,1,3,0:10-0:40,51.1434933333,109.2117221950
2025-11-05,2,7,8,1:10-1:30,33.7245016667,72.3221728350
2025-11-05,3,12,12,2:00-2:10,7.8387183333,16.8258089025
2025-11-05,4,19,19,3:10-3:20,5.0575150000,11.0531990325
2025-11-05,5,29,30,4:50-5:10,50.8983778571,111.2042134608
2025-11-05,6,39,42,6:30-7:10,82.8666673810,350.6532817208
2025-11-05,7,46,47,7:40-8:00,20.1319464286,86.8707936429
2025-11-05,8,70,70,11:40-11:50,2.3049457143,5.3728284600
2025-11-05,9,94,95,15:40-16:00,10.1675511905,39.7759651958
2025-11-05,10,99,100,16:30-16:50,30.3795019048,138.5261965144
2025-11-05,11,107,108,17:50-18:10,15.5245185714,97.2259008879
2025-11-05,12,125,125,20:50-21:00,6.0160000000,28.0706560000
2025-11-05,13,131,131,21:50-22:00,16.9526666667,35.6768870000
2025-11-05,14,134,137,22:20-23:00,85.5766000000,180.3187700625
2025-11-05,15,140,140,23:20-23:30,5.5096666667,11.6253966667
2025-11-06,1,3,3,0:30-0:40,10.2010733333,21.7894926400
2025-11-06,2,9,10,1:30-1:50,28.4609066667,61.5884204658
2025-11-06,3,15,17,2:30-3:00,8.2022100000,17.7808194350
2025-11-06,4,22,22,3:40-3:50,5.8477583333,12.7481131667
2025-11-06,5,32,34,5:20-5:50,53.4959214286,115.0496535821
2025-11-06,6,45,55,7:30-9:20,495.6027154762,2624.0470724080
2025-11-06,7,57,62,9:30-10:30,195.2888469048,940.1027203394
2025-11-06,8,65,66,10:50-11:10,104.8005880952,253.7342597429
2025-11-06,9,72,72,12:00-12:10,3.2146007143,7.0898018754
2025-11-06,10,77,78,12:50-13:10,3.8017438095,16.1633203945
2025-11-06,11,105,106,17:30-17:50,4.7209147619,23.5501450062
2025-11-06,12,109,109,18:10-18:20,5.7732559524,35.9298584196
2025-11-06,13,112,113,18:40-19:00,5.9854390476,39.5297776862
2025-11-06,14,122,129,20:20-21:40,118.5907583333,617.7320209592
2025-11-06,15,133,134,22:10-22:30,26.2522166667,55.7099387000
2025-11-06,16,137,141,22:50-23:40,60.7693600000,128.7201361300
2025-11-07,1,6,7,1:00-1:20,13.2777816667,28.5810259950
2025-11-07,2,10,15,1:40-2:40,52.1047650000,112.8237923775
2025-11-07,3,21,21,3:30-3:40,2.1034800000,4.5782242200
2025-11-07,4,37,38,6:10-6:30,21.6463033333,94.7928169633
2025-11-07,5,41,42,6:50-7:10,42.1385514286,172.0938801157
2025-11-07,6,45,46,7:30-7:50,40.2558685714,167.8395171246
2025-11-07,7,49,50,8:10-8:30,58.4445476190,317.8520933988
2025-11-07,8,53,53,8:50-9:00,19.5482500000,101.2599350000
2025-11-07,9,102,106,17:00-17:50,73.0974447619,361.0399508660
2025-11-07,10,119,119,19:50-20:00,4.0938333333,27.5965305000
2025-11-07,11,122,123,20:20-20:40,39.4149600000,268.8419907933
2025-11-07,12,135,137,22:30-23:00,20.5283533333,43.2939307142
2025-11-07,13,143,143,23:50-24:00,19.9345000000,42.6199610000
2025-11-08,1,0,1,0:00-0:20,72.3433150000,153.6298261425
2025-11-08,2,6,7,1:00-1:20,28.3838500000,61.1426238225
2025-11-08,3,13,13,2:10-2:20,12.6712733333,27.3952929467
2025-11-08,4,18,18,3:00-3:10,6.2484733333,13.6654111800
2025-11-08,5,26,27,4:20-4:40,14.8932938095,32.5451325193
2025-11-08,6,36,37,6:00-6:20,7.7892930952,36.4096216319
2025-11-08,7,98,98,16:20-16:30,10.6270833333,46.7113447917
2025-11-08,8,112,114,18:40-19:10,40.2448161905,269.0848657376
2025-11-08,9,117,117,19:30-19:40,5.1192666667,34.5294536667
2025-11-08,10,124,124,20:40-20:50,5.3121266667,32.4730303133
2025-11-08,11,128,128,21:20-21:30,9.1600000000,42.9191800000
2025-11-09,1,2,3,0:20-0:40,14.5808233333,31.1228411400
2025-11-09,2,8,8,1:20-1:30,18.4320000000,39.4352640000
2025-11-09,3,12,12,2:00-2:10,1.3706016667,2.9419964775
2025-11-09,4,19,20,3:10-3:30,6.8476250000,14.9164631875
2025-11-09,5,24,25,4:00-4:20,14.4773516667,31.8125957125
2025-11-09,6,30,30,5:00-5:10,9.1156388095,19.7490314808
2025-11-09,7,41,42,6:50-7:10,33.0720066667,135.8202955924
2025-11-09,8,68,69,11:20-11:40,47.7408952381,114.6375693571
2025-11-09,9,84,93,14:00-15:40,605.9192600000,2747.6535875693
2025-11-09,10,111,112,18:30-18:50,14.2960566667,90.7708038749
2025-11-09,11,119,119,19:50-20:00,4.9005000000,33.0342705000
2025-11-09,12,125,126,20:50-21:10,24.5220816667,112.8095342767
2025-11-09,13,134,134,22:20-22:30,7.9786666667,16.7472213333
2025-11-09,14,143,143,23:50-24:00,10.6058333333,22.6752716667
2025-11-10,1,2,3,0:20-0:40,32.1689300000,68.6892212300
2025-11-10,2,7,8,1:10-1:30,19.5233050000,41.8213125550
2025-11-10,3,23,25,3:50-4:20,45.5754000000,100.0798132900
2025-11-10,4,28,28,4:40-4:50,1.3519685714,2.9892025114
2025-11-10,5,41,42,6:50-7:10,2.5534919048,10.5751582586
2025-11-10,6,45,46,7:30-7:50,23.1815357143,93.2605439764
2025-11-10,7,48,50,8:00-8:30,14.9141947619,82.9285125562
2025-11-10,8,71,76,11:50-12:50,250.7132550000,571.2460115512
2025-11-10,9,82,82,13:40-13:50,10.0632780952,45.4155740438
2025-11-10,10,85,88,14:10-14:50,137.5056995238,694.9149339536
2025-11-10,11,92,98,15:20-16:30,225.5494223810,923.9779630129
2025-11-10,12,102,102,17:00-17:10,2.6581990476,12.5759396943
2025-11-10,13,105,105,17:30-17:40,9.8000340476,47.8241661524
2025-11-10,14,108,109,18:00-18:20,63.8675480952,399.2325788036
2025-11-10,15,111,113,18:30-19:00,20.1440566667,129.7624082048
2025-11-10,16,116,116,19:20-19:30,13.3705000000,90.1372257500
2025-11-10,17,119,121,19:50-20:20,24.6677633333,166.4098438900
2025-11-10,18,125,125,20:50-21:00,31.3266666667,146.1702266667
2025-11-10,19,128,131,21:20-22:00,76.8491083333,332.3182811650
2025-11-10,20,140,141,23:20-23:40,4.1151116667,8.6855200667
2025-11-11,1,1,1,0:10-0:20,7.6604700000,16.2593475750
2025-11-11,2,5,6,0:50-1:10,21.3716466667,45.8961175567
2025-11-11,3,10,11,1:40-2:00,17.0995850000,36.9360364025
2025-11-11,4,38,38,6:20-6:30,1.3736309524,6.0158167560
2025-11-11,5,41,44,6:50-7:30,23.1943742857,94.1427012814
2025-11-11,6,56,56,9:20-9:30,5.9200476190,28.7122309524
2025-11-11,7,80,80,13:20-13:30,6.7517023810,29.0930855595
2025-11-11,8,92,93,15:20-15:40,11.2610559524,41.4271963798
2025-11-11,9,95,96,15:50-16:10,5.5552816667,22.5118767611
2025-11-11,10,99,99,16:30-16:40,6.7110026190,30.2800438171
2025-11-11,11,103,103,17:10-17:20,9.7864090476,47.6695984710
2025-11-11,12,107,107,17:50-18:00,8.0490000000,49.5536685000
2025-11-11,13,110,110,18:20-18:30,4.7780000000,29.9700050000
2025-11-11,14,115,115,19:10-19:20,4.5306250000,30.4571265625
2025-11-11,15,118,119,19:40-20:00,8.1760416667,55.0920571875
2025-11-11,16,129,130,21:30-21:50,28.8470366667,136.7952643875
2025-11-11,17,133,133,22:10-22:20,3.7180800000,8.1202867200
2025-11-11,18,139,140,23:10-23:30,24.9093500000,52.7526803333
2025-11-11,19,143,143,23:50-24:00,9.6325000000,20.5942850000
2025-11-12,1,27,29,4:30-5:00,13.1846400000,29.0769811600
2025-11-12,2,32,32,5:20-5:30,6.7565000000,14.5298532500
2025-11-12,3,37,38,6:10-6:30,33.4071185714,146.3040708076
2025-11-12,4,41,41,6:50-7:00,5.8796428571,24.5004717857
2025-11-12,5,80,85,13:20-14:20,122.2965866667,567.0547312462
2025-11-12,6,96,96,16:00-16:10,1.1623814286,4.8070283979
2025-11-12,7,101,101,16:50-17:00,24.3294642857,112.6940785714
2025-11-12,8,110,110,18:20-18:30,7.0416666667,44.1688541667
2025-11-12,9,119,121,19:50-20:20,60.8044750000,409.7973494558
2025-11-12,10,130,130,21:40-21:50,6.3502116667,24.6515216900
2025-11-12,11,135,136,22:30-22:50,16.6424033333,35.0475153850
2025-11-13,1,5,6,0:50-1:10,17.4511233333,37.5841698450
2025-11-13,2,11,12,1:50-2:10,12.1733266667,26.1637731900
2025-11-13,3,24,24,4:00-4:10,9.8737250000,21.7271318625
2025-11-13,4,28,30,4:40-5:10,36.7208316667,80.4468915577
2025-11-13,5,35,35,5:50-6:00,2.0176666667,9.1793745000
2025-11-13,6,41,41,6:50-7:00,23.6593928571,98.5886900357
2025-11-13,7,73,77,12:10-13:00,291.2772278571,697.1894178682
2025-11-13,8,80,86,13:20-14:30,202.0349409524,982.5194151204
2025-11-13,9,88,91,14:40-15:20,79.9398366667,305.7489944152
2025-11-13,10,100,100,16:40-16:50,9.0276309524,41.3600912083
2025-11-13,11,102,105,17:00-17:40,38.8029626190,190.2817877560
2025-11-13,12,113,115,18:50-19:20,42.2217630952,284.6565910099
2025-11-13,13,117,119,19:30-20:00,6.9564116667,46.9116705800
2025-11-13,14,121,122,20:10-20:30,10.5853483333,71.3601662500
2025-11-13,15,132,132,22:00-22:10,0.3067866667,0.5919448733
2025-11-14,1,1,2,0:10-0:30,11.5385500000,24.5153603750
2025-11-14,2,11,12,1:50-2:10,20.4913816667,44.1545012475
2025-11-14,3,26,26,4:20-4:30,20.0355000000,43.7174610000
2025-11-14,4,93,94,15:30-15:50,24.6615364286,95.2676670277
2025-11-14,5,97,98,16:10-16:30,28.4329047619,124.3683348810
2025-11-14,6,112,112,18:40-18:50,1.5266692857,9.8325135346
2025-11-14,7,119,119,19:50-20:00,0.8415000000,5.6725515000
2025-11-14,8,127,127,21:10-21:20,11.0501183333,51.7753294508
2025-11-14,9,141,142,23:30-23:50,8.8740083333,18.9399238092
2025-11-15,1,5,5,0:50-1:00,1.7830000000,3.8200775000
2025-11-15,2,20,21,3:20-3:40,9.7048300000,21.1300774950
2025-11-15,3,23,25,3:50-4:20,69.9496000000,153.6580842433
2025-11-15,4,42,43,7:00-7:20,38.9142138095,155.9571183733
2025-11-15,5,60,60,10:00-10:10,16.1927333333,80.3078609667
2025-11-15,6,79,80,13:10-13:30,25.3194980952,107.7625284252
2025-11-15,7,95,95,15:50-16:00,19.3805952381,78.0553473214
2025-11-15,8,109,109,18:10-18:20,3.5211854762,21.9140978111
2025-11-15,9,119,122,19:50-20:30,45.3843450000,305.6256939892
2025-11-15,10,126,126,21:00-21:10,4.6216633333,20.9546215533
2025-11-15,11,137,138,22:50-23:10,18.5745666667,39.3829430167
2025-11-16,1,0,1,0:00-0:20,14.3038216667,30.3792322875
2025-11-16,2,4,5,0:40-1:00,26.9022200000,57.5606489767
2025-11-16,3,11,11,1:50-2:00,14.8451666667,31.9987567500
2025-11-16,4,27,27,4:30-4:40,0.4242000000,0.9317553000
2025-11-16,5,31,33,5:10-5:40,21.7486523810,46.3137339431
2025-11-16,6,35,35,5:50-6:00,17.7328333333,80.6755252500
2025-11-16,7,39,40,6:30-6:50,29.2583661905,125.0874727643
2025-11-16,8,50,50,8:20-8:30,12.5390119048,68.0178700774
2025-11-16,9,53,53,8:50-9:00,3.0481904762,15.7896266667
2025-11-16,10,59,69,9:50-11:40,477.9096911905,1753.4515454602
2025-11-16,11,100,101,16:40-17:00,59.3130576190,273.0521939936
2025-11-16,12,106,107,17:40-18:00,43.7732797619,267.5097316012
2025-11-16,13,123,124,20:30-20:50,35.1064333333,238.9317242567
2025-11-16,14,128,128,21:20-21:30,4.9763333333,23.3166098333
2025-11-16,15,138,139,23:00-23:20,20.2306700000,42.8995046800
2025-11-16,16,143,143,23:50-24:00,27.4298333333,58.6449836667
2025-11-17,1,5,6,0:50-1:10,83.3453783333,179.1817929975
2025-11-17,2,11,11,1:50-2:00,17.9621666667,38.7174502500
2025-11-17,3,17,17,2:50-3:00,4.8628333333,10.5936824167
2025-11-17,4,27,27,4:30-4:40,1.5914583333,3.4956382292
2025-11-17,5,30,31,5:00-5:20,26.6738545238,58.7831316523
2025-11-17,6,46,47,7:40-8:00,6.9879230952,33.2726317262
2025-11-17,7,56,57,9:20-9:40,42.1593119048,201.4678166690
2025-11-17,8,99,101,16:30-17:00,21.7915764286,99.8008797843
2025-11-17,9,114,114,19:00-19:10,0.2995992857,2.0257405704
2025-11-17,10,116,116,19:20-19:30,0.3913333333,2.6381736667
2025-11-17,11,123,123,20:30-20:40,14.6140683333,101.9477406933
2025-11-17,12,138,138,23:00-23:10,2.1005900000,4.4616531600
2025-11-18,1,6,8,1:00-1:30,24.2631600000,52.2052049175
2025-11-18,2,19,19,3:10-3:20,19.5260900000,42.6742696950
2025-11-18,3,24,25,4:00-4:20,34.3628383333,75.4443258625
2025-11-18,4,27,28,4:30-4:50,19.2260935714,42.3760987689
2025-11-18,5,69,75,11:30-12:40,232.8185226190,527.0023811652
2025-11-18,6,77,77,12:50-13:00,16.2161785714,67.1268711964
2025-11-18,7,80,80,13:20-13:30,6.4427976190,27.7620149405
2025-11-18,8,84,85,14:00-14:20,80.8616923810,404.0449217686
2025-11-18,9,88,88,14:40-14:50,24.9425407143,116.9306308686
2025-11-18,10,90,91,15:00-15:20,28.5304895238,101.0992533425
2025-11-18,11,96,97,16:00-16:20,3.6661280952,15.1686675369
2025-11-18,12,101,101,16:50-17:00,1.0161547619,4.7068288571
2025-11-18,13,114,114,19:00-19:10,0.6370371429,4.3073266414
2025-11-18,14,124,125,20:40-21:00,42.2510933333,226.9198613800
2025-11-18,15,131,131,21:50-22:00,7.3515000000,15.4712317500
2025-11-18,16,134,134,22:20-22:30,21.7971666667,45.7522528333
2025-11-18,17,136,137,22:40-23:00,39.4038600000,83.4851954633
2025-11-18,18,141,141,23:30-23:40,11.5578833333,24.5027126667
2025-11-19,1,4,5,0:40-1:00,35.5280100000,75.9331820217
2025-11-19,2,10,10,1:40-1:50,11.2357833333,24.3423245917
2025-11-19,3,14,14,2:20-2:30,7.5630000000,16.5138105000
2025-11-19,4,19,20,3:10-3:30,58.3605966667,127.3515390150
2025-11-19,5,23,23,3:50-4:00,6.0525000000,13.2489225000
2025-11-19,6,29,29,4:50-5:00,12.4115000000,27.2742712500
2025-11-19,7,34,35,5:40-6:00,74.1811971429,277.6522619790
2025-11-19,8,43,43,7:10-7:20,8.6846276190,34.6169256895
2025-11-19,9,51,52,8:30-8:50,26.1862473810,138.7086920060
2025-11-19,10,55,56,9:10-9:30,68.4501600000,335.8359174386
2025-11-19,11,58,58,9:40-9:50,6.3881497619,30.5641025358
2025-11-19,12,62,62,10:20-10:30,7.2505119048,34.6175690893
2025-11-19,13,68,68,11:20-11:30,1.3680833333,3.3018691250
2025-11-19,14,98,98,16:20-16:30,19.3952857143,85.2519783571
2025-11-19,15,114,114,19:00-19:10,13.9937721429,94.6188903439
2025-11-19,16,121,121,20:10-20:20,1.3719050000,9.1917635000
2025-11-19,17,124,126,20:40-21:10,74.3827883333,370.1607219567
2025-11-19,18,136,138,22:40-23:10,18.5974116667,39.4296984092
2025-11-19,19,142,143,23:40-24:00,25.2528033333,53.9507211017
2025-11-20,1,0,0,0:00-0:10,4.4628400000,9.4790721600
2025-11-20,2,9,9,1:30-1:40,3.7622916667,8.1115008333
2025-11-20,3,15,16,2:30-2:50,19.3564966667,41.9953157067
2025-11-20,4,21,22,3:30-3:50,21.5884550000,47.0202045133
2025-11-20,5,26,28,4:20-4:50,31.3699578571,69.0398219621
2025-11-20,6,32,33,5:20-5:40,18.2362207143,36.1656977561
2025-11-20,7,78,79,13:00-13:20,77.0687978571,329.1064304829
2025-11-20,8,82,85,13:40-14:20,50.2196100000,246.5066430462
2025-11-20,9,92,92,15:20-15:30,1.1127500000,4.0659885000
2025-11-20,10,101,101,16:50-17:00,26.2744166667,121.7030980000
2025-11-20,11,104,104,17:20-17:30,0.5890000000,2.9043590000
2025-11-20,12,108,109,18:00-18:20,37.0276680952,231.9422819500
2025-11-20,13,114,115,19:00-19:20,16.1726176190,109.0496426262
2025-11-20,14,124,124,20:40-20:50,7.6987950000,47.0627338350
2025-11-20,15,126,127,21:00-21:20,30.3320250000,140.5040845125
2025-11-20,16,135,135,22:30-22:40,5.7016316667,11.9335150783
2025-11-20,17,140,142,23:20-23:50,61.4225316667,130.2624278175
2025-11-21,1,9,10,1:30-1:50,17.2839566667,37.3289152133
2025-11-21,2,12,13,2:00-2:20,6.6981150000,14.4355487383
2025-11-21,3,15,17,2:30-3:00,43.4977316667,94.4182705992
2025-11-21,4,20,23,3:20-4:00,98.5267400000,214.6259736517
2025-11-21,5,27,28,4:30-4:50,17.1258940476,37.7294683001
2025-11-21,6,33,34,5:30-5:50,15.4226883333,35.0167595408
2025-11-21,7,43,44,7:10-7:30,8.4845602381,32.7513973471
2025-11-21,8,95,95,15:50-16:00,24.0321428571,96.7894553571
2025-11-21,9,106,107,17:40-18:00,7.7998471429,42.2317913376
2025-11-21,10,126,126,21:00-21:10,4.2851416667,19.4288323167
2025-11-21,11,129,130,21:30-21:50,37.8065066667,171.1848413900
2025-11-21,12,135,136,22:30-22:50,20.1308716667,42.2363445650
2025-11-21,13,141,141,23:30-23:40,4.6674700000,9.8950364000
2025-11-22,1,1,1,0:10-0:20,13.0673966667,27.7355494250
2025-11-22,2,3,4,0:30-0:50,7.9579600000,16.9947627575
2025-11-22,3,13,14,2:10-2:30,21.4962400000,46.8573558800
2025-11-22,4,17,18,2:50-3:10,26.0760850000,56.9162715617
2025-11-22,5,22,23,3:40-4:00,20.7319600000,45.2219798000
2025-11-22,6,29,29,4:50-5:00,9.9536666667,21.8731825000
2025-11-22,7,31,31,5:10-5:20,1.8798754762,4.1723836194
2025-11-22,8,35,36,5:50-6:10,9.7618266667,45.7052074400
2025-11-22,9,97,97,16:10-16:20,14.6023566667,62.1987382217
2025-11-22,10,99,100,16:30-16:50,9.2380564286,41.9595273849
2025-11-22,11,105,105,17:30-17:40,2.7214623810,13.2807364190
2025-11-22,12,111,112,18:30-18:50,15.6510600000,98.1532571601
2025-11-22,13,120,120,20:00-20:10,3.7135716667,25.0907469658
2025-11-22,14,134,134,22:20-22:30,18.6881666667,39.2264618333
2025-11-22,15,138,138,23:00-23:10,10.4968133333,22.2952315200
2025-11-23,1,0,0,0:00-0:10,5.7390033333,12.1896430800
2025-11-23,2,3,4,0:30-0:50,44.8799233333,95.8531204717
2025-11-23,3,17,17,2:50-3:00,4.4113333333,9.6100896667
2025-11-23,4,21,21,3:30-3:40,2.3232366667,5.0565246050
2025-11-23,5,25,26,4:10-4:30,23.9333116667,52.3738899525
2025-11-23,6,29,29,4:50-5:00,29.0765000000,63.8956087500
2025-11-23,7,32,34,5:20-5:50,43.5884128571,89.2273905318
2025-11-23,8,44,45,7:20-7:40,32.2025045238,117.1555975394
2025-11-23,9,47,49,7:50-8:20,44.2636602381,249.1993423543
2025-11-23,10,58,64,9:40-10:50,230.3694366667,1103.2152606170
2025-11-23,11,67,68,11:10-11:30,16.8895416667,40.9546918482
2025-11-23,12,109,110,18:10-18:30,38.8784121429,242.8817003044
2025-11-23,13,113,113,18:50-19:00,12.9311666667,87.0655451667
2025-11-23,14,124,124,20:40-20:50,3.6591600000,22.3684450800
2025-11-23,15,126,127,21:00-21:20,45.6846983333,211.0854619483
2025-11-24,1,0,1,0:00-0:20,45.1956316667,95.9676118150
2025-11-24,2,8,8,1:20-1:30,6.7066666667,14.3489133333
2025-11-24,3,19,19,3:10-3:20,7.6556650000,16.7314558575
2025-11-24,4,32,32,5:20-5:30,20.1698333333,43.3752265833
2025-11-24,5,35,37,5:50-6:20,32.8915402381,152.4945474860
2025-11-24,6,79,80,13:10-13:30,29.3275159524,125.8853099610
2025-11-24,7,86,86,14:20-14:30,1.0726547619,5.5086185298
2025-11-24,8,93,95,15:30-16:00,40.6737126190,156.7752850217
2025-11-24,9,105,105,17:30-17:40,2.1357828571,10.4226203429
2025-11-24,10,113,113,18:50-19:00,18.5875000000,125.1496375000
2025-11-24,11,118,121,19:40-20:20,44.8724816667,301.7588739442
2025-11-24,12,124,125,20:40-21:00,4.6093666667,26.8667999333
2025-11-24,13,136,139,22:40-23:20,73.1806733333,155.2873438833
2025-11-24,14,142,143,23:40-24:00,15.1953350000,32.4565787258
2025-11-25,1,13,14,2:10-2:30,40.2035300000,87.6308290267
2025-11-25,2,18,18,3:00-3:10,0.9001616667,1.9686535650
2025-11-25,3,22,25,3:40-4:20,36.6369300000,80.4699499575
2025-11-25,4,28,29,4:40-5:00,29.0428185714,63.9831818614
2025-11-25,5,45,46,7:30-7:50,19.2236811905,79.8636571865
2025-11-25,6,53,54,8:50-9:10,41.5660226190,212.9317932935
2025-11-25,7,66,68,11:00-11:30,61.3593547619,149.6504038036
2025-11-25,8,79,80,13:10-13:30,43.2962157143,186.2523518448
2025-11-25,9,104,105,17:20-17:40,10.2447361905,50.1006391095
2025-11-25,10,116,116,19:20-19:30,5.6601666667,38.1580135833
2025-11-25,11,122,123,20:20-20:40,9.6256600000,66.7635810767
2025-11-25,12,128,131,21:20-22:00,64.2685283333,289.5618621650
2025-11-25,13,140,141,23:20-23:40,25.1600300000,53.1942236000
2025-11-26,1,5,5,0:50-1:00,5.1356666667,11.0031658333
2025-11-26,2,14,16,2:20-2:50,36.9074666667,80.3713962450
2025-11-26,3,36,37,6:00-6:20,63.1506052381,286.8351155233
2025-11-26,4,43,43,7:10-7:20,8.7156726190,34.7406710595
2025-11-26,5,50,50,8:20-8:30,9.7369047619,52.8178398810
2025-11-26,6,63,63,10:30-10:40,21.1321492857,103.9596084111
2025-11-26,7,67,67,11:10-11:20,5.0970838095,12.7605493171
2025-11-26,8,70,72,11:40-12:10,49.5563052381,110.6148636429
2025-11-26,9,74,74,12:20-12:30,37.6370000000,83.9869655000
2025-11-26,10,78,80,13:00-13:30,49.5010014286,211.2012592829
2025-11-26,11,95,96,15:50-16:10,33.6629266667,137.4306179443
2025-11-26,12,109,109,18:10-18:20,0.6178850000,3.8454072975
2025-11-26,13,121,121,20:10-20:20,1.2530766667,8.3956136667
2025-11-26,14,139,140,23:10-23:30,32.3420550000,68.4336999333
2025-11-27,1,3,3,0:30-0:40,4.4251050000,9.4520242800
2025-11-27,2,9,9,1:30-1:40,5.4281966667,11.7031920133
2025-11-27,3,29,29,4:50-5:00,15.7378333333,34.5838887500
2025-11-27,4,38,38,6:20-6:30,14.4731666667,63.3852334167
2025-11-27,5,91,94,15:10-15:50,140.1877897619,514.2763668638
2025-11-27,6,96,98,16:00-16:30,50.6607338095,215.8871498036
2025-11-27,7,106,106,17:40-17:50,0.5748150000,3.0873313650
2025-11-27,8,110,110,18:20-18:30,16.5813333333,104.0064133333
2025-11-27,9,122,122,20:20-20:30,18.0210000000,121.5426345000
2025-11-27,10,132,132,22:00-22:10,9.6222216667,18.5660767058
2025-11-28,1,2,3,0:20-0:40,15.6110766667,33.3298105100
2025-11-28,2,7,7,1:10-1:20,1.0007466667,2.1526060800
2025-11-28,3,24,26,4:00-4:30,64.4185966667,141.4908030683
2025-11-28,4,29,29,4:50-5:00,16.4330000000,36.1115175000
2025-11-28,5,35,35,5:50-6:00,4.8930000000,22.2607035000
2025-11-28,6,47,47,7:50-8:00,20.8021309524,120.8291776369
2025-11-28,7,70,72,11:40-12:10,52.3018766667,115.8969286073
2025-11-28,8,90,90,15:00-15:10,17.9124711905,59.1111549286
2025-11-28,9,110,110,18:20-18:30,13.0413333333,81.8017633333
2025-11-28,10,113,118,18:50-19:50,68.6773880952,463.0423666485
2025-11-28,11,143,143,23:50-24:00,4.7823333333,10.2246286667
2025-11-29,1,11,11,1:50-2:00,17.5320000000,37.7902260000
2025-11-29,2,14,14,2:20-2:30,3.9815000000,8.6936052500
2025-11-29,3,21,22,3:30-3:50,8.1786566667,17.8275191342
2025-11-29,4,26,26,4:20-4:30,48.1896666667,105.1498526667
2025-11-29,5,37,37,6:10-6:20,5.7204019048,25.0496399410
2025-11-29,6,39,39,6:30-6:40,10.0182611905,43.0835322496
2025-11-29,7,44,44,7:20-7:30,9.9354761905,37.9733900000
2025-11-29,8,47,47,7:50-8:00,0.7394404762,4.2950400060
2025-11-29,9,64,86,10:40-14:30,1468.2125688095,4386.5718021018
2025-11-29,10,88,93,14:40-15:40,149.2072266667,545.2329905369
2025-11-29,11,119,119,19:50-20:00,7.2481666667,48.8598915000
2025-11-29,12,128,128,21:20-21:30,7.3200000000,34.2978600000
2025-11-29,13,132,132,22:00-22:10,2.7259783333,5.2597751942
2025-11-29,14,136,137,22:40-23:00,34.5559083333,73.2448616208
2025-11-29,15,141,142,23:30-23:50,86.2758566667,183.6439483842
2025-11-30,1,7,10,1:10-1:50,25.8512250000,55.7397248108
2025-11-30,2,21,23,3:30-4:00,40.1772416667,87.6530396042
2025-11-30,3,26,26,4:20-4:30,6.7235000000,14.6706770000
2025-11-30,4,33,33,5:30-5:40,19.1492700000,35.5506197550
2025-11-30,5,36,37,6:00-6:20,26.6657876190,117.9329423576
2025-11-30,6,40,41,6:40-7:00,29.3685792857,123.7549208079
2025-11-30,7,48,49,8:00-8:20,53.7514890476,301.2665913240
2025-11-30,8,54,55,9:00-9:20,50.6064614286,252.8786784329
2025-11-30,9,60,60,10:00-10:10,0.7452566667,3.6961004383
2025-11-30,10,67,67,11:10-11:20,2.7554511905,6.8982720554
2025-11-30,11,69,70,11:30-11:50,51.1559847619,120.7931807446
2025-11-30,12,72,73,12:00-12:20,83.1154930952,185.3575992882
2025-11-30,13,75,79,12:30-13:20,162.5195666667,625.0900282813
2025-11-30,14,83,83,13:50-14:00,22.4072500000,109.2801582500
2025-11-30,15,86,86,14:20-14:30,37.1715476190,190.8944827976
2025-11-30,16,88,89,14:40-15:00,67.4252164286,250.8849339386
2025-11-30,17,92,92,15:20-15:30,6.0359761905,22.0554570000
2025-11-30,18,96,96,16:00-16:10,3.2607180952,13.4846996829
2025-11-30,19,113,116,18:50-19:30,26.9445247619,181.5067659243
2025-11-30,20,122,122,20:20-20:30,1.8516666667,12.4885658333
2025-11-30,21,128,129,21:20-21:40,21.7886500000,105.3005070750
2025-11-30,22,132,132,22:00-22:10,3.6179350000,6.9808055825
2025-11-30,23,136,136,22:40-22:50,2.5446566667,5.3959444617
2025-11-30,24,138,140,23:00-23:30,10.0963033333,21.4115886067
2025-12-01,1,0,4,0:00-0:50,146.4653800000,311.3769252550
2025-12-01,2,8,64,1:20-10:50,3924.2665516667,14456.4600602092
2025-12-01,3,77,83,12:50-14:00,538.8674007143,2352.1389494225
2025-12-01,4,89,93,14:50-15:40,109.3334776190,388.8325733480
2025-12-01,5,106,108,17:40-18:10,31.0843757143,192.1068217521
2025-12-01,6,121,121,20:10-20:20,16.2840333333,109.1030233333
2025-12-01,7,126,127,21:00-21:20,24.8314016667,114.5205801217
2025-12-01,8,132,133,22:00-22:20,14.4463300000,30.1044408600
2025-12-01,9,136,136,22:40-22:50,12.2005766667,25.8713228217
2025-12-01,10,142,143,23:40-24:00,74.9127583333,160.1087808375
2025-12-02,1,0,0,0:00-0:10,24.6535066667,52.3640481600
2025-12-02,2,2,70,0:20-11:50,4598.6445476190,17014.4481457570
2025-12-02,3,73,76,12:10-12:50,58.1603466667,133.6304747092
2025-12-02,4,78,78,13:00-13:10,9.6650740476,41.7337897376
2025-12-02,5,81,82,13:30-13:50,20.1783728571,89.2725420839
2025-12-02,6,84,97,14:00-16:20,211.5006557143,972.5648640173
2025-12-02,7,101,104,16:50-17:30,63.1879790476,302.6524864505
2025-12-02,8,108,113,18:00-19:00,131.7992876190,840.9216488780
2025-12-02,9,116,119,19:20-20:00,45.4941416667,306.7124059258
2025-12-02,10,127,129,21:10-21:40,32.3907100000,152.3328921217
2025-12-02,11,131,131,21:50-22:00,5.5120000000,11.6000040000
2025-12-02,12,135,135,22:30-22:40,5.0207600000,10.5084506800
2025-12-02,13,138,141,23:00-23:40,16.2518733333,34.4222872467
2025-12-03,1,0,3,0:00-0:40,98.7108666667,210.2296089100
2025-12-03,2,6,50,1:00-8:30,1739.2834395238,5294.5865601254
2025-12-03,3,52,55,8:40-9:20,172.7256938095,882.2045717380
2025-12-03,4,57,58,9:30-9:50,83.8883016667,398.9457323892
2025-12-03,5,68,73,11:20-12:20,405.5687576190,932.6261788238
2025-12-03,6,75,77,12:30-13:00,219.7722102381,665.6862950739
2025-12-03,7,80,82,13:20-13:50,132.9633309524,582.7500221154
2025-12-03,8,86,88,14:20-14:50,101.2741702381,524.3918662988
2025-12-03,9,98,99,16:20-16:40,64.6502250000,287.0563014202
2025-12-03,10,105,107,17:30-18:00,14.8602623810,81.7523175276
2025-12-03,11,109,110,18:10-18:30,5.7996664286,36.1645390182
2025-12-03,12,115,115,19:10-19:20,5.0694233333,34.0791983583
2025-12-03,13,125,125,20:50-21:00,21.1871666667,98.8593196667
2025-12-03,14,129,132,21:30-22:10,45.8140883333,194.8131445300
2025-12-03,15,135,136,22:30-22:50,2.5547033333,5.4120131058
2025-12-03,16,141,142,23:30-23:50,41.6382516667,88.5738816508
2025-12-04,1,0,1,0:00-0:20,24.2325066667,51.4632370400
2025-12-04,2,4,9,0:40-1:40,95.4048216667,204.5052225417
2025-12-04,3,11,28,1:50-4:50,512.1801066667,1117.2362093083
2025-12-04,4,30,43,5:00-7:20,481.9213033333,1809.2029187085
2025-12-04,5,48,53,8:00-9:00,411.5418614286,2217.5877369046
2025-12-04,6,55,61,9:10-10:20,219.0154842857,1072.2942130669
2025-12-04,7,66,67,11:00-11:20,14.5619207143,36.2704337689
2025-12-04,8,94,96,15:40-16:10,53.4541171429,216.4130288462
2025-12-04,9,99,100,16:30-16:50,41.6333738095,188.8783088593
2025-12-04,10,102,103,17:00-17:20,50.6313195238,244.0980421338
2025-12-04,11,106,107,17:40-18:00,51.8708026190,299.2776775336
2025-12-04,12,119,119,19:50-20:00,25.0075000000,168.5755575000
2025-12-04,13,123,124,20:30-20:50,54.5006083333,364.2485776283
2025-12-04,14,131,133,21:50-22:20,12.7808966667,26.2372305508
2025-12-04,15,137,138,22:50-23:10,35.0677716667,74.2968104367
2025-12-04,16,140,140,23:20-23:30,28.2345000000,59.5747950000
2025-12-05,1,2,2,0:20-0:30,19.9071666667,42.4918472500
2025-12-05,2,6,7,1:00-1:20,60.7532383333,130.8422966400
2025-12-05,3,10,11,1:40-2:00,19.2552350000,41.5611007942
2025-12-05,4,15,17,2:30-3:00,38.1090750000,82.8676275417
2025-12-05,5,25,26,4:10-4:30,21.4519966667,46.8655504350
2025-12-05,6,29,30,4:50-5:10,57.3379923810,125.6733538267
2025-12-05,7,32,33,5:20-5:40,23.4810690476,50.0567336869
2025-12-05,8,37,37,6:10-6:20,7.8814419048,34.5128341010
2025-12-05,9,40,42,6:40-7:10,116.4463290476,483.9279183148
2025-12-05,10,45,47,7:30-8:00,82.9734688095,347.0611907418
2025-12-05,11,50,52,8:20-8:50,65.0389992857,344.4414052405
2025-12-05,12,80,80,13:20-13:30,12.3098333333,53.0430718333
2025-12-05,13,83,87,13:50-14:40,124.3203214286,634.7489470081
2025-12-05,14,94,94,15:40-15:50,7.2620809524,28.4056296452
2025-12-05,15,102,105,17:00-17:40,76.5114878571,371.0006460826
2025-12-05,16,107,108,17:50-18:10,6.8417252381,42.6381686912
2025-12-05,17,111,112,18:30-18:50,27.8994314286,175.2078825260
2025-12-05,18,117,118,19:30-19:50,25.8476383333,174.2307976683
2025-12-05,19,129,131,21:30-22:00,60.9832083333,212.0196121175
2025-12-05,20,134,135,22:20-22:40,53.7480983333,112.8005188117
2025-12-05,21,139,141,23:10-23:40,62.3272616667,131.5620314000
2025-12-05,22,143,143,23:50-24:00,27.9871666667,59.8365623333
2025-12-06,1,0,3,0:00-0:40,41.9655633333,89.3643870600
2025-12-06,2,5,6,0:50-1:10,56.7016683333,121.7843155925
2025-12-06,3,8,9,1:20-1:40,9.4233166667,20.2649019833
2025-12-06,4,11,13,1:50-2:20,86.8465066667,186.7054867883
2025-12-06,5,16,16,2:40-2:50,9.7270400000,21.0833592000
2025-12-06,6,19,24,3:10-4:10,92.7082133333,202.2541814500
2025-12-06,7,28,29,4:40-5:00,72.4378083333,159.5968957250
2025-12-06,8,41,42,6:50-7:10,34.3464073810,142.7225753705
2025-12-06,9,50,50,8:20-8:30,1.8960476190,10.2851103095
2025-12-06,10,56,58,9:20-9:50,107.7192230952,511.8996849250
2025-12-06,11,63,71,10:30-12:00,839.3919940476,2160.0293952195
2025-12-06,12,91,91,15:10-15:20,16.7387704762,60.4018532633
2025-12-06,13,96,100,16:00-16:50,122.0526404762,532.4106792004
2025-12-06,14,107,107,17:50-18:00,40.3596666667,248.4742878333
2025-12-06,15,110,110,18:20-18:30,13.9285000000,87.3665162500
2025-12-06,16,114,116,19:00-19:30,48.8584197619,329.1582711335
2025-12-06,17,121,121,20:10-20:20,9.1455250000,61.2750175000
2025-12-06,18,126,127,21:00-21:20,55.7812800000,257.0268903050
2025-12-06,19,131,132,21:50-22:10,45.5424166667,92.1189804583
2025-12-06,20,141,142,23:30-23:50,28.6591633333,61.0904803725
2025-12-07,1,2,5,0:20-1:00,79.9669183333,170.9340294750
2025-12-07,2,7,9,1:10-1:40,63.8974533333,137.1560042700
2025-12-07,3,12,15,2:00-2:40,32.8987600000,71.3022844883
2025-12-07,4,18,19,3:00-3:20,79.6478916667,174.1410393325
2025-12-07,5,27,27,4:30-4:40,10.9235283333,23.9935299842
2025-12-07,6,30,31,5:00-5:20,41.5143597619,91.2129681025
2025-12-07,7,35,35,5:50-6:00,29.1046666667,132.4116810000
2025-12-07,8,39,39,6:30-6:40,7.2020100000,30.9722440050
2025-12-07,9,43,43,7:10-7:20,2.6558226190,10.5861089595
2025-12-07,10,46,47,7:40-8:00,32.0076928571,145.7963270357
2025-12-07,11,64,64,10:40-10:50,16.3539359524,65.3339741298
2025-12-07,12,77,77,12:50-13:00,13.2411428571,54.8117108571
2025-12-07,13,88,90,14:40-15:10,2.3542233333,10.0766680624
2025-12-07,14,92,94,15:20-15:50,45.2097180952,171.8938292565
2025-12-07,15,99,99,16:30-16:40,1.3819478571,6.2353487314
2025-12-07,16,104,105,17:20-17:40,25.5754378571,125.0220817429
2025-12-07,17,108,109,18:00-18:20,17.2259026190,107.4335960896
2025-12-07,18,111,112,18:30-18:50,76.4260035714,482.1792634387
2025-12-07,19,115,116,19:10-19:30,32.4540133333,218.5239688000
2025-12-07,20,121,122,20:10-20:30,48.4323566667,325.8623760000
2025-12-07,21,133,134,22:10-22:30,21.1598750000,45.6528753333
2025-12-07,22,138,141,23:00-23:40,43.9395033333,92.9196526267
2025-12-08,1,13,13,2:10-2:20,11.3395900000,24.5161935800
2025-12-08,2,22,22,3:40-3:50,8.9038550000,19.4104039000
2025-12-08,3,33,33,5:30-5:40,9.8324764286,18.2539924896
2025-12-08,4,39,39,6:30-6:40,12.6632438095,54.4582800029
2025-12-08,5,66,67,11:00-11:20,26.9950988095,66.0089898661
2025-12-08,6,76,76,12:40-12:50,4.6256142857,13.1413701857
2025-12-08,7,79,79,13:10-13:20,28.1696097619,118.5377178781
2025-12-08,8,81,82,13:30-13:50,73.2100900000,322.8469318417
2025-12-08,9,101,101,16:50-17:00,1.0205476190,4.7271765714
2025-12-08,10,123,124,20:30-20:50,49.4537166667,339.6007510800
2025-12-08,11,133,134,22:10-22:30,27.3611333333,58.9639060333
2025-12-09,1,2,2,0:20-0:30,2.6388333333,5.6325897500
2025-12-09,2,4,6,0:40-1:10,22.5227166667,48.3844039417
2025-12-09,3,18,19,3:00-3:20,27.0777133333,59.1855267625
2025-12-09,4,32,32,5:20-5:30,18.7635000000,40.3509067500
2025-12-09,5,48,48,8:00-8:10,12.8710678571,75.1863428875
2025-12-09,6,88,89,14:40-15:00,9.3575669048,39.3703521138
2025-12-09,7,105,106,17:30-17:50,55.5330402381,283.4826431757
2025-12-09,8,109,110,18:10-18:30,14.6058900000,91.3542477483
2025-12-09,9,117,118,19:30-19:50,45.3930066667,306.0787197758
2025-12-09,10,122,123,20:20-20:40,23.3252416667,157.4481387833
2025-12-09,11,126,126,21:00-21:10,4.9922083333,22.6346725833
2025-12-09,12,135,136,22:30-22:50,20.7145666667,43.5329284292
2025-12-10,1,2,2,0:20-0:30,1.0273333333,2.1928430000
2025-12-10,2,7,7,1:10-1:20,4.7971050000,10.3185728550
2025-12-10,3,20,20,3:20-3:30,5.9361666667,12.9289710000
2025-12-10,4,37,37,6:10-6:20,20.0544652381,87.8185032776
2025-12-10,5,63,64,10:30-10:50,34.1287947619,160.3678887935
2025-12-10,6,66,66,11:00-11:10,1.8593021429,4.3340332950
2025-12-10,7,74,78,12:20-13:10,99.2548509524,294.0749302980
2025-12-10,8,93,95,15:30-16:00,26.2253050000,101.9615976486
2025-12-10,9,98,98,16:20-16:30,4.7997619048,21.0973534524
2025-12-10,10,100,100,16:40-16:50,7.6833340476,35.2011949392
2025-12-10,11,104,105,17:20-17:40,7.1615557143,35.1916618857
2025-12-10,12,108,108,18:00-18:10,0.8322188095,5.2267502332
2025-12-10,13,112,112,18:40-18:50,0.3700340476,2.3832042837
2025-12-10,14,114,115,19:00-19:20,13.7488630952,92.7779867535
2025-12-10,15,131,137,21:50-23:00,55.5338283333,117.3133686933
2025-12-10,16,143,143,23:50-24:00,2.0895000000,4.4673510000
2025-12-11,1,0,1,0:00-0:20,31.7118083333,67.3437072850
2025-12-11,2,70,71,11:40-12:00,58.5668783333,131.0872794069
2025-12-11,3,104,104,17:20-17:30,7.6061666667,37.5060078333
2025-12-11,4,116,116,19:20-19:30,39.3573333333,265.3274626667
2025-12-11,5,130,131,21:40-22:00,26.9902400000,76.0597104300
2025-12-11,6,133,134,22:10-22:30,61.0412166667,129.5691013667
2025-12-11,7,137,137,22:50-23:00,10.1245000000,21.4487532500
2025-12-12,1,8,9,1:20-1:40,14.4460366667,31.0355120533
2025-12-12,2,58,58,9:40-9:50,31.5169926190,150.7930511858
2025-12-12,3,66,78,11:00-13:10,452.8664330952,1141.9786523761
2025-12-12,4,101,101,16:50-17:00,7.9328809524,36.7451045714
2025-12-12,5,108,109,18:00-18:20,9.6233414286,60.0264952657
2025-12-12,6,120,121,20:00-20:20,25.2495633333,169.3724012042
2025-12-12,7,123,126,20:30-21:10,36.4706150000,189.8329637367
2025-12-12,8,132,133,22:00-22:20,62.7822283333,127.6368402433
2025-12-12,9,137,138,22:50-23:10,19.0099900000,40.3092690100
2025-12-13,1,3,4,0:30-0:50,29.9187700000,63.9008888258
2025-12-13,2,7,7,1:10-1:20,1.3138200000,2.8260268200
2025-12-13,3,36,36,6:00-6:10,27.9026328571,130.6959323029
2025-12-13,4,83,84,13:50-14:10,31.6967764286,156.6197133955
2025-12-13,5,101,101,16:50-17:00,6.6862261905,30.9705997143
2025-12-13,6,108,109,18:00-18:20,55.5149819048,347.1773322293
2025-12-13,7,123,123,20:30-20:40,0.0144700000,0.1009427200
2025-12-13,8,125,125,20:50-21:00,0.9041666667,4.2188416667
2025-12-13,9,129,130,21:30-21:50,20.0165433333,98.4495834392
2025-12-13,10,140,140,23:20-23:30,2.2053333333,4.6532533333
2025-12-14,1,61,62,10:10-10:30,58.9792590476,281.8980785350
2025-12-14,2,65,66,10:50-11:10,86.3820783333,216.1187715236
2025-12-14,3,94,94,15:40-15:50,17.2118554762,67.3241726951
2025-12-14,4,103,104,17:10-17:30,21.5939785714,105.3117496214
2025-12-14,5,119,120,19:50-20:10,46.9541733333,316.9793573767
2025-12-14,6,130,130,21:40-21:50,1.5314933333,5.9452571200
2025-12-15,1,60,60,10:00-10:10,4.8640007143,24.1230115425
2025-12-15,2,66,68,11:00-11:30,82.1219990476,199.8799026264
2025-12-15,3,103,105,17:10-17:40,48.0511026190,235.2175284674
2025-12-15,4,134,135,22:20-22:40,13.9197383333,29.1591123317
2025-12-15,5,140,140,23:20-23:30,5.6051666667,11.8269016667
2025-12-16,1,70,70,11:40-11:50,2.9806011905,6.9477813750
2025-12-16,2,105,105,17:30-17:40,2.3109752381,11.2775591619
2025-12-16,3,108,108,18:00-18:10,0.3186266667,2.0011347800
2025-12-16,4,132,132,22:00-22:10,4.1541366667,8.0154066983
2025-12-16,5,138,139,23:00-23:20,17.2156033333,36.5243410067
2025-12-16,6,143,143,23:50-24:00,19.2728333333,41.2053176667
2025-12-17,1,31,31,5:10-5:20,2.1980650000,4.8786052675
2025-12-17,2,33,33,5:30-5:40,5.6599340476,10.5076675594
2025-12-17,3,40,40,6:40-6:50,8.2360500000,34.7643670500
2025-12-17,4,106,106,17:40-17:50,2.5024742857,13.4407893886
2025-12-17,5,110,111,18:20-18:40,36.0175383333,225.7951609217
2025-12-17,6,123,123,20:30-20:40,25.4424666667,177.4866474667
2025-12-17,7,127,128,21:10-21:30,44.2948083333,207.5433244458
2025-12-17,8,141,141,23:30-23:40,3.6358666667,7.7080373333
2025-12-18,1,2,3,0:20-0:40,12.5196183333,26.7418797600
2025-12-18,2,10,11,1:40-2:00,50.5733633333,109.0116274950
2025-12-18,3,17,18,2:50-3:10,22.0780966667,48.2610214933
2025-12-18,4,26,26,4:20-4:30,2.2023333333,4.8054913333
2025-12-18,5,117,117,19:30-19:40,3.7470666667,25.2739646667
2025-12-18,6,125,126,20:50-21:10,14.1112500000,65.1153435000
2025-12-18,7,132,133,22:00-22:20,8.9890700000,17.6620931592
2025-12-18,8,136,136,22:40-22:50,3.4348716667,7.2836453692
2025-12-19,1,4,5,0:40-1:00,10.3990866667,22.2171160767
2025-12-19,2,11,11,1:50-2:00,11.9565000000,25.7722357500
2025-12-19,3,89,89,14:50-15:00,0.9797738095,3.2793029405
2025-12-19,4,100,100,16:40-16:50,3.2012478571,14.6665170575
2025-12-19,5,111,112,18:30-18:50,35.9019066667,229.7273893300
2025-12-19,6,122,122,20:20-20:30,35.4115000000,238.8328617500
2025-12-19,7,127,128,21:10-21:30,27.1098950000,127.0234130225
2025-12-19,8,135,135,22:30-22:40,5.9772766667,12.5104400633
2025-12-19,9,138,138,23:00-23:10,10.7170183333,22.7629469400
2025-12-19,10,142,142,23:40-23:50,13.0448800000,27.8573412400
2025-12-20,1,10,10,1:40-1:50,8.3925516667,18.1824631858
2025-12-20,2,103,105,17:10-17:40,20.2525828571,99.4477052821
2025-12-20,3,114,114,19:00-19:10,5.3975066667,36.4952413267
2025-12-20,4,118,118,19:40-19:50,4.3842883333,29.5347583575
2025-12-20,5,130,130,21:40-21:50,7.4846050000,29.0552366100
2025-12-20,6,136,137,22:40-23:00,7.0043850000,14.8436510592
2025-12-21,1,18,18,3:00-3:10,4.5898050000,10.0379035350
2025-12-21,2,21,22,3:30-3:50,44.9366800000,97.9236396575
2025-12-21,3,63,68,10:30-11:30,187.5625314286,514.7187050598
2025-12-21,4,92,92,15:20-15:30,1.2896666667,4.7124420000
2025-12-21,5,112,113,18:40-19:00,10.5707226190,70.5440277780
2025-12-21,6,118,119,19:40-20:00,46.2701466667,311.8834412700
2025-12-22,1,0,0,0:00-0:10,4.5109133333,9.5811799200
2025-12-22,2,14,14,2:20-2:30,11.0408333333,24.1076595833
2025-12-22,3,103,103,17:10-17:20,9.2338257143,44.9779650543
2025-12-22,4,107,108,17:50-18:10,29.1833533333,180.9281492767
2025-12-22,5,115,115,19:10-19:20,8.4355400000,56.7079176500
2025-12-22,6,118,120,19:40-20:10,13.0748966667,88.2013465950
2025-12-22,7,125,128,20:50-21:30,25.6163100000,119.0737190150
2025-12-23,1,105,106,17:30-17:50,7.5759111905,39.8994651407
2025-12-23,2,121,122,20:10-20:30,9.2667500000,62.2834700000
2025-12-23,3,129,130,21:30-21:50,13.5137400000,59.8509344042
2025-12-23,4,134,134,22:20-22:30,4.5561666667,9.5633938333
2025-12-24,1,0,1,0:00-0:20,18.5921250000,39.4793619650
2025-12-24,2,59,59,9:50-10:00,0.5581071429,2.7841174821
2025-12-24,3,79,79,13:10-13:20,11.5891140476,48.7669919124
2025-12-24,4,81,81,13:30-13:40,8.6767128571,37.4096474836
2025-12-24,5,101,102,16:50-17:10,35.9485957143,168.1781902886
2025-12-24,6,107,107,17:50-18:00,14.1360000000,87.0282840000
2025-12-24,7,112,113,18:40-19:00,30.2217611905,200.9522829473
2025-12-24,8,117,118,19:30-19:50,12.5968516667,84.9142827400
2025-12-24,9,121,122,20:10-20:30,5.2832950000,35.4275800000
2025-12-24,10,136,136,22:40-22:50,6.8220516667,14.4661605592
2025-12-25,1,6,7,1:00-1:20,39.9967766667,86.0558023275
2025-12-25,2,23,24,3:50-4:10,2.2521916667,4.9517061792
2025-12-25,3,29,29,4:50-5:00,12.2010000000,26.8116975000
2025-12-25,4,71,73,11:50-12:20,141.9094378571,316.4531386856
2025-12-25,5,106,107,17:40-18:00,2.4919985714,14.1879599105
2025-12-25,6,114,114,19:00-19:10,10.6956366667,72.3185473217
2025-12-25,7,117,119,19:30-20:00,50.2240550000,338.4398400467
2025-12-25,8,124,124,20:40-20:50,0.0851200000,0.5203385600
2025-12-25,9,140,142,23:20-23:50,45.4692566667,96.4733330242
2025-12-26,1,1,1,0:10-0:20,5.2507666667,11.1447522500
2025-12-26,2,20,20,3:20-3:30,9.1821666667,19.9987590000
2025-12-26,3,75,76,12:30-12:50,54.4845383333,128.6794278221
2025-12-26,4,86,89,14:20-15:00,52.6708038095,242.8796308852
2025-12-26,5,96,97,16:00-16:20,20.4878019048,85.8236751048
2025-12-26,6,108,109,18:00-18:20,11.0586642857,69.0830752421
2025-12-26,7,135,135,22:30-22:40,3.7415750000,7.8311164750
2025-12-26,8,139,139,23:10-23:20,0.6842116667,1.4505287333
2025-12-27,1,21,21,3:30-3:40,15.6771550000,34.1213278575
2025-12-27,2,82,83,13:40-14:00,17.0043535714,80.0540183345
2025-12-27,3,101,101,16:50-17:00,7.6055833333,35.2290620000
2025-12-27,4,103,104,17:10-17:30,16.3467554762,80.4408259245
2025-12-27,5,107,107,17:50-18:00,20.6233333333,126.9675516667
2025-12-27,6,111,112,18:30-18:50,29.4099688095,187.5660621952
2025-12-27,7,122,123,20:20-20:40,7.0348400000,48.0480712567
2025-12-27,8,134,135,22:20-22:40,39.1674116667,82.0616706183
2025-12-28,1,0,1,0:00-0:20,28.9942000000,61.5514762525
2025-12-28,2,24,24,4:00-4:10,3.8465300000,8.4642892650
2025-12-28,3,44,44,7:20-7:30,4.1361190476,15.8082470000
2025-12-28,4,69,69,11:30-11:40,2.7193426190,6.5060272161
2025-12-28,5,105,107,17:30-18:00,43.9187016667,233.3092075167
2025-12-28,6,110,110,18:20-18:30,22.7606666667,142.7662816667
2025-12-28,7,122,122,20:20-20:30,20.4380000000,137.8440910000
2025-12-28,8,126,128,21:00-21:30,19.7125466667,91.3507474942
2025-12-29,1,17,17,2:50-3:00,18.4521666667,40.1980450833
2025-12-29,2,77,77,12:50-13:00,12.3764523810,51.2323246310
2025-12-29,3,97,98,16:10-16:30,44.8592709524,196.0576770979
2025-12-29,4,101,101,16:50-17:00,5.5948333333,25.9152680000
2025-12-29,5,116,116,19:20-19:30,4.8565000000,32.7400947500
2025-12-29,6,119,120,19:50-20:10,10.9694716667,74.0330155658
2025-12-29,7,125,125,20:50-21:00,1.1730000000,5.4732180000
2025-12-29,8,128,128,21:20-21:30,21.4678333333,100.5875330833
2025-12-29,9,135,135,22:30-22:40,10.0705033333,21.0775634767
2025-12-29,10,143,143,23:50-24:00,13.5766666667,29.0269133333
2025-12-30,1,8,8,1:20-1:30,2.2436666667,4.8003248333
2025-12-30,2,54,55,9:00-9:20,7.6295988095,38.4843378190
2025-12-30,3,95,95,15:50-16:00,9.9526071429,40.0841252679
2025-12-30,4,119,119,19:50-20:00,5.7253333333,38.5944720000
2025-12-30,5,129,129,21:30-21:40,3.3230633333,16.4009790817
2025-12-30,6,133,133,22:10-22:20,5.4688016667,11.9438628400
2025-12-31,1,9,10,1:30-1:50,42.6000783333,92.1015761692
2025-12-31,2,29,29,4:50-5:00,11.6180000000,25.5305550000
2025-12-31,3,58,59,9:40-10:00,31.1999854762,151.9254016537
2025-12-31,4,61,61,10:10-10:20,12.3811647619,59.3553038686
2025-12-31,5,65,65,10:50-11:00,6.4770238095,16.2735223214
2025-12-31,6,68,68,11:20-11:30,4.5770833333,11.0467906250
2025-12-31,7,88,88,14:40-14:50,17.5364097619,82.2106889638
2025-12-31,8,96,96,16:00-16:10,7.7477790476,32.0409402514
2025-12-31,9,110,110,18:20-18:30,13.8068333333,86.6033620833
2025-12-31,10,116,117,19:20-19:40,30.7637616667,207.4085091917
2025-12-31,11,120,120,20:00-20:10,12.1805266667,82.2977284233
2025-12-31,12,124,124,20:40-20:50,1.6176300000,9.8885721900
2025-12-31,13,126,127,21:00-21:20,39.4137400000,181.5148383125
2025-12-31,14,131,132,21:50-22:10,25.7173116667,49.7923820275
2025-12-31,15,142,143,23:40-24:00,58.5409516667,125.1382643675
